/*
 * Logo image data - RGB565 Little-endian format
 * Size: 240 x 240 pixels
 * Format: RGB565, Little-endian, Color Invert enabled
 */

#ifndef LOGO_DATA_H
#define LOGO_DATA_H

#define LOGO_WIDTH  240
#define LOGO_HEIGHT 240
#define LOGO_SIZE   (240 * 240 * 2)

const uint8_t logo_data[] = {
 0xC7,0x08, 0xC7,0x08, 0xC8,0x08, 0xC8,0x08, 0xC8,0x08, 0xC8,0x00, 0xC8,0x00, 0xC8,0x00, 0xC8,0x00, 0xC8,0x00, 0xC8,0x08, 0xC8,0x08,
 0xE9,0x08, 0xC8,0x08, 0xC8,0x00, 0xE8,0x00, 0xE9,0x00, 0x09,0x01, 0xE9,0x00, 0xE9,0x00, 0x09,0x09, 0x09,0x09, 0x09,0x09, 0x09,0x09,
 0x09,0x01, 0x29,0x01, 0x29,0x01, 0x2A,0x09, 0x2A,0x01, 0x4A,0x01, 0x4A,0x09, 0x4A,0x09, 0x4A,0x01, 0x4A,0x09, 0x4B,0x01, 0x4B,0x01,
 0x6B,0x09, 0x6B,0x01, 0x6B,0x01, 0x6B,0x09, 0x6C,0x09, 0x8C,0x01, 0x8C,0x09, 0x8C,0x09, 0x8C,0x09, 0x8C,0x09, 0xAC,0x09, 0xAC,0x09,
 0xAC,0x09, 0xAC,0x09, 0xAC,0x09, 0xCC,0x01, 0xCD,0x09, 0xCD,0x09, 0xED,0x09, 0xED,0x09, 0xCD,0x09, 0x4F,0x12, 0x90,0x12, 0xCD,0x01,
 0xEE,0x09, 0xF2,0x12, 0x2E,0x0A, 0x0E,0x0A, 0x0F,0x0A, 0xB1,0x12, 0x12,0x13, 0x0F,0x0A, 0x4F,0x0A, 0x70,0x0A, 0x74,0x1B, 0x50,0x0A,
 0x70,0x0A, 0x70,0x0A, 0x70,0x0A, 0x91,0x0A, 0x91,0x0A, 0xB5,0x1B, 0xB2,0x0A, 0x91,0x0A, 0x13,0x13, 0xF6,0x1B, 0xB2,0x0A, 0xD2,0x12,
 0xD3,0x12, 0xD3,0x0A, 0xF3,0x0A, 0xF3,0x0A, 0xF3,0x0A, 0x14,0x13, 0xF3,0x0A, 0x54,0x0B, 0x7A,0x25, 0xB5,0x13, 0x14,0x13, 0x34,0x13,
 0x35,0x0B, 0x55,0x0B, 0x55,0x0B, 0x75,0x13, 0x76,0x13, 0x76,0x13, 0x76,0x13, 0x96,0x13, 0x96,0x13, 0x96,0x0B, 0x96,0x13, 0x96,0x13,
 0xB7,0x13, 0xB7,0x0B, 0xB7,0x13, 0xB7,0x0B, 0xD7,0x0B, 0xD7,0x13, 0xD7,0x13, 0xD7,0x13, 0xD7,0x13, 0xF7,0x13, 0xF7,0x13, 0xF7,0x13,
 0xF7,0x13, 0xD7,0x13, 0xD7,0x13, 0xD7,0x13, 0xD7,0x0B, 0xD7,0x13, 0xD7,0x13, 0xD7,0x13, 0xB7,0x13, 0xB7,0x13, 0xB7,0x0B, 0xB7,0x13,
 0x97,0x13, 0x96,0x13, 0x96,0x13, 0x96,0x13, 0x96,0x13, 0x76,0x13, 0x75,0x13, 0x75,0x13, 0x55,0x13, 0x55,0x13, 0x55,0x13, 0x14,0x13,
 0xF8,0x24, 0xB6,0x13, 0x14,0x13, 0x14,0x13, 0xF9,0x24, 0x54,0x13, 0xD3,0x12, 0x34,0x13, 0xB8,0x24, 0xD3,0x12, 0xB2,0x12, 0x54,0x13,
 0x57,0x1C, 0x92,0x12, 0x92,0x12, 0x74,0x1B, 0xB5,0x1B, 0x71,0x12, 0x71,0x12, 0x95,0x1B, 0x33,0x1B, 0x51,0x12, 0x51,0x12, 0x95,0x23,
 0xD2,0x1A, 0x51,0x1A, 0x30,0x12, 0x13,0x1B, 0xF3,0x1A, 0x30,0x12, 0x51,0x1A, 0x30,0x12, 0x10,0x1A, 0x10,0x12, 0x10,0x1A, 0x10,0x1A,
 0xF0,0x19, 0x10,0x1A, 0xF0,0x19, 0xF0,0x19, 0xF0,0x19, 0xEF,0x19, 0xD0,0x19, 0xD0,0x19, 0xD0,0x19, 0xAF,0x19, 0xAF,0x19, 0xAF,0x19,
 0xAF,0x19, 0xAF,0x19, 0xAF,0x19, 0x8F,0x21, 0x8F,0x21, 0x6E,0x19, 0x6E,0x21, 0x6E,0x21, 0x6E,0x21, 0x4E,0x21, 0x6E,0x21, 0x6E,0x21,
 0x4D,0x21, 0x8E,0x21, 0x11,0x2A, 0x6E,0x21, 0x4E,0x21, 0x4D,0x21, 0x2D,0x19, 0xF0,0x29, 0x8F,0x21, 0x2D,0x21, 0x2D,0x21, 0x2D,0x21,
 0xAF,0x29, 0x2D,0x21, 0x0D,0x21, 0x0D,0x21, 0x0D,0x21, 0x0D,0x21, 0xED,0x20, 0xEC,0x20, 0xEC,0x20, 0xEC,0x20, 0xEC,0x20, 0xEC,0x20,
 0xEC,0x20, 0xEC,0x20, 0xCC,0x20, 0xCC,0x20, 0xCC,0x20, 0xCB,0x20, 0xCB,0x20, 0xCB,0x20, 0xCB,0x20, 0xCB,0x20, 0xCB,0x20, 0xCB,0x20,

 0xC7,0x08, 0xC7,0x08, 0xC8,0x08, 0xC8,0x08, 0xC8,0x08, 0xC8,0x00, 0xC8,0x00, 0xC8,0x00, 0xC8,0x00, 0xC8,0x00, 0xC8,0x08, 0xC8,0x08,
 0xE8,0x08, 0xC8,0x08, 0xC8,0x00, 0xE8,0x00, 0xE9,0x00, 0x09,0x01, 0xE9,0x00, 0xE9,0x00, 0x09,0x09, 0x09,0x09, 0x09,0x09, 0x09,0x09,
 0x09,0x01, 0x29,0x01, 0x29,0x01, 0x2A,0x01, 0x4A,0x01, 0x4A,0x01, 0x4A,0x09, 0x4A,0x09, 0x4A,0x09, 0x4A,0x01, 0x4A,0x01, 0x4A,0x01,
 0x6B,0x01, 0x6B,0x01, 0x6B,0x01, 0x6B,0x09, 0x6C,0x09, 0x6C,0x01, 0x8C,0x01, 0x8C,0x09, 0x8C,0x01, 0x8C,0x01, 0xAC,0x09, 0xAC,0x09,
 0xAC,0x09, 0xAC,0x09, 0xAD,0x09, 0xAD,0x09, 0xCD,0x09, 0xED,0x09, 0xED,0x09, 0xED,0x09, 0xCD,0x09, 0x4F,0x12, 0x90,0x12, 0xCD,0x09,
 0xED,0x09, 0xF2,0x12, 0x2E,0x0A, 0x0E,0x0A, 0x0F,0x0A, 0x91,0x12, 0x12,0x13, 0x0F,0x0A, 0x2F,0x0A, 0x70,0x0A, 0x74,0x1B, 0x50,0x0A,
 0x50,0x0A, 0x70,0x0A, 0x70,0x0A, 0x91,0x0A, 0x91,0x0A, 0xB5,0x1B, 0xB1,0x0A, 0x91,0x0A, 0x13,0x13, 0xF6,0x1B, 0x92,0x0A, 0xD2,0x12,
 0xD3,0x0A, 0xD3,0x0A, 0xF3,0x12, 0xF3,0x0A, 0xF3,0x0A, 0xD3,0x0A, 0x54,0x0B, 0x59,0x25, 0xD5,0x13, 0xF3,0x0A, 0x34,0x0B, 0x34,0x0B,
 0x35,0x0B, 0x55,0x0B, 0x55,0x0B, 0x55,0x0B, 0x75,0x13, 0x75,0x13, 0x75,0x13, 0x76,0x13, 0x96,0x0B, 0x96,0x0B, 0x96,0x0B, 0x96,0x13,
 0x96,0x13, 0xB6,0x0B, 0xB6,0x13, 0xB7,0x0B, 0xB7,0x0B, 0xB7,0x0B, 0xD7,0x0B, 0xD7,0x0B, 0xD7,0x13, 0xD7,0x13, 0xD7,0x0B, 0xD7,0x13,
 0xD7,0x13, 0xD7,0x13, 0xD7,0x13, 0xD7,0x13, 0xD7,0x0B, 0xD7,0x13, 0xD7,0x0B, 0xD7,0x0B, 0xB7,0x0B, 0xB7,0x0B, 0x97,0x0B, 0x97,0x13,
 0x96,0x13, 0x96,0x13, 0x96,0x13, 0x96,0x13, 0x76,0x13, 0x75,0x13, 0x75,0x13, 0x75,0x13, 0x55,0x13, 0x55,0x13, 0x55,0x13, 0x14,0x0B,
 0xF9,0x24, 0xB6,0x13, 0xF4,0x12, 0x14,0x0B, 0xF9,0x24, 0x54,0x13, 0xD3,0x12, 0x34,0x13, 0xD8,0x24, 0xD3,0x12, 0xB2,0x12, 0x54,0x13,
 0x57,0x1C, 0x92,0x12, 0x92,0x12, 0x74,0x1B, 0xB5,0x1B, 0x71,0x12, 0x71,0x12, 0x95,0x1B, 0x33,0x1B, 0x51,0x12, 0x51,0x12, 0x95,0x23,
 0xF3,0x1A, 0x51,0x1A, 0x30,0x12, 0x13,0x1B, 0xF3,0x1A, 0x10,0x12, 0x31,0x1A, 0x30,0x1A, 0x30,0x1A, 0x10,0x12, 0x10,0x12, 0x10,0x1A,
 0x10,0x1A, 0xF0,0x19, 0xF0,0x19, 0xF0,0x19, 0xEF,0x19, 0xCF,0x19, 0xCF,0x19, 0xD0,0x19, 0xD0,0x19, 0xAF,0x19, 0xAF,0x19, 0xAF,0x21,
 0xAF,0x21, 0xAF,0x21, 0xAF,0x21, 0x8F,0x19, 0x8E,0x19, 0x8E,0x19, 0x6E,0x19, 0x6E,0x19, 0x6E,0x21, 0x6E,0x21, 0x6E,0x21, 0x4D,0x21,
 0x8E,0x21, 0x31,0x2A, 0x6E,0x21, 0x2D,0x21, 0x4D,0x21, 0x2D,0x21, 0xF0,0x29, 0xAF,0x21, 0x0D,0x21, 0x2D,0x21, 0x2D,0x21, 0xB0,0x29,
 0x2E,0x21, 0x0D,0x21, 0x0D,0x21, 0x0D,0x21, 0x0D,0x21, 0x0D,0x21, 0xEC,0x20, 0xED,0x20, 0xEC,0x20, 0xEC,0x20, 0xEC,0x20, 0xEC,0x20,
 0xEC,0x20, 0xEC,0x20, 0xCC,0x20, 0xCC,0x20, 0xCC,0x20, 0xCB,0x20, 0xCB,0x20, 0xCB,0x20, 0xCB,0x20, 0xCB,0x20, 0xCB,0x20, 0xCB,0x20,

 0xA7,0x08, 0xC8,0x08, 0xC8,0x08, 0xA8,0x00, 0xA8,0x00, 0xC8,0x00, 0xC8,0x00, 0xC8,0x00, 0xC8,0x08, 0xC8,0x00, 0xC8,0x08, 0xC8,0x08,
 0xC8,0x08, 0xC8,0x00, 0xC8,0x00, 0xC8,0x00, 0xE8,0x00, 0x09,0x01, 0xE9,0x00, 0xE9,0x08, 0x09,0x09, 0x09,0x09, 0x09,0x09, 0x09,0x09,
 0x09,0x01, 0x29,0x01, 0x09,0x09, 0x2A,0x01, 0x4A,0x01, 0x4A,0x01, 0x4A,0x01, 0x4A,0x01, 0x4A,0x01, 0x4A,0x01, 0x4B,0x01, 0x4B,0x01,
 0x6B,0x09, 0x6B,0x01, 0x6B,0x09, 0x6B,0x01, 0x6B,0x01, 0x8C,0x01, 0x8C,0x01, 0x8C,0x01, 0x8C,0x01, 0x8C,0x01, 0xAC,0x09, 0xAD,0x09,
 0xAC,0x01, 0xAD,0x01, 0xCD,0x09, 0xCD,0x01, 0xCD,0x09, 0xED,0x09, 0xCD,0x09, 0xED,0x09, 0xCD,0x09, 0x4F,0x12, 0x90,0x12, 0xCD,0x09,
 0xED,0x09, 0xF2,0x12, 0x2F,0x0A, 0x0E,0x0A, 0x0F,0x0A, 0x91,0x12, 0x12,0x1B, 0x0E,0x0A, 0x4F,0x0A, 0x70,0x0A, 0x74,0x1B, 0x50,0x0A,
 0x70,0x0A, 0x70,0x0A, 0x70,0x0A, 0x71,0x0A, 0x91,0x0A, 0xB5,0x1B, 0xB1,0x0A, 0x91,0x0A, 0x13,0x13, 0x16,0x1C, 0x91,0x0A, 0xD2,0x12,
 0xD2,0x12, 0xF2,0x0A, 0xF3,0x0A, 0x13,0x0B, 0xF3,0x0A, 0x34,0x0B, 0xF8,0x24, 0xB5,0x13, 0xD2,0x12, 0x34,0x13, 0x34,0x13, 0x34,0x13,
 0x34,0x0B, 0x55,0x13, 0x55,0x13, 0x55,0x0B, 0x75,0x13, 0x75,0x13, 0x75,0x13, 0x75,0x0B, 0x75,0x13, 0x96,0x13, 0x96,0x0B, 0x96,0x0B,
 0x96,0x13, 0xB6,0x13, 0x96,0x0B, 0xB7,0x0B, 0xB7,0x13, 0xB7,0x0B, 0xB7,0x0B, 0xD7,0x0B, 0xD7,0x0B, 0xD7,0x0B, 0xD7,0x0B, 0xD7,0x13,
 0xD7,0x13, 0xD7,0x13, 0xD7,0x13, 0xD7,0x13, 0xD7,0x13, 0xB7,0x13, 0xB7,0x0B, 0xB7,0x0B, 0xB7,0x13, 0xB7,0x0B, 0x96,0x0B, 0x96,0x13,
 0x96,0x13, 0x96,0x13, 0x96,0x13, 0x75,0x13, 0x75,0x13, 0x75,0x13, 0x75,0x13, 0x55,0x13, 0x55,0x13, 0x55,0x13, 0x55,0x13, 0x14,0x0B,
 0xF9,0x24, 0xB6,0x13, 0xF4,0x12, 0x14,0x13, 0xF9,0x24, 0x54,0x13, 0xD3,0x12, 0x34,0x13, 0xB8,0x24, 0xD3,0x12, 0xB3,0x12, 0x54,0x13,
 0x57,0x24, 0x92,0x12, 0x92,0x12, 0x74,0x1B, 0xB5,0x23, 0x71,0x12, 0x71,0x12, 0x95,0x1B, 0x34,0x1B, 0x51,0x12, 0x51,0x12, 0x95,0x23,
 0xF3,0x1A, 0x51,0x12, 0x30,0x12, 0x13,0x1B, 0x13,0x1B, 0x10,0x12, 0x31,0x12, 0x31,0x12, 0x30,0x12, 0x10,0x12, 0x10,0x12, 0x10,0x1A,
 0x10,0x1A, 0xF0,0x11, 0xF0,0x19, 0xF0,0x19, 0xF0,0x19, 0xD0,0x19, 0xCF,0x19, 0xD0,0x19, 0xD0,0x19, 0xCF,0x19, 0xAF,0x19, 0xAF,0x19,
 0xAF,0x19, 0xAF,0x19, 0xAF,0x21, 0x8F,0x21, 0x8F,0x19, 0x8E,0x19, 0x8E,0x19, 0x6E,0x21, 0x6E,0x21, 0x6E,0x21, 0x4D,0x21, 0x8E,0x21,
 0x31,0x2A, 0x6E,0x21, 0x2D,0x21, 0x4D,0x21, 0x2D,0x21, 0x10,0x2A, 0xAF,0x21, 0x0D,0x21, 0x2D,0x21, 0x2D,0x19, 0xD0,0x29, 0x4E,0x21,
 0x0D,0x21, 0x0D,0x21, 0x0D,0x21, 0x0D,0x21, 0x0D,0x21, 0x0C,0x21, 0x0C,0x21, 0xEC,0x20, 0xEC,0x20, 0xEC,0x20, 0xEC,0x20, 0xEC,0x20,
 0xEC,0x20, 0xEC,0x20, 0xCC,0x20, 0xCC,0x20, 0xCC,0x20, 0xCB,0x20, 0xCB,0x20, 0xCB,0x20, 0xCB,0x20, 0xCB,0x20, 0xCB,0x20, 0xCB,0x20,

 0xA7,0x00, 0xA7,0x08, 0xA8,0x08, 0xC8,0x00, 0xA8,0x00, 0xC8,0x00, 0xC8,0x00, 0xC8,0x00, 0xC8,0x00, 0xC8,0x00, 0xC8,0x00, 0xC8,0x08,
 0xE8,0x08, 0xC8,0x00, 0xC8,0x00, 0xC8,0x00, 0xE9,0x00, 0xE9,0x00, 0xE9,0x08, 0xE9,0x08, 0x09,0x09, 0x09,0x09, 0x09,0x09, 0x09,0x01,
 0x09,0x01, 0x29,0x01, 0x29,0x01, 0x2A,0x09, 0x2A,0x01, 0x4A,0x01, 0x4A,0x01, 0x4A,0x01, 0x4A,0x01, 0x4A,0x01, 0x4A,0x01, 0x4B,0x01,
 0x6B,0x01, 0x6B,0x01, 0x6B,0x01, 0x6B,0x01, 0x6B,0x01, 0x6B,0x09, 0x8C,0x01, 0x8C,0x01, 0xAC,0x01, 0x8C,0x01, 0xAC,0x09, 0xAD,0x09,
 0xAC,0x09, 0xAD,0x09, 0xCD,0x09, 0xCD,0x01, 0xCD,0x09, 0xCD,0x09, 0xCD,0x09, 0xED,0x09, 0xCD,0x01, 0x4F,0x0A, 0x90,0x12, 0xCD,0x09,
 0xED,0x09, 0xF2,0x12, 0x2F,0x0A, 0x0F,0x0A, 0x0F,0x0A, 0x91,0x12, 0x12,0x1B, 0x0F,0x0A, 0x4F,0x0A, 0x70,0x0A, 0x74,0x1B, 0x50,0x0A,
 0x70,0x0A, 0x70,0x0A, 0x70,0x0A, 0x91,0x0A, 0x91,0x0A, 0xB5,0x1B, 0xB1,0x0A, 0x91,0x0A, 0x13,0x13, 0x16,0x24, 0xB1,0x0A, 0xD2,0x12,
 0xD2,0x12, 0xD2,0x0A, 0xF3,0x0A, 0x13,0x0B, 0xB2,0x0A, 0x16,0x1C, 0x36,0x1C, 0xB2,0x0A, 0x13,0x13, 0x14,0x13, 0x14,0x13, 0x34,0x13,
 0x34,0x0B, 0x35,0x0B, 0x55,0x13, 0x55,0x0B, 0x75,0x13, 0x75,0x13, 0x75,0x13, 0x75,0x0B, 0x75,0x0B, 0x76,0x13, 0x76,0x13, 0x96,0x13,
 0x96,0x13, 0x96,0x13, 0x96,0x13, 0x96,0x13, 0x96,0x0B, 0xB7,0x0B, 0xB7,0x0B, 0xB7,0x0B, 0xB7,0x0B, 0xB7,0x0B, 0xB7,0x0B, 0xB7,0x0B,
 0xB7,0x13, 0xB7,0x0B, 0xB7,0x13, 0xB7,0x13, 0xB7,0x13, 0xB7,0x0B, 0xB7,0x13, 0xB7,0x0B, 0x97,0x0B, 0x96,0x13, 0x96,0x13, 0x96,0x0B,
 0x96,0x13, 0x96,0x13, 0x76,0x13, 0x75,0x13, 0x75,0x13, 0x75,0x13, 0x55,0x13, 0x55,0x0B, 0x55,0x13, 0x55,0x13, 0x55,0x13, 0x14,0x0B,
 0xF9,0x24, 0xB6,0x13, 0xF4,0x12, 0x14,0x13, 0xF9,0x24, 0x34,0x13, 0xD3,0x12, 0x34,0x13, 0xB8,0x24, 0xD3,0x12, 0xB2,0x12, 0x54,0x13,
 0x57,0x24, 0x92,0x12, 0x92,0x12, 0x74,0x1B, 0xB5,0x23, 0x71,0x12, 0x51,0x12, 0x95,0x23, 0x34,0x1B, 0x51,0x12, 0x30,0x12, 0x95,0x23,
 0xF3,0x1A, 0x31,0x1A, 0x30,0x1A, 0x13,0x1B, 0x13,0x23, 0x10,0x12, 0x31,0x1A, 0x30,0x1A, 0x10,0x1A, 0x10,0x1A, 0x10,0x12, 0x10,0x1A,
 0xF0,0x19, 0xF0,0x19, 0xF0,0x19, 0xF0,0x19, 0xEF,0x19, 0xD0,0x19, 0xD0,0x19, 0xCF,0x19, 0xCF,0x19, 0xCF,0x19, 0xAF,0x19, 0xAF,0x19,
 0xAF,0x19, 0xAF,0x19, 0x8F,0x21, 0x8F,0x21, 0x8F,0x21, 0x6E,0x21, 0x6E,0x21, 0x6E,0x21, 0x6E,0x21, 0x4D,0x21, 0x8F,0x21, 0x52,0x2A,
 0x6F,0x21, 0x2D,0x21, 0x4D,0x21, 0x2D,0x19, 0x10,0x2A, 0xAF,0x21, 0x0D,0x21, 0x2D,0x21, 0x4E,0x21, 0xD0,0x29, 0x4E,0x21, 0x0D,0x21,
 0x0D,0x21, 0x0D,0x21, 0x0D,0x21, 0x0D,0x21, 0x0D,0x21, 0x0D,0x21, 0xEC,0x20, 0xEC,0x20, 0xEC,0x20, 0xEC,0x20, 0xEC,0x20, 0xEC,0x20,
 0xEC,0x20, 0xEC,0x20, 0xCC,0x20, 0xCC,0x20, 0xCC,0x20, 0xCC,0x20, 0xCB,0x20, 0xCB,0x20, 0xCB,0x20, 0xCB,0x20, 0xCB,0x20, 0xCB,0x20,

 0xA7,0x00, 0xA8,0x00, 0xC8,0x00, 0xA7,0x00, 0xC8,0x00, 0xC8,0x00, 0xC8,0x00, 0xC8,0x00, 0xC8,0x00, 0xC8,0x00, 0xC8,0x08, 0xE8,0x08,
 0xE8,0x08, 0xC8,0x00, 0xC8,0x00, 0xC8,0x00, 0xE8,0x00, 0xE9,0x00, 0xE9,0x00, 0xE9,0x08, 0x09,0x09, 0x09,0x09, 0x09,0x09, 0x09,0x01,
 0x09,0x01, 0x09,0x01, 0x29,0x01, 0x2A,0x01, 0x2A,0x01, 0x4A,0x01, 0x2A,0x01, 0x4A,0x01, 0x4A,0x01, 0x4A,0x01, 0x4B,0x01, 0x4A,0x01,
 0x4B,0x09, 0x6B,0x01, 0x6B,0x01, 0x6B,0x01, 0x6B,0x09, 0x8C,0x01, 0x8C,0x01, 0x8C,0x01, 0xAC,0x09, 0x8C,0x01, 0xAC,0x01, 0xAC,0x09,
 0xAC,0x01, 0xCD,0x09, 0xCD,0x09, 0xCD,0x09, 0xCD,0x01, 0xCD,0x09, 0xCD,0x09, 0xCD,0x09, 0xAD,0x01, 0x4F,0x0A, 0x90,0x12, 0xCD,0x01,
 0xED,0x09, 0xF2,0x12, 0x2F,0x0A, 0x0E,0x0A, 0xEE,0x01, 0x91,0x12, 0x12,0x1B, 0x0E,0x0A, 0x2F,0x0A, 0x50,0x0A, 0x74,0x1B, 0x50,0x0A,
 0x70,0x0A, 0x70,0x0A, 0x70,0x0A, 0x70,0x0A, 0x91,0x0A, 0xB5,0x1B, 0x91,0x0A, 0x91,0x0A, 0x13,0x13, 0x16,0x24, 0xB1,0x0A, 0xD2,0x12,
 0xD2,0x12, 0xD2,0x12, 0xF3,0x0A, 0xF3,0x0A, 0xB2,0x0A, 0xF6,0x1B, 0xF5,0x13, 0xD2,0x0A, 0x13,0x13, 0x34,0x13, 0x14,0x13, 0x14,0x0B,
 0x34,0x0B, 0x34,0x0B, 0x55,0x13, 0x55,0x13, 0x55,0x13, 0x55,0x13, 0x75,0x13, 0x75,0x13, 0x75,0x0B, 0x76,0x0B, 0x76,0x13, 0x96,0x13,
 0x96,0x13, 0x96,0x13, 0x96,0x13, 0x96,0x13, 0x96,0x13, 0x96,0x0B, 0xB7,0x0B, 0xB7,0x13, 0xB7,0x13, 0xB7,0x13, 0xB7,0x13, 0xB7,0x0B,
 0xB7,0x13, 0xB7,0x13, 0xB7,0x13, 0xB7,0x0B, 0xB6,0x13, 0xB7,0x13, 0xB6,0x13, 0x96,0x13, 0x96,0x0B, 0x96,0x13, 0x96,0x13, 0x96,0x0B,
 0x96,0x13, 0x76,0x13, 0x76,0x13, 0x75,0x13, 0x75,0x13, 0x55,0x13, 0x55,0x13, 0x55,0x13, 0x55,0x13, 0x35,0x13, 0x35,0x13, 0xF4,0x0A,
 0xF9,0x24, 0xB6,0x13, 0xF4,0x12, 0x14,0x13, 0xF9,0x24, 0x34,0x13, 0xD3,0x12, 0x14,0x13, 0xB8,0x24, 0xD2,0x12, 0xB2,0x12, 0x54,0x13,
 0x57,0x24, 0x92,0x12, 0x92,0x12, 0x74,0x1B, 0xB5,0x1B, 0x71,0x12, 0x51,0x12, 0x75,0x1B, 0x34,0x1B, 0x51,0x12, 0x30,0x12, 0x95,0x23,
 0xD3,0x1A, 0x31,0x1A, 0x30,0x12, 0x13,0x1B, 0x13,0x23, 0x10,0x12, 0x31,0x12, 0x30,0x12, 0x30,0x1A, 0x10,0x1A, 0x10,0x1A, 0x10,0x1A,
 0xF0,0x19, 0xF0,0x19, 0xF0,0x19, 0xF0,0x19, 0xF0,0x19, 0xCF,0x19, 0xD0,0x19, 0xD0,0x19, 0xCF,0x19, 0xAF,0x19, 0xAF,0x21, 0xAF,0x19,
 0xAF,0x21, 0x8F,0x21, 0x8F,0x19, 0x8F,0x21, 0x8E,0x19, 0x8E,0x21, 0x6E,0x21, 0x6E,0x21, 0x4D,0x21, 0x8F,0x21, 0x52,0x2A, 0x6E,0x21,
 0x2D,0x21, 0x4E,0x21, 0x2D,0x21, 0x10,0x2A, 0xD0,0x21, 0x0D,0x19, 0x2D,0x21, 0x4E,0x21, 0xD0,0x29, 0x2E,0x21, 0x0D,0x21, 0x2D,0x21,
 0x0D,0x21, 0x0D,0x21, 0x0D,0x21, 0x0D,0x21, 0x0D,0x21, 0x0D,0x21, 0xEC,0x20, 0xEC,0x20, 0xEC,0x20, 0xEC,0x20, 0xEC,0x20, 0xEC,0x20,
 0xCC,0x20, 0xEC,0x20, 0xCB,0x20, 0xCC,0x20, 0xCC,0x20, 0xCC,0x20, 0xCB,0x20, 0xCB,0x20, 0xCB,0x20, 0xCB,0x20, 0xCB,0x20, 0xCB,0x20,

 0xA7,0x00, 0xA8,0x00, 0xA7,0x08, 0xA7,0x00, 0xC8,0x00, 0xC8,0x08, 0xC8,0x08, 0xC8,0x00, 0xC8,0x00, 0xC8,0x00, 0xC8,0x08, 0xC8,0x08,
 0xE8,0x08, 0xC8,0x00, 0xC8,0x00, 0xC8,0x00, 0xC8,0x00, 0xE9,0x00, 0x09,0x01, 0xE9,0x00, 0x09,0x01, 0x09,0x09, 0x09,0x09, 0x09,0x09,
 0x09,0x01, 0x29,0x01, 0x2A,0x01, 0x2A,0x01, 0x2A,0x01, 0x4A,0x01, 0x2A,0x01, 0x4A,0x01, 0x4A,0x01, 0x4A,0x01, 0x4B,0x01, 0x4B,0x09,
 0x4B,0x09, 0x6B,0x01, 0x6B,0x01, 0x6B,0x01, 0x6B,0x01, 0x6B,0x01, 0x8C,0x01, 0x8C,0x09, 0x8C,0x09, 0xAC,0x01, 0xAC,0x01, 0xAC,0x09,
 0xAD,0x01, 0xAD,0x09, 0xAD,0x09, 0xCD,0x09, 0xCD,0x09, 0xCD,0x09, 0xCD,0x09, 0xCD,0x09, 0xAD,0x09, 0x2F,0x0A, 0x90,0x12, 0xCD,0x09,
 0xED,0x09, 0xF2,0x12, 0x0E,0x0A, 0x0E,0x0A, 0x0F,0x02, 0x91,0x12, 0x12,0x1B, 0x0E,0x0A, 0x2F,0x0A, 0x50,0x0A, 0x74,0x1B, 0x50,0x0A,
 0x70,0x0A, 0x70,0x0A, 0x70,0x0A, 0x70,0x0A, 0x91,0x0A, 0xB5,0x1B, 0x91,0x0A, 0x71,0x0A, 0x13,0x13, 0x16,0x1C, 0x91,0x0A, 0xD2,0x12,
 0xD2,0x12, 0xD2,0x12, 0xF3,0x0A, 0xF3,0x0A, 0xB2,0x0A, 0x16,0x1C, 0x16,0x14, 0xD3,0x0A, 0x14,0x13, 0x34,0x0B, 0x34,0x13, 0x34,0x0B,
 0x34,0x0B, 0x34,0x13, 0x55,0x13, 0x55,0x13, 0x55,0x0B, 0x55,0x0B, 0x75,0x13, 0x75,0x13, 0x75,0x13, 0x75,0x0B, 0x76,0x13, 0x76,0x13,
 0x96,0x13, 0x96,0x13, 0x96,0x13, 0x96,0x13, 0x96,0x13, 0x96,0x0B, 0x96,0x0B, 0x96,0x0B, 0x96,0x0B, 0xB6,0x13, 0xB6,0x13, 0xB7,0x13,
 0xB7,0x13, 0xB7,0x13, 0xB7,0x13, 0xB7,0x13, 0x96,0x13, 0x96,0x0B, 0x96,0x13, 0x96,0x13, 0x96,0x0B, 0x96,0x0B, 0x96,0x13, 0x96,0x13,
 0x96,0x13, 0x76,0x13, 0x75,0x13, 0x75,0x13, 0x75,0x13, 0x55,0x0B, 0x55,0x13, 0x55,0x13, 0x35,0x13, 0x34,0x13, 0x34,0x13, 0xF4,0x12,
 0x19,0x25, 0xB6,0x13, 0xF4,0x12, 0x13,0x13, 0xF9,0x24, 0x33,0x13, 0xD3,0x12, 0x13,0x13, 0x98,0x24, 0xD2,0x12, 0xB2,0x12, 0x34,0x13,
 0x57,0x24, 0x92,0x12, 0x92,0x12, 0x74,0x1B, 0xB5,0x1B, 0x71,0x12, 0x51,0x12, 0x75,0x1B, 0x34,0x1B, 0x31,0x12, 0x30,0x12, 0x95,0x23,
 0xD2,0x1A, 0x30,0x1A, 0x30,0x1A, 0xF3,0x22, 0xF3,0x22, 0x10,0x12, 0x31,0x12, 0x30,0x12, 0x10,0x1A, 0x10,0x1A, 0x10,0x1A, 0x10,0x1A,
 0xF0,0x19, 0xF0,0x19, 0xF0,0x19, 0xF0,0x19, 0xF0,0x19, 0xCF,0x19, 0xCF,0x19, 0xCF,0x19, 0xCF,0x19, 0xAF,0x19, 0xAF,0x21, 0xAF,0x19,
 0xAF,0x19, 0x8F,0x21, 0x8F,0x19, 0x8F,0x19, 0x8F,0x19, 0x6E,0x19, 0x6E,0x21, 0x4E,0x21, 0x8F,0x21, 0x72,0x2A, 0x6E,0x21, 0x2D,0x21,
 0x4E,0x21, 0x4D,0x21, 0x30,0x2A, 0xF0,0x21, 0x0D,0x21, 0x2D,0x21, 0x4E,0x21, 0xF1,0x29, 0x4E,0x21, 0x0D,0x21, 0x2D,0x21, 0x2D,0x21,
 0x0D,0x21, 0x0D,0x21, 0x0D,0x21, 0x0D,0x21, 0x0D,0x21, 0x0C,0x21, 0xEC,0x20, 0xEC,0x20, 0xEC,0x20, 0xEC,0x20, 0xEC,0x20, 0xEC,0x20,
 0xCC,0x20, 0xCC,0x20, 0xCB,0x20, 0xCC,0x20, 0xCB,0x20, 0xCC,0x20, 0xCB,0x20, 0xCB,0x20, 0xAB,0x20, 0xCB,0x20, 0xCB,0x20, 0xCB,0x20,

 0xA7,0x00, 0xA7,0x00, 0xA7,0x08, 0xA7,0x00, 0xC8,0x00, 0xC8,0x00, 0xC8,0x08, 0xC8,0x00, 0xC8,0x00, 0xC8,0x00, 0xC8,0x08, 0xC8,0x08,
 0xE8,0x08, 0xC8,0x08, 0xE8,0x00, 0xC8,0x00, 0xC8,0x00, 0xE9,0x08, 0xE9,0x00, 0xE9,0x00, 0xE9,0x00, 0x09,0x09, 0x09,0x09, 0x09,0x09,
 0x09,0x09, 0x2A,0x01, 0x2A,0x01, 0x2A,0x01, 0x2A,0x01, 0x2A,0x01, 0x4A,0x09, 0x4A,0x09, 0x4A,0x01, 0x4B,0x01, 0x4B,0x01, 0x4B,0x01,
 0x4B,0x09, 0x6B,0x01, 0x6B,0x09, 0x6B,0x01, 0x6C,0x09, 0x6B,0x01, 0x8B,0x01, 0x8C,0x01, 0x8C,0x09, 0x8C,0x01, 0xAC,0x01, 0xAC,0x09,
 0xAD,0x09, 0xAD,0x01, 0xAD,0x09, 0xCD,0x09, 0xAD,0x01, 0xCD,0x01, 0xCD,0x09, 0xCD,0x09, 0xAC,0x01, 0x4F,0x12, 0x90,0x12, 0xCD,0x09,
 0xED,0x09, 0xF2,0x12, 0x0E,0x0A, 0x0E,0x0A, 0x0E,0x0A, 0x91,0x12, 0xF2,0x1A, 0x0E,0x0A, 0x2F,0x0A, 0x50,0x0A, 0x74,0x1B, 0x50,0x0A,
 0x70,0x0A, 0x70,0x0A, 0x70,0x0A, 0x70,0x0A, 0x91,0x0A, 0xB5,0x1B, 0x91,0x0A, 0x71,0x0A, 0x12,0x13, 0x16,0x24, 0x91,0x0A, 0xD2,0x12,
 0xD2,0x12, 0xD2,0x0A, 0xF3,0x0A, 0xF3,0x0A, 0xB2,0x0A, 0x16,0x1C, 0x16,0x14, 0xD3,0x0A, 0x14,0x13, 0x14,0x0B, 0x34,0x13, 0x34,0x13,
 0x34,0x13, 0x34,0x13, 0x55,0x13, 0x55,0x13, 0x55,0x13, 0x55,0x13, 0x75,0x13, 0x75,0x0B, 0x75,0x13, 0x75,0x13, 0x75,0x13, 0x76,0x13,
 0x96,0x13, 0x96,0x13, 0x96,0x13, 0x96,0x13, 0x96,0x0B, 0x96,0x13, 0x96,0x13, 0x96,0x13, 0x96,0x0B, 0xB6,0x0B, 0xB6,0x0B, 0xB7,0x13,
 0x96,0x13, 0x96,0x13, 0x96,0x13, 0x96,0x13, 0x96,0x13, 0x96,0x13, 0x96,0x13, 0x96,0x13, 0x96,0x13, 0x96,0x13, 0x76,0x13, 0x76,0x13,
 0x96,0x13, 0x75,0x13, 0x75,0x13, 0x75,0x13, 0x55,0x13, 0x55,0x13, 0x55,0x13, 0x55,0x13, 0x35,0x13, 0x34,0x13, 0x34,0x13, 0xF3,0x12,
 0x19,0x25, 0xD5,0x1B, 0xF3,0x12, 0x13,0x0B, 0xF9,0x24, 0x34,0x13, 0xD3,0x12, 0x13,0x13, 0xB8,0x24, 0xD2,0x12, 0xB2,0x12, 0x34,0x13,
 0x57,0x24, 0x92,0x12, 0x92,0x12, 0x74,0x1B, 0xB5,0x23, 0x51,0x12, 0x51,0x12, 0x75,0x23, 0x34,0x1B, 0x31,0x12, 0x31,0x12, 0x95,0x23,
 0xF3,0x1A, 0x30,0x1A, 0x30,0x1A, 0xD2,0x22, 0xD3,0x22, 0x10,0x12, 0x30,0x1A, 0x30,0x1A, 0x30,0x1A, 0x10,0x1A, 0x10,0x1A, 0x10,0x1A,
 0xF0,0x19, 0xF0,0x19, 0xF0,0x19, 0xEF,0x19, 0xF0,0x19, 0xD0,0x19, 0xCF,0x19, 0xCF,0x19, 0xAF,0x19, 0xAF,0x21, 0xAF,0x21, 0xAF,0x19,
 0x8F,0x19, 0x8F,0x21, 0x8F,0x19, 0x8F,0x21, 0x8F,0x19, 0x8E,0x21, 0x4E,0x19, 0xAF,0x21, 0x92,0x2A, 0x6E,0x21, 0x4E,0x21, 0x6E,0x21,
 0x4D,0x19, 0x30,0x2A, 0xF0,0x29, 0x2D,0x21, 0x2D,0x21, 0x4E,0x21, 0xF1,0x29, 0x4F,0x21, 0x0D,0x21, 0x2D,0x21, 0x2D,0x21, 0x2D,0x21,
 0x0D,0x21, 0x0D,0x21, 0x0D,0x21, 0x0D,0x21, 0x0D,0x21, 0xEC,0x20, 0xEC,0x20, 0xEC,0x20, 0xEC,0x20, 0xEC,0x20, 0xEC,0x20, 0xCC,0x20,
 0xCC,0x20, 0xCC,0x20, 0xCB,0x20, 0xCC,0x20, 0xCB,0x20, 0xCB,0x20, 0xCB,0x20, 0xCB,0x20, 0xCB,0x20, 0xCB,0x20, 0xCC,0x20, 0xCC,0x20,

 0xA7,0x08, 0xA7,0x00, 0xA7,0x00, 0xA7,0x00, 0xA8,0x08, 0xC8,0x08, 0xC8,0x00, 0xC8,0x00, 0xC8,0x08, 0xC8,0x00, 0xC8,0x08, 0xE8,0x08,
 0xC8,0x08, 0xE8,0x08, 0xE8,0x00, 0xC8,0x00, 0xE8,0x00, 0xE8,0x00, 0xE9,0x00, 0xE9,0x00, 0x09,0x09, 0x09,0x09, 0x09,0x09, 0x09,0x09,
 0x09,0x09, 0x09,0x01, 0x29,0x01, 0x2A,0x01, 0x2A,0x01, 0x2A,0x01, 0x2A,0x09, 0x4A,0x09, 0x4A,0x01, 0x4A,0x01, 0x4A,0x01, 0x4A,0x01,
 0x4B,0x01, 0x6B,0x01, 0x6B,0x09, 0x6B,0x01, 0x6B,0x01, 0x8B,0x01, 0x8B,0x01, 0x8C,0x01, 0x8C,0x09, 0xAC,0x09, 0x8C,0x01, 0xAC,0x09,
 0xAC,0x09, 0xAC,0x01, 0xAC,0x09, 0xCD,0x09, 0xAD,0x01, 0xAD,0x09, 0xCD,0x09, 0xAD,0x09, 0x0E,0x0A, 0xD1,0x1A, 0xEE,0x09, 0xCD,0x09,
 0xCD,0x01, 0xF2,0x12, 0x0E,0x0A, 0x0E,0x0A, 0xEE,0x09, 0x70,0x0A, 0xF2,0x1A, 0x0E,0x0A, 0x2F,0x0A, 0x50,0x0A, 0x94,0x1B, 0x50,0x0A,
 0x50,0x0A, 0x70,0x0A, 0x70,0x0A, 0x70,0x0A, 0x90,0x0A, 0xB5,0x1B, 0x91,0x0A, 0x71,0x0A, 0xF2,0x12, 0x16,0x24, 0x91,0x0A, 0xD2,0x12,
 0xD2,0x12, 0xD2,0x0A, 0xF2,0x0A, 0xF3,0x0A, 0xB2,0x0A, 0x16,0x1C, 0x16,0x14, 0xD3,0x0A, 0x14,0x13, 0x14,0x13, 0x14,0x0B, 0x34,0x13,
 0x34,0x13, 0x34,0x13, 0x34,0x13, 0x55,0x13, 0x55,0x13, 0x55,0x13, 0x55,0x13, 0x55,0x13, 0x75,0x13, 0x75,0x13, 0x75,0x13, 0x75,0x13,
 0x75,0x13, 0x75,0x13, 0x76,0x13, 0x76,0x13, 0x76,0x0B, 0x96,0x0B, 0x96,0x13, 0x96,0x0B, 0x96,0x13, 0x96,0x13, 0x96,0x13, 0x96,0x13,
 0x96,0x13, 0x96,0x13, 0x96,0x13, 0x96,0x13, 0x96,0x13, 0x96,0x13, 0x96,0x13, 0x96,0x13, 0x96,0x13, 0x76,0x13, 0x76,0x13, 0x76,0x13,
 0x75,0x13, 0x75,0x13, 0x75,0x13, 0x55,0x13, 0x55,0x13, 0x55,0x13, 0x55,0x13, 0x54,0x13, 0x34,0x13, 0x34,0x13, 0x34,0x13, 0xD3,0x12,
 0xF8,0x24, 0x95,0x13, 0xD3,0x12, 0xD3,0x0A, 0xF8,0x24, 0x13,0x13, 0xB2,0x12, 0xF3,0x12, 0x98,0x24, 0xB2,0x12, 0xB2,0x12, 0x13,0x13,
 0x37,0x24, 0x71,0x12, 0x71,0x12, 0x34,0x1B, 0xB5,0x1B, 0x30,0x12, 0x50,0x12, 0x54,0x1B, 0x13,0x1B, 0x31,0x1A, 0x30,0x12, 0x74,0x23,
 0xB2,0x1A, 0x30,0x12, 0x51,0x12, 0x30,0x1A, 0x71,0x1A, 0x30,0x1A, 0x30,0x1A, 0x30,0x1A, 0x10,0x1A, 0x10,0x1A, 0x10,0x1A, 0xF0,0x19,
 0xF0,0x19, 0xF0,0x19, 0xF0,0x19, 0xF0,0x19, 0xD0,0x19, 0xD0,0x19, 0xCF,0x19, 0xCF,0x21, 0xAF,0x21, 0xAF,0x21, 0xAF,0x21, 0xAF,0x21,
 0x8F,0x21, 0x8F,0x21, 0x8F,0x19, 0x8F,0x21, 0x8F,0x21, 0x4E,0x19, 0xAF,0x21, 0x93,0x2A, 0x8F,0x21, 0x4E,0x21, 0x6E,0x21, 0x4D,0x19,
 0x30,0x2A, 0xF0,0x21, 0x2D,0x21, 0x2D,0x21, 0x4E,0x21, 0x11,0x2A, 0x4F,0x21, 0x0D,0x21, 0x2D,0x21, 0x2D,0x21, 0x0D,0x21, 0x0D,0x21,
 0x0D,0x21, 0x0D,0x21, 0x0D,0x21, 0x0D,0x21, 0x0D,0x21, 0xED,0x20, 0xEC,0x20, 0xEC,0x20, 0xEC,0x20, 0xEC,0x20, 0xEC,0x20, 0xCC,0x20,
 0xEC,0x20, 0xCC,0x20, 0xCB,0x20, 0xCC,0x20, 0xCB,0x20, 0xCB,0x20, 0xCB,0x20, 0xCB,0x20, 0xCB,0x20, 0xCB,0x20, 0xCB,0x20, 0xCB,0x20,

 0xA7,0x00, 0xA7,0x00, 0xA7,0x00, 0xA7,0x08, 0xA8,0x08, 0xA8,0x00, 0xC8,0x00, 0xC8,0x00, 0xC8,0x08, 0xC8,0x08, 0xC8,0x08, 0xC8,0x08,
 0xC8,0x08, 0xE8,0x08, 0xE8,0x08, 0xE8,0x00, 0xE8,0x00, 0xE9,0x00, 0xE9,0x00, 0xE9,0x00, 0xE9,0x00, 0x09,0x01, 0x09,0x09, 0x09,0x09,
 0x09,0x09, 0x09,0x01, 0x29,0x01, 0x2A,0x01, 0x2A,0x01, 0x2A,0x01, 0x2A,0x01, 0x2A,0x01, 0x4A,0x01, 0x4A,0x01, 0x4A,0x01, 0x4A,0x01,
 0x4A,0x01, 0x6B,0x01, 0x6B,0x01, 0x6B,0x01, 0x6B,0x01, 0x6B,0x01, 0x8B,0x01, 0x8C,0x01, 0x8C,0x01, 0xAC,0x09, 0x8C,0x09, 0xAC,0x09,
 0xAC,0x09, 0xAC,0x01, 0xAC,0x09, 0xAC,0x09, 0xAC,0x09, 0xCD,0x09, 0xAC,0x01, 0x0E,0x0A, 0xD1,0x1A, 0xED,0x09, 0xCD,0x09, 0xAD,0x09,
 0x4F,0x0A, 0xF2,0x1A, 0xEE,0x09, 0x0E,0x0A, 0xEE,0x01, 0x12,0x1B, 0x90,0x12, 0x0F,0x0A, 0x2F,0x0A, 0x50,0x0A, 0x94,0x1B, 0x50,0x0A,
 0x50,0x0A, 0x70,0x0A, 0x70,0x0A, 0x70,0x0A, 0x70,0x0A, 0xB5,0x1B, 0x91,0x0A, 0x71,0x0A, 0xF2,0x12, 0x16,0x24, 0x91,0x0A, 0xD2,0x0A,
 0xD2,0x12, 0xD2,0x12, 0xD2,0x0A, 0xF3,0x0A, 0xB2,0x0A, 0x16,0x1C, 0x16,0x14, 0xD2,0x0A, 0x13,0x13, 0x14,0x13, 0x34,0x13, 0x34,0x13,
 0x34,0x13, 0x34,0x13, 0x34,0x13, 0x34,0x13, 0x54,0x13, 0x55,0x13, 0x55,0x13, 0x55,0x13, 0x55,0x13, 0x55,0x13, 0x75,0x13, 0x75,0x13,
 0x75,0x13, 0x75,0x13, 0x75,0x13, 0x75,0x13, 0x76,0x13, 0x55,0x13, 0x75,0x13, 0x96,0x13, 0x96,0x13, 0x76,0x13, 0x76,0x13, 0x76,0x13,
 0x76,0x0B, 0x76,0x13, 0x76,0x13, 0x76,0x13, 0x96,0x13, 0x76,0x13, 0x76,0x13, 0x76,0x13, 0x76,0x13, 0x75,0x13, 0x75,0x13, 0x75,0x13,
 0x75,0x13, 0x75,0x13, 0x55,0x13, 0x55,0x13, 0x55,0x13, 0x55,0x13, 0x34,0x13, 0x34,0x13, 0x34,0x0B, 0x34,0x13, 0x14,0x13, 0x95,0x13,
 0xFB,0x2D, 0x97,0x24, 0xB2,0x12, 0xB5,0x13, 0xDB,0x2D, 0xF5,0x1B, 0xB2,0x0A, 0xF6,0x1B, 0x7A,0x35, 0x74,0x1B, 0x92,0x0A, 0x16,0x1C,
 0x3A,0x2D, 0x13,0x13, 0x71,0x12, 0x37,0x24, 0xB8,0x2C, 0xB1,0x12, 0x71,0x12, 0x37,0x24, 0xF6,0x23, 0x50,0x12, 0x71,0x12, 0x37,0x24,
 0xB5,0x23, 0x51,0x12, 0x51,0x1A, 0x30,0x1A, 0x30,0x1A, 0x51,0x1A, 0x30,0x1A, 0xEF,0x11, 0xEF,0x11, 0xEF,0x11, 0xEF,0x11, 0xCF,0x11,
 0xCF,0x19, 0xCF,0x19, 0xCF,0x19, 0xCF,0x19, 0xAF,0x19, 0xAF,0x19, 0xAF,0x19, 0xAF,0x19, 0x8F,0x19, 0x8F,0x19, 0x8F,0x19, 0x6E,0x19,
 0x6E,0x19, 0x6E,0x19, 0x6E,0x19, 0x6E,0x19, 0x4E,0x19, 0xAF,0x21, 0x72,0x2A, 0x8F,0x19, 0x4E,0x21, 0x6E,0x21, 0x4D,0x21, 0x31,0x2A,
 0x10,0x2A, 0x2D,0x19, 0x2D,0x21, 0x4E,0x21, 0x11,0x2A, 0x6E,0x21, 0x0D,0x21, 0x2E,0x21, 0x0D,0x21, 0x2D,0x21, 0x2D,0x21, 0x2D,0x21,
 0x0D,0x21, 0x0D,0x21, 0x0D,0x21, 0x0D,0x21, 0xED,0x20, 0x0C,0x21, 0x0C,0x21, 0xEC,0x20, 0xEC,0x20, 0xEC,0x20, 0xEC,0x20, 0xCC,0x20,
 0xEC,0x20, 0xCC,0x20, 0xCC,0x20, 0xCC,0x20, 0xCB,0x20, 0xCB,0x20, 0xCB,0x20, 0xAB,0x20, 0xCB,0x20, 0xCC,0x20, 0xCC,0x20, 0xCC,0x20,

 0xA7,0x00, 0xA7,0x00, 0xA7,0x00, 0xA7,0x00, 0xA7,0x08, 0xC8,0x00, 0xC8,0x00, 0xC7,0x00, 0xC8,0x00, 0xC8,0x00, 0xC8,0x08, 0xC8,0x08,
 0xC8,0x08, 0xC8,0x08, 0xE8,0x00, 0xE8,0x00, 0xE8,0x00, 0xE9,0x00, 0xE9,0x00, 0xE9,0x00, 0xE9,0x00, 0x09,0x09, 0x09,0x09, 0x09,0x09,
 0x09,0x09, 0x09,0x01, 0x09,0x01, 0x2A,0x01, 0x2A,0x01, 0x2A,0x01, 0x2A,0x01, 0x2A,0x01, 0x2A,0x01, 0x4A,0x01, 0x4B,0x01, 0x4B,0x01,
 0x4A,0x01, 0x4B,0x01, 0x6B,0x01, 0x6B,0x01, 0x6B,0x01, 0x8B,0x01, 0x8B,0x01, 0x8B,0x01, 0x8B,0x01, 0xAC,0x09, 0xAC,0x01, 0xAC,0x09,
 0xAC,0x09, 0xAC,0x01, 0xAC,0x01, 0xAC,0x01, 0xCD,0x09, 0x8C,0x01, 0xED,0x09, 0xD0,0x1A, 0xED,0x09, 0xCD,0x09, 0xAD,0x01, 0x2F,0x0A,
 0x11,0x1B, 0x0E,0x0A, 0xED,0x09, 0xED,0x01, 0x12,0x1B, 0xB0,0x12, 0xED,0x09, 0x2F,0x0A, 0x2F,0x0A, 0x50,0x0A, 0x94,0x1B, 0x50,0x0A,
 0x50,0x0A, 0x50,0x0A, 0x50,0x0A, 0x70,0x0A, 0x70,0x0A, 0xD5,0x23, 0x91,0x0A, 0x71,0x0A, 0xF2,0x12, 0x16,0x24, 0x91,0x0A, 0xD2,0x0A,
 0xD2,0x0A, 0xD2,0x0A, 0xD3,0x0A, 0xF3,0x0A, 0xB2,0x0A, 0x15,0x1C, 0xF5,0x13, 0xD2,0x0A, 0x13,0x13, 0x14,0x0B, 0x14,0x13, 0x14,0x13,
 0x34,0x13, 0x34,0x13, 0x34,0x13, 0x34,0x13, 0x54,0x0B, 0x55,0x13, 0x55,0x13, 0x55,0x0B, 0x55,0x0B, 0x55,0x13, 0x55,0x13, 0x55,0x13,
 0x75,0x13, 0x75,0x13, 0x75,0x0B, 0x75,0x13, 0x55,0x13, 0x37,0x14, 0x58,0x14, 0x75,0x13, 0x96,0x13, 0x76,0x13, 0x76,0x13, 0x76,0x13,
 0x76,0x13, 0x76,0x13, 0x76,0x13, 0x76,0x13, 0x76,0x13, 0x75,0x13, 0x76,0x13, 0x75,0x13, 0x75,0x13, 0x75,0x13, 0x75,0x13, 0x75,0x13,
 0x75,0x13, 0x55,0x13, 0x55,0x13, 0x55,0x13, 0x55,0x13, 0x35,0x13, 0x34,0x13, 0x34,0x13, 0x34,0x0B, 0x34,0x13, 0xD3,0x12, 0x19,0x25,
 0x1E,0x2F, 0x5C,0x2E, 0xF3,0x0A, 0x7A,0x25, 0xBD,0x36, 0x9A,0x2D, 0xF3,0x0A, 0xBB,0x2D, 0x5D,0x36, 0xF9,0x24, 0xD2,0x0A, 0x9B,0x2D,
 0xFC,0x35, 0x36,0x24, 0xF3,0x12, 0x7B,0x2D, 0x9C,0x35, 0x95,0x1B, 0x33,0x1B, 0x1A,0x2D, 0xFA,0x2C, 0xB2,0x12, 0x74,0x1B, 0x1A,0x2D,
 0xFA,0x2C, 0xD2,0x1A, 0x30,0x1A, 0x31,0x1A, 0x30,0x1A, 0x30,0x1A, 0xD2,0x1A, 0x13,0x23, 0xD3,0x1A, 0xD2,0x1A, 0xD2,0x1A, 0xD2,0x22,
 0xB3,0x22, 0xB2,0x22, 0xB2,0x22, 0xB2,0x22, 0x92,0x22, 0x92,0x22, 0x72,0x22, 0x72,0x22, 0x72,0x22, 0x72,0x22, 0x52,0x22, 0x52,0x22,
 0x51,0x22, 0x31,0x22, 0x31,0x2A, 0x31,0x2A, 0x31,0x2A, 0x72,0x2A, 0x8F,0x21, 0x4E,0x21, 0x6E,0x21, 0x4D,0x19, 0x51,0x2A, 0x11,0x2A,
 0x2D,0x21, 0x2D,0x21, 0x4E,0x21, 0x31,0x2A, 0x6F,0x21, 0x0D,0x21, 0x2E,0x21, 0x0D,0x21, 0x0D,0x21, 0x0D,0x21, 0x0D,0x21, 0x0D,0x21,
 0x0D,0x21, 0x0D,0x21, 0x0D,0x21, 0x0D,0x21, 0xED,0x20, 0x0D,0x21, 0x0C,0x21, 0x0C,0x21, 0x0C,0x21, 0xEC,0x20, 0xEC,0x20, 0xCC,0x20,
 0xCC,0x20, 0xCC,0x20, 0xCC,0x20, 0xCB,0x20, 0xCB,0x20, 0xCB,0x20, 0xCB,0x20, 0xCC,0x20, 0xCC,0x20, 0xCC,0x20, 0xCC,0x20, 0xCC,0x20,

 0xA7,0x00, 0xA7,0x08, 0xA7,0x00, 0xA7,0x00, 0xA7,0x08, 0xC8,0x00, 0xC8,0x00, 0xC8,0x00, 0xC8,0x00, 0xC8,0x00, 0xC8,0x08, 0xC8,0x00,
 0xC8,0x08, 0xC8,0x08, 0xE8,0x00, 0xE8,0x00, 0xE8,0x00, 0xE8,0x00, 0xE9,0x00, 0xE9,0x00, 0xE9,0x00, 0x09,0x09, 0x09,0x01, 0xE8,0x08,
 0xE8,0x00, 0xE9,0x00, 0x09,0x01, 0x2A,0x01, 0x2A,0x01, 0x2A,0x01, 0x2A,0x01, 0x2A,0x01, 0x4A,0x01, 0x09,0x01, 0x09,0x01, 0x09,0x01,
 0x4A,0x01, 0x6B,0x01, 0x2A,0x01, 0x0A,0x01, 0x2A,0x01, 0x6B,0x01, 0x8B,0x01, 0x6B,0x01, 0x8B,0x01, 0xAC,0x01, 0x8C,0x09, 0x8C,0x09,
 0xAC,0x09, 0xAC,0x01, 0xAC,0x01, 0xCC,0x01, 0xAC,0x01, 0xED,0x09, 0xD0,0x1A, 0xED,0x09, 0xCD,0x09, 0xCD,0x09, 0x2E,0x0A, 0xD1,0x1A,
 0xED,0x09, 0xCD,0x09, 0xED,0x01, 0x11,0x1B, 0xD0,0x12, 0xCD,0x09, 0x0E,0x0A, 0x0F,0x0A, 0x2F,0x0A, 0x50,0x0A, 0x73,0x23, 0x50,0x0A,
 0x50,0x0A, 0x50,0x0A, 0x50,0x0A, 0x70,0x0A, 0x70,0x0A, 0xB5,0x23, 0x91,0x0A, 0x70,0x0A, 0xF2,0x12, 0x16,0x24, 0x91,0x0A, 0xD2,0x0A,
 0xD2,0x0A, 0x13,0x0B, 0xF3,0x0A, 0xF3,0x0A, 0xB2,0x0A, 0x15,0x1C, 0xF5,0x13, 0xB2,0x0A, 0xF3,0x0A, 0x13,0x13, 0xF3,0x0A, 0x14,0x13,
 0x34,0x13, 0x34,0x13, 0x34,0x13, 0x34,0x13, 0x34,0x13, 0x34,0x13, 0x34,0x0B, 0x55,0x0B, 0x55,0x13, 0x55,0x13, 0x55,0x13, 0x55,0x0B,
 0x55,0x13, 0x75,0x13, 0x75,0x13, 0x75,0x13, 0x55,0x0B, 0x78,0x14, 0x98,0x14, 0x55,0x13, 0x76,0x13, 0x76,0x13, 0x76,0x13, 0x76,0x13,
 0x75,0x13, 0x75,0x13, 0x76,0x13, 0x75,0x13, 0x75,0x13, 0x75,0x13, 0x75,0x13, 0x75,0x13, 0x75,0x13, 0x75,0x13, 0x75,0x13, 0x55,0x13,
 0x55,0x13, 0x55,0x13, 0x55,0x13, 0x55,0x13, 0x35,0x13, 0x35,0x13, 0x34,0x13, 0x34,0x13, 0x34,0x13, 0x34,0x13, 0xF4,0x12, 0xB5,0x13,
 0xDB,0x2D, 0xD8,0x24, 0xB2,0x0A, 0x16,0x1C, 0xDB,0x2D, 0x57,0x24, 0xB2,0x12, 0x57,0x24, 0x9A,0x2D, 0xB5,0x1B, 0x71,0x0A, 0x57,0x24,
 0xF9,0x2C, 0x33,0x13, 0x91,0x12, 0x78,0x24, 0xB9,0x2C, 0xD2,0x12, 0xB2,0x12, 0x58,0x24, 0x17,0x24, 0x51,0x12, 0xD2,0x1A, 0x57,0x24,
 0xD6,0x23, 0x51,0x12, 0x30,0x1A, 0x30,0x1A, 0x30,0x1A, 0x10,0x1A, 0x51,0x1A, 0xB2,0x22, 0x92,0x22, 0x92,0x22, 0x92,0x22, 0x92,0x22,
 0x92,0x22, 0x92,0x22, 0x72,0x22, 0x72,0x22, 0x72,0x22, 0x51,0x22, 0x51,0x22, 0x31,0x22, 0x31,0x22, 0x31,0x22, 0x31,0x22, 0x31,0x22,
 0x11,0x22, 0x11,0x22, 0x11,0x22, 0x10,0x22, 0x11,0x2A, 0x8F,0x21, 0x4E,0x21, 0x6E,0x21, 0x4D,0x21, 0x50,0x2A, 0x11,0x2A, 0x2D,0x19,
 0x2D,0x21, 0x6E,0x21, 0x31,0x2A, 0x6F,0x21, 0x0D,0x21, 0x2E,0x29, 0x2E,0x21, 0x2D,0x21, 0x0D,0x21, 0x2D,0x21, 0x0D,0x21, 0x0D,0x21,
 0x0D,0x21, 0x0D,0x21, 0x0D,0x21, 0x0D,0x21, 0xED,0x20, 0x0D,0x21, 0xED,0x20, 0xEC,0x20, 0xEC,0x20, 0xEC,0x20, 0xEC,0x20, 0xCC,0x20,
 0xCC,0x20, 0xCC,0x20, 0xCC,0x20, 0xCB,0x20, 0xCB,0x20, 0xCC,0x20, 0xCC,0x20, 0xCC,0x20, 0xCC,0x20, 0xCC,0x20, 0xEC,0x20, 0xEC,0x20,

 0xA7,0x08, 0xA7,0x08, 0xA7,0x00, 0xA7,0x00, 0xA7,0x08, 0xC8,0x00, 0xC8,0x08, 0xC8,0x00, 0xC8,0x08, 0xC8,0x08, 0xC8,0x08, 0xC8,0x08,
 0xC8,0x08, 0xC8,0x08, 0xC8,0x08, 0xE8,0x00, 0xE9,0x00, 0xE8,0x00, 0xE9,0x00, 0xE9,0x00, 0xE9,0x00, 0x09,0x01, 0xE8,0x00, 0x6B,0x09,
 0xAD,0x09, 0x6C,0x09, 0x2A,0x01, 0x09,0x01, 0xAD,0x09, 0x30,0x0A, 0xEE,0x09, 0x2A,0x01, 0x09,0x01, 0xCD,0x09, 0x71,0x12, 0x4F,0x12,
 0x4A,0x01, 0x2A,0x01, 0xF2,0x12, 0x36,0x1C, 0x53,0x1B, 0x6B,0x01, 0x6B,0x01, 0x8C,0x01, 0x8B,0x01, 0x8C,0x09, 0x8C,0x09, 0x8C,0x09,
 0xAC,0x09, 0xAC,0x01, 0xAC,0x09, 0x8C,0x01, 0xED,0x09, 0xB0,0x12, 0xCD,0x09, 0xAC,0x09, 0xAC,0x09, 0x2E,0x0A, 0xF1,0x1A, 0xCD,0x09,
 0xCD,0x09, 0xCD,0x09, 0xF1,0x12, 0xB0,0x12, 0xCD,0x09, 0x0E,0x12, 0x0E,0x0A, 0x2F,0x0A, 0x2F,0x0A, 0x4F,0x0A, 0x32,0x1B, 0x4F,0x0A,
 0x50,0x0A, 0x50,0x0A, 0x70,0x0A, 0x4F,0x0A, 0x91,0x0A, 0xF5,0x23, 0x70,0x0A, 0x70,0x0A, 0xF2,0x12, 0xF6,0x23, 0x71,0x0A, 0xB2,0x12,
 0xB2,0x0A, 0xF2,0x0A, 0xF3,0x0A, 0xF3,0x0A, 0xB2,0x0A, 0x15,0x1C, 0xF5,0x13, 0xB2,0x0A, 0xF3,0x12, 0xF3,0x0A, 0x13,0x0B, 0x13,0x13,
 0x14,0x13, 0x14,0x13, 0x34,0x13, 0x14,0x0B, 0x34,0x13, 0x34,0x13, 0x34,0x13, 0x34,0x0B, 0x54,0x0B, 0x55,0x13, 0x55,0x0B, 0x55,0x0B,
 0x55,0x0B, 0x55,0x0B, 0x55,0x13, 0x75,0x13, 0x75,0x13, 0x55,0x13, 0x55,0x13, 0x75,0x0B, 0x75,0x0B, 0x75,0x13, 0x75,0x13, 0x75,0x13,
 0x55,0x0B, 0x75,0x13, 0x75,0x13, 0x75,0x13, 0x75,0x0B, 0x75,0x0B, 0x75,0x13, 0x75,0x13, 0x75,0x13, 0x55,0x0B, 0x55,0x13, 0x35,0x0B,
 0xB6,0x0B, 0x59,0x15, 0x75,0x13, 0x34,0x13, 0x34,0x13, 0x34,0x13, 0x34,0x13, 0x14,0x13, 0x14,0x13, 0x14,0x13, 0x14,0x13, 0xF3,0x12,
 0xD3,0x12, 0xD2,0x12, 0xF3,0x12, 0xD2,0x12, 0xD3,0x12, 0xB3,0x12, 0xD3,0x12, 0xB2,0x12, 0xB2,0x12, 0x92,0x12, 0x92,0x12, 0x71,0x12,
 0x71,0x12, 0x71,0x12, 0x91,0x12, 0x91,0x12, 0x91,0x12, 0x71,0x12, 0x71,0x12, 0x51,0x12, 0x51,0x12, 0x51,0x1A, 0x50,0x1A, 0x50,0x12,
 0x30,0x12, 0x31,0x1A, 0x31,0x1A, 0x30,0x1A, 0x11,0x1A, 0x10,0x1A, 0x10,0x1A, 0xF0,0x19, 0xF0,0x19, 0xCF,0x19, 0xCF,0x19, 0xCF,0x19,
 0xCF,0x19, 0xCF,0x19, 0xAF,0x19, 0xAF,0x19, 0xAF,0x19, 0xAF,0x19, 0x8F,0x19, 0x8F,0x19, 0x8F,0x19, 0x8F,0x19, 0x8F,0x19, 0x6F,0x19,
 0x6E,0x19, 0x6E,0x19, 0x6E,0x19, 0x6E,0x19, 0x4E,0x19, 0x6E,0x21, 0x6E,0x21, 0x4D,0x19, 0x51,0x2A, 0x31,0x2A, 0x2D,0x21, 0x2E,0x21,
 0x6E,0x21, 0x52,0x2A, 0x6F,0x21, 0x2E,0x21, 0x4E,0x21, 0x2E,0x21, 0x2E,0x21, 0x2E,0x21, 0x0D,0x21, 0x0D,0x29, 0x0D,0x21, 0x0D,0x21,
 0x0D,0x21, 0x0D,0x21, 0x0D,0x21, 0x0D,0x21, 0xED,0x20, 0xED,0x20, 0xEC,0x20, 0xEC,0x20, 0xEC,0x20, 0xEC,0x20, 0xEC,0x20, 0xCC,0x20,
 0xCC,0x20, 0xCC,0x20, 0xCC,0x20, 0xCC,0x20, 0xCB,0x20, 0xCC,0x20, 0xCC,0x20, 0xCC,0x20, 0xCC,0x20, 0xED,0x20, 0x2D,0x21, 0xEC,0x20,

 0xA7,0x00, 0xA7,0x00, 0xA7,0x00, 0xA7,0x00, 0xA7,0x08, 0xA8,0x00, 0xC8,0x08, 0xC7,0x00, 0xC8,0x00, 0xC8,0x08, 0xC8,0x00, 0xC8,0x08,
 0xC8,0x08, 0xC8,0x08, 0xC8,0x00, 0xE8,0x00, 0xE8,0x00, 0xE8,0x00, 0xE9,0x00, 0xE9,0x00, 0xE9,0x00, 0x09,0x01, 0xE8,0x00, 0xAD,0x09,
 0x31,0x0A, 0xEF,0x11, 0x29,0x09, 0x09,0x01, 0x0F,0x0A, 0x14,0x0B, 0xB2,0x12, 0x4A,0x01, 0xE8,0x00, 0x71,0x12, 0xD7,0x13, 0x54,0x1B,
 0x4A,0x01, 0x09,0x01, 0x77,0x1C, 0x9F,0x1E, 0x1A,0x25, 0x6B,0x01, 0x8B,0x01, 0x8C,0x01, 0x8B,0x01, 0x8C,0x01, 0x8C,0x09, 0x8C,0x01,
 0x8C,0x09, 0xAC,0x09, 0x8C,0x01, 0xED,0x09, 0xB0,0x1A, 0xCD,0x09, 0xAC,0x09, 0xAC,0x09, 0x0E,0x0A, 0xF1,0x1A, 0xED,0x09, 0xCC,0x09,
 0xCD,0x01, 0xD0,0x12, 0x90,0x12, 0xAC,0x09, 0x0E,0x0A, 0x0E,0x0A, 0x0E,0x0A, 0x2F,0x0A, 0x2F,0x0A, 0x4F,0x0A, 0x73,0x1B, 0x4F,0x0A,
 0x50,0x0A, 0x50,0x0A, 0x50,0x0A, 0x70,0x0A, 0xF5,0x1B, 0x12,0x13, 0x50,0x0A, 0x70,0x0A, 0xF2,0x12, 0xF6,0x23, 0x71,0x0A, 0xB2,0x12,
 0xB1,0x0A, 0xB2,0x0A, 0xB2,0x0A, 0xD2,0x0A, 0xB2,0x0A, 0x15,0x1C, 0xF5,0x13, 0xB2,0x0A, 0xF3,0x12, 0xF3,0x0A, 0x13,0x13, 0xF3,0x12,
 0x13,0x13, 0x14,0x13, 0x14,0x13, 0x14,0x13, 0x14,0x13, 0x34,0x13, 0x34,0x13, 0x34,0x13, 0x34,0x0B, 0x34,0x0B, 0x54,0x13, 0x55,0x0B,
 0x55,0x0B, 0x55,0x13, 0x55,0x13, 0x55,0x0B, 0x55,0x13, 0x55,0x13, 0x75,0x13, 0x55,0x13, 0x75,0x13, 0x55,0x13, 0x55,0x13, 0x55,0x0B,
 0x55,0x0B, 0x55,0x0B, 0x55,0x13, 0x55,0x13, 0x55,0x13, 0x55,0x0B, 0x55,0x13, 0x55,0x13, 0x55,0x13, 0x55,0x13, 0x35,0x13, 0x35,0x0B,
 0x75,0x13, 0xD5,0x13, 0x34,0x13, 0x34,0x13, 0x34,0x13, 0x34,0x13, 0x34,0x13, 0x14,0x13, 0x14,0x13, 0x14,0x13, 0x14,0x13, 0x14,0x13,
 0xF3,0x12, 0xF3,0x12, 0xF3,0x12, 0xF3,0x12, 0xD3,0x12, 0xD3,0x12, 0xD3,0x12, 0xD2,0x12, 0xB2,0x12, 0xB2,0x12, 0xB2,0x12, 0xB2,0x12,
 0x92,0x12, 0x92,0x12, 0x92,0x12, 0x92,0x12, 0x92,0x12, 0x71,0x12, 0x71,0x12, 0x71,0x12, 0x51,0x12, 0x51,0x1A, 0x51,0x1A, 0x51,0x12,
 0x51,0x1A, 0x31,0x1A, 0x31,0x1A, 0x30,0x1A, 0x30,0x1A, 0x10,0x1A, 0x10,0x1A, 0x10,0x1A, 0x10,0x1A, 0x10,0x1A, 0xF0,0x19, 0xF0,0x19,
 0xF0,0x19, 0xF0,0x19, 0xF0,0x19, 0xF0,0x19, 0xD0,0x19, 0xD0,0x19, 0xAF,0x19, 0xAF,0x21, 0xAF,0x21, 0xAF,0x21, 0xAF,0x21, 0xAF,0x21,
 0x8F,0x19, 0x8F,0x21, 0x8F,0x21, 0x8F,0x21, 0x6F,0x21, 0x6E,0x21, 0x4D,0x19, 0x52,0x2A, 0x31,0x2A, 0x2E,0x19, 0x4E,0x21, 0x6E,0x21,
 0x52,0x2A, 0x6F,0x21, 0x2D,0x21, 0x92,0x2A, 0x4E,0x21, 0x2E,0x21, 0x2E,0x21, 0x2E,0x21, 0x0E,0x21, 0x0D,0x21, 0x0D,0x21, 0x0D,0x21,
 0x0D,0x21, 0x0D,0x21, 0x0D,0x21, 0xED,0x20, 0x0D,0x21, 0xED,0x20, 0xEC,0x20, 0xEC,0x20, 0xEC,0x20, 0xEC,0x20, 0xCC,0x20, 0xCC,0x20,
 0xCC,0x20, 0xCC,0x20, 0xCC,0x20, 0xCC,0x20, 0xCC,0x20, 0xCC,0x20, 0xCC,0x20, 0xCC,0x20, 0xED,0x20, 0x2E,0x21, 0xEC,0x20, 0xCB,0x20,

 0xA7,0x00, 0xA7,0x00, 0xA7,0x00, 0xA7,0x00, 0xA7,0x00, 0xC7,0x00, 0xC8,0x00, 0xC7,0x00, 0xC8,0x00, 0xC8,0x00, 0xC8,0x00, 0xC8,0x08,
 0xC8,0x08, 0xC8,0x00, 0xC8,0x00, 0xC8,0x00, 0xE8,0x00, 0xC8,0x00, 0xE9,0x00, 0xE9,0x00, 0xE9,0x00, 0x09,0x01, 0xE8,0x00, 0x6C,0x09,
 0xEF,0x09, 0xAE,0x11, 0x2A,0x09, 0x09,0x01, 0xEE,0x09, 0xB2,0x0A, 0x71,0x12, 0x4A,0x01, 0x09,0x01, 0x2F,0x12, 0x14,0x13, 0xD2,0x12,
 0x4A,0x01, 0x0A,0x01, 0xB5,0x1B, 0x7B,0x1D, 0x57,0x24, 0x6B,0x01, 0x6B,0x01, 0x6B,0x01, 0x8B,0x01, 0x8C,0x01, 0x8C,0x01, 0x8C,0x01,
 0x8C,0x01, 0x8C,0x01, 0xED,0x09, 0xB0,0x1A, 0xCD,0x09, 0xAC,0x09, 0x8C,0x09, 0x0E,0x0A, 0xD1,0x1A, 0xED,0x09, 0xCC,0x09, 0xCD,0x01,
 0xD0,0x1A, 0x8F,0x12, 0xAC,0x01, 0xED,0x09, 0xCD,0x09, 0x2F,0x0A, 0x2F,0x0A, 0x0E,0x0A, 0x2F,0x0A, 0x2F,0x0A, 0x73,0x1B, 0x4F,0x0A,
 0x4F,0x0A, 0x2F,0x0A, 0x50,0x0A, 0xF5,0x1B, 0x12,0x13, 0x2F,0x0A, 0x70,0x0A, 0x50,0x0A, 0xF2,0x12, 0xF6,0x23, 0x91,0x0A, 0xB1,0x12,
 0xB1,0x12, 0xB2,0x0A, 0xB2,0x0A, 0xD2,0x0A, 0x91,0x0A, 0xF5,0x1B, 0xF5,0x13, 0xB2,0x0A, 0xF3,0x0A, 0xF3,0x0A, 0xF3,0x12, 0x13,0x13,
 0xF3,0x0A, 0x13,0x13, 0x14,0x13, 0x14,0x13, 0x14,0x13, 0x14,0x13, 0x34,0x0B, 0x34,0x13, 0x34,0x13, 0x34,0x13, 0x34,0x13, 0x34,0x13,
 0x55,0x13, 0x54,0x0B, 0x54,0x0B, 0x55,0x0B, 0x55,0x0B, 0x55,0x13, 0x55,0x13, 0x55,0x13, 0x55,0x0B, 0x55,0x0B, 0x55,0x0B, 0x55,0x13,
 0x55,0x13, 0x55,0x13, 0x55,0x0B, 0x55,0x0B, 0x55,0x0B, 0x55,0x13, 0x55,0x13, 0x55,0x13, 0x55,0x13, 0x55,0x13, 0x55,0x13, 0x55,0x13,
 0x34,0x13, 0x14,0x13, 0x34,0x13, 0x34,0x13, 0x34,0x13, 0x14,0x0B, 0x14,0x13, 0x14,0x13, 0x14,0x13, 0x14,0x13, 0x14,0x13, 0x14,0x13,
 0xF3,0x12, 0xF3,0x12, 0xF3,0x12, 0xD3,0x12, 0xD3,0x12, 0xD3,0x12, 0xD3,0x12, 0xB2,0x12, 0xB2,0x12, 0xB2,0x12, 0xB2,0x12, 0x92,0x12,
 0x92,0x12, 0x92,0x12, 0x92,0x12, 0x92,0x12, 0x71,0x12, 0x71,0x12, 0x71,0x1A, 0x71,0x1A, 0x71,0x12, 0x51,0x1A, 0x51,0x12, 0x31,0x12,
 0x31,0x1A, 0x31,0x1A, 0x30,0x12, 0x30,0x1A, 0x10,0x1A, 0x10,0x1A, 0x10,0x1A, 0x10,0x1A, 0x10,0x1A, 0x10,0x1A, 0xF0,0x19, 0xF0,0x19,
 0x10,0x1A, 0xF0,0x19, 0xD0,0x19, 0xD0,0x19, 0xCF,0x19, 0xCF,0x19, 0xAF,0x19, 0xAF,0x19, 0xAF,0x21, 0xAF,0x21, 0x8F,0x21, 0x8F,0x21,
 0x8F,0x21, 0x8F,0x19, 0x8F,0x21, 0x6E,0x21, 0x6E,0x21, 0x4E,0x19, 0x51,0x2A, 0x51,0x2A, 0x4E,0x19, 0x4E,0x21, 0x6E,0x21, 0x72,0x2A,
 0x6F,0x21, 0x0E,0x21, 0x4E,0x21, 0x2E,0x21, 0x2E,0x21, 0x2E,0x21, 0x2E,0x21, 0x2E,0x21, 0x0E,0x21, 0x0E,0x21, 0x0D,0x21, 0x0D,0x21,
 0x0D,0x21, 0x0D,0x21, 0x0D,0x21, 0x0D,0x21, 0xED,0x20, 0xED,0x20, 0xED,0x20, 0xED,0x20, 0xEC,0x20, 0xEC,0x20, 0xCC,0x20, 0xCC,0x20,
 0xCC,0x20, 0xCC,0x20, 0xCC,0x20, 0xCC,0x20, 0xCD,0x20, 0xCD,0x20, 0xCC,0x20, 0xED,0x20, 0x2E,0x21, 0xEC,0x20, 0xCC,0x20, 0xAB,0x20,

 0xA7,0x00, 0xA7,0x00, 0xA7,0x00, 0xA7,0x00, 0xA7,0x00, 0xA7,0x00, 0xC8,0x00, 0xC8,0x00, 0xC8,0x00, 0xC8,0x08, 0xC8,0x08, 0xC8,0x08,
 0xC8,0x08, 0xC8,0x00, 0xC8,0x00, 0xC8,0x00, 0xC8,0x00, 0xC8,0x00, 0xE8,0x00, 0xE8,0x00, 0xE8,0x00, 0x09,0x01, 0x09,0x01, 0xE9,0x08,
 0xE9,0x08, 0x09,0x01, 0x09,0x01, 0x29,0x09, 0x2A,0x01, 0x2A,0x01, 0x2A,0x01, 0x2A,0x01, 0x29,0x01, 0x29,0x01, 0x2A,0x09, 0x2A,0x01,
 0x4A,0x01, 0x4A,0x01, 0x6B,0x01, 0x8C,0x09, 0x6B,0x09, 0x6B,0x01, 0x6B,0x01, 0x6B,0x01, 0x8B,0x01, 0x8B,0x01, 0x8C,0x01, 0x8C,0x01,
 0x6B,0x01, 0xCD,0x09, 0xB0,0x1A, 0xCC,0x09, 0xAC,0x09, 0xAC,0x01, 0x0D,0x0A, 0xD0,0x1A, 0xCD,0x09, 0xAC,0x09, 0xAC,0x01, 0xD0,0x1A,
 0x8F,0x12, 0xAC,0x01, 0xED,0x09, 0xCD,0x09, 0x4F,0x0A, 0x73,0x1B, 0x2F,0x0A, 0x2F,0x0A, 0x0E,0x02, 0xD1,0x12, 0x73,0x1B, 0x2F,0x0A,
 0x2F,0x0A, 0x4F,0x0A, 0xD5,0x1B, 0x12,0x13, 0x0F,0x0A, 0x70,0x0A, 0x70,0x0A, 0x50,0x0A, 0xF2,0x12, 0xF6,0x23, 0x71,0x0A, 0xB1,0x12,
 0xB1,0x0A, 0xB2,0x0A, 0xB2,0x0A, 0xD2,0x0A, 0x91,0x0A, 0xF5,0x1B, 0xF5,0x13, 0xB2,0x0A, 0xF2,0x0A, 0xF3,0x0A, 0xF3,0x12, 0x13,0x13,
 0xF3,0x0A, 0x13,0x13, 0x13,0x13, 0x14,0x13, 0x14,0x13, 0x14,0x13, 0x14,0x13, 0x14,0x13, 0x34,0x13, 0x34,0x13, 0x34,0x0B, 0x34,0x13,
 0x54,0x13, 0x54,0x0B, 0x95,0x13, 0x55,0x0B, 0x34,0x0B, 0x54,0x0B, 0x55,0x13, 0x55,0x13, 0x55,0x13, 0x55,0x13, 0x55,0x0B, 0x55,0x13,
 0x55,0x0B, 0x55,0x0B, 0x55,0x0B, 0x55,0x0B, 0x55,0x0B, 0x55,0x13, 0x55,0x13, 0x55,0x13, 0x34,0x13, 0x35,0x13, 0x55,0x13, 0x34,0x13,
 0x34,0x13, 0x34,0x13, 0x34,0x13, 0x14,0x13, 0x14,0x13, 0x14,0x13, 0x14,0x13, 0x14,0x13, 0x14,0x13, 0x14,0x13, 0x14,0x13, 0x14,0x13,
 0xF3,0x12, 0xF3,0x12, 0xF3,0x12, 0xD3,0x12, 0xD2,0x12, 0xD2,0x12, 0xB2,0x12, 0xB2,0x12, 0xB2,0x12, 0xB2,0x12, 0xB2,0x12, 0x92,0x12,
 0x92,0x12, 0x91,0x12, 0x91,0x12, 0x71,0x12, 0x71,0x12, 0x71,0x12, 0x71,0x1A, 0x51,0x12, 0x51,0x1A, 0x51,0x12, 0x51,0x12, 0x31,0x12,
 0x31,0x1A, 0x31,0x12, 0x30,0x1A, 0x30,0x1A, 0x10,0x1A, 0x10,0x1A, 0x10,0x1A, 0x10,0x1A, 0x10,0x1A, 0x10,0x1A, 0xF0,0x19, 0xF0,0x19,
 0xF0,0x19, 0xF0,0x19, 0xD0,0x19, 0xD0,0x19, 0xCF,0x19, 0xCF,0x19, 0xAF,0x19, 0xAF,0x21, 0x8F,0x21, 0xAF,0x21, 0x8F,0x21, 0x8F,0x21,
 0x8F,0x21, 0x8F,0x21, 0x8F,0x19, 0x6E,0x21, 0x4E,0x19, 0x51,0x2A, 0x31,0x22, 0x2D,0x21, 0x4E,0x21, 0x6F,0x21, 0x72,0x2A, 0x8F,0x21,
 0x0D,0x21, 0x4E,0x21, 0x4E,0x21, 0x2E,0x21, 0x2E,0x21, 0x2E,0x21, 0x2E,0x21, 0x2E,0x21, 0x0E,0x29, 0x0E,0x21, 0x0D,0x21, 0x0D,0x21,
 0x0D,0x21, 0x0D,0x21, 0x0D,0x21, 0x0D,0x21, 0xED,0x20, 0xED,0x20, 0xED,0x20, 0xEC,0x20, 0xED,0x20, 0xED,0x20, 0xCC,0x20, 0xCC,0x20,
 0xCC,0x20, 0xCC,0x20, 0xCC,0x20, 0xCD,0x20, 0xED,0x20, 0xCD,0x20, 0x0D,0x21, 0x4E,0x21, 0x0D,0x21, 0xCC,0x20, 0xCB,0x20, 0xCC,0x20,

 0xA7,0x00, 0xA7,0x00, 0xC7,0x00, 0xC7,0x00, 0xC7,0x00, 0xA7,0x00, 0xA8,0x00, 0xC8,0x00, 0xC8,0x00, 0xC8,0x00, 0xC8,0x00, 0xC8,0x00,
 0xC8,0x08, 0xC8,0x08, 0xC8,0x00, 0xC8,0x00, 0xC8,0x00, 0xE8,0x00, 0xE8,0x00, 0xE8,0x00, 0xE8,0x00, 0xE9,0x00, 0x09,0x01, 0xE8,0x00,
 0xE8,0x00, 0xE8,0x00, 0x09,0x01, 0x09,0x01, 0x09,0x01, 0x29,0x01, 0x2A,0x01, 0x2A,0x01, 0x2A,0x01, 0x2A,0x01, 0x2A,0x01, 0x4A,0x01,
 0x4A,0x01, 0x4A,0x09, 0x4A,0x01, 0x6A,0x01, 0x6B,0x01, 0x6B,0x01, 0x6B,0x01, 0x6B,0x01, 0x8B,0x01, 0x8B,0x01, 0x8C,0x01, 0x6B,0x01,
 0xAC,0x09, 0x8F,0x1A, 0xCC,0x09, 0x8C,0x09, 0x8C,0x01, 0x0D,0x0A, 0xB0,0x12, 0xCC,0x09, 0xAC,0x09, 0xAC,0x01, 0xB0,0x12, 0x8F,0x12,
 0xAC,0x01, 0xED,0x09, 0xAD,0x09, 0x2E,0x0A, 0x73,0x1B, 0x4F,0x0A, 0x0E,0x0A, 0x0E,0x0A, 0xB1,0x0A, 0x93,0x1B, 0x2F,0x0A, 0x2F,0x0A,
 0x4F,0x0A, 0xB4,0x1B, 0xF1,0x12, 0x0F,0x0A, 0x70,0x0A, 0x50,0x0A, 0x70,0x0A, 0x50,0x0A, 0xD2,0x0A, 0xF6,0x23, 0x71,0x0A, 0x91,0x0A,
 0x91,0x0A, 0xB1,0x0A, 0xB2,0x0A, 0xB2,0x0A, 0x91,0x0A, 0xF5,0x1B, 0xF5,0x13, 0xB1,0x0A, 0xD2,0x0A, 0xF3,0x0A, 0xF3,0x0A, 0xF3,0x0A,
 0xF3,0x0A, 0xF3,0x0A, 0x13,0x13, 0x13,0x13, 0x14,0x0B, 0x14,0x13, 0x14,0x13, 0x14,0x0B, 0x14,0x0B, 0x34,0x0B, 0x34,0x0B, 0x34,0x13,
 0x34,0x13, 0x34,0x13, 0x54,0x13, 0x54,0x13, 0x34,0x13, 0x34,0x13, 0x34,0x13, 0x34,0x13, 0x34,0x0B, 0x34,0x13, 0x34,0x13, 0x34,0x0B,
 0x34,0x0B, 0x34,0x13, 0x54,0x0B, 0x55,0x0B, 0x54,0x0B, 0x34,0x13, 0x35,0x13, 0x55,0x13, 0x55,0x13, 0x34,0x13, 0x34,0x13, 0x34,0x13,
 0x34,0x13, 0x34,0x13, 0x14,0x13, 0x14,0x13, 0x14,0x13, 0x14,0x13, 0x14,0x13, 0x14,0x13, 0x14,0x13, 0x14,0x13, 0x13,0x13, 0xF3,0x12,
 0xF3,0x12, 0xF3,0x12, 0xD3,0x12, 0xD2,0x12, 0xD2,0x12, 0xD2,0x12, 0xB2,0x12, 0xB2,0x12, 0xB2,0x12, 0xB2,0x12, 0xB2,0x12, 0xB2,0x12,
 0x92,0x12, 0x91,0x12, 0x71,0x12, 0x71,0x12, 0x71,0x12, 0x71,0x12, 0x71,0x12, 0x51,0x12, 0x51,0x12, 0x51,0x12, 0x51,0x12, 0x51,0x12,
 0x31,0x12, 0x30,0x12, 0x30,0x1A, 0x30,0x12, 0x30,0x12, 0x10,0x1A, 0x10,0x1A, 0x10,0x1A, 0x10,0x1A, 0x10,0x1A, 0x10,0x1A, 0xF0,0x19,
 0xF0,0x19, 0xEF,0x19, 0xCF,0x19, 0xD0,0x19, 0xCF,0x19, 0xAF,0x19, 0xAF,0x19, 0xAF,0x21, 0xAF,0x21, 0xAF,0x21, 0x8F,0x21, 0x8F,0x21,
 0x8F,0x21, 0x8F,0x19, 0x8E,0x21, 0x4E,0x19, 0x52,0x2A, 0x31,0x2A, 0x4E,0x19, 0x4E,0x21, 0x6E,0x21, 0x72,0x2A, 0x8F,0x21, 0x2E,0x21,
 0x4E,0x21, 0x4E,0x21, 0x2E,0x21, 0x4E,0x21, 0x2E,0x21, 0x2E,0x21, 0x2E,0x21, 0x2E,0x21, 0x0D,0x21, 0x0E,0x21, 0x0D,0x21, 0x2D,0x21,
 0x0D,0x21, 0x0D,0x21, 0x0D,0x21, 0x0D,0x21, 0x0D,0x21, 0xED,0x20, 0xEC,0x20, 0xEC,0x20, 0xED,0x20, 0xEC,0x20, 0xCC,0x20, 0xCC,0x20,
 0xCC,0x20, 0xCC,0x20, 0xCD,0x20, 0xED,0x20, 0xED,0x20, 0x0D,0x21, 0x6F,0x21, 0x0D,0x21, 0xCC,0x20, 0xCB,0x20, 0xEC,0x20, 0x2D,0x29,

 0xA7,0x00, 0xA7,0x00, 0xA7,0x00, 0xA7,0x00, 0xA7,0x00, 0xA7,0x00, 0xA7,0x00, 0xC8,0x00, 0xC8,0x00, 0xC8,0x00, 0xC8,0x00, 0xC8,0x00,
 0xC8,0x00, 0xC8,0x00, 0xC8,0x00, 0xC8,0x00, 0xC8,0x00, 0xE8,0x00, 0xE8,0x00, 0xE9,0x00, 0xE9,0x00, 0xE9,0x00, 0x09,0x01, 0x4A,0x01,
 0x8C,0x09, 0x2A,0x09, 0xC8,0x00, 0xE8,0x00, 0xE8,0x00, 0x09,0x01, 0x09,0x01, 0x29,0x01, 0x2A,0x01, 0x2A,0x01, 0x2A,0x01, 0x2A,0x01,
 0x2A,0x01, 0x2A,0x01, 0x4A,0x01, 0x4A,0x01, 0x4A,0x01, 0x4A,0x01, 0x4B,0x01, 0x6B,0x01, 0x6B,0x01, 0x6B,0x01, 0x4B,0x01, 0xAC,0x09,
 0x8F,0x12, 0xAC,0x09, 0x8B,0x01, 0x8B,0x01, 0xED,0x09, 0xB0,0x1A, 0xCC,0x09, 0xAC,0x01, 0xAC,0x01, 0xB0,0x12, 0x8F,0x12, 0x8C,0x01,
 0xED,0x09, 0xCD,0x09, 0x2E,0x0A, 0x73,0x1B, 0x2F,0x0A, 0xED,0x09, 0xEE,0x09, 0x90,0x0A, 0x93,0x23, 0x2E,0x0A, 0x0E,0x0A, 0x2F,0x02,
 0xB4,0x1B, 0xF1,0x12, 0x0E,0x0A, 0x50,0x0A, 0x50,0x0A, 0x70,0x0A, 0x70,0x0A, 0x50,0x0A, 0xD2,0x0A, 0xF6,0x23, 0x70,0x0A, 0x91,0x0A,
 0xB1,0x0A, 0xB1,0x0A, 0xB1,0x0A, 0xB2,0x0A, 0x91,0x0A, 0xF5,0x1B, 0xF5,0x1B, 0x91,0x0A, 0xD2,0x0A, 0xF3,0x0A, 0xF3,0x0A, 0xF3,0x12,
 0xF3,0x0A, 0xF3,0x0A, 0xF3,0x0A, 0xF3,0x0A, 0x13,0x13, 0x13,0x13, 0x14,0x13, 0x14,0x13, 0x34,0x13, 0x14,0x0B, 0x14,0x0B, 0x34,0x13,
 0x34,0x13, 0x34,0x13, 0x34,0x13, 0x34,0x13, 0x34,0x0B, 0x34,0x0B, 0x34,0x0B, 0x34,0x13, 0x34,0x13, 0x34,0x13, 0x34,0x13, 0x34,0x0B,
 0x34,0x13, 0x34,0x0B, 0x14,0x13, 0x14,0x0B, 0x34,0x0B, 0x34,0x0B, 0x34,0x13, 0x34,0x13, 0x34,0x13, 0x34,0x13, 0x34,0x13, 0x34,0x13,
 0x34,0x13, 0x14,0x13, 0x14,0x13, 0x14,0x13, 0x14,0x13, 0x14,0x13, 0x13,0x13, 0x13,0x13, 0xF3,0x12, 0x13,0x13, 0xF3,0x12, 0xF3,0x12,
 0xF3,0x12, 0xD3,0x12, 0xD3,0x12, 0xD2,0x12, 0xD3,0x12, 0xB2,0x12, 0xD2,0x12, 0xB2,0x12, 0xB2,0x12, 0xB2,0x12, 0x92,0x12, 0xB2,0x12,
 0x92,0x12, 0x91,0x12, 0x71,0x12, 0x51,0x12, 0x30,0x12, 0x30,0x12, 0x10,0x12, 0x10,0x12, 0x10,0x12, 0x10,0x12, 0x10,0x12, 0xF0,0x11,
 0xF0,0x11, 0xF0,0x11, 0xF0,0x11, 0xF0,0x11, 0xD0,0x11, 0xD0,0x11, 0xCF,0x11, 0xCF,0x11, 0xCF,0x11, 0xCF,0x11, 0xCF,0x19, 0xCF,0x19,
 0xAF,0x19, 0xAF,0x19, 0xAF,0x19, 0x8F,0x19, 0x8F,0x19, 0x8F,0x19, 0x8F,0x19, 0x6F,0x19, 0x6F,0x19, 0x6F,0x19, 0x6E,0x19, 0x6E,0x19,
 0x4E,0x19, 0x4E,0x19, 0x4E,0x19, 0x72,0x2A, 0x52,0x2A, 0x4E,0x19, 0x4E,0x21, 0x8F,0x19, 0x93,0x2A, 0x8F,0x21, 0x2E,0x21, 0x4E,0x21,
 0x4E,0x21, 0x4E,0x21, 0x4E,0x21, 0x2E,0x21, 0x2E,0x21, 0x2E,0x21, 0x2E,0x21, 0x4E,0x29, 0xB0,0x29, 0x0D,0x21, 0x2E,0x21, 0x2E,0x21,
 0x2E,0x21, 0x0D,0x21, 0x0D,0x21, 0x0D,0x21, 0x0D,0x21, 0xED,0x20, 0xED,0x20, 0xED,0x20, 0xEC,0x20, 0xCC,0x20, 0xCC,0x20, 0xCC,0x20,
 0xCC,0x20, 0xCC,0x20, 0xED,0x28, 0xED,0x20, 0x0E,0x21, 0x8F,0x29, 0x2E,0x21, 0xCC,0x20, 0xCB,0x20, 0xEC,0x20, 0x2D,0x29, 0xCB,0x20,

 0xA7,0x00, 0xA7,0x00, 0xA7,0x00, 0xA7,0x00, 0xA7,0x00, 0xA7,0x00, 0xC7,0x00, 0xC8,0x00, 0xC8,0x00, 0xC8,0x00, 0xC8,0x00, 0xC8,0x00,
 0xC8,0x00, 0xC8,0x00, 0xC8,0x00, 0xC8,0x00, 0xC8,0x00, 0xC8,0x00, 0xE8,0x00, 0xE9,0x00, 0xE9,0x00, 0xE9,0x00, 0x0A,0x09, 0xAD,0x09,
 0x2A,0x01, 0x8C,0x11, 0x4B,0x09, 0x4B,0x09, 0x6B,0x09, 0x6B,0x09, 0x8C,0x09, 0x8C,0x09, 0xAC,0x09, 0xAD,0x09, 0xAD,0x09, 0xAD,0x09,
 0xAD,0x09, 0xCD,0x09, 0xCD,0x09, 0xCD,0x09, 0xCD,0x09, 0xCD,0x09, 0xCD,0x09, 0xED,0x09, 0xEE,0x09, 0xEE,0x09, 0xEE,0x09, 0x6F,0x12,
 0xAC,0x09, 0x8B,0x01, 0x8B,0x01, 0xED,0x09, 0xB0,0x12, 0xCC,0x09, 0xAC,0x01, 0xAC,0x01, 0xB0,0x12, 0x6F,0x12, 0x8C,0x01, 0xCD,0x09,
 0xAC,0x09, 0x2E,0x0A, 0x73,0x23, 0x2E,0x0A, 0xEE,0x09, 0xEE,0x09, 0x90,0x0A, 0x93,0x1B, 0x2E,0x0A, 0x0E,0x0A, 0x2F,0x02, 0x93,0x1B,
 0xF1,0x12, 0x0E,0x02, 0x4F,0x0A, 0x4F,0x0A, 0x50,0x0A, 0x50,0x0A, 0x70,0x0A, 0x50,0x0A, 0xD2,0x12, 0xF6,0x23, 0x70,0x0A, 0x91,0x0A,
 0x91,0x0A, 0xB1,0x0A, 0xB1,0x0A, 0xB1,0x0A, 0x91,0x0A, 0xF5,0x1B, 0xF5,0x1B, 0x91,0x0A, 0xD2,0x0A, 0xD2,0x0A, 0xD2,0x0A, 0xD2,0x0A,
 0xF3,0x0A, 0xF3,0x0A, 0xF3,0x0A, 0xF3,0x0A, 0xF3,0x0A, 0x13,0x13, 0x13,0x13, 0x14,0x0B, 0x14,0x0B, 0x14,0x0B, 0x14,0x0B, 0x14,0x0B,
 0x14,0x0B, 0x34,0x13, 0x34,0x13, 0x34,0x13, 0x34,0x13, 0x34,0x13, 0x34,0x13, 0x34,0x13, 0x34,0x13, 0x34,0x13, 0x34,0x0B, 0x34,0x13,
 0x34,0x13, 0x14,0x0B, 0xF6,0x0B, 0x39,0x15, 0x95,0x0B, 0x34,0x0B, 0x34,0x13, 0x34,0x13, 0x34,0x13, 0x34,0x13, 0x34,0x13, 0x14,0x13,
 0x14,0x13, 0x14,0x13, 0x14,0x13, 0x14,0x13, 0x14,0x13, 0x14,0x13, 0x14,0x13, 0x13,0x13, 0xF3,0x12, 0xF3,0x12, 0xF3,0x12, 0xF3,0x12,
 0xF3,0x12, 0xD2,0x12, 0xD2,0x12, 0xD2,0x12, 0xB2,0x12, 0xB2,0x12, 0xB2,0x12, 0xB2,0x12, 0xB2,0x12, 0xB2,0x0A, 0xB2,0x12, 0x91,0x12,
 0x92,0x12, 0x92,0x12, 0x51,0x12, 0x91,0x12, 0xB5,0x1B, 0x95,0x1B, 0x74,0x1B, 0x74,0x1B, 0x74,0x1B, 0x54,0x1B, 0x53,0x1B, 0x53,0x1B,
 0x53,0x1B, 0x34,0x23, 0x33,0x1B, 0x33,0x1B, 0x13,0x23, 0x13,0x23, 0x13,0x23, 0x13,0x23, 0xF3,0x22, 0xF3,0x22, 0xF3,0x22, 0xD3,0x22,
 0xD3,0x22, 0xB3,0x22, 0xB3,0x22, 0xB2,0x22, 0x92,0x22, 0x92,0x22, 0x92,0x22, 0x72,0x22, 0x72,0x22, 0x72,0x22, 0x52,0x2A, 0x52,0x2A,
 0x52,0x2A, 0x11,0x22, 0x72,0x2A, 0x51,0x22, 0x4D,0x19, 0x4D,0x21, 0x8F,0x19, 0x93,0x2A, 0x8F,0x21, 0x2E,0x21, 0x4E,0x21, 0x4E,0x21,
 0x4E,0x21, 0x4E,0x21, 0x4E,0x21, 0x2E,0x21, 0x2E,0x21, 0x2E,0x21, 0x2E,0x21, 0x4E,0x21, 0x8F,0x29, 0x2E,0x21, 0x2E,0x21, 0x2E,0x21,
 0x6F,0x29, 0x2D,0x21, 0x2D,0x21, 0x0D,0x21, 0xED,0x20, 0xED,0x20, 0xED,0x20, 0xED,0x20, 0xED,0x20, 0xCC,0x20, 0xCC,0x20, 0xCC,0x20,
 0xCC,0x20, 0xED,0x28, 0xED,0x20, 0x0E,0x21, 0xB0,0x29, 0x2E,0x21, 0xCC,0x20, 0xCC,0x20, 0xEC,0x20, 0x2E,0x29, 0xCB,0x20, 0xCB,0x20,

 0xA7,0x00, 0xA7,0x00, 0xA7,0x00, 0xA7,0x00, 0xA7,0x00, 0xA7,0x00, 0xA7,0x00, 0xA8,0x00, 0xC8,0x00, 0xC8,0x00, 0xC8,0x00, 0xC8,0x00,
 0xC8,0x00, 0xC8,0x00, 0xC8,0x00, 0xC8,0x00, 0xC8,0x00, 0xC8,0x00, 0xC8,0x00, 0xE8,0x00, 0xE9,0x00, 0xE9,0x00, 0x0A,0x01, 0xAD,0x11,
 0x29,0x09, 0x8C,0x11, 0x6B,0x09, 0x6B,0x09, 0x6B,0x09, 0x6B,0x09, 0x8C,0x09, 0x8C,0x09, 0x8C,0x09, 0xAD,0x09, 0xAD,0x09, 0xCD,0x09,
 0xCD,0x09, 0xCD,0x09, 0xCD,0x09, 0xCD,0x09, 0xCD,0x09, 0xCD,0x09, 0xEE,0x09, 0xEE,0x09, 0xEE,0x09, 0xEE,0x09, 0xED,0x09, 0x8C,0x09,
 0x6B,0x09, 0x6B,0x01, 0xED,0x09, 0xB0,0x1A, 0xAC,0x09, 0x8C,0x09, 0xAC,0x01, 0xB0,0x12, 0x6F,0x12, 0x8B,0x01, 0xCD,0x09, 0xAC,0x01,
 0x0E,0x0A, 0x73,0x23, 0x2E,0x0A, 0xCD,0x01, 0xED,0x01, 0x90,0x0A, 0x93,0x23, 0x0E,0x0A, 0xED,0x09, 0x0E,0x0A, 0x93,0x1B, 0xD1,0x12,
 0x0E,0x02, 0x4F,0x0A, 0x2F,0x0A, 0x4F,0x0A, 0x50,0x0A, 0x50,0x0A, 0x50,0x0A, 0x50,0x0A, 0xD1,0x12, 0xF5,0x23, 0x70,0x0A, 0x91,0x0A,
 0x91,0x0A, 0xB1,0x0A, 0x91,0x0A, 0xB1,0x0A, 0x70,0x0A, 0xD4,0x13, 0xD4,0x13, 0x71,0x0A, 0xD2,0x0A, 0xD2,0x0A, 0xD2,0x0A, 0xD2,0x0A,
 0xD2,0x0A, 0xF3,0x0A, 0xF3,0x12, 0xF3,0x0A, 0xF3,0x0A, 0xF3,0x0A, 0xF3,0x0A, 0x13,0x0B, 0x13,0x0B, 0x13,0x0B, 0x13,0x13, 0x14,0x13,
 0x14,0x13, 0x14,0x13, 0x14,0x0B, 0x14,0x0B, 0x14,0x0B, 0x14,0x0B, 0x14,0x0B, 0x14,0x0B, 0x14,0x0B, 0x14,0x0B, 0x14,0x0B, 0x14,0x0B,
 0x34,0x0B, 0xF3,0x0A, 0x77,0x0C, 0xBC,0x16, 0x95,0x0B, 0xF3,0x0A, 0x34,0x0B, 0x14,0x0B, 0x34,0x13, 0x14,0x13, 0x14,0x13, 0x14,0x13,
 0x14,0x13, 0x14,0x13, 0x14,0x13, 0x13,0x13, 0x13,0x13, 0xF3,0x12, 0xF3,0x12, 0xF3,0x0A, 0xF3,0x12, 0xF3,0x12, 0xF3,0x12, 0xD3,0x12,
 0xD3,0x12, 0xD2,0x12, 0xD2,0x12, 0xB2,0x12, 0xB2,0x12, 0xB2,0x12, 0xB2,0x12, 0xB2,0x12, 0xB2,0x12, 0x92,0x12, 0x92,0x12, 0x91,0x12,
 0x92,0x12, 0x71,0x12, 0x71,0x0A, 0x57,0x24, 0xB4,0x1B, 0x54,0x1B, 0x74,0x1B, 0x54,0x1B, 0x54,0x1B, 0x53,0x1B, 0x53,0x1B, 0x33,0x1B,
 0x33,0x1B, 0x33,0x23, 0x13,0x23, 0x13,0x1B, 0x13,0x23, 0xF3,0x22, 0xF3,0x22, 0xF3,0x22, 0xD3,0x22, 0xD3,0x22, 0xD2,0x22, 0xB2,0x22,
 0xB2,0x22, 0x92,0x22, 0x92,0x22, 0x92,0x22, 0x92,0x22, 0x72,0x22, 0x72,0x22, 0x72,0x22, 0x52,0x2A, 0x52,0x22, 0x52,0x22, 0x51,0x22,
 0x31,0x2A, 0x31,0x2A, 0xF0,0x21, 0x6E,0x19, 0x4D,0x21, 0x8E,0x19, 0x93,0x2A, 0x8F,0x21, 0x2E,0x21, 0x4E,0x21, 0x4E,0x21, 0x4E,0x21,
 0x4E,0x21, 0x2E,0x21, 0x2E,0x21, 0x2E,0x21, 0x2E,0x21, 0x2E,0x21, 0x4E,0x21, 0x2E,0x21, 0x2E,0x21, 0x2E,0x21, 0x2E,0x21, 0x2E,0x21,
 0x2E,0x21, 0x0D,0x21, 0x0D,0x21, 0x0D,0x21, 0xED,0x20, 0xED,0x20, 0xED,0x20, 0xED,0x20, 0xCC,0x20, 0xCC,0x20, 0xED,0x20, 0xCD,0x20,
 0xED,0x28, 0xED,0x28, 0x2E,0x21, 0xD0,0x29, 0x4E,0x21, 0xCC,0x20, 0xCB,0x20, 0xED,0x20, 0x2E,0x29, 0xCC,0x20, 0xCB,0x20, 0xCB,0x20,

 0xA7,0x00, 0xA7,0x00, 0xA7,0x00, 0xA7,0x00, 0xA7,0x00, 0xA7,0x00, 0xA7,0x08, 0xA8,0x00, 0xC8,0x00, 0xA8,0x00, 0xC8,0x00, 0xC8,0x00,
 0xC8,0x00, 0xC8,0x00, 0xC8,0x08, 0xC8,0x00, 0xC8,0x00, 0xC8,0x00, 0xC8,0x00, 0xE8,0x00, 0xE9,0x00, 0xE9,0x00, 0xE9,0x00, 0x2A,0x09,
 0x8B,0x09, 0x29,0x09, 0xC7,0x00, 0xE8,0x00, 0xE8,0x00, 0x08,0x01, 0x09,0x01, 0x09,0x01, 0x09,0x01, 0x29,0x01, 0x29,0x01, 0x29,0x01,
 0x29,0x01, 0x2A,0x01, 0x2A,0x01, 0x2A,0x01, 0x4A,0x01, 0x4A,0x01, 0x4A,0x01, 0x4A,0x01, 0x4B,0x01, 0x6B,0x01, 0x6B,0x01, 0x8B,0x01,
 0x6B,0x01, 0xCC,0x09, 0x90,0x12, 0xAC,0x01, 0x8B,0x01, 0x8C,0x01, 0x8F,0x12, 0x6F,0x12, 0x8C,0x01, 0xCD,0x09, 0xAC,0x01, 0xED,0x09,
 0x53,0x1B, 0x2E,0x0A, 0xCD,0x09, 0xED,0x01, 0x6F,0x0A, 0x93,0x23, 0x0E,0x0A, 0xCD,0x09, 0x0E,0x02, 0x73,0x1B, 0xF1,0x12, 0x0E,0x02,
 0x4F,0x0A, 0x4F,0x0A, 0x4F,0x0A, 0x4F,0x0A, 0x50,0x0A, 0x50,0x0A, 0x50,0x0A, 0x2F,0x0A, 0xF2,0x12, 0x57,0x24, 0x70,0x0A, 0x91,0x0A,
 0x91,0x0A, 0x91,0x0A, 0x91,0x0A, 0x91,0x0A, 0xB1,0x0A, 0xB7,0x2C, 0x97,0x24, 0xB2,0x0A, 0xB2,0x0A, 0xD2,0x0A, 0xD2,0x0A, 0xD2,0x0A,
 0xD2,0x12, 0xD2,0x0A, 0xD2,0x0A, 0xF3,0x12, 0xF3,0x12, 0xF3,0x0A, 0xF3,0x0A, 0xF3,0x0A, 0xF3,0x12, 0xF3,0x0A, 0xF3,0x0A, 0xF3,0x0A,
 0xF3,0x0A, 0xF3,0x0A, 0xF3,0x0A, 0x13,0x0B, 0x13,0x0B, 0x13,0x0B, 0x34,0x0B, 0x34,0x0B, 0x54,0x0B, 0x54,0x0B, 0x54,0x0B, 0x55,0x0B,
 0x75,0x0B, 0x55,0x0B, 0x75,0x0B, 0x95,0x0B, 0x54,0x0B, 0x34,0x0B, 0x34,0x0B, 0x14,0x0B, 0x14,0x0B, 0x13,0x0B, 0xF3,0x0A, 0xF3,0x0A,
 0xF3,0x0A, 0xF3,0x0A, 0xF3,0x12, 0xF3,0x0A, 0xF3,0x0A, 0xF3,0x12, 0xF3,0x12, 0xF3,0x12, 0xF3,0x12, 0xF3,0x12, 0xF3,0x12, 0xD3,0x12,
 0xD2,0x12, 0xD2,0x12, 0xD2,0x12, 0xB2,0x12, 0xB2,0x12, 0xB2,0x12, 0xB2,0x12, 0xB2,0x12, 0x92,0x12, 0x92,0x12, 0x92,0x12, 0x92,0x12,
 0x71,0x12, 0x91,0x0A, 0x98,0x2C, 0x33,0x1B, 0xEF,0x09, 0x10,0x0A, 0x10,0x0A, 0x10,0x0A, 0x10,0x12, 0x10,0x12, 0x10,0x0A, 0xF0,0x11,
 0xEF,0x11, 0xEF,0x11, 0xCF,0x11, 0xCF,0x11, 0xCF,0x11, 0xCF,0x11, 0xCF,0x11, 0xCF,0x11, 0xAF,0x11, 0xAF,0x19, 0xAF,0x19, 0x8F,0x19,
 0x8F,0x19, 0x8F,0x19, 0x8F,0x19, 0x8F,0x19, 0x8F,0x19, 0x8F,0x19, 0x8F,0x19, 0x6F,0x19, 0x6E,0x19, 0x6E,0x19, 0x6E,0x19, 0x6E,0x19,
 0x6E,0x19, 0x4E,0x19, 0x6E,0x21, 0x4E,0x21, 0x8F,0x19, 0xB3,0x2A, 0x8F,0x21, 0x2E,0x21, 0x6E,0x21, 0x4E,0x21, 0x4E,0x21, 0x4F,0x21,
 0x4E,0x21, 0x4E,0x21, 0x4E,0x21, 0x4E,0x21, 0x4E,0x21, 0x4F,0x21, 0x4E,0x21, 0x4E,0x21, 0x4E,0x21, 0x2E,0x21, 0x4E,0x21, 0x6F,0x21,
 0x4E,0x21, 0x2E,0x21, 0x0D,0x21, 0x0D,0x21, 0xED,0x20, 0xED,0x20, 0xED,0x20, 0xEC,0x20, 0xCC,0x20, 0xED,0x20, 0xCD,0x20, 0xED,0x28,
 0xED,0x20, 0x2E,0x21, 0xD0,0x29, 0x6E,0x21, 0xCC,0x20, 0xCC,0x20, 0x0D,0x21, 0x2E,0x29, 0xCC,0x20, 0xCB,0x20, 0xCB,0x20, 0xCB,0x20,

 0xA7,0x00, 0xA7,0x00, 0xA7,0x00, 0xA7,0x00, 0xA7,0x00, 0xA8,0x00, 0xA7,0x00, 0xA8,0x00, 0xA8,0x00, 0xA8,0x00, 0xC8,0x00, 0xC8,0x00,
 0xC8,0x00, 0xC8,0x00, 0xC8,0x00, 0xC8,0x00, 0xC8,0x00, 0xC8,0x00, 0xC8,0x00, 0xC8,0x00, 0xC8,0x00, 0xE8,0x00, 0xE8,0x00, 0xE8,0x00,
 0xE8,0x00, 0xE8,0x00, 0xE8,0x00, 0xE9,0x00, 0xE9,0x00, 0x09,0x01, 0x09,0x01, 0x09,0x01, 0x09,0x01, 0x29,0x01, 0x2A,0x01, 0x2A,0x01,
 0x2A,0x01, 0x2A,0x01, 0x2A,0x01, 0x4A,0x01, 0x4A,0x01, 0x4A,0x01, 0x4B,0x01, 0x6B,0x01, 0x6B,0x01, 0x6B,0x01, 0x6B,0x01, 0x6B,0x01,
 0xCC,0x09, 0x90,0x12, 0xAC,0x09, 0x8B,0x01, 0x8B,0x01, 0x8F,0x12, 0x6F,0x12, 0x8B,0x01, 0xCC,0x09, 0xAC,0x01, 0x0D,0x0A, 0x73,0x1B,
 0x2E,0x0A, 0xAC,0x01, 0xCD,0x01, 0x4F,0x0A, 0x93,0x23, 0x0E,0x0A, 0xCD,0x09, 0xEE,0x01, 0x73,0x1B, 0xD1,0x12, 0xEE,0x01, 0x2F,0x0A,
 0x2F,0x0A, 0x2F,0x0A, 0x4F,0x0A, 0x4F,0x0A, 0x4F,0x0A, 0x50,0x0A, 0x50,0x0A, 0x70,0x0A, 0xB8,0x1C, 0x7B,0x25, 0xF5,0x1B, 0x70,0x0A,
 0xB1,0x0A, 0x91,0x0A, 0x91,0x0A, 0x50,0x02, 0x15,0x24, 0x93,0x13, 0x53,0x13, 0x15,0x24, 0x91,0x0A, 0xD2,0x0A, 0xD2,0x0A, 0xD2,0x0A,
 0xD2,0x0A, 0xD2,0x12, 0xD2,0x0A, 0xD2,0x0A, 0xD2,0x0A, 0xD2,0x0A, 0xD2,0x0A, 0xD2,0x0A, 0xF2,0x0A, 0x13,0x0B, 0x34,0x0B, 0x54,0x0B,
 0x95,0x0B, 0xB5,0x13, 0xD6,0x13, 0xF7,0x13, 0x17,0x14, 0x17,0x14, 0x17,0x14, 0x17,0x14, 0x17,0x14, 0x17,0x14, 0x17,0x14, 0x17,0x14,
 0x17,0x14, 0x17,0x14, 0x17,0x14, 0x17,0x14, 0x17,0x14, 0x17,0x1C, 0x17,0x1C, 0x17,0x1C, 0x17,0x1C, 0xF7,0x13, 0xD6,0x13, 0xB6,0x13,
 0x95,0x13, 0x55,0x13, 0x34,0x13, 0x13,0x0B, 0xF3,0x0A, 0xD3,0x0A, 0xD2,0x0A, 0xD2,0x0A, 0xD2,0x12, 0xD3,0x12, 0xD3,0x12, 0xD3,0x12,
 0xD2,0x12, 0xD2,0x12, 0xB2,0x12, 0xB2,0x12, 0xB2,0x12, 0xB2,0x12, 0xB2,0x12, 0x92,0x12, 0x92,0x12, 0x92,0x12, 0x91,0x12, 0x71,0x12,
 0x71,0x0A, 0x98,0x2C, 0x54,0x1B, 0x10,0x0A, 0x51,0x12, 0x51,0x12, 0x51,0x12, 0x51,0x12, 0x51,0x12, 0x30,0x12, 0x30,0x12, 0x30,0x12,
 0x30,0x1A, 0x30,0x1A, 0x10,0x1A, 0xCF,0x11, 0xEF,0x11, 0xCF,0x11, 0xCF,0x11, 0xCF,0x19, 0xCF,0x19, 0xAF,0x19, 0xAF,0x19, 0xAF,0x19,
 0x8F,0x19, 0x8F,0x19, 0xAF,0x19, 0x8F,0x19, 0x8F,0x19, 0x8F,0x19, 0x8F,0x19, 0x8F,0x19, 0x8F,0x21, 0x6F,0x19, 0x6E,0x19, 0x6E,0x21,
 0x6F,0x21, 0x6E,0x21, 0x4E,0x21, 0xAF,0x19, 0xB3,0x2A, 0xAF,0x21, 0x2E,0x21, 0x6E,0x21, 0x4E,0x21, 0x4F,0x21, 0x4F,0x21, 0x4F,0x21,
 0x4E,0x21, 0x4E,0x21, 0x4F,0x21, 0x4F,0x21, 0x4F,0x21, 0x2E,0x21, 0x0E,0x19, 0x4E,0x21, 0x2E,0x21, 0x6F,0x21, 0x8F,0x21, 0x4E,0x21,
 0x2E,0x21, 0x2E,0x21, 0x0D,0x21, 0x0D,0x21, 0xED,0x20, 0xED,0x20, 0xED,0x20, 0xED,0x20, 0xCD,0x20, 0xED,0x28, 0xED,0x28, 0xCD,0x28,
 0x2E,0x21, 0xF1,0x29, 0x6F,0x29, 0xCC,0x20, 0xCC,0x20, 0xED,0x28, 0x2E,0x29, 0xCC,0x20, 0xCB,0x20, 0xCB,0x20, 0xCB,0x20, 0xCB,0x20,

 0xA7,0x00, 0xA7,0x00, 0xA7,0x00, 0xA7,0x00, 0xA7,0x08, 0xA7,0x00, 0xA7,0x00, 0xA8,0x00, 0xA8,0x00, 0xA8,0x00, 0xC8,0x00, 0xC8,0x00,
 0xC8,0x00, 0xC8,0x00, 0xC8,0x00, 0xC8,0x00, 0x0A,0x09, 0x4B,0x09, 0x6B,0x09, 0x6C,0x09, 0x6C,0x09, 0x6C,0x09, 0x8C,0x09, 0x8C,0x09,
 0x8C,0x09, 0xAC,0x09, 0x8C,0x09, 0x8C,0x09, 0x8C,0x09, 0xAD,0x09, 0xAD,0x09, 0xAD,0x09, 0xCD,0x09, 0xCD,0x09, 0xCD,0x09, 0xCD,0x09,
 0xEE,0x09, 0xEE,0x09, 0xEE,0x09, 0xED,0x09, 0x0E,0x0A, 0x0E,0x0A, 0x0E,0x12, 0x0E,0x0A, 0x2E,0x12, 0x0E,0x12, 0x2F,0x12, 0x2F,0x12,
 0x6F,0x12, 0xAC,0x01, 0x8B,0x01, 0x8B,0x01, 0x8F,0x12, 0x6E,0x12, 0x8B,0x01, 0xCC,0x09, 0xAC,0x01, 0xED,0x09, 0x53,0x23, 0x2E,0x0A,
 0xAC,0x09, 0xAC,0x09, 0x2E,0x0A, 0x73,0x23, 0x0E,0x0A, 0xCD,0x09, 0xED,0x01, 0x53,0x1B, 0xD1,0x12, 0xCD,0x09, 0x0F,0x0A, 0x2F,0x0A,
 0x2F,0x0A, 0x2F,0x0A, 0x2F,0x0A, 0x4F,0x0A, 0x4F,0x0A, 0x4F,0x0A, 0x50,0x0A, 0x70,0x0A, 0xB8,0x24, 0x9B,0x25, 0xD5,0x1B, 0x70,0x0A,
 0x91,0x0A, 0x91,0x0A, 0x91,0x0A, 0x50,0x02, 0xD5,0x23, 0xF5,0x23, 0xD5,0x1B, 0xD5,0x1B, 0x71,0x0A, 0xD2,0x0A, 0xD2,0x12, 0xD2,0x0A,
 0xD2,0x0A, 0xB2,0x12, 0xD2,0x0A, 0xD2,0x0A, 0x12,0x0B, 0x33,0x0B, 0x75,0x13, 0xB5,0x13, 0xD6,0x13, 0xF6,0x1B, 0xF6,0x13, 0xD6,0x13,
 0xB6,0x13, 0x95,0x13, 0x75,0x13, 0x54,0x13, 0x54,0x13, 0x34,0x0B, 0x34,0x0B, 0x13,0x0B, 0x14,0x0B, 0x14,0x0B, 0x13,0x0B, 0x13,0x0B,
 0x13,0x0B, 0x13,0x0B, 0x13,0x0B, 0x13,0x0B, 0x13,0x0B, 0x13,0x0B, 0x13,0x0B, 0x34,0x0B, 0x34,0x13, 0x55,0x13, 0x75,0x13, 0x95,0x13,
 0xB6,0x13, 0xD6,0x13, 0xF6,0x1B, 0xF6,0x1B, 0xD6,0x13, 0xB6,0x13, 0x95,0x13, 0x34,0x13, 0x13,0x0B, 0xD2,0x0A, 0xB2,0x12, 0xB2,0x12,
 0xB2,0x12, 0xD2,0x12, 0xB2,0x12, 0xB2,0x12, 0xB2,0x12, 0xB2,0x12, 0xB2,0x12, 0x92,0x12, 0x92,0x12, 0x71,0x0A, 0x71,0x0A, 0x91,0x0A,
 0x77,0x2C, 0x54,0x1B, 0x10,0x12, 0x71,0x12, 0x51,0x12, 0x51,0x12, 0x51,0x12, 0x50,0x12, 0x30,0x12, 0x30,0x12, 0x30,0x12, 0x10,0x12,
 0x30,0x1A, 0x10,0x12, 0x10,0x12, 0xB2,0x12, 0x91,0x1A, 0x71,0x1A, 0x71,0x1A, 0x71,0x1A, 0x51,0x22, 0x51,0x22, 0x51,0x22, 0x51,0x22,
 0x31,0x22, 0x31,0x22, 0x31,0x22, 0x31,0x22, 0x31,0x22, 0x11,0x22, 0x11,0x22, 0x11,0x22, 0x11,0x22, 0xF1,0x21, 0xF0,0x21, 0xF0,0x21,
 0xF0,0x21, 0xD0,0x21, 0xF0,0x21, 0xB3,0x2A, 0xAF,0x21, 0x2E,0x21, 0x6E,0x21, 0x4E,0x21, 0x4F,0x29, 0x4F,0x21, 0x4E,0x21, 0x4F,0x21,
 0x4E,0x21, 0x4F,0x21, 0x4F,0x21, 0x4F,0x29, 0x2F,0x21, 0xB0,0x29, 0x32,0x32, 0x0E,0x19, 0x6F,0x21, 0x90,0x21, 0x4E,0x21, 0x2E,0x21,
 0x2E,0x21, 0x0D,0x21, 0x0D,0x21, 0xED,0x20, 0xED,0x20, 0xED,0x20, 0xED,0x20, 0xED,0x20, 0xED,0x28, 0xED,0x28, 0xED,0x28, 0x2E,0x21,
 0x11,0x2A, 0x8F,0x21, 0xCC,0x20, 0xCC,0x20, 0xED,0x20, 0x2E,0x29, 0xCC,0x20, 0xCB,0x20, 0xCB,0x20, 0xCB,0x20, 0xCB,0x20, 0xCB,0x20,

 0xA7,0x00, 0xA7,0x00, 0xA7,0x00, 0xA7,0x00, 0xA7,0x08, 0xA7,0x00, 0xA7,0x00, 0xA7,0x00, 0xA8,0x00, 0xA8,0x00, 0xC8,0x00, 0xC8,0x00,
 0xC8,0x00, 0xC8,0x00, 0xC8,0x00, 0xC8,0x00, 0x4B,0x09, 0x0A,0x09, 0xE9,0x00, 0xE9,0x08, 0xE9,0x00, 0x09,0x01, 0x09,0x01, 0x09,0x09,
 0x09,0x01, 0x29,0x01, 0x2A,0x09, 0x2A,0x01, 0x2A,0x01, 0x2A,0x01, 0x2A,0x01, 0x4A,0x01, 0x4A,0x01, 0x4A,0x01, 0x4A,0x09, 0x4B,0x01,
 0x6B,0x01, 0x6B,0x01, 0x6B,0x01, 0x6B,0x01, 0x6B,0x01, 0x6B,0x01, 0x6B,0x01, 0x8B,0x01, 0x8B,0x09, 0x8C,0x09, 0x8C,0x09, 0xAC,0x09,
 0x8B,0x01, 0x8B,0x09, 0x8B,0x01, 0x8F,0x12, 0x6E,0x12, 0x6B,0x01, 0xAB,0x09, 0x8B,0x01, 0xCD,0x09, 0x52,0x23, 0x2E,0x0A, 0x8C,0x01,
 0xAC,0x01, 0x2E,0x0A, 0x73,0x23, 0x0D,0x0A, 0xAC,0x09, 0xCD,0x09, 0x52,0x1B, 0xD0,0x12, 0xCD,0x09, 0x0E,0x0A, 0x0E,0x0A, 0x0F,0x0A,
 0x2F,0x0A, 0x2F,0x0A, 0x2F,0x0A, 0x2F,0x0A, 0x4F,0x0A, 0x4F,0x0A, 0x50,0x0A, 0x50,0x0A, 0x91,0x0A, 0x12,0x13, 0x70,0x0A, 0x90,0x0A,
 0x90,0x0A, 0x91,0x0A, 0x91,0x0A, 0x70,0x0A, 0x70,0x0A, 0xB4,0x23, 0xB4,0x1B, 0x91,0x0A, 0x91,0x0A, 0x91,0x0A, 0xB1,0x0A, 0xB2,0x0A,
 0xF2,0x0A, 0x34,0x13, 0x95,0x13, 0xD6,0x13, 0xF6,0x13, 0xF6,0x13, 0xB5,0x13, 0x95,0x13, 0x54,0x13, 0x13,0x0B, 0xF3,0x0A, 0xD2,0x0A,
 0xD2,0x0A, 0xD2,0x0A, 0xD2,0x0A, 0xD2,0x0A, 0xF2,0x0A, 0xF3,0x0A, 0xF3,0x0A, 0xF3,0x0A, 0xF3,0x0A, 0xF3,0x0A, 0xF3,0x0A, 0x13,0x0B,
 0x13,0x0B, 0xF3,0x12, 0xF3,0x0A, 0xF3,0x0A, 0xF3,0x12, 0xF3,0x12, 0xF3,0x0A, 0xF3,0x0A, 0xD3,0x12, 0xD3,0x0A, 0xD3,0x0A, 0xD3,0x0A,
 0xD3,0x12, 0xD3,0x12, 0xF3,0x12, 0x14,0x13, 0x54,0x13, 0x75,0x13, 0xB6,0x13, 0xD6,0x13, 0xD6,0x13, 0xD6,0x13, 0x75,0x13, 0x34,0x13,
 0xD3,0x12, 0xB2,0x12, 0x91,0x12, 0x91,0x12, 0xB2,0x12, 0xB2,0x12, 0x92,0x12, 0x92,0x12, 0x71,0x12, 0xF2,0x12, 0x19,0x2D, 0x5A,0x2D,
 0x54,0x1B, 0x10,0x0A, 0x71,0x12, 0x51,0x12, 0x51,0x12, 0x51,0x12, 0x31,0x12, 0x30,0x12, 0x30,0x12, 0x30,0x12, 0x30,0x12, 0x30,0x12,
 0xEF,0x11, 0x10,0x12, 0xB5,0x23, 0x75,0x23, 0x54,0x23, 0x54,0x2B, 0x54,0x2B, 0x34,0x2B, 0x34,0x2B, 0x34,0x2B, 0x14,0x2B, 0x14,0x2B,
 0x14,0x2B, 0x14,0x2B, 0xF3,0x2A, 0xF3,0x2A, 0xD3,0x2A, 0xD3,0x2A, 0xD3,0x2A, 0xD3,0x2A, 0xB3,0x2A, 0xB3,0x2A, 0xB3,0x2A, 0x93,0x2A,
 0x92,0x2A, 0x72,0x2A, 0x72,0x2A, 0xAF,0x21, 0x4E,0x21, 0x6E,0x21, 0x4E,0x21, 0x4E,0x21, 0x4E,0x21, 0x4E,0x21, 0x4E,0x21, 0x4F,0x21,
 0x4F,0x21, 0x4F,0x21, 0x4F,0x21, 0x6F,0x21, 0x4F,0x21, 0xB0,0x29, 0xF1,0x31, 0x6F,0x21, 0xB0,0x21, 0x6F,0x21, 0x4E,0x21, 0x2E,0x21,
 0x2E,0x21, 0x0D,0x21, 0x0D,0x21, 0xED,0x20, 0xED,0x20, 0xED,0x20, 0xED,0x20, 0xED,0x28, 0xED,0x28, 0xED,0x28, 0x2E,0x21, 0x31,0x2A,
 0x8F,0x21, 0xCC,0x20, 0xCC,0x20, 0x0D,0x21, 0x2F,0x29, 0xCC,0x20, 0xCB,0x20, 0xCB,0x20, 0xCB,0x20, 0xCB,0x20, 0xCB,0x20, 0xAB,0x20,

 0xA7,0x00, 0xA7,0x00, 0xA7,0x08, 0xA7,0x00, 0xA7,0x00, 0xA7,0x00, 0xA7,0x00, 0xA7,0x00, 0xA8,0x00, 0xA8,0x00, 0xA8,0x00, 0xC8,0x00,
 0xC8,0x00, 0xC8,0x00, 0xC8,0x00, 0xC8,0x00, 0x4B,0x09, 0x09,0x09, 0xC8,0x00, 0xC8,0x00, 0xC7,0x00, 0xC7,0x00, 0xC7,0x00, 0xC8,0x00,
 0xC8,0x00, 0xE8,0x00, 0xE9,0x00, 0xE8,0x00, 0x08,0x01, 0xE8,0x00, 0xE8,0x00, 0x08,0x01, 0x09,0x01, 0x09,0x01, 0x09,0x01, 0x09,0x01,
 0x09,0x01, 0x09,0x01, 0x09,0x01, 0x2A,0x01, 0x2A,0x01, 0x2A,0x01, 0x2A,0x01, 0x4A,0x01, 0x4A,0x01, 0x4A,0x01, 0x4A,0x01, 0x4A,0x01,
 0x6B,0x01, 0x6B,0x01, 0x8F,0x12, 0x4E,0x12, 0x6B,0x01, 0xAC,0x09, 0x8B,0x01, 0xCC,0x09, 0x32,0x23, 0x0D,0x0A, 0x8C,0x01, 0x8C,0x09,
 0x0E,0x0A, 0x73,0x23, 0x0D,0x0A, 0xAC,0x01, 0xCD,0x01, 0x52,0x1B, 0xB0,0x12, 0xCD,0x01, 0x0E,0x0A, 0x0E,0x0A, 0x0E,0x0A, 0x0F,0x0A,
 0x2F,0x0A, 0x0F,0x0A, 0x0F,0x0A, 0x2F,0x0A, 0x2F,0x0A, 0x4F,0x0A, 0x50,0x0A, 0x70,0x0A, 0x50,0x0A, 0x4F,0x0A, 0x70,0x0A, 0x70,0x0A,
 0x70,0x0A, 0x70,0x0A, 0x70,0x0A, 0x71,0x0A, 0x90,0x0A, 0x4F,0x02, 0x2F,0x02, 0x70,0x0A, 0xB1,0x0A, 0x13,0x0B, 0x74,0x13, 0xB5,0x13,
 0xD5,0x13, 0xB5,0x13, 0x74,0x13, 0x33,0x0B, 0xF2,0x0A, 0xD2,0x0A, 0xD2,0x0A, 0xD2,0x0A, 0xD2,0x0A, 0xD2,0x0A, 0xD2,0x0A, 0xF3,0x12,
 0xF3,0x12, 0xF3,0x12, 0xF3,0x0A, 0xF3,0x0A, 0xF3,0x0A, 0xF3,0x0A, 0xF3,0x12, 0xF3,0x12, 0xF3,0x0A, 0xF3,0x0A, 0xF3,0x0A, 0xF3,0x12,
 0xF3,0x0A, 0xF3,0x0A, 0xF3,0x0A, 0xF3,0x12, 0xF3,0x0A, 0xF3,0x0A, 0xF3,0x0A, 0xF3,0x12, 0xF3,0x12, 0xF3,0x0A, 0xF3,0x12, 0xF3,0x12,
 0xF3,0x12, 0xF3,0x12, 0xD3,0x12, 0xD2,0x12, 0xD2,0x0A, 0xB2,0x0A, 0xB2,0x0A, 0xB2,0x0A, 0xD3,0x0A, 0x13,0x13, 0x54,0x13, 0x95,0x13,
 0xB5,0x1B, 0x95,0x13, 0x54,0x13, 0x13,0x13, 0xB2,0x12, 0x91,0x12, 0x71,0x12, 0x91,0x12, 0x30,0x0A, 0xF5,0x1B, 0x9E,0x36, 0xDB,0x35,
 0xB1,0x12, 0x30,0x12, 0x51,0x12, 0x51,0x12, 0x51,0x12, 0x51,0x12, 0x31,0x12, 0x30,0x12, 0x30,0x12, 0x10,0x12, 0x30,0x12, 0xEF,0x11,
 0x0F,0x0A, 0xD5,0x2B, 0xB2,0x1A, 0xAE,0x11, 0xCF,0x11, 0xCF,0x11, 0xCF,0x11, 0xAF,0x11, 0xAF,0x11, 0xAF,0x19, 0x8F,0x19, 0x8F,0x11,
 0xAE,0x11, 0x8E,0x19, 0x8E,0x11, 0x8E,0x19, 0x6E,0x19, 0x6E,0x19, 0x6E,0x19, 0x6E,0x19, 0x4E,0x19, 0x4E,0x19, 0x4E,0x19, 0x4D,0x19,
 0x4D,0x19, 0x4D,0x19, 0x2D,0x19, 0x4E,0x21, 0x6F,0x21, 0x4E,0x21, 0x4E,0x21, 0x4E,0x21, 0x4F,0x21, 0x4F,0x21, 0x4F,0x21, 0x4F,0x21,
 0x4F,0x21, 0x4F,0x21, 0x6F,0x21, 0x6F,0x21, 0x8F,0x21, 0x8F,0x21, 0x8F,0x21, 0xF1,0x29, 0x8F,0x21, 0x4E,0x21, 0x4E,0x21, 0x2E,0x21,
 0x2D,0x21, 0x0D,0x21, 0xED,0x20, 0xED,0x20, 0xED,0x20, 0xED,0x28, 0xED,0x28, 0xEE,0x28, 0xED,0x28, 0x2E,0x21, 0x52,0x2A, 0x8F,0x21,
 0xCC,0x20, 0xCC,0x20, 0x0D,0x21, 0x4E,0x29, 0xCC,0x20, 0xCB,0x20, 0xCB,0x20, 0xCB,0x20, 0xCB,0x20, 0xCB,0x20, 0xAB,0x20, 0xCC,0x20,

 0xA7,0x00, 0xA7,0x00, 0xA7,0x00, 0xA7,0x00, 0xA7,0x00, 0xA7,0x00, 0xA7,0x00, 0xA7,0x00, 0xA7,0x00, 0xA7,0x00, 0xA7,0x00, 0xA8,0x00,
 0xC8,0x00, 0xC8,0x00, 0xC8,0x00, 0xC8,0x00, 0x4B,0x09, 0x09,0x09, 0xC8,0x00, 0xE8,0x00, 0xE8,0x00, 0x09,0x01, 0x09,0x01, 0x29,0x01,
 0x29,0x01, 0x2A,0x09, 0x2A,0x09, 0x4A,0x09, 0x4A,0x09, 0x4A,0x01, 0x4A,0x01, 0x4A,0x01, 0x6A,0x09, 0x6A,0x09, 0x6B,0x01, 0x6B,0x09,
 0x6B,0x01, 0x6B,0x01, 0x6B,0x01, 0x6B,0x01, 0x8B,0x09, 0x6B,0x09, 0x8C,0x01, 0x8C,0x01, 0xAC,0x01, 0xAC,0x01, 0xAC,0x01, 0xAC,0x01,
 0xAC,0x01, 0x90,0x1A, 0x4E,0x12, 0x4A,0x01, 0xAB,0x09, 0x8B,0x01, 0xCC,0x09, 0x32,0x23, 0x0D,0x0A, 0x8B,0x01, 0x8C,0x01, 0xED,0x09,
 0x72,0x23, 0x0D,0x0A, 0x8C,0x01, 0xAD,0x01, 0x52,0x1B, 0xB0,0x12, 0xAC,0x01, 0x0E,0x0A, 0xEE,0x09, 0x0E,0x0A, 0x0E,0x0A, 0x0F,0x0A,
 0x2F,0x0A, 0x0F,0x0A, 0x0F,0x0A, 0x2F,0x0A, 0x2F,0x0A, 0x50,0x0A, 0x50,0x0A, 0x50,0x0A, 0x70,0x0A, 0x70,0x0A, 0x70,0x0A, 0x70,0x0A,
 0x70,0x0A, 0x70,0x0A, 0x70,0x0A, 0x70,0x0A, 0x70,0x0A, 0x91,0x0A, 0xF3,0x0A, 0x74,0x13, 0x95,0x13, 0x95,0x13, 0x74,0x13, 0x13,0x0B,
 0xD2,0x0A, 0xB1,0x0A, 0xB1,0x0A, 0xB1,0x0A, 0xD2,0x0A, 0xD2,0x0A, 0xF2,0x0A, 0xF2,0x0A, 0xD2,0x0A, 0xD2,0x0A, 0xD3,0x0A, 0xF3,0x0A,
 0xD2,0x0A, 0xF3,0x0A, 0xF3,0x0A, 0xF3,0x0A, 0xF3,0x12, 0xF3,0x12, 0xF3,0x0A, 0xF3,0x0A, 0xF3,0x0A, 0xF3,0x0A, 0xF3,0x0A, 0xF3,0x0A,
 0xF3,0x0A, 0xF3,0x0A, 0xF3,0x0A, 0xF3,0x0A, 0xF3,0x0A, 0xF3,0x0A, 0xF3,0x0A, 0xF3,0x12, 0xF3,0x12, 0xF3,0x0A, 0xF3,0x0A, 0xF3,0x0A,
 0xF3,0x0A, 0xD3,0x12, 0xD2,0x12, 0xD3,0x0A, 0xD3,0x0A, 0xD2,0x12, 0xD2,0x12, 0xB2,0x12, 0xB2,0x0A, 0xB2,0x0A, 0x91,0x0A, 0x91,0x0A,
 0xB2,0x0A, 0xF3,0x12, 0x34,0x13, 0x95,0x13, 0x95,0x13, 0x54,0x13, 0xF3,0x12, 0x91,0x12, 0x50,0x0A, 0xB1,0x12, 0xF8,0x24, 0x36,0x24,
 0x50,0x12, 0x51,0x12, 0x51,0x12, 0x51,0x12, 0x51,0x12, 0x51,0x12, 0x30,0x12, 0x30,0x12, 0x30,0x12, 0xEF,0x11, 0xCF,0x11, 0xCF,0x09,
 0xB5,0x2B, 0xD2,0x1A, 0xCF,0x11, 0x10,0x1A, 0xF0,0x19, 0x10,0x12, 0xF0,0x11, 0xF0,0x19, 0xF0,0x19, 0xD0,0x19, 0xD0,0x19, 0xCF,0x19,
 0xCF,0x19, 0xCF,0x19, 0xCF,0x19, 0xAF,0x19, 0xAF,0x19, 0xAF,0x19, 0x8F,0x21, 0x8F,0x21, 0x8F,0x21, 0x8F,0x21, 0x8E,0x21, 0x6E,0x21,
 0x6E,0x21, 0x6E,0x21, 0x6E,0x21, 0x6E,0x21, 0x6F,0x21, 0x4F,0x21, 0x4E,0x21, 0x4F,0x21, 0x4F,0x21, 0x4F,0x21, 0x4F,0x21, 0x4F,0x21,
 0x6F,0x21, 0x6F,0x21, 0x8F,0x21, 0xB0,0x21, 0x90,0x21, 0xD0,0x21, 0x11,0x2A, 0xB0,0x21, 0x6F,0x21, 0x4E,0x21, 0x4E,0x21, 0x2D,0x21,
 0x0D,0x21, 0xED,0x20, 0xED,0x20, 0xED,0x20, 0xED,0x20, 0xED,0x28, 0xEE,0x28, 0xED,0x28, 0x2E,0x21, 0x72,0x2A, 0xD0,0x29, 0xCC,0x20,
 0xAC,0x20, 0x0D,0x21, 0x4F,0x29, 0xAC,0x20, 0xAB,0x20, 0xCC,0x20, 0xCB,0x20, 0xCB,0x20, 0xCB,0x20, 0xAB,0x20, 0xCC,0x20, 0x0D,0x29,

 0xA7,0x00, 0xA7,0x00, 0x87,0x08, 0xA7,0x00, 0xA7,0x00, 0xA7,0x00, 0xA7,0x00, 0xA7,0x00, 0xE9,0x08, 0x4D,0x11, 0x4C,0x11, 0xC8,0x08,
 0xC8,0x00, 0xC8,0x00, 0xC8,0x00, 0xC8,0x00, 0x4B,0x09, 0x09,0x09, 0xC8,0x00, 0xE8,0x00, 0x6B,0x09, 0x6B,0x09, 0x6B,0x09, 0x6C,0x09,
 0x8C,0x09, 0x8C,0x09, 0x8C,0x09, 0xAD,0x09, 0xAC,0x09, 0xAC,0x09, 0xAD,0x09, 0xAD,0x09, 0xAD,0x09, 0xAD,0x09, 0xAD,0x09, 0xCD,0x09,
 0xCD,0x09, 0xCD,0x09, 0xCD,0x09, 0xCD,0x09, 0xED,0x09, 0xEE,0x09, 0xEE,0x09, 0xEE,0x09, 0x0E,0x0A, 0x0E,0x0A, 0x0E,0x0A, 0x0E,0x0A,
 0x2F,0x12, 0x0E,0x12, 0x6B,0x01, 0x8B,0x09, 0x6B,0x01, 0xAC,0x01, 0x11,0x1B, 0x0D,0x0A, 0x8B,0x09, 0x8C,0x09, 0xEE,0x09, 0x32,0x1B,
 0xED,0x09, 0x8B,0x01, 0xAC,0x01, 0x32,0x1B, 0xB0,0x12, 0x8C,0x01, 0xED,0x09, 0xEE,0x09, 0xEE,0x09, 0xEE,0x09, 0x0E,0x0A, 0x0F,0x0A,
 0x0F,0x0A, 0x0F,0x0A, 0x2F,0x0A, 0x2F,0x0A, 0x2F,0x0A, 0x4F,0x0A, 0x50,0x0A, 0x50,0x0A, 0x50,0x0A, 0x70,0x0A, 0x70,0x0A, 0x50,0x0A,
 0x50,0x0A, 0x50,0x0A, 0x70,0x0A, 0xD2,0x0A, 0x34,0x13, 0x95,0x13, 0x75,0x13, 0x33,0x13, 0xD2,0x0A, 0x91,0x0A, 0x91,0x12, 0x91,0x0A,
 0xB1,0x12, 0xB2,0x12, 0xD2,0x0A, 0xD2,0x0A, 0xD2,0x0A, 0xD2,0x0A, 0xD2,0x0A, 0xD2,0x0A, 0xD2,0x0A, 0xD2,0x0A, 0xD2,0x0A, 0xD2,0x0A,
 0xD2,0x12, 0xD2,0x12, 0xD3,0x0A, 0xD2,0x0A, 0xF3,0x0A, 0xF3,0x12, 0xF3,0x0A, 0xF3,0x0A, 0xF3,0x0A, 0xF3,0x0A, 0xF3,0x12, 0xF3,0x0A,
 0xF3,0x0A, 0xF3,0x0A, 0xF3,0x0A, 0xF3,0x0A, 0xF3,0x12, 0xD3,0x12, 0xD3,0x0A, 0xF3,0x0A, 0xF3,0x12, 0xD3,0x0A, 0xD3,0x0A, 0xD3,0x12,
 0xD3,0x0A, 0xD2,0x12, 0xD2,0x12, 0xD2,0x0A, 0xD2,0x12, 0xD2,0x12, 0xD2,0x12, 0xB2,0x12, 0xB2,0x12, 0xB2,0x0A, 0xB2,0x12, 0xB2,0x12,
 0xB2,0x12, 0x91,0x12, 0x71,0x12, 0x91,0x12, 0xB2,0x12, 0xF3,0x12, 0x54,0x1B, 0x55,0x1B, 0x14,0x13, 0x92,0x12, 0x30,0x0A, 0x10,0x12,
 0x50,0x12, 0x51,0x12, 0x51,0x12, 0x51,0x12, 0x30,0x12, 0x30,0x12, 0x30,0x12, 0x30,0x12, 0x10,0x12, 0x91,0x1A, 0x36,0x2C, 0x16,0x2C,
 0xD2,0x1A, 0xAE,0x11, 0x10,0x1A, 0xF0,0x11, 0xF0,0x19, 0xF0,0x11, 0xF0,0x19, 0xF0,0x19, 0xD0,0x11, 0xD0,0x19, 0xD0,0x19, 0xCF,0x19,
 0xCF,0x19, 0xCF,0x19, 0xAF,0x19, 0xAF,0x19, 0xAF,0x19, 0xAF,0x19, 0x8F,0x19, 0x8F,0x19, 0x8F,0x19, 0x8F,0x19, 0x6E,0x21, 0x6E,0x19,
 0x6F,0x21, 0x6E,0x21, 0x4E,0x21, 0x6E,0x21, 0x6E,0x21, 0x4E,0x21, 0x4E,0x21, 0x4F,0x21, 0x4F,0x21, 0x4F,0x21, 0x4F,0x21, 0x6F,0x21,
 0x6F,0x21, 0x8F,0x21, 0xB0,0x21, 0xB0,0x21, 0xF1,0x21, 0x32,0x2A, 0xD0,0x21, 0x6F,0x21, 0x6F,0x21, 0x4E,0x21, 0x4E,0x21, 0x0D,0x21,
 0x0D,0x21, 0xED,0x20, 0xED,0x20, 0xED,0x20, 0xED,0x28, 0x0E,0x29, 0xEE,0x28, 0x2F,0x29, 0x93,0x2A, 0xF0,0x29, 0xCC,0x20, 0xAC,0x20,
 0x0D,0x21, 0x2F,0x29, 0xAC,0x20, 0xAB,0x20, 0xCC,0x20, 0xCB,0x20, 0xAB,0x20, 0xCB,0x20, 0xAB,0x20, 0xCC,0x20, 0x0D,0x29, 0xCB,0x20,

 0xA7,0x00, 0xA7,0x00, 0xA7,0x00, 0xA7,0x00, 0x87,0x00, 0xA7,0x00, 0xA7,0x00, 0x87,0x00, 0x0A,0x09, 0xAF,0x11, 0xAE,0x09, 0xE9,0x08,
 0xA7,0x00, 0xC8,0x00, 0xC8,0x00, 0xC8,0x00, 0x4B,0x09, 0x09,0x09, 0xC8,0x00, 0xC8,0x00, 0x6B,0x09, 0xE8,0x00, 0xC8,0x00, 0xC8,0x00,
 0xC8,0x00, 0xC8,0x00, 0xC8,0x00, 0xC8,0x00, 0xE8,0x00, 0xE8,0x00, 0xE8,0x00, 0xE8,0x00, 0xE8,0x00, 0x08,0x01, 0xE8,0x00, 0xE8,0x00,
 0xE9,0x00, 0xE9,0x00, 0xE9,0x00, 0x09,0x01, 0x09,0x01, 0x09,0x01, 0x09,0x01, 0x29,0x01, 0x29,0x01, 0x29,0x01, 0x29,0x01, 0x2A,0x01,
 0x2A,0x01, 0x2A,0x01, 0x6A,0x01, 0x4A,0x01, 0x8B,0x01, 0xF1,0x1A, 0x0D,0x0A, 0x6B,0x01, 0x8B,0x09, 0xED,0x09, 0x52,0x1B, 0xED,0x09,
 0x8B,0x01, 0xAC,0x01, 0x12,0x1B, 0xB0,0x12, 0xAC,0x01, 0xED,0x09, 0xED,0x09, 0xEE,0x09, 0xEE,0x09, 0xEE,0x09, 0x0E,0x0A, 0x0F,0x0A,
 0x0F,0x0A, 0x0F,0x0A, 0x0F,0x0A, 0x2F,0x0A, 0x2F,0x0A, 0x2F,0x0A, 0x4F,0x0A, 0x50,0x0A, 0x4F,0x0A, 0x50,0x0A, 0x2F,0x0A, 0x2F,0x0A,
 0x70,0x0A, 0xF2,0x12, 0x54,0x13, 0x54,0x13, 0x13,0x13, 0xB1,0x0A, 0x70,0x0A, 0x70,0x0A, 0x91,0x0A, 0x91,0x0A, 0x91,0x0A, 0xB2,0x12,
 0xB2,0x12, 0xB2,0x0A, 0xB1,0x0A, 0xB2,0x0A, 0xB2,0x0A, 0xB2,0x0A, 0xB2,0x0A, 0xB2,0x0A, 0xD2,0x0A, 0xD2,0x0A, 0xD2,0x0A, 0xD2,0x0A,
 0xD2,0x12, 0xD2,0x0A, 0xD2,0x0A, 0xD2,0x0A, 0xD2,0x0A, 0xD3,0x0A, 0xD2,0x0A, 0xD3,0x0A, 0xD3,0x0A, 0xD3,0x0A, 0xD3,0x0A, 0xD2,0x0A,
 0xD2,0x0A, 0xB2,0x0A, 0xB2,0x12, 0xD2,0x12, 0xD2,0x12, 0xD2,0x0A, 0xD2,0x0A, 0xD3,0x12, 0xD3,0x0A, 0xD3,0x0A, 0xD3,0x12, 0xD2,0x12,
 0xD2,0x12, 0xB2,0x12, 0xB2,0x12, 0xB2,0x12, 0xB2,0x0A, 0xB2,0x0A, 0xB2,0x12, 0xB2,0x12, 0xB2,0x0A, 0xB2,0x12, 0xB2,0x12, 0xB2,0x0A,
 0xB2,0x12, 0x92,0x12, 0x91,0x12, 0x91,0x12, 0x71,0x12, 0x71,0x12, 0x71,0x12, 0x92,0x12, 0xF3,0x12, 0x34,0x1B, 0x34,0x1B, 0xF3,0x12,
 0x71,0x12, 0x30,0x12, 0x30,0x12, 0x50,0x12, 0x51,0x12, 0x30,0x12, 0x30,0x12, 0x30,0x12, 0xCF,0x11, 0xF5,0x2B, 0xDB,0x3D, 0xF9,0x34,
 0x0F,0x12, 0xEF,0x19, 0xF0,0x19, 0xF0,0x19, 0xF0,0x11, 0xF0,0x11, 0xF0,0x19, 0xCF,0x19, 0xCF,0x19, 0xD0,0x11, 0xCF,0x19, 0xCF,0x19,
 0xCF,0x19, 0xAF,0x19, 0xAF,0x19, 0xAF,0x19, 0xAF,0x19, 0x8F,0x19, 0x8F,0x19, 0x8F,0x19, 0x8E,0x19, 0x8E,0x19, 0x6F,0x21, 0x6E,0x21,
 0x6E,0x21, 0x4E,0x21, 0x4E,0x21, 0x4E,0x21, 0x4E,0x21, 0x4E,0x21, 0x4F,0x21, 0x4F,0x21, 0x6F,0x21, 0x6F,0x21, 0x6F,0x21, 0x90,0x21,
 0x90,0x21, 0xB0,0x21, 0xB0,0x21, 0xF1,0x21, 0x73,0x2A, 0xD1,0x21, 0x90,0x21, 0x8F,0x21, 0x6F,0x21, 0x4E,0x21, 0x2E,0x21, 0x0D,0x21,
 0x0D,0x21, 0xED,0x20, 0xED,0x28, 0xED,0x28, 0x0E,0x29, 0xEE,0x30, 0x2F,0x29, 0xB3,0x2A, 0x11,0x2A, 0xCD,0x28, 0xAC,0x20, 0x0E,0x29,
 0x4F,0x29, 0xAC,0x20, 0xAB,0x20, 0xCB,0x20, 0xCB,0x20, 0xCB,0x20, 0xAB,0x20, 0xAB,0x20, 0xCC,0x20, 0x2D,0x29, 0xCB,0x20, 0xAB,0x20,

 0xA7,0x00, 0xA7,0x00, 0xA7,0x00, 0xA7,0x00, 0xA7,0x00, 0xA7,0x00, 0xA7,0x00, 0x87,0x00, 0xE9,0x08, 0x4C,0x09, 0x4B,0x09, 0xE8,0x00,
 0xC7,0x00, 0xC8,0x00, 0xC8,0x00, 0xC7,0x00, 0x4B,0x09, 0xE9,0x08, 0xC7,0x00, 0xC8,0x00, 0x6C,0x09, 0xE9,0x00, 0xC8,0x00, 0xE9,0x00,
 0x09,0x01, 0x2A,0x09, 0x2A,0x01, 0x2A,0x09, 0x2A,0x09, 0x4A,0x09, 0x4A,0x09, 0x4A,0x01, 0x4A,0x09, 0x4A,0x09, 0x4A,0x09, 0x4B,0x09,
 0x6B,0x09, 0x6B,0x09, 0x6B,0x09, 0x6B,0x09, 0x6B,0x09, 0x6B,0x09, 0x8B,0x01, 0x8B,0x09, 0x8B,0x09, 0x8C,0x09, 0x8C,0x09, 0x8C,0x09,
 0xAC,0x09, 0xAC,0x09, 0xAC,0x09, 0xCD,0x09, 0xD0,0x1A, 0xED,0x09, 0x6B,0x01, 0x8B,0x09, 0xCD,0x09, 0x52,0x23, 0xED,0x09, 0x6B,0x01,
 0xAC,0x01, 0x12,0x1B, 0xB0,0x12, 0x8C,0x01, 0xED,0x09, 0xED,0x09, 0xEE,0x09, 0xEE,0x09, 0xEE,0x09, 0x0E,0x0A, 0x0E,0x0A, 0x0F,0x0A,
 0x0F,0x0A, 0x0F,0x0A, 0x0F,0x0A, 0x0F,0x0A, 0x2F,0x0A, 0x2F,0x0A, 0x2F,0x0A, 0x2F,0x0A, 0x2F,0x0A, 0x2F,0x0A, 0x91,0x0A, 0x13,0x13,
 0x34,0x13, 0x13,0x13, 0xB1,0x0A, 0x70,0x0A, 0x50,0x0A, 0x70,0x0A, 0x91,0x0A, 0x91,0x0A, 0x91,0x0A, 0x91,0x0A, 0x91,0x0A, 0x91,0x0A,
 0xB1,0x0A, 0xB2,0x0A, 0xB1,0x0A, 0xB2,0x0A, 0xB2,0x0A, 0xD2,0x0A, 0xF2,0x0A, 0xD2,0x0A, 0xB2,0x0A, 0xB2,0x0A, 0xB2,0x0A, 0xD2,0x0A,
 0xD2,0x0A, 0xD2,0x0A, 0xD2,0x0A, 0xD2,0x12, 0xD2,0x0A, 0xD2,0x0A, 0xD2,0x0A, 0xD2,0x0A, 0xD2,0x0A, 0xD2,0x0A, 0xD2,0x0A, 0xD2,0x0A,
 0xB2,0x0A, 0xB2,0x0A, 0xB2,0x0A, 0xB2,0x0A, 0xB2,0x0A, 0xB2,0x0A, 0x92,0x0A, 0x92,0x0A, 0x92,0x0A, 0x92,0x0A, 0x92,0x0A, 0x92,0x12,
 0x92,0x12, 0xB2,0x12, 0xB2,0x12, 0xB2,0x12, 0xB2,0x12, 0xB2,0x12, 0xB2,0x12, 0xB2,0x12, 0xB2,0x12, 0xB2,0x12, 0xB2,0x12, 0xB2,0x12,
 0x92,0x12, 0x91,0x12, 0x91,0x12, 0x91,0x12, 0x91,0x12, 0x91,0x12, 0x91,0x12, 0x71,0x12, 0x50,0x12, 0x51,0x12, 0x92,0x12, 0xF3,0x12,
 0x34,0x1B, 0x13,0x13, 0x92,0x12, 0x30,0x12, 0x30,0x12, 0x30,0x12, 0x30,0x12, 0x30,0x12, 0xEF,0x11, 0xB1,0x1A, 0x57,0x34, 0x53,0x23,
 0xEF,0x11, 0x10,0x1A, 0xF0,0x19, 0xF0,0x11, 0xF0,0x11, 0xF0,0x19, 0xF0,0x19, 0xCF,0x11, 0xCF,0x19, 0xCF,0x11, 0xCF,0x19, 0xCF,0x19,
 0xCF,0x19, 0xCF,0x19, 0xAF,0x19, 0xAF,0x19, 0xAF,0x19, 0x8F,0x19, 0x8F,0x19, 0x8F,0x19, 0x8F,0x19, 0x8F,0x19, 0x8F,0x19, 0x6F,0x21,
 0x6F,0x21, 0x6E,0x21, 0x4E,0x21, 0x4E,0x21, 0x4E,0x21, 0x6E,0x21, 0x6F,0x21, 0x6F,0x21, 0x6F,0x21, 0x90,0x21, 0xB0,0x21, 0xB0,0x21,
 0xD0,0x21, 0xD0,0x21, 0x11,0x22, 0x93,0x2A, 0x11,0x22, 0x90,0x21, 0x90,0x21, 0x6F,0x21, 0x4E,0x21, 0x2E,0x21, 0x2D,0x21, 0x0D,0x21,
 0x0D,0x21, 0xED,0x28, 0xCD,0x20, 0xEE,0x28, 0xEF,0x30, 0x2F,0x29, 0xD3,0x2A, 0x52,0x2A, 0xCD,0x28, 0xCC,0x20, 0x0E,0x29, 0x4F,0x29,
 0xAC,0x20, 0xAC,0x20, 0xCC,0x20, 0xCC,0x20, 0xCB,0x20, 0xAB,0x20, 0xAB,0x20, 0xCC,0x20, 0x0D,0x29, 0xCB,0x20, 0xAB,0x20, 0xAB,0x20,

 0xA7,0x00, 0xA7,0x00, 0xA7,0x00, 0xA7,0x00, 0xA7,0x00, 0xA7,0x00, 0xA7,0x00, 0xA7,0x00, 0xA7,0x00, 0xA7,0x00, 0xA7,0x00, 0xC8,0x00,
 0xC8,0x00, 0xC8,0x00, 0xC8,0x00, 0xA7,0x00, 0x4B,0x09, 0xE9,0x08, 0xA7,0x00, 0xC8,0x00, 0x6C,0x09, 0xE9,0x00, 0xC8,0x00, 0x0A,0x09,
 0xAD,0x11, 0x8C,0x09, 0x8C,0x09, 0x8C,0x09, 0xAC,0x09, 0xAC,0x09, 0xAD,0x09, 0xAC,0x09, 0xAD,0x09, 0xCD,0x11, 0xCD,0x09, 0xCD,0x11,
 0xCD,0x11, 0xCD,0x09, 0xED,0x11, 0xED,0x11, 0xEE,0x11, 0xEE,0x11, 0x0E,0x12, 0x0E,0x12, 0x0E,0x12, 0x2F,0x12, 0x2F,0x12, 0x2F,0x12,
 0x2F,0x12, 0x4F,0x12, 0x4F,0x12, 0x6F,0x12, 0xED,0x09, 0x6B,0x01, 0x6B,0x01, 0xCC,0x09, 0x32,0x1B, 0x0D,0x0A, 0x6B,0x01, 0x8C,0x01,
 0x11,0x1B, 0xB0,0x12, 0x8C,0x01, 0xCD,0x09, 0xCD,0x09, 0xED,0x09, 0xEE,0x09, 0xEE,0x09, 0xEE,0x09, 0x0E,0x0A, 0x0E,0x02, 0x0E,0x0A,
 0x0F,0x0A, 0x0F,0x0A, 0x0F,0x0A, 0x0F,0x0A, 0x2F,0x0A, 0x2F,0x0A, 0x0F,0x0A, 0x2F,0x0A, 0x91,0x0A, 0x12,0x13, 0x13,0x13, 0xD2,0x12,
 0x70,0x0A, 0x50,0x0A, 0x70,0x0A, 0x70,0x0A, 0x71,0x0A, 0x91,0x0A, 0x91,0x0A, 0x71,0x0A, 0x91,0x0A, 0x91,0x0A, 0x91,0x0A, 0x91,0x0A,
 0x91,0x0A, 0x91,0x0A, 0xB2,0x0A, 0xB1,0x0A, 0xB1,0x0A, 0x18,0x15, 0xDA,0x15, 0x13,0x0B, 0xB2,0x0A, 0xB2,0x0A, 0xB2,0x0A, 0xB2,0x0A,
 0xB2,0x0A, 0xB2,0x0A, 0xB2,0x0A, 0xD2,0x0A, 0xD2,0x0A, 0xD2,0x0A, 0xD2,0x0A, 0xD2,0x0A, 0xD2,0x0A, 0xD2,0x0A, 0xD2,0x0A, 0xD2,0x0A,
 0x57,0x1C, 0xB8,0x1C, 0x78,0x1C, 0x77,0x14, 0x57,0x1C, 0x37,0x14, 0x16,0x14, 0xF6,0x13, 0xB5,0x13, 0x94,0x13, 0x54,0x13, 0x33,0x0B,
 0xF3,0x0A, 0xB2,0x0A, 0x91,0x0A, 0x91,0x0A, 0x71,0x0A, 0x91,0x0A, 0x92,0x0A, 0xB2,0x12, 0xB2,0x12, 0xB2,0x12, 0xB2,0x12, 0xB1,0x12,
 0x71,0x0A, 0x50,0x0A, 0x91,0x12, 0x91,0x12, 0x71,0x12, 0x71,0x12, 0x71,0x12, 0x71,0x12, 0x71,0x12, 0x51,0x12, 0x50,0x12, 0x30,0x12,
 0x51,0x12, 0xB2,0x12, 0x14,0x1B, 0x14,0x1B, 0x92,0x12, 0x30,0x12, 0x10,0x12, 0x30,0x12, 0x30,0x12, 0xEF,0x11, 0xCF,0x11, 0xCF,0x19,
 0xF0,0x19, 0xF0,0x19, 0xF0,0x11, 0xF0,0x19, 0xF0,0x19, 0xCF,0x19, 0xCF,0x19, 0xCF,0x19, 0xCF,0x19, 0xCF,0x19, 0xCF,0x19, 0xCF,0x19,
 0xCF,0x19, 0xAF,0x19, 0xAF,0x19, 0x8F,0x19, 0xAF,0x19, 0x8F,0x19, 0x8F,0x19, 0x8F,0x19, 0x8F,0x19, 0x6F,0x19, 0x6E,0x19, 0x6F,0x21,
 0x6F,0x21, 0x6E,0x21, 0x4E,0x21, 0x6E,0x21, 0x6F,0x19, 0x6F,0x19, 0x8F,0x21, 0x8F,0x21, 0xB0,0x21, 0xB0,0x21, 0xD0,0x21, 0xF1,0x21,
 0xD1,0x21, 0x32,0x22, 0xD4,0x2A, 0x12,0x22, 0xB0,0x21, 0xB0,0x21, 0x90,0x21, 0x6F,0x21, 0x2E,0x21, 0x2E,0x21, 0x0D,0x21, 0x0D,0x21,
 0x0D,0x29, 0x2F,0x29, 0xB4,0x42, 0xEF,0x28, 0x30,0x29, 0x34,0x33, 0x92,0x2A, 0xEE,0x28, 0xCC,0x20, 0x0E,0x29, 0x50,0x31, 0xAC,0x20,
 0xAB,0x20, 0xCC,0x20, 0xAC,0x20, 0xAC,0x20, 0xAB,0x20, 0xAB,0x20, 0xCC,0x20, 0x2E,0x29, 0xAB,0x20, 0xAB,0x20, 0xAB,0x20, 0xCC,0x20,

 0xA7,0x00, 0xA7,0x00, 0xA7,0x00, 0x87,0x00, 0x87,0x00, 0xA7,0x00, 0xA7,0x00, 0xA7,0x00, 0xA7,0x00, 0xA8,0x00, 0xC8,0x00, 0xC8,0x00,
 0xC8,0x00, 0xC8,0x00, 0xC8,0x00, 0xA7,0x00, 0x4B,0x09, 0xE9,0x08, 0xA7,0x00, 0xE8,0x00, 0x6C,0x09, 0xE9,0x00, 0xC8,0x00, 0x2A,0x09,
 0x6B,0x09, 0xA7,0x00, 0xC7,0x00, 0xC7,0x00, 0xE8,0x00, 0xE8,0x00, 0xE8,0x00, 0xE8,0x00, 0x08,0x01, 0x08,0x01, 0x08,0x01, 0x08,0x01,
 0x08,0x01, 0x09,0x01, 0x09,0x01, 0x09,0x01, 0x09,0x01, 0x29,0x01, 0x29,0x01, 0x29,0x01, 0x29,0x01, 0x29,0x01, 0x29,0x01, 0x4A,0x01,
 0x4A,0x01, 0x4A,0x01, 0x4A,0x01, 0x4A,0x01, 0x8B,0x01, 0x8B,0x01, 0xCC,0x09, 0x32,0x1B, 0xED,0x09, 0x6B,0x01, 0x8C,0x01, 0x11,0x1B,
 0x8F,0x12, 0x6B,0x01, 0xCD,0x09, 0xCD,0x09, 0xCD,0x01, 0xED,0x09, 0xED,0x09, 0xEE,0x09, 0xEE,0x09, 0xEE,0x09, 0xEE,0x09, 0x0E,0x0A,
 0x0E,0x0A, 0x0E,0x0A, 0x0F,0x0A, 0x0F,0x0A, 0x0F,0x0A, 0x2F,0x0A, 0xB1,0x0A, 0x13,0x13, 0xF2,0x12, 0x90,0x0A, 0x4F,0x0A, 0x2F,0x0A,
 0x50,0x0A, 0x70,0x0A, 0x70,0x0A, 0x70,0x0A, 0x90,0x12, 0x91,0x0A, 0x71,0x0A, 0x70,0x0A, 0x91,0x0A, 0x91,0x0A, 0x91,0x0A, 0x91,0x0A,
 0x91,0x0A, 0x91,0x0A, 0x91,0x0A, 0x91,0x0A, 0xB1,0x0A, 0x39,0x15, 0x1B,0x16, 0x12,0x0B, 0x91,0x0A, 0xB2,0x0A, 0xB2,0x0A, 0xB2,0x0A,
 0xB2,0x0A, 0xB2,0x0A, 0xB2,0x0A, 0xB2,0x0A, 0xD2,0x0A, 0xD2,0x0A, 0xD2,0x0A, 0xD2,0x0A, 0xB2,0x0A, 0xB2,0x0A, 0xB2,0x0A, 0xB2,0x0A,
 0x78,0x1C, 0xF9,0x14, 0xD9,0x14, 0xF9,0x14, 0xD9,0x14, 0xD9,0x14, 0xF9,0x14, 0xF9,0x1C, 0xF9,0x1C, 0xF9,0x1C, 0xF9,0x1C, 0xF9,0x1C,
 0xD8,0x1C, 0x98,0x1C, 0x57,0x1C, 0xF6,0x13, 0x94,0x13, 0x33,0x13, 0xD2,0x0A, 0x91,0x0A, 0x91,0x0A, 0x91,0x0A, 0x91,0x12, 0x91,0x0A,
 0x15,0x1C, 0x36,0x1C, 0x71,0x0A, 0x71,0x12, 0x71,0x12, 0x71,0x12, 0x71,0x12, 0x71,0x12, 0x71,0x12, 0x51,0x12, 0x51,0x12, 0x50,0x12,
 0x30,0x12, 0x10,0x12, 0x30,0x12, 0x91,0x12, 0xF3,0x1A, 0x14,0x1B, 0x92,0x12, 0x30,0x12, 0x10,0x12, 0x10,0x1A, 0x10,0x1A, 0x10,0x1A,
 0x10,0x1A, 0xF0,0x11, 0xF0,0x11, 0xF0,0x19, 0xF0,0x11, 0xCF,0x19, 0xCF,0x19, 0xCF,0x19, 0xCF,0x19, 0xCF,0x19, 0xCF,0x19, 0xCF,0x19,
 0xAF,0x19, 0xB0,0x21, 0x35,0x4A, 0xD1,0x29, 0x8E,0x19, 0x8F,0x19, 0x8F,0x21, 0x8F,0x19, 0x8F,0x19, 0x8F,0x19, 0x6E,0x19, 0x6E,0x21,
 0x6E,0x21, 0x4E,0x21, 0x4E,0x21, 0x6F,0x21, 0x6F,0x21, 0x8F,0x19, 0x8F,0x21, 0xB0,0x21, 0xD0,0x21, 0xD1,0x21, 0xF1,0x21, 0xF1,0x21,
 0x52,0x22, 0x15,0x2B, 0x53,0x22, 0xD1,0x21, 0xB0,0x21, 0x8F,0x21, 0x6F,0x21, 0x4E,0x21, 0x2E,0x21, 0x0D,0x21, 0x0D,0x29, 0x0D,0x29,
 0xEE,0x28, 0x0F,0x31, 0x91,0x39, 0x2F,0x29, 0x75,0x33, 0xF3,0x32, 0xCE,0x28, 0xCD,0x28, 0x0E,0x29, 0x50,0x31, 0xAC,0x20, 0xAC,0x20,
 0xCC,0x20, 0xCC,0x20, 0xAC,0x20, 0xAB,0x20, 0xAB,0x20, 0xCC,0x20, 0x2E,0x29, 0xAB,0x20, 0xAB,0x20, 0xAB,0x20, 0xEC,0x20, 0x2E,0x29,

 0xA7,0x00, 0xA7,0x00, 0xA7,0x00, 0xA7,0x00, 0x87,0x00, 0xA7,0x00, 0xA7,0x00, 0x87,0x00, 0xE9,0x08, 0x6C,0x09, 0x6C,0x09, 0xE9,0x00,
 0xA8,0x00, 0xC8,0x00, 0xC8,0x00, 0xA7,0x00, 0x4B,0x09, 0xE9,0x00, 0xA7,0x00, 0xC8,0x00, 0x6C,0x11, 0xE9,0x00, 0xC8,0x00, 0x2A,0x09,
 0x8B,0x09, 0xC8,0x00, 0xE8,0x00, 0xE8,0x00, 0xE8,0x00, 0xE8,0x00, 0xE8,0x00, 0x09,0x01, 0xE9,0x00, 0xE8,0x00, 0xE8,0x00, 0xE8,0x00,
 0x08,0x01, 0x08,0x01, 0x09,0x01, 0x09,0x01, 0x09,0x01, 0x09,0x01, 0x29,0x01, 0x29,0x01, 0x29,0x01, 0x29,0x01, 0x2A,0x01, 0x2A,0x01,
 0x2A,0x01, 0x4A,0x01, 0x4A,0x01, 0x4A,0x01, 0x4A,0x01, 0xAC,0x01, 0x11,0x1B, 0xED,0x09, 0x6B,0x01, 0x8C,0x01, 0x11,0x1B, 0x8F,0x12,
 0x8B,0x01, 0xCD,0x09, 0xCD,0x09, 0xCD,0x09, 0xCD,0x09, 0xCD,0x09, 0xED,0x09, 0xED,0x09, 0xCE,0x09, 0xEE,0x09, 0xEE,0x09, 0xEE,0x09,
 0x0E,0x0A, 0x0E,0x0A, 0x0E,0x0A, 0x2F,0x0A, 0x91,0x0A, 0x13,0x13, 0xF2,0x12, 0x70,0x0A, 0x0F,0x0A, 0x2F,0x0A, 0x4F,0x0A, 0x50,0x0A,
 0x50,0x0A, 0x50,0x0A, 0x70,0x0A, 0x70,0x0A, 0x70,0x0A, 0x70,0x0A, 0x70,0x0A, 0x70,0x0A, 0x91,0x0A, 0x71,0x0A, 0x91,0x0A, 0x91,0x0A,
 0x91,0x0A, 0x91,0x0A, 0x91,0x0A, 0x91,0x0A, 0x91,0x0A, 0xD2,0x0A, 0xF2,0x02, 0xB1,0x0A, 0x91,0x0A, 0xB1,0x0A, 0xB2,0x0A, 0xB2,0x0A,
 0xB2,0x0A, 0xB2,0x0A, 0xB2,0x0A, 0xB2,0x0A, 0xB2,0x0A, 0xB2,0x0A, 0xB2,0x0A, 0xB2,0x0A, 0xB2,0x0A, 0xB2,0x0A, 0xB2,0x0A, 0xB2,0x0A,
 0x57,0x1C, 0xB8,0x14, 0x98,0x14, 0x98,0x14, 0x98,0x14, 0xB9,0x14, 0xB9,0x14, 0xB9,0x14, 0xB9,0x1C, 0xB9,0x1C, 0xB9,0x1C, 0xD9,0x1C,
 0xD9,0x1C, 0xD9,0x1C, 0xF9,0x1C, 0xF9,0x1C, 0xF9,0x1C, 0xD9,0x1C, 0x98,0x1C, 0x36,0x1C, 0xB5,0x13, 0x33,0x13, 0xD2,0x12, 0x50,0x0A,
 0x56,0x24, 0xB7,0x24, 0x50,0x0A, 0x71,0x12, 0x71,0x12, 0x71,0x12, 0x51,0x0A, 0x51,0x0A, 0x51,0x12, 0x50,0x12, 0x50,0x12, 0x50,0x12,
 0x50,0x12, 0x30,0x12, 0x30,0x12, 0x0F,0x12, 0x0F,0x12, 0x71,0x12, 0xD3,0x1A, 0xF3,0x1A, 0x92,0x1A, 0x10,0x1A, 0xF0,0x19, 0x10,0x1A,
 0x10,0x1A, 0xF0,0x11, 0xF0,0x19, 0xF0,0x11, 0xF0,0x11, 0xCF,0x11, 0xCF,0x11, 0xCF,0x11, 0xCF,0x11, 0xCF,0x11, 0xCF,0x19, 0xAF,0x19,
 0x8E,0x19, 0xF2,0x31, 0x37,0x5A, 0x16,0x52, 0xD2,0x31, 0x8E,0x19, 0x8E,0x19, 0x8F,0x19, 0x4E,0x19, 0x4E,0x19, 0x6F,0x21, 0x6E,0x21,
 0x4E,0x21, 0x6E,0x21, 0x6F,0x21, 0x6F,0x21, 0x8F,0x21, 0xAF,0x21, 0xD0,0x21, 0xD0,0x21, 0xF1,0x21, 0x12,0x22, 0x12,0x22, 0x53,0x22,
 0x56,0x2B, 0x73,0x22, 0xF1,0x21, 0xD1,0x21, 0x90,0x21, 0x6F,0x21, 0x4E,0x21, 0x2E,0x21, 0x2D,0x21, 0x0D,0x21, 0x0D,0x29, 0x0E,0x29,
 0x0F,0x31, 0x10,0x31, 0x10,0x29, 0xB6,0x3B, 0x14,0x33, 0xEE,0x28, 0xCE,0x28, 0xCC,0x28, 0x4F,0x31, 0xCD,0x20, 0xAC,0x20, 0xCC,0x20,
 0xCC,0x20, 0xCB,0x20, 0xCB,0x20, 0xAB,0x20, 0xCC,0x20, 0x2E,0x29, 0xAB,0x20, 0xAA,0x20, 0xAA,0x20, 0xEC,0x20, 0x2E,0x29, 0xAB,0x20,

 0xA7,0x00, 0xA7,0x00, 0xA7,0x00, 0xA7,0x00, 0x87,0x00, 0x87,0x00, 0xA7,0x00, 0x86,0x00, 0x09,0x09, 0xAE,0x11, 0xAE,0x11, 0xE9,0x08,
 0xA8,0x00, 0xC8,0x00, 0xC7,0x00, 0xC7,0x00, 0x4B,0x09, 0xE9,0x08, 0xA7,0x00, 0xC8,0x00, 0x6C,0x09, 0xE9,0x00, 0xC8,0x00, 0x2A,0x09,
 0x8B,0x09, 0xC8,0x00, 0xE8,0x00, 0xE8,0x00, 0xE8,0x00, 0xE9,0x00, 0x09,0x01, 0xE8,0x00, 0x2A,0x01, 0xED,0x09, 0xCD,0x09, 0xED,0x09,
 0xCD,0x09, 0xED,0x09, 0xED,0x11, 0xEE,0x09, 0xEE,0x09, 0x0E,0x0A, 0x0E,0x12, 0x0E,0x12, 0x2E,0x12, 0x2E,0x12, 0x2E,0x12, 0x2F,0x12,
 0x4F,0x12, 0x4F,0x12, 0x4F,0x12, 0x4F,0x12, 0x4F,0x12, 0xF1,0x1A, 0x0D,0x0A, 0x4A,0x01, 0x8B,0x01, 0x11,0x1B, 0x8F,0x12, 0x6B,0x01,
 0xCC,0x09, 0xCC,0x09, 0xCD,0x01, 0xCD,0x09, 0xCD,0x09, 0xCD,0x01, 0xCD,0x09, 0xED,0x09, 0xEE,0x09, 0xEE,0x09, 0xEE,0x09, 0x0E,0x0A,
 0x0E,0x0A, 0x0E,0x0A, 0x2F,0x0A, 0xF2,0x12, 0xD2,0x12, 0x50,0x0A, 0x0E,0x0A, 0x0F,0x0A, 0x2F,0x0A, 0x2F,0x0A, 0x4F,0x0A, 0x4F,0x0A,
 0x50,0x0A, 0x50,0x0A, 0x50,0x0A, 0x70,0x0A, 0x94,0x13, 0xB5,0x13, 0x71,0x0A, 0x70,0x0A, 0x71,0x0A, 0x71,0x0A, 0x71,0x0A, 0x71,0x0A,
 0x91,0x0A, 0x91,0x0A, 0x91,0x0A, 0x91,0x0A, 0x91,0x0A, 0x91,0x0A, 0x71,0x0A, 0x91,0x0A, 0x91,0x0A, 0x91,0x0A, 0x91,0x0A, 0x91,0x0A,
 0xB2,0x0A, 0xB1,0x0A, 0xB2,0x0A, 0xB2,0x0A, 0xB2,0x0A, 0xB2,0x0A, 0xB2,0x0A, 0xB2,0x0A, 0xB2,0x0A, 0x92,0x0A, 0x92,0x0A, 0x91,0x0A,
 0x37,0x1C, 0x98,0x1C, 0x98,0x1C, 0x98,0x1C, 0x98,0x1C, 0xB9,0x1C, 0xB9,0x1C, 0xD9,0x1C, 0xD9,0x1C, 0xD9,0x1C, 0xD9,0x14, 0xB9,0x1C,
 0xB9,0x1C, 0xB9,0x14, 0xB9,0x1C, 0xB9,0x1C, 0xB9,0x1C, 0xB9,0x1C, 0xD9,0x1C, 0xD9,0x1C, 0xD9,0x1C, 0xD9,0x24, 0x98,0x1C, 0x17,0x1C,
 0x74,0x13, 0x91,0x0A, 0x50,0x0A, 0x30,0x0A, 0x30,0x12, 0x50,0x12, 0x51,0x12, 0x50,0x12, 0x50,0x0A, 0x50,0x12, 0x50,0x12, 0x30,0x12,
 0x30,0x12, 0x30,0x12, 0x30,0x12, 0x30,0x12, 0x30,0x12, 0x0F,0x12, 0xEF,0x11, 0x51,0x1A, 0xD3,0x1A, 0xF3,0x1A, 0x71,0x12, 0xF0,0x11,
 0xEF,0x11, 0xF0,0x11, 0xF0,0x11, 0xEF,0x19, 0xCF,0x11, 0xCF,0x11, 0xCF,0x11, 0xCF,0x11, 0xCF,0x11, 0xCF,0x11, 0xAF,0x19, 0xAF,0x19,
 0x8E,0x19, 0x14,0x42, 0x16,0x52, 0xF6,0x51, 0x16,0x52, 0xD4,0x41, 0x8F,0x21, 0x4E,0x19, 0x10,0x22, 0x10,0x22, 0x4E,0x19, 0x6F,0x21,
 0x6E,0x21, 0x6F,0x21, 0x8F,0x21, 0x8F,0x21, 0xB0,0x21, 0xD0,0x21, 0xF1,0x21, 0x73,0x22, 0x32,0x22, 0x12,0x22, 0x73,0x22, 0x96,0x2B,
 0xB4,0x22, 0xF2,0x21, 0xF2,0x21, 0xB0,0x21, 0x90,0x21, 0x6F,0x21, 0x4E,0x21, 0x2D,0x21, 0x0D,0x21, 0x0D,0x29, 0x0E,0x29, 0x2F,0x31,
 0x10,0x31, 0x51,0x31, 0xF7,0x3B, 0x76,0x3B, 0x0F,0x29, 0xEE,0x28, 0xED,0x28, 0xCB,0x20, 0x4F,0x29, 0xCD,0x28, 0xCC,0x28, 0xAB,0x20,
 0xAB,0x20, 0xCB,0x20, 0xAA,0x20, 0xCC,0x20, 0x2E,0x29, 0xAB,0x20, 0xAA,0x20, 0xAA,0x20, 0xEC,0x20, 0x2E,0x29, 0xAB,0x20, 0xAA,0x20,

 0x87,0x00, 0xA7,0x00, 0xA7,0x00, 0xA7,0x00, 0x87,0x00, 0x87,0x00, 0xA7,0x00, 0x87,0x00, 0xE8,0x00, 0x4B,0x09, 0x4B,0x09, 0xC8,0x00,
 0xC8,0x00, 0xC8,0x00, 0xC8,0x00, 0xC7,0x00, 0x4B,0x09, 0xE9,0x08, 0xA7,0x00, 0xC8,0x00, 0x6C,0x09, 0xE9,0x00, 0xC8,0x00, 0x2A,0x01,
 0x8B,0x09, 0xE8,0x00, 0xE9,0x00, 0xE9,0x00, 0xE9,0x00, 0x09,0x01, 0xE8,0x00, 0x2A,0x01, 0x4E,0x12, 0xCC,0x09, 0x8B,0x09, 0x8C,0x09,
 0xAC,0x09, 0xAC,0x09, 0xAC,0x09, 0xAC,0x09, 0xCC,0x09, 0xCC,0x09, 0xCD,0x09, 0xCC,0x09, 0xCD,0x09, 0xED,0x11, 0xED,0x11, 0xED,0x11,
 0xED,0x11, 0x0D,0x12, 0x0D,0x12, 0x0E,0x12, 0x2E,0x12, 0xCD,0x09, 0x6B,0x01, 0x6B,0x01, 0xF1,0x1A, 0x8F,0x12, 0x6B,0x01, 0xCD,0x09,
 0xCD,0x09, 0xAD,0x09, 0xCD,0x01, 0xCD,0x01, 0xCD,0x09, 0xCD,0x09, 0xCD,0x09, 0xCD,0x09, 0xED,0x09, 0xED,0x09, 0xEE,0x09, 0xEE,0x09,
 0x0E,0x0A, 0x0E,0x0A, 0x0E,0x0A, 0x12,0x13, 0x70,0x0A, 0xEE,0x09, 0x2F,0x0A, 0x2F,0x0A, 0x2F,0x0A, 0x2F,0x0A, 0x2F,0x0A, 0x4F,0x0A,
 0x4F,0x0A, 0x4F,0x0A, 0x50,0x0A, 0x70,0x0A, 0x16,0x14, 0x16,0x14, 0x70,0x0A, 0x70,0x0A, 0x70,0x0A, 0x71,0x0A, 0x71,0x0A, 0x90,0x0A,
 0x90,0x0A, 0x70,0x0A, 0x70,0x0A, 0x91,0x0A, 0xB1,0x0A, 0xD2,0x0A, 0xD2,0x0A, 0x91,0x0A, 0x91,0x0A, 0x91,0x0A, 0x91,0x0A, 0x91,0x0A,
 0x91,0x0A, 0x91,0x0A, 0x91,0x0A, 0x91,0x0A, 0x91,0x0A, 0x91,0x0A, 0x91,0x0A, 0x91,0x0A, 0x92,0x0A, 0x91,0x0A, 0x92,0x0A, 0x92,0x0A,
 0xD2,0x12, 0xF3,0x12, 0xF3,0x12, 0x13,0x13, 0x13,0x13, 0x34,0x13, 0x54,0x13, 0x95,0x13, 0xB5,0x13, 0xF6,0x1B, 0x37,0x1C, 0x57,0x1C,
 0x98,0x1C, 0xB8,0x1C, 0xB9,0x24, 0xB9,0x1C, 0xB9,0x1C, 0xB9,0x1C, 0xB9,0x1C, 0x99,0x1C, 0x98,0x1C, 0x98,0x1C, 0x98,0x1C, 0x99,0x24,
 0x99,0x24, 0x58,0x1C, 0xF6,0x1B, 0x74,0x13, 0xD2,0x12, 0x50,0x12, 0x30,0x12, 0x30,0x12, 0x50,0x12, 0x50,0x12, 0x50,0x12, 0x30,0x12,
 0x30,0x12, 0x30,0x12, 0x30,0x12, 0x30,0x12, 0x30,0x12, 0x30,0x1A, 0x10,0x1A, 0xEF,0x11, 0xEF,0x19, 0x51,0x1A, 0xD3,0x1A, 0xB3,0x1A,
 0x31,0x12, 0xCF,0x11, 0xEF,0x11, 0xF0,0x11, 0xCF,0x11, 0xCF,0x11, 0xCF,0x11, 0xCF,0x19, 0xCF,0x19, 0xAF,0x19, 0xAF,0x19, 0x8E,0x19,
 0xB0,0x21, 0x16,0x4A, 0xF6,0x49, 0xF6,0x49, 0xF6,0x49, 0xF6,0x51, 0xF5,0x49, 0x70,0x29, 0x71,0x22, 0xB2,0x22, 0x4E,0x19, 0x6F,0x19,
 0x6F,0x19, 0x8F,0x21, 0xAF,0x21, 0xB0,0x21, 0xD0,0x21, 0xF1,0x19, 0x52,0x22, 0xB7,0x33, 0x32,0x22, 0x93,0x22, 0xD7,0x2B, 0xD4,0x22,
 0x12,0x22, 0x97,0x33, 0x36,0x2B, 0x90,0x21, 0x6F,0x21, 0x4E,0x21, 0x2E,0x21, 0x0D,0x21, 0x0D,0x21, 0x0E,0x29, 0x2F,0x31, 0x30,0x31,
 0x31,0x29, 0x17,0x44, 0xB6,0x3B, 0x10,0x29, 0xEF,0x30, 0xED,0x28, 0xCC,0x20, 0xCB,0x20, 0x4F,0x29, 0xCD,0x28, 0xCB,0x20, 0xCC,0x20,
 0xCC,0x20, 0xAB,0x20, 0xEC,0x20, 0x2E,0x29, 0xAB,0x20, 0xAB,0x20, 0xAA,0x20, 0xCC,0x20, 0x2E,0x29, 0xAB,0x20, 0xAA,0x20, 0xAA,0x20,

 0x86,0x00, 0x87,0x00, 0xA7,0x00, 0xA7,0x00, 0x87,0x00, 0x87,0x00, 0x87,0x00, 0xA7,0x00, 0xA7,0x00, 0x86,0x00, 0xA6,0x00, 0xA7,0x00,
 0xC8,0x00, 0xC8,0x00, 0xC8,0x00, 0xC7,0x00, 0x4B,0x09, 0xE9,0x08, 0xA7,0x00, 0xC8,0x00, 0x6C,0x09, 0xE9,0x00, 0xC8,0x00, 0x09,0x01,
 0x8B,0x09, 0xC8,0x00, 0xE9,0x00, 0x09,0x01, 0x09,0x01, 0xC8,0x00, 0x09,0x01, 0x4F,0x12, 0x6A,0x09, 0xC8,0x00, 0xE8,0x00, 0xE8,0x00,
 0x09,0x01, 0x08,0x01, 0xE8,0x00, 0xE8,0x00, 0xE8,0x00, 0xE8,0x00, 0xE8,0x00, 0x08,0x01, 0x08,0x01, 0x09,0x01, 0x09,0x01, 0x09,0x01,
 0x09,0x01, 0x09,0x01, 0x09,0x01, 0x29,0x01, 0x29,0x01, 0x4A,0x01, 0x8B,0x01, 0xF1,0x1A, 0x90,0x12, 0x6B,0x01, 0xCC,0x09, 0xCD,0x09,
 0xCD,0x09, 0xCD,0x09, 0xCD,0x01, 0xCD,0x09, 0xCD,0x09, 0xCD,0x09, 0xCD,0x01, 0xCD,0x01, 0xED,0x09, 0xED,0x09, 0xEE,0x09, 0x0E,0x0A,
 0x0E,0x0A, 0x0E,0x0A, 0xEE,0x09, 0x90,0x12, 0xF2,0x12, 0x0F,0x0A, 0x2F,0x0A, 0x2F,0x0A, 0x2F,0x0A, 0x2F,0x0A, 0x2F,0x0A, 0x2F,0x0A,
 0x2F,0x0A, 0x2F,0x0A, 0x50,0x0A, 0x70,0x0A, 0x70,0x0A, 0x70,0x0A, 0x70,0x0A, 0x50,0x0A, 0x70,0x0A, 0x70,0x0A, 0x70,0x0A, 0x70,0x0A,
 0x70,0x0A, 0x91,0x0A, 0xB2,0x0A, 0xF3,0x0A, 0x14,0x0B, 0x34,0x0B, 0xF3,0x0A, 0x91,0x0A, 0x91,0x0A, 0x71,0x0A, 0x91,0x0A, 0x91,0x0A,
 0x91,0x0A, 0x92,0x0A, 0x92,0x0A, 0x92,0x0A, 0x92,0x0A, 0xB2,0x0A, 0xB2,0x0A, 0xB2,0x12, 0xB2,0x12, 0x92,0x12, 0x92,0x12, 0x92,0x12,
 0x71,0x12, 0x71,0x12, 0x71,0x12, 0x72,0x12, 0x72,0x0A, 0x72,0x0A, 0x72,0x0A, 0x72,0x0A, 0x72,0x0A, 0x72,0x0A, 0x72,0x0A, 0x92,0x0A,
 0xB2,0x12, 0xF3,0x12, 0x54,0x13, 0xB5,0x1B, 0x17,0x1C, 0x78,0x1C, 0xB9,0x1C, 0xB9,0x1C, 0xB9,0x1C, 0x99,0x1C, 0x98,0x1C, 0x78,0x1C,
 0x78,0x1C, 0x58,0x1C, 0x78,0x1C, 0x78,0x1C, 0x78,0x1C, 0xF7,0x1B, 0x54,0x13, 0x91,0x12, 0x30,0x12, 0x0F,0x12, 0x30,0x12, 0x30,0x12,
 0x30,0x12, 0x2F,0x12, 0x0F,0x12, 0x0F,0x12, 0xEF,0x11, 0xEF,0x11, 0xEF,0x11, 0x0F,0x12, 0xEF,0x19, 0xEF,0x19, 0xEF,0x19, 0x71,0x1A,
 0xD3,0x1A, 0x72,0x1A, 0xF0,0x11, 0xCF,0x19, 0xCF,0x11, 0xCF,0x11, 0xCF,0x19, 0xAF,0x19, 0xAF,0x19, 0xAF,0x19, 0xAF,0x19, 0x8E,0x19,
 0xD1,0x29, 0x16,0x52, 0xF5,0x49, 0xD5,0x49, 0xD6,0x49, 0xD6,0x49, 0xF6,0x51, 0xF6,0x49, 0x92,0x31, 0x4E,0x19, 0x6F,0x21, 0x6F,0x21,
 0x8F,0x21, 0xAF,0x21, 0xD0,0x21, 0xF1,0x21, 0x11,0x22, 0x32,0x1A, 0x53,0x22, 0x32,0x1A, 0x94,0x1A, 0xF7,0x23, 0x15,0x23, 0x12,0x1A,
 0x12,0x1A, 0x79,0x3C, 0x18,0x34, 0x90,0x21, 0x4F,0x21, 0x4E,0x21, 0x2E,0x29, 0x0D,0x29, 0x0E,0x29, 0x0F,0x31, 0x31,0x31, 0x52,0x29,
 0x38,0x3C, 0xF7,0x43, 0x11,0x29, 0x0F,0x31, 0xEE,0x28, 0xED,0x28, 0xCC,0x20, 0xCB,0x20, 0x4F,0x29, 0xCD,0x28, 0xCB,0x20, 0xCB,0x20,
 0xAB,0x20, 0xCC,0x20, 0x2F,0x29, 0xCB,0x20, 0xAB,0x20, 0xAB,0x20, 0xEC,0x20, 0x2E,0x29, 0xAA,0x20, 0xAA,0x20, 0xAA,0x20, 0xAB,0x18,

 0x87,0x00, 0xA7,0x00, 0xA7,0x00, 0xA7,0x00, 0xA7,0x00, 0x87,0x00, 0xA7,0x00, 0xA7,0x00, 0xA7,0x00, 0xA7,0x00, 0xA7,0x00, 0xA7,0x00,
 0xA8,0x00, 0xA8,0x00, 0xC8,0x00, 0xC7,0x00, 0x4B,0x09, 0xE9,0x08, 0xA7,0x00, 0xC8,0x00, 0x6B,0x09, 0xE8,0x00, 0xC7,0x00, 0x09,0x01,
 0x8B,0x09, 0xC8,0x00, 0xE9,0x00, 0x09,0x01, 0xC8,0x00, 0x09,0x01, 0x4F,0x12, 0x6A,0x09, 0xE8,0x00, 0x09,0x09, 0x09,0x01, 0x29,0x01,
 0x29,0x01, 0x09,0x01, 0x6A,0x01, 0x4E,0x12, 0x2E,0x12, 0x4F,0x12, 0x4F,0x12, 0x4F,0x12, 0x4F,0x12, 0x6F,0x12, 0x6F,0x12, 0x8F,0x12,
 0x8F,0x12, 0x90,0x1A, 0xB0,0x1A, 0xB0,0x1A, 0xB0,0x1A, 0xB0,0x1A, 0x12,0x1B, 0x8F,0x12, 0x8B,0x01, 0xCD,0x09, 0xCD,0x09, 0xCD,0x01,
 0xCD,0x09, 0xCD,0x09, 0xCD,0x09, 0xCD,0x09, 0xCD,0x09, 0xCD,0x09, 0xCD,0x01, 0xCD,0x01, 0xEE,0x09, 0xEE,0x09, 0xEE,0x09, 0xEE,0x09,
 0x0E,0x0A, 0x0E,0x0A, 0xEE,0x09, 0x0E,0x0A, 0x12,0x13, 0x50,0x0A, 0x0E,0x0A, 0x2F,0x0A, 0x0F,0x0A, 0x2F,0x0A, 0x2F,0x0A, 0x2F,0x0A,
 0x2F,0x0A, 0x2F,0x0A, 0x4F,0x0A, 0x50,0x0A, 0x50,0x0A, 0x50,0x0A, 0x50,0x0A, 0x50,0x0A, 0x50,0x0A, 0x50,0x0A, 0x91,0x0A, 0xB2,0x0A,
 0xD2,0x12, 0xF3,0x12, 0xF3,0x12, 0xF3,0x12, 0xF4,0x12, 0xF4,0x0A, 0xF3,0x12, 0x71,0x12, 0x91,0x0A, 0x91,0x0A, 0x92,0x0A, 0x92,0x0A,
 0x92,0x0A, 0x92,0x0A, 0x92,0x0A, 0x92,0x0A, 0x92,0x0A, 0x92,0x0A, 0x92,0x0A, 0x92,0x0A, 0x92,0x0A, 0x72,0x0A, 0x72,0x0A, 0x72,0x0A,
 0x71,0x0A, 0x72,0x0A, 0x72,0x0A, 0x72,0x0A, 0x72,0x0A, 0x51,0x0A, 0x51,0x0A, 0x51,0x0A, 0x71,0x0A, 0x71,0x0A, 0x71,0x0A, 0x71,0x12,
 0x91,0x12, 0x71,0x12, 0x71,0x0A, 0x71,0x0A, 0x91,0x0A, 0xB2,0x0A, 0x12,0x13, 0x74,0x13, 0xF5,0x13, 0x57,0x1C, 0x98,0x1C, 0x99,0x1C,
 0x79,0x1C, 0x58,0x1C, 0x58,0x1C, 0x38,0x1C, 0x38,0x14, 0x58,0x1C, 0x38,0x1C, 0x17,0x1C, 0x95,0x1B, 0xD2,0x12, 0x30,0x12, 0xEF,0x11,
 0x0F,0x12, 0x30,0x12, 0x10,0x1A, 0xEF,0x11, 0x13,0x1B, 0xF3,0x1A, 0x0F,0x12, 0xCF,0x11, 0xEF,0x19, 0xF0,0x11, 0xEF,0x11, 0xEF,0x11,
 0xEF,0x19, 0x51,0x1A, 0x92,0x1A, 0x10,0x1A, 0xCF,0x11, 0xCF,0x19, 0xCF,0x19, 0xAF,0x19, 0xAF,0x19, 0xAF,0x19, 0xAF,0x19, 0x8E,0x19,
 0xF4,0x39, 0xF6,0x49, 0xF5,0x49, 0xD6,0x49, 0xD5,0x49, 0xF6,0x49, 0xF5,0x49, 0xD5,0x49, 0xD5,0x49, 0xD3,0x39, 0x8F,0x21, 0x8F,0x19,
 0xB0,0x21, 0xD0,0x21, 0xF1,0x21, 0x12,0x22, 0x32,0x22, 0x73,0x22, 0x74,0x22, 0xB4,0x1A, 0x38,0x24, 0x35,0x1B, 0x12,0x1A, 0x12,0x22,
 0xF1,0x21, 0xF1,0x21, 0xD1,0x21, 0x6F,0x21, 0x4E,0x21, 0x2E,0x21, 0x0E,0x29, 0x0E,0x31, 0x2F,0x31, 0x31,0x39, 0x32,0x29, 0x79,0x3C,
 0x17,0x3C, 0x10,0x29, 0x10,0x29, 0x0E,0x29, 0xED,0x28, 0xCC,0x20, 0xCC,0x20, 0xCB,0x20, 0x4F,0x29, 0xCC,0x20, 0xCB,0x20, 0xAB,0x20,
 0xCC,0x20, 0x4F,0x31, 0xCB,0x20, 0xAB,0x20, 0xAA,0x20, 0xEC,0x20, 0x2F,0x29, 0xAA,0x18, 0xAA,0x20, 0xAA,0x18, 0xCB,0x18, 0x0D,0x21,

 0x87,0x00, 0x87,0x00, 0xA7,0x00, 0x87,0x00, 0x87,0x00, 0x87,0x00, 0xA7,0x00, 0x86,0x00, 0xE9,0x08, 0x6D,0x11, 0x6C,0x09, 0xC8,0x08,
 0xA7,0x00, 0xA8,0x00, 0xC7,0x00, 0xC7,0x00, 0x4B,0x09, 0xE9,0x08, 0xA7,0x00, 0xC8,0x00, 0x6B,0x09, 0xE8,0x00, 0xC7,0x00, 0x09,0x01,
 0x8B,0x09, 0xC8,0x00, 0xE9,0x00, 0xE8,0x00, 0x0A,0x01, 0x6F,0x1A, 0x6A,0x09, 0xC8,0x00, 0x09,0x01, 0x09,0x01, 0x09,0x01, 0x29,0x09,
 0xE9,0x00, 0x4A,0x01, 0xB0,0x12, 0xCC,0x09, 0x8B,0x09, 0x8C,0x09, 0xAC,0x09, 0xAC,0x09, 0xAC,0x09, 0xAC,0x09, 0xCC,0x09, 0xCC,0x09,
 0xCC,0x09, 0xED,0x09, 0xED,0x09, 0xED,0x09, 0xED,0x09, 0x0E,0x0A, 0xED,0x09, 0x8C,0x01, 0xCC,0x09, 0xCD,0x09, 0xCD,0x09, 0xCD,0x01,
 0xCD,0x01, 0xCD,0x01, 0xCD,0x01, 0xCD,0x01, 0xCD,0x09, 0xCD,0x01, 0xCD,0x01, 0xEE,0x09, 0xEE,0x09, 0xEE,0x09, 0xEE,0x09, 0xEE,0x09,
 0xEE,0x09, 0xEE,0x09, 0x0E,0x0A, 0xCD,0x09, 0x90,0x12, 0xF2,0x12, 0x0E,0x0A, 0x2F,0x0A, 0x0F,0x0A, 0x0F,0x0A, 0x2F,0x0A, 0x2F,0x0A,
 0x2F,0x0A, 0x2F,0x0A, 0x2F,0x0A, 0x4F,0x0A, 0x4F,0x0A, 0x50,0x0A, 0x50,0x0A, 0x71,0x0A, 0xB2,0x0A, 0xD3,0x0A, 0xF3,0x12, 0xF3,0x12,
 0xD3,0x12, 0xD3,0x12, 0xD3,0x12, 0xD3,0x12, 0xD3,0x12, 0xF3,0x0A, 0xD3,0x12, 0x71,0x12, 0x71,0x12, 0x72,0x0A, 0x72,0x0A, 0x72,0x0A,
 0x72,0x0A, 0x72,0x0A, 0x72,0x0A, 0x72,0x0A, 0x72,0x0A, 0x72,0x0A, 0x72,0x0A, 0x72,0x0A, 0x72,0x0A, 0x52,0x0A, 0x93,0x0A, 0x96,0x1B,
 0xB6,0x1B, 0xB7,0x1B, 0xB6,0x1B, 0x96,0x1B, 0x95,0x1B, 0x75,0x1B, 0x54,0x13, 0x34,0x13, 0x13,0x13, 0xF3,0x12, 0xB2,0x12, 0x91,0x12,
 0x71,0x12, 0x71,0x12, 0x71,0x12, 0x71,0x12, 0x71,0x12, 0x71,0x12, 0x70,0x0A, 0x50,0x0A, 0x50,0x0A, 0x70,0x0A, 0xD1,0x12, 0x74,0x1B,
 0xF6,0x1B, 0x58,0x1C, 0x79,0x1C, 0x58,0x1C, 0x38,0x1C, 0x18,0x1C, 0x18,0x1C, 0x18,0x1C, 0x38,0x1C, 0x38,0x1C, 0xD6,0x1B, 0x13,0x1B,
 0x50,0x1A, 0xEF,0x11, 0xCE,0x11, 0x50,0x1A, 0xD7,0x23, 0xD7,0x1B, 0x96,0x1B, 0xB2,0x1A, 0xEF,0x11, 0xEF,0x11, 0xEF,0x11, 0xEF,0x11,
 0xCF,0x11, 0xCE,0x11, 0xEF,0x19, 0x71,0x1A, 0x71,0x1A, 0xF0,0x19, 0xAF,0x19, 0xAF,0x19, 0xAF,0x19, 0xAF,0x19, 0x8E,0x11, 0xB0,0x21,
 0xF6,0x49, 0xD6,0x49, 0xD6,0x49, 0xD5,0x49, 0xD5,0x49, 0xD5,0x49, 0xD5,0x49, 0xD5,0x41, 0xB4,0x41, 0xD5,0x41, 0xD4,0x39, 0xB1,0x29,
 0xD0,0x19, 0xF1,0x21, 0x32,0x22, 0x53,0x22, 0x74,0x22, 0x94,0x22, 0xF5,0x22, 0x79,0x24, 0x76,0x23, 0x33,0x1A, 0x32,0x22, 0x11,0x22,
 0xD0,0x21, 0x8F,0x21, 0x4F,0x21, 0x4F,0x29, 0x4F,0x21, 0x2E,0x29, 0x0E,0x31, 0x2F,0x31, 0x51,0x39, 0x33,0x31, 0x99,0x44, 0x79,0x44,
 0x10,0x29, 0x0F,0x31, 0xED,0x28, 0xED,0x28, 0xCC,0x28, 0xCC,0x20, 0xCC,0x20, 0xCB,0x20, 0x4F,0x29, 0xCC,0x20, 0xAB,0x20, 0xCC,0x20,
 0x2F,0x29, 0xCC,0x20, 0xCB,0x20, 0x8A,0x20, 0xED,0x20, 0x4F,0x21, 0xAB,0x18, 0xAA,0x18, 0xAA,0x20, 0xCB,0x20, 0x2E,0x21, 0xCB,0x20,

 0x87,0x00, 0x86,0x00, 0x87,0x00, 0x87,0x00, 0x87,0x00, 0x86,0x00, 0xA7,0x00, 0x86,0x00, 0x0A,0x09, 0xEF,0x11, 0xCE,0x11, 0xC8,0x08,
 0xA7,0x00, 0xA7,0x00, 0xC7,0x00, 0xC7,0x00, 0x4B,0x09, 0xE9,0x08, 0xA7,0x00, 0xC8,0x00, 0x6B,0x09, 0xE8,0x00, 0xC7,0x00, 0x09,0x09,
 0x6B,0x09, 0xC8,0x00, 0xE8,0x00, 0x09,0x01, 0x4F,0x12, 0x6B,0x09, 0xC8,0x00, 0x09,0x09, 0xE8,0x00, 0x09,0x01, 0x09,0x01, 0xE8,0x00,
 0x4A,0x01, 0xAF,0x12, 0x8B,0x09, 0x09,0x01, 0x29,0x01, 0x29,0x01, 0x29,0x01, 0x29,0x01, 0x29,0x01, 0x29,0x01, 0x29,0x01, 0x4A,0x01,
 0x4A,0x01, 0x4A,0x01, 0x4A,0x01, 0x6A,0x01, 0x6B,0x01, 0x8B,0x01, 0x8C,0x09, 0xCD,0x09, 0xCD,0x01, 0xCD,0x01, 0xCD,0x01, 0xCD,0x01,
 0xCE,0x01, 0xCD,0x01, 0xCD,0x01, 0xCD,0x01, 0xCD,0x01, 0xED,0x01, 0xEE,0x09, 0xED,0x09, 0xED,0x09, 0xEE,0x09, 0xEE,0x09, 0xEE,0x09,
 0xEE,0x09, 0xEE,0x09, 0xEE,0x09, 0xEE,0x09, 0x0E,0x0A, 0x12,0x1B, 0x4F,0x0A, 0x0F,0x0A, 0x2F,0x0A, 0x2F,0x0A, 0x2F,0x0A, 0x2F,0x0A,
 0x2F,0x0A, 0x2F,0x0A, 0x2F,0x0A, 0x2F,0x0A, 0x50,0x0A, 0x91,0x0A, 0xB2,0x0A, 0xB2,0x0A, 0xB3,0x0A, 0xB2,0x0A, 0xB3,0x0A, 0xD3,0x0A,
 0xB3,0x12, 0xB3,0x12, 0xD3,0x12, 0xB3,0x12, 0xB3,0x12, 0xB3,0x12, 0xD3,0x12, 0x71,0x12, 0x51,0x12, 0x72,0x0A, 0x72,0x0A, 0x52,0x12,
 0x52,0x12, 0x52,0x12, 0x52,0x12, 0x52,0x0A, 0x52,0x12, 0x52,0x12, 0x52,0x12, 0x52,0x12, 0x52,0x12, 0x32,0x0A, 0x52,0x0A, 0x93,0x12,
 0x93,0x12, 0xB3,0x12, 0xB3,0x12, 0xB3,0x12, 0xD3,0x12, 0xD3,0x12, 0xF4,0x12, 0x35,0x13, 0x75,0x1B, 0xB6,0x1B, 0xF6,0x1B, 0x17,0x24,
 0x36,0x24, 0xF6,0x23, 0xB5,0x1B, 0x34,0x13, 0xD2,0x12, 0x91,0x0A, 0x50,0x0A, 0x50,0x12, 0x50,0x12, 0x50,0x0A, 0x30,0x0A, 0x2F,0x12,
 0x2F,0x12, 0x91,0x12, 0x33,0x1B, 0xD6,0x1B, 0x38,0x1C, 0x38,0x1C, 0x38,0x1C, 0x18,0x1C, 0xF7,0x1B, 0xF7,0x1B, 0xF7,0x1B, 0x18,0x1C,
 0xD7,0x23, 0x34,0x1B, 0x30,0x12, 0x14,0x1B, 0xD7,0x23, 0xB6,0x1B, 0xD7,0x1B, 0xF3,0x1A, 0xCE,0x11, 0xEF,0x11, 0xEF,0x11, 0xEF,0x11,
 0xEF,0x11, 0xCF,0x19, 0xCF,0x19, 0xCF,0x11, 0x30,0x1A, 0x92,0x1A, 0x10,0x1A, 0xAE,0x19, 0xAF,0x19, 0xAF,0x19, 0x8E,0x11, 0xD2,0x29,
 0xF6,0x51, 0xD5,0x49, 0xD5,0x49, 0xD5,0x49, 0xD5,0x49, 0xD5,0x41, 0xD5,0x41, 0xD5,0x41, 0xD4,0x41, 0xD4,0x39, 0xF4,0x39, 0x15,0x32,
 0x13,0x2A, 0x32,0x1A, 0x73,0x1A, 0x94,0x22, 0xB5,0x22, 0x15,0x1B, 0xB9,0x24, 0xB7,0x23, 0x54,0x22, 0x53,0x22, 0x11,0x22, 0xD0,0x21,
 0xB0,0x21, 0x6F,0x21, 0x4E,0x21, 0x4F,0x29, 0x50,0x29, 0x0E,0x29, 0x50,0x31, 0x52,0x39, 0x33,0x31, 0x9A,0x44, 0x99,0x4C, 0xF1,0x28,
 0x10,0x31, 0x0E,0x29, 0xED,0x28, 0xED,0x20, 0xCC,0x20, 0xCC,0x20, 0xCC,0x20, 0xCB,0x20, 0x4F,0x29, 0xCC,0x20, 0xAB,0x20, 0x0E,0x29,
 0x0D,0x29, 0xAA,0x20, 0xAA,0x20, 0xEC,0x20, 0x4F,0x21, 0xAA,0x18, 0xAA,0x20, 0xAA,0x18, 0xAB,0x20, 0x0D,0x21, 0xAB,0x18, 0xAA,0x18,

 0x87,0x00, 0x87,0x00, 0x87,0x00, 0x87,0x00, 0x87,0x00, 0x86,0x00, 0x87,0x00, 0x87,0x00, 0xE9,0x08, 0x6C,0x09, 0x6C,0x09, 0xC8,0x08,
 0xA7,0x00, 0xA7,0x00, 0xC7,0x00, 0xA7,0x00, 0x4B,0x09, 0xE9,0x00, 0xA7,0x00, 0xC8,0x00, 0x6B,0x09, 0xE8,0x00, 0xA7,0x00, 0x09,0x01,
 0x6B,0x09, 0xC8,0x00, 0xC8,0x00, 0xAC,0x09, 0x8B,0x09, 0xC8,0x00, 0x09,0x01, 0xE9,0x00, 0xE9,0x00, 0xE9,0x00, 0x08,0x01, 0x4A,0x01,
 0x6F,0x12, 0x8B,0x09, 0x09,0x01, 0x4A,0x09, 0x6B,0x09, 0x8B,0x09, 0x8B,0x09, 0x8B,0x09, 0x6B,0x09, 0x6B,0x01, 0x6A,0x01, 0x6B,0x01,
 0x6B,0x01, 0x6B,0x09, 0x8B,0x09, 0x8C,0x09, 0x6B,0x01, 0x8C,0x01, 0xAC,0x09, 0xCD,0x01, 0xCE,0x09, 0xCE,0x01, 0xCE,0x01, 0xEE,0x01,
 0xEE,0x09, 0xEE,0x01, 0xEE,0x01, 0xEE,0x01, 0xEE,0x09, 0xEE,0x09, 0xCD,0x09, 0x0E,0x0A, 0xEE,0x09, 0xED,0x09, 0xEE,0x09, 0xEE,0x09,
 0xEE,0x09, 0xEE,0x09, 0xEE,0x09, 0xEE,0x09, 0xCD,0x09, 0xB0,0x12, 0xD1,0x12, 0x0E,0x0A, 0x2F,0x0A, 0x2F,0x0A, 0x2F,0x0A, 0x2F,0x0A,
 0x0F,0x0A, 0x2F,0x0A, 0x50,0x0A, 0x91,0x0A, 0xB2,0x0A, 0xB2,0x12, 0xB2,0x0A, 0xB2,0x0A, 0xB2,0x0A, 0xB2,0x0A, 0xB3,0x0A, 0xB3,0x0A,
 0xB3,0x0A, 0xB3,0x0A, 0xB3,0x12, 0xB3,0x0A, 0x93,0x12, 0x93,0x12, 0xB3,0x12, 0x71,0x12, 0x31,0x12, 0x52,0x0A, 0x52,0x0A, 0x32,0x0A,
 0x32,0x0A, 0x32,0x0A, 0x32,0x0A, 0x32,0x0A, 0x32,0x0A, 0x32,0x0A, 0x32,0x0A, 0x32,0x0A, 0x12,0x0A, 0x32,0x0A, 0x12,0x0A, 0x12,0x0A,
 0x11,0x0A, 0x11,0x0A, 0x11,0x0A, 0x11,0x0A, 0xB0,0x01, 0xF1,0x09, 0xF1,0x09, 0x11,0x0A, 0x11,0x0A, 0x31,0x0A, 0x51,0x0A, 0x71,0x12,
 0xD2,0x12, 0x33,0x13, 0x94,0x1B, 0xF6,0x1B, 0x37,0x24, 0x37,0x1C, 0x16,0x1C, 0x74,0x13, 0xD2,0x12, 0x50,0x0A, 0x0F,0x0A, 0x0F,0x12,
 0x2F,0x12, 0x2F,0x12, 0x0F,0x12, 0x2F,0x12, 0x91,0x12, 0x33,0x1B, 0xD6,0x1B, 0x18,0x1C, 0x18,0x1C, 0xF7,0x1B, 0xF7,0x1B, 0xF7,0x1B,
 0xF7,0x1B, 0xF8,0x1B, 0xD7,0x1B, 0xD7,0x1B, 0xD7,0x1B, 0xB7,0x1B, 0x96,0x1B, 0x0F,0x12, 0xEF,0x11, 0xEF,0x11, 0xEF,0x11, 0xEF,0x11,
 0xEF,0x11, 0xCF,0x19, 0xCF,0x19, 0xCF,0x19, 0xAE,0x19, 0xCF,0x19, 0x51,0x1A, 0x51,0x1A, 0xCF,0x19, 0xAF,0x19, 0xAE,0x11, 0xAF,0x21,
 0x90,0x29, 0x91,0x29, 0xB0,0x29, 0xB1,0x29, 0x91,0x29, 0x91,0x29, 0x91,0x29, 0x91,0x29, 0xB2,0x31, 0xD3,0x31, 0x14,0x2A, 0x14,0x2A,
 0x34,0x2A, 0x73,0x22, 0xB4,0x22, 0xD5,0x22, 0x36,0x23, 0xFA,0x24, 0xF7,0x23, 0x74,0x22, 0x73,0x22, 0x32,0x22, 0xF1,0x21, 0xB0,0x21,
 0x8F,0x21, 0x4E,0x21, 0x2E,0x29, 0x2E,0x29, 0x0E,0x29, 0x30,0x31, 0x52,0x39, 0x34,0x39, 0xBB,0x4C, 0xDA,0x4C, 0x12,0x31, 0x0F,0x31,
 0x0E,0x29, 0xEC,0x20, 0xEC,0x20, 0xCC,0x20, 0xCC,0x20, 0xCC,0x20, 0xCC,0x20, 0xCB,0x20, 0x4F,0x29, 0xCC,0x20, 0xAA,0x20, 0x0E,0x21,
 0x0E,0x29, 0x8A,0x20, 0xCC,0x20, 0x4F,0x29, 0xAA,0x18, 0xAA,0x20, 0x8A,0x18, 0xCB,0x20, 0x2E,0x29, 0xCB,0x20, 0xAA,0x20, 0xAA,0x20,

 0x87,0x00, 0x87,0x00, 0x87,0x00, 0x87,0x00, 0x87,0x00, 0x87,0x00, 0xA7,0x00, 0xA7,0x00, 0xA7,0x00, 0xA6,0x00, 0xA6,0x00, 0xA7,0x00,
 0xA7,0x00, 0xA7,0x00, 0xC7,0x00, 0xA7,0x00, 0x4B,0x09, 0xE9,0x00, 0xA7,0x00, 0xC7,0x00, 0x6B,0x09, 0xE8,0x00, 0xC7,0x00, 0x09,0x01,
 0x8B,0x09, 0xC8,0x00, 0xC8,0x00, 0x8B,0x09, 0x4A,0x09, 0xE8,0x00, 0xE8,0x00, 0xE8,0x00, 0x09,0x01, 0x09,0x01, 0xE8,0x00, 0x2E,0x12,
 0x6B,0x09, 0xE8,0x00, 0x4A,0x09, 0x6B,0x01, 0xCC,0x01, 0xED,0x01, 0x0D,0x02, 0xED,0x01, 0xCC,0x01, 0x8B,0x09, 0x6B,0x01, 0x6B,0x01,
 0x6B,0x01, 0x6B,0x01, 0x8C,0x09, 0x6C,0x01, 0x70,0x0A, 0x90,0x12, 0x8D,0x01, 0xCE,0x09, 0xEE,0x09, 0xEF,0x01, 0xEF,0x01, 0xEF,0x01,
 0xEF,0x01, 0xEE,0x01, 0xEE,0x01, 0xEE,0x09, 0xEE,0x09, 0xEE,0x09, 0x70,0x0A, 0x55,0x1B, 0x91,0x12, 0xCD,0x01, 0xED,0x09, 0xED,0x09,
 0xEE,0x09, 0xEE,0x09, 0xEE,0x09, 0xEE,0x09, 0xED,0x09, 0x2F,0x0A, 0xF2,0x12, 0x2F,0x0A, 0x0E,0x0A, 0x2F,0x0A, 0x2F,0x0A, 0x0F,0x0A,
 0x50,0x0A, 0x91,0x0A, 0x92,0x0A, 0x92,0x0A, 0xB2,0x0A, 0xB2,0x12, 0xB2,0x12, 0xB2,0x0A, 0xB3,0x12, 0xB3,0x0A, 0x92,0x0A, 0x92,0x0A,
 0x92,0x0A, 0x92,0x0A, 0x92,0x0A, 0x72,0x0A, 0x72,0x0A, 0x72,0x12, 0x73,0x0A, 0x52,0x12, 0x31,0x0A, 0x32,0x0A, 0x32,0x0A, 0x32,0x0A,
 0x12,0x0A, 0x12,0x0A, 0x12,0x0A, 0x12,0x0A, 0x12,0x0A, 0x12,0x0A, 0x12,0x0A, 0x12,0x0A, 0x12,0x0A, 0x12,0x0A, 0x12,0x12, 0x12,0x12,
 0x12,0x0A, 0x12,0x0A, 0x12,0x0A, 0x12,0x0A, 0x16,0x44, 0x12,0x0A, 0x12,0x0A, 0x32,0x0A, 0x32,0x0A, 0x32,0x0A, 0x31,0x0A, 0x31,0x0A,
 0x51,0x0A, 0x30,0x0A, 0x30,0x0A, 0x30,0x0A, 0x50,0x0A, 0xB1,0x0A, 0x33,0x13, 0xB5,0x1B, 0x16,0x1C, 0x36,0x24, 0xD5,0x1B, 0x33,0x13,
 0x71,0x12, 0x0F,0x12, 0x0F,0x12, 0x2F,0x12, 0x0F,0x12, 0xEF,0x11, 0x0F,0x12, 0xB1,0x12, 0x54,0x1B, 0xF7,0x1B, 0xF8,0x1B, 0xD7,0x1B,
 0xD7,0x1B, 0xD7,0x1B, 0xD7,0x1B, 0xD7,0x1B, 0xB7,0x1B, 0xD7,0x1B, 0xD2,0x1A, 0xCE,0x11, 0xEF,0x11, 0xEF,0x11, 0xEF,0x11, 0xEF,0x11,
 0xEF,0x11, 0xCF,0x19, 0xCF,0x19, 0xCF,0x11, 0xCF,0x11, 0xAE,0x19, 0xAE,0x11, 0x72,0x1A, 0xF0,0x19, 0x8E,0x11, 0x8E,0x11, 0x8E,0x19,
 0x8E,0x19, 0x8F,0x19, 0xAF,0x19, 0x8F,0x19, 0x8F,0x21, 0x8F,0x21, 0x90,0x21, 0x90,0x21, 0xD1,0x21, 0xF2,0x21, 0x33,0x22, 0x54,0x2A,
 0x95,0x2A, 0xB4,0x22, 0xF4,0x22, 0x76,0x1B, 0x3B,0x25, 0x38,0x24, 0xD5,0x1A, 0xB5,0x22, 0x53,0x22, 0x12,0x22, 0xD0,0x21, 0x8F,0x21,
 0x6E,0x21, 0x2E,0x21, 0x2E,0x21, 0x0E,0x29, 0x2F,0x31, 0x72,0x39, 0x14,0x39, 0x9A,0x4C, 0xFA,0x54, 0x12,0x29, 0x10,0x31, 0x0E,0x29,
 0xEC,0x20, 0xCC,0x20, 0xCC,0x20, 0xCC,0x20, 0xCC,0x20, 0xCC,0x20, 0xCB,0x20, 0xCB,0x20, 0x4F,0x29, 0xCC,0x20, 0xAA,0x20, 0x0E,0x21,
 0x0D,0x21, 0x8A,0x20, 0xED,0x20, 0x0D,0x21, 0xAA,0x20, 0xAA,0x20, 0xCB,0x18, 0x2E,0x29, 0xCB,0x20, 0xAA,0x20, 0xAA,0x20, 0xAB,0x18,

 0x86,0x00, 0x87,0x00, 0x87,0x00, 0x87,0x00, 0x87,0x00, 0xA7,0x00, 0xA7,0x00, 0xA7,0x00, 0xA7,0x00, 0xA7,0x00, 0xA7,0x00, 0xA7,0x00,
 0xA7,0x00, 0xA7,0x00, 0xA7,0x00, 0xA7,0x00, 0x4B,0x09, 0xE9,0x00, 0xA7,0x00, 0xC8,0x00, 0x6B,0x09, 0xE8,0x00, 0xC7,0x00, 0x09,0x09,
 0x6B,0x09, 0xC8,0x00, 0xC8,0x00, 0x8C,0x09, 0x4A,0x09, 0xC8,0x00, 0x09,0x01, 0xE9,0x00, 0x09,0x01, 0xE9,0x00, 0x09,0x01, 0x2E,0x12,
 0x09,0x01, 0x09,0x01, 0x4A,0x01, 0xAC,0x01, 0x2D,0x02, 0xD0,0x02, 0x31,0x03, 0xB0,0x02, 0x2E,0x02, 0xCC,0x01, 0x8B,0x01, 0x8B,0x01,
 0x6B,0x01, 0x8C,0x01, 0x8C,0x01, 0x8D,0x01, 0x2F,0x0A, 0x50,0x0A, 0xAE,0x01, 0xEF,0x09, 0xEF,0x01, 0x0F,0x02, 0x10,0x02, 0x10,0x02,
 0xEF,0x01, 0xEF,0x01, 0xEF,0x09, 0xEE,0x09, 0xEE,0x09, 0x2F,0x0A, 0x75,0x1B, 0x75,0x1B, 0x55,0x1B, 0x0F,0x0A, 0xCD,0x01, 0xCD,0x09,
 0xED,0x09, 0xED,0x09, 0xEE,0x09, 0x0E,0x0A, 0x2F,0x0A, 0x2F,0x12, 0x2E,0x0A, 0x0E,0x0A, 0x0E,0x0A, 0x0F,0x0A, 0x2F,0x0A, 0x2F,0x0A,
 0x71,0x12, 0x92,0x12, 0x91,0x0A, 0xB2,0x0A, 0xB2,0x0A, 0xB2,0x0A, 0xB2,0x12, 0xB2,0x0A, 0xB2,0x12, 0xB3,0x12, 0x93,0x0A, 0x93,0x12,
 0x72,0x12, 0x72,0x12, 0x72,0x0A, 0x52,0x0A, 0x52,0x0A, 0x52,0x0A, 0x52,0x0A, 0x32,0x12, 0x11,0x0A, 0x12,0x0A, 0x12,0x0A, 0x12,0x0A,
 0x12,0x12, 0x12,0x12, 0x12,0x12, 0x13,0x12, 0x13,0x12, 0x13,0x12, 0xF3,0x11, 0xF3,0x11, 0xF2,0x11, 0xF2,0x11, 0xF2,0x11, 0xF2,0x09,
 0xF2,0x11, 0xF2,0x11, 0x91,0x01, 0x54,0x33, 0xDF,0xC7, 0xF4,0x2A, 0xD2,0x01, 0x32,0x12, 0x32,0x0A, 0x32,0x0A, 0x31,0x0A, 0x31,0x0A,
 0x30,0x0A, 0x50,0x0A, 0x70,0x0A, 0x50,0x0A, 0x50,0x0A, 0x30,0x0A, 0x2F,0x0A, 0x0F,0x0A, 0x2F,0x0A, 0x91,0x0A, 0x33,0x13, 0xF5,0x1B,
 0x37,0x1C, 0xF6,0x1B, 0x33,0x1B, 0x70,0x12, 0xEF,0x11, 0xEF,0x11, 0x0F,0x12, 0xEF,0x11, 0xEE,0x11, 0x50,0x12, 0x13,0x1B, 0xB6,0x23,
 0xF7,0x23, 0xD7,0x1B, 0xB7,0x1B, 0xB7,0x1B, 0xD7,0x1B, 0x96,0x1B, 0x0F,0x12, 0xCE,0x11, 0xCF,0x11, 0xEF,0x11, 0xEF,0x11, 0xEF,0x11,
 0xEF,0x11, 0xCF,0x19, 0xCF,0x11, 0xCF,0x11, 0xCF,0x11, 0xAE,0x11, 0x30,0x1A, 0x30,0x1A, 0x8E,0x19, 0xAF,0x19, 0xAF,0x11, 0x8E,0x19,
 0x8E,0x19, 0x8E,0x19, 0x8F,0x21, 0xB0,0x19, 0xB0,0x21, 0x90,0x21, 0x90,0x21, 0xD1,0x21, 0x12,0x22, 0x33,0x22, 0x74,0x22, 0x95,0x22,
 0xF6,0x2A, 0x15,0x23, 0xB6,0x1B, 0x9C,0x25, 0xDA,0x24, 0x77,0x23, 0x36,0x23, 0xB5,0x22, 0x53,0x22, 0xF1,0x19, 0xAF,0x21, 0x6F,0x21,
 0x4E,0x21, 0x2E,0x21, 0x2E,0x29, 0x2F,0x31, 0x51,0x39, 0x14,0x39, 0x7A,0x4C, 0x1B,0x55, 0x33,0x31, 0x10,0x31, 0x0E,0x29, 0xED,0x20,
 0xCC,0x20, 0xCC,0x20, 0xCC,0x20, 0xCC,0x20, 0xCC,0x20, 0xCC,0x20, 0xCB,0x20, 0xAB,0x20, 0x4F,0x29, 0xCC,0x20, 0xAA,0x20, 0x0E,0x21,
 0x0D,0x21, 0x8A,0x20, 0xEC,0x20, 0x0D,0x21, 0x8A,0x20, 0xAA,0x20, 0x2E,0x21, 0xAB,0x18, 0x8A,0x20, 0xAA,0x20, 0xAA,0x18, 0x0D,0x21,

 0x87,0x00, 0x87,0x00, 0x87,0x00, 0x87,0x00, 0xA7,0x00, 0xA7,0x00, 0xA7,0x00, 0x87,0x00, 0xE9,0x08, 0x8F,0x11, 0x8E,0x11, 0xC8,0x08,
 0xA7,0x00, 0xA7,0x00, 0xC7,0x00, 0xA7,0x00, 0x4A,0x09, 0xE9,0x00, 0xA7,0x00, 0xC8,0x00, 0x6B,0x09, 0xC8,0x00, 0xA7,0x00, 0x09,0x09,
 0x8B,0x09, 0xC8,0x00, 0xC8,0x00, 0x8C,0x09, 0x4A,0x09, 0xC8,0x00, 0x09,0x09, 0x09,0x01, 0x09,0x01, 0xE9,0x00, 0xE9,0x00, 0x2E,0x12,
 0x2A,0x01, 0x09,0x01, 0x6B,0x01, 0xEC,0x01, 0xAF,0x02, 0x17,0x0D, 0x9C,0x16, 0xF7,0x0C, 0xB0,0x02, 0xED,0x01, 0xAC,0x01, 0x8B,0x01,
 0x8B,0x01, 0x8C,0x01, 0xAD,0x01, 0xAE,0x01, 0xAE,0x01, 0xCE,0x09, 0xEF,0x01, 0xF0,0x01, 0x10,0x0A, 0x10,0x0A, 0x10,0x0A, 0x30,0x0A,
 0x10,0x0A, 0x10,0x0A, 0x0F,0x0A, 0x0F,0x0A, 0xEE,0x09, 0xEE,0x09, 0xD2,0x12, 0x55,0x1B, 0x55,0x1B, 0xF3,0x12, 0xCD,0x09, 0xCD,0x09,
 0xCD,0x09, 0xEE,0x09, 0x2F,0x0A, 0x2F,0x12, 0x0E,0x0A, 0xCD,0x09, 0xED,0x09, 0x0E,0x0A, 0x0E,0x0A, 0x2F,0x0A, 0x2F,0x0A, 0x2F,0x0A,
 0x50,0x0A, 0xD2,0x12, 0xB2,0x12, 0xB2,0x12, 0xB2,0x12, 0xB2,0x12, 0xB2,0x0A, 0xB2,0x0A, 0x93,0x12, 0x92,0x12, 0x52,0x0A, 0x52,0x0A,
 0x72,0x12, 0x52,0x12, 0x52,0x0A, 0x32,0x0A, 0x32,0x0A, 0x12,0x0A, 0x12,0x0A, 0x12,0x0A, 0xF1,0x09, 0xF2,0x09, 0xF2,0x11, 0xF2,0x11,
 0xB3,0x09, 0x93,0x09, 0x72,0x01, 0x52,0x01, 0x52,0x01, 0x52,0x01, 0x32,0x01, 0x32,0x01, 0x31,0x01, 0x31,0x01, 0x72,0x01, 0xD3,0x09,
 0xD2,0x09, 0xD2,0x09, 0x91,0x09, 0x7B,0x96, 0xFF,0xD7, 0xB9,0x7D, 0xB1,0x01, 0x12,0x12, 0xF2,0x09, 0x12,0x0A, 0x12,0x0A, 0x11,0x0A,
 0x30,0x0A, 0x30,0x0A, 0x50,0x0A, 0x50,0x0A, 0x50,0x0A, 0x50,0x0A, 0x50,0x0A, 0x50,0x0A, 0x50,0x12, 0x2F,0x0A, 0x0F,0x0A, 0x0F,0x0A,
 0x50,0x0A, 0xF2,0x12, 0xD5,0x1B, 0x36,0x24, 0xD5,0x1B, 0xD2,0x12, 0x0F,0x12, 0xCE,0x11, 0x0F,0x12, 0xEF,0x11, 0xEE,0x11, 0x2F,0x12,
 0xF2,0x1A, 0x96,0x23, 0xD7,0x23, 0x96,0x23, 0xB7,0x23, 0xD2,0x1A, 0xAE,0x11, 0x30,0x1A, 0x10,0x1A, 0xCF,0x11, 0xCF,0x11, 0xEF,0x11,
 0xCF,0x11, 0xCF,0x11, 0xCF,0x11, 0xCF,0x11, 0xAE,0x19, 0xEF,0x19, 0x71,0x1A, 0xAE,0x11, 0xAE,0x19, 0xAF,0x19, 0x8E,0x19, 0x8E,0x19,
 0x8E,0x19, 0x8E,0x19, 0x8E,0x19, 0x8F,0x19, 0xB0,0x21, 0xB0,0x21, 0xF1,0x21, 0x12,0x22, 0x33,0x22, 0x74,0x22, 0xB5,0x22, 0xF6,0x22,
 0x37,0x2B, 0xD7,0x23, 0xFC,0x2D, 0x9C,0x25, 0x9B,0x25, 0x3D,0x36, 0x5A,0x2C, 0xD5,0x22, 0x32,0x22, 0xD0,0x21, 0x8F,0x21, 0x4E,0x21,
 0x2E,0x29, 0x2F,0x29, 0x30,0x31, 0x73,0x39, 0x14,0x31, 0x3A,0x4C, 0xFB,0x54, 0x33,0x29, 0x11,0x31, 0x0E,0x29, 0xCD,0x20, 0xCC,0x20,
 0xCB,0x20, 0xCB,0x20, 0xCC,0x20, 0xCB,0x20, 0xCB,0x20, 0xCB,0x20, 0xCB,0x20, 0xAB,0x20, 0x4F,0x29, 0xCC,0x20, 0x8A,0x20, 0x0E,0x21,
 0x0D,0x21, 0x8A,0x18, 0xED,0x20, 0x0D,0x21, 0x8A,0x18, 0xAB,0x20, 0x0E,0x21, 0x8A,0x18, 0xAA,0x20, 0xAA,0x18, 0x0D,0x21, 0xCB,0x20,

 0x87,0x00, 0x86,0x00, 0x87,0x00, 0xA7,0x00, 0xA7,0x00, 0xA7,0x00, 0xA7,0x00, 0x86,0x00, 0x2A,0x09, 0xF0,0x09, 0xCF,0x09, 0xE9,0x00,
 0xA7,0x00, 0xA7,0x00, 0xC7,0x00, 0xA7,0x00, 0x4B,0x09, 0xE9,0x00, 0xA7,0x00, 0xC7,0x00, 0x6B,0x09, 0xC8,0x00, 0xA7,0x00, 0x09,0x09,
 0x8B,0x09, 0xC8,0x00, 0xC8,0x00, 0x8C,0x09, 0x6A,0x09, 0xE8,0x00, 0xE9,0x00, 0x09,0x09, 0x09,0x01, 0x09,0x01, 0xE9,0x00, 0x2E,0x12,
 0x29,0x01, 0x09,0x01, 0x6B,0x01, 0xEC,0x01, 0x11,0x03, 0x3B,0x0E, 0xFF,0x17, 0x5B,0x0E, 0x31,0x03, 0x0D,0x02, 0xAC,0x01, 0x8C,0x01,
 0x8C,0x01, 0x8C,0x01, 0xAD,0x01, 0xCE,0x01, 0xCF,0x01, 0xF0,0x09, 0x10,0x02, 0x10,0x0A, 0x11,0x0A, 0x10,0x02, 0x31,0x02, 0x31,0x0A,
 0x30,0x0A, 0x10,0x02, 0x30,0x0A, 0x70,0x0A, 0x30,0x0A, 0xEE,0x09, 0xEE,0x09, 0x13,0x1B, 0x35,0x1B, 0x34,0x1B, 0x2F,0x12, 0xCD,0x09,
 0x0E,0x0A, 0x2F,0x0A, 0x0E,0x0A, 0xCD,0x09, 0xCD,0x09, 0xED,0x09, 0xED,0x09, 0x0E,0x0A, 0x0E,0x0A, 0x2F,0x0A, 0x2F,0x0A, 0x2F,0x12,
 0x4F,0x0A, 0xF2,0x12, 0xD2,0x12, 0xB2,0x12, 0xB2,0x0A, 0xB2,0x12, 0x92,0x12, 0x72,0x0A, 0x51,0x0A, 0x92,0x0A, 0x14,0x13, 0xF6,0x23,
 0x96,0x23, 0x12,0x0A, 0x32,0x12, 0x12,0x0A, 0x12,0x0A, 0x12,0x12, 0xF2,0x11, 0xF2,0x11, 0x92,0x09, 0x51,0x01, 0x32,0x01, 0x52,0x09,
 0xD3,0x19, 0x94,0x2A, 0x76,0x43, 0x17,0x5C, 0x98,0x6C, 0xF8,0x7C, 0x59,0x85, 0x59,0x85, 0x39,0x7D, 0x39,0x7D, 0x37,0x54, 0x33,0x02,
 0x95,0x12, 0x13,0x02, 0x57,0x54, 0xFF,0xCF, 0xDF,0xBF, 0xDF,0xC7, 0x14,0x2B, 0x34,0x0A, 0x74,0x0A, 0x53,0x0A, 0x32,0x0A, 0x11,0x0A,
 0xF0,0x09, 0xEF,0x09, 0xEF,0x09, 0xEF,0x09, 0x10,0x0A, 0x30,0x0A, 0x30,0x12, 0x30,0x12, 0x30,0x12, 0x30,0x12, 0x50,0x12, 0x50,0x0A,
 0x2F,0x0A, 0x0F,0x0A, 0xEF,0x09, 0x50,0x0A, 0x12,0x13, 0xD5,0x1B, 0xF6,0x1B, 0x54,0x1B, 0x50,0x12, 0xCE,0x11, 0xEF,0x11, 0xEF,0x11,
 0xEE,0x11, 0x0F,0x12, 0xD2,0x1A, 0x95,0x23, 0x75,0x23, 0xCE,0x11, 0xCE,0x11, 0x95,0x23, 0x70,0x1A, 0xAE,0x11, 0xEF,0x11, 0xCF,0x11,
 0xCF,0x11, 0xCF,0x11, 0xCF,0x11, 0xCF,0x11, 0xAF,0x11, 0x51,0x1A, 0x10,0x1A, 0x8E,0x11, 0xAE,0x19, 0x8E,0x19, 0x8E,0x19, 0x8E,0x19,
 0x8F,0x19, 0x8E,0x19, 0x8E,0x19, 0x8F,0x21, 0xB0,0x21, 0xF1,0x21, 0x32,0x22, 0x53,0x22, 0x74,0x22, 0xB5,0x22, 0x16,0x23, 0x57,0x23,
 0xD8,0x23, 0x3D,0x2E, 0x7B,0x25, 0x1B,0x25, 0xDF,0x3F, 0xFF,0x47, 0x1D,0x3E, 0x16,0x23, 0x12,0x22, 0xB0,0x21, 0x6F,0x21, 0x4F,0x29,
 0x51,0x29, 0x93,0x31, 0x73,0x39, 0x14,0x31, 0x3A,0x4C, 0x1B,0x5D, 0x33,0x31, 0x10,0x31, 0x0E,0x21, 0xED,0x20, 0xCD,0x20, 0xCC,0x20,
 0xCC,0x20, 0xCC,0x20, 0xCB,0x20, 0xCB,0x20, 0xCB,0x20, 0xCB,0x20, 0xCB,0x20, 0xAB,0x20, 0x6F,0x29, 0xCC,0x20, 0x8A,0x20, 0x0D,0x21,
 0x0D,0x21, 0x8A,0x18, 0xEC,0x20, 0x0D,0x21, 0x8A,0x18, 0xAA,0x18, 0x0D,0x21, 0xAA,0x18, 0x89,0x18, 0xEC,0x20, 0xCC,0x20, 0x89,0x18,

 0x86,0x00, 0x86,0x00, 0xA7,0x00, 0xA6,0x00, 0xA6,0x00, 0xA7,0x00, 0xA7,0x00, 0x87,0x00, 0xE9,0x00, 0x6C,0x09, 0x4C,0x09, 0xC8,0x00,
 0xA7,0x00, 0xA7,0x00, 0xA7,0x00, 0xA7,0x00, 0x4B,0x09, 0xE8,0x00, 0xA7,0x00, 0xC7,0x00, 0x6B,0x09, 0xC8,0x00, 0xA7,0x00, 0x09,0x09,
 0x8B,0x11, 0xC8,0x00, 0xC7,0x00, 0x8C,0x11, 0x6A,0x09, 0xC8,0x00, 0xE9,0x00, 0x09,0x01, 0x09,0x09, 0xE9,0x00, 0xE9,0x00, 0x2E,0x1A,
 0x29,0x01, 0x09,0x01, 0x6A,0x09, 0xCC,0x01, 0x8F,0x02, 0x95,0x0C, 0xDA,0x0D, 0x96,0x04, 0xAF,0x02, 0x0D,0x02, 0xAC,0x01, 0x8C,0x01,
 0x8C,0x01, 0xAD,0x01, 0xAE,0x01, 0xCF,0x01, 0xEF,0x01, 0x10,0x02, 0x31,0x0A, 0x32,0x0A, 0x31,0x0A, 0x92,0x12, 0x52,0x0A, 0x32,0x0A,
 0x31,0x0A, 0x72,0x0A, 0x10,0x02, 0x50,0x0A, 0x71,0x12, 0x0F,0x0A, 0xCD,0x09, 0x0F,0x12, 0xD3,0x1A, 0x30,0x12, 0xEE,0x09, 0x2F,0x0A,
 0x0E,0x0A, 0xCD,0x09, 0xCD,0x09, 0xCD,0x09, 0xCD,0x09, 0xCD,0x09, 0xED,0x09, 0xED,0x09, 0x0E,0x0A, 0x2F,0x0A, 0x2F,0x0A, 0x2F,0x0A,
 0x4F,0x0A, 0xB1,0x0A, 0xF3,0x12, 0xB2,0x12, 0x92,0x12, 0x71,0x0A, 0x71,0x0A, 0x13,0x13, 0xD5,0x23, 0x37,0x2C, 0xF6,0x2B, 0x35,0x1B,
 0x53,0x12, 0xF2,0x09, 0xF2,0x11, 0xF2,0x11, 0xD2,0x11, 0x92,0x09, 0x31,0x01, 0x31,0x01, 0x13,0x1A, 0x75,0x43, 0xF8,0x6C, 0x5B,0x96,
 0x5D,0xB7, 0xDF,0xC7, 0xFF,0xCF, 0xFF,0xD7, 0xFF,0xD7, 0xFF,0xDF, 0xFF,0xD7, 0xFF,0xD7, 0xFF,0xD7, 0xFF,0xCF, 0x54,0x3B, 0xB2,0x01,
 0x13,0x0A, 0x73,0x1A, 0x7E,0xAF, 0xFF,0xBF, 0xDF,0xB7, 0xFF,0xD7, 0xDA,0x7D, 0x75,0x02, 0x36,0x1B, 0x56,0x13, 0x75,0x13, 0x95,0x13,
 0x95,0x1B, 0x54,0x13, 0xF3,0x12, 0x91,0x0A, 0x50,0x0A, 0x0F,0x0A, 0xEF,0x09, 0x0F,0x12, 0x2F,0x12, 0x30,0x12, 0x30,0x12, 0x30,0x0A,
 0x2F,0x0A, 0x2F,0x12, 0x2F,0x0A, 0x0F,0x0A, 0xEE,0x09, 0xEE,0x09, 0x70,0x12, 0x53,0x1B, 0x16,0x24, 0xB5,0x23, 0x91,0x12, 0xEF,0x11,
 0xEF,0x11, 0xEF,0x11, 0xAE,0x11, 0x0F,0x12, 0x2F,0x1A, 0x8C,0x11, 0x91,0x1A, 0x74,0x23, 0x8D,0x09, 0x91,0x1A, 0x33,0x23, 0xAE,0x11,
 0xAE,0x11, 0xAE,0x11, 0xCF,0x11, 0xAE,0x11, 0x10,0x1A, 0x71,0x1A, 0xAE,0x19, 0xAF,0x19, 0x8E,0x11, 0x8E,0x11, 0x8E,0x19, 0x8E,0x19,
 0x8F,0x19, 0x8F,0x19, 0xAF,0x19, 0xD0,0x19, 0xF0,0x21, 0x11,0x22, 0x73,0x22, 0xD6,0x22, 0xF6,0x22, 0x37,0x23, 0x98,0x23, 0xF8,0x23,
 0x3D,0x2E, 0x9C,0x2D, 0x98,0x23, 0xDB,0x2C, 0x5E,0x3F, 0xBF,0x3F, 0x9C,0x3D, 0xD5,0x2A, 0xF1,0x21, 0x6F,0x21, 0x4F,0x29, 0x72,0x31,
 0x38,0x5A, 0x9B,0x82, 0x97,0x41, 0x3A,0x54, 0x1B,0x65, 0x12,0x31, 0x10,0x31, 0x0E,0x21, 0xEC,0x20, 0xCC,0x20, 0xCC,0x20, 0xCC,0x20,
 0xCC,0x20, 0xCB,0x20, 0xCB,0x20, 0xCB,0x20, 0xCB,0x20, 0xCB,0x20, 0xCB,0x20, 0xAB,0x20, 0x6F,0x29, 0xCC,0x20, 0x8A,0x20, 0x0D,0x21,
 0x0D,0x21, 0x8A,0x18, 0xEC,0x20, 0x0D,0x21, 0x8A,0x18, 0xAA,0x18, 0x0E,0x21, 0x8A,0x18, 0x89,0x18, 0xEC,0x20, 0xAB,0x18, 0x89,0x18,

 0x86,0x00, 0xA7,0x00, 0xA7,0x00, 0xA7,0x00, 0xA7,0x00, 0xA6,0x00, 0xA7,0x00, 0xA7,0x00, 0x86,0x00, 0x86,0x00, 0x86,0x00, 0xA7,0x00,
 0xA7,0x00, 0xA7,0x00, 0xA7,0x00, 0xA7,0x00, 0x4B,0x09, 0xE8,0x00, 0xA7,0x00, 0xA8,0x00, 0x6C,0x11, 0xC8,0x00, 0xA7,0x00, 0x09,0x09,
 0x8B,0x09, 0xC8,0x00, 0xC8,0x00, 0x8C,0x11, 0x6A,0x09, 0xC8,0x00, 0xE8,0x00, 0xE9,0x00, 0xE9,0x08, 0xE9,0x00, 0xE9,0x00, 0x2E,0x1A,
 0x29,0x01, 0x09,0x01, 0x4A,0x09, 0x8B,0x01, 0x0D,0x02, 0x8F,0x02, 0xD0,0x02, 0xAF,0x02, 0x2E,0x02, 0xCD,0x01, 0x8C,0x01, 0x8C,0x01,
 0x8C,0x01, 0xAD,0x01, 0xAE,0x01, 0xCF,0x01, 0xF0,0x01, 0x11,0x02, 0x52,0x0A, 0xD2,0x09, 0x37,0x1C, 0xB9,0x1C, 0xF3,0x01, 0x73,0x0A,
 0x36,0x13, 0x78,0x13, 0x93,0x0A, 0xF0,0x01, 0x50,0x0A, 0x50,0x0A, 0xEF,0x09, 0xCE,0x09, 0xCE,0x09, 0xEF,0x09, 0x2F,0x12, 0xEE,0x09,
 0xCD,0x09, 0xCD,0x09, 0xCD,0x09, 0xCD,0x09, 0xCD,0x09, 0xCD,0x09, 0xED,0x09, 0xED,0x09, 0x0E,0x0A, 0x2F,0x0A, 0x2F,0x0A, 0x4F,0x0A,
 0x70,0x0A, 0xB0,0x0A, 0xD1,0x12, 0x71,0x0A, 0xB1,0x0A, 0x94,0x1B, 0x77,0x2C, 0x77,0x2C, 0x95,0x23, 0x92,0x12, 0xF2,0x11, 0xB1,0x09,
 0xD2,0x11, 0xD2,0x11, 0xD2,0x11, 0x72,0x09, 0x72,0x01, 0x33,0x1A, 0xF6,0x4B, 0xFA,0x7D, 0x7E,0xA7, 0xFF,0xBF, 0xFF,0xBF, 0xFF,0xBF,
 0xFF,0xB7, 0xFF,0xB7, 0xDF,0xB7, 0xDF,0xB7, 0xDF,0xBF, 0xDF,0xBF, 0xDF,0xBF, 0xBF,0xBF, 0xFF,0xCF, 0xF7,0x74, 0xF0,0x00, 0xB2,0x11,
 0xF0,0x00, 0x18,0x6D, 0xFF,0xC7, 0xDF,0xB7, 0xFF,0xB7, 0xFF,0xC7, 0x9E,0xC7, 0x53,0x1A, 0xB2,0x09, 0xF2,0x09, 0x32,0x0A, 0x92,0x12,
 0x13,0x13, 0x74,0x1B, 0xF6,0x1B, 0x57,0x1C, 0x57,0x1C, 0xF5,0x1B, 0x74,0x13, 0xD2,0x12, 0x30,0x0A, 0xEF,0x09, 0xEF,0x09, 0x0F,0x0A,
 0x2F,0x0A, 0x2F,0x0A, 0x0F,0x0A, 0x0F,0x0A, 0x0F,0x0A, 0x0F,0x12, 0xEE,0x09, 0xCE,0x11, 0x0F,0x12, 0x33,0x1B, 0x17,0x24, 0xD6,0x1B,
 0x91,0x12, 0xCE,0x11, 0xCE,0x11, 0xCE,0x11, 0xAD,0x11, 0xCD,0x11, 0x95,0x23, 0x50,0x12, 0xAE,0x11, 0x95,0x23, 0x91,0x1A, 0x8D,0x11,
 0x71,0x1A, 0xEF,0x11, 0xAE,0x11, 0xCF,0x11, 0x72,0x1A, 0xCF,0x19, 0x8F,0x19, 0x8F,0x11, 0xEF,0x19, 0xEF,0x19, 0x8E,0x11, 0x8F,0x19,
 0x8F,0x19, 0xAF,0x19, 0xD0,0x19, 0xF0,0x19, 0x31,0x1A, 0x53,0x22, 0xD5,0x22, 0x97,0x1B, 0x97,0x23, 0x98,0x23, 0x18,0x1C, 0x5D,0x2E,
 0xBC,0x2D, 0x98,0x1B, 0x78,0x2B, 0xB9,0x33, 0xBB,0x2C, 0xDA,0x2C, 0x57,0x2B, 0x33,0x22, 0x90,0x21, 0x4E,0x29, 0x2F,0x31, 0x94,0x31,
 0xDD,0x92, 0x9E,0xCA, 0x5C,0x7C, 0x3C,0x75, 0x54,0x39, 0x11,0x31, 0x2E,0x21, 0xCC,0x20, 0xCC,0x20, 0xCB,0x20, 0xCC,0x20, 0xCC,0x20,
 0xCB,0x20, 0xCB,0x18, 0xCB,0x20, 0xCB,0x20, 0xCB,0x20, 0xCB,0x20, 0xCB,0x20, 0xAA,0x20, 0x6F,0x29, 0xCC,0x20, 0x8A,0x20, 0x0D,0x21,
 0x0D,0x21, 0x89,0x18, 0xEC,0x20, 0x0D,0x21, 0x89,0x18, 0xAA,0x18, 0x2E,0x21, 0x8A,0x18, 0x89,0x18, 0xEC,0x20, 0xCB,0x20, 0x89,0x18,

 0x87,0x00, 0xA7,0x00, 0xA7,0x00, 0xA7,0x00, 0xA7,0x00, 0x87,0x00, 0xA7,0x00, 0xA7,0x00, 0xA7,0x00, 0x87,0x00, 0x87,0x00, 0xA7,0x00,
 0xA7,0x00, 0xA7,0x00, 0xA8,0x00, 0xA7,0x00, 0x4B,0x09, 0xC8,0x08, 0xA7,0x00, 0xC7,0x00, 0x6C,0x11, 0xC8,0x00, 0xA7,0x00, 0x09,0x01,
 0x8B,0x11, 0xC8,0x00, 0xC8,0x00, 0x8C,0x11, 0x4A,0x09, 0xC8,0x00, 0xE8,0x00, 0x09,0x01, 0xE9,0x08, 0x09,0x01, 0xE8,0x00, 0x2D,0x1A,
 0x29,0x01, 0xE9,0x00, 0x2A,0x01, 0x4A,0x09, 0x8B,0x09, 0xCD,0x09, 0xCD,0x09, 0xCD,0x09, 0xAC,0x09, 0x8C,0x01, 0x8C,0x01, 0x8C,0x01,
 0x8C,0x01, 0xAD,0x01, 0xCE,0x01, 0xCF,0x01, 0xF0,0x01, 0x32,0x0A, 0xF3,0x09, 0xB6,0x13, 0xFE,0x16, 0x3C,0x0E, 0x99,0x14, 0x58,0x0B,
 0x79,0x13, 0x99,0x13, 0x58,0x13, 0x52,0x0A, 0xEF,0x01, 0x30,0x0A, 0x0F,0x0A, 0xEE,0x09, 0x2F,0x12, 0x0F,0x12, 0xCD,0x09, 0xAD,0x09,
 0xCD,0x09, 0xCD,0x09, 0xCD,0x09, 0xCD,0x09, 0xCD,0x09, 0xCD,0x09, 0xED,0x09, 0x0E,0x0A, 0x4F,0x0A, 0x2F,0x0A, 0x4F,0x12, 0x90,0x0A,
 0x90,0x0A, 0x90,0x0A, 0x12,0x13, 0x56,0x24, 0xF8,0x34, 0x57,0x2C, 0xF3,0x1A, 0xF1,0x09, 0xB1,0x09, 0xB1,0x11, 0xD2,0x11, 0xD2,0x11,
 0xD2,0x11, 0xD2,0x09, 0xF3,0x09, 0x56,0x33, 0xDA,0x75, 0x9E,0xA7, 0xFF,0xB7, 0xFF,0xAF, 0xFF,0xA7, 0xDF,0xA7, 0xDF,0xA7, 0xDF,0xA7,
 0xDF,0xA7, 0xDF,0xAF, 0xFF,0xAF, 0xFF,0xB7, 0xFF,0xB7, 0xFF,0xB7, 0xDF,0xB7, 0xFF,0xC7, 0x5D,0xB7, 0xF2,0x19, 0x92,0x09, 0x51,0x09,
 0x93,0x2A, 0xDF,0xB7, 0xDF,0xB7, 0xFF,0xAF, 0xFF,0xB7, 0xDF,0xB7, 0xFF,0xD7, 0x18,0x75, 0x31,0x01, 0xB2,0x11, 0x91,0x09, 0xB0,0x09,
 0xAF,0x09, 0xCF,0x09, 0xEF,0x09, 0x50,0x0A, 0xD2,0x12, 0x74,0x13, 0x16,0x1C, 0x97,0x24, 0x97,0x1C, 0x16,0x1C, 0x33,0x13, 0x50,0x0A,
 0xEF,0x09, 0xEF,0x09, 0x0F,0x0A, 0x0F,0x0A, 0x0F,0x12, 0x0F,0x0A, 0x0F,0x12, 0x0F,0x12, 0xEF,0x11, 0xCE,0x11, 0xEF,0x11, 0xF3,0x12,
 0xF6,0x23, 0x95,0x1B, 0x30,0x12, 0xCE,0x11, 0xCE,0x11, 0xEE,0x11, 0x91,0x1A, 0xAE,0x11, 0xF3,0x1A, 0x54,0x23, 0x6D,0x11, 0x50,0x12,
 0x74,0x23, 0xAE,0x11, 0x8E,0x11, 0x31,0x1A, 0x10,0x1A, 0x8E,0x19, 0xAF,0x19, 0x8E,0x11, 0x31,0x22, 0x51,0x22, 0x6E,0x11, 0xAF,0x19,
 0xAF,0x19, 0xD0,0x19, 0xF0,0x19, 0x11,0x1A, 0x72,0x1A, 0x94,0x1A, 0x18,0x24, 0xBD,0x3E, 0x59,0x24, 0x39,0x1C, 0x9D,0x36, 0xDC,0x2D,
 0x98,0x1B, 0x57,0x23, 0xF6,0x22, 0xD6,0x2A, 0xB6,0x2A, 0x74,0x2A, 0x12,0x2A, 0xB0,0x21, 0x4E,0x21, 0x2E,0x29, 0x50,0x31, 0x95,0x39,
 0x19,0x52, 0x7D,0x84, 0x1D,0x8D, 0x76,0x41, 0x32,0x31, 0x0F,0x29, 0xF3,0x32, 0x4D,0x21, 0xAB,0x20, 0xCB,0x20, 0xCB,0x20, 0xCB,0x20,
 0xCB,0x18, 0xCB,0x20, 0xCB,0x20, 0xCB,0x20, 0xCB,0x18, 0xCB,0x20, 0xAB,0x20, 0xAA,0x18, 0x6F,0x29, 0xCC,0x20, 0x8A,0x20, 0x0D,0x21,
 0x0D,0x21, 0x8A,0x18, 0xEC,0x20, 0x0D,0x21, 0x89,0x18, 0xAA,0x18, 0x2E,0x21, 0xAA,0x18, 0x89,0x18, 0xEC,0x20, 0xCB,0x20, 0x89,0x18,

 0xA7,0x00, 0xA7,0x00, 0xA7,0x00, 0xA6,0x00, 0x87,0x00, 0x87,0x00, 0x87,0x00, 0x86,0x00, 0xE8,0x00, 0x6C,0x09, 0x6B,0x09, 0xC8,0x00,
 0xA7,0x00, 0xA7,0x00, 0xA7,0x00, 0xA6,0x00, 0x4B,0x09, 0xC8,0x08, 0xA7,0x00, 0xA7,0x00, 0x6B,0x11, 0xC8,0x00, 0xA7,0x00, 0x09,0x09,
 0x6B,0x11, 0xC7,0x00, 0xA7,0x00, 0x8B,0x11, 0x4A,0x09, 0xC8,0x00, 0xE8,0x00, 0xE8,0x00, 0xE8,0x00, 0xE8,0x00, 0xE8,0x00, 0x2D,0x1A,
 0x29,0x01, 0xE9,0x00, 0x09,0x01, 0x2A,0x01, 0x4A,0x01, 0x6B,0x01, 0x8B,0x09, 0x6B,0x01, 0x6B,0x01, 0x6B,0x01, 0x6C,0x01, 0x6C,0x01,
 0x8D,0x01, 0xAE,0x01, 0xCF,0x01, 0xF0,0x01, 0x11,0x0A, 0xB1,0x09, 0xF5,0x12, 0xFE,0x1E, 0xFE,0x0E, 0x5E,0x17, 0xFF,0x27, 0x5D,0x1E,
 0xFB,0x0B, 0x79,0x13, 0x79,0x13, 0x17,0x13, 0x31,0x0A, 0xEF,0x01, 0x10,0x0A, 0x30,0x0A, 0xEF,0x09, 0xAD,0x09, 0xAD,0x09, 0xAD,0x09,
 0xCD,0x09, 0xCD,0x09, 0x8C,0x09, 0xCD,0x01, 0xCD,0x09, 0xEE,0x09, 0xEE,0x09, 0x0E,0x0A, 0x2F,0x12, 0x6F,0x12, 0x6F,0x0A, 0x6F,0x0A,
 0x32,0x0B, 0xB7,0x24, 0x9A,0x35, 0xB7,0x2C, 0x13,0x13, 0xF1,0x09, 0xB1,0x09, 0xB1,0x09, 0xB1,0x09, 0xB1,0x09, 0xF2,0x11, 0xF2,0x09,
 0xF2,0x09, 0x35,0x2B, 0xDA,0x7D, 0xDF,0xAF, 0xFF,0xAF, 0xFF,0xA7, 0xDF,0x9F, 0xBF,0x9F, 0xDF,0x9F, 0xDF,0x9F, 0xDF,0xA7, 0xDF,0xA7,
 0xDF,0xA7, 0xFF,0xA7, 0xDF,0xA7, 0xDF,0xA7, 0xFF,0xAF, 0xFF,0xAF, 0xDF,0xB7, 0xFF,0xCF, 0x36,0x5C, 0x32,0x01, 0xD3,0x11, 0x31,0x09,
 0xFA,0x85, 0xFF,0xBF, 0xDF,0xAF, 0xDF,0xAF, 0xFF,0xB7, 0xDF,0xB7, 0xFF,0xBF, 0x7E,0xBF, 0x12,0x1A, 0x92,0x09, 0xF2,0x11, 0xF2,0x11,
 0x11,0x12, 0x10,0x0A, 0x10,0x0A, 0xEF,0x09, 0xCF,0x09, 0xCF,0x09, 0xEF,0x09, 0x50,0x0A, 0x12,0x13, 0xD4,0x13, 0x77,0x1C, 0x97,0x1C,
 0x16,0x1C, 0x12,0x13, 0x2F,0x0A, 0xAE,0x09, 0xCE,0x09, 0xEF,0x11, 0x0F,0x12, 0xEF,0x11, 0xEF,0x11, 0xEF,0x11, 0xEF,0x11, 0xAE,0x11,
 0xAE,0x09, 0xD1,0x12, 0xB5,0x23, 0x70,0x1A, 0xAE,0x11, 0xEF,0x11, 0xCE,0x11, 0xCF,0x11, 0x13,0x23, 0x2F,0x12, 0xAE,0x11, 0x95,0x23,
 0x50,0x1A, 0x6D,0x11, 0x13,0x23, 0xB2,0x1A, 0x8E,0x11, 0x8E,0x11, 0xAF,0x11, 0xAF,0x19, 0x8F,0x11, 0x8F,0x19, 0xAF,0x19, 0xAF,0x19,
 0xD0,0x19, 0xF0,0x19, 0x31,0x1A, 0x72,0x1A, 0xD4,0x22, 0xF6,0x1A, 0xF8,0x1B, 0x3B,0x25, 0x9A,0x14, 0xDD,0x36, 0x5D,0x2E, 0xD9,0x1B,
 0x57,0x23, 0xF6,0x22, 0x94,0x22, 0x73,0x22, 0x32,0x22, 0xF1,0x21, 0xB0,0x21, 0x4F,0x21, 0x2F,0x29, 0x50,0x29, 0x72,0x39, 0x15,0x31,
 0xBA,0x53, 0xDC,0x6C, 0xD7,0x49, 0x52,0x31, 0x2F,0x29, 0xED,0x20, 0x2D,0x21, 0xEC,0x20, 0xCB,0x20, 0xCB,0x20, 0xCB,0x20, 0xCB,0x20,
 0xCB,0x18, 0xCC,0x20, 0xCB,0x20, 0xCB,0x20, 0xCB,0x20, 0xAB,0x20, 0xAB,0x20, 0xAA,0x18, 0x6F,0x29, 0xCB,0x20, 0x8A,0x20, 0x0D,0x21,
 0x0D,0x21, 0x89,0x18, 0xEC,0x20, 0x0D,0x21, 0x89,0x18, 0xAA,0x18, 0x2E,0x21, 0xAA,0x18, 0x89,0x18, 0xEC,0x20, 0xCB,0x20, 0x89,0x18,

 0xA7,0x00, 0x87,0x00, 0x87,0x00, 0x87,0x00, 0x87,0x00, 0x86,0x00, 0x87,0x00, 0x86,0x00, 0x09,0x09, 0xCE,0x09, 0xAD,0x09, 0xC9,0x00,
 0x87,0x00, 0xA7,0x00, 0xA7,0x00, 0xA7,0x00, 0x4B,0x09, 0xE8,0x00, 0x87,0x00, 0xA7,0x00, 0x6B,0x11, 0xC8,0x00, 0xA7,0x00, 0x09,0x09,
 0x8B,0x11, 0xA7,0x00, 0xA7,0x00, 0x8B,0x11, 0x4A,0x09, 0xC8,0x00, 0xC8,0x00, 0xE8,0x00, 0xE8,0x00, 0xE8,0x00, 0xE9,0x00, 0x2D,0x1A,
 0x29,0x01, 0xE9,0x00, 0x09,0x01, 0x09,0x01, 0x2A,0x01, 0x2A,0x01, 0x4A,0x01, 0x4A,0x01, 0x4A,0x01, 0x4B,0x01, 0x6B,0x01, 0x6C,0x01,
 0x8D,0x01, 0xAE,0x01, 0xCF,0x01, 0x11,0x0A, 0xB1,0x09, 0x93,0x12, 0xDD,0x1E, 0x5F,0x0F, 0x3E,0x0F, 0x9E,0x17, 0xDF,0x17, 0xFF,0x27,
 0xDE,0x1E, 0x3B,0x14, 0x79,0x13, 0x37,0x13, 0x52,0x0A, 0x30,0x0A, 0x50,0x0A, 0xEF,0x09, 0xAE,0x09, 0xAD,0x09, 0xAD,0x09, 0xAD,0x09,
 0xAD,0x09, 0xCD,0x01, 0xB3,0x0B, 0x6F,0x0A, 0xEE,0x09, 0x0F,0x0A, 0x2F,0x0A, 0x4F,0x12, 0x6F,0x12, 0x6F,0x0A, 0x11,0x0B, 0xD7,0x24,
 0xDA,0x35, 0xD7,0x2C, 0x13,0x13, 0x10,0x0A, 0xF1,0x11, 0xF1,0x11, 0xB1,0x09, 0xD1,0x09, 0x12,0x12, 0x73,0x12, 0xF2,0x09, 0x93,0x1A,
 0x99,0x6D, 0xDE,0xA7, 0xFF,0xA7, 0xDF,0x97, 0xDF,0x8F, 0xDF,0x97, 0xDF,0x97, 0xDF,0x9F, 0xDF,0x9F, 0xDF,0x9F, 0xDF,0x9F, 0xDF,0x9F,
 0xDF,0x9F, 0xFF,0xA7, 0xFF,0xAF, 0xFF,0xAF, 0xFF,0xAF, 0xFF,0xB7, 0xFF,0xC7, 0x7B,0x96, 0x72,0x09, 0xD3,0x11, 0x32,0x01, 0xB6,0x4B,
 0xFF,0xC7, 0xDF,0xAF, 0xDF,0xAF, 0xDF,0xAF, 0xFF,0xAF, 0xFF,0xAF, 0xDF,0xAF, 0xFF,0xCF, 0x97,0x6C, 0x31,0x01, 0x13,0x12, 0x12,0x12,
 0x32,0x12, 0x32,0x12, 0x52,0x12, 0x72,0x12, 0x71,0x12, 0x51,0x12, 0x30,0x12, 0xEF,0x11, 0xCE,0x09, 0xCE,0x09, 0x0F,0x0A, 0xB1,0x12,
 0x94,0x13, 0x77,0x1C, 0x97,0x1C, 0xB5,0x1B, 0x91,0x12, 0xCE,0x09, 0xAE,0x11, 0xEE,0x11, 0xEF,0x11, 0xEF,0x11, 0xEF,0x11, 0xEE,0x11,
 0x50,0x12, 0x8D,0x09, 0xAD,0x09, 0xEF,0x11, 0xCF,0x11, 0xEF,0x11, 0xEF,0x11, 0xEF,0x11, 0xCF,0x11, 0x8D,0x11, 0xD2,0x1A, 0x13,0x23,
 0x4C,0x09, 0x92,0x1A, 0xB6,0x2B, 0xCE,0x11, 0xAE,0x11, 0xCF,0x11, 0xAE,0x11, 0xAF,0x19, 0xD0,0x19, 0xD0,0x19, 0xCF,0x19, 0xF0,0x19,
 0xF0,0x19, 0x31,0x1A, 0x72,0x1A, 0xD4,0x1A, 0x36,0x23, 0x98,0x23, 0xD8,0x1B, 0x59,0x14, 0xFD,0x36, 0x9D,0x36, 0x19,0x1C, 0x98,0x23,
 0x16,0x23, 0x95,0x22, 0x32,0x22, 0xF1,0x21, 0xD0,0x19, 0xAF,0x21, 0x4E,0x21, 0x35,0x42, 0x37,0x4A, 0x73,0x39, 0x35,0x31, 0x5A,0x53,
 0xBC,0x6C, 0x54,0x31, 0x31,0x31, 0x2F,0x29, 0xED,0x20, 0xCC,0x20, 0xCB,0x20, 0xCB,0x18, 0xCB,0x20, 0xCB,0x20, 0xCB,0x20, 0xCC,0x20,
 0xCB,0x20, 0xCB,0x20, 0xCB,0x20, 0xCB,0x20, 0xAB,0x20, 0xAB,0x20, 0xAA,0x20, 0xAA,0x18, 0x6F,0x29, 0xCB,0x20, 0x8A,0x18, 0x0D,0x21,
 0x0D,0x21, 0x89,0x18, 0xEC,0x20, 0x0D,0x21, 0x89,0x18, 0xAA,0x18, 0x2E,0x21, 0xAA,0x18, 0x89,0x18, 0xEC,0x20, 0xCB,0x20, 0x89,0x18,

 0x86,0x00, 0x86,0x00, 0x87,0x00, 0x87,0x00, 0x86,0x00, 0x87,0x00, 0x87,0x00, 0x86,0x00, 0xC8,0x00, 0x4B,0x09, 0x4B,0x09, 0xC8,0x00,
 0xA7,0x00, 0xA7,0x00, 0xA7,0x00, 0xA7,0x00, 0x4B,0x09, 0xE8,0x00, 0x87,0x00, 0xA7,0x00, 0x6B,0x11, 0xC8,0x00, 0xA7,0x00, 0x09,0x01,
 0x6B,0x09, 0xC7,0x00, 0xC7,0x00, 0x8B,0x11, 0x4A,0x09, 0xC8,0x00, 0xC8,0x00, 0xC8,0x00, 0xE8,0x00, 0xE8,0x00, 0xE9,0x00, 0x2E,0x1A,
 0x29,0x01, 0x09,0x01, 0x09,0x01, 0x09,0x01, 0x09,0x01, 0x2A,0x01, 0x2A,0x01, 0x2A,0x01, 0x4A,0x01, 0x4B,0x01, 0x6B,0x01, 0x6C,0x01,
 0x8D,0x01, 0xAE,0x01, 0xCF,0x01, 0xB0,0x01, 0x52,0x12, 0x7D,0x1E, 0x7F,0x0F, 0x1E,0x0F, 0x5F,0x17, 0x3F,0x17, 0xBF,0x17, 0xFF,0x27,
 0xFF,0x27, 0x7E,0x1E, 0x78,0x13, 0x52,0x0A, 0x52,0x0A, 0x51,0x0A, 0x0F,0x0A, 0xCE,0x09, 0xCE,0x09, 0xCD,0x09, 0xAC,0x09, 0xAD,0x09,
 0xCD,0x09, 0xED,0x09, 0x91,0x0B, 0x8F,0x0A, 0x2E,0x0A, 0x6F,0x0A, 0xB0,0x0A, 0x6F,0x0A, 0xAF,0x0A, 0x95,0x1C, 0x3B,0x2E, 0x38,0x25,
 0x32,0x13, 0x2F,0x0A, 0x30,0x0A, 0x10,0x0A, 0xD0,0x09, 0x12,0x0A, 0x74,0x12, 0xB4,0x12, 0x33,0x0A, 0x91,0x01, 0xF6,0x43, 0x5E,0x97,
 0xFF,0x9F, 0xDF,0x8F, 0xBF,0x87, 0xDF,0x8F, 0xDF,0x8F, 0xDF,0x97, 0xDF,0x97, 0xDF,0x97, 0xDF,0x97, 0xDF,0x9F, 0xFF,0xA7, 0xFF,0xAF,
 0xDF,0xA7, 0xBE,0x97, 0x7E,0x87, 0x3E,0x77, 0x1E,0x67, 0xFE,0x5E, 0xFE,0x66, 0xD4,0x2A, 0x52,0x09, 0x93,0x09, 0xB2,0x11, 0x3D,0xAF,
 0xFF,0xBF, 0xDF,0xAF, 0xDF,0xAF, 0xDF,0xAF, 0xDF,0xAF, 0xDF,0xAF, 0xDF,0xAF, 0xFF,0xB7, 0x5D,0xBF, 0xF2,0x19, 0xB2,0x09, 0xF2,0x11,
 0x12,0x12, 0x12,0x12, 0x52,0x12, 0x72,0x12, 0x92,0x12, 0xB2,0x12, 0xB2,0x12, 0x92,0x12, 0x71,0x12, 0x50,0x12, 0x0F,0x0A, 0xCE,0x09,
 0xAE,0x09, 0x0E,0x0A, 0xD1,0x12, 0xF5,0x1B, 0x97,0x24, 0x16,0x1C, 0xF2,0x12, 0xEF,0x09, 0xAE,0x09, 0xCE,0x11, 0xEF,0x11, 0xCE,0x11,
 0xD5,0x23, 0x36,0x24, 0x71,0x12, 0x8E,0x09, 0xCF,0x11, 0xEF,0x11, 0xEF,0x11, 0xEF,0x11, 0xEF,0x11, 0xAE,0x11, 0xEF,0x11, 0xAE,0x11,
 0x10,0x12, 0xF7,0x2B, 0x51,0x1A, 0x8E,0x09, 0xF3,0x22, 0x50,0x1A, 0x6E,0x11, 0xAF,0x11, 0xCF,0x19, 0xF0,0x11, 0x10,0x1A, 0x31,0x1A,
 0x51,0x1A, 0x93,0x1A, 0xD4,0x1A, 0x36,0x1B, 0xB8,0x1B, 0x18,0x24, 0x79,0x1C, 0xFD,0x2E, 0xBD,0x36, 0x19,0x24, 0x98,0x2B, 0x17,0x23,
 0x95,0x22, 0x53,0x22, 0xF1,0x19, 0xAF,0x19, 0x8E,0x19, 0x6E,0x21, 0x2E,0x21, 0x97,0x4A, 0x99,0x52, 0x14,0x29, 0x19,0x4B, 0x5B,0x64,
 0x74,0x31, 0x31,0x29, 0x2F,0x29, 0xED,0x20, 0xEC,0x20, 0xCB,0x18, 0xEC,0x18, 0xEC,0x18, 0xCB,0x20, 0xCB,0x20, 0xCB,0x20, 0xCB,0x20,
 0xCB,0x18, 0xAB,0x20, 0xCB,0x20, 0xCB,0x20, 0xAB,0x20, 0xAA,0x20, 0xAA,0x18, 0xAA,0x18, 0x6F,0x29, 0xCB,0x20, 0x8A,0x18, 0x0D,0x21,
 0x0D,0x21, 0x89,0x18, 0xEC,0x20, 0x2D,0x21, 0x89,0x18, 0xAA,0x18, 0x2E,0x21, 0xAA,0x18, 0x89,0x18, 0xEC,0x20, 0xCB,0x20, 0x89,0x18,

 0x86,0x00, 0x86,0x00, 0x86,0x00, 0x86,0x00, 0x86,0x00, 0x86,0x00, 0xA7,0x00, 0x87,0x00, 0x86,0x00, 0x86,0x00, 0x86,0x00, 0x87,0x00,
 0x87,0x00, 0xA7,0x00, 0xA7,0x00, 0x86,0x00, 0x4B,0x09, 0xE8,0x00, 0x87,0x00, 0xA7,0x00, 0x6B,0x11, 0xC8,0x00, 0xA7,0x00, 0x09,0x01,
 0x6B,0x11, 0xA7,0x00, 0xA7,0x00, 0x8B,0x09, 0x4A,0x09, 0xC8,0x00, 0xC8,0x00, 0xC8,0x00, 0xE8,0x00, 0xE8,0x00, 0xC8,0x00, 0x2E,0x12,
 0x09,0x01, 0xE8,0x00, 0x09,0x01, 0x09,0x01, 0x09,0x01, 0x09,0x01, 0x2A,0x01, 0x2A,0x01, 0x4A,0x01, 0x4B,0x01, 0x4B,0x01, 0x6C,0x01,
 0x8D,0x01, 0xAE,0x01, 0x8F,0x01, 0x11,0x0A, 0x1C,0x1E, 0x5F,0x17, 0xFE,0x0E, 0x1E,0x0F, 0x1E,0x17, 0xBE,0x16, 0x1E,0x17, 0xBF,0x17,
 0xDF,0x1F, 0x7B,0x15, 0x93,0x0A, 0x72,0x0A, 0x72,0x0A, 0x10,0x0A, 0xEF,0x09, 0xCE,0x09, 0xCE,0x09, 0xAD,0x09, 0xCD,0x09, 0xCD,0x09,
 0xED,0x09, 0xED,0x09, 0xED,0x09, 0x4E,0x0A, 0xAF,0x02, 0xD0,0x02, 0xAF,0x02, 0xF3,0x13, 0x3B,0x2E, 0xFA,0x2D, 0x72,0x13, 0x0E,0x0A,
 0x0F,0x0A, 0xEF,0x09, 0xEF,0x09, 0x31,0x0A, 0xB4,0x12, 0xF5,0x1A, 0xB4,0x1A, 0x92,0x01, 0xF2,0x11, 0xDA,0x75, 0xFF,0xA7, 0xFF,0x87,
 0xBE,0x77, 0xDF,0x7F, 0xDF,0x87, 0xDF,0x87, 0xDF,0x87, 0xDF,0x87, 0xDF,0x8F, 0xFF,0xA7, 0xFF,0xBF, 0xBE,0xB7, 0x5E,0x8F, 0xDE,0x66,
 0x7E,0x46, 0x3E,0x36, 0x1E,0x2E, 0x3F,0x26, 0x1F,0x26, 0x9F,0x2E, 0x78,0x24, 0x31,0x09, 0xD3,0x11, 0x11,0x01, 0xF8,0x74, 0xFF,0xC7,
 0xDF,0xAF, 0xFF,0xAF, 0xFF,0xA7, 0xDF,0xA7, 0xFF,0xA7, 0xFF,0xA7, 0xFF,0xA7, 0xDF,0xA7, 0xFF,0xCF, 0x77,0x64, 0x51,0x01, 0xF3,0x11,
 0x12,0x12, 0x12,0x12, 0x32,0x12, 0x32,0x12, 0x52,0x12, 0x72,0x12, 0x92,0x12, 0xB2,0x12, 0xB2,0x12, 0xB2,0x12, 0xB2,0x12, 0x91,0x12,
 0x30,0x12, 0xEF,0x11, 0xAD,0x11, 0xAD,0x09, 0x50,0x12, 0x73,0x1B, 0x77,0x1C, 0x57,0x1C, 0xF2,0x12, 0xCE,0x09, 0x8D,0x11, 0xCE,0x11,
 0xCE,0x11, 0x12,0x1B, 0xB8,0x2C, 0x16,0x24, 0x51,0x12, 0xAF,0x11, 0xEF,0x11, 0xEF,0x11, 0xEF,0x11, 0xCF,0x11, 0xCF,0x11, 0xAE,0x11,
 0xB2,0x1A, 0xF3,0x1A, 0xAE,0x11, 0xB2,0x1A, 0x13,0x23, 0x6D,0x11, 0x0F,0x12, 0x50,0x1A, 0xCF,0x11, 0x10,0x1A, 0x31,0x1A, 0x72,0x1A,
 0xB3,0x1A, 0xF5,0x1A, 0x56,0x23, 0xB8,0x23, 0x39,0x24, 0xBA,0x1C, 0xFD,0x2E, 0xDD,0x36, 0x59,0x1C, 0x98,0x23, 0xF6,0x2A, 0x75,0x22,
 0x33,0x22, 0xF2,0x21, 0xB0,0x21, 0x6E,0x19, 0x4E,0x21, 0x4E,0x21, 0x4F,0x29, 0x32,0x29, 0x14,0x29, 0xD8,0x4A, 0x3C,0x64, 0x74,0x31,
 0x10,0x29, 0x0E,0x21, 0xEC,0x20, 0xCB,0x20, 0xCB,0x18, 0xEB,0x18, 0xEC,0x20, 0xEB,0x18, 0xCB,0x18, 0xCB,0x18, 0xCB,0x20, 0xAB,0x20,
 0xAB,0x20, 0xAB,0x20, 0xAB,0x20, 0xAB,0x20, 0xAB,0x20, 0xAA,0x18, 0xAB,0x18, 0xAA,0x18, 0x6F,0x21, 0xCB,0x18, 0x8A,0x18, 0x2D,0x21,
 0x0D,0x21, 0x89,0x18, 0xEC,0x20, 0x2D,0x21, 0x89,0x18, 0xAA,0x18, 0x2D,0x21, 0x8A,0x18, 0x88,0x18, 0xEC,0x20, 0xCB,0x18, 0x89,0x18,

 0x86,0x00, 0x86,0x00, 0x86,0x00, 0x86,0x00, 0x86,0x00, 0x86,0x00, 0x86,0x00, 0x86,0x00, 0x86,0x00, 0x87,0x00, 0xA7,0x00, 0x87,0x00,
 0x87,0x00, 0xA7,0x00, 0xA8,0x00, 0x87,0x00, 0x4B,0x09, 0xE8,0x08, 0x87,0x00, 0xA7,0x00, 0x6B,0x11, 0xC8,0x00, 0xA7,0x00, 0x09,0x09,
 0x8B,0x11, 0xA7,0x00, 0xA7,0x00, 0x8B,0x09, 0x4A,0x09, 0xC8,0x00, 0xC8,0x00, 0xC8,0x00, 0xE8,0x00, 0xC8,0x00, 0xAB,0x11, 0xD0,0x22,
 0xCC,0x11, 0xE8,0x00, 0x09,0x01, 0x09,0x01, 0x09,0x01, 0x09,0x01, 0x2A,0x01, 0x2A,0x01, 0x2A,0x01, 0x4A,0x01, 0x4B,0x01, 0x6C,0x01,
 0x8D,0x01, 0x6E,0x01, 0x8F,0x09, 0x9A,0x1D, 0x3F,0x17, 0xBE,0x16, 0x9E,0x16, 0x7E,0x16, 0xDE,0x16, 0x7C,0x15, 0x9D,0x15, 0x7E,0x16,
 0xBA,0x0C, 0x74,0x02, 0x94,0x12, 0x73,0x12, 0x31,0x0A, 0x10,0x0A, 0xEF,0x09, 0xCE,0x09, 0xCE,0x09, 0xCD,0x09, 0xED,0x09, 0xED,0x09,
 0x0E,0x0A, 0x2E,0x0A, 0x6F,0x0A, 0xD0,0x0A, 0xD0,0x02, 0x31,0x0B, 0x78,0x25, 0x9C,0x3E, 0x55,0x1C, 0x4F,0x02, 0x0F,0x0A, 0x0F,0x0A,
 0xCE,0x09, 0x10,0x0A, 0xB3,0x12, 0xF4,0x1A, 0x73,0x12, 0xF2,0x11, 0x10,0x01, 0xB3,0x2A, 0x1D,0x97, 0xFF,0x9F, 0xBE,0x7F, 0xBF,0x77,
 0xBF,0x77, 0xDF,0x7F, 0xDF,0x7F, 0xBF,0x77, 0xBF,0x7F, 0xFF,0x9F, 0xDE,0xB7, 0x3E,0x9F, 0x9E,0x6E, 0x1E,0x46, 0xFE,0x2D, 0xFE,0x2D,
 0x1F,0x2E, 0x3F,0x36, 0x3F,0x36, 0x3F,0x36, 0x5F,0x36, 0x1D,0x3E, 0xD2,0x11, 0x71,0x11, 0x52,0x09, 0x94,0x32, 0xDE,0xBF, 0xDF,0xAF,
 0xDF,0xA7, 0xFF,0xA7, 0xFF,0xA7, 0xDF,0xA7, 0xFF,0xA7, 0xFF,0xA7, 0xFF,0xA7, 0xDF,0xA7, 0xFF,0xB7, 0x3D,0xB7, 0xD2,0x11, 0xD3,0x09,
 0x12,0x12, 0x12,0x12, 0x12,0x12, 0x32,0x12, 0x32,0x12, 0x51,0x12, 0x71,0x12, 0x91,0x12, 0x92,0x12, 0xB2,0x12, 0xB2,0x12, 0xB2,0x12,
 0xB2,0x12, 0x91,0x12, 0x50,0x12, 0x0F,0x12, 0xCE,0x11, 0xAD,0x09, 0x0E,0x0A, 0x32,0x13, 0x36,0x1C, 0xF6,0x1B, 0xB1,0x12, 0xAE,0x11,
 0x8D,0x11, 0x8D,0x11, 0x2F,0x12, 0xF5,0x23, 0xD9,0x2C, 0x54,0x1B, 0xCF,0x11, 0xEF,0x11, 0x10,0x12, 0xF0,0x11, 0xF0,0x11, 0xF0,0x11,
 0x10,0x12, 0xCF,0x11, 0x51,0x12, 0x95,0x23, 0xEF,0x11, 0xCE,0x11, 0x74,0x23, 0xB1,0x1A, 0xEF,0x11, 0x31,0x1A, 0x92,0x1A, 0xD3,0x1A,
 0x15,0x1B, 0x76,0x23, 0xD8,0x23, 0x59,0x24, 0xBA,0x1C, 0x1D,0x2F, 0xFD,0x2E, 0x79,0x1C, 0xB8,0x1B, 0x36,0x1B, 0x94,0x1A, 0x33,0x22,
 0xF1,0x19, 0xB1,0x21, 0x8F,0x19, 0x4D,0x19, 0x4E,0x21, 0x2F,0x21, 0x31,0x29, 0x33,0x29, 0x77,0x42, 0xBB,0x5B, 0x94,0x31, 0x31,0x29,
 0x0E,0x21, 0xEC,0x18, 0xEB,0x18, 0xEB,0x18, 0xEB,0x18, 0x4F,0x31, 0xEC,0x20, 0xCB,0x18, 0xCB,0x18, 0xCB,0x18, 0xCB,0x20, 0xCB,0x18,
 0xCB,0x18, 0xCB,0x20, 0xCB,0x18, 0xCB,0x18, 0xAA,0x20, 0xAA,0x18, 0xAA,0x18, 0xAA,0x18, 0x6F,0x21, 0xCB,0x18, 0x8A,0x18, 0x0D,0x21,
 0x0D,0x21, 0x89,0x18, 0xEC,0x18, 0x0D,0x21, 0x89,0x18, 0xAA,0x18, 0x2D,0x21, 0x89,0x18, 0x88,0x18, 0xEC,0x20, 0xCB,0x18, 0x89,0x18,

 0x86,0x00, 0x66,0x00, 0x86,0x00, 0x86,0x00, 0x86,0x00, 0x86,0x00, 0x86,0x00, 0x86,0x00, 0x86,0x00, 0x86,0x00, 0x86,0x00, 0x87,0x00,
 0x87,0x00, 0x87,0x00, 0xA7,0x00, 0x87,0x00, 0x4B,0x11, 0xE8,0x00, 0x86,0x00, 0xA7,0x00, 0x6B,0x11, 0xC8,0x00, 0xA6,0x00, 0x09,0x09,
 0x8B,0x11, 0xA7,0x00, 0xA7,0x00, 0x8B,0x09, 0x4A,0x09, 0xC7,0x00, 0xE8,0x00, 0xC8,0x00, 0xC8,0x00, 0xE9,0x00, 0x6E,0x1A, 0xE8,0x00,
 0x0C,0x1A, 0x4A,0x09, 0xE8,0x00, 0x09,0x01, 0x09,0x01, 0x09,0x01, 0x2A,0x01, 0x2A,0x01, 0x2A,0x01, 0x4B,0x01, 0x4B,0x01, 0x6C,0x01,
 0x6D,0x01, 0x4D,0x09, 0x19,0x25, 0xDF,0x16, 0x5E,0x16, 0x5E,0x16, 0x1E,0x16, 0x9E,0x15, 0x1E,0x16, 0xBA,0x1C, 0x3B,0x1C, 0xB8,0x13,
 0x54,0x0A, 0x94,0x12, 0x94,0x12, 0x32,0x0A, 0x32,0x0A, 0x10,0x0A, 0xEF,0x09, 0xCE,0x09, 0xCE,0x09, 0x0E,0x0A, 0x0E,0x0A, 0x2E,0x0A,
 0x6E,0x0A, 0xAF,0x0A, 0xCF,0x0A, 0xEF,0x02, 0xB5,0x1C, 0xDC,0x3E, 0xB9,0x2D, 0x11,0x0B, 0x2F,0x02, 0x0F,0x0A, 0xCE,0x09, 0x0F,0x0A,
 0xF3,0x12, 0x14,0x1B, 0x52,0x12, 0xB0,0x11, 0x70,0x09, 0xF0,0x00, 0xD6,0x43, 0xDF,0x9F, 0xFF,0x8F, 0xBE,0x77, 0xBF,0x77, 0xBF,0x77,
 0xBF,0x77, 0xBF,0x6F, 0xBF,0x77, 0xDF,0x97, 0xDE,0xB7, 0xFE,0x96, 0xFD,0x4D, 0x9E,0x2D, 0xBE,0x25, 0xDF,0x2D, 0xFF,0x35, 0x1E,0x36,
 0x3F,0x36, 0x3F,0x36, 0x3F,0x36, 0x3E,0x36, 0xBF,0x3E, 0x76,0x23, 0x10,0x09, 0x92,0x11, 0x10,0x09, 0x5B,0x96, 0xFF,0xBF, 0xDF,0xA7,
 0xFF,0xA7, 0xFF,0xA7, 0xFF,0xA7, 0xFF,0xA7, 0xFF,0xA7, 0xFF,0xA7, 0xDF,0xA7, 0xFF,0xA7, 0xDF,0xA7, 0xFF,0xCF, 0x36,0x5C, 0x52,0x01,
 0xD2,0x11, 0xD2,0x11, 0xF1,0x11, 0x32,0x12, 0x51,0x12, 0x51,0x12, 0x71,0x12, 0x71,0x12, 0x91,0x12, 0x91,0x12, 0xB2,0x12, 0xB2,0x12,
 0xB2,0x12, 0xB2,0x12, 0xB2,0x12, 0x92,0x12, 0x71,0x12, 0x10,0x12, 0xCE,0x11, 0x8D,0x09, 0xCE,0x09, 0xF1,0x12, 0x16,0x1C, 0xD5,0x1B,
 0x91,0x12, 0xAE,0x11, 0xAE,0x11, 0xAE,0x11, 0xB1,0x12, 0xB8,0x2C, 0x57,0x24, 0x71,0x12, 0xCF,0x11, 0x10,0x12, 0x10,0x12, 0xF0,0x11,
 0xAF,0x09, 0x10,0x12, 0x71,0x12, 0x71,0x1A, 0xEF,0x11, 0x74,0x23, 0x54,0x23, 0x0F,0x12, 0xD2,0x1A, 0x75,0x23, 0x13,0x1B, 0x95,0x1B,
 0xB6,0x1B, 0x17,0x1C, 0x99,0x1C, 0x1A,0x1D, 0x1E,0x2F, 0x1E,0x2F, 0x79,0x14, 0xD8,0x1B, 0x36,0x1B, 0xB4,0x1A, 0x52,0x1A, 0xF1,0x19,
 0xAF,0x19, 0x8F,0x19, 0x6E,0x19, 0x4E,0x21, 0x2F,0x21, 0x34,0x32, 0x76,0x3A, 0x36,0x3A, 0x7A,0x5B, 0x73,0x31, 0x30,0x29, 0x0E,0x21,
 0xEC,0x20, 0xEB,0x18, 0xEB,0x18, 0xCB,0x18, 0xCB,0x18, 0xEC,0x20, 0xCB,0x18, 0xCB,0x18, 0xCA,0x18, 0xCA,0x18, 0xCB,0x20, 0xCB,0x18,
 0xCB,0x18, 0xCB,0x20, 0xCB,0x18, 0xAA,0x18, 0xAA,0x18, 0xAA,0x18, 0xAA,0x18, 0xAA,0x18, 0x6F,0x21, 0xCB,0x18, 0x89,0x18, 0x0D,0x21,
 0x0D,0x21, 0x89,0x18, 0xEC,0x18, 0x0D,0x21, 0x89,0x18, 0xAA,0x18, 0x2D,0x21, 0xA9,0x18, 0x88,0x18, 0xEC,0x18, 0xCB,0x18, 0x88,0x18,

 0x66,0x00, 0x66,0x00, 0x66,0x00, 0x86,0x00, 0x87,0x00, 0x86,0x00, 0x86,0x00, 0x86,0x00, 0xA6,0x00, 0xA6,0x00, 0x86,0x00, 0x86,0x00,
 0x86,0x00, 0x87,0x00, 0x87,0x00, 0x86,0x00, 0x4B,0x11, 0xC8,0x08, 0x86,0x00, 0xA7,0x00, 0x6B,0x11, 0xC8,0x00, 0xA6,0x00, 0x08,0x09,
 0x6B,0x11, 0xA7,0x00, 0xA7,0x00, 0x8B,0x09, 0x4A,0x09, 0xA7,0x00, 0xC8,0x00, 0xC8,0x00, 0xC8,0x00, 0xE8,0x00, 0x2D,0x1A, 0xCB,0x11,
 0x2D,0x1A, 0x29,0x09, 0xE8,0x00, 0xE9,0x00, 0x09,0x01, 0x09,0x09, 0x29,0x09, 0x2A,0x01, 0x2A,0x01, 0x4A,0x01, 0x6B,0x01, 0x6C,0x01,
 0x2C,0x09, 0x58,0x24, 0x7F,0x1E, 0xDE,0x15, 0xDE,0x15, 0xDE,0x15, 0x5E,0x1D, 0xDD,0x14, 0x1D,0x1D, 0xF8,0x1B, 0xB3,0x12, 0x11,0x0A,
 0x73,0x12, 0x73,0x12, 0x52,0x0A, 0x51,0x0A, 0x51,0x0A, 0x30,0x0A, 0xEF,0x09, 0xCE,0x09, 0x0E,0x0A, 0x4E,0x0A, 0x6F,0x0A, 0xAF,0x0A,
 0x10,0x0B, 0x10,0x03, 0x71,0x0B, 0xD9,0x2D, 0xDC,0x46, 0x54,0x1C, 0x8F,0x0A, 0x6F,0x0A, 0x0E,0x02, 0x0F,0x0A, 0xF3,0x12, 0x75,0x1B,
 0x92,0x12, 0xAF,0x09, 0x6F,0x09, 0x70,0x11, 0xCF,0x00, 0x56,0x4C, 0xFF,0x97, 0xDF,0x7F, 0x9E,0x6F, 0xBF,0x77, 0xBF,0x77, 0xBF,0x77,
 0x9F,0x6F, 0xBE,0x87, 0xFF,0xB7, 0x1E,0x9F, 0xBD,0x45, 0x5E,0x1D, 0x7E,0x25, 0xBE,0x35, 0xDE,0x35, 0xFE,0x35, 0x1E,0x36, 0x1E,0x36,
 0x1E,0x36, 0x3F,0x36, 0x5F,0x36, 0xDF,0x3E, 0x9B,0x35, 0x30,0x09, 0x71,0x11, 0xF0,0x00, 0x75,0x4B, 0xFF,0xBF, 0xDF,0x9F, 0xFF,0x9F,
 0xDF,0x9F, 0xDF,0x9F, 0xFF,0xAF, 0x9C,0x76, 0x7E,0x97, 0xFF,0xA7, 0xDF,0x9F, 0xFF,0xA7, 0xDF,0xA7, 0xFF,0xB7, 0x1D,0xB7, 0xB2,0x11,
 0x92,0x11, 0x91,0x11, 0x90,0x09, 0xB0,0x09, 0xD0,0x09, 0x10,0x12, 0x51,0x12, 0x71,0x12, 0x71,0x12, 0x91,0x12, 0x91,0x12, 0x92,0x12,
 0x91,0x12, 0x92,0x12, 0x92,0x12, 0x92,0x12, 0x92,0x12, 0x92,0x12, 0x71,0x12, 0x10,0x12, 0xAE,0x11, 0x8D,0x09, 0xCE,0x11, 0x12,0x13,
 0x16,0x1C, 0x95,0x1B, 0x2F,0x12, 0xAE,0x11, 0xAE,0x11, 0xEE,0x11, 0x94,0x1B, 0xB8,0x2C, 0x74,0x1B, 0x30,0x12, 0xCF,0x09, 0x10,0x0A,
 0x73,0x33, 0x94,0x33, 0x50,0x12, 0x30,0x12, 0xB2,0x12, 0xD5,0x23, 0x91,0x12, 0xF3,0x12, 0x58,0x24, 0x37,0x24, 0x17,0x1C, 0x17,0x1C,
 0x98,0x24, 0xD9,0x1C, 0x1A,0x1D, 0x1D,0x2F, 0x3E,0x2F, 0xD9,0x1C, 0xF7,0x1B, 0x56,0x1B, 0xD4,0x1A, 0x52,0x1A, 0xF0,0x19, 0xAF,0x19,
 0x8E,0x19, 0x6E,0x19, 0x4D,0x19, 0x6F,0x21, 0x52,0x29, 0x94,0x29, 0xB8,0x42, 0x19,0x53, 0x74,0x31, 0x30,0x29, 0x2E,0x21, 0xEC,0x18,
 0xEB,0x18, 0xCB,0x18, 0xEA,0x18, 0xCB,0x18, 0xEC,0x20, 0xCB,0x18, 0xCA,0x18, 0xCA,0x18, 0xCA,0x18, 0xCB,0x18, 0xCB,0x20, 0xCB,0x20,
 0xCB,0x20, 0xAB,0x20, 0xAA,0x18, 0xAB,0x18, 0xAB,0x18, 0xAA,0x18, 0xAA,0x18, 0xAA,0x18, 0x8F,0x21, 0xCB,0x18, 0x89,0x18, 0x2D,0x19,
 0x2C,0x21, 0x89,0x18, 0xEC,0x18, 0x0D,0x21, 0x69,0x18, 0xAA,0x18, 0x2D,0x21, 0xA9,0x18, 0x88,0x18, 0xEC,0x18, 0xCB,0x18, 0x88,0x18,

 0x66,0x00, 0x66,0x00, 0x66,0x00, 0x66,0x00, 0x66,0x00, 0x87,0x00, 0x86,0x00, 0x86,0x00, 0x86,0x00, 0x86,0x00, 0x86,0x00, 0x86,0x00,
 0x86,0x00, 0x87,0x00, 0x87,0x00, 0x66,0x00, 0x6B,0x11, 0xC8,0x00, 0x86,0x00, 0xA7,0x00, 0x6B,0x11, 0xC8,0x00, 0x86,0x00, 0x08,0x09,
 0x6B,0x11, 0xA7,0x00, 0xA7,0x00, 0x8B,0x09, 0x4A,0x09, 0xA7,0x00, 0xC8,0x00, 0xC8,0x00, 0xE8,0x00, 0xC8,0x00, 0x09,0x01, 0xCC,0x11,
 0x4A,0x09, 0xC8,0x00, 0xE9,0x00, 0x09,0x01, 0x09,0x01, 0x09,0x01, 0x09,0x09, 0x29,0x01, 0x2A,0x01, 0x4A,0x01, 0x4B,0x09, 0x0B,0x09,
 0xD6,0x23, 0xFF,0x1D, 0x7E,0x1D, 0x7E,0x1D, 0x5E,0x15, 0x5E,0x15, 0xBD,0x14, 0x1C,0x14, 0x5C,0x1C, 0x92,0x12, 0xAD,0x09, 0x30,0x0A,
 0x31,0x0A, 0x10,0x0A, 0x10,0x0A, 0x2F,0x0A, 0x2F,0x0A, 0xEF,0x09, 0xEE,0x01, 0x2E,0x0A, 0x6E,0x0A, 0xAF,0x0A, 0xF0,0x0A, 0x31,0x0B,
 0x30,0x03, 0x94,0x14, 0xFC,0x36, 0xF9,0x35, 0x10,0x0B, 0x4F,0x0A, 0x4F,0x0A, 0x0E,0x02, 0xB1,0x12, 0xB6,0x1B, 0x55,0x1B, 0x10,0x0A,
 0x4E,0x09, 0x4F,0x09, 0x90,0x11, 0xEF,0x00, 0x77,0x54, 0xFF,0x97, 0xBF,0x6F, 0x9E,0x6F, 0x9F,0x6F, 0x9F,0x6F, 0x9F,0x6F, 0x9E,0x77,
 0xDF,0xAF, 0x9E,0xBF, 0x1D,0x6E, 0x1D,0x25, 0x5E,0x25, 0x9E,0x2D, 0x9E,0x35, 0xBE,0x35, 0xDE,0x35, 0xDE,0x35, 0x1F,0x36, 0x9F,0x3E,
 0xDF,0x3E, 0xDF,0x46, 0xBF,0x46, 0x5E,0x46, 0xD4,0x1A, 0x31,0x09, 0x51,0x09, 0x91,0x19, 0x3D,0xA7, 0xFF,0xA7, 0xDF,0x97, 0xDF,0x9F,
 0xDF,0x9F, 0xFF,0xA7, 0x9E,0xA7, 0x9C,0x24, 0x5D,0x76, 0xFF,0xAF, 0xDF,0x9F, 0xDF,0x9F, 0xFF,0xA7, 0xDF,0xA7, 0xFF,0xCF, 0xF6,0x5B,
 0x11,0x01, 0x91,0x11, 0x90,0x11, 0x90,0x11, 0x90,0x11, 0xAF,0x11, 0xAF,0x09, 0xEF,0x09, 0x10,0x12, 0x51,0x12, 0x71,0x12, 0x91,0x12,
 0x71,0x12, 0x71,0x12, 0x71,0x12, 0x71,0x12, 0x71,0x12, 0x71,0x12, 0x72,0x12, 0x72,0x12, 0x51,0x12, 0x0F,0x12, 0xAE,0x11, 0x8D,0x09,
 0xEE,0x09, 0x53,0x1B, 0xF6,0x1B, 0xF3,0x1A, 0xCE,0x11, 0xAE,0x11, 0xAE,0x11, 0xB1,0x1A, 0x37,0x24, 0x74,0x13, 0xB4,0x3B, 0x99,0x6D,
 0x15,0x3C, 0x71,0x12, 0x91,0x12, 0xB2,0x12, 0xF3,0x12, 0x13,0x1B, 0x55,0x1B, 0xB9,0x24, 0x78,0x24, 0xD7,0x1B, 0xD9,0x24, 0x7B,0x2D,
 0x1A,0x25, 0x7B,0x1D, 0x1D,0x27, 0x5E,0x2F, 0xFA,0x1C, 0x38,0x1C, 0x76,0x23, 0xD4,0x1A, 0x72,0x1A, 0x10,0x1A, 0xCF,0x19, 0x8E,0x19,
 0x4D,0x19, 0x4D,0x19, 0x6F,0x21, 0x71,0x29, 0x53,0x29, 0x16,0x3A, 0xFA,0x5A, 0x74,0x31, 0x30,0x29, 0x2E,0x21, 0xEC,0x18, 0xEB,0x18,
 0xEB,0x18, 0xEB,0x18, 0xEB,0x18, 0xEB,0x18, 0xF0,0x29, 0xEC,0x18, 0xCA,0x18, 0xCB,0x18, 0xCB,0x18, 0xCB,0x18, 0xCB,0x18, 0xCB,0x20,
 0xAB,0x20, 0xAB,0x18, 0xAA,0x18, 0xAA,0x18, 0xAB,0x18, 0xAA,0x18, 0xAA,0x18, 0xAA,0x18, 0x8F,0x21, 0xCA,0x18, 0x89,0x18, 0x2D,0x19,
 0x0C,0x19, 0x89,0x18, 0x0C,0x19, 0x0D,0x21, 0x68,0x18, 0xAA,0x18, 0x2D,0x21, 0xA9,0x10, 0x88,0x10, 0xEC,0x18, 0xCB,0x18, 0x89,0x18,

 0x86,0x00, 0x86,0x00, 0x66,0x00, 0x66,0x00, 0x66,0x00, 0x86,0x00, 0x86,0x00, 0x86,0x00, 0x86,0x00, 0xA7,0x00, 0xA7,0x00, 0x86,0x00,
 0x86,0x00, 0x87,0x00, 0x66,0x00, 0x2A,0x09, 0x4A,0x09, 0x87,0x00, 0xA7,0x00, 0xA7,0x00, 0x6B,0x11, 0xC8,0x00, 0x86,0x00, 0xE8,0x08,
 0x6B,0x11, 0xA7,0x00, 0xA7,0x00, 0x8B,0x11, 0x4A,0x09, 0xA7,0x00, 0xC8,0x00, 0xC8,0x00, 0xC8,0x00, 0xE8,0x00, 0xC8,0x00, 0xA7,0x00,
 0xC8,0x00, 0xE8,0x00, 0xE9,0x00, 0xE9,0x00, 0xE9,0x00, 0x09,0x01, 0x09,0x01, 0x09,0x01, 0x2A,0x01, 0x2A,0x09, 0xEA,0x08, 0x34,0x23,
 0x5F,0x25, 0xFD,0x14, 0xFE,0x1C, 0xFD,0x14, 0xDD,0x14, 0xDD,0x14, 0x3B,0x14, 0x79,0x13, 0xDA,0x13, 0x92,0x0A, 0xCE,0x09, 0xEF,0x09,
 0xCE,0x09, 0xEE,0x09, 0xEF,0x09, 0x0F,0x0A, 0x0F,0x0A, 0x0F,0x0A, 0x6F,0x0A, 0xAF,0x12, 0xD0,0x0A, 0x31,0x0B, 0x71,0x0B, 0x91,0x0B,
 0x98,0x1D, 0x3D,0x37, 0xD5,0x1C, 0x8F,0x02, 0x6F,0x0A, 0x0D,0x02, 0x2E,0x0A, 0x74,0x1B, 0xD6,0x1B, 0x71,0x12, 0x8E,0x09, 0x6F,0x09,
 0x70,0x09, 0xB0,0x11, 0x10,0x09, 0x36,0x4C, 0xFF,0x8F, 0x7E,0x67, 0x7E,0x67, 0x7F,0x67, 0x9F,0x6F, 0x9F,0x67, 0x7E,0x77, 0xFE,0xC7,
 0xFD,0xA6, 0x5D,0x3D, 0x3E,0x25, 0x7E,0x35, 0x7E,0x35, 0x9E,0x2D, 0xBE,0x35, 0xBE,0x35, 0x1F,0x36, 0x7F,0x36, 0x5F,0x3E, 0xBC,0x35,
 0x79,0x2C, 0x76,0x23, 0xB4,0x1A, 0xF3,0x11, 0xB2,0x11, 0xF3,0x19, 0xF0,0x00, 0xF8,0x6C, 0xFF,0xB7, 0xDE,0x8F, 0xDF,0x97, 0xDF,0x97,
 0xDF,0x97, 0xFF,0xB7, 0xFC,0x5D, 0x5D,0x14, 0x1C,0x3D, 0xDE,0xAF, 0xFF,0x9F, 0xDF,0x9F, 0xFF,0x9F, 0xDF,0x9F, 0xFF,0xBF, 0xDC,0xB6,
 0x91,0x11, 0xB2,0x09, 0x91,0x09, 0x90,0x09, 0x8F,0x09, 0x8F,0x09, 0xAF,0x11, 0xCF,0x11, 0xAE,0x09, 0xAE,0x09, 0xCF,0x09, 0x30,0x12,
 0x51,0x12, 0x71,0x12, 0x71,0x12, 0x71,0x12, 0x51,0x0A, 0x51,0x0A, 0x51,0x12, 0x51,0x12, 0x51,0x12, 0x51,0x12, 0x31,0x12, 0xEF,0x11,
 0xAD,0x11, 0x6D,0x09, 0x30,0x12, 0x95,0x1B, 0x95,0x1B, 0x50,0x12, 0x8E,0x09, 0x6E,0x09, 0x53,0x2B, 0xDC,0x86, 0x3E,0x87, 0xF5,0x2B,
 0x30,0x0A, 0x13,0x1B, 0x34,0x1B, 0x54,0x1B, 0x95,0x1B, 0xB5,0x1B, 0x36,0x1C, 0xD8,0x24, 0x57,0x1C, 0xF9,0x24, 0xFB,0x2D, 0x7B,0x25,
 0xBC,0x25, 0x3E,0x27, 0x5E,0x2F, 0x3A,0x1D, 0x38,0x1C, 0xB6,0x1B, 0xF4,0x1A, 0x72,0x1A, 0x11,0x1A, 0xCF,0x19, 0x8E,0x19, 0x6D,0x19,
 0x4D,0x19, 0x4E,0x21, 0x70,0x29, 0x52,0x29, 0xF6,0x39, 0xD9,0x5A, 0x73,0x31, 0x30,0x29, 0x2E,0x21, 0xEC,0x18, 0xEB,0x18, 0xEB,0x18,
 0xEB,0x18, 0xEB,0x18, 0xEB,0x18, 0xEB,0x18, 0xCA,0x18, 0xCA,0x18, 0xEB,0x18, 0xCB,0x18, 0xCB,0x18, 0xCA,0x18, 0xCB,0x18, 0xCC,0x20,
 0xAB,0x18, 0xAA,0x10, 0xAA,0x18, 0xAA,0x18, 0xAA,0x18, 0xAA,0x18, 0xAA,0x18, 0xA9,0x10, 0x8E,0x21, 0xCA,0x18, 0x89,0x18, 0x2D,0x19,
 0x2C,0x19, 0x89,0x18, 0x0C,0x19, 0x2D,0x19, 0x88,0x10, 0xA9,0x18, 0x2D,0x21, 0x89,0x10, 0x88,0x10, 0x0C,0x19, 0xCB,0x18, 0x89,0x10,

 0x66,0x00, 0x86,0x00, 0x66,0x00, 0x66,0x00, 0x66,0x00, 0x86,0x00, 0x86,0x00, 0x86,0x00, 0x86,0x00, 0x86,0x00, 0xA6,0x00, 0x87,0x00,
 0x86,0x00, 0x86,0x00, 0x2A,0x09, 0x4B,0x09, 0x86,0x00, 0xA7,0x00, 0xA7,0x00, 0xA7,0x00, 0x6B,0x11, 0xC8,0x00, 0x86,0x00, 0xE8,0x00,
 0x6B,0x09, 0xA7,0x00, 0xA7,0x00, 0x6B,0x09, 0x4A,0x09, 0xA7,0x00, 0xC8,0x00, 0xC8,0x00, 0xC8,0x00, 0xC8,0x00, 0xE8,0x00, 0xE8,0x00,
 0xE8,0x00, 0xE8,0x00, 0xE8,0x00, 0xE8,0x00, 0xE9,0x00, 0xE9,0x00, 0xE9,0x00, 0x09,0x01, 0x09,0x01, 0xE9,0x08, 0xD2,0x1A, 0xFD,0x1C,
 0x9C,0x14, 0x9C,0x14, 0x9C,0x14, 0x9C,0x14, 0x7B,0x0C, 0x7B,0x0C, 0xB9,0x13, 0x16,0x13, 0x57,0x13, 0x72,0x0A, 0xAD,0x09, 0xAD,0x01,
 0xAD,0x09, 0xCE,0x09, 0xEF,0x09, 0xEF,0x09, 0x2F,0x0A, 0xB0,0x0A, 0x10,0x0B, 0x51,0x0B, 0x92,0x0B, 0xD2,0x0B, 0x33,0x0C, 0x7B,0x26,
 0x1C,0x2F, 0x13,0x14, 0x8F,0x0A, 0x8F,0x0A, 0xED,0x01, 0xB1,0x12, 0xF7,0x23, 0x54,0x1B, 0xCE,0x09, 0x6E,0x09, 0x8F,0x09, 0x90,0x09,
 0x90,0x09, 0x10,0x01, 0xB5,0x3B, 0xFF,0x87, 0x9E,0x67, 0x5E,0x5F, 0x7F,0x5F, 0x7F,0x67, 0x5F,0x5F, 0x7E,0x7F, 0xDE,0xC7, 0x5D,0x7E,
 0xFD,0x2C, 0x3E,0x2D, 0x7E,0x35, 0x7E,0x35, 0x9E,0x35, 0x9E,0x35, 0x1F,0x36, 0x7F,0x3E, 0xFD,0x3D, 0x58,0x2C, 0x94,0x1A, 0x91,0x11,
 0x31,0x09, 0x31,0x09, 0x31,0x09, 0x71,0x09, 0x92,0x09, 0x31,0x09, 0x93,0x32, 0xDF,0xB7, 0xDF,0x97, 0xDF,0x8F, 0xDF,0x8F, 0xDF,0x8F,
 0xFF,0x9F, 0x3D,0x9F, 0xBC,0x24, 0xDE,0x24, 0x9D,0x1C, 0xDD,0x8E, 0xFF,0xAF, 0xDF,0x97, 0xDF,0x9F, 0xFF,0x9F, 0xDF,0x9F, 0xFF,0xCF,
 0xD6,0x5B, 0x72,0x01, 0x33,0x12, 0x33,0x12, 0x32,0x12, 0x11,0x12, 0xCF,0x09, 0xAF,0x09, 0xAE,0x09, 0xAE,0x09, 0xAE,0x09, 0xAE,0x09,
 0xAE,0x09, 0xEF,0x09, 0x10,0x12, 0x31,0x12, 0x51,0x12, 0x31,0x12, 0x31,0x12, 0x31,0x12, 0x31,0x12, 0x31,0x12, 0x31,0x12, 0x32,0x12,
 0xF1,0x11, 0xCF,0x11, 0x8D,0x11, 0xAE,0x11, 0x72,0x12, 0x34,0x13, 0x74,0x2B, 0xFA,0x75, 0x9E,0xA7, 0xD7,0x54, 0x75,0x13, 0x3A,0x2D,
 0x77,0x2C, 0x73,0x13, 0xD4,0x1B, 0x15,0x1C, 0x56,0x1C, 0x96,0x24, 0xB7,0x1C, 0xD8,0x1C, 0x59,0x25, 0x3C,0x2E, 0xBB,0x2D, 0xFC,0x25,
 0x5E,0x2F, 0x9E,0x2F, 0x9B,0x1D, 0xB9,0x1C, 0xF7,0x1B, 0x14,0x13, 0xB3,0x1A, 0x31,0x1A, 0xD0,0x19, 0x8E,0x19, 0x6D,0x19, 0x4D,0x19,
 0x4E,0x21, 0x4F,0x21, 0x52,0x29, 0xD5,0x39, 0x99,0x52, 0x73,0x31, 0x2F,0x21, 0x2E,0x21, 0xEC,0x18, 0xEB,0x18, 0xEB,0x18, 0xEA,0x18,
 0xEA,0x18, 0xEA,0x18, 0xEA,0x18, 0xEB,0x18, 0xCA,0x18, 0xCA,0x18, 0xCB,0x18, 0xCA,0x18, 0xCA,0x18, 0xCB,0x18, 0xCB,0x18, 0xCB,0x18,
 0xAA,0x18, 0xAA,0x18, 0xAA,0x18, 0xAA,0x18, 0xAA,0x18, 0xAA,0x18, 0xA9,0x18, 0xA9,0x10, 0x8E,0x21, 0xCB,0x18, 0x89,0x18, 0x2D,0x19,
 0x2C,0x19, 0x88,0x10, 0x0C,0x19, 0x2D,0x19, 0x88,0x18, 0xA9,0x18, 0x2D,0x19, 0x89,0x10, 0x88,0x10, 0x0C,0x19, 0xCB,0x18, 0x68,0x10,

 0x66,0x00, 0x86,0x00, 0x66,0x00, 0x66,0x00, 0x66,0x00, 0x66,0x00, 0x86,0x00, 0x86,0x00, 0x86,0x00, 0x86,0x00, 0x86,0x00, 0x87,0x00,
 0x66,0x00, 0x2A,0x09, 0x4B,0x09, 0x66,0x00, 0x86,0x00, 0xA7,0x00, 0xA7,0x00, 0xA7,0x00, 0x6B,0x11, 0xC8,0x00, 0x86,0x00, 0xE8,0x08,
 0x6B,0x11, 0xA7,0x00, 0xA6,0x00, 0x6B,0x09, 0x4A,0x09, 0xA7,0x00, 0xC8,0x00, 0xC8,0x00, 0xC8,0x00, 0xC8,0x00, 0xE8,0x00, 0xC8,0x00,
 0xE8,0x00, 0xE8,0x00, 0xE8,0x00, 0xE8,0x00, 0xE8,0x00, 0xE8,0x00, 0xE9,0x00, 0x09,0x01, 0xC8,0x00, 0xAB,0x09, 0x9D,0x1E, 0xBD,0x16,
 0xBD,0x16, 0xBD,0x16, 0x9D,0x16, 0x9D,0x16, 0x7D,0x16, 0xBD,0x16, 0x98,0x14, 0x93,0x12, 0xF4,0x12, 0x51,0x12, 0xCD,0x09, 0xEE,0x09,
 0xCE,0x09, 0x2F,0x1A, 0x0F,0x0A, 0x4F,0x0A, 0xF0,0x0A, 0x71,0x0B, 0xD2,0x0B, 0x33,0x0C, 0x54,0x04, 0x16,0x0D, 0x3D,0x2F, 0x9B,0x2E,
 0xB2,0x0B, 0x10,0x0B, 0x8F,0x0A, 0x0E,0x02, 0x74,0x1B, 0x17,0x24, 0x91,0x12, 0x4D,0x09, 0x6D,0x09, 0x8F,0x09, 0x90,0x09, 0xB1,0x11,
 0x10,0x01, 0x93,0x22, 0xBF,0x87, 0x9F,0x67, 0x5E,0x5F, 0x5F,0x5F, 0x7F,0x5F, 0x5E,0x57, 0x7E,0x77, 0xBE,0xBF, 0xBC,0x5D, 0xDD,0x1C,
 0x3E,0x35, 0x5E,0x35, 0x7E,0x35, 0x9E,0x35, 0xDF,0x35, 0x7F,0x3E, 0xDD,0x3D, 0x97,0x23, 0xB2,0x11, 0x10,0x09, 0x30,0x09, 0x50,0x11,
 0x71,0x11, 0x71,0x11, 0x71,0x11, 0x71,0x11, 0x71,0x11, 0x31,0x11, 0x7B,0x9E, 0xFF,0xA7, 0xBF,0x87, 0xDF,0x8F, 0xDF,0x8F, 0xDF,0x87,
 0xFE,0xAF, 0x5C,0x4D, 0xBE,0x1C, 0xDE,0x2C, 0xBE,0x1C, 0x7D,0x55, 0xFE,0xB7, 0xFF,0x97, 0xFF,0x97, 0xFF,0x9F, 0xDF,0x9F, 0xFF,0xB7,
 0x9B,0xA6, 0x30,0x09, 0x71,0x11, 0xB1,0x09, 0x12,0x0A, 0x52,0x12, 0x92,0x12, 0x92,0x12, 0x31,0x0A, 0xCF,0x09, 0xAE,0x09, 0x8E,0x09,
 0x8E,0x09, 0x8E,0x09, 0x8D,0x09, 0xAE,0x09, 0xEF,0x11, 0x10,0x12, 0x11,0x12, 0x11,0x12, 0x11,0x12, 0x11,0x12, 0x11,0x12, 0xF1,0x11,
 0x11,0x12, 0x12,0x12, 0xB0,0x11, 0x2D,0x01, 0x70,0x22, 0xB9,0x6D, 0xFF,0x9F, 0x7E,0x87, 0x94,0x2B, 0xF0,0x09, 0xB2,0x1A, 0x94,0x1B,
 0xBB,0x35, 0x79,0x2D, 0x96,0x1C, 0xD7,0x1C, 0x38,0x25, 0x7A,0x25, 0x9A,0x25, 0xDB,0x25, 0x1C,0x26, 0x5D,0x26, 0x5D,0x26, 0x7E,0x2F,
 0xBE,0x2F, 0x1C,0x26, 0xF9,0x24, 0x58,0x1C, 0x96,0x1B, 0xD3,0x1A, 0x51,0x1A, 0xF0,0x19, 0xAF,0x19, 0x6E,0x19, 0x4D,0x19, 0x4E,0x21,
 0x4F,0x21, 0x51,0x29, 0xB4,0x39, 0x58,0x52, 0x73,0x31, 0x50,0x21, 0x2E,0x21, 0x0C,0x19, 0xEB,0x18, 0xEF,0x29, 0xEB,0x18, 0xCA,0x18,
 0xEA,0x18, 0xCA,0x18, 0xCA,0x18, 0xEB,0x18, 0xCA,0x18, 0xCB,0x18, 0xCB,0x18, 0xCA,0x18, 0xCA,0x18, 0xCB,0x18, 0xAA,0x18, 0xAA,0x18,
 0xCA,0x18, 0xAA,0x18, 0xAA,0x18, 0xAA,0x18, 0xAA,0x18, 0xAA,0x18, 0xA9,0x18, 0xA9,0x10, 0x8E,0x21, 0xCB,0x18, 0x89,0x18, 0x2D,0x19,
 0x2C,0x19, 0x68,0x10, 0xEC,0x18, 0x2D,0x19, 0x88,0x10, 0xAA,0x18, 0x2D,0x19, 0x89,0x10, 0x88,0x10, 0x0C,0x19, 0xCB,0x18, 0x68,0x18,

 0x86,0x00, 0x66,0x00, 0x66,0x00, 0x66,0x00, 0x66,0x00, 0x66,0x00, 0x86,0x00, 0x86,0x00, 0x86,0x00, 0x86,0x00, 0x86,0x00, 0x66,0x00,
 0x0A,0x09, 0x4B,0x09, 0x86,0x00, 0xA6,0x00, 0xA7,0x00, 0xA7,0x00, 0xA7,0x00, 0xA7,0x00, 0x6B,0x11, 0xC8,0x00, 0x86,0x00, 0xE8,0x08,
 0x6B,0x11, 0xA7,0x00, 0x86,0x00, 0x6B,0x09, 0x2A,0x09, 0xA7,0x00, 0xC8,0x00, 0xC8,0x00, 0xC8,0x00, 0xE8,0x00, 0xE8,0x00, 0xE8,0x00,
 0xE8,0x00, 0xC8,0x00, 0xE8,0x00, 0xE8,0x00, 0xE9,0x00, 0xE9,0x00, 0xE9,0x00, 0x09,0x01, 0xC8,0x00, 0x2E,0x12, 0xDD,0x1E, 0x1E,0x17,
 0x1E,0x17, 0x1E,0x17, 0x1E,0x17, 0x1E,0x17, 0x1E,0x17, 0x5F,0x17, 0xD7,0x14, 0x51,0x0A, 0x91,0x0A, 0x50,0x0A, 0x0F,0x0A, 0xEF,0x09,
 0x0F,0x0A, 0x0F,0x0A, 0x6F,0x0A, 0x10,0x0B, 0x92,0x0B, 0xF3,0x0B, 0x75,0x0C, 0xD6,0x0C, 0xD9,0x15, 0xBE,0x2F, 0x3A,0x26, 0xB2,0x0B,
 0x30,0x0B, 0x6E,0x02, 0x8F,0x0A, 0x36,0x24, 0xD5,0x1B, 0xEE,0x09, 0x4C,0x09, 0x6E,0x09, 0x8E,0x09, 0x8F,0x09, 0x90,0x09, 0x50,0x09,
 0xB1,0x11, 0x3D,0x7F, 0xDF,0x6F, 0x3E,0x5F, 0x3F,0x5F, 0x3F,0x5F, 0x3E,0x4F, 0x5E,0x77, 0xBE,0xBF, 0x5C,0x4D, 0xBD,0x1C, 0x1E,0x35,
 0x1E,0x2D, 0x5E,0x35, 0x7E,0x35, 0x1F,0x36, 0x5E,0x3E, 0x18,0x2C, 0xB2,0x11, 0xF0,0x08, 0x30,0x09, 0x50,0x09, 0x50,0x09, 0x50,0x09,
 0x50,0x11, 0x50,0x11, 0x50,0x09, 0x71,0x11, 0xD0,0x00, 0xD6,0x5B, 0xFF,0xC7, 0xBE,0x87, 0xDF,0x87, 0xDF,0x87, 0xDF,0x7F, 0xFF,0x9F,
 0x9D,0x86, 0x7D,0x1C, 0xDE,0x2C, 0xDE,0x24, 0xDE,0x24, 0x9D,0x24, 0xFD,0x9E, 0xFF,0x9F, 0xDF,0x8F, 0xFF,0x97, 0xFF,0x97, 0xDF,0x97,
 0xFF,0xBF, 0x34,0x43, 0xF0,0x00, 0x71,0x11, 0x70,0x09, 0x6F,0x09, 0xB0,0x09, 0x11,0x0A, 0x72,0x0A, 0xB2,0x12, 0x72,0x12, 0x10,0x0A,
 0xAE,0x09, 0x6D,0x09, 0x8E,0x11, 0x8E,0x11, 0x6E,0x09, 0x8E,0x09, 0xCF,0x09, 0xF1,0x11, 0xF1,0x09, 0xF1,0x09, 0xF1,0x11, 0x12,0x12,
 0xB1,0x09, 0x71,0x01, 0x92,0x22, 0x38,0x6D, 0xFF,0x9F, 0xFF,0x97, 0xF7,0x4C, 0x13,0x13, 0x17,0x1C, 0x54,0x1B, 0xD2,0x12, 0x53,0x1B,
 0x15,0x1C, 0x1B,0x36, 0x7C,0x36, 0xB9,0x25, 0xFA,0x25, 0x5C,0x26, 0x7C,0x2E, 0xBD,0x2E, 0xDD,0x2E, 0xFE,0x26, 0x9E,0x2F, 0xDF,0x37,
 0x9D,0x26, 0x3A,0x25, 0x5A,0x25, 0xB8,0x24, 0x13,0x1B, 0xB2,0x1A, 0x10,0x1A, 0xAE,0x19, 0x8E,0x19, 0x6E,0x19, 0x4E,0x21, 0x4F,0x21,
 0x50,0x21, 0x94,0x31, 0x37,0x52, 0x73,0x31, 0x4F,0x21, 0x2E,0x19, 0x0C,0x19, 0xEB,0x18, 0xEB,0x18, 0xEB,0x18, 0xEA,0x10, 0xEA,0x10,
 0xEA,0x18, 0xEA,0x18, 0xEA,0x18, 0xCA,0x18, 0xCA,0x18, 0xCB,0x18, 0xCB,0x18, 0xCA,0x18, 0xCA,0x18, 0xCA,0x18, 0xAA,0x18, 0xAA,0x18,
 0xAA,0x18, 0xAA,0x18, 0xAA,0x18, 0xAA,0x18, 0xAA,0x18, 0xAA,0x18, 0xA9,0x18, 0xA9,0x10, 0x8E,0x21, 0xCB,0x18, 0x89,0x18, 0x2D,0x19,
 0x2C,0x19, 0x68,0x10, 0xEC,0x18, 0x2C,0x19, 0x88,0x10, 0xA9,0x10, 0x2D,0x19, 0x89,0x10, 0x88,0x10, 0xEC,0x18, 0xCB,0x18, 0x88,0x18,

 0x66,0x00, 0x86,0x00, 0x66,0x00, 0x86,0x00, 0x86,0x00, 0x86,0x00, 0x86,0x00, 0x86,0x00, 0x86,0x00, 0x86,0x00, 0x66,0x00, 0x0A,0x09,
 0x2B,0x09, 0x66,0x00, 0x86,0x00, 0xA6,0x00, 0x87,0x00, 0x87,0x00, 0x87,0x00, 0x87,0x00, 0x4B,0x11, 0xC7,0x00, 0x86,0x00, 0xE8,0x08,
 0x6B,0x09, 0xA7,0x00, 0x87,0x00, 0x6B,0x11, 0x2A,0x09, 0xA7,0x00, 0xA8,0x00, 0xC8,0x00, 0xC8,0x00, 0xC8,0x00, 0xE8,0x00, 0xE8,0x00,
 0xE8,0x00, 0xC8,0x00, 0xC8,0x00, 0xE8,0x00, 0xE8,0x00, 0xE9,0x00, 0xE9,0x00, 0xE9,0x00, 0x2B,0x09, 0x0D,0x12, 0x1C,0x1E, 0x5E,0x16,
 0x7E,0x16, 0x7E,0x16, 0x7E,0x16, 0x7E,0x16, 0x7E,0x16, 0xBE,0x16, 0x98,0x14, 0x92,0x0A, 0xB2,0x0A, 0x72,0x0A, 0x51,0x0A, 0x30,0x0A,
 0x50,0x0A, 0x91,0x0A, 0x71,0x0B, 0xF3,0x0B, 0x54,0x14, 0xF6,0x14, 0x98,0x15, 0x9B,0x16, 0xBE,0x27, 0xD8,0x1D, 0xB2,0x0B, 0x51,0x0B,
 0x6E,0x02, 0x11,0x13, 0xB8,0x24, 0x53,0x1B, 0x6D,0x09, 0x4D,0x09, 0x8E,0x09, 0xAF,0x09, 0x8F,0x09, 0x6F,0x09, 0x70,0x09, 0xEF,0x08,
 0xB9,0x5D, 0xFF,0x77, 0x1E,0x57, 0x1F,0x57, 0x3F,0x5F, 0x3E,0x57, 0x3E,0x6F, 0xBE,0xBF, 0x5C,0x4D, 0x9D,0x1C, 0x1E,0x2D, 0x1E,0x2D,
 0x3E,0x2D, 0x7E,0x35, 0x5F,0x3E, 0x3B,0x35, 0x12,0x1A, 0xCF,0x08, 0x30,0x09, 0x50,0x09, 0x50,0x09, 0x50,0x09, 0x50,0x11, 0x50,0x11,
 0x50,0x11, 0x50,0x09, 0x50,0x09, 0x30,0x09, 0x91,0x19, 0x3D,0xB7, 0xDF,0x9F, 0xBE,0x7F, 0xDE,0x7F, 0xDF,0x7F, 0xDE,0x87, 0x9E,0xAF,
 0xFC,0x34, 0x9E,0x1C, 0xBD,0x2C, 0xDE,0x2C, 0xDD,0x24, 0x9D,0x1C, 0x7C,0x5D, 0xFE,0xB7, 0xDF,0x8F, 0xFF,0x97, 0xFF,0x97, 0xDE,0x8F,
 0xFF,0xAF, 0x5B,0x9E, 0x11,0x09, 0x71,0x11, 0x70,0x11, 0x70,0x11, 0x6F,0x09, 0x4F,0x09, 0x4E,0x09, 0x8F,0x09, 0x10,0x0A, 0x72,0x12,
 0x92,0x12, 0x31,0x12, 0xAF,0x09, 0x6E,0x09, 0x6E,0x09, 0x6E,0x09, 0x6E,0x09, 0x6F,0x09, 0xB0,0x09, 0xF1,0x11, 0xB1,0x11, 0x71,0x01,
 0x93,0x22, 0x38,0x6D, 0x9E,0xAF, 0xFF,0xA7, 0x3D,0x6F, 0x74,0x2B, 0x4E,0x01, 0xAF,0x11, 0x13,0x1B, 0x98,0x24, 0x36,0x1C, 0xB4,0x13,
 0x55,0x1C, 0x17,0x1D, 0xBC,0x36, 0x3D,0x47, 0x1D,0x37, 0x5E,0x3F, 0x7E,0x3F, 0x9E,0x3F, 0x9E,0x3F, 0xBE,0x37, 0xBE,0x37, 0xDD,0x2E,
 0xDB,0x25, 0xBB,0x25, 0x5A,0x25, 0x95,0x1B, 0xB2,0x12, 0x71,0x1A, 0x10,0x1A, 0xAE,0x19, 0x6E,0x19, 0x6E,0x21, 0x4F,0x21, 0x30,0x21,
 0x93,0x31, 0x16,0x4A, 0x71,0x31, 0x2F,0x21, 0x2D,0x19, 0x0C,0x19, 0xEB,0x18, 0xEB,0x18, 0xEB,0x18, 0xCA,0x18, 0xEA,0x18, 0xEA,0x18,
 0xEA,0x18, 0xCA,0x18, 0xCA,0x18, 0xCA,0x18, 0xCA,0x18, 0xCA,0x18, 0xCB,0x18, 0xCA,0x18, 0xCA,0x18, 0xCA,0x18, 0xAA,0x18, 0xAA,0x18,
 0xAA,0x18, 0xCA,0x18, 0xAA,0x10, 0xAA,0x10, 0xAA,0x18, 0xAA,0x18, 0xAA,0x18, 0x89,0x10, 0x8E,0x21, 0xCB,0x18, 0x69,0x18, 0x2D,0x19,
 0x2C,0x19, 0x68,0x10, 0xEB,0x18, 0x2C,0x19, 0x88,0x10, 0xA9,0x10, 0x2D,0x19, 0x88,0x10, 0x88,0x10, 0xEC,0x18, 0xCB,0x18, 0x68,0x10,

 0x65,0x00, 0x66,0x00, 0x66,0x00, 0x66,0x00, 0x86,0x00, 0x66,0x00, 0x86,0x00, 0x86,0x00, 0x86,0x00, 0x66,0x00, 0x09,0x09, 0x2B,0x09,
 0x66,0x00, 0x86,0x00, 0x86,0x00, 0x86,0x00, 0x86,0x00, 0xA7,0x00, 0x86,0x00, 0x86,0x00, 0x8C,0x11, 0xA7,0x00, 0x86,0x00, 0xE8,0x08,
 0x6B,0x11, 0x86,0x00, 0x86,0x00, 0x6B,0x09, 0x2A,0x09, 0xA7,0x00, 0xC8,0x00, 0xA7,0x00, 0x87,0x00, 0xA8,0x00, 0xC8,0x00, 0xE8,0x00,
 0xE8,0x00, 0xE8,0x00, 0xC8,0x00, 0xE8,0x00, 0xE8,0x00, 0xE9,0x00, 0xE8,0x00, 0x4B,0x09, 0x4B,0x09, 0x8B,0x09, 0xBC,0x1D, 0xFE,0x15,
 0x1E,0x16, 0x1E,0x16, 0x1E,0x16, 0x1E,0x16, 0x1E,0x16, 0x5E,0x1E, 0x98,0x14, 0xD3,0x12, 0xF3,0x12, 0xB3,0x0A, 0x92,0x0A, 0x92,0x0A,
 0xB2,0x0A, 0x53,0x0B, 0xF4,0x0B, 0xB5,0x0C, 0x77,0x15, 0x3A,0x16, 0x3C,0x1F, 0xFF,0x1F, 0x3A,0x16, 0x13,0x0C, 0x51,0x0B, 0x8E,0x02,
 0xB4,0x1B, 0xD8,0x24, 0xD1,0x12, 0x4C,0x09, 0x6D,0x09, 0x8E,0x09, 0x8F,0x09, 0x8F,0x09, 0x6F,0x09, 0x70,0x09, 0xCE,0x00, 0xB5,0x3B,
 0xFF,0x77, 0x1E,0x4F, 0x1F,0x57, 0x1F,0x57, 0x1F,0x57, 0x1E,0x67, 0xBE,0xBF, 0x7C,0x55, 0x9D,0x1C, 0xFE,0x2C, 0x1E,0x2D, 0x3E,0x2D,
 0x7E,0x2D, 0x5F,0x3E, 0x38,0x2C, 0x0F,0x09, 0xEF,0x08, 0x50,0x09, 0x2F,0x09, 0x4F,0x09, 0x4F,0x09, 0x4F,0x09, 0x4F,0x09, 0x4F,0x09,
 0x4F,0x09, 0x50,0x09, 0x30,0x09, 0x8F,0x00, 0x38,0x7D, 0xFF,0xAF, 0xBE,0x7F, 0xDF,0x7F, 0xDF,0x7F, 0xBE,0x77, 0xFE,0xA7, 0x3C,0x76,
 0x9D,0x1C, 0xDE,0x2C, 0xDD,0x24, 0xDE,0x2C, 0xDE,0x24, 0xDE,0x24, 0xBC,0x2C, 0x3D,0xAF, 0xFF,0x9F, 0xFF,0x8F, 0xFF,0x8F, 0xDF,0x8F,
 0xDF,0x97, 0xFF,0xC7, 0xF4,0x42, 0x11,0x01, 0x70,0x11, 0x70,0x09, 0x6F,0x09, 0x6F,0x09, 0x6F,0x11, 0x4F,0x09, 0x4E,0x09, 0x6E,0x09,
 0xAF,0x09, 0x51,0x12, 0x92,0x12, 0x31,0x12, 0xAF,0x09, 0x4E,0x09, 0x6E,0x09, 0x6F,0x11, 0x2E,0x09, 0xCE,0x00, 0xF1,0x19, 0xF8,0x64,
 0x7E,0xAF, 0xFF,0xAF, 0xFF,0x8F, 0x1A,0x56, 0x52,0x12, 0x91,0x09, 0x11,0x12, 0x10,0x12, 0x0F,0x12, 0xF2,0x12, 0x19,0x25, 0x39,0x25,
 0xB6,0x1C, 0x99,0x25, 0x7B,0x36, 0x5D,0x4F, 0xDE,0x57, 0xBE,0x5F, 0xBE,0x5F, 0x9E,0x5F, 0xBE,0x4F, 0xDE,0x3F, 0x7E,0x37, 0x7C,0x2E,
 0xFB,0x25, 0xDB,0x2D, 0x36,0x1C, 0x13,0x13, 0xB5,0x1B, 0x33,0x1B, 0xCF,0x19, 0xEF,0x21, 0x6E,0x19, 0x70,0x21, 0x51,0x29, 0x94,0x31,
 0xF6,0x49, 0x51,0x31, 0x2E,0x21, 0x2D,0x19, 0x0B,0x19, 0xEB,0x18, 0xEB,0x18, 0xEA,0x18, 0xEA,0x18, 0x2C,0x19, 0xEB,0x18, 0xCA,0x18,
 0xEA,0x18, 0xCA,0x18, 0xEB,0x18, 0xEC,0x18, 0xCB,0x18, 0xCA,0x18, 0xCA,0x18, 0xCA,0x18, 0xCA,0x18, 0xCA,0x18, 0xAA,0x18, 0xAA,0x18,
 0xCA,0x18, 0xAA,0x10, 0xAA,0x10, 0xAA,0x10, 0x8A,0x18, 0x8A,0x18, 0xA9,0x18, 0xA9,0x10, 0x8E,0x21, 0xCA,0x18, 0x69,0x18, 0x2D,0x19,
 0x2C,0x19, 0x68,0x10, 0xEB,0x18, 0x2C,0x19, 0x68,0x10, 0x89,0x10, 0x4D,0x19, 0xA8,0x10, 0x87,0x10, 0x0B,0x19, 0xCA,0x18, 0x68,0x10,

 0x65,0x00, 0x66,0x00, 0x66,0x00, 0x66,0x00, 0x86,0x00, 0x66,0x00, 0x66,0x00, 0x66,0x00, 0x65,0x00, 0x09,0x09, 0x2A,0x09, 0x66,0x00,
 0x86,0x00, 0x86,0x00, 0x86,0x00, 0x86,0x00, 0xA6,0x00, 0x86,0x00, 0x86,0x00, 0x6C,0x11, 0x2A,0x09, 0x66,0x00, 0x86,0x00, 0xE8,0x08,
 0x6B,0x11, 0x87,0x00, 0x87,0x00, 0x6B,0x09, 0x2A,0x09, 0x87,0x00, 0xA7,0x00, 0x29,0x01, 0xEC,0x01, 0xC8,0x00, 0xC8,0x00, 0xC8,0x00,
 0xE8,0x00, 0xE8,0x00, 0xC8,0x00, 0xC8,0x00, 0xE8,0x00, 0xC8,0x00, 0x2A,0x01, 0x8D,0x11, 0xE9,0x00, 0x6A,0x09, 0x3B,0x1D, 0x5D,0x15,
 0x7D,0x15, 0x9D,0x15, 0x9D,0x15, 0x7D,0x15, 0x9D,0x15, 0xBE,0x15, 0x79,0x14, 0x34,0x13, 0x34,0x13, 0xF4,0x0A, 0xF4,0x0A, 0xF4,0x0A,
 0x54,0x0B, 0xF5,0x0B, 0xD6,0x0C, 0xD9,0x15, 0xFC,0x16, 0x9E,0x1F, 0xFF,0x1F, 0xBB,0x16, 0xD6,0x0C, 0x92,0x0B, 0xCF,0x02, 0x56,0x1C,
 0xB8,0x24, 0x4F,0x0A, 0x4C,0x09, 0x8D,0x09, 0xAE,0x09, 0xAF,0x09, 0x8F,0x09, 0x6F,0x09, 0x6F,0x09, 0x30,0x09, 0x90,0x11, 0x5D,0x6F,
 0x7F,0x57, 0xDF,0x4E, 0xFF,0x4E, 0x1F,0x57, 0xFE,0x56, 0xBE,0xAF, 0xDC,0x75, 0x7D,0x1C, 0xFE,0x34, 0xFE,0x2C, 0x1E,0x2D, 0x7F,0x35,
 0x1F,0x3E, 0x55,0x23, 0xAE,0x08, 0x10,0x09, 0x50,0x09, 0x2F,0x09, 0x2F,0x09, 0x4F,0x09, 0x4F,0x09, 0x4F,0x09, 0x4F,0x09, 0x4F,0x09,
 0x4F,0x09, 0x50,0x11, 0xCF,0x00, 0x92,0x32, 0xFF,0xB7, 0xBE,0x7F, 0xBF,0x77, 0xDF,0x7F, 0xBF,0x77, 0xDE,0x87, 0x5D,0xA7, 0xDC,0x2C,
 0xDE,0x2C, 0xDE,0x2C, 0xDD,0x24, 0xFD,0x24, 0xFE,0x2C, 0xFE,0x2C, 0xBD,0x24, 0xDC,0x6D, 0xFE,0xB7, 0xDE,0x87, 0xFF,0x8F, 0xFF,0x8F,
 0xDE,0x8F, 0xFF,0xB7, 0x3A,0x9E, 0x10,0x09, 0x71,0x11, 0x50,0x11, 0x70,0x11, 0x50,0x11, 0x6F,0x09, 0x6F,0x09, 0x6F,0x09, 0x6F,0x11,
 0x4F,0x11, 0x4E,0x09, 0x8F,0x11, 0x11,0x12, 0x53,0x12, 0x12,0x12, 0x50,0x09, 0xCE,0x00, 0xD0,0x19, 0x96,0x5C, 0x7D,0xA7, 0xFF,0xAF,
 0xFF,0x87, 0xBE,0x6F, 0xD7,0x44, 0xB1,0x11, 0xB1,0x11, 0x11,0x12, 0x32,0x12, 0x52,0x12, 0x92,0x12, 0x91,0x12, 0x73,0x13, 0xBA,0x2D,
 0x3C,0x36, 0xFA,0x2D, 0xDC,0x3E, 0x9E,0x57, 0xBE,0x6F, 0x7E,0x77, 0x7E,0x7F, 0x5E,0x7F, 0x5E,0x77, 0x9E,0x57, 0x7E,0x37, 0x7C,0x2E,
 0x9A,0x25, 0xB8,0x24, 0xD5,0x1B, 0x37,0x1C, 0xD5,0x23, 0x0F,0x1A, 0xCE,0x11, 0xF0,0x19, 0xD1,0x29, 0x71,0x29, 0x94,0x31, 0xF7,0x41,
 0x72,0x31, 0x2E,0x21, 0x2D,0x19, 0xEB,0x18, 0xEA,0x18, 0xEA,0x18, 0xEA,0x18, 0xEA,0x18, 0xCA,0x10, 0x8D,0x21, 0x2B,0x19, 0xCA,0x10,
 0xCA,0x18, 0xCA,0x18, 0x0C,0x19, 0x8F,0x19, 0x4D,0x19, 0xEB,0x18, 0xCB,0x18, 0xCA,0x18, 0xCA,0x18, 0xAA,0x18, 0xCA,0x18, 0xCA,0x18,
 0xCA,0x10, 0xAA,0x10, 0xAA,0x10, 0x8A,0x10, 0xAA,0x10, 0x8A,0x18, 0xA9,0x10, 0x68,0x10, 0x8E,0x21, 0xCA,0x18, 0x69,0x18, 0x2D,0x19,
 0x2C,0x19, 0x68,0x10, 0xEB,0x18, 0x2C,0x19, 0x68,0x10, 0x89,0x10, 0x4D,0x19, 0x88,0x10, 0x67,0x10, 0xEB,0x18, 0xCA,0x18, 0x68,0x10,

 0x66,0x00, 0x66,0x00, 0x66,0x00, 0x66,0x00, 0x66,0x00, 0x66,0x00, 0x86,0x00, 0x09,0x09, 0x2A,0x09, 0x0A,0x09, 0x66,0x00, 0x86,0x00,
 0x86,0x00, 0x86,0x00, 0x86,0x00, 0x86,0x00, 0x86,0x00, 0x66,0x00, 0x4B,0x11, 0x2A,0x09, 0x65,0x00, 0x86,0x00, 0x66,0x00, 0xE8,0x08,
 0x8C,0x11, 0x87,0x00, 0x86,0x00, 0x6B,0x09, 0x2A,0x09, 0x87,0x00, 0x87,0x00, 0xAA,0x01, 0x70,0x0B, 0xE8,0x00, 0xA8,0x00, 0xC8,0x00,
 0xC8,0x00, 0xC8,0x00, 0xC8,0x00, 0xC8,0x00, 0xC8,0x00, 0xC8,0x00, 0x8C,0x09, 0x2A,0x01, 0xC8,0x00, 0x6B,0x09, 0xBA,0x1C, 0xDC,0x14,
 0xFC,0x14, 0xFC,0x14, 0xFC,0x14, 0xFC,0x14, 0xFC,0x14, 0x1D,0x15, 0x39,0x14, 0x55,0x1B, 0x75,0x13, 0x55,0x13, 0x35,0x0B, 0x75,0x0B,
 0xF6,0x13, 0xD7,0x14, 0x1A,0x16, 0x5D,0x1F, 0xDE,0x1F, 0xFF,0x1F, 0x1C,0x17, 0x57,0x0D, 0xD2,0x0B, 0x10,0x0B, 0xF8,0x24, 0xB7,0x24,
 0x0D,0x0A, 0x4C,0x01, 0xAD,0x09, 0xAE,0x09, 0xAF,0x09, 0x8F,0x09, 0x6F,0x09, 0x6F,0x09, 0x50,0x09, 0xAF,0x00, 0x18,0x4D, 0xDF,0x67,
 0xBE,0x46, 0xBF,0x4E, 0xDF,0x4E, 0xBF,0x4E, 0x7E,0x8F, 0x9D,0x8E, 0x5C,0x24, 0xDE,0x34, 0xDE,0x2C, 0xFE,0x2C, 0x5F,0x35, 0x3F,0x3E,
 0x14,0x23, 0xAE,0x08, 0x30,0x09, 0x2F,0x09, 0x2F,0x09, 0x2F,0x09, 0x2E,0x09, 0x2E,0x09, 0x4F,0x09, 0x4F,0x09, 0x4F,0x09, 0x4F,0x09,
 0x50,0x09, 0x30,0x09, 0xCF,0x08, 0x5B,0x8E, 0xFF,0x97, 0x9E,0x6F, 0xBF,0x6F, 0xBF,0x77, 0x9E,0x6F, 0xDE,0xAF, 0xBC,0x65, 0xBD,0x1C,
 0xFE,0x2C, 0xFE,0x2C, 0x1E,0x2D, 0x3E,0x2D, 0xFE,0x2C, 0xFE,0x2C, 0xFE,0x2C, 0xBC,0x2C, 0x3D,0xAF, 0xFE,0x97, 0xDF,0x87, 0xDF,0x87,
 0xFF,0x87, 0xDF,0x8F, 0xFF,0xC7, 0xD3,0x42, 0xD0,0x00, 0x50,0x11, 0x50,0x09, 0x4F,0x09, 0x4F,0x09, 0x4F,0x09, 0x4F,0x09, 0x4F,0x09,
 0x4F,0x09, 0x4F,0x09, 0x4F,0x11, 0x4F,0x11, 0x50,0x09, 0x51,0x01, 0xF1,0x19, 0x76,0x5C, 0x7D,0x9F, 0xFF,0xB7, 0xBE,0x8F, 0xDF,0x5F,
 0xFC,0x56, 0x34,0x2B, 0x50,0x09, 0xD1,0x11, 0xF1,0x11, 0x11,0x12, 0x31,0x12, 0x72,0x12, 0xB2,0x12, 0xF3,0x1A, 0x53,0x1B, 0x15,0x14,
 0x1B,0x2E, 0xFD,0x3E, 0x1C,0x47, 0xBE,0x67, 0x9F,0x77, 0x7F,0x7F, 0x5F,0x87, 0x5E,0x87, 0x5E,0x87, 0x9E,0x6F, 0x9E,0x47, 0x9C,0x2E,
 0x9A,0x2D, 0x97,0x24, 0x77,0x24, 0x16,0x1C, 0x50,0x12, 0xEF,0x11, 0xF2,0x1A, 0xB3,0x22, 0xB2,0x21, 0x93,0x31, 0xF6,0x41, 0x51,0x31,
 0xEE,0x20, 0x2D,0x19, 0xEB,0x10, 0xEB,0x18, 0xEA,0x18, 0xEA,0x10, 0xEA,0x10, 0xCA,0x18, 0xEA,0x18, 0xCA,0x10, 0xCA,0x18, 0xCA,0x18,
 0xCA,0x18, 0xCA,0x18, 0x4D,0x19, 0x72,0x22, 0x30,0x1A, 0x0B,0x19, 0xEB,0x20, 0xCA,0x10, 0xCA,0x18, 0x89,0x10, 0x0B,0x21, 0x4B,0x21,
 0xAA,0x10, 0xAA,0x18, 0xAA,0x18, 0xA9,0x10, 0xA9,0x10, 0xA9,0x10, 0x68,0x10, 0x4C,0x19, 0xF0,0x21, 0xAA,0x18, 0x69,0x18, 0x2D,0x19,
 0x2C,0x19, 0x68,0x10, 0xEB,0x18, 0x2C,0x19, 0x68,0x10, 0xA9,0x10, 0x4D,0x19, 0x89,0x10, 0x67,0x10, 0x0B,0x19, 0xCA,0x18, 0x68,0x10,

 0x66,0x00, 0x65,0x00, 0x66,0x00, 0x66,0x00, 0x66,0x00, 0x65,0x00, 0xE9,0x08, 0xC8,0x08, 0x2A,0x11, 0xC8,0x08, 0x65,0x00, 0x86,0x00,
 0x86,0x00, 0x86,0x00, 0x86,0x00, 0x86,0x00, 0x66,0x00, 0x4B,0x11, 0x2A,0x09, 0x65,0x00, 0x86,0x00, 0x86,0x00, 0xA7,0x00, 0xAC,0x11,
 0x09,0x09, 0xA7,0x00, 0x86,0x00, 0x6B,0x09, 0x4A,0x09, 0x87,0x00, 0xA7,0x00, 0xA7,0x00, 0xA7,0x00, 0xA7,0x00, 0xA8,0x00, 0xC8,0x00,
 0xC8,0x00, 0xC8,0x00, 0xC8,0x00, 0xC8,0x00, 0xC8,0x00, 0x4B,0x09, 0x2A,0x09, 0xE8,0x00, 0xC8,0x00, 0x6B,0x09, 0x19,0x14, 0x3B,0x14,
 0x5B,0x14, 0x5B,0x14, 0x5B,0x14, 0x7B,0x14, 0x7B,0x14, 0x7B,0x14, 0x19,0x14, 0x96,0x1B, 0xB6,0x1B, 0xB6,0x13, 0xB6,0x0B, 0x16,0x14,
 0xB7,0x14, 0x1A,0x16, 0x7D,0x1F, 0xFF,0x1F, 0xDF,0x1F, 0x9E,0x1F, 0x1A,0x16, 0x34,0x04, 0x71,0x0B, 0x59,0x25, 0x96,0x24, 0xCD,0x09,
 0x6C,0x01, 0xAD,0x09, 0xAE,0x09, 0xAE,0x09, 0x8E,0x09, 0x8E,0x09, 0x6F,0x09, 0x6F,0x09, 0xEF,0x08, 0x52,0x22, 0xBF,0x6F, 0xDF,0x4E,
 0x7F,0x46, 0x9F,0x46, 0x9F,0x46, 0x1E,0x67, 0x3D,0x9F, 0x7B,0x34, 0x9D,0x2C, 0xDE,0x34, 0xFE,0x34, 0x1E,0x35, 0x1F,0x3E, 0x35,0x23,
 0x8D,0x08, 0x2F,0x09, 0x2F,0x09, 0x2F,0x09, 0x2E,0x09, 0x2E,0x09, 0x2E,0x09, 0x2E,0x09, 0x4E,0x09, 0x4E,0x09, 0x4F,0x09, 0x4F,0x09,
 0x4F,0x11, 0xAF,0x00, 0xF5,0x53, 0xFF,0xAF, 0x9E,0x6F, 0x9F,0x6F, 0xBF,0x6F, 0x9F,0x6F, 0xDE,0x97, 0xDD,0x9E, 0x9D,0x24, 0xFE,0x2C,
 0xFE,0x2C, 0x5F,0x2D, 0x5B,0x2C, 0xD9,0x23, 0x5F,0x2D, 0xFE,0x2C, 0xFE,0x2C, 0x9D,0x1C, 0xDC,0x75, 0xFE,0xB7, 0xDE,0x7F, 0xDE,0x87,
 0xFF,0x87, 0xDE,0x7F, 0xFF,0xAF, 0x1A,0x9E, 0xCF,0x00, 0x50,0x11, 0x50,0x09, 0x50,0x11, 0x4F,0x09, 0x4F,0x09, 0x4F,0x09, 0x4F,0x09,
 0x4F,0x09, 0x4F,0x09, 0x30,0x09, 0xCF,0x00, 0xB0,0x11, 0x76,0x5C, 0x5D,0xA7, 0xFF,0xBF, 0xDF,0xA7, 0x7E,0x6F, 0xDF,0x57, 0xB9,0x45,
 0x6F,0x19, 0xCE,0x08, 0x90,0x11, 0xD0,0x11, 0xF1,0x11, 0x11,0x12, 0x31,0x12, 0x72,0x12, 0xD2,0x12, 0x34,0x1B, 0x94,0x1B, 0xF4,0x13,
 0xB6,0x1C, 0x7B,0x36, 0x5E,0x47, 0xBE,0x67, 0xBE,0x77, 0x7F,0x7F, 0x7F,0x87, 0x7F,0x87, 0x5F,0x87, 0x7E,0x7F, 0x9E,0x4F, 0xBD,0x36,
 0xBA,0x2D, 0x97,0x24, 0xD5,0x23, 0xD2,0x1A, 0x91,0x1A, 0x54,0x23, 0x13,0x23, 0x15,0x33, 0xD3,0x29, 0x16,0x42, 0x92,0x31, 0x4F,0x21,
 0x53,0x32, 0x0D,0x19, 0xEA,0x18, 0xEA,0x18, 0xCA,0x18, 0xCA,0x10, 0xCA,0x10, 0xCA,0x10, 0xCA,0x18, 0xEA,0x18, 0xEA,0x10, 0xCA,0x18,
 0xCA,0x18, 0xCA,0x18, 0x2D,0x21, 0x10,0x22, 0xAF,0x19, 0xEB,0x18, 0xA9,0x10, 0xA9,0x10, 0xA9,0x18, 0xA9,0x18, 0xA9,0x10, 0xA9,0x10,
 0xAA,0x10, 0xA9,0x10, 0xA9,0x18, 0xA9,0x10, 0xA9,0x10, 0x68,0x10, 0x6D,0x19, 0xCE,0x21, 0x8E,0x21, 0xCA,0x18, 0x68,0x10, 0x2C,0x19,
 0x2C,0x19, 0x48,0x10, 0xEB,0x18, 0x2C,0x19, 0x68,0x10, 0xA9,0x10, 0x4D,0x19, 0x88,0x10, 0x67,0x10, 0x0B,0x19, 0xCA,0x10, 0x67,0x10,

 0x66,0x00, 0x66,0x00, 0x66,0x00, 0x66,0x00, 0x66,0x00, 0x65,0x00, 0x09,0x09, 0xA7,0x00, 0xE9,0x08, 0xC8,0x08, 0x66,0x00, 0x86,0x00,
 0x86,0x00, 0x86,0x00, 0x86,0x00, 0x66,0x00, 0x4B,0x11, 0x2A,0x09, 0x45,0x00, 0x86,0x00, 0x86,0x00, 0x87,0x00, 0x8C,0x11, 0x09,0x09,
 0x86,0x00, 0xA7,0x00, 0xA7,0x00, 0xED,0x19, 0x09,0x09, 0x87,0x00, 0xA7,0x00, 0xA7,0x08, 0xA7,0x00, 0xA8,0x00, 0xA8,0x00, 0xC8,0x00,
 0xC8,0x00, 0xC8,0x00, 0xC8,0x00, 0xA8,0x00, 0x09,0x09, 0x4B,0x09, 0xC8,0x00, 0xE8,0x00, 0xC8,0x00, 0x4B,0x09, 0xB9,0x13, 0xDA,0x13,
 0xDA,0x13, 0xBA,0x13, 0xDA,0x13, 0xFA,0x13, 0xDA,0x13, 0x9B,0x24, 0x19,0x1C, 0xD7,0x1B, 0xF7,0x1B, 0xF7,0x13, 0x17,0x14, 0x97,0x14,
 0xDA,0x15, 0x5D,0x1F, 0xFF,0x1F, 0xFF,0x1F, 0xDF,0x1F, 0x9B,0x16, 0xB5,0x0C, 0xD2,0x0B, 0x79,0x25, 0x97,0x24, 0xAD,0x09, 0x8C,0x09,
 0xAD,0x09, 0xAE,0x09, 0x8E,0x09, 0x8E,0x09, 0x8E,0x09, 0x6E,0x09, 0x6F,0x09, 0x70,0x11, 0xCF,0x00, 0x79,0x4D, 0x7F,0x57, 0x7E,0x46,
 0x7F,0x46, 0x9F,0x46, 0x9F,0x46, 0x9E,0x8F, 0x3C,0x4D, 0x3D,0x24, 0xBD,0x34, 0xDE,0x34, 0xDE,0x34, 0xDF,0x3D, 0xF7,0x2B, 0xAE,0x00,
 0x2F,0x09, 0x2F,0x09, 0x2E,0x09, 0x2E,0x09, 0x2E,0x09, 0x2D,0x09, 0x2E,0x09, 0x2D,0x09, 0x2E,0x09, 0x2E,0x09, 0x4F,0x09, 0x4F,0x09,
 0x0F,0x09, 0x90,0x19, 0x7E,0xA7, 0xDF,0x7F, 0x9E,0x67, 0x9F,0x6F, 0x9F,0x67, 0x9E,0x6F, 0xBE,0xB7, 0x3C,0x4D, 0xBE,0x24, 0xFE,0x2C,
 0xFE,0x2C, 0xBF,0x35, 0x54,0x1A, 0x70,0x11, 0x5E,0x35, 0x1E,0x2D, 0xFE,0x2C, 0xDE,0x2C, 0xDC,0x3C, 0x7D,0xBF, 0xDE,0x87, 0xDF,0x7F,
 0xDF,0x87, 0xDE,0x7F, 0xDF,0x8F, 0xFF,0xC7, 0x93,0x3A, 0xF0,0x00, 0x50,0x11, 0x50,0x09, 0x50,0x09, 0x50,0x09, 0x50,0x09, 0x4F,0x11,
 0x2F,0x09, 0xAE,0x00, 0x6F,0x11, 0x36,0x5C, 0x3D,0xA7, 0xFF,0xC7, 0xFF,0xBF, 0x7E,0x8F, 0xBE,0x67, 0xBE,0x5F, 0x97,0x44, 0xEE,0x08,
 0xED,0x08, 0x4E,0x11, 0x4E,0x09, 0x6E,0x09, 0xD0,0x09, 0x11,0x0A, 0x31,0x12, 0x71,0x12, 0xD2,0x12, 0x12,0x13, 0x73,0x1B, 0x15,0x14,
 0xD6,0x1C, 0xB8,0x25, 0xFC,0x3E, 0xBE,0x4F, 0xDE,0x6F, 0xBE,0x7F, 0x7E,0x7F, 0x7E,0x87, 0x5E,0x87, 0x9E,0x7F, 0xBE,0x4F, 0xDD,0x3E,
 0xFB,0x2D, 0xB8,0x24, 0xB4,0x23, 0xB1,0x1A, 0x54,0x23, 0xD2,0x22, 0xB0,0x19, 0x54,0x2A, 0xB9,0x53, 0x13,0x32, 0x4F,0x29, 0x6F,0x21,
 0x53,0x2A, 0x2D,0x19, 0xEA,0x18, 0xEA,0x18, 0xCA,0x10, 0xCA,0x10, 0xCA,0x10, 0xCA,0x10, 0xCA,0x10, 0xCA,0x10, 0xCA,0x18, 0xCA,0x18,
 0xCA,0x10, 0xCA,0x10, 0xEB,0x18, 0x0C,0x19, 0xEB,0x18, 0xA9,0x10, 0xC9,0x10, 0xCA,0x10, 0xA9,0x10, 0xA9,0x10, 0xA9,0x10, 0xA9,0x10,
 0xA9,0x10, 0xA9,0x10, 0xA9,0x18, 0xA9,0x10, 0x68,0x10, 0x8D,0x19, 0xEF,0x21, 0x68,0x10, 0x8E,0x21, 0xCA,0x18, 0x68,0x10, 0x2C,0x19,
 0x2C,0x19, 0x68,0x10, 0xEB,0x18, 0x2C,0x19, 0x67,0x10, 0xA8,0x10, 0x4D,0x19, 0x88,0x10, 0x68,0x10, 0x0B,0x19, 0xCA,0x10, 0x67,0x10,

 0x66,0x00, 0x66,0x00, 0x66,0x00, 0x66,0x00, 0x66,0x00, 0x66,0x00, 0x86,0x00, 0x09,0x09, 0xE8,0x08, 0x66,0x00, 0x86,0x00, 0x86,0x00,
 0x66,0x00, 0x86,0x00, 0x66,0x00, 0x4B,0x11, 0x2A,0x09, 0x65,0x00, 0x86,0x00, 0x86,0x00, 0xA7,0x00, 0x8C,0x11, 0xE8,0x08, 0x66,0x00,
 0x87,0x00, 0xA7,0x00, 0xCD,0x11, 0x4A,0x09, 0x87,0x00, 0xA8,0x00, 0xA8,0x00, 0xA8,0x00, 0xA8,0x00, 0xA8,0x00, 0xC8,0x00, 0xC8,0x00,
 0xC8,0x00, 0xC8,0x00, 0xC8,0x00, 0xE9,0x00, 0x6B,0x11, 0xE8,0x00, 0xC8,0x00, 0xC8,0x00, 0xC8,0x00, 0x4B,0x09, 0x78,0x1B, 0x59,0x13,
 0x59,0x13, 0x38,0x13, 0x58,0x13, 0x78,0x13, 0x58,0x13, 0xF9,0x23, 0xF7,0x1B, 0x17,0x1C, 0x37,0x1C, 0x78,0x1C, 0x98,0x14, 0x79,0x15,
 0xDC,0x16, 0xBE,0x1F, 0xFF,0x1F, 0xFF,0x1F, 0xBB,0x16, 0xD6,0x04, 0xF3,0x0B, 0xBA,0x25, 0xB7,0x24, 0xCD,0x09, 0x8D,0x09, 0xAE,0x09,
 0xAE,0x09, 0x8D,0x09, 0x8D,0x09, 0x8E,0x09, 0x6E,0x09, 0x6F,0x09, 0x6F,0x11, 0xEF,0x08, 0x52,0x22, 0x7F,0x67, 0x7F,0x46, 0x3F,0x46,
 0x5F,0x46, 0x3F,0x3E, 0x1E,0x6F, 0x7C,0x76, 0x1C,0x24, 0x9D,0x34, 0x9E,0x34, 0xBE,0x34, 0x7F,0x3D, 0xBA,0x34, 0xEE,0x08, 0x0F,0x09,
 0x2F,0x09, 0x2E,0x09, 0x2E,0x09, 0x4D,0x09, 0x2D,0x09, 0x2D,0x09, 0x2D,0x09, 0x2D,0x09, 0x2D,0x09, 0x2E,0x09, 0x2F,0x09, 0x4F,0x09,
 0xAE,0x00, 0x38,0x75, 0xFF,0x9F, 0x7E,0x67, 0x9F,0x6F, 0x9F,0x67, 0x7E,0x5F, 0xDE,0x9F, 0x5C,0x86, 0x9D,0x1C, 0xFE,0x2C, 0xFE,0x2C,
 0x7F,0x35, 0x7A,0x2C, 0xEF,0x08, 0xCE,0x08, 0xF9,0x2B, 0x7F,0x35, 0x1E,0x2D, 0xFE,0x2C, 0x9D,0x24, 0x1C,0x86, 0xFE,0xAF, 0xBE,0x77,
 0xDF,0x7F, 0xDE,0x7F, 0xBE,0x87, 0xFF,0xBF, 0x3A,0x9E, 0xF0,0x08, 0x51,0x11, 0x50,0x11, 0x50,0x09, 0x50,0x11, 0x30,0x09, 0xAE,0x00,
 0x2F,0x09, 0x15,0x4C, 0x1C,0x97, 0xFF,0xB7, 0xFF,0xB7, 0x9E,0x9F, 0x5E,0x77, 0xFF,0x5F, 0xDC,0x5E, 0xB2,0x2A, 0xEF,0x08, 0xF2,0x11,
 0xB0,0x11, 0x2D,0x09, 0x2D,0x09, 0x4D,0x09, 0x6E,0x09, 0xD0,0x11, 0x31,0x12, 0x72,0x12, 0x91,0x12, 0xD1,0x12, 0x73,0x1B, 0x14,0x14,
 0xB6,0x1C, 0x78,0x25, 0x3A,0x2E, 0x3D,0x3F, 0xDE,0x57, 0xBE,0x77, 0xBE,0x7F, 0x9E,0x87, 0x9E,0x87, 0xDF,0x77, 0x9E,0x57, 0x9C,0x3E,
 0xBA,0x2D, 0x97,0x24, 0xB5,0x2B, 0xD2,0x22, 0x50,0x1A, 0xCF,0x19, 0x74,0x2A, 0xB9,0x53, 0x54,0x32, 0x4F,0x19, 0x4D,0x19, 0x4D,0x21,
 0xAA,0x10, 0xEA,0x18, 0xCA,0x10, 0xCA,0x10, 0xCA,0x10, 0xCA,0x10, 0xCA,0x10, 0xCA,0x10, 0xCA,0x10, 0xCA,0x10, 0xCA,0x18, 0xCA,0x18,
 0xCA,0x10, 0xCA,0x10, 0xCA,0x10, 0xCA,0x18, 0xA9,0x10, 0xA9,0x10, 0xCA,0x10, 0xA9,0x10, 0xA9,0x10, 0xA9,0x10, 0xA9,0x10, 0xA9,0x18,
 0xA9,0x10, 0xA9,0x10, 0xAA,0x18, 0x68,0x10, 0x8D,0x19, 0x0F,0x22, 0x69,0x10, 0x89,0x10, 0x8E,0x21, 0xAA,0x18, 0x69,0x10, 0x2C,0x19,
 0x2C,0x19, 0x68,0x10, 0xEB,0x10, 0x2C,0x19, 0x67,0x10, 0x89,0x10, 0x4D,0x19, 0x88,0x10, 0x67,0x10, 0x0B,0x19, 0xCA,0x10, 0x67,0x10,

 0x45,0x00, 0x65,0x00, 0x65,0x00, 0x45,0x00, 0x65,0x00, 0x65,0x00, 0x45,0x00, 0x45,0x00, 0x45,0x00, 0x86,0x00, 0x66,0x00, 0x66,0x00,
 0x66,0x00, 0x45,0x00, 0x4B,0x11, 0x2A,0x09, 0x45,0x00, 0x86,0x00, 0x66,0x00, 0x87,0x00, 0x8B,0x11, 0xE8,0x00, 0x66,0x00, 0x86,0x00,
 0x86,0x00, 0xAC,0x11, 0x2A,0x09, 0x66,0x00, 0xA7,0x00, 0xA8,0x00, 0xA8,0x00, 0xA8,0x00, 0xA8,0x00, 0xA8,0x00, 0xA8,0x00, 0xC8,0x00,
 0xC8,0x00, 0xC8,0x00, 0xC8,0x00, 0x4B,0x11, 0x0A,0x09, 0xC8,0x00, 0xE8,0x00, 0xE8,0x00, 0xC8,0x00, 0x2A,0x09, 0x16,0x13, 0x17,0x13,
 0xF7,0x12, 0xD6,0x12, 0xF6,0x12, 0xF6,0x12, 0x16,0x1B, 0xB3,0x12, 0x53,0x13, 0x57,0x1C, 0x78,0x1C, 0xD9,0x1C, 0x18,0x0D, 0x3A,0x16,
 0x5D,0x1F, 0xFF,0x1F, 0xBE,0x1F, 0x7B,0x16, 0xB5,0x04, 0xD2,0x0B, 0x99,0x25, 0xD7,0x24, 0xCD,0x09, 0xAD,0x09, 0xCE,0x09, 0xAE,0x09,
 0x8D,0x09, 0x8D,0x09, 0x8D,0x09, 0x6E,0x09, 0x6E,0x09, 0x4E,0x09, 0x2F,0x11, 0x8E,0x08, 0xF8,0x4C, 0x5F,0x5F, 0xFE,0x45, 0x1F,0x46,
 0x1F,0x46, 0x3E,0x46, 0x5E,0x8F, 0x7B,0x34, 0x3C,0x2C, 0x7D,0x34, 0x9E,0x34, 0x1F,0x35, 0x7E,0x3D, 0xB0,0x11, 0xEE,0x08, 0x2F,0x09,
 0x2E,0x09, 0x2D,0x09, 0x2D,0x09, 0x4D,0x09, 0x2D,0x09, 0x2D,0x09, 0x2D,0x09, 0x2D,0x09, 0x2E,0x09, 0x2E,0x09, 0x2F,0x09, 0xAF,0x00,
 0x72,0x32, 0xDF,0xA7, 0xBE,0x6F, 0x7F,0x67, 0x7F,0x6F, 0x7F,0x67, 0x9E,0x77, 0x7E,0xAF, 0xFC,0x34, 0xDE,0x24, 0x1E,0x2D, 0x1F,0x2D,
 0x9F,0x35, 0x12,0x1A, 0xCF,0x08, 0xCE,0x08, 0x33,0x1A, 0x9F,0x35, 0x1E,0x2D, 0xFE,0x2C, 0xDD,0x24, 0xDB,0x3C, 0x7D,0xBF, 0xDE,0x87,
 0xBE,0x77, 0xFF,0x8F, 0xFF,0xAF, 0xFC,0x9E, 0xB5,0x53, 0x10,0x09, 0x30,0x11, 0x50,0x11, 0x30,0x09, 0xCF,0x00, 0x30,0x11, 0x94,0x4B,
 0xBC,0x8E, 0xFF,0xA7, 0xFF,0xA7, 0xBE,0x97, 0x3E,0x77, 0x3E,0x4F, 0xDF,0x5F, 0x79,0x4D, 0x50,0x11, 0xAE,0x00, 0x2E,0x09, 0x2E,0x09,
 0xF1,0x09, 0xF0,0x09, 0x2D,0x09, 0x2C,0x09, 0x6D,0x09, 0x6D,0x09, 0xEF,0x11, 0x50,0x12, 0x4F,0x12, 0xB0,0x12, 0x32,0x1B, 0xD3,0x13,
 0x55,0x1C, 0xF7,0x24, 0xB9,0x2D, 0x7B,0x36, 0x5D,0x47, 0xBE,0x5F, 0xBE,0x77, 0xBE,0x7F, 0x9E,0x77, 0x9E,0x67, 0xDE,0x57, 0x7C,0x3E,
 0x59,0x2D, 0x77,0x24, 0x94,0x2B, 0xD2,0x22, 0x31,0x22, 0x12,0x22, 0x58,0x43, 0x13,0x2A, 0x2E,0x19, 0xAF,0x19, 0x10,0x1A, 0x4C,0x19,
 0x2C,0x19, 0xCA,0x10, 0xCA,0x10, 0xCA,0x10, 0xCA,0x10, 0xCA,0x10, 0xCA,0x10, 0xCA,0x10, 0xCA,0x10, 0xCA,0x10, 0xCA,0x10, 0xCA,0x10,
 0xCA,0x10, 0xCA,0x10, 0xCA,0x10, 0xC9,0x10, 0xAA,0x10, 0xA9,0x10, 0xA9,0x10, 0xA9,0x10, 0xA9,0x10, 0xA9,0x10, 0xA9,0x18, 0xA9,0x10,
 0xA9,0x10, 0xA9,0x18, 0x68,0x10, 0xAD,0x19, 0x0F,0x22, 0x69,0x10, 0x89,0x18, 0x89,0x10, 0x8E,0x19, 0xAA,0x18, 0x68,0x10, 0x2C,0x11,
 0x2C,0x11, 0x67,0x10, 0xEB,0x10, 0x2C,0x19, 0x67,0x10, 0x88,0x10, 0x4D,0x19, 0x88,0x10, 0x67,0x08, 0x0B,0x11, 0xCA,0x10, 0x67,0x10,

 0xA7,0x00, 0xA8,0x00, 0xA7,0x00, 0xA7,0x00, 0xA7,0x00, 0xA7,0x00, 0xA8,0x00, 0xA8,0x00, 0xA8,0x08, 0xC8,0x08, 0xC8,0x08, 0xC8,0x08,
 0xC8,0x00, 0x2B,0x11, 0x0A,0x09, 0x45,0x00, 0x86,0x00, 0x66,0x00, 0x87,0x00, 0x8B,0x11, 0xC8,0x00, 0x66,0x00, 0x86,0x00, 0x86,0x00,
 0xAC,0x11, 0x2A,0x09, 0x66,0x00, 0xA7,0x00, 0xA7,0x00, 0xA7,0x00, 0xA8,0x08, 0xA8,0x00, 0xA8,0x00, 0xA8,0x00, 0xA8,0x00, 0xC8,0x00,
 0xC8,0x00, 0xC7,0x00, 0x0A,0x09, 0x4B,0x11, 0xA8,0x00, 0xE8,0x00, 0xE8,0x00, 0xE8,0x00, 0xC8,0x00, 0x2A,0x09, 0xD4,0x1A, 0xB5,0x12,
 0xB5,0x12, 0xB5,0x12, 0xB5,0x1A, 0xB5,0x1A, 0xB4,0x1A, 0x2F,0x12, 0x52,0x13, 0x98,0x1C, 0xB8,0x1C, 0xB7,0x0C, 0x58,0x0D, 0x9B,0x16,
 0xFF,0x27, 0x9E,0x1F, 0x19,0x16, 0x95,0x04, 0x92,0x03, 0x78,0x25, 0xB7,0x24, 0xAC,0x09, 0xAC,0x09, 0xCE,0x09, 0xCE,0x09, 0xAD,0x09,
 0x8D,0x09, 0x8D,0x09, 0x6D,0x09, 0x6E,0x09, 0x4E,0x09, 0x0E,0x09, 0xEE,0x08, 0x90,0x19, 0xFE,0x5E, 0x7F,0x46, 0xDF,0x45, 0x1F,0x46,
 0xFF,0x3D, 0xFE,0x6E, 0x3C,0x6E, 0xDB,0x23, 0x5C,0x34, 0x7D,0x34, 0x9E,0x34, 0x9F,0x3D, 0x35,0x23, 0xAD,0x08, 0x2F,0x09, 0x0E,0x09,
 0x2D,0x09, 0x2D,0x09, 0x2D,0x09, 0x2D,0x09, 0x2D,0x09, 0x2D,0x09, 0x2D,0x09, 0x2D,0x09, 0x2E,0x09, 0x2E,0x09, 0x0F,0x09, 0xCE,0x00,
 0x5B,0x8E, 0xFF,0x87, 0x7E,0x5F, 0x7F,0x67, 0x7F,0x67, 0x5E,0x5F, 0xDE,0xA7, 0xDC,0x6D, 0x9D,0x1C, 0xFE,0x2C, 0x1E,0x2D, 0xBF,0x35,
 0xF9,0x2B, 0xAE,0x08, 0x30,0x09, 0x0F,0x09, 0x0F,0x11, 0x9B,0x34, 0x7F,0x2D, 0x1E,0x2D, 0x1E,0x2D, 0xBD,0x24, 0x3C,0x86, 0xFE,0xC7,
 0xFF,0xB7, 0x5D,0xAF, 0x35,0x64, 0x2F,0x11, 0x6E,0x00, 0x30,0x09, 0x30,0x09, 0xAF,0x00, 0x10,0x09, 0xB5,0x4B, 0xBC,0x96, 0xFF,0xAF,
 0xFF,0x9F, 0xBE,0x97, 0x7E,0x7F, 0xFE,0x4E, 0x7F,0x3F, 0x5E,0x57, 0xB4,0x33, 0xAE,0x08, 0xEF,0x08, 0x2F,0x09, 0x2E,0x09, 0x0D,0x09,
 0x0D,0x09, 0xAF,0x09, 0x31,0x12, 0x8E,0x09, 0x2C,0x09, 0x6C,0x09, 0x8D,0x09, 0xEE,0x09, 0x2F,0x0A, 0x90,0x12, 0xF1,0x1A, 0x73,0x13,
 0x14,0x1C, 0x96,0x1C, 0x38,0x25, 0xD9,0x2D, 0x7B,0x36, 0x1D,0x3F, 0x9E,0x57, 0x5D,0x5F, 0x3D,0x57, 0xFD,0x46, 0x3D,0x4F, 0x7E,0x4F,
 0x39,0x2D, 0x36,0x24, 0x74,0x23, 0xB2,0x22, 0x32,0x22, 0x34,0x2A, 0xB1,0x21, 0x4E,0x19, 0x10,0x1A, 0xB3,0x22, 0xCE,0x19, 0x0B,0x11,
 0x2B,0x19, 0x0B,0x11, 0xCA,0x10, 0xCA,0x10, 0xCA,0x10, 0xCA,0x10, 0xCA,0x10, 0xCA,0x10, 0xCA,0x10, 0xCA,0x10, 0xCA,0x10, 0xCA,0x10,
 0xCA,0x10, 0xCA,0x10, 0xAA,0x10, 0xA9,0x10, 0xA9,0x10, 0xA9,0x10, 0xA9,0x10, 0xA9,0x10, 0xA9,0x10, 0xA9,0x10, 0xA9,0x10, 0xA9,0x10,
 0xA9,0x10, 0x68,0x10, 0xAD,0x19, 0x0F,0x22, 0x68,0x10, 0x89,0x10, 0x89,0x10, 0x88,0x10, 0x8E,0x19, 0xCA,0x10, 0x68,0x10, 0x2C,0x11,
 0x2C,0x11, 0x47,0x08, 0xEB,0x10, 0x2C,0x19, 0x67,0x10, 0x88,0x10, 0x4D,0x19, 0x88,0x10, 0x67,0x08, 0x0B,0x11, 0xCA,0x10, 0x67,0x10,

 0xEA,0x08, 0xEA,0x08, 0xEA,0x08, 0xEA,0x08, 0xEA,0x08, 0xEA,0x08, 0xE9,0x08, 0xE9,0x08, 0xEA,0x08, 0x0A,0x09, 0x09,0x09, 0x0A,0x09,
 0x2A,0x09, 0xE9,0x08, 0x66,0x00, 0x86,0x00, 0x66,0x00, 0x87,0x00, 0x6B,0x11, 0xC8,0x00, 0x66,0x00, 0x86,0x00, 0x86,0x00, 0x8C,0x11,
 0x2A,0x09, 0x66,0x00, 0xA7,0x00, 0xA7,0x00, 0xA7,0x00, 0xA7,0x00, 0xA8,0x00, 0xA8,0x08, 0xC8,0x08, 0xC8,0x00, 0xA7,0x00, 0xC8,0x00,
 0xC8,0x00, 0xC8,0x00, 0x4B,0x11, 0xC8,0x00, 0xC8,0x00, 0xC8,0x00, 0xC8,0x00, 0xC8,0x00, 0xC8,0x00, 0x4B,0x09, 0x73,0x1A, 0x53,0x12,
 0x53,0x12, 0x53,0x1A, 0x74,0x1A, 0x53,0x1A, 0x52,0x1A, 0x0E,0x12, 0x52,0x13, 0xF8,0x1C, 0x34,0x0C, 0x54,0x04, 0x98,0x0D, 0x9E,0x27,
 0x3D,0x27, 0x98,0x0D, 0x95,0x0C, 0x71,0x03, 0xF7,0x24, 0xF7,0x24, 0xCC,0x09, 0x6B,0x09, 0x10,0x12, 0xEF,0x11, 0xAD,0x09, 0x8D,0x09,
 0x6D,0x09, 0x6D,0x09, 0x6D,0x09, 0x4D,0x09, 0x0D,0x09, 0x2E,0x11, 0x8D,0x08, 0x74,0x2B, 0x5F,0x57, 0xDE,0x3D, 0xDF,0x45, 0xFF,0x45,
 0x1F,0x46, 0x5E,0x87, 0xBB,0x44, 0x1C,0x2C, 0x5D,0x34, 0x7D,0x34, 0x1F,0x3D, 0xDB,0x3C, 0x0E,0x09, 0x0F,0x09, 0x0E,0x09, 0x2D,0x09,
 0x2D,0x09, 0x2D,0x09, 0x2D,0x09, 0x2C,0x09, 0x2C,0x09, 0x2D,0x09, 0x2D,0x09, 0x2D,0x09, 0x2E,0x09, 0x2F,0x09, 0x8D,0x00, 0x94,0x4B,
 0xFF,0x9F, 0x7E,0x67, 0x5F,0x67, 0x5E,0x67, 0x5E,0x5F, 0x9E,0x7F, 0x1D,0xA7, 0x9C,0x24, 0xDE,0x2C, 0xFE,0x2C, 0x3F,0x2D, 0x5E,0x35,
 0x91,0x11, 0xEF,0x08, 0x30,0x09, 0x30,0x09, 0xEF,0x08, 0x74,0x1A, 0xBF,0x35, 0x5E,0x2D, 0x3E,0x35, 0x1E,0x2D, 0x9D,0x45, 0x7D,0xC7,
 0xD7,0x7C, 0x70,0x19, 0x8E,0x00, 0x0F,0x09, 0x30,0x09, 0x8E,0x00, 0xEF,0x08, 0x54,0x43, 0x9B,0x86, 0xFF,0xA7, 0xFF,0x97, 0xBE,0x97,
 0xBE,0x97, 0x1E,0x67, 0xDE,0x3E, 0xBF,0x4F, 0x5B,0x4E, 0xF0,0x19, 0x8D,0x00, 0x2F,0x11, 0x2E,0x09, 0x0E,0x09, 0x2E,0x09, 0x2D,0x09,
 0x2D,0x09, 0x0C,0x09, 0x8E,0x09, 0x51,0x12, 0xEE,0x11, 0x4B,0x09, 0x8C,0x09, 0xCD,0x09, 0x0E,0x0A, 0x4F,0x12, 0xB0,0x1A, 0x32,0x1B,
 0xB3,0x1B, 0x35,0x1C, 0xB7,0x24, 0x38,0x25, 0xB9,0x2D, 0xFA,0x2D, 0xBC,0x36, 0x1D,0x47, 0x5B,0x3E, 0x1B,0x3E, 0xB9,0x35, 0xBC,0x3E,
 0xFD,0x46, 0xF6,0x23, 0x54,0x23, 0xB3,0x22, 0x74,0x32, 0xF2,0x29, 0x6E,0x19, 0x30,0x1A, 0x91,0x1A, 0x4C,0x19, 0xCA,0x10, 0x6D,0x11,
 0xAE,0x19, 0x0B,0x11, 0xEA,0x10, 0xCA,0x10, 0xCA,0x10, 0xCA,0x10, 0xCA,0x10, 0xCA,0x10, 0xCA,0x10, 0xCA,0x10, 0xCA,0x10, 0xA9,0x10,
 0xC9,0x10, 0xC9,0x10, 0xC9,0x10, 0xA9,0x10, 0xC9,0x10, 0xCA,0x10, 0xAA,0x10, 0xA9,0x10, 0xA9,0x10, 0xA9,0x10, 0xA9,0x10, 0xA9,0x10,
 0x68,0x10, 0x8D,0x19, 0x2F,0x22, 0x88,0x10, 0x89,0x10, 0x89,0x10, 0x88,0x10, 0x89,0x10, 0x8E,0x19, 0xCA,0x10, 0x68,0x10, 0x2C,0x11,
 0x2C,0x11, 0x47,0x08, 0xEA,0x10, 0x2B,0x19, 0x67,0x08, 0x88,0x10, 0x4D,0x19, 0x88,0x10, 0x67,0x08, 0x0B,0x19, 0xCA,0x10, 0x67,0x10,

 0x25,0x00, 0x25,0x00, 0x25,0x00, 0x45,0x00, 0x45,0x00, 0x45,0x00, 0x45,0x00, 0x45,0x00, 0x45,0x00, 0x45,0x00, 0x45,0x00, 0x45,0x00,
 0x45,0x00, 0x45,0x00, 0x66,0x00, 0x66,0x00, 0x87,0x00, 0x6B,0x11, 0xC8,0x00, 0x66,0x00, 0x86,0x00, 0x86,0x00, 0x8C,0x11, 0x2A,0x09,
 0x66,0x00, 0x87,0x00, 0x87,0x00, 0xA7,0x00, 0xA7,0x00, 0xA7,0x00, 0xA8,0x00, 0xA8,0x00, 0xA8,0x08, 0xA8,0x00, 0xA8,0x00, 0xA8,0x00,
 0xA7,0x00, 0x2A,0x09, 0x0A,0x09, 0xA7,0x00, 0xC8,0x00, 0xC8,0x00, 0xC8,0x00, 0xC8,0x00, 0xE9,0x08, 0x4A,0x09, 0x10,0x12, 0x11,0x12,
 0x12,0x12, 0x12,0x12, 0x32,0x1A, 0xF1,0x11, 0x0F,0x12, 0x8B,0x09, 0x92,0x13, 0x96,0x1C, 0x91,0x03, 0x53,0x0C, 0xBB,0x1E, 0x3D,0x27,
 0xF6,0x14, 0x34,0x0C, 0x71,0x03, 0xD7,0x1C, 0x38,0x25, 0x0D,0x0A, 0x6B,0x01, 0xCD,0x09, 0xF0,0x11, 0xAD,0x09, 0x8D,0x09, 0x6D,0x09,
 0x6D,0x09, 0x6D,0x09, 0x2D,0x09, 0x0D,0x09, 0x0D,0x09, 0x0E,0x11, 0xAE,0x08, 0x59,0x45, 0xBF,0x4E, 0x9E,0x3D, 0x9F,0x45, 0xBF,0x3D,
 0x9E,0x5E, 0x9D,0x76, 0xDB,0x2B, 0x3C,0x34, 0x5C,0x34, 0x7E,0x34, 0x5F,0x45, 0x52,0x1A, 0xAD,0x00, 0x2E,0x09, 0x0E,0x09, 0x2D,0x09,
 0x2D,0x09, 0x2C,0x09, 0x2C,0x09, 0x2C,0x09, 0x2C,0x09, 0x2D,0x09, 0x2D,0x09, 0x2E,0x09, 0x2E,0x09, 0xEE,0x00, 0x6F,0x19, 0x5D,0x97,
 0xBF,0x77, 0x5E,0x5F, 0x3F,0x5F, 0x5F,0x5F, 0x3E,0x5F, 0xBE,0xAF, 0x5C,0x55, 0x9E,0x24, 0xFE,0x2C, 0x1E,0x2D, 0xBF,0x35, 0x36,0x23,
 0xAF,0x08, 0x30,0x09, 0x30,0x09, 0x30,0x09, 0x30,0x09, 0xEE,0x08, 0xBB,0x34, 0xDF,0x35, 0xFF,0x3D, 0x9E,0x3D, 0xF8,0x2B, 0xD1,0x19,
 0x8F,0x00, 0xF0,0x08, 0x30,0x11, 0xAF,0x00, 0xAE,0x00, 0x13,0x33, 0x7B,0x7E, 0xFF,0x9F, 0xFF,0x8F, 0xBE,0x87, 0xBE,0x97, 0x5E,0x87,
 0xDE,0x4E, 0x3F,0x3F, 0xDF,0x57, 0x96,0x3C, 0xEE,0x08, 0xCE,0x00, 0x2F,0x09, 0x0E,0x09, 0x0E,0x09, 0x0D,0x09, 0x2D,0x09, 0x2D,0x09,
 0x2C,0x09, 0x2C,0x09, 0x2B,0x09, 0x6C,0x09, 0x51,0x12, 0x50,0x12, 0x8C,0x09, 0xAC,0x09, 0xEE,0x09, 0x2F,0x12, 0x6F,0x12, 0xD0,0x12,
 0x52,0x1B, 0xB3,0x1B, 0x14,0x1C, 0x96,0x24, 0xF7,0x24, 0x37,0x25, 0x78,0x25, 0x7C,0x36, 0x7C,0x36, 0x18,0x25, 0xD7,0x2C, 0x76,0x24,
 0xDC,0x3E, 0xFA,0x3D, 0xF4,0x1A, 0xD5,0x2A, 0x53,0x2A, 0xD0,0x19, 0x8E,0x19, 0x6D,0x11, 0x0B,0x11, 0xEA,0x10, 0xEF,0x11, 0x92,0x1A,
 0x6D,0x11, 0xEA,0x10, 0x0B,0x11, 0xCA,0x10, 0xCA,0x10, 0xCA,0x10, 0xCA,0x10, 0xCA,0x10, 0xCA,0x10, 0xCA,0x10, 0xC9,0x10, 0xC9,0x10,
 0xC9,0x10, 0xC9,0x10, 0xC9,0x10, 0xA9,0x10, 0xAA,0x10, 0xCA,0x18, 0xA9,0x10, 0xA9,0x10, 0xA9,0x10, 0xA9,0x10, 0xA9,0x10, 0x68,0x10,
 0xAD,0x19, 0x2F,0x22, 0x68,0x10, 0x88,0x10, 0x89,0x10, 0x88,0x10, 0x88,0x10, 0x88,0x10, 0x8E,0x19, 0xCA,0x10, 0x68,0x10, 0x2C,0x11,
 0x2C,0x11, 0x47,0x08, 0xEA,0x10, 0x2C,0x19, 0x67,0x10, 0x88,0x10, 0x4C,0x19, 0x88,0x10, 0x67,0x08, 0x0B,0x11, 0xCA,0x10, 0x67,0x10,

 0x87,0x00, 0x87,0x00, 0x87,0x00, 0x87,0x00, 0xA7,0x00, 0x87,0x00, 0xA7,0x00, 0xA7,0x00, 0xA7,0x00, 0xA8,0x00, 0xA8,0x00, 0xA8,0x08,
 0xC8,0x00, 0xC8,0x08, 0xC8,0x08, 0xC8,0x00, 0x6B,0x11, 0xC8,0x00, 0x66,0x00, 0x86,0x00, 0x86,0x00, 0x8B,0x11, 0x2A,0x09, 0x66,0x00,
 0x87,0x00, 0x87,0x00, 0x87,0x00, 0xA7,0x00, 0xA7,0x00, 0xA7,0x00, 0xA7,0x00, 0xA7,0x00, 0xA7,0x00, 0xA7,0x00, 0xA8,0x00, 0xA7,0x00,
 0xE9,0x00, 0x4B,0x11, 0xA7,0x00, 0xA7,0x00, 0xC8,0x00, 0xC8,0x00, 0xC8,0x00, 0xE9,0x00, 0x09,0x09, 0xE9,0x08, 0xCE,0x11, 0xCF,0x11,
 0xCF,0x11, 0xD0,0x11, 0xB0,0x11, 0x6C,0x09, 0x8B,0x01, 0xCB,0x09, 0xEF,0x0A, 0x30,0x0B, 0x71,0x03, 0x77,0x15, 0x1C,0x27, 0x95,0x0C,
 0xF3,0x0B, 0x30,0x03, 0x35,0x14, 0x99,0x2D, 0x6E,0x0A, 0x6B,0x01, 0xAC,0x09, 0xAD,0x09, 0x8C,0x09, 0x6C,0x09, 0x6C,0x09, 0x6C,0x09,
 0x6D,0x09, 0x2C,0x09, 0x0C,0x09, 0x0D,0x09, 0x0D,0x09, 0x0F,0x09, 0xD2,0x11, 0x7D,0x4E, 0x1F,0x46, 0x7F,0x3D, 0x7F,0x45, 0x7E,0x3D,
 0x1E,0x77, 0x3B,0x4D, 0xDB,0x2B, 0x3C,0x3C, 0x3D,0x34, 0xDF,0x3C, 0x7B,0x3C, 0xCD,0x08, 0x0D,0x09, 0x0D,0x09, 0x0D,0x09, 0x2D,0x09,
 0x2C,0x09, 0x2C,0x01, 0x2C,0x01, 0x2C,0x09, 0x2D,0x09, 0x2D,0x09, 0x2E,0x09, 0x2E,0x09, 0x4F,0x09, 0x8E,0x00, 0x38,0x6D, 0xFF,0x8F,
 0x3E,0x57, 0x3F,0x5F, 0x3F,0x5F, 0x1E,0x57, 0x9E,0x8F, 0x9C,0x8E, 0x5C,0x1C, 0xDE,0x2C, 0xFE,0x2C, 0x7F,0x35, 0xFC,0x34, 0x0F,0x09,
 0x0F,0x09, 0x30,0x09, 0x30,0x09, 0x30,0x09, 0x30,0x09, 0xCE,0x08, 0xB3,0x22, 0x3F,0x46, 0x59,0x34, 0x12,0x12, 0xCF,0x08, 0x10,0x09,
 0x50,0x11, 0xCF,0x00, 0xCF,0x00, 0xB2,0x32, 0x1A,0x7E, 0xFF,0x97, 0xFF,0x87, 0x9E,0x77, 0xBE,0x8F, 0x9E,0x8F, 0xFE,0x66, 0x9E,0x3E,
 0x9F,0x4F, 0x1D,0x5F, 0x13,0x2B, 0x8E,0x00, 0x0E,0x09, 0x2E,0x09, 0x0E,0x09, 0x0D,0x09, 0x0D,0x09, 0x0D,0x09, 0x0C,0x09, 0x2D,0x09,
 0x2C,0x09, 0x2C,0x09, 0x2C,0x09, 0x2B,0x09, 0x4B,0x09, 0x30,0x12, 0x71,0x12, 0x8C,0x09, 0xAC,0x09, 0xEE,0x11, 0x2E,0x12, 0x6F,0x12,
 0xD1,0x12, 0x31,0x13, 0x92,0x1B, 0xF4,0x1B, 0x75,0x1C, 0x95,0x1C, 0x95,0x1C, 0xB6,0x1C, 0xFB,0x35, 0x59,0x35, 0xF5,0x23, 0xD5,0x23,
 0xD5,0x23, 0xFD,0x4E, 0x98,0x34, 0x53,0x1A, 0x51,0x22, 0xCF,0x19, 0x8D,0x11, 0x4B,0x11, 0x2B,0x11, 0x50,0x12, 0x2F,0x1A, 0xEA,0x10,
 0xA9,0x08, 0x4B,0x11, 0x2B,0x11, 0xEA,0x10, 0xC9,0x10, 0xCA,0x10, 0xCA,0x10, 0xCA,0x10, 0xCA,0x10, 0xC9,0x10, 0xC9,0x10, 0xA9,0x10,
 0xA9,0x10, 0xA9,0x10, 0xC9,0x10, 0xC9,0x10, 0xA9,0x10, 0xCB,0x18, 0xA9,0x10, 0xA9,0x10, 0xA9,0x10, 0xA9,0x10, 0x68,0x08, 0xCD,0x19,
 0x50,0x22, 0x68,0x10, 0x89,0x10, 0x88,0x10, 0x88,0x10, 0x88,0x10, 0x88,0x10, 0x88,0x08, 0xAE,0x19, 0xCA,0x10, 0x68,0x08, 0x2C,0x11,
 0x2B,0x11, 0x47,0x08, 0xEB,0x10, 0x2B,0x11, 0x67,0x08, 0x88,0x10, 0x4C,0x19, 0x88,0x10, 0x67,0x08, 0x0B,0x11, 0xCA,0x10, 0x67,0x10,

 0xC8,0x08, 0xC8,0x08, 0xC9,0x08, 0xC8,0x08, 0xC8,0x08, 0xC8,0x08, 0xC8,0x08, 0xE9,0x08, 0xE9,0x08, 0x0A,0x09, 0x09,0x09, 0x09,0x09,
 0x09,0x09, 0x09,0x09, 0x09,0x09, 0x2A,0x09, 0xA8,0x00, 0x66,0x00, 0x86,0x00, 0x86,0x00, 0x8C,0x11, 0x09,0x09, 0x66,0x00, 0x87,0x00,
 0x87,0x00, 0x87,0x00, 0xA7,0x00, 0x87,0x00, 0xA7,0x00, 0xA7,0x00, 0xA7,0x00, 0xA8,0x00, 0xA7,0x00, 0xA7,0x00, 0xA7,0x00, 0xA7,0x00,
 0x4A,0x09, 0xE9,0x08, 0xA7,0x00, 0xA8,0x00, 0xA7,0x00, 0xC8,0x00, 0xC8,0x00, 0x2A,0x09, 0xE8,0x00, 0xC8,0x00, 0x6C,0x11, 0x8C,0x09,
 0x8D,0x09, 0x8E,0x11, 0x4B,0x09, 0x49,0x09, 0x8B,0x01, 0x0C,0x0A, 0x6D,0x02, 0xEF,0x02, 0x33,0x0C, 0xDC,0x26, 0x54,0x0C, 0x30,0x0B,
 0xCF,0x02, 0x72,0x13, 0x9A,0x2D, 0x33,0x1B, 0x8C,0x01, 0xAC,0x09, 0xAD,0x09, 0x8C,0x09, 0x6C,0x09, 0x6C,0x09, 0x4B,0x09, 0x4C,0x09,
 0x2B,0x09, 0x0B,0x09, 0x0C,0x09, 0x0D,0x09, 0x2F,0x09, 0x51,0x09, 0x15,0x23, 0xDF,0x4E, 0x7E,0x3D, 0x5F,0x3D, 0x5F,0x3D, 0x9E,0x45,
 0xFD,0x76, 0x1A,0x34, 0xFC,0x33, 0x3D,0x3C, 0x3D,0x34, 0x3F,0x45, 0xD5,0x22, 0xAD,0x00, 0x0D,0x09, 0x0D,0x09, 0x0D,0x09, 0x0D,0x09,
 0x2C,0x09, 0x2C,0x09, 0x2C,0x09, 0x2C,0x09, 0x2D,0x09, 0x2D,0x09, 0x2E,0x09, 0x2F,0x09, 0xAE,0x00, 0x92,0x32, 0xFF,0x9F, 0x5E,0x5F,
 0x1E,0x57, 0x1E,0x57, 0x1E,0x57, 0x3E,0x67, 0x7E,0xB7, 0xDC,0x3C, 0x9D,0x24, 0xDE,0x2C, 0x1E,0x2D, 0xBF,0x35, 0x74,0x1A, 0xCE,0x08,
 0x30,0x09, 0x30,0x09, 0x2F,0x09, 0x2F,0x09, 0x2F,0x09, 0x0F,0x09, 0x2F,0x09, 0x11,0x12, 0xCE,0x08, 0xEF,0x08, 0x30,0x09, 0xCF,0x00,
 0xCF,0x00, 0xB2,0x2A, 0xFA,0x75, 0xFF,0x97, 0xFF,0x87, 0x9E,0x6F, 0xBE,0x7F, 0xBE,0x8F, 0x1E,0x6F, 0x7E,0x46, 0xFF,0x3E, 0xDF,0x57,
 0xBA,0x4D, 0x90,0x19, 0xAF,0x08, 0x2F,0x09, 0x0E,0x09, 0x0E,0x09, 0x0D,0x09, 0x0D,0x09, 0x0D,0x09, 0x0C,0x09, 0x2C,0x09, 0x2C,0x09,
 0x2C,0x09, 0x2C,0x09, 0x2C,0x09, 0x4B,0x09, 0x4B,0x09, 0x2B,0x09, 0x0F,0x12, 0xB1,0x1A, 0xAD,0x09, 0x8C,0x09, 0xCD,0x11, 0x0E,0x12,
 0x6F,0x12, 0xB0,0x1A, 0xF1,0x1A, 0x51,0x1B, 0xF3,0x23, 0xD3,0x1B, 0xD3,0x1B, 0xB3,0x1B, 0xD4,0x1B, 0x9A,0x35, 0x57,0x2C, 0x13,0x1B,
 0xD3,0x22, 0xF6,0x2B, 0xDD,0x4E, 0x13,0x23, 0x10,0x12, 0xCF,0x19, 0x8D,0x11, 0x4B,0x11, 0x2B,0x11, 0x4B,0x11, 0xA9,0x08, 0xC9,0x08,
 0xEE,0x11, 0x71,0x1A, 0x2B,0x11, 0x0B,0x11, 0xCA,0x10, 0xCA,0x10, 0xCA,0x10, 0xC9,0x10, 0xA9,0x10, 0xC9,0x10, 0xC9,0x10, 0xA9,0x10,
 0xA9,0x10, 0xA9,0x10, 0xA9,0x10, 0xA9,0x10, 0xA9,0x10, 0xA9,0x10, 0xA9,0x10, 0xA9,0x10, 0xA9,0x10, 0x48,0x08, 0xCE,0x19, 0x70,0x22,
 0x68,0x10, 0x89,0x10, 0x89,0x10, 0x88,0x10, 0x88,0x10, 0x88,0x10, 0x88,0x10, 0x67,0x08, 0x8D,0x19, 0xA9,0x10, 0x67,0x08, 0x0B,0x11,
 0x0B,0x11, 0x47,0x08, 0xEA,0x10, 0x0B,0x11, 0x47,0x08, 0x88,0x10, 0x4C,0x19, 0x67,0x08, 0x67,0x08, 0xC9,0x10, 0xA9,0x10, 0x67,0x10,

 0x45,0x00, 0x45,0x00, 0x45,0x00, 0x65,0x00, 0x65,0x00, 0x45,0x00, 0x65,0x00, 0x65,0x00, 0x66,0x00, 0x66,0x00, 0x65,0x00, 0x65,0x00,
 0x65,0x00, 0x65,0x00, 0x65,0x00, 0x65,0x00, 0x86,0x00, 0x86,0x00, 0x86,0x00, 0x8C,0x11, 0x0A,0x09, 0x66,0x00, 0x87,0x00, 0x87,0x00,
 0x87,0x00, 0x87,0x00, 0x87,0x00, 0xA7,0x00, 0xA7,0x00, 0xA7,0x00, 0xA7,0x00, 0xA7,0x00, 0xA7,0x00, 0xA7,0x00, 0xA7,0x00, 0x09,0x09,
 0x2A,0x09, 0xA7,0x00, 0xC8,0x00, 0xA8,0x00, 0xC8,0x00, 0xA8,0x00, 0xE9,0x08, 0x09,0x09, 0xA7,0x00, 0xC8,0x00, 0x2B,0x09, 0x4B,0x09,
 0x4C,0x09, 0x4B,0x09, 0x29,0x09, 0x4A,0x01, 0xAB,0x01, 0x0D,0x02, 0x8E,0x02, 0x10,0x03, 0x5A,0x26, 0xF6,0x14, 0xAE,0x0A, 0x8E,0x0A,
 0x6D,0x0A, 0x38,0x25, 0x92,0x1B, 0xCD,0x09, 0xB0,0x0A, 0x8F,0x0A, 0xCD,0x09, 0x6C,0x09, 0x6C,0x09, 0x4B,0x09, 0x4B,0x09, 0x2B,0x09,
 0x0A,0x01, 0x0B,0x09, 0x0C,0x09, 0x2E,0x09, 0xF2,0x11, 0xF0,0x08, 0x78,0x3C, 0x9F,0x4E, 0x1E,0x3D, 0x3F,0x3D, 0x1F,0x35, 0xFE,0x55,
 0x5C,0x6E, 0x9A,0x33, 0xFC,0x3B, 0x3D,0x3C, 0x7E,0x3C, 0xDE,0x44, 0x90,0x11, 0xCD,0x08, 0x0D,0x09, 0x0D,0x09, 0x0C,0x09, 0x0C,0x09,
 0x2C,0x09, 0x2C,0x09, 0x2C,0x09, 0x2C,0x09, 0x2D,0x09, 0x2E,0x09, 0x2E,0x09, 0x0F,0x09, 0xEE,0x08, 0x7B,0x86, 0xFF,0x7F, 0x3E,0x57,
 0x3E,0x5F, 0x3E,0x5F, 0x1E,0x4F, 0xBE,0x9F, 0xFC,0x75, 0x7D,0x24, 0xDE,0x2C, 0xDE,0x2C, 0x7F,0x35, 0x59,0x2C, 0xCF,0x08, 0x30,0x09,
 0x30,0x09, 0x2F,0x09, 0x2F,0x09, 0x2F,0x09, 0x2F,0x09, 0x2F,0x09, 0x0F,0x09, 0xEE,0x08, 0x2F,0x09, 0xEF,0x00, 0xAF,0x00, 0x92,0x2A,
 0xDA,0x6D, 0xFF,0x8F, 0xFF,0x7F, 0x9E,0x6F, 0x7E,0x6F, 0xBE,0x87, 0x5E,0x7F, 0x9E,0x4E, 0x5E,0x36, 0x5F,0x3F, 0x9F,0x5F, 0x15,0x3C,
 0xCF,0x08, 0xEF,0x08, 0x2F,0x11, 0x0F,0x09, 0x0E,0x09, 0x0D,0x09, 0x0D,0x09, 0x0D,0x09, 0x0C,0x09, 0x0C,0x09, 0x0C,0x09, 0x0B,0x09,
 0x2B,0x09, 0x2B,0x09, 0x2B,0x09, 0x2B,0x09, 0x4B,0x09, 0x4B,0x09, 0x2A,0x09, 0x0E,0x12, 0xD1,0x1A, 0xAD,0x11, 0x8C,0x09, 0xCD,0x11,
 0x0E,0x12, 0x4F,0x12, 0x8F,0x1A, 0xD0,0x1A, 0xF0,0x1A, 0xF0,0x1A, 0x11,0x1B, 0x31,0x23, 0xD0,0x1A, 0x93,0x23, 0x3A,0x3D, 0x54,0x23,
 0xD4,0x22, 0x52,0x1A, 0xD8,0x34, 0x3B,0x46, 0x10,0x12, 0xCF,0x11, 0x8D,0x11, 0x4C,0x11, 0x2B,0x11, 0xC9,0x10, 0x4B,0x11, 0x70,0x1A,
 0xEE,0x11, 0xE9,0x08, 0xC9,0x08, 0x0B,0x11, 0x0A,0x11, 0xA9,0x10, 0xC9,0x10, 0xA9,0x10, 0xA9,0x10, 0xA9,0x10, 0xA9,0x10, 0xA9,0x10,
 0xA9,0x10, 0xA9,0x10, 0x89,0x10, 0x0A,0x11, 0x51,0x1B, 0xC9,0x10, 0x89,0x10, 0x89,0x10, 0x68,0x08, 0xCD,0x19, 0x70,0x1A, 0x88,0x10,
 0x89,0x10, 0xA9,0x10, 0x88,0x10, 0x88,0x10, 0x88,0x10, 0x88,0x10, 0x68,0x10, 0xC9,0x10, 0x30,0x12, 0x0A,0x09, 0x67,0x08, 0xAE,0x11,
 0xAE,0x11, 0x68,0x08, 0x6D,0x11, 0xAE,0x11, 0x67,0x08, 0xC9,0x08, 0xCE,0x19, 0xA8,0x10, 0x67,0x10, 0x87,0x08, 0x87,0x10, 0x87,0x10,

 0x45,0x00, 0x45,0x00, 0x45,0x00, 0x45,0x00, 0x45,0x00, 0x45,0x00, 0x45,0x00, 0x45,0x00, 0x66,0x00, 0x46,0x00, 0x66,0x00, 0x65,0x00,
 0x65,0x00, 0x65,0x00, 0x65,0x00, 0x65,0x00, 0x45,0x00, 0x86,0x00, 0x8C,0x11, 0x0A,0x09, 0x66,0x00, 0x87,0x00, 0x87,0x00, 0x87,0x00,
 0x87,0x00, 0x87,0x00, 0x87,0x00, 0xA7,0x00, 0x87,0x00, 0xA7,0x00, 0xA7,0x00, 0xA7,0x00, 0xA7,0x00, 0xA7,0x00, 0xA7,0x00, 0x0A,0x09,
 0x2A,0x09, 0xC8,0x00, 0xA7,0x00, 0xA7,0x00, 0xA8,0x00, 0xC8,0x00, 0x09,0x09, 0xC8,0x00, 0xA7,0x00, 0xC8,0x00, 0x2A,0x09, 0x0B,0x09,
 0x2B,0x11, 0x4A,0x09, 0x29,0x01, 0x6A,0x01, 0xCB,0x01, 0x2D,0x0A, 0x4D,0x02, 0x16,0x1D, 0xF9,0x25, 0x8D,0x02, 0x4D,0x0A, 0xAB,0x01,
 0x14,0x24, 0x14,0x24, 0x4A,0x01, 0x0D,0x02, 0x99,0x1D, 0x79,0x15, 0xED,0x09, 0x6B,0x09, 0x4B,0x09, 0x4B,0x09, 0x2A,0x01, 0xEA,0x00,
 0xEA,0x08, 0xEB,0x08, 0x2D,0x09, 0xF1,0x11, 0x4F,0x09, 0xAE,0x08, 0xBB,0x4D, 0x1F,0x46, 0xDE,0x3C, 0x1F,0x3D, 0xDF,0x34, 0x5E,0x5E,
 0x3B,0x55, 0x7A,0x2B, 0x1C,0x3C, 0x1D,0x3C, 0xDF,0x44, 0xFA,0x33, 0xCD,0x08, 0x0E,0x09, 0x0D,0x09, 0x0C,0x09, 0x0C,0x09, 0x0C,0x09,
 0x0C,0x09, 0x0C,0x09, 0x2C,0x09, 0x2C,0x01, 0x2D,0x09, 0x2E,0x09, 0x2F,0x09, 0x8E,0x00, 0x15,0x4C, 0xFF,0x8F, 0x3E,0x57, 0x3F,0x5F,
 0x3F,0x5F, 0x1F,0x57, 0x5E,0x6F, 0x3D,0x9F, 0x9C,0x2C, 0xDE,0x2C, 0xDE,0x2C, 0x1F,0x2D, 0x5E,0x35, 0xB1,0x11, 0xCF,0x08, 0x2F,0x09,
 0x30,0x09, 0x2F,0x09, 0x2F,0x09, 0x2F,0x09, 0x2F,0x11, 0x2F,0x11, 0x2F,0x09, 0xCF,0x08, 0x6D,0x00, 0xF0,0x19, 0x59,0x5D, 0xDF,0x87,
 0xFF,0x7F, 0x7E,0x67, 0x5E,0x67, 0xBE,0x87, 0x9E,0x8F, 0xBE,0x5E, 0x3E,0x36, 0x7F,0x36, 0x9F,0x47, 0x9C,0x4E, 0x51,0x22, 0x8E,0x00,
 0x10,0x09, 0x2F,0x09, 0x0F,0x09, 0x0E,0x09, 0x0E,0x09, 0x0D,0x09, 0x0D,0x09, 0x0C,0x09, 0x0C,0x09, 0x0B,0x09, 0x0B,0x09, 0x2B,0x09,
 0x0B,0x09, 0x2B,0x09, 0x2B,0x09, 0x2B,0x09, 0x2B,0x09, 0x2B,0x09, 0x4B,0x09, 0x2A,0x09, 0xEE,0x11, 0xB1,0x1A, 0xAD,0x11, 0x6C,0x11,
 0xAD,0x11, 0xED,0x11, 0x2E,0x12, 0x4F,0x12, 0x6F,0x1A, 0x8F,0x1A, 0x75,0x24, 0xF0,0x1A, 0x8F,0x1A, 0x4F,0x12, 0xB5,0x23, 0xB9,0x34,
 0x93,0x1A, 0x51,0x1A, 0x10,0x12, 0xDA,0x45, 0x76,0x34, 0x6D,0x09, 0xAD,0x11, 0x4C,0x11, 0x2B,0x11, 0xE9,0x10, 0x4B,0x11, 0x4B,0x11,
 0x67,0x08, 0xE9,0x08, 0xEF,0x11, 0xCE,0x11, 0xEA,0x10, 0xCA,0x10, 0xA9,0x10, 0xAA,0x10, 0xAA,0x10, 0xA9,0x10, 0xA9,0x10, 0xA9,0x10,
 0xA9,0x10, 0xA9,0x10, 0xA9,0x10, 0xC9,0x10, 0x8C,0x11, 0xA9,0x10, 0x88,0x10, 0x90,0x1A, 0x94,0x1B, 0x70,0x1A, 0x88,0x08, 0x89,0x10,
 0xA9,0x10, 0x88,0x10, 0x88,0x10, 0x88,0x10, 0x88,0x10, 0x88,0x10, 0x67,0x08, 0x0F,0x12, 0x14,0x0B, 0x0F,0x12, 0x0A,0x09, 0xB2,0x0A,
 0x92,0x0A, 0x2C,0x09, 0x51,0x0A, 0x72,0x12, 0xEA,0x08, 0x8D,0x11, 0x71,0x12, 0x8D,0x11, 0x67,0x08, 0x88,0x10, 0x87,0x10, 0x67,0x10,

 0xC8,0x08, 0xC9,0x08, 0xC9,0x08, 0xC9,0x08, 0xC9,0x08, 0xC9,0x08, 0xE9,0x08, 0xC9,0x08, 0x0A,0x09, 0x0A,0x09, 0xE9,0x08, 0xE9,0x08,
 0x09,0x09, 0x09,0x09, 0x09,0x09, 0x09,0x09, 0x09,0x09, 0x4B,0x11, 0xE9,0x08, 0x66,0x00, 0x87,0x00, 0x87,0x00, 0x87,0x00, 0x87,0x00,
 0x87,0x00, 0x87,0x00, 0x87,0x00, 0x87,0x00, 0xA7,0x00, 0xA7,0x00, 0xA7,0x00, 0xA7,0x00, 0xA7,0x00, 0x51,0x0B, 0x8B,0x01, 0x67,0x00,
 0xE9,0x00, 0x2A,0x09, 0x09,0x09, 0xA8,0x00, 0xA7,0x00, 0xE9,0x08, 0xE9,0x08, 0xA7,0x00, 0xA8,0x00, 0xC8,0x00, 0x0A,0x09, 0x6C,0x11,
 0xAC,0x19, 0x29,0x01, 0x49,0x01, 0x8A,0x01, 0xCB,0x01, 0xEC,0x01, 0x51,0x0B, 0x3B,0x2E, 0xEF,0x0A, 0xEC,0x09, 0x6A,0x01, 0x10,0x13,
 0x75,0x24, 0x6A,0x09, 0x2A,0x01, 0xED,0x01, 0x54,0x14, 0x34,0x0C, 0xCC,0x09, 0x4B,0x09, 0x4B,0x01, 0x0A,0x01, 0xE9,0x00, 0xEA,0x08,
 0xCA,0x08, 0x0B,0x09, 0xF0,0x11, 0x6F,0x09, 0xCD,0x08, 0x4F,0x11, 0x7D,0x56, 0x7F,0x45, 0xBE,0x3C, 0xDE,0x3C, 0xBE,0x34, 0x9E,0x66,
 0x7A,0x3C, 0x7A,0x33, 0xFC,0x3B, 0x1D,0x3C, 0x1F,0x45, 0xD5,0x22, 0xAD,0x08, 0x0E,0x09, 0xED,0x08, 0x0C,0x09, 0x0C,0x09, 0x0C,0x09,
 0x0C,0x09, 0x0C,0x09, 0x0C,0x09, 0x0D,0x09, 0x0D,0x09, 0x2E,0x09, 0xEF,0x08, 0x90,0x19, 0x7D,0x97, 0x5F,0x67, 0xDF,0x56, 0xDF,0x56,
 0xDF,0x56, 0xDF,0x56, 0x9E,0x9F, 0x5C,0x55, 0x7D,0x24, 0xFE,0x34, 0xDE,0x2C, 0x9F,0x35, 0x77,0x23, 0x8D,0x00, 0x0F,0x09, 0x0F,0x09,
 0x2F,0x09, 0x2F,0x09, 0x0F,0x09, 0x2F,0x09, 0x50,0x09, 0xEF,0x08, 0xAE,0x00, 0xD0,0x19, 0xF7,0x54, 0x9E,0x77, 0xFF,0x77, 0x5F,0x67,
 0x1E,0x5F, 0x7E,0x77, 0xBE,0x97, 0x1E,0x7F, 0x3E,0x46, 0x1E,0x36, 0xBF,0x3E, 0x7F,0x4F, 0x18,0x45, 0x0E,0x09, 0x8E,0x00, 0x30,0x09,
 0x0F,0x09, 0x0F,0x09, 0x0F,0x09, 0x0E,0x09, 0x0D,0x09, 0x0C,0x09, 0x0C,0x09, 0x0C,0x09, 0x0B,0x09, 0x0B,0x09, 0x2B,0x09, 0x2B,0x09,
 0x0B,0x09, 0x0B,0x09, 0x2B,0x09, 0x2B,0x09, 0x2B,0x09, 0x2B,0x09, 0x2B,0x09, 0x2B,0x09, 0x0A,0x09, 0xCE,0x11, 0xB1,0x1A, 0x8C,0x11,
 0x6C,0x11, 0xAC,0x09, 0xCD,0x11, 0xED,0x11, 0x0D,0x12, 0x2E,0x12, 0x8F,0x1A, 0x2E,0x12, 0x2E,0x1A, 0x2F,0x1A, 0xF0,0x19, 0xF7,0x2B,
 0xF6,0x2B, 0xEF,0x11, 0xCF,0x11, 0x70,0x12, 0x1B,0x46, 0xB0,0x1A, 0x4C,0x09, 0x6C,0x11, 0x2B,0x11, 0x0A,0x11, 0xC9,0x10, 0xA8,0x08,
 0x8C,0x11, 0x50,0x1A, 0xEE,0x11, 0xEA,0x08, 0xA9,0x08, 0xEA,0x10, 0xCA,0x10, 0xC9,0x10, 0xA9,0x10, 0xA9,0x10, 0xA9,0x10, 0xA9,0x10,
 0xA9,0x10, 0xA9,0x10, 0xA9,0x10, 0xA9,0x10, 0x68,0x10, 0x68,0x10, 0x0A,0x11, 0x76,0x1C, 0xF8,0x24, 0x4F,0x1A, 0x48,0x10, 0xA9,0x10,
 0x88,0x08, 0x88,0x10, 0x88,0x10, 0x88,0x10, 0x88,0x10, 0x88,0x10, 0x67,0x08, 0x4B,0x11, 0x50,0x12, 0x4B,0x11, 0xA9,0x08, 0x10,0x12,
 0xCE,0x11, 0xA9,0x08, 0xAE,0x11, 0xCF,0x11, 0x88,0x08, 0x0A,0x11, 0xCF,0x19, 0x0A,0x11, 0x67,0x08, 0x88,0x08, 0x87,0x08, 0x67,0x10,

 0x87,0x00, 0x87,0x00, 0x87,0x00, 0xA7,0x00, 0xA7,0x00, 0xA8,0x00, 0xA7,0x00, 0xA7,0x00, 0xC9,0x08, 0xC8,0x08, 0xA7,0x00, 0xA8,0x08,
 0xC8,0x08, 0xC8,0x08, 0xC8,0x08, 0xC8,0x08, 0xE8,0x08, 0xA8,0x00, 0x66,0x00, 0xA7,0x00, 0xA7,0x00, 0xC8,0x00, 0xC8,0x00, 0xA8,0x00,
 0x87,0x00, 0x87,0x00, 0x87,0x00, 0x87,0x00, 0xA7,0x00, 0xA7,0x00, 0xA7,0x00, 0xA7,0x00, 0xA7,0x00, 0xCB,0x01, 0x08,0x01, 0x87,0x00,
 0xA7,0x00, 0xA7,0x00, 0x0A,0x09, 0x0A,0x09, 0xE9,0x08, 0xE9,0x08, 0xA7,0x00, 0xA7,0x00, 0xA8,0x00, 0xC8,0x00, 0xE9,0x08, 0x6B,0x11,
 0x4A,0x09, 0x29,0x01, 0x49,0x01, 0x8A,0x01, 0xCB,0x01, 0x0C,0x02, 0x78,0x25, 0xF3,0x13, 0xCB,0x09, 0xAB,0x09, 0x2D,0x0A, 0x96,0x24,
 0x0C,0x0A, 0xC8,0x00, 0x4A,0x09, 0x6B,0x09, 0x8B,0x01, 0x6B,0x01, 0x6B,0x09, 0x4A,0x09, 0x2A,0x01, 0xE9,0x00, 0xE9,0x00, 0xC9,0x00,
 0xEA,0x08, 0xEF,0x11, 0x6E,0x09, 0xEC,0x08, 0xAD,0x08, 0xD0,0x19, 0xBE,0x5E, 0x1E,0x3D, 0x9E,0x3C, 0xBE,0x34, 0xDE,0x34, 0x7D,0x66,
 0xDA,0x3B, 0x7B,0x33, 0xDC,0x3B, 0x1D,0x3C, 0xFF,0x44, 0xF1,0x19, 0xCD,0x08, 0x0E,0x09, 0xED,0x08, 0x0C,0x09, 0x0C,0x09, 0x0C,0x09,
 0x0C,0x09, 0x0C,0x09, 0x0D,0x01, 0x0D,0x09, 0x0D,0x09, 0x2F,0x09, 0x8E,0x00, 0x78,0x75, 0xFF,0x87, 0xBE,0x56, 0xBF,0x56, 0xBF,0x56,
 0xBF,0x56, 0x5E,0x7F, 0x9D,0x86, 0x5C,0x24, 0xBE,0x2C, 0xDE,0x2C, 0x3F,0x35, 0xFC,0x34, 0x2F,0x09, 0xEF,0x08, 0x0F,0x09, 0x0F,0x09,
 0x0F,0x09, 0x2F,0x09, 0x2F,0x11, 0xEF,0x08, 0xAE,0x00, 0xD0,0x19, 0xD7,0x54, 0x7E,0x77, 0xDF,0x6F, 0x5F,0x5F, 0xFE,0x4E, 0x1E,0x5F,
 0x9E,0x87, 0x5E,0x8F, 0x5E,0x56, 0xFE,0x3D, 0x3F,0x3E, 0x1F,0x47, 0x1E,0x57, 0x74,0x2B, 0x8E,0x08, 0xEF,0x08, 0x30,0x09, 0xEF,0x08,
 0x0F,0x09, 0x0F,0x09, 0x0E,0x09, 0x0D,0x09, 0x0D,0x09, 0x0C,0x09, 0x0C,0x09, 0x0B,0x09, 0x0B,0x09, 0x0B,0x09, 0x0B,0x09, 0x0B,0x09,
 0x2A,0x09, 0x2B,0x09, 0x2A,0x09, 0x2A,0x09, 0x2A,0x09, 0x2A,0x09, 0x2A,0x09, 0x2B,0x09, 0x2B,0x09, 0x0A,0x09, 0xCE,0x11, 0x71,0x1A,
 0x6B,0x11, 0x6B,0x09, 0x8C,0x09, 0xAC,0x11, 0xAC,0x11, 0xCD,0x11, 0xAD,0x11, 0xCD,0x11, 0xEE,0x19, 0xEF,0x19, 0xAF,0x19, 0x10,0x12,
 0x57,0x2C, 0xF2,0x22, 0x8D,0x11, 0x4C,0x09, 0x72,0x23, 0x58,0x35, 0x6C,0x09, 0x4C,0x11, 0x4B,0x11, 0x0A,0x11, 0x0A,0x11, 0x0A,0x11,
 0x0E,0x1A, 0x4B,0x09, 0x88,0x08, 0xEA,0x08, 0x8D,0x11, 0x0B,0x11, 0xCA,0x10, 0xA9,0x08, 0xA9,0x10, 0xA9,0x10, 0xA9,0x10, 0xA9,0x10,
 0xA9,0x10, 0xA9,0x08, 0xA9,0x10, 0xA9,0x10, 0xA9,0x10, 0x89,0x10, 0xA9,0x08, 0xF0,0x1A, 0x93,0x23, 0x4B,0x11, 0x68,0x10, 0x88,0x10,
 0x88,0x10, 0x88,0x10, 0x88,0x10, 0x88,0x10, 0x88,0x10, 0x88,0x10, 0x88,0x10, 0x67,0x08, 0x87,0x08, 0x67,0x10, 0x67,0x10, 0x88,0x10,
 0x88,0x08, 0x67,0x08, 0x88,0x08, 0x68,0x08, 0x67,0x10, 0x67,0x10, 0x67,0x08, 0x67,0x08, 0x87,0x08, 0x87,0x08, 0x87,0x08, 0x67,0x08,

 0x45,0x00, 0x45,0x00, 0x25,0x00, 0x45,0x00, 0x65,0x00, 0x65,0x00, 0x65,0x00, 0x65,0x00, 0x66,0x00, 0x46,0x00, 0x45,0x00, 0x45,0x00,
 0x45,0x00, 0x65,0x00, 0x65,0x00, 0x65,0x00, 0x45,0x00, 0x66,0x00, 0x86,0x00, 0xA7,0x00, 0xE9,0x08, 0x2A,0x09, 0x4B,0x09, 0x0A,0x09,
 0xA8,0x00, 0x87,0x00, 0x87,0x00, 0x87,0x00, 0x87,0x00, 0x87,0x00, 0x87,0x00, 0x87,0x00, 0x87,0x00, 0x66,0x00, 0x86,0x00, 0xA7,0x00,
 0xA7,0x00, 0xA7,0x00, 0x87,0x00, 0xC8,0x00, 0x4B,0x09, 0x2A,0x09, 0xA7,0x00, 0xA7,0x00, 0xC8,0x00, 0xC8,0x00, 0xE8,0x08, 0x09,0x09,
 0x09,0x01, 0x29,0x01, 0x6A,0x01, 0xAB,0x01, 0x8A,0x01, 0xF3,0x1B, 0xF6,0x24, 0xAB,0x01, 0xAB,0x09, 0x6A,0x01, 0x35,0x24, 0x31,0x1B,
 0x87,0x00, 0xE8,0x00, 0x09,0x01, 0x2A,0x09, 0x2A,0x09, 0x2A,0x09, 0x2A,0x09, 0x2A,0x09, 0xE9,0x00, 0xE9,0x00, 0xE9,0x00, 0xE9,0x00,
 0xEE,0x11, 0x8D,0x09, 0xCB,0x08, 0x0D,0x09, 0x8C,0x08, 0x51,0x22, 0xBF,0x5E, 0xBE,0x3C, 0x7E,0x3C, 0x7E,0x34, 0xFE,0x3C, 0x3D,0x66,
 0x79,0x33, 0x9B,0x3B, 0xBC,0x3B, 0x3E,0x3C, 0xBE,0x44, 0x4F,0x11, 0xCE,0x08, 0x0E,0x09, 0x0D,0x09, 0x0C,0x09, 0x0C,0x09, 0x0C,0x09,
 0x0C,0x09, 0x0C,0x09, 0x0D,0x09, 0x0D,0x09, 0x2E,0x09, 0x8E,0x00, 0xD2,0x32, 0xFF,0x8F, 0xDE,0x5E, 0x9F,0x56, 0x9F,0x56, 0x9F,0x56,
 0xBE,0x5E, 0x7E,0x9F, 0xDC,0x3C, 0x9D,0x2C, 0xBD,0x34, 0xDE,0x2C, 0x9F,0x3D, 0x94,0x1A, 0xAE,0x08, 0x2F,0x09, 0x0F,0x09, 0x0F,0x09,
 0x2F,0x09, 0xEE,0x08, 0x8E,0x00, 0xB0,0x11, 0x97,0x44, 0x5E,0x6F, 0xDF,0x6F, 0x3F,0x5F, 0xDE,0x4E, 0xDE,0x4E, 0x5E,0x77, 0x7E,0x87,
 0x7D,0x5E, 0xDE,0x35, 0xDE,0x35, 0x5F,0x3E, 0x5F,0x4F, 0x1B,0x4E, 0xF1,0x19, 0x8F,0x00, 0x30,0x11, 0xCE,0x08, 0xAF,0x00, 0x0F,0x09,
 0x0F,0x09, 0x0F,0x09, 0x0E,0x09, 0x0D,0x09, 0x0D,0x09, 0x0C,0x09, 0x0C,0x09, 0x0B,0x09, 0x0B,0x09, 0x2B,0x09, 0x0A,0x09, 0x2A,0x09,
 0x2A,0x09, 0x0A,0x09, 0x2B,0x09, 0x0A,0x09, 0x0A,0x09, 0x2B,0x09, 0x2A,0x09, 0x2A,0x09, 0x0A,0x09, 0x2A,0x09, 0x0A,0x09, 0xEE,0x11,
 0x70,0x1A, 0x4A,0x09, 0x4B,0x09, 0x6B,0x09, 0x6C,0x11, 0x8C,0x11, 0xAC,0x11, 0xAD,0x11, 0xAE,0x19, 0xCF,0x19, 0xAE,0x19, 0x4C,0x11,
 0x70,0x1A, 0x36,0x2C, 0xCD,0x11, 0x6C,0x09, 0x4B,0x09, 0xD7,0x34, 0x93,0x23, 0x0B,0x09, 0x4C,0x11, 0x0A,0x11, 0x0A,0x11, 0xE9,0x10,
 0xA9,0x08, 0xC9,0x08, 0xAD,0x11, 0x50,0x1A, 0xCE,0x11, 0xCA,0x08, 0xEB,0x10, 0xCA,0x10, 0xA9,0x10, 0xA9,0x10, 0xA9,0x10, 0xA9,0x10,
 0xA9,0x10, 0xA9,0x10, 0xA9,0x10, 0xA9,0x10, 0x89,0x10, 0x88,0x10, 0x88,0x10, 0x68,0x10, 0x68,0x10, 0x68,0x10, 0x88,0x10, 0x88,0x10,
 0x88,0x10, 0x88,0x10, 0xA8,0x10, 0xA8,0x10, 0x88,0x10, 0x88,0x10, 0x88,0x10, 0x88,0x10, 0x88,0x10, 0x88,0x10, 0x88,0x10, 0x68,0x10,
 0x88,0x08, 0x88,0x10, 0x88,0x10, 0x68,0x10, 0x68,0x10, 0x67,0x10, 0x67,0x10, 0x87,0x10, 0x67,0x10, 0x67,0x10, 0x67,0x10, 0x67,0x10,

 0x45,0x00, 0x46,0x00, 0x46,0x00, 0x46,0x00, 0x45,0x00, 0x66,0x00, 0x66,0x00, 0x65,0x00, 0x66,0x00, 0x66,0x00, 0x66,0x00, 0x46,0x00,
 0x46,0x00, 0x66,0x00, 0x86,0x00, 0x86,0x00, 0x66,0x00, 0x66,0x00, 0xA7,0x00, 0xC8,0x08, 0xAB,0x09, 0xB2,0x13, 0xF0,0x0A, 0x2B,0x09,
 0xC8,0x00, 0x87,0x00, 0x86,0x00, 0x87,0x00, 0x87,0x00, 0x87,0x00, 0xA7,0x00, 0x87,0x00, 0x87,0x00, 0xA7,0x00, 0xA7,0x00, 0xA7,0x00,
 0xA7,0x00, 0xA7,0x00, 0x87,0x00, 0xC8,0x00, 0xE8,0x00, 0xC8,0x00, 0xC8,0x08, 0xC8,0x08, 0xA7,0x00, 0xA7,0x00, 0xE9,0x08, 0x09,0x01,
 0x09,0x01, 0x29,0x01, 0x6A,0x01, 0x8A,0x01, 0x2C,0x0A, 0x58,0x2D, 0x6D,0x0A, 0x6A,0x01, 0x29,0x01, 0xD0,0x12, 0x55,0x24, 0xE8,0x00,
 0xC8,0x00, 0xAD,0x11, 0x2A,0x09, 0xE8,0x00, 0x09,0x09, 0x0A,0x01, 0x2A,0x09, 0x09,0x01, 0xE9,0x00, 0xE9,0x00, 0xC9,0x00, 0xCE,0x11,
 0xAE,0x09, 0xAA,0x08, 0xEB,0x08, 0xED,0x10, 0x6C,0x08, 0xD2,0x2A, 0x9F,0x56, 0x7E,0x3C, 0x5E,0x3C, 0x5E,0x3C, 0x1E,0x45, 0xDC,0x5D,
 0x39,0x33, 0x9B,0x3B, 0x9C,0x3B, 0x3F,0x3C, 0x5C,0x44, 0xEE,0x08, 0xEE,0x08, 0xEE,0x08, 0xED,0x08, 0xEC,0x08, 0x0C,0x09, 0x0C,0x09,
 0x0C,0x09, 0x0C,0x09, 0x0D,0x09, 0x0D,0x09, 0x0F,0x09, 0xAD,0x08, 0x7B,0x7E, 0x7F,0x6F, 0x5E,0x56, 0x5F,0x56, 0x7F,0x56, 0x3F,0x4E,
 0x5E,0x8F, 0xFC,0x6D, 0x3C,0x24, 0xBD,0x34, 0xBD,0x34, 0x5F,0x35, 0x3A,0x34, 0xAE,0x08, 0x0F,0x09, 0x2F,0x09, 0x2F,0x09, 0x0E,0x09,
 0x8D,0x00, 0x4F,0x11, 0x15,0x3C, 0xFD,0x66, 0xBF,0x67, 0x1F,0x57, 0xBE,0x4E, 0xBE,0x4E, 0x1E,0x6F, 0x7E,0x8F, 0xDD,0x76, 0xBD,0x3D,
 0x7E,0x2D, 0xBE,0x35, 0x7F,0x3E, 0x3F,0x57, 0x77,0x3C, 0xF0,0x08, 0xCF,0x08, 0x51,0x11, 0x6E,0x00, 0xF0,0x21, 0xF3,0x3A, 0xAF,0x00,
 0x0F,0x09, 0x0E,0x09, 0x0D,0x09, 0x0D,0x09, 0x0C,0x09, 0x0C,0x09, 0x0B,0x09, 0x0B,0x09, 0x0B,0x09, 0x0B,0x09, 0x0A,0x09, 0x0A,0x09,
 0x0A,0x09, 0x6C,0x09, 0x2B,0x09, 0x0A,0x09, 0x0A,0x09, 0x0A,0x09, 0x0A,0x09, 0x0A,0x09, 0x0A,0x09, 0x0A,0x09, 0x2A,0x09, 0x0A,0x09,
 0x0F,0x12, 0x2F,0x1A, 0x0A,0x09, 0x2B,0x11, 0x4B,0x09, 0x4B,0x09, 0x6C,0x11, 0x8E,0x19, 0x6D,0x19, 0x6C,0x11, 0xAD,0x11, 0x6C,0x11,
 0x0B,0x09, 0x12,0x23, 0x53,0x23, 0x4B,0x09, 0x2B,0x09, 0x0D,0x12, 0x38,0x35, 0x0E,0x12, 0x2B,0x11, 0x4B,0x11, 0x2A,0x11, 0xEA,0x10,
 0xC9,0x08, 0xAD,0x11, 0x0F,0x1A, 0xE9,0x08, 0x67,0x08, 0xC9,0x08, 0x2B,0x11, 0xEA,0x10, 0xA9,0x10, 0xA9,0x10, 0xA9,0x10, 0xA9,0x10,
 0xA9,0x08, 0xA9,0x10, 0xA9,0x10, 0x88,0x10, 0x89,0x10, 0x88,0x10, 0x89,0x08, 0x88,0x10, 0x88,0x10, 0x88,0x10, 0x88,0x10, 0x88,0x10,
 0x88,0x10, 0x88,0x10, 0x67,0x08, 0x47,0x08, 0x47,0x08, 0x47,0x08, 0x47,0x08, 0x47,0x08, 0x47,0x08, 0x47,0x08, 0x47,0x08, 0x47,0x08,
 0x47,0x08, 0x47,0x08, 0x47,0x08, 0x47,0x08, 0x47,0x08, 0x47,0x08, 0x47,0x08, 0x46,0x08, 0x47,0x08, 0x47,0x08, 0x47,0x08, 0x47,0x08,

 0x65,0x00, 0x65,0x00, 0x46,0x00, 0x45,0x00, 0x45,0x00, 0x45,0x00, 0x66,0x00, 0x45,0x00, 0x66,0x00, 0x66,0x00, 0x45,0x00, 0x66,0x00,
 0x66,0x00, 0x46,0x00, 0x66,0x00, 0x86,0x00, 0x86,0x00, 0x86,0x00, 0xA7,0x00, 0xE9,0x08, 0xEC,0x09, 0xF5,0x14, 0x74,0x0C, 0x4B,0x01,
 0xC8,0x00, 0x87,0x00, 0x86,0x00, 0x86,0x00, 0x87,0x00, 0x87,0x00, 0x87,0x00, 0x87,0x00, 0x87,0x00, 0xA7,0x00, 0xA7,0x00, 0xA7,0x00,
 0xA7,0x00, 0xA7,0x00, 0xA7,0x00, 0xE9,0x00, 0xA7,0x00, 0x0A,0x09, 0x6C,0x09, 0xE9,0x08, 0xE9,0x08, 0xE9,0x08, 0xE9,0x08, 0xE8,0x00,
 0x09,0x01, 0x29,0x01, 0x6A,0x01, 0x49,0x01, 0x34,0x24, 0xD2,0x1B, 0x29,0x01, 0x49,0x01, 0x8B,0x09, 0x55,0x24, 0x0D,0x12, 0x87,0x00,
 0xAD,0x09, 0x30,0x12, 0x0F,0x12, 0xAC,0x09, 0x09,0x01, 0xE9,0x08, 0x09,0x01, 0xE9,0x00, 0xE9,0x00, 0xC9,0x00, 0xAD,0x09, 0xEF,0x11,
 0xCA,0x08, 0xCA,0x08, 0xEB,0x08, 0xEC,0x10, 0x4C,0x08, 0x33,0x2B, 0x5F,0x4E, 0x3E,0x3C, 0x5E,0x3C, 0x3E,0x3C, 0x3E,0x4D, 0x9C,0x55,
 0xF9,0x2A, 0x7B,0x3B, 0x9C,0x3B, 0x5F,0x44, 0xDB,0x3B, 0xCD,0x08, 0xEE,0x08, 0xED,0x08, 0x4D,0x09, 0x8E,0x09, 0x0C,0x09, 0x0C,0x09,
 0x0C,0x09, 0x0D,0x09, 0x0D,0x09, 0x0E,0x09, 0x6D,0x00, 0xF5,0x4B, 0xFF,0x87, 0x5E,0x4E, 0x1F,0x56, 0x3F,0x56, 0x3F,0x56, 0x9E,0x66,
 0x3E,0x97, 0x5C,0x2C, 0x5D,0x2C, 0x9D,0x34, 0xDE,0x34, 0x3E,0x3D, 0xD1,0x11, 0xAE,0x08, 0x2F,0x11, 0x0F,0x09, 0xAE,0x00, 0x4F,0x11,
 0xF6,0x33, 0xBD,0x56, 0x7F,0x5F, 0xFF,0x56, 0x9E,0x4E, 0x9E,0x4E, 0xDE,0x5E, 0x7E,0x8F, 0x3E,0x8F, 0xFD,0x55, 0x5D,0x2D, 0x7E,0x35,
 0xBE,0x35, 0xDF,0x3E, 0x5C,0x4E, 0x92,0x22, 0x6E,0x00, 0x0F,0x11, 0x10,0x09, 0xAF,0x00, 0x34,0x4B, 0x7E,0xAF, 0x3D,0x9F, 0x0F,0x11,
 0xEF,0x08, 0x0E,0x09, 0x0E,0x09, 0x0D,0x09, 0x0C,0x09, 0x0C,0x09, 0x0B,0x09, 0xEA,0x08, 0xEA,0x08, 0x0A,0x09, 0x0A,0x09, 0x0A,0x09,
 0x0A,0x09, 0x8D,0x11, 0x0B,0x09, 0x0A,0x09, 0x0A,0x09, 0x0A,0x09, 0x0A,0x09, 0x0A,0x09, 0x0A,0x09, 0x0A,0x09, 0x0A,0x09, 0x0A,0x09,
 0xEA,0x08, 0x2F,0x12, 0xCD,0x11, 0xE9,0x08, 0x0A,0x11, 0x2B,0x11, 0x4D,0x19, 0x4D,0x19, 0x0E,0x12, 0x51,0x1B, 0x8C,0x11, 0x6C,0x11,
 0x0A,0x11, 0x2A,0x11, 0x93,0x2B, 0x4E,0x1A, 0x2A,0x09, 0x0A,0x09, 0xB3,0x23, 0x56,0x2C, 0x2B,0x09, 0x8C,0x11, 0x2A,0x11, 0xE9,0x08,
 0xE9,0x08, 0xC9,0x08, 0x87,0x08, 0xA8,0x08, 0x8D,0x11, 0x50,0x1A, 0x4C,0x11, 0xA9,0x10, 0xA9,0x10, 0xA9,0x10, 0xA9,0x08, 0xA9,0x08,
 0xA9,0x08, 0xA9,0x10, 0xA8,0x10, 0x88,0x10, 0x88,0x08, 0x88,0x10, 0x88,0x08, 0x88,0x08, 0x88,0x10, 0x88,0x10, 0x88,0x10, 0x88,0x10,
 0x88,0x10, 0x67,0x08, 0x4C,0x11, 0x8D,0x19, 0x6D,0x11, 0x6D,0x11, 0x6C,0x11, 0x6C,0x11, 0x4C,0x11, 0x4C,0x11, 0x4C,0x11, 0x4C,0x11,
 0x4C,0x11, 0x2C,0x11, 0x2B,0x11, 0x2B,0x11, 0x2B,0x11, 0x2B,0x11, 0x2B,0x11, 0x0B,0x11, 0x0B,0x11, 0x0B,0x11, 0x0A,0x11, 0x0A,0x11,

 0x45,0x00, 0x65,0x00, 0x66,0x00, 0x65,0x00, 0x65,0x00, 0x45,0x00, 0x66,0x00, 0x65,0x00, 0x67,0x00, 0x66,0x00, 0x66,0x00, 0x66,0x00,
 0x66,0x00, 0x66,0x00, 0x66,0x00, 0x66,0x00, 0x66,0x00, 0x86,0x00, 0x87,0x00, 0xC8,0x08, 0x4A,0x09, 0x0C,0x02, 0x2C,0x02, 0x09,0x01,
 0xA7,0x00, 0x86,0x00, 0x86,0x00, 0x86,0x00, 0x87,0x00, 0x87,0x00, 0x87,0x00, 0x87,0x00, 0x87,0x00, 0x87,0x00, 0x87,0x00, 0x87,0x00,
 0xA7,0x00, 0x87,0x00, 0xC8,0x00, 0xC8,0x00, 0x87,0x00, 0x0A,0x09, 0x0F,0x12, 0x0F,0x12, 0x6C,0x09, 0x0A,0x09, 0xE8,0x00, 0xE8,0x00,
 0x09,0x01, 0x49,0x09, 0x29,0x01, 0x6D,0x0A, 0xB5,0x24, 0x8A,0x01, 0x29,0x01, 0xE8,0x00, 0x31,0x1B, 0x52,0x1B, 0x86,0x00, 0x2A,0x09,
 0x0F,0x12, 0xEF,0x09, 0x0F,0x0A, 0x2F,0x0A, 0x0E,0x12, 0x2A,0x09, 0xC8,0x00, 0xE9,0x00, 0xC9,0x00, 0x4C,0x09, 0x2F,0x12, 0xEB,0x08,
 0xCA,0x08, 0xCB,0x08, 0xCB,0x08, 0xEC,0x10, 0x4B,0x08, 0x74,0x33, 0x1F,0x4E, 0xFD,0x3B, 0x1D,0x3C, 0xFD,0x3B, 0x1E,0x4D, 0x5B,0x55,
 0xF9,0x32, 0x7B,0x3B, 0x7C,0x3B, 0x5F,0x44, 0x99,0x33, 0x8D,0x08, 0xEE,0x08, 0xED,0x08, 0x4D,0x09, 0x8E,0x09, 0x0C,0x09, 0x0C,0x09,
 0x0D,0x09, 0x0D,0x09, 0x0E,0x09, 0xAE,0x00, 0x6F,0x19, 0x5E,0x87, 0xBF,0x5E, 0xFE,0x4D, 0xFE,0x55, 0xFF,0x55, 0xFE,0x4D, 0x7E,0x97,
 0x7C,0x5D, 0x3C,0x2C, 0x7D,0x34, 0x9D,0x34, 0x5F,0x3D, 0x56,0x2B, 0x8E,0x08, 0x10,0x09, 0x8E,0x08, 0x2F,0x11, 0xB5,0x33, 0x9D,0x5E,
 0x5F,0x57, 0xDF,0x4E, 0x7E,0x4E, 0x5E,0x46, 0x5E,0x46, 0x1E,0x77, 0x7E,0x97, 0x5D,0x66, 0x5D,0x3D, 0x5E,0x35, 0x9E,0x3D, 0x1F,0x3E,
 0x1F,0x4F, 0x19,0x45, 0x2F,0x11, 0x8E,0x08, 0x2F,0x11, 0x8E,0x00, 0x0F,0x11, 0x18,0x75, 0xFF,0xAF, 0xDF,0x8F, 0xFF,0xA7, 0x94,0x4B,
 0x6E,0x00, 0x2F,0x11, 0x0E,0x09, 0x0D,0x09, 0x0C,0x09, 0xEB,0x08, 0x0B,0x09, 0xAD,0x11, 0x2B,0x09, 0xEA,0x08, 0x0A,0x09, 0x0A,0x09,
 0x0A,0x09, 0xEA,0x08, 0x0A,0x09, 0x0A,0x09, 0x0A,0x09, 0x0A,0x09, 0x0A,0x09, 0x0A,0x09, 0x0A,0x09, 0x0A,0x09, 0x0A,0x09, 0x0A,0x11,
 0xEA,0x08, 0x0A,0x09, 0x50,0x1A, 0x6C,0x11, 0xEA,0x10, 0x0C,0x19, 0x0C,0x11, 0x2B,0x11, 0xCD,0x11, 0xCF,0x12, 0x6B,0x09, 0x4B,0x11,
 0x4B,0x11, 0xC9,0x08, 0x0D,0x1A, 0xB4,0x23, 0x6C,0x11, 0x2B,0x09, 0x6B,0x09, 0xF7,0x2C, 0x8F,0x1A, 0xEA,0x08, 0x2A,0x09, 0xE9,0x08,
 0xE9,0x08, 0xA8,0x08, 0x0A,0x09, 0x4F,0x1A, 0x0E,0x12, 0x0A,0x09, 0x88,0x08, 0xA9,0x10, 0xC9,0x10, 0xA9,0x08, 0xA9,0x08, 0xA9,0x08,
 0xA9,0x08, 0xA8,0x08, 0x88,0x10, 0x88,0x10, 0x88,0x10, 0x88,0x10, 0x88,0x10, 0x88,0x08, 0x88,0x08, 0x88,0x08, 0x88,0x08, 0x88,0x08,
 0x47,0x08, 0xCE,0x19, 0xEE,0x19, 0x0A,0x11, 0x0A,0x11, 0x0A,0x11, 0xEA,0x10, 0xEA,0x10, 0xEA,0x10, 0xEA,0x10, 0xEA,0x10, 0xE9,0x10,
 0xE9,0x10, 0xC9,0x10, 0xC9,0x08, 0xC9,0x08, 0xE9,0x08, 0xE9,0x10, 0xC9,0x08, 0xC9,0x08, 0xC9,0x08, 0xC9,0x08, 0xC9,0x08, 0xA9,0x08,

 0x45,0x00, 0x65,0x00, 0x65,0x00, 0x66,0x00, 0x65,0x00, 0x66,0x00, 0x46,0x00, 0x45,0x00, 0x87,0x00, 0x67,0x00, 0x45,0x00, 0x66,0x00,
 0x66,0x00, 0x66,0x00, 0x66,0x00, 0x46,0x00, 0x66,0x00, 0x66,0x00, 0x86,0x00, 0xA7,0x00, 0xC8,0x08, 0xE8,0x08, 0xC8,0x08, 0xA8,0x00,
 0x87,0x00, 0x66,0x00, 0x86,0x00, 0x86,0x00, 0x67,0x00, 0x87,0x00, 0x87,0x00, 0x87,0x00, 0x87,0x00, 0x87,0x00, 0x87,0x00, 0x87,0x00,
 0x87,0x00, 0xA7,0x00, 0xC8,0x00, 0xA7,0x00, 0xC8,0x00, 0x87,0x00, 0x87,0x00, 0x4C,0x09, 0x0F,0x12, 0x2A,0x09, 0xC8,0x00, 0xE9,0x00,
 0x09,0x01, 0x49,0x01, 0x29,0x01, 0xF3,0x23, 0xCF,0x12, 0x08,0x01, 0x09,0x01, 0xCC,0x09, 0x15,0x24, 0x29,0x09, 0xA7,0x00, 0xCE,0x11,
 0x0F,0x0A, 0xEF,0x09, 0xEF,0x09, 0x0F,0x0A, 0xCD,0x09, 0xE8,0x00, 0xC8,0x00, 0xC8,0x00, 0x0A,0x01, 0x2F,0x12, 0x4B,0x09, 0xCA,0x08,
 0xEA,0x08, 0xCB,0x08, 0xCB,0x08, 0xEC,0x10, 0x4B,0x08, 0x94,0x33, 0xFF,0x4D, 0xDD,0x3B, 0xFD,0x3B, 0xDD,0x3B, 0x1D,0x4D, 0x3C,0x55,
 0xF9,0x32, 0x7B,0x3B, 0x7C,0x3B, 0x5F,0x44, 0x99,0x33, 0x8C,0x08, 0xED,0x10, 0x0D,0x09, 0xED,0x08, 0xEC,0x08, 0x0C,0x09, 0x0C,0x09,
 0x0D,0x09, 0x0E,0x09, 0x0F,0x09, 0x4D,0x00, 0x58,0x65, 0x7F,0x77, 0xBE,0x4D, 0xBE,0x55, 0xDE,0x55, 0xBE,0x4D, 0xBE,0x6E, 0xBD,0x86,
 0x1B,0x2C, 0x7D,0x34, 0x7D,0x34, 0xDE,0x34, 0xBC,0x34, 0xEE,0x08, 0x4D,0x00, 0xEF,0x08, 0x75,0x2B, 0x3C,0x56, 0x3F,0x5F, 0xBF,0x4E,
 0x3E,0x4E, 0x1E,0x46, 0x1E,0x3E, 0xBE,0x5E, 0x5E,0x8F, 0xBD,0x76, 0x5D,0x3D, 0x1D,0x2D, 0x5E,0x3D, 0x7E,0x3D, 0x9F,0x46, 0xDE,0x56,
 0x74,0x33, 0x8E,0x08, 0xCF,0x08, 0x0F,0x11, 0xAE,0x08, 0x92,0x3A, 0xDC,0x9E, 0xFF,0x9F, 0x9F,0x6F, 0x7E,0x67, 0xFF,0x87, 0x7B,0x8E,
 0xCF,0x08, 0x0F,0x09, 0x0E,0x09, 0xED,0x08, 0xEC,0x08, 0xEB,0x08, 0x0B,0x09, 0x4F,0x12, 0x4B,0x09, 0xEA,0x08, 0x0A,0x09, 0x0A,0x09,
 0xEA,0x08, 0x0A,0x09, 0x0A,0x09, 0x2A,0x09, 0x0A,0x09, 0x0A,0x09, 0x0A,0x09, 0x0A,0x09, 0x0A,0x09, 0xEA,0x08, 0xEA,0x08, 0x0A,0x09,
 0xEA,0x10, 0xC9,0x10, 0x4B,0x11, 0x70,0x1A, 0x4D,0x11, 0xEB,0x10, 0xEA,0x10, 0x0B,0x11, 0x2A,0x11, 0x0A,0x09, 0x2A,0x09, 0x2A,0x09,
 0x2B,0x09, 0x0A,0x09, 0xC9,0x08, 0x12,0x23, 0xB1,0x1A, 0x0A,0x09, 0x2A,0x09, 0xD0,0x1A, 0x56,0x2C, 0x2A,0x09, 0x0A,0x09, 0x0A,0x09,
 0xE9,0x08, 0xC8,0x08, 0x0A,0x09, 0x2A,0x11, 0x67,0x08, 0x88,0x08, 0x8D,0x11, 0x6D,0x11, 0xA9,0x08, 0xA9,0x10, 0xA9,0x08, 0xA9,0x08,
 0xA8,0x08, 0x89,0x10, 0x88,0x08, 0x88,0x08, 0xA8,0x10, 0x88,0x10, 0x88,0x10, 0x88,0x08, 0x88,0x10, 0x88,0x10, 0x88,0x10, 0x47,0x08,
 0x0E,0x1A, 0xEE,0x19, 0x47,0x08, 0x47,0x08, 0x47,0x08, 0x47,0x08, 0x26,0x08, 0x26,0x08, 0x26,0x00, 0x26,0x08, 0x26,0x08, 0x26,0x08,
 0x26,0x08, 0x26,0x08, 0x25,0x00, 0x26,0x08, 0x26,0x08, 0x26,0x08, 0x26,0x08, 0x46,0x08, 0x46,0x08, 0x46,0x08, 0x46,0x08, 0x46,0x08,

 0x45,0x00, 0x65,0x00, 0x65,0x00, 0x65,0x00, 0x65,0x00, 0x65,0x00, 0x66,0x00, 0x45,0x00, 0x67,0x00, 0xA8,0x08, 0x87,0x00, 0x45,0x00,
 0x66,0x00, 0x66,0x00, 0x66,0x00, 0x66,0x00, 0x66,0x00, 0x66,0x00, 0x66,0x00, 0x87,0x00, 0x87,0x08, 0xA7,0x08, 0x87,0x08, 0x87,0x00,
 0x66,0x00, 0x66,0x00, 0x86,0x00, 0xEA,0x08, 0xD1,0x19, 0xEA,0x08, 0x86,0x00, 0x87,0x00, 0x87,0x00, 0x87,0x00, 0x86,0x00, 0x87,0x00,
 0x87,0x00, 0xC8,0x00, 0xA7,0x00, 0x86,0x00, 0x6C,0x09, 0xEE,0x11, 0x2B,0x09, 0x87,0x00, 0xC8,0x00, 0xE9,0x08, 0xE9,0x08, 0xE8,0x00,
 0x09,0x01, 0xE8,0x00, 0x4D,0x12, 0xB2,0x23, 0x29,0x01, 0x29,0x01, 0xE8,0x00, 0x52,0x1B, 0x8F,0x12, 0x45,0x00, 0x4B,0x09, 0x0F,0x0A,
 0xEF,0x09, 0xEF,0x09, 0xEF,0x09, 0xEE,0x09, 0x09,0x01, 0xA7,0x00, 0xC8,0x00, 0xA8,0x00, 0xCD,0x11, 0x8D,0x09, 0xC9,0x00, 0xEA,0x08,
 0xCA,0x08, 0xCA,0x08, 0xCB,0x08, 0xEC,0x10, 0x4B,0x08, 0x94,0x33, 0xDF,0x4D, 0xBD,0x3B, 0xFD,0x3B, 0xDD,0x3B, 0xDD,0x4C, 0x1C,0x55,
 0xF9,0x3A, 0x7A,0x3B, 0x5B,0x3B, 0x3F,0x44, 0x79,0x33, 0xAC,0x08, 0xEE,0x10, 0xED,0x08, 0x0D,0x09, 0x0D,0x09, 0x0D,0x09, 0x0D,0x09,
 0x0D,0x09, 0x2E,0x09, 0x8E,0x00, 0xB2,0x32, 0xBF,0x87, 0x1E,0x4E, 0x7E,0x4D, 0x9E,0x4D, 0x9E,0x4D, 0xBE,0x4D, 0x5E,0x87, 0xBB,0x44,
 0x1C,0x2C, 0x5D,0x34, 0x7D,0x34, 0x1F,0x3D, 0xF3,0x19, 0x6C,0x08, 0xD3,0x22, 0x9B,0x45, 0xFF,0x56, 0x7F,0x4E, 0x1E,0x46, 0xFE,0x45,
 0xDE,0x45, 0x3D,0x56, 0x3E,0x87, 0x1E,0x87, 0x7D,0x4D, 0xDD,0x24, 0x1E,0x35, 0x3E,0x3D, 0x9E,0x35, 0xDF,0x4E, 0xDB,0x4D, 0xF1,0x19,
 0x6E,0x00, 0x0F,0x09, 0xEE,0x08, 0xCF,0x08, 0xB2,0x19, 0xBD,0x8E, 0xFF,0x97, 0x5E,0x5F, 0x5F,0x5F, 0x5F,0x5F, 0x7F,0x67, 0xFF,0x9F,
 0xD3,0x3A, 0x8E,0x00, 0x0E,0x09, 0xED,0x08, 0xEC,0x08, 0xEC,0x08, 0xEB,0x08, 0xCA,0x08, 0xEA,0x08, 0xEA,0x08, 0xEA,0x00, 0xEA,0x08,
 0x0A,0x09, 0x0A,0x09, 0x0A,0x09, 0x0A,0x09, 0x0A,0x09, 0xE9,0x08, 0xE9,0x08, 0x09,0x09, 0xE9,0x08, 0xEA,0x08, 0xEA,0x08, 0xEA,0x08,
 0xEA,0x08, 0xEA,0x08, 0xC9,0x08, 0xCE,0x19, 0x51,0x1A, 0xEA,0x10, 0xEA,0x10, 0xEA,0x08, 0x0A,0x09, 0x2A,0x09, 0x2A,0x09, 0x2A,0x09,
 0x2B,0x09, 0x2B,0x09, 0xEA,0x08, 0x8C,0x11, 0x74,0x23, 0x8C,0x11, 0x2B,0x09, 0x2A,0x09, 0x14,0x2C, 0xB0,0x1A, 0xC9,0x08, 0x0A,0x09,
 0xE9,0x08, 0xE9,0x08, 0xC9,0x08, 0xA9,0x08, 0x8D,0x11, 0x30,0x12, 0x0F,0x12, 0x0A,0x09, 0x88,0x08, 0xA8,0x08, 0xA8,0x08, 0x89,0x08,
 0x88,0x08, 0xA8,0x08, 0x88,0x08, 0x88,0x08, 0x88,0x10, 0x88,0x10, 0x88,0x10, 0x88,0x10, 0x88,0x08, 0x88,0x10, 0x47,0x08, 0x0E,0x1A,
 0xCD,0x11, 0x47,0x08, 0x88,0x10, 0x88,0x08, 0x88,0x08, 0x68,0x08, 0xC9,0x08, 0xC9,0x08, 0xC9,0x08, 0xC9,0x08, 0xC9,0x08, 0xC9,0x08,
 0xC8,0x08, 0xC8,0x08, 0xC9,0x08, 0xC8,0x08, 0xC9,0x00, 0xC9,0x08, 0xA8,0x08, 0xA8,0x08, 0xA8,0x08, 0xA8,0x08, 0xA8,0x08, 0xA8,0x08,

 0x45,0x00, 0x45,0x00, 0x66,0x00, 0x65,0x00, 0x65,0x00, 0x65,0x00, 0x65,0x00, 0x45,0x00, 0x66,0x00, 0x67,0x00, 0x4C,0x19, 0xEA,0x10,
 0x25,0x00, 0x66,0x00, 0x46,0x00, 0x66,0x00, 0x66,0x00, 0x46,0x00, 0x66,0x00, 0x66,0x00, 0x66,0x00, 0x66,0x00, 0x66,0x00, 0x66,0x00,
 0x66,0x00, 0x86,0x00, 0x66,0x00, 0x8F,0x11, 0x1C,0x3C, 0x4D,0x09, 0x66,0x00, 0x87,0x00, 0x87,0x00, 0x87,0x00, 0x87,0x00, 0x86,0x00,
 0xA7,0x00, 0xC8,0x08, 0xA7,0x00, 0x66,0x00, 0x87,0x00, 0x4A,0x09, 0x0F,0x12, 0x0F,0x12, 0xC9,0x00, 0xC8,0x00, 0xE9,0x08, 0x09,0x09,
 0x09,0x01, 0x08,0x01, 0x92,0x23, 0x2C,0x12, 0xE8,0x00, 0xC7,0x00, 0xEC,0x09, 0x93,0x23, 0xC7,0x00, 0xC8,0x00, 0xEE,0x11, 0xEF,0x09,
 0xEF,0x09, 0xEF,0x09, 0x0F,0x0A, 0x6B,0x09, 0xA7,0x00, 0xC8,0x00, 0xA7,0x00, 0x6B,0x09, 0xCD,0x09, 0xC8,0x00, 0xC9,0x00, 0xCA,0x00,
 0xCA,0x00, 0xCB,0x08, 0xCC,0x08, 0xEC,0x08, 0x4B,0x08, 0x53,0x33, 0xBF,0x55, 0x9D,0x3B, 0xBC,0x3B, 0xBC,0x3B, 0x9D,0x4C, 0xFC,0x54,
 0xF9,0x3A, 0x5A,0x43, 0x5B,0x3B, 0x1F,0x44, 0x9A,0x3B, 0xAD,0x08, 0xEE,0x10, 0xED,0x08, 0x0D,0x09, 0x0D,0x09, 0x0D,0x09, 0x0D,0x09,
 0x0E,0x09, 0xEF,0x08, 0x0E,0x09, 0x9B,0x76, 0xDF,0x66, 0x7E,0x4D, 0x5E,0x4D, 0x7E,0x4D, 0x3E,0x45, 0xDE,0x76, 0xFC,0x65, 0xBB,0x2B,
 0x3C,0x34, 0x3D,0x34, 0xBE,0x34, 0xDA,0x2B, 0x73,0x22, 0x5B,0x45, 0xBF,0x4E, 0x5F,0x46, 0xDE,0x45, 0xDE,0x45, 0xBE,0x45, 0xFD,0x4D,
 0xFE,0x7E, 0x5E,0x9F, 0x1D,0x66, 0xBD,0x2C, 0xBD,0x2C, 0xFE,0x34, 0x1E,0x35, 0xDF,0x3D, 0xDF,0x4E, 0x56,0x3C, 0xCF,0x08, 0x8F,0x08,
 0x0F,0x09, 0xAE,0x08, 0x10,0x11, 0xF8,0x22, 0x5B,0x23, 0x9A,0x44, 0xBE,0x7F, 0x3E,0x5F, 0x3F,0x5F, 0x3F,0x5F, 0x3F,0x5F, 0xFF,0x7F,
 0xFA,0x7D, 0x8E,0x00, 0xEE,0x08, 0xED,0x08, 0xEC,0x08, 0xEC,0x08, 0xEB,0x08, 0xEB,0x08, 0xEA,0x08, 0xEA,0x08, 0xEA,0x08, 0xEA,0x08,
 0x0A,0x09, 0x0A,0x09, 0x0A,0x09, 0x0A,0x09, 0x09,0x09, 0x0A,0x09, 0xEA,0x08, 0xE9,0x08, 0xE9,0x08, 0xE9,0x08, 0xEA,0x08, 0xEA,0x08,
 0xEA,0x08, 0xEA,0x08, 0xEA,0x10, 0xEA,0x10, 0xCE,0x11, 0x6D,0x11, 0xA9,0x08, 0xE9,0x08, 0xEA,0x08, 0x2B,0x11, 0x2B,0x11, 0x2B,0x11,
 0x2B,0x11, 0x2B,0x11, 0x0B,0x09, 0xA9,0x08, 0xB1,0x1A, 0xD1,0x1A, 0x0A,0x09, 0xE9,0x08, 0x0D,0x12, 0x15,0x2C, 0x2A,0x09, 0xEA,0x08,
 0xEA,0x08, 0xEA,0x08, 0xC9,0x08, 0x0A,0x09, 0xEF,0x11, 0x2B,0x11, 0x87,0x08, 0x88,0x08, 0xE9,0x08, 0xA8,0x08, 0xA8,0x08, 0xA8,0x08,
 0x88,0x08, 0x88,0x10, 0x88,0x10, 0x88,0x10, 0x88,0x08, 0x88,0x08, 0x88,0x10, 0x88,0x08, 0x88,0x08, 0x47,0x08, 0x2E,0x1A, 0xCD,0x11,
 0x46,0x08, 0x67,0x08, 0x88,0x10, 0x88,0x08, 0x47,0x00, 0xEE,0x19, 0x90,0x22, 0x4F,0x1A, 0x4F,0x1A, 0x4F,0x1A, 0x4F,0x1A, 0x4F,0x1A,
 0x4E,0x1A, 0x4E,0x1A, 0x2F,0x1A, 0x2E,0x1A, 0x4F,0x1A, 0x0E,0x1A, 0x8C,0x11, 0x6C,0x11, 0x6C,0x11, 0x6C,0x11, 0x6C,0x11, 0x4B,0x11,

 0x45,0x00, 0x45,0x00, 0x45,0x00, 0x45,0x00, 0x45,0x00, 0x45,0x00, 0x66,0x00, 0x65,0x00, 0x87,0x00, 0x66,0x00, 0x87,0x00, 0xF1,0x29,
 0xC9,0x08, 0x25,0x00, 0x66,0x00, 0x66,0x00, 0x66,0x00, 0x66,0x00, 0x66,0x00, 0x66,0x00, 0x66,0x00, 0x66,0x00, 0x86,0x00, 0x86,0x00,
 0x86,0x00, 0x66,0x00, 0x86,0x00, 0xCA,0x08, 0x0C,0x09, 0xA8,0x00, 0x87,0x00, 0x87,0x00, 0x87,0x00, 0x87,0x00, 0x87,0x00, 0x87,0x00,
 0xA8,0x08, 0xA8,0x00, 0x87,0x00, 0x2A,0x09, 0xE9,0x08, 0x66,0x00, 0x87,0x00, 0x2A,0x09, 0xC8,0x00, 0xC8,0x00, 0xE9,0x00, 0x09,0x01,
 0xC8,0x00, 0x0C,0x0A, 0x51,0x1B, 0xE8,0x00, 0xE8,0x00, 0xC8,0x00, 0x32,0x1B, 0xEC,0x11, 0x66,0x00, 0x8C,0x09, 0xEF,0x09, 0xEE,0x09,
 0xEE,0x09, 0x0F,0x0A, 0xEE,0x09, 0xE8,0x00, 0xC8,0x00, 0xA8,0x00, 0x09,0x09, 0xED,0x11, 0xE9,0x00, 0xA8,0x00, 0xC9,0x00, 0xCA,0x00,
 0xCA,0x08, 0xCB,0x08, 0xCB,0x08, 0xEC,0x08, 0x6B,0x08, 0xF2,0x2A, 0xBF,0x55, 0x9D,0x43, 0x9C,0x3B, 0x9C,0x3B, 0x3D,0x44, 0xFD,0x54,
 0x19,0x3B, 0x5A,0x43, 0x5B,0x3B, 0xFF,0x43, 0xDB,0x3B, 0xCD,0x08, 0xEE,0x10, 0xEE,0x10, 0x0D,0x09, 0x0E,0x09, 0x0E,0x09, 0x0E,0x09,
 0x2F,0x11, 0x4D,0x00, 0x35,0x4C, 0xBF,0x7F, 0x7E,0x4D, 0x3E,0x4D, 0x5E,0x4D, 0x3E,0x4D, 0xBE,0x55, 0xFD,0x7E, 0xFA,0x33, 0xFC,0x33,
 0x1C,0x34, 0x3D,0x34, 0xBE,0x34, 0x5D,0x45, 0x5F,0x4E, 0x1F,0x46, 0x9E,0x45, 0x9E,0x45, 0x7E,0x3D, 0x5D,0x3D, 0x5D,0x66, 0x7E,0x97,
 0x7D,0x7E, 0xFC,0x3C, 0x9D,0x34, 0xDD,0x34, 0xFD,0x34, 0x1D,0x35, 0x5F,0x46, 0xFC,0x45, 0x71,0x22, 0x6D,0x00, 0xEF,0x10, 0x0F,0x11,
 0xEF,0x08, 0x14,0x1A, 0xDB,0x2B, 0x1D,0x2C, 0x9C,0x2B, 0x7A,0x23, 0xDD,0x76, 0x7E,0x67, 0x1E,0x5F, 0x1E,0x5F, 0x3F,0x5F, 0x5E,0x5F,
 0xFF,0x8F, 0x71,0x32, 0x8D,0x00, 0x0E,0x09, 0xED,0x08, 0xEC,0x08, 0xEC,0x08, 0xEB,0x08, 0xEB,0x08, 0xEA,0x08, 0xEA,0x08, 0xEA,0x08,
 0xEA,0x08, 0xEA,0x08, 0x0A,0x09, 0x0A,0x09, 0xE9,0x08, 0xE9,0x08, 0xE9,0x08, 0xE9,0x08, 0xE9,0x08, 0xE9,0x08, 0xEA,0x08, 0xEA,0x08,
 0xEA,0x08, 0xEA,0x10, 0xEA,0x10, 0xEA,0x10, 0xCA,0x10, 0xD2,0x1A, 0xCD,0x11, 0xA8,0x08, 0xE9,0x08, 0x0A,0x09, 0x2B,0x11, 0x2B,0x11,
 0x0B,0x09, 0x0B,0x11, 0x2A,0x09, 0xC9,0x08, 0x4B,0x09, 0x33,0x23, 0x8C,0x11, 0xE9,0x08, 0xC9,0x08, 0x92,0x23, 0x8F,0x1A, 0xCA,0x08,
 0x0A,0x09, 0xEA,0x08, 0xC9,0x08, 0xC9,0x08, 0xA8,0x08, 0xA8,0x08, 0x4C,0x11, 0x0F,0x1A, 0x8D,0x11, 0x88,0x08, 0x88,0x08, 0x88,0x08,
 0x88,0x08, 0x88,0x10, 0x88,0x08, 0x88,0x08, 0x88,0x08, 0x88,0x08, 0x88,0x08, 0x68,0x08, 0x67,0x08, 0x2E,0x1A, 0xAC,0x11, 0x26,0x08,
 0x87,0x10, 0x68,0x08, 0x68,0x08, 0x47,0x00, 0xEE,0x11, 0xEE,0x11, 0x47,0x00, 0x47,0x08, 0x47,0x08, 0x47,0x08, 0x46,0x08, 0x46,0x08,
 0x46,0x08, 0x46,0x08, 0x46,0x00, 0x46,0x00, 0x66,0x00, 0x66,0x00, 0x66,0x00, 0x46,0x08, 0x47,0x08, 0x67,0x08, 0x66,0x08, 0x46,0x08,

 0x45,0x00, 0x45,0x00, 0x45,0x00, 0x45,0x00, 0x45,0x00, 0x45,0x00, 0x45,0x00, 0x45,0x00, 0x66,0x00, 0x66,0x00, 0x45,0x00, 0x67,0x00,
 0xAF,0x21, 0xA8,0x08, 0x45,0x00, 0x65,0x00, 0x45,0x00, 0x65,0x00, 0x45,0x00, 0x45,0x00, 0x65,0x00, 0x65,0x00, 0x65,0x00, 0x65,0x00,
 0x65,0x00, 0x65,0x00, 0x65,0x00, 0x45,0x00, 0x45,0x00, 0x65,0x00, 0x66,0x00, 0x66,0x00, 0x66,0x00, 0x86,0x00, 0x86,0x00, 0x87,0x00,
 0xC9,0x08, 0x87,0x00, 0x86,0x00, 0x2A,0x09, 0xCD,0x11, 0xAD,0x11, 0x2A,0x09, 0x87,0x00, 0xA8,0x00, 0xC9,0x00, 0xC8,0x00, 0xE9,0x00,
 0xE9,0x00, 0x30,0x1B, 0xEC,0x11, 0xC7,0x00, 0xA7,0x00, 0xEC,0x11, 0x31,0x23, 0x86,0x00, 0xE9,0x08, 0xEE,0x11, 0xEE,0x09, 0xEE,0x09,
 0xEE,0x09, 0x0F,0x0A, 0x2A,0x09, 0xA7,0x00, 0xC8,0x00, 0xC8,0x00, 0xCD,0x11, 0x4A,0x09, 0xA8,0x00, 0xC8,0x00, 0xC9,0x00, 0xC9,0x00,
 0xCA,0x00, 0xEA,0x08, 0xEB,0x08, 0xEC,0x08, 0x6C,0x08, 0x91,0x22, 0xDF,0x5D, 0x7D,0x43, 0x7C,0x43, 0x7C,0x3B, 0xDC,0x43, 0xFD,0x54,
 0x19,0x3B, 0x3A,0x43, 0x5A,0x3B, 0xDE,0x43, 0xFC,0x43, 0xEE,0x08, 0xCE,0x08, 0xEE,0x10, 0xEE,0x08, 0x0E,0x09, 0x0E,0x09, 0x0E,0x09,
 0xCF,0x08, 0xB0,0x19, 0x5D,0x87, 0x1E,0x56, 0x1E,0x4D, 0x1E,0x4D, 0x3E,0x4D, 0xFE,0x44, 0xFE,0x76, 0x1B,0x4D, 0x7B,0x2B, 0xFC,0x33,
 0xFC,0x33, 0x7D,0x34, 0x5E,0x45, 0xBF,0x45, 0x5E,0x45, 0x3E,0x45, 0x3E,0x45, 0xFD,0x34, 0xBD,0x4D, 0x1E,0x87, 0xDD,0x86, 0x1C,0x4D,
 0x5C,0x2C, 0x9D,0x34, 0xBD,0x3C, 0xDD,0x3C, 0x7E,0x3D, 0x9F,0x4E, 0xB8,0x3C, 0x2E,0x11, 0x6D,0x00, 0xEE,0x08, 0xEF,0x10, 0x0F,0x09,
 0xCE,0x08, 0x78,0x2B, 0xFF,0x3C, 0xFD,0x2B, 0xFC,0x2B, 0x9C,0x23, 0x3B,0x4D, 0xBE,0x7F, 0x1E,0x57, 0x1F,0x57, 0x1F,0x57, 0x1E,0x4F,
 0xFF,0x77, 0x99,0x6D, 0x6D,0x00, 0xEE,0x08, 0xED,0x08, 0xEC,0x08, 0xEC,0x08, 0xEB,0x08, 0xEB,0x08, 0xEA,0x00, 0xEA,0x00, 0xE9,0x08,
 0xE9,0x08, 0xE9,0x08, 0xE9,0x08, 0xE9,0x08, 0xE9,0x08, 0xE9,0x08, 0xE9,0x08, 0xE9,0x08, 0xE9,0x08, 0xE9,0x08, 0xE9,0x08, 0xE9,0x08,
 0xEA,0x10, 0xCA,0x10, 0xCA,0x10, 0xEA,0x10, 0xEA,0x08, 0xEE,0x11, 0xD2,0x12, 0xC9,0x08, 0xC8,0x10, 0xE9,0x08, 0x0A,0x09, 0x0B,0x09,
 0x0A,0x09, 0x0A,0x09, 0x0A,0x09, 0x0A,0x09, 0xA8,0x08, 0x2F,0x1A, 0x90,0x1A, 0xE9,0x08, 0xC9,0x08, 0xCC,0x11, 0xD3,0x2B, 0x2B,0x09,
 0xEA,0x08, 0xEA,0x08, 0x0A,0x11, 0xC9,0x08, 0xC8,0x08, 0xEE,0x11, 0xEE,0x11, 0x0A,0x09, 0x67,0x08, 0x67,0x08, 0x88,0x08, 0x88,0x08,
 0x88,0x08, 0x88,0x08, 0x88,0x08, 0x88,0x08, 0x88,0x08, 0x67,0x08, 0x47,0x08, 0x67,0x08, 0x2E,0x1A, 0xAC,0x11, 0x26,0x08, 0x87,0x08,
 0x68,0x10, 0x67,0x08, 0x47,0x00, 0xED,0x19, 0xED,0x19, 0x06,0x00, 0x47,0x08, 0x87,0x08, 0x67,0x08, 0x67,0x08, 0x67,0x08, 0x67,0x08,
 0x67,0x08, 0x67,0x08, 0x67,0x08, 0x67,0x08, 0x67,0x08, 0x67,0x08, 0x67,0x08, 0x67,0x08, 0x67,0x08, 0x67,0x10, 0x67,0x08, 0x66,0x08,

 0x66,0x00, 0x66,0x00, 0x66,0x00, 0x66,0x00, 0x66,0x00, 0x66,0x00, 0x66,0x00, 0x66,0x00, 0x88,0x00, 0x88,0x00, 0x87,0x00, 0x67,0x00,
 0xA9,0x08, 0x8E,0x19, 0xA8,0x08, 0x87,0x00, 0x87,0x00, 0x87,0x00, 0x87,0x00, 0x87,0x00, 0x87,0x00, 0xA7,0x00, 0xA7,0x00, 0xA7,0x00,
 0xA7,0x00, 0xA7,0x00, 0xA7,0x00, 0xA7,0x00, 0xA7,0x00, 0xC8,0x00, 0xC8,0x00, 0xE8,0x00, 0xE8,0x00, 0xA7,0x00, 0xA7,0x00, 0xC8,0x00,
 0xE9,0x08, 0x87,0x00, 0xC8,0x00, 0x66,0x00, 0x65,0x00, 0x09,0x09, 0x6B,0x09, 0xA7,0x00, 0xA8,0x00, 0xC8,0x00, 0xC8,0x00, 0xA8,0x00,
 0xAB,0x09, 0x10,0x1B, 0xE8,0x00, 0xC8,0x00, 0xC7,0x00, 0x11,0x23, 0xAB,0x11, 0x66,0x00, 0x8C,0x09, 0xEE,0x11, 0xCE,0x09, 0xCE,0x09,
 0xEF,0x09, 0xAD,0x09, 0xA7,0x00, 0xC7,0x00, 0xA8,0x00, 0x6C,0x09, 0xAC,0x09, 0xA7,0x00, 0xC8,0x00, 0xC8,0x00, 0xC9,0x00, 0xC9,0x00,
 0xCA,0x00, 0xCA,0x08, 0xCB,0x08, 0xEC,0x08, 0x8C,0x08, 0xEF,0x19, 0xDF,0x5D, 0x9D,0x43, 0x3C,0x3B, 0x5C,0x3B, 0x7C,0x3B, 0xBD,0x54,
 0x39,0x3B, 0x39,0x43, 0x5A,0x3B, 0xBD,0x43, 0x3E,0x4C, 0x30,0x11, 0xCE,0x08, 0xEE,0x08, 0xEE,0x08, 0xEE,0x08, 0xEE,0x08, 0xEF,0x08,
 0x6E,0x00, 0x79,0x65, 0x1F,0x6F, 0xFE,0x4C, 0xFE,0x4C, 0x1E,0x4D, 0xFE,0x4C, 0xFE,0x5D, 0x7D,0x6E, 0x9A,0x2B, 0xDC,0x33, 0xDC,0x33,
 0x3C,0x34, 0x1E,0x3D, 0x1E,0x45, 0x1E,0x45, 0x1E,0x45, 0xFE,0x3C, 0x3D,0x45, 0x9D,0x76, 0x1D,0x8F, 0x7C,0x5D, 0x3C,0x2C, 0x5D,0x2C,
 0x9D,0x3C, 0x9D,0x3C, 0xDD,0x3C, 0x1F,0x46, 0x7E,0x56, 0x34,0x2B, 0x6D,0x00, 0xCE,0x08, 0x0E,0x09, 0xEE,0x08, 0xEE,0x08, 0x0F,0x09,
 0xCE,0x08, 0x71,0x11, 0xBD,0x3C, 0x7E,0x34, 0x3D,0x34, 0x1D,0x2C, 0xFB,0x2B, 0x1D,0x77, 0x5E,0x5F, 0x1F,0x4F, 0x1F,0x57, 0x1F,0x57,
 0x5F,0x57, 0xBE,0x87, 0x31,0x2A, 0x8E,0x00, 0x0E,0x09, 0xED,0x08, 0xEC,0x08, 0xEC,0x08, 0xEB,0x08, 0xEA,0x08, 0xEA,0x00, 0xE9,0x00,
 0xE9,0x08, 0xE9,0x08, 0xE9,0x08, 0xE9,0x08, 0xC9,0x08, 0xE9,0x08, 0xE9,0x08, 0xE9,0x08, 0xE9,0x08, 0xE9,0x08, 0xE9,0x08, 0xEA,0x10,
 0xEA,0x10, 0xCA,0x10, 0xCA,0x10, 0x2B,0x09, 0x93,0x1B, 0xAB,0x09, 0xAE,0x11, 0xCE,0x11, 0xA8,0x08, 0xE8,0x08, 0xE9,0x08, 0x0A,0x09,
 0xEA,0x08, 0xEA,0x08, 0x0A,0x09, 0x0A,0x09, 0xC9,0x08, 0xE9,0x08, 0xF1,0x1A, 0x6B,0x09, 0xC8,0x08, 0xC8,0x08, 0x72,0x23, 0x6E,0x1A,
 0xC9,0x08, 0x0A,0x09, 0xEA,0x08, 0xC8,0x08, 0xA8,0x08, 0xC8,0x08, 0x46,0x00, 0x66,0x00, 0x2A,0x09, 0x6B,0x11, 0xA8,0x08, 0x88,0x08,
 0x88,0x08, 0x88,0x08, 0x88,0x08, 0x88,0x08, 0x67,0x08, 0xE9,0x08, 0x8C,0x11, 0x0E,0x12, 0x8B,0x11, 0x26,0x00, 0x88,0x08, 0x68,0x08,
 0x68,0x08, 0x47,0x00, 0xED,0x19, 0xED,0x11, 0x26,0x00, 0x2A,0x11, 0x0A,0x11, 0x26,0x08, 0x26,0x08, 0x26,0x08, 0x26,0x08, 0x26,0x08,
 0x26,0x00, 0x26,0x08, 0x26,0x00, 0x26,0x08, 0x26,0x00, 0x46,0x08, 0x46,0x08, 0x46,0x08, 0x46,0x08, 0x46,0x08, 0x46,0x08, 0x46,0x08,

 0xA8,0x08, 0xA8,0x08, 0xC8,0x08, 0xC8,0x08, 0xC8,0x08, 0xC9,0x08, 0xC9,0x08, 0xC9,0x08, 0xEA,0x10, 0xEA,0x08, 0xC9,0x08, 0xEA,0x08,
 0xC9,0x08, 0xCA,0x08, 0xEA,0x08, 0xEA,0x08, 0xEA,0x08, 0xEA,0x08, 0xEA,0x08, 0xEA,0x08, 0x0A,0x09, 0x0A,0x09, 0x2A,0x09, 0x2A,0x09,
 0x2A,0x09, 0x4A,0x09, 0x4B,0x09, 0x4B,0x09, 0x4B,0x09, 0x6B,0x09, 0x8C,0x09, 0x8C,0x09, 0x6B,0x09, 0x0A,0x09, 0x09,0x09, 0x0A,0x09,
 0xA8,0x00, 0x87,0x00, 0xAD,0x11, 0xCD,0x11, 0x09,0x09, 0x86,0x00, 0x66,0x00, 0x87,0x00, 0xA7,0x00, 0xC8,0x00, 0xC8,0x00, 0xA8,0x00,
 0x8F,0x12, 0x0C,0x12, 0xA7,0x00, 0x87,0x00, 0xCC,0x11, 0x11,0x23, 0x86,0x00, 0xE9,0x08, 0xCE,0x11, 0xCE,0x09, 0xCE,0x09, 0xCE,0x09,
 0xEE,0x09, 0x29,0x09, 0xA7,0x00, 0x87,0x00, 0x4A,0x09, 0x71,0x12, 0xE9,0x00, 0xA7,0x00, 0xC8,0x00, 0xC8,0x00, 0xC8,0x00, 0xC9,0x08,
 0xC9,0x08, 0xCA,0x08, 0xCB,0x08, 0xEC,0x08, 0xAC,0x08, 0x6E,0x11, 0xBE,0x5D, 0xBE,0x4B, 0x1B,0x43, 0x1C,0x43, 0x1B,0x3B, 0x7D,0x4C,
 0x7A,0x43, 0x19,0x3B, 0x5A,0x43, 0x7C,0x43, 0x7F,0x4C, 0xD2,0x19, 0xAE,0x08, 0xEE,0x08, 0xEE,0x08, 0xEE,0x08, 0x0E,0x11, 0x6D,0x00,
 0xB2,0x2A, 0x9F,0x7F, 0x5E,0x4D, 0xBE,0x4C, 0xDE,0x4C, 0xDE,0x4C, 0xDD,0x4C, 0x1E,0x77, 0x7A,0x44, 0x9B,0x33, 0xDB,0x33, 0x1C,0x34,
 0xDE,0x3C, 0xFE,0x44, 0xDE,0x44, 0xBE,0x3C, 0xDD,0x3C, 0x3D,0x66, 0x3E,0x87, 0x1D,0x6E, 0x5C,0x3C, 0xFC,0x2B, 0x3D,0x34, 0x5D,0x34,
 0x7D,0x34, 0x1E,0x3D, 0x9F,0x4E, 0x5A,0x4D, 0xB1,0x19, 0x8E,0x00, 0x0E,0x09, 0xEE,0x08, 0xEE,0x08, 0xEE,0x08, 0xEE,0x08, 0xEE,0x08,
 0xEF,0x08, 0xAE,0x08, 0x98,0x33, 0x1F,0x3D, 0x5D,0x34, 0x5D,0x34, 0xDC,0x23, 0x9C,0x55, 0x9E,0x6F, 0xDF,0x4E, 0xFF,0x4E, 0x1F,0x4F,
 0xFF,0x4E, 0xFF,0x77, 0x79,0x6D, 0x8E,0x00, 0xEE,0x08, 0xED,0x08, 0xEC,0x08, 0xEC,0x08, 0xEB,0x00, 0xEA,0x08, 0xCA,0x00, 0xC9,0x00,
 0xC9,0x00, 0xE9,0x00, 0xE9,0x08, 0xC9,0x08, 0xC9,0x08, 0xC9,0x08, 0xE9,0x08, 0xE9,0x08, 0xE9,0x08, 0xC9,0x08, 0xCA,0x08, 0xCA,0x10,
 0xA9,0x08, 0xAF,0x21, 0x8F,0x21, 0xA9,0x08, 0x4D,0x0A, 0x6A,0x09, 0xC8,0x08, 0x10,0x1A, 0x0A,0x09, 0xC8,0x08, 0xE8,0x08, 0xEA,0x08,
 0x0A,0x09, 0xEA,0x08, 0xEA,0x08, 0xEA,0x08, 0xE9,0x08, 0x87,0x08, 0xED,0x11, 0x70,0x1A, 0xC8,0x00, 0xC8,0x00, 0x0D,0x12, 0x92,0x23,
 0xEA,0x08, 0xEA,0x08, 0xC9,0x08, 0xC8,0x08, 0xA8,0x08, 0x87,0x08, 0x2A,0x09, 0xCD,0x11, 0xCD,0x11, 0x0A,0x09, 0x88,0x08, 0xA9,0x10,
 0x88,0x08, 0x88,0x08, 0x88,0x08, 0x87,0x10, 0x87,0x08, 0x52,0x13, 0x36,0x1C, 0x4F,0x1A, 0x26,0x00, 0x87,0x08, 0x87,0x08, 0x67,0x08,
 0x46,0x00, 0xED,0x11, 0xED,0x19, 0x05,0x00, 0x09,0x11, 0x2A,0x11, 0x8B,0x11, 0x0E,0x1A, 0xED,0x11, 0x0E,0x12, 0x0D,0x12, 0x0D,0x12,
 0x0D,0x12, 0xED,0x11, 0xED,0x11, 0xCD,0x11, 0xAC,0x11, 0x6B,0x11, 0x4B,0x11, 0x4B,0x11, 0x4B,0x11, 0x4B,0x11, 0x4A,0x11, 0x2A,0x11,

 0x25,0x00, 0x25,0x00, 0x25,0x00, 0x45,0x00, 0x45,0x00, 0x45,0x00, 0x45,0x00, 0x45,0x00, 0x67,0x00, 0x66,0x00, 0x45,0x00, 0x46,0x00,
 0x46,0x00, 0x46,0x00, 0x45,0x00, 0x45,0x00, 0x45,0x00, 0x45,0x00, 0x65,0x00, 0x45,0x00, 0x45,0x00, 0x65,0x00, 0x65,0x00, 0x65,0x00,
 0x65,0x00, 0x66,0x00, 0x66,0x00, 0x66,0x00, 0x66,0x00, 0x66,0x00, 0x66,0x00, 0x66,0x00, 0x66,0x00, 0x66,0x00, 0x86,0x00, 0x87,0x00,
 0x87,0x00, 0x66,0x00, 0x87,0x00, 0x0A,0x09, 0xAD,0x11, 0x8C,0x11, 0x87,0x00, 0x86,0x00, 0xA7,0x00, 0xC8,0x00, 0xA7,0x00, 0x09,0x01,
 0xAF,0x1A, 0x08,0x01, 0xA7,0x00, 0xA8,0x00, 0xF1,0x1A, 0xCC,0x11, 0x45,0x00, 0x6C,0x09, 0xCE,0x09, 0xAE,0x09, 0xCE,0x09, 0xCE,0x09,
 0x8C,0x09, 0xA7,0x00, 0xA7,0x00, 0x87,0x00, 0x0E,0x12, 0x0F,0x12, 0xA7,0x00, 0xA8,0x00, 0xC8,0x00, 0xC8,0x08, 0xC8,0x00, 0xC9,0x00,
 0xC9,0x08, 0xCA,0x08, 0xCB,0x08, 0xCC,0x08, 0xCC,0x08, 0xCD,0x08, 0x3C,0x55, 0xFE,0x53, 0xFB,0x42, 0x1B,0x43, 0xDB,0x3A, 0xFD,0x4B,
 0xBA,0x43, 0xF9,0x3A, 0x5A,0x43, 0x7B,0x43, 0x5F,0x4C, 0xB6,0x2A, 0xAE,0x08, 0xEF,0x08, 0xEE,0x10, 0xEE,0x08, 0xCE,0x08, 0xCD,0x08,
 0x7B,0x6E, 0x1F,0x5E, 0x9E,0x4C, 0x9E,0x4C, 0xBE,0x4C, 0x7E,0x4C, 0x3D,0x66, 0x1C,0x66, 0x7A,0x2B, 0xDB,0x3B, 0x1C,0x3C, 0xBD,0x3C,
 0xDE,0x3C, 0x9E,0x3C, 0x7D,0x34, 0x9D,0x4D, 0x1E,0x7F, 0x7D,0x76, 0x9C,0x44, 0xFC,0x33, 0x3D,0x3C, 0x5C,0x3C, 0x5D,0x34, 0x7D,0x34,
 0x9F,0x45, 0x7E,0x56, 0x94,0x33, 0xAD,0x08, 0xCE,0x08, 0x2E,0x09, 0x0E,0x09, 0x0E,0x09, 0xED,0x08, 0xED,0x08, 0xED,0x08, 0xEE,0x08,
 0x0E,0x09, 0xCE,0x08, 0xD2,0x19, 0x3E,0x45, 0xBE,0x3C, 0x9D,0x34, 0x3D,0x2C, 0x3C,0x2C, 0x1D,0x6F, 0xFE,0x56, 0xDF,0x4E, 0xFF,0x4E,
 0xFF,0x4E, 0x5F,0x5F, 0xBE,0x97, 0xF0,0x21, 0xAE,0x00, 0xEE,0x08, 0xED,0x08, 0xEC,0x08, 0xEB,0x08, 0xCA,0x00, 0xCA,0x00, 0xE9,0x00,
 0xC9,0x00, 0xE9,0x00, 0xE9,0x08, 0xC9,0x08, 0xC9,0x00, 0xC9,0x08, 0xE9,0x08, 0xC9,0x08, 0xC9,0x08, 0xE9,0x08, 0xEA,0x10, 0xE9,0x08,
 0xCA,0x08, 0xEB,0x10, 0xEB,0x10, 0xC9,0x08, 0xA8,0x08, 0xA8,0x08, 0x87,0x08, 0x6C,0x11, 0xCF,0x11, 0xA8,0x08, 0xC8,0x08, 0xE9,0x08,
 0xEA,0x08, 0xEA,0x08, 0xE9,0x08, 0xE9,0x08, 0xE9,0x08, 0xA8,0x08, 0xE9,0x08, 0xD2,0x1A, 0x4B,0x09, 0xC8,0x00, 0x09,0x01, 0x52,0x23,
 0xCC,0x11, 0xC9,0x08, 0xE9,0x08, 0xC8,0x08, 0xA8,0x08, 0xA7,0x08, 0x4B,0x11, 0xE9,0x08, 0x46,0x00, 0x46,0x00, 0xA8,0x08, 0xC9,0x10,
 0x88,0x08, 0x88,0x08, 0x88,0x08, 0x88,0x10, 0xA8,0x08, 0x52,0x13, 0x15,0x14, 0xCC,0x11, 0x46,0x08, 0x88,0x08, 0x68,0x08, 0x47,0x00,
 0xED,0x11, 0xED,0x11, 0x26,0x00, 0x46,0x08, 0xE8,0x10, 0x4A,0x11, 0x6A,0x11, 0x6B,0x11, 0x4A,0x09, 0x4B,0x09, 0x4B,0x11, 0x4B,0x11,
 0x4B,0x11, 0x4B,0x09, 0x2A,0x09, 0x2A,0x09, 0x2A,0x09, 0xE9,0x08, 0xE9,0x08, 0xE9,0x08, 0xE9,0x08, 0xE9,0x08, 0xE9,0x08, 0xC8,0x08,

 0x25,0x00, 0x25,0x00, 0x25,0x00, 0x45,0x00, 0x45,0x00, 0x25,0x00, 0x25,0x00, 0x44,0x00, 0x66,0x00, 0x66,0x00, 0x45,0x00, 0x45,0x00,
 0x45,0x00, 0x45,0x00, 0x45,0x00, 0x45,0x00, 0x45,0x00, 0x45,0x00, 0x65,0x00, 0x65,0x00, 0x65,0x00, 0x45,0x00, 0x45,0x00, 0x45,0x00,
 0x65,0x00, 0x65,0x00, 0x65,0x00, 0x65,0x00, 0x65,0x00, 0x65,0x00, 0x65,0x00, 0x65,0x00, 0x65,0x00, 0x65,0x00, 0x86,0x00, 0x86,0x00,
 0x87,0x00, 0x4B,0x09, 0x0A,0x09, 0x87,0x00, 0x66,0x00, 0xA8,0x00, 0x87,0x00, 0x66,0x00, 0xAD,0x11, 0x09,0x09, 0x66,0x00, 0xAB,0x09,
 0xCB,0x09, 0xA7,0x00, 0x87,0x00, 0x8B,0x09, 0x11,0x1B, 0xA7,0x00, 0xC8,0x08, 0xCD,0x11, 0xAD,0x09, 0xAD,0x09, 0xCE,0x09, 0xCE,0x09,
 0x09,0x09, 0x87,0x00, 0xA7,0x00, 0x09,0x01, 0xEE,0x11, 0xE9,0x08, 0xA8,0x08, 0xA8,0x00, 0xC8,0x00, 0xA8,0x00, 0xC8,0x00, 0xC9,0x00,
 0xC9,0x00, 0xCA,0x08, 0xCB,0x08, 0xCC,0x08, 0xCD,0x10, 0x8C,0x08, 0x79,0x4C, 0x5F,0x54, 0xDB,0x42, 0xFB,0x42, 0xDB,0x3A, 0x7C,0x43,
 0x1B,0x4C, 0xD8,0x3A, 0x3A,0x43, 0x5B,0x43, 0xFE,0x4B, 0x9A,0x43, 0xCE,0x08, 0xEF,0x08, 0xEE,0x08, 0x0E,0x11, 0x2C,0x00, 0x35,0x4C,
 0x1F,0x6F, 0x5D,0x4C, 0x5D,0x4C, 0x7D,0x4C, 0x7E,0x4C, 0xDD,0x4C, 0xFD,0x76, 0xFA,0x3B, 0x9B,0x33, 0x1C,0x3C, 0x9D,0x44, 0x7E,0x3C,
 0x3D,0x34, 0xFD,0x44, 0xBD,0x6E, 0xDD,0x6E, 0xFC,0x4C, 0xBC,0x33, 0xFD,0x3B, 0x3D,0x3C, 0x3C,0x3C, 0x3D,0x3C, 0xDE,0x3C, 0x5F,0x4E,
 0x9A,0x4D, 0xF0,0x19, 0x6C,0x00, 0xED,0x08, 0x0E,0x09, 0x0D,0x09, 0x0D,0x09, 0xED,0x00, 0xCD,0x00, 0x0D,0x09, 0x0E,0x09, 0xEE,0x08,
 0x0E,0x09, 0x0F,0x09, 0xCE,0x08, 0x19,0x3C, 0x5F,0x45, 0xBE,0x34, 0x9D,0x34, 0x1C,0x24, 0xDC,0x55, 0x5E,0x67, 0xBF,0x4E, 0xDF,0x4E,
 0xFF,0x4E, 0xFF,0x4E, 0xFF,0x7F, 0xB7,0x5C, 0x6E,0x00, 0x0F,0x09, 0xED,0x08, 0xCC,0x08, 0xCB,0x08, 0xCA,0x00, 0xCA,0x00, 0xC9,0x00,
 0xE9,0x00, 0xE9,0x08, 0xE9,0x08, 0xE9,0x08, 0xE9,0x08, 0xC9,0x08, 0xC9,0x08, 0xC9,0x08, 0xC9,0x08, 0xC9,0x08, 0xC9,0x08, 0xC9,0x08,
 0xC9,0x08, 0xC9,0x10, 0xC9,0x08, 0xC9,0x08, 0xC8,0x08, 0xC8,0x08, 0xA8,0x08, 0xC9,0x08, 0xEF,0x19, 0x2B,0x11, 0xC8,0x08, 0xC8,0x08,
 0xE9,0x08, 0xE9,0x08, 0xE9,0x08, 0xE9,0x08, 0xE9,0x08, 0xE9,0x08, 0x87,0x00, 0x2F,0x12, 0x4F,0x12, 0xC8,0x00, 0xC8,0x00, 0x2E,0x12,
 0xD0,0x1A, 0xC8,0x00, 0xE9,0x08, 0xC8,0x08, 0xC8,0x08, 0xA8,0x08, 0x67,0x00, 0x87,0x00, 0x0A,0x09, 0xAE,0x11, 0xAE,0x11, 0xC9,0x08,
 0xA8,0x08, 0x88,0x08, 0x88,0x08, 0x88,0x08, 0x67,0x08, 0xE9,0x08, 0x6A,0x09, 0x67,0x08, 0x67,0x08, 0x67,0x08, 0x47,0x00, 0x0E,0x12,
 0xED,0x11, 0x26,0x00, 0x67,0x08, 0x67,0x08, 0x66,0x08, 0xE8,0x10, 0xC8,0x08, 0x26,0x00, 0x46,0x08, 0x46,0x08, 0x46,0x08, 0x46,0x08,
 0x47,0x08, 0x46,0x00, 0x46,0x00, 0x46,0x08, 0x46,0x08, 0x46,0x00, 0x46,0x00, 0x46,0x00, 0x46,0x00, 0x46,0x00, 0x46,0x00, 0x46,0x08,

 0xA8,0x08, 0xA8,0x08, 0xA8,0x00, 0xA8,0x00, 0xA8,0x08, 0xA8,0x08, 0xA8,0x08, 0xA7,0x00, 0xE9,0x08, 0xEA,0x08, 0xC8,0x08, 0xC8,0x08,
 0xC8,0x08, 0xC9,0x08, 0xC9,0x08, 0xC9,0x08, 0xC9,0x08, 0xC9,0x08, 0xC9,0x08, 0xE9,0x08, 0xE9,0x08, 0x09,0x09, 0x4A,0x09, 0x2A,0x09,
 0x09,0x09, 0x09,0x09, 0x09,0x09, 0x09,0x09, 0x09,0x09, 0x09,0x09, 0x29,0x09, 0x29,0x09, 0x2A,0x09, 0x09,0x09, 0x86,0x00, 0x86,0x00,
 0x86,0x00, 0x2A,0x09, 0xAD,0x11, 0xCE,0x11, 0x4B,0x09, 0xA8,0x00, 0x87,0x00, 0xE9,0x08, 0xCE,0x11, 0x86,0x00, 0xA7,0x00, 0xCB,0x09,
 0xE8,0x00, 0xA7,0x00, 0x86,0x00, 0x8F,0x1A, 0x0D,0x12, 0x65,0x00, 0x6B,0x09, 0xAE,0x09, 0xAD,0x09, 0xAD,0x09, 0xAE,0x09, 0x6B,0x09,
 0xA7,0x00, 0xA7,0x00, 0x87,0x00, 0xAD,0x11, 0x6B,0x09, 0x87,0x00, 0xC8,0x08, 0xA8,0x00, 0xA8,0x00, 0xA8,0x00, 0xC8,0x00, 0xC8,0x00,
 0xC9,0x00, 0xCA,0x08, 0xCA,0x08, 0xCB,0x08, 0xEC,0x10, 0x6C,0x08, 0x55,0x3B, 0xBF,0x5C, 0xBB,0x42, 0xDB,0x42, 0xBB,0x42, 0xDB,0x3A,
 0xFC,0x4B, 0xF9,0x3A, 0x19,0x43, 0x5A,0x43, 0x9C,0x43, 0x5E,0x4C, 0xB2,0x19, 0xAE,0x08, 0xEE,0x10, 0xAE,0x08, 0x8F,0x19, 0x1D,0x77,
 0x1E,0x4D, 0x1D,0x4C, 0x3D,0x4C, 0x5D,0x4C, 0x3D,0x4C, 0x5D,0x66, 0x3B,0x55, 0x3A,0x33, 0xFC,0x3B, 0x7E,0x44, 0x1D,0x3C, 0x7C,0x3C,
 0x3D,0x5E, 0xFD,0x6E, 0x5C,0x55, 0xBB,0x33, 0xBC,0x33, 0xFC,0x3B, 0xFC,0x3B, 0x1D,0x3C, 0x3D,0x3C, 0x9F,0x45, 0x9E,0x5E, 0xF5,0x33,
 0xCD,0x08, 0x8C,0x00, 0x0D,0x09, 0xED,0x08, 0xED,0x08, 0xED,0x08, 0xED,0x08, 0x8F,0x19, 0x6E,0x11, 0x4C,0x00, 0x8D,0x00, 0xEE,0x08,
 0x0E,0x11, 0x0E,0x11, 0xAE,0x08, 0x12,0x22, 0x9F,0x45, 0xFE,0x34, 0xBE,0x34, 0x7E,0x2C, 0xBC,0x34, 0x1E,0x67, 0xBF,0x4E, 0xBF,0x4E,
 0xDF,0x4E, 0xFF,0x4E, 0x7F,0x57, 0x7D,0x7F, 0x90,0x19, 0xCE,0x08, 0xED,0x08, 0xCC,0x08, 0xCC,0x08, 0xCB,0x00, 0xCA,0x00, 0xCA,0x00,
 0xC9,0x00, 0xC9,0x08, 0xC9,0x08, 0xC8,0x08, 0xC8,0x08, 0xC9,0x08, 0xC9,0x08, 0xC9,0x08, 0xC9,0x08, 0xC9,0x08, 0xC9,0x08, 0xC9,0x08,
 0xC9,0x08, 0xC9,0x08, 0xC8,0x08, 0xA8,0x08, 0xC8,0x08, 0xA8,0x08, 0xC8,0x08, 0xA8,0x08, 0x2C,0x11, 0xAF,0x19, 0xC9,0x08, 0xC8,0x08,
 0xC8,0x08, 0xE9,0x08, 0xC9,0x08, 0xE9,0x08, 0xE9,0x08, 0xE9,0x08, 0xA8,0x00, 0x0A,0x09, 0xB2,0x1A, 0x2A,0x09, 0xC8,0x00, 0x09,0x09,
 0x10,0x23, 0x4A,0x09, 0xC8,0x00, 0xC8,0x00, 0xA8,0x08, 0xE9,0x08, 0xC9,0x08, 0xAD,0x11, 0xCE,0x11, 0x2B,0x09, 0xA8,0x08, 0x67,0x08,
 0xA9,0x08, 0x88,0x08, 0x87,0x08, 0x87,0x08, 0x67,0x08, 0x67,0x08, 0x46,0x08, 0x46,0x08, 0x66,0x08, 0x67,0x08, 0x0E,0x12, 0x0E,0x12,
 0x26,0x00, 0x46,0x08, 0x26,0x00, 0x46,0x00, 0x26,0x00, 0x25,0x00, 0x25,0x00, 0x26,0x00, 0x26,0x00, 0x26,0x00, 0x46,0x00, 0x46,0x00,
 0x46,0x00, 0x46,0x00, 0x46,0x00, 0x46,0x00, 0x46,0x00, 0x46,0x00, 0x46,0x00, 0x46,0x00, 0x46,0x00, 0x46,0x00, 0x46,0x00, 0x46,0x00,

 0x87,0x00, 0x87,0x00, 0x87,0x00, 0x87,0x00, 0x88,0x08, 0x88,0x00, 0x88,0x00, 0x87,0x00, 0xC9,0x08, 0xC9,0x08, 0x87,0x00, 0xA8,0x08,
 0xA8,0x08, 0xA8,0x08, 0xA8,0x08, 0xA8,0x08, 0xA8,0x08, 0xC8,0x08, 0xC8,0x08, 0xC8,0x08, 0xE9,0x08, 0x09,0x09, 0x29,0x09, 0x09,0x01,
 0xE9,0x08, 0xE9,0x08, 0xE9,0x08, 0xE9,0x08, 0xE9,0x08, 0xE9,0x08, 0x09,0x09, 0x09,0x09, 0x09,0x09, 0xE9,0x08, 0x66,0x00, 0x66,0x00,
 0x86,0x00, 0x45,0x00, 0x66,0x00, 0xC9,0x00, 0x2A,0x09, 0xA8,0x00, 0x87,0x00, 0x8D,0x11, 0x4B,0x11, 0x65,0x00, 0x08,0x01, 0x49,0x09,
 0x86,0x00, 0x86,0x00, 0x29,0x09, 0xF1,0x1A, 0xE8,0x00, 0xA8,0x00, 0xAE,0x11, 0xAD,0x09, 0xAE,0x09, 0xAD,0x09, 0xAE,0x09, 0xE9,0x00,
 0x86,0x00, 0x87,0x00, 0x09,0x09, 0xCD,0x11, 0xA7,0x00, 0xA7,0x00, 0xA8,0x08, 0xA8,0x00, 0xA8,0x00, 0xC8,0x00, 0xA8,0x00, 0xC9,0x00,
 0xC9,0x08, 0xCA,0x08, 0xCA,0x08, 0xCB,0x08, 0xEC,0x10, 0x8C,0x08, 0xD0,0x21, 0xBF,0x5C, 0xFC,0x4A, 0xBB,0x42, 0xBB,0x42, 0xBA,0x3A,
 0x9C,0x4B, 0x3A,0x43, 0xF9,0x42, 0x5B,0x43, 0x7C,0x43, 0x9F,0x54, 0xB6,0x2A, 0x8E,0x08, 0xEF,0x10, 0x6D,0x08, 0x79,0x5D, 0x5F,0x66,
 0xFD,0x4B, 0x1D,0x4C, 0x3D,0x4C, 0x1D,0x4C, 0xFD,0x4C, 0x7D,0x5E, 0x5A,0x33, 0xDC,0x3B, 0x1D,0x3C, 0xFC,0x3B, 0x7D,0x55, 0xFD,0x76,
 0xFC,0x5D, 0xFB,0x3B, 0x7B,0x33, 0xBC,0x3B, 0xDC,0x3B, 0xDC,0x3B, 0xDC,0x3B, 0x7D,0x44, 0x5F,0x56, 0xFB,0x55, 0x31,0x22, 0x6D,0x00,
 0xED,0x08, 0x0D,0x09, 0xED,0x08, 0xEC,0x08, 0xEC,0x08, 0x0D,0x09, 0xCC,0x08, 0x6D,0x11, 0x59,0x55, 0xB7,0x54, 0x31,0x2A, 0x8D,0x08,
 0x4D,0x00, 0xCE,0x08, 0x0E,0x11, 0xCE,0x08, 0x9B,0x3C, 0x9F,0x3D, 0xFE,0x34, 0xDE,0x34, 0x5D,0x2C, 0x1D,0x56, 0xFF,0x5E, 0x9F,0x4E,
 0xBF,0x4E, 0xBF,0x4E, 0xDF,0x4E, 0xFF,0x77, 0x76,0x54, 0x4D,0x00, 0xED,0x08, 0xCC,0x08, 0xCC,0x08, 0xCB,0x08, 0xCA,0x08, 0xC9,0x08,
 0xC9,0x00, 0xC9,0x08, 0xC9,0x08, 0xA8,0x00, 0xA8,0x00, 0xC9,0x08, 0xC9,0x08, 0xC9,0x08, 0xC9,0x08, 0xC8,0x08, 0xC8,0x08, 0xA8,0x08,
 0xA8,0x08, 0xC8,0x00, 0xC8,0x08, 0xC8,0x00, 0xC8,0x00, 0xC8,0x00, 0xC8,0x08, 0xC8,0x00, 0xC9,0x08, 0xAE,0x11, 0x2B,0x11, 0x87,0x08,
 0xA8,0x08, 0xC8,0x08, 0xE9,0x08, 0xE9,0x08, 0xC9,0x08, 0xE9,0x08, 0x0A,0x09, 0x88,0x00, 0x2F,0x12, 0xEE,0x11, 0xC8,0x00, 0xA7,0x00,
 0x4E,0x1A, 0x0D,0x12, 0xA7,0x00, 0xC8,0x08, 0xA8,0x08, 0xA8,0x08, 0xA8,0x08, 0xA9,0x00, 0x47,0x00, 0x47,0x00, 0xC9,0x08, 0x2B,0x09,
 0xC9,0x08, 0x88,0x08, 0x87,0x08, 0x87,0x08, 0x67,0x08, 0x87,0x08, 0x87,0x08, 0x88,0x08, 0x4F,0x12, 0x33,0x1B, 0x4F,0x12, 0x47,0x00,
 0x46,0x00, 0xE9,0x08, 0x0D,0x1A, 0xED,0x11, 0x0D,0x1A, 0x0D,0x1A, 0x0D,0x12, 0xED,0x11, 0xED,0x11, 0xED,0x11, 0xED,0x11, 0xCC,0x11,
 0xCC,0x11, 0xED,0x11, 0xCC,0x11, 0xAC,0x11, 0xAC,0x11, 0x8C,0x11, 0x8C,0x11, 0x6B,0x11, 0x6B,0x11, 0x6B,0x11, 0x4B,0x11, 0x2A,0x11,

 0x25,0x00, 0x25,0x00, 0x25,0x00, 0x25,0x00, 0x45,0x00, 0x45,0x00, 0x45,0x00, 0x25,0x00, 0x67,0x00, 0x46,0x00, 0x24,0x00, 0x25,0x00,
 0x45,0x00, 0x45,0x00, 0x45,0x00, 0x45,0x00, 0x45,0x00, 0x45,0x00, 0x45,0x00, 0x45,0x00, 0x45,0x00, 0x45,0x00, 0x45,0x00, 0x45,0x00,
 0x45,0x00, 0x45,0x00, 0x45,0x00, 0x45,0x00, 0x65,0x00, 0x65,0x00, 0x65,0x00, 0x65,0x00, 0x45,0x00, 0x65,0x00, 0x86,0x00, 0x66,0x00,
 0x2A,0x09, 0x6B,0x09, 0x09,0x09, 0xA7,0x00, 0x66,0x00, 0x87,0x00, 0xA8,0x00, 0xEF,0x19, 0xC9,0x00, 0x87,0x00, 0x09,0x09, 0xC7,0x00,
 0x86,0x00, 0x65,0x00, 0xEC,0x11, 0x4E,0x12, 0x65,0x00, 0x2B,0x09, 0xAE,0x11, 0x8D,0x09, 0xAD,0x09, 0xAE,0x09, 0x6C,0x09, 0xA7,0x00,
 0xA7,0x00, 0x86,0x00, 0xAC,0x11, 0x4B,0x09, 0x86,0x00, 0xA7,0x00, 0xA7,0x00, 0xA8,0x00, 0xA8,0x00, 0xA8,0x00, 0xA8,0x00, 0xC8,0x00,
 0xC9,0x08, 0xA9,0x08, 0xCA,0x08, 0xCB,0x08, 0xCC,0x08, 0xCC,0x08, 0xED,0x10, 0x3C,0x54, 0x7D,0x53, 0xBB,0x42, 0xBA,0x42, 0x9A,0x42,
 0x1B,0x43, 0x7B,0x4B, 0xD9,0x42, 0x3B,0x43, 0x9D,0x4B, 0xFD,0x4B, 0x10,0x11, 0xCE,0x08, 0x6E,0x00, 0xF3,0x32, 0x3F,0x77, 0x7D,0x4C,
 0xFD,0x4B, 0x1D,0x4C, 0x1D,0x4C, 0xFC,0x4B, 0x5D,0x5E, 0x5A,0x3C, 0x7C,0x3B, 0xDD,0x3B, 0xBC,0x44, 0x7D,0x66, 0x3D,0x66, 0x3B,0x44,
 0x5B,0x33, 0x9C,0x3B, 0xBC,0x3B, 0xBC,0x3B, 0xBC,0x3B, 0xFC,0x3B, 0x5F,0x4D, 0x7E,0x5E, 0xF6,0x3B, 0xCD,0x08, 0x6C,0x08, 0x0E,0x09,
 0xED,0x08, 0xEC,0x08, 0xEC,0x08, 0xEC,0x08, 0xEC,0x08, 0xEC,0x08, 0xEC,0x08, 0x8B,0x00, 0xF0,0x19, 0xDE,0x66, 0x5E,0x87, 0x3A,0x7E,
 0x73,0x43, 0x2F,0x11, 0x8D,0x00, 0x4D,0x00, 0x94,0x22, 0xFF,0x45, 0x3E,0x35, 0xFE,0x34, 0xBE,0x2C, 0xFD,0x34, 0xFE,0x66, 0x9E,0x4E,
 0x9F,0x4E, 0x9F,0x4E, 0x9F,0x4E, 0x5F,0x57, 0x3D,0x77, 0x2E,0x19, 0xAD,0x08, 0xED,0x08, 0xCC,0x08, 0xCB,0x08, 0xCA,0x00, 0xCA,0x08,
 0xC9,0x08, 0xA9,0x00, 0x09,0x09, 0x8E,0x0A, 0x6A,0x09, 0xA8,0x08, 0xC9,0x08, 0xC9,0x08, 0xC8,0x08, 0xA8,0x08, 0xA8,0x08, 0xC8,0x08,
 0xA8,0x08, 0xC8,0x08, 0xC8,0x08, 0xA8,0x00, 0xC8,0x08, 0xC8,0x08, 0xC8,0x08, 0xC8,0x08, 0xA8,0x08, 0x2B,0x11, 0x8D,0x11, 0xA7,0x08,
 0xA8,0x08, 0xA8,0x08, 0xC9,0x08, 0xEA,0x08, 0x4C,0x09, 0xAE,0x11, 0x10,0x12, 0xC9,0x08, 0x2B,0x09, 0x50,0x1A, 0xC8,0x08, 0xA7,0x00,
 0x4A,0x09, 0xAF,0x1A, 0xC8,0x00, 0xC8,0x08, 0xC8,0x08, 0xA8,0x08, 0x88,0x08, 0x88,0x00, 0x4C,0x09, 0xCE,0x11, 0xEF,0x11, 0x6C,0x11,
 0xA8,0x08, 0xA8,0x08, 0x67,0x08, 0x87,0x08, 0x67,0x08, 0x87,0x08, 0x67,0x08, 0xC9,0x08, 0x74,0x1B, 0xD6,0x13, 0xEE,0x11, 0x06,0x00,
 0x0A,0x09, 0xD1,0x1A, 0x6B,0x11, 0x2A,0x09, 0x2A,0x11, 0x2A,0x09, 0x2A,0x09, 0x2A,0x09, 0x2A,0x09, 0x2A,0x09, 0x2A,0x09, 0x2A,0x09,
 0x2A,0x09, 0x2A,0x09, 0x0A,0x09, 0x0A,0x09, 0x0A,0x09, 0x09,0x09, 0xE9,0x08, 0xE9,0x08, 0xE9,0x08, 0xE9,0x08, 0xE9,0x08, 0xC8,0x08,

 0x45,0x00, 0x45,0x00, 0x45,0x00, 0x45,0x00, 0x45,0x00, 0x46,0x00, 0x46,0x00, 0x45,0x00, 0x87,0x00, 0x66,0x00, 0x45,0x00, 0x46,0x00,
 0x45,0x00, 0x45,0x00, 0x46,0x00, 0x46,0x00, 0x66,0x00, 0x66,0x00, 0x66,0x00, 0x66,0x00, 0x66,0x00, 0x66,0x00, 0x66,0x00, 0x66,0x00,
 0x66,0x00, 0x66,0x00, 0x66,0x00, 0x66,0x00, 0x66,0x00, 0x66,0x00, 0x66,0x00, 0x86,0x00, 0x86,0x00, 0x86,0x00, 0x86,0x00, 0x65,0x00,
 0x65,0x00, 0xC7,0x00, 0x2A,0x09, 0x4B,0x09, 0xA7,0x00, 0x66,0x00, 0x2B,0x09, 0xCE,0x11, 0x87,0x00, 0xA8,0x00, 0xE8,0x08, 0xA7,0x00,
 0x86,0x00, 0xA6,0x00, 0x6E,0x1A, 0x29,0x09, 0x66,0x00, 0x6C,0x11, 0xAE,0x09, 0x8D,0x09, 0xAD,0x09, 0xAE,0x09, 0x09,0x09, 0x86,0x00,
 0x86,0x00, 0xE8,0x00, 0xCD,0x11, 0xA7,0x00, 0xA7,0x00, 0xA7,0x00, 0xA7,0x00, 0xA8,0x00, 0xC8,0x00, 0xA8,0x00, 0xA8,0x00, 0xC8,0x00,
 0xC9,0x00, 0xC9,0x00, 0xCA,0x08, 0xCA,0x08, 0xCB,0x08, 0xCC,0x08, 0x6B,0x08, 0x37,0x43, 0xFF,0x5B, 0xBB,0x42, 0x9A,0x42, 0xBA,0x42,
 0xBA,0x42, 0x7B,0x4B, 0xD9,0x42, 0x1B,0x43, 0x1F,0x54, 0x14,0x2A, 0xAD,0x08, 0xCF,0x10, 0xCE,0x10, 0x9C,0x6E, 0x7F,0x5D, 0xDD,0x4B,
 0xDD,0x4B, 0xFD,0x4B, 0xBD,0x4B, 0x3D,0x55, 0xDC,0x55, 0x1B,0x33, 0x3D,0x44, 0xDD,0x55, 0x5D,0x66, 0x9B,0x4C, 0x3A,0x33, 0x5B,0x3B,
 0xBC,0x3B, 0x9C,0x3B, 0xBC,0x3B, 0xBC,0x3B, 0x5D,0x44, 0x3F,0x56, 0xDB,0x55, 0x10,0x1A, 0x4D,0x00, 0xCD,0x08, 0xED,0x08, 0xED,0x08,
 0xEC,0x08, 0xEB,0x08, 0xEB,0x08, 0xEB,0x08, 0xEB,0x08, 0xEB,0x08, 0xEB,0x08, 0x0C,0x09, 0x8B,0x00, 0xB2,0x22, 0xFE,0x45, 0x5E,0x5E,
 0xFF,0x87, 0x7D,0x87, 0x18,0x55, 0x92,0x2A, 0xEF,0x10, 0xBA,0x3C, 0xBF,0x3D, 0x1E,0x35, 0xFE,0x34, 0xBE,0x2C, 0x5E,0x56, 0xDF,0x56,
 0x5F,0x4E, 0x7F,0x4E, 0x7F,0x4E, 0x9E,0x46, 0xFF,0x6F, 0xD4,0x43, 0x4C,0x00, 0xED,0x08, 0xCC,0x08, 0xCB,0x08, 0xCB,0x08, 0xCA,0x08,
 0xCA,0x08, 0xA9,0x08, 0x0A,0x01, 0xEF,0x0A, 0xAB,0x09, 0xA8,0x08, 0xC8,0x08, 0xC8,0x08, 0xC8,0x08, 0xC8,0x08, 0xA8,0x08, 0xC8,0x00,
 0xC8,0x08, 0xC8,0x08, 0xC8,0x08, 0xC8,0x08, 0xA8,0x00, 0xA8,0x08, 0xA8,0x08, 0xA8,0x08, 0xA8,0x08, 0xA8,0x08, 0x8D,0x11, 0xE9,0x08,
 0xA7,0x08, 0x87,0x00, 0x0A,0x11, 0xCF,0x11, 0x10,0x12, 0xF0,0x11, 0x10,0x12, 0x6C,0x09, 0x87,0x00, 0x30,0x1A, 0x4B,0x09, 0xA7,0x08,
 0xA8,0x00, 0x8F,0x1A, 0x6A,0x09, 0xA8,0x00, 0xC8,0x08, 0xC8,0x08, 0x88,0x00, 0xA8,0x00, 0x6C,0x09, 0x0A,0x09, 0x67,0x00, 0x45,0x00,
 0x87,0x00, 0xA8,0x08, 0xA8,0x08, 0x87,0x08, 0x67,0x08, 0x67,0x08, 0x87,0x08, 0x67,0x08, 0xAD,0x09, 0x70,0x12, 0xA9,0x00, 0x0A,0x09,
 0xB0,0x1A, 0xE9,0x08, 0x06,0x00, 0x46,0x08, 0x46,0x08, 0x46,0x08, 0x46,0x08, 0x46,0x08, 0x26,0x08, 0x26,0x08, 0x26,0x08, 0x46,0x08,
 0x26,0x08, 0x46,0x08, 0x46,0x08, 0x46,0x08, 0x46,0x08, 0x46,0x08, 0x46,0x08, 0x46,0x08, 0x46,0x08, 0x46,0x08, 0x46,0x08, 0x46,0x08,

 0xA8,0x08, 0xC8,0x08, 0xC8,0x08, 0xC8,0x08, 0xC9,0x08, 0xC9,0x08, 0xC9,0x08, 0xC9,0x08, 0x2B,0x11, 0x0A,0x09, 0xC9,0x08, 0xE9,0x08,
 0xE9,0x08, 0xE9,0x08, 0x09,0x09, 0x09,0x09, 0x0A,0x09, 0x0A,0x09, 0x0A,0x09, 0x0A,0x09, 0x2A,0x09, 0x2A,0x09, 0x2A,0x09, 0x2A,0x09,
 0x2A,0x09, 0x2A,0x09, 0x4B,0x09, 0x4B,0x09, 0x4B,0x09, 0x4B,0x09, 0x4B,0x09, 0x6C,0x09, 0x09,0x09, 0x66,0x00, 0x66,0x00, 0xC7,0x00,
 0xC7,0x00, 0x45,0x00, 0x24,0x00, 0x65,0x00, 0x86,0x00, 0x66,0x00, 0x8D,0x11, 0x2B,0x09, 0x66,0x00, 0xC8,0x08, 0xC8,0x08, 0x87,0x00,
 0x66,0x00, 0x29,0x09, 0x6E,0x1A, 0x86,0x00, 0xC8,0x08, 0x8D,0x11, 0x8D,0x09, 0x8D,0x09, 0x8E,0x09, 0x8D,0x09, 0xA7,0x00, 0x87,0x00,
 0x86,0x00, 0x6B,0x09, 0x4B,0x09, 0x86,0x00, 0xA7,0x00, 0xA7,0x00, 0xA7,0x00, 0xA8,0x00, 0xA8,0x00, 0xA8,0x00, 0xA8,0x00, 0xA8,0x00,
 0xC9,0x00, 0xC9,0x00, 0xC9,0x08, 0xCA,0x08, 0xCB,0x08, 0xCC,0x08, 0x6B,0x08, 0xF1,0x21, 0x7F,0x64, 0xDB,0x4A, 0x9A,0x42, 0xBA,0x42,
 0x9A,0x42, 0xFB,0x42, 0xFA,0x42, 0x5D,0x4B, 0x1A,0x3B, 0x8E,0x08, 0xEF,0x10, 0x4D,0x00, 0x56,0x4C, 0xBF,0x76, 0xFD,0x53, 0xBD,0x53,
 0xBD,0x4B, 0xBD,0x4B, 0xFC,0x4B, 0x1D,0x56, 0xFB,0x33, 0xDD,0x44, 0x3D,0x5E, 0xFC,0x4C, 0x3A,0x3B, 0xFB,0x3A, 0x5B,0x3B, 0x7B,0x3B,
 0x7B,0x3B, 0x9C,0x43, 0xDC,0x43, 0x3E,0x4D, 0x7E,0x5E, 0xF5,0x3B, 0xCD,0x08, 0x6C,0x00, 0xED,0x08, 0xED,0x08, 0xEC,0x08, 0xEB,0x08,
 0xEB,0x08, 0xEB,0x08, 0xCA,0x08, 0xEA,0x08, 0xEA,0x08, 0xEB,0x08, 0xEB,0x08, 0xEB,0x08, 0x0C,0x09, 0x6B,0x08, 0xD6,0x33, 0x5E,0x3D,
 0x9C,0x34, 0x9E,0x66, 0xFF,0x87, 0xFF,0x77, 0x1B,0x56, 0x7B,0x45, 0xDE,0x3D, 0x5E,0x35, 0x3E,0x35, 0xFE,0x34, 0x7E,0x3D, 0xDE,0x5E,
 0x3F,0x4E, 0x5F,0x4E, 0x5F,0x4E, 0x5F,0x46, 0x3F,0x57, 0xDC,0x6E, 0xEE,0x10, 0xAD,0x08, 0xCD,0x08, 0xCC,0x08, 0xCB,0x08, 0xCA,0x08,
 0xCA,0x08, 0xCA,0x08, 0xC9,0x00, 0xA9,0x00, 0xA8,0x00, 0xA8,0x00, 0xA8,0x08, 0xA8,0x08, 0xA8,0x08, 0xA8,0x08, 0xA8,0x08, 0xC8,0x00,
 0xC8,0x08, 0xC8,0x08, 0xA8,0x08, 0xA8,0x00, 0xA8,0x08, 0xA8,0x08, 0xA8,0x08, 0xA8,0x08, 0xA8,0x08, 0x87,0x08, 0x0A,0x11, 0x4C,0x11,
 0x87,0x00, 0x87,0x00, 0xE9,0x08, 0xEF,0x11, 0xCF,0x11, 0xEF,0x11, 0xF0,0x11, 0xCF,0x11, 0x87,0x00, 0x8C,0x11, 0xCE,0x11, 0x87,0x00,
 0x87,0x00, 0xCC,0x11, 0x2D,0x12, 0x87,0x00, 0xC8,0x08, 0xC8,0x08, 0xA8,0x08, 0x88,0x08, 0x67,0x00, 0x67,0x08, 0xE9,0x08, 0x6B,0x09,
 0x6B,0x09, 0xA8,0x08, 0xA8,0x08, 0x67,0x08, 0x67,0x08, 0x67,0x08, 0x87,0x08, 0x87,0x08, 0x46,0x00, 0x06,0x00, 0x0A,0x09, 0xB0,0x22,
 0xC8,0x08, 0x26,0x00, 0xA8,0x08, 0x47,0x00, 0x26,0x00, 0x46,0x08, 0x46,0x08, 0x26,0x00, 0x26,0x00, 0x26,0x08, 0x26,0x08, 0x26,0x08,
 0x26,0x08, 0x46,0x08, 0x46,0x08, 0x46,0x08, 0x46,0x08, 0x46,0x00, 0x46,0x08, 0x46,0x08, 0x46,0x08, 0x46,0x00, 0x46,0x00, 0x46,0x00,

 0x45,0x00, 0x46,0x00, 0x46,0x00, 0x46,0x00, 0x46,0x00, 0x46,0x00, 0x46,0x00, 0x46,0x00, 0xA9,0x08, 0x88,0x00, 0x45,0x00, 0x66,0x00,
 0x66,0x00, 0x66,0x00, 0x66,0x00, 0x66,0x00, 0x66,0x00, 0x66,0x00, 0x66,0x00, 0x66,0x00, 0x66,0x00, 0x66,0x00, 0x66,0x00, 0x66,0x00,
 0x87,0x00, 0x87,0x00, 0x87,0x00, 0x87,0x00, 0x87,0x00, 0x87,0x00, 0xA7,0x00, 0xA7,0x00, 0xA8,0x00, 0x87,0x00, 0x66,0x00, 0xE9,0x00,
 0x4B,0x09, 0x6B,0x09, 0x4A,0x09, 0x86,0x00, 0x66,0x00, 0x86,0x00, 0xAD,0x11, 0xA8,0x00, 0x87,0x00, 0xC8,0x08, 0xA7,0x00, 0x87,0x00,
 0x66,0x00, 0xEC,0x11, 0xCC,0x11, 0x45,0x00, 0x2B,0x09, 0x8D,0x11, 0x8D,0x09, 0x8D,0x09, 0x8E,0x09, 0x0A,0x09, 0x86,0x00, 0x86,0x00,
 0xA8,0x00, 0xAD,0x11, 0xC8,0x00, 0x87,0x00, 0xA7,0x00, 0x87,0x00, 0x87,0x00, 0xA7,0x00, 0xA8,0x00, 0xA8,0x00, 0xA8,0x00, 0xC8,0x00,
 0xC9,0x08, 0xA9,0x00, 0xA9,0x08, 0xAA,0x08, 0xCA,0x08, 0xCB,0x08, 0xAC,0x08, 0xCD,0x10, 0x3C,0x54, 0x7D,0x53, 0xBA,0x42, 0xBA,0x42,
 0xBA,0x42, 0xBB,0x42, 0x3C,0x4B, 0x3C,0x43, 0x30,0x11, 0xCE,0x10, 0x8E,0x08, 0xD1,0x21, 0xFE,0x76, 0x9E,0x5C, 0xBD,0x53, 0xBD,0x53,
 0xBD,0x53, 0x7C,0x4B, 0x3D,0x55, 0xFD,0x4D, 0x7D,0x4D, 0x3C,0x4D, 0x5A,0x3B, 0xDA,0x3A, 0x3B,0x3B, 0x5B,0x3B, 0x5B,0x3B, 0x5B,0x3B,
 0x5B,0x3B, 0x1D,0x44, 0xFF,0x55, 0x5A,0x4D, 0xF0,0x21, 0x4D,0x08, 0xCD,0x08, 0xED,0x08, 0xEC,0x08, 0xEC,0x08, 0xEB,0x08, 0xEB,0x08,
 0xEA,0x00, 0xEA,0x00, 0xCA,0x00, 0xCA,0x00, 0xCA,0x08, 0xCA,0x08, 0xCA,0x08, 0xEA,0x08, 0xEB,0x08, 0xCB,0x08, 0xCC,0x08, 0xDA,0x3C,
 0x5F,0x45, 0x3D,0x34, 0x1D,0x4D, 0xFD,0x6E, 0xFF,0x6F, 0x5F,0x57, 0x7E,0x46, 0xDE,0x3D, 0x5E,0x3D, 0x3E,0x3D, 0xFE,0x34, 0x5E,0x56,
 0x7F,0x56, 0x1F,0x46, 0x3F,0x4E, 0x3F,0x4E, 0x5E,0x46, 0xFF,0x67, 0xB4,0x43, 0x4C,0x00, 0xED,0x08, 0xCC,0x08, 0xCC,0x08, 0xCB,0x08,
 0xCA,0x08, 0xCA,0x08, 0xC9,0x08, 0xA9,0x00, 0xA8,0x08, 0xA8,0x08, 0xA8,0x08, 0xA8,0x00, 0xA8,0x08, 0xA8,0x00, 0xA8,0x00, 0xA8,0x00,
 0xA8,0x00, 0xA8,0x00, 0xA8,0x08, 0xA8,0x08, 0xA8,0x00, 0xA8,0x08, 0xA8,0x08, 0xA8,0x08, 0xA8,0x08, 0x87,0x00, 0xA7,0x08, 0xCD,0x11,
 0xE9,0x08, 0x87,0x08, 0xA7,0x08, 0xAE,0x11, 0xEF,0x11, 0xCF,0x11, 0xCF,0x11, 0xCF,0x11, 0xE9,0x08, 0xC9,0x08, 0x30,0x1A, 0xE9,0x08,
 0x87,0x00, 0x09,0x09, 0x8F,0x1A, 0xC9,0x00, 0xA8,0x00, 0xC8,0x08, 0xA8,0x08, 0x87,0x00, 0xA8,0x08, 0xAD,0x11, 0x8C,0x11, 0x2A,0x09,
 0xA7,0x08, 0x87,0x08, 0xA8,0x08, 0x67,0x08, 0x67,0x08, 0x67,0x08, 0x87,0x08, 0x67,0x08, 0x0A,0x09, 0x8C,0x09, 0x6F,0x1A, 0xC8,0x08,
 0x26,0x00, 0x4B,0x11, 0x6B,0x11, 0x4A,0x11, 0xE9,0x08, 0xE9,0x08, 0x09,0x09, 0x09,0x09, 0x09,0x09, 0x09,0x09, 0x09,0x09, 0x29,0x09,
 0x29,0x09, 0x29,0x09, 0x09,0x09, 0x09,0x09, 0xE9,0x08, 0xE8,0x08, 0xC8,0x08, 0xC8,0x08, 0xC8,0x08, 0xC8,0x08, 0xC8,0x08, 0xA8,0x08,

 0x25,0x00, 0x25,0x00, 0x45,0x00, 0x25,0x00, 0x45,0x00, 0x25,0x00, 0x25,0x00, 0x25,0x00, 0xA8,0x08, 0x67,0x00, 0x25,0x00, 0x45,0x00,
 0x45,0x00, 0x45,0x00, 0x45,0x00, 0x45,0x00, 0x45,0x00, 0x45,0x00, 0x45,0x00, 0x45,0x00, 0x25,0x00, 0x45,0x00, 0x45,0x00, 0x45,0x00,
 0x45,0x00, 0x45,0x00, 0x45,0x00, 0x45,0x00, 0x46,0x00, 0x45,0x00, 0x65,0x00, 0x66,0x00, 0xC8,0x08, 0xA7,0x00, 0x66,0x00, 0x66,0x00,
 0x45,0x00, 0x66,0x00, 0xE8,0x08, 0x87,0x00, 0x45,0x00, 0xE8,0x08, 0x6C,0x11, 0x66,0x00, 0xA7,0x00, 0xA7,0x00, 0x87,0x00, 0x87,0x00,
 0xA7,0x00, 0x4E,0x1A, 0x08,0x09, 0x86,0x00, 0x6C,0x11, 0x8D,0x11, 0x8D,0x09, 0x8D,0x09, 0x8D,0x09, 0xC8,0x00, 0x86,0x00, 0x86,0x00,
 0x2A,0x09, 0x6B,0x09, 0x86,0x00, 0xA7,0x00, 0xA7,0x00, 0xA7,0x00, 0x87,0x00, 0xA7,0x00, 0xA7,0x00, 0xA8,0x00, 0xA8,0x00, 0xA8,0x00,
 0xA8,0x08, 0xA8,0x00, 0xA9,0x00, 0xA9,0x08, 0xAA,0x08, 0xCB,0x08, 0xCC,0x08, 0x6B,0x08, 0xD5,0x3A, 0x7F,0x64, 0xBB,0x4A, 0xBA,0x42,
 0xBA,0x42, 0xBB,0x42, 0x9E,0x53, 0x15,0x2A, 0x6C,0x08, 0xEE,0x10, 0x4D,0x08, 0x79,0x5D, 0xDF,0x6D, 0x9D,0x53, 0x9C,0x53, 0x9D,0x53,
 0x7D,0x53, 0x1C,0x4C, 0x7E,0x56, 0x3C,0x4D, 0x9A,0x43, 0x99,0x3A, 0xDA,0x3A, 0x1A,0x43, 0x1A,0x3B, 0x3B,0x3B, 0x3B,0x3B, 0x7C,0x43,
 0xFE,0x4C, 0xFE,0x55, 0x74,0x33, 0xAD,0x08, 0x8D,0x08, 0xED,0x08, 0xEC,0x08, 0xCC,0x08, 0xEB,0x08, 0xEB,0x08, 0xEA,0x08, 0xCA,0x00,
 0xCA,0x00, 0xCA,0x08, 0xCA,0x00, 0xCA,0x08, 0xCA,0x08, 0xCA,0x08, 0xCA,0x08, 0xCA,0x08, 0xEB,0x08, 0xEC,0x08, 0xAC,0x00, 0x6E,0x11,
 0xDD,0x4D, 0xFE,0x44, 0x3E,0x34, 0x3D,0x2C, 0x5C,0x45, 0xFE,0x56, 0x3E,0x4F, 0x9E,0x46, 0xDE,0x3D, 0x5E,0x3D, 0x1E,0x3D, 0x9E,0x45,
 0x9E,0x56, 0xFF,0x45, 0x1F,0x46, 0x3F,0x4E, 0x1E,0x46, 0x1F,0x4F, 0xDC,0x66, 0xCD,0x10, 0xCD,0x08, 0xCD,0x08, 0xCC,0x08, 0xCB,0x08,
 0xCA,0x08, 0xCA,0x00, 0xA9,0x00, 0xA9,0x00, 0xA8,0x08, 0xA8,0x08, 0xA8,0x08, 0xA8,0x08, 0xA8,0x00, 0xA8,0x00, 0xA8,0x00, 0xA8,0x08,
 0xA8,0x08, 0xA8,0x00, 0xA8,0x08, 0xA8,0x00, 0xA8,0x08, 0xA8,0x08, 0xA8,0x08, 0xA8,0x08, 0xA8,0x08, 0xA8,0x08, 0x6A,0x11, 0x33,0x1C,
 0x30,0x13, 0x67,0x08, 0x87,0x08, 0x4B,0x11, 0xEF,0x11, 0xAE,0x11, 0xAE,0x09, 0xAE,0x09, 0x4C,0x09, 0x67,0x00, 0xEF,0x11, 0x6C,0x09,
 0x87,0x00, 0xA8,0x00, 0x4F,0x12, 0x6B,0x09, 0x88,0x00, 0xA8,0x08, 0x88,0x08, 0x87,0x00, 0x87,0x00, 0x87,0x00, 0x45,0x00, 0x25,0x00,
 0x87,0x08, 0xC8,0x08, 0xA8,0x08, 0x87,0x08, 0x67,0x08, 0x67,0x08, 0x67,0x08, 0xC9,0x08, 0x33,0x13, 0x95,0x13, 0x6C,0x09, 0x05,0x00,
 0x67,0x08, 0xCD,0x11, 0xE9,0x08, 0xED,0x19, 0x0E,0x1A, 0x0E,0x1A, 0x2E,0x12, 0x2E,0x12, 0x2E,0x12, 0x2E,0x12, 0x4E,0x12, 0x6E,0x12,
 0x6E,0x1A, 0x6E,0x1A, 0x4D,0x1A, 0x2D,0x12, 0xED,0x11, 0xCD,0x11, 0xAC,0x11, 0x8C,0x11, 0x8C,0x11, 0x6C,0x11, 0x6C,0x11, 0x4B,0x11,

 0x66,0x00, 0x66,0x00, 0x66,0x00, 0x66,0x00, 0x66,0x00, 0x66,0x00, 0x66,0x00, 0x66,0x00, 0xC9,0x08, 0xA8,0x08, 0x66,0x00, 0x87,0x00,
 0x87,0x00, 0x87,0x00, 0x87,0x00, 0x87,0x00, 0x87,0x00, 0x87,0x00, 0x87,0x00, 0x46,0x00, 0x87,0x00, 0x87,0x00, 0x87,0x00, 0x87,0x00,
 0x87,0x00, 0xA7,0x00, 0xA7,0x00, 0xA7,0x00, 0xA7,0x00, 0xA7,0x00, 0xA7,0x00, 0x87,0x00, 0xA8,0x00, 0x66,0x00, 0xE9,0x08, 0x6C,0x09,
 0x0A,0x09, 0xA7,0x00, 0x45,0x00, 0x46,0x00, 0x45,0x00, 0x2A,0x09, 0x09,0x09, 0x66,0x00, 0x87,0x00, 0x87,0x00, 0x87,0x00, 0x66,0x00,
 0x29,0x09, 0x4F,0x12, 0x66,0x00, 0xC9,0x08, 0x8D,0x11, 0x6C,0x09, 0x6C,0x09, 0x8C,0x09, 0x4B,0x09, 0x86,0x00, 0x87,0x00, 0x87,0x00,
 0x8C,0x09, 0xE9,0x00, 0x86,0x00, 0xA7,0x00, 0xA7,0x00, 0xA7,0x00, 0xA8,0x00, 0xA7,0x00, 0xA7,0x00, 0xA7,0x00, 0xA8,0x00, 0xA8,0x00,
 0xA8,0x00, 0xA8,0x08, 0xA9,0x00, 0xA9,0x00, 0xAA,0x08, 0xAB,0x08, 0xCC,0x08, 0xAC,0x08, 0x0E,0x11, 0x7D,0x64, 0x5C,0x53, 0x9A,0x42,
 0x9A,0x42, 0x1C,0x53, 0x3B,0x4B, 0xAE,0x08, 0xCE,0x10, 0x4D,0x08, 0x92,0x2A, 0x9F,0x6E, 0xDD,0x5B, 0x7D,0x53, 0x7C,0x53, 0x7D,0x53,
 0x5C,0x53, 0x7B,0x4C, 0xDA,0x3B, 0x99,0x3A, 0xBA,0x3A, 0xFA,0x42, 0xFA,0x42, 0xFA,0x3A, 0x1A,0x43, 0x1B,0x43, 0x1D,0x44, 0xBF,0x55,
 0xD9,0x44, 0xAF,0x11, 0x4C,0x00, 0xED,0x08, 0xED,0x08, 0xEC,0x08, 0xEC,0x08, 0xEB,0x08, 0xCA,0x00, 0xCA,0x00, 0xCA,0x00, 0xCA,0x00,
 0xC9,0x08, 0xC9,0x08, 0xC9,0x00, 0xC9,0x00, 0xC9,0x00, 0xC9,0x08, 0xCA,0x08, 0xCA,0x08, 0xEB,0x08, 0xEB,0x08, 0x0C,0x09, 0x6C,0x00,
 0x92,0x2A, 0x1F,0x56, 0x9E,0x3C, 0x5D,0x34, 0x1D,0x2C, 0x5D,0x2C, 0xBD,0x45, 0xFE,0x56, 0xDE,0x4E, 0xDE,0x45, 0x3E,0x3D, 0x1E,0x3D,
 0x3E,0x4E, 0xFE,0x4D, 0xDF,0x4D, 0xFF,0x45, 0xFF,0x45, 0x3E,0x46, 0xDF,0x67, 0x53,0x3B, 0x6D,0x08, 0xED,0x10, 0xCC,0x08, 0xCB,0x08,
 0xCA,0x00, 0xCA,0x00, 0xA9,0x08, 0xC9,0x08, 0xA9,0x00, 0xA8,0x08, 0xA8,0x00, 0xA8,0x00, 0xA8,0x00, 0xA8,0x00, 0xA8,0x00, 0xA8,0x08,
 0xA8,0x00, 0xA8,0x08, 0xA8,0x08, 0xA8,0x08, 0xA8,0x08, 0xA8,0x08, 0xA8,0x00, 0xA8,0x08, 0x88,0x08, 0x6B,0x11, 0xCE,0x1A, 0xB1,0x13,
 0x72,0x13, 0xA9,0x10, 0x87,0x10, 0xC9,0x10, 0xAE,0x11, 0xAE,0x09, 0xAE,0x09, 0xAE,0x09, 0x8D,0x09, 0x67,0x00, 0x6C,0x09, 0xEF,0x11,
 0x87,0x00, 0x87,0x00, 0xAC,0x11, 0x0D,0x12, 0x67,0x00, 0x88,0x00, 0x87,0x08, 0x87,0x08, 0x67,0x00, 0x87,0x00, 0x2A,0x09, 0x8C,0x11,
 0xCD,0x11, 0x2B,0x09, 0xA8,0x08, 0x88,0x08, 0x67,0x08, 0x67,0x08, 0x67,0x08, 0xA7,0x08, 0xB1,0x12, 0xF2,0x12, 0xE9,0x08, 0x46,0x00,
 0x47,0x08, 0xC8,0x08, 0x8C,0x19, 0xA8,0x08, 0x05,0x00, 0x26,0x00, 0x26,0x00, 0x26,0x00, 0x26,0x00, 0x26,0x00, 0x06,0x00, 0x06,0x00,
 0x06,0x00, 0x06,0x00, 0x06,0x00, 0x26,0x00, 0x26,0x00, 0x26,0x00, 0x26,0x00, 0x26,0x00, 0x26,0x00, 0x26,0x00, 0x25,0x00, 0x25,0x00,

 0xA8,0x08, 0xA8,0x08, 0xA8,0x08, 0xA8,0x08, 0xA8,0x08, 0xA8,0x08, 0xA8,0x08, 0xA8,0x08, 0x2B,0x11, 0x0B,0x09, 0xC8,0x08, 0xE9,0x08,
 0xE9,0x08, 0xE9,0x08, 0xE9,0x08, 0xE9,0x08, 0xE9,0x08, 0xE9,0x08, 0x0A,0x09, 0x2E,0x1A, 0x09,0x09, 0xE9,0x08, 0xE9,0x08, 0x09,0x09,
 0x09,0x09, 0x09,0x09, 0x0A,0x09, 0x2A,0x09, 0x0A,0x09, 0x0A,0x09, 0x2A,0x09, 0xC8,0x00, 0x67,0x00, 0x66,0x00, 0x66,0x00, 0xE9,0x00,
 0x2B,0x09, 0x6C,0x09, 0xE9,0x00, 0x46,0x00, 0x66,0x00, 0x6C,0x09, 0xA7,0x00, 0x66,0x00, 0x86,0x00, 0x86,0x00, 0x87,0x00, 0x66,0x00,
 0xCD,0x11, 0xED,0x11, 0x45,0x00, 0x2B,0x09, 0x8D,0x11, 0x6C,0x09, 0x6C,0x09, 0x8C,0x09, 0xE9,0x08, 0x66,0x00, 0x86,0x00, 0xE9,0x00,
 0x8C,0x09, 0x87,0x00, 0x87,0x00, 0x87,0x00, 0x87,0x00, 0x87,0x00, 0xA7,0x00, 0xA7,0x00, 0xA7,0x00, 0xA7,0x00, 0xA7,0x00, 0xA8,0x00,
 0xA8,0x00, 0xA8,0x00, 0xA8,0x00, 0xA9,0x00, 0xAA,0x08, 0xAA,0x08, 0xAB,0x08, 0xCC,0x10, 0x6C,0x08, 0xF6,0x3A, 0x3F,0x64, 0x9A,0x42,
 0xDB,0x4A, 0xBE,0x5B, 0xB3,0x21, 0x8D,0x08, 0xAE,0x08, 0xCE,0x10, 0x1C,0x5E, 0xDE,0x5C, 0x5D,0x5B, 0x5C,0x53, 0x5C,0x53, 0x7D,0x5B,
 0x3B,0x4B, 0x99,0x3A, 0x79,0x3A, 0xBA,0x42, 0xDA,0x42, 0xDA,0x42, 0xFA,0x42, 0xFA,0x42, 0x3B,0x43, 0xFE,0x54, 0xDD,0x5D, 0x14,0x33,
 0x8C,0x08, 0x8C,0x08, 0xEC,0x08, 0xCC,0x08, 0xCC,0x08, 0xCB,0x08, 0xCB,0x08, 0xCA,0x00, 0xCA,0x00, 0xCA,0x00, 0xC9,0x00, 0xC9,0x00,
 0xC9,0x08, 0xC9,0x00, 0xC9,0x00, 0xC9,0x08, 0xC9,0x00, 0xC9,0x00, 0xC9,0x00, 0xC9,0x08, 0xCA,0x08, 0xEB,0x08, 0xEC,0x08, 0xED,0x08,
 0x6C,0x08, 0xB5,0x33, 0xFF,0x4D, 0x5D,0x3C, 0x3D,0x34, 0x3D,0x34, 0x1D,0x34, 0xBD,0x3C, 0x1D,0x4E, 0xDE,0x4E, 0x3E,0x46, 0x5E,0x3D,
 0x9E,0x45, 0x3E,0x4E, 0xBE,0x45, 0xDF,0x45, 0xDF,0x45, 0xFE,0x45, 0x3F,0x57, 0x7B,0x5E, 0xCE,0x10, 0xCD,0x08, 0xCD,0x08, 0xAC,0x08,
 0xAB,0x08, 0xAA,0x08, 0xAA,0x00, 0xA9,0x00, 0xA8,0x00, 0xA8,0x00, 0xA8,0x00, 0xA8,0x08, 0xA8,0x08, 0xA8,0x00, 0xA8,0x00, 0xA8,0x00,
 0xA8,0x00, 0xA8,0x00, 0xA8,0x08, 0xA8,0x08, 0xA8,0x08, 0xA8,0x08, 0xA8,0x08, 0x88,0x08, 0x88,0x08, 0x8B,0x11, 0x2F,0x23, 0x8E,0x12,
 0x2F,0x1A, 0x0B,0x11, 0x87,0x08, 0x87,0x08, 0x6C,0x11, 0xAE,0x11, 0x8D,0x11, 0x8D,0x09, 0x8E,0x09, 0xC9,0x08, 0xC9,0x08, 0x30,0x12,
 0xC9,0x08, 0x87,0x00, 0x09,0x09, 0x4F,0x12, 0xA8,0x00, 0x87,0x08, 0x87,0x08, 0x87,0x08, 0x67,0x00, 0xE8,0x08, 0x4B,0x09, 0xC8,0x08,
 0x67,0x00, 0x47,0x00, 0xA8,0x08, 0x88,0x08, 0x67,0x08, 0x67,0x08, 0x67,0x08, 0x46,0x08, 0x87,0x08, 0xC8,0x08, 0x46,0x00, 0x67,0x00,
 0x67,0x08, 0x46,0x00, 0x26,0x00, 0x46,0x00, 0x67,0x08, 0x67,0x08, 0x67,0x08, 0x67,0x08, 0x67,0x08, 0x67,0x08, 0x46,0x08, 0x46,0x08,
 0x46,0x08, 0x66,0x08, 0x67,0x08, 0x66,0x08, 0x46,0x08, 0x46,0x08, 0x46,0x08, 0x46,0x08, 0x46,0x08, 0x46,0x08, 0x46,0x08, 0x46,0x08,

 0x25,0x00, 0x25,0x00, 0x25,0x00, 0x25,0x00, 0x25,0x00, 0x25,0x00, 0x25,0x00, 0x24,0x00, 0xA8,0x08, 0x87,0x00, 0x25,0x00, 0x45,0x00,
 0x46,0x00, 0x45,0x00, 0x46,0x00, 0x46,0x00, 0x45,0x00, 0x45,0x00, 0x66,0x00, 0x4A,0x09, 0x66,0x00, 0x25,0x00, 0x45,0x00, 0x45,0x00,
 0x45,0x00, 0x45,0x00, 0x45,0x00, 0x45,0x00, 0x45,0x00, 0x45,0x00, 0x45,0x00, 0x87,0x00, 0x66,0x00, 0x66,0x00, 0xA7,0x00, 0x66,0x00,
 0x45,0x00, 0x46,0x00, 0x87,0x00, 0x66,0x00, 0xA7,0x00, 0x6C,0x11, 0x66,0x00, 0x66,0x00, 0x66,0x00, 0x86,0x00, 0x86,0x00, 0x66,0x00,
 0x2F,0x12, 0x2A,0x09, 0x66,0x00, 0x6C,0x11, 0x6D,0x09, 0x6C,0x09, 0x6C,0x09, 0x6C,0x09, 0xA7,0x00, 0x86,0x00, 0x66,0x00, 0x4A,0x09,
 0x2A,0x09, 0x66,0x00, 0x87,0x00, 0x87,0x00, 0x87,0x00, 0x87,0x00, 0x87,0x00, 0x87,0x00, 0xA7,0x00, 0xA7,0x00, 0x87,0x00, 0xA7,0x00,
 0xA8,0x00, 0xA8,0x00, 0xA8,0x00, 0xA9,0x08, 0xA9,0x08, 0xAA,0x08, 0xAB,0x08, 0xCC,0x08, 0xAC,0x08, 0x0E,0x11, 0x5D,0x5C, 0x5D,0x53,
 0x7E,0x5B, 0xF9,0x42, 0x8E,0x08, 0xEF,0x10, 0x0C,0x00, 0xF5,0x3B, 0xFF,0x65, 0x5D,0x53, 0x3C,0x53, 0x3C,0x53, 0x5D,0x5B, 0x1B,0x53,
 0x79,0x42, 0x99,0x42, 0xBA,0x42, 0x9A,0x42, 0xBA,0x42, 0xBA,0x42, 0xDA,0x42, 0xDD,0x4B, 0x5F,0x5D, 0x99,0x44, 0x4E,0x11, 0x4C,0x08,
 0xCD,0x08, 0xCC,0x08, 0xCC,0x08, 0xCC,0x08, 0xCB,0x08, 0xCB,0x00, 0xCA,0x00, 0xCA,0x00, 0xC9,0x00, 0xC9,0x00, 0xC9,0x08, 0xC9,0x00,
 0xC9,0x00, 0xC9,0x08, 0xC9,0x08, 0xC9,0x00, 0xC9,0x00, 0xC9,0x08, 0xC9,0x08, 0xC9,0x08, 0xCA,0x00, 0xEA,0x08, 0xEB,0x08, 0xEC,0x08,
 0xEC,0x08, 0x8B,0x08, 0xD9,0x44, 0x9F,0x45, 0x5D,0x34, 0x5D,0x34, 0x5D,0x3C, 0x3E,0x34, 0x1D,0x34, 0xBD,0x3C, 0xFD,0x45, 0x7E,0x4E,
 0xBE,0x3D, 0xFE,0x4D, 0xDE,0x4D, 0xBE,0x45, 0xDE,0x45, 0xDF,0x4D, 0x3F,0x4E, 0xDF,0x67, 0xF3,0x32, 0x4D,0x00, 0xCD,0x08, 0xAC,0x08,
 0xAB,0x08, 0xAA,0x08, 0xAA,0x00, 0xA9,0x00, 0xA8,0x00, 0xA8,0x08, 0xA8,0x00, 0xA8,0x00, 0xA8,0x08, 0xA8,0x00, 0xA8,0x00, 0xA8,0x00,
 0xA8,0x00, 0xA8,0x08, 0xA8,0x00, 0xA8,0x00, 0xA8,0x00, 0xA8,0x08, 0x87,0x08, 0x87,0x00, 0x88,0x08, 0xE9,0x08, 0x8C,0x11, 0x2A,0x09,
 0x4C,0x11, 0x6C,0x11, 0x87,0x08, 0x87,0x08, 0x09,0x09, 0xAE,0x11, 0x8D,0x09, 0x8D,0x09, 0x8E,0x09, 0x2B,0x09, 0x87,0x00, 0x0F,0x12,
 0x4B,0x09, 0x87,0x00, 0xA8,0x00, 0x0D,0x12, 0x09,0x09, 0x67,0x08, 0x87,0x00, 0x87,0x08, 0x87,0x08, 0x66,0x00, 0x25,0x00, 0x66,0x00,
 0xC9,0x08, 0x6C,0x11, 0xE9,0x08, 0x67,0x00, 0x67,0x00, 0x67,0x00, 0x67,0x00, 0x67,0x08, 0x46,0x08, 0x46,0x08, 0x67,0x08, 0x67,0x00,
 0x67,0x08, 0x67,0x00, 0x67,0x08, 0x67,0x08, 0x66,0x08, 0x67,0x08, 0x67,0x00, 0x47,0x00, 0x47,0x08, 0x47,0x08, 0x46,0x08, 0x47,0x08,
 0x47,0x08, 0x46,0x00, 0x46,0x00, 0x46,0x00, 0x46,0x08, 0x46,0x08, 0x46,0x08, 0x46,0x08, 0x46,0x08, 0x46,0x08, 0x46,0x08, 0x46,0x00,

 0x24,0x00, 0x25,0x00, 0x25,0x00, 0x25,0x00, 0x25,0x00, 0x24,0x00, 0x25,0x00, 0x24,0x00, 0xA8,0x08, 0x87,0x00, 0x25,0x00, 0x45,0x00,
 0x45,0x00, 0x45,0x00, 0x45,0x00, 0x45,0x00, 0x45,0x00, 0x45,0x00, 0x45,0x00, 0x04,0x00, 0x45,0x00, 0x45,0x00, 0x45,0x00, 0x45,0x00,
 0x45,0x00, 0x45,0x00, 0x45,0x00, 0x45,0x00, 0x45,0x00, 0x45,0x00, 0x65,0x00, 0x87,0x00, 0x66,0x00, 0x86,0x00, 0x4B,0x09, 0x6C,0x09,
 0x4B,0x09, 0xE9,0x08, 0x66,0x00, 0x46,0x00, 0x0A,0x09, 0x4B,0x09, 0x45,0x00, 0x66,0x00, 0x66,0x00, 0x66,0x00, 0x66,0x00, 0xC8,0x00,
 0x4F,0x12, 0xA7,0x00, 0xA8,0x08, 0x8D,0x11, 0x6C,0x09, 0x6C,0x09, 0x6C,0x09, 0x2B,0x09, 0x86,0x00, 0x86,0x00, 0x86,0x00, 0x8C,0x09,
 0xC8,0x00, 0x66,0x00, 0x87,0x00, 0x87,0x00, 0x87,0x00, 0x87,0x00, 0x87,0x00, 0x87,0x00, 0x87,0x00, 0xA7,0x00, 0xA7,0x00, 0xA7,0x00,
 0xA8,0x00, 0xA8,0x00, 0xA8,0x00, 0xA8,0x08, 0xA9,0x08, 0xAA,0x08, 0xAA,0x08, 0xAB,0x08, 0xCC,0x10, 0x6C,0x08, 0x95,0x3A, 0x9F,0x6C,
 0xFE,0x63, 0x30,0x19, 0xAE,0x10, 0x8E,0x08, 0x90,0x19, 0x3E,0x66, 0xDD,0x53, 0x1C,0x53, 0x1C,0x53, 0x3D,0x5B, 0xFB,0x52, 0x79,0x42,
 0x79,0x42, 0x99,0x42, 0x9A,0x42, 0x9A,0x42, 0x9A,0x42, 0xFB,0x42, 0xBE,0x54, 0x3D,0x55, 0x93,0x2A, 0x6C,0x08, 0x8C,0x08, 0xED,0x08,
 0xCC,0x08, 0xCB,0x00, 0xCB,0x08, 0xCB,0x08, 0xCA,0x00, 0xCA,0x00, 0xCA,0x00, 0xC9,0x00, 0xC9,0x00, 0xC9,0x00, 0xC9,0x00, 0xC9,0x00,
 0xC9,0x00, 0xC9,0x00, 0xA9,0x00, 0xC9,0x00, 0xA9,0x00, 0xC9,0x00, 0xC9,0x08, 0xC9,0x08, 0xC9,0x08, 0xCA,0x08, 0xCB,0x08, 0xCB,0x08,
 0xEC,0x08, 0xAC,0x08, 0x2D,0x11, 0xBC,0x4D, 0x1F,0x45, 0x3D,0x3C, 0x5D,0x34, 0x3D,0x34, 0x3E,0x34, 0x1D,0x34, 0x1D,0x2C, 0xDD,0x3C,
 0xDD,0x45, 0x3E,0x46, 0xDE,0x4D, 0x9E,0x45, 0xBF,0x45, 0xBF,0x4D, 0xBF,0x4D, 0x1F,0x57, 0xDA,0x55, 0x8D,0x08, 0xCD,0x08, 0xAC,0x08,
 0xAB,0x08, 0xAA,0x00, 0xAA,0x08, 0xA9,0x08, 0xA8,0x00, 0xA8,0x08, 0xA8,0x00, 0xA8,0x00, 0xA8,0x00, 0xA8,0x00, 0x87,0x00, 0xA8,0x00,
 0xA8,0x00, 0x88,0x08, 0xA8,0x08, 0xA8,0x08, 0xA8,0x08, 0xA8,0x08, 0xA8,0x08, 0x87,0x00, 0x88,0x08, 0x88,0x08, 0x88,0x08, 0x67,0x08,
 0xA9,0x08, 0x6D,0x11, 0xA8,0x08, 0x67,0x08, 0xA8,0x08, 0x8D,0x09, 0x6D,0x09, 0x6D,0x09, 0x8D,0x09, 0x6C,0x09, 0x67,0x00, 0x8D,0x09,
 0x8D,0x11, 0x87,0x08, 0x86,0x00, 0x6B,0x11, 0x6B,0x09, 0x66,0x00, 0x87,0x00, 0x87,0x08, 0x87,0x08, 0x67,0x00, 0x2A,0x09, 0xCD,0x11,
 0xCD,0x11, 0x8D,0x11, 0xA9,0x08, 0x67,0x00, 0x67,0x08, 0x67,0x08, 0x67,0x08, 0x67,0x08, 0x67,0x08, 0x67,0x08, 0x67,0x08, 0x67,0x08,
 0x67,0x08, 0x67,0x08, 0x67,0x08, 0x67,0x08, 0x67,0x08, 0x67,0x08, 0x47,0x08, 0x47,0x08, 0x67,0x08, 0x47,0x00, 0x46,0x08, 0x67,0x08,
 0x46,0x08, 0x46,0x00, 0x46,0x00, 0x46,0x08, 0x46,0x08, 0x46,0x00, 0x46,0x08, 0x46,0x08, 0x46,0x08, 0x46,0x08, 0x46,0x08, 0x46,0x00,

 0xA8,0x08, 0xA8,0x08, 0x87,0x08, 0x87,0x08, 0xA8,0x08, 0xA8,0x08, 0xA8,0x08, 0x87,0x00, 0x0B,0x11, 0xEA,0x08, 0xA8,0x08, 0xC9,0x08,
 0xC8,0x08, 0xC9,0x08, 0xC8,0x08, 0xC8,0x08, 0xC8,0x08, 0xC8,0x08, 0xC8,0x08, 0xC8,0x08, 0xC8,0x08, 0xC8,0x08, 0xC8,0x08, 0xC9,0x08,
 0xE9,0x08, 0xC8,0x00, 0x8C,0x19, 0x4B,0x11, 0xC8,0x00, 0xC9,0x08, 0x66,0x00, 0x87,0x00, 0x45,0x00, 0x25,0x00, 0x24,0x00, 0x66,0x00,
 0xC9,0x00, 0xE9,0x08, 0x67,0x00, 0x46,0x00, 0x4C,0x09, 0xE9,0x08, 0x45,0x00, 0x66,0x00, 0x66,0x00, 0x66,0x00, 0x45,0x00, 0x4A,0x09,
 0x0E,0x12, 0x46,0x00, 0x0A,0x09, 0x8D,0x11, 0x6C,0x09, 0x4C,0x09, 0x6C,0x09, 0xE9,0x08, 0x86,0x00, 0x86,0x00, 0xC8,0x00, 0x6C,0x09,
 0x86,0x00, 0x86,0x00, 0x86,0x00, 0x87,0x00, 0x87,0x00, 0x87,0x00, 0x87,0x00, 0x87,0x00, 0x87,0x00, 0x87,0x00, 0x87,0x00, 0xA7,0x00,
 0xA7,0x00, 0xA8,0x00, 0xA8,0x00, 0xA8,0x00, 0xA9,0x08, 0xA9,0x08, 0xAA,0x08, 0xAB,0x08, 0xAC,0x08, 0xCC,0x10, 0xAD,0x08, 0x7C,0x64,
 0xF7,0x42, 0x6C,0x08, 0xEE,0x10, 0x6D,0x08, 0xD9,0x54, 0x1F,0x65, 0xFC,0x52, 0xFC,0x52, 0x1C,0x53, 0xDB,0x4A, 0x38,0x3A, 0x59,0x42,
 0x79,0x42, 0x79,0x42, 0x99,0x42, 0x9A,0x42, 0x7C,0x53, 0xFE,0x5C, 0xF8,0x43, 0x0E,0x11, 0x4B,0x00, 0xCD,0x08, 0xED,0x08, 0xCC,0x08,
 0xCB,0x08, 0xCB,0x00, 0xCA,0x00, 0xCA,0x00, 0xCA,0x00, 0xC9,0x00, 0xC9,0x00, 0xC9,0x00, 0xC9,0x00, 0xC9,0x00, 0xC8,0x08, 0xC9,0x00,
 0xA8,0x00, 0xC8,0x00, 0xC8,0x00, 0xA8,0x00, 0xC9,0x00, 0xC8,0x08, 0xC9,0x08, 0xC9,0x08, 0xC9,0x08, 0xCA,0x08, 0xCA,0x08, 0xCA,0x08,
 0xCB,0x08, 0xEC,0x08, 0x6C,0x08, 0x30,0x22, 0x1F,0x56, 0x9E,0x3C, 0x3D,0x3C, 0x3D,0x34, 0x3D,0x34, 0x3D,0x34, 0x3D,0x34, 0xFD,0x2B,
 0x1D,0x2C, 0xFD,0x34, 0xBE,0x45, 0x7E,0x4D, 0x7E,0x45, 0x7F,0x45, 0x9F,0x4D, 0xFF,0x45, 0x5F,0x5F, 0x51,0x22, 0x6C,0x00, 0xCC,0x08,
 0xAB,0x08, 0xAA,0x08, 0xAA,0x08, 0xA9,0x08, 0xA9,0x00, 0xA8,0x00, 0xA8,0x00, 0xA8,0x00, 0xA8,0x00, 0xA8,0x08, 0xA8,0x00, 0xA7,0x00,
 0x88,0x00, 0xA8,0x00, 0xA8,0x08, 0xA8,0x08, 0xA8,0x08, 0xA8,0x08, 0x87,0x08, 0x87,0x00, 0x88,0x00, 0x87,0x08, 0x87,0x08, 0x88,0x08,
 0x87,0x08, 0x4C,0x11, 0xE9,0x08, 0x67,0x08, 0x67,0x00, 0x4B,0x09, 0x8D,0x09, 0x6D,0x09, 0x6D,0x09, 0x8D,0x11, 0xA8,0x00, 0x0A,0x09,
 0xCE,0x11, 0xA7,0x08, 0x86,0x00, 0x09,0x09, 0xAC,0x11, 0x87,0x00, 0x87,0x08, 0x87,0x08, 0x87,0x08, 0x67,0x00, 0xA8,0x08, 0x88,0x00,
 0x46,0x00, 0x26,0x00, 0x67,0x00, 0x67,0x08, 0x67,0x08, 0x67,0x08, 0x67,0x08, 0x67,0x08, 0x67,0x08, 0x67,0x08, 0x67,0x08, 0x67,0x08,
 0x67,0x08, 0x67,0x08, 0x67,0x08, 0x67,0x08, 0x47,0x08, 0x47,0x08, 0x47,0x00, 0x47,0x08, 0x66,0x08, 0x66,0x00, 0x67,0x08, 0x46,0x08,
 0x46,0x00, 0x46,0x00, 0x46,0x08, 0x46,0x08, 0x46,0x08, 0x46,0x00, 0x46,0x08, 0x66,0x08, 0x46,0x08, 0x66,0x08, 0x46,0x08, 0x46,0x00,

 0x87,0x08, 0x67,0x00, 0x67,0x00, 0x87,0x00, 0x87,0x00, 0x87,0x08, 0x87,0x08, 0x66,0x00, 0xEA,0x08, 0xCA,0x08, 0x87,0x00, 0xA8,0x08,
 0x88,0x08, 0xA8,0x08, 0x88,0x00, 0xA8,0x00, 0xA8,0x00, 0xA8,0x00, 0xA7,0x00, 0xA8,0x00, 0xA8,0x00, 0xA8,0x00, 0xA8,0x00, 0xA8,0x00,
 0xA8,0x00, 0xA8,0x00, 0xC8,0x08, 0xC8,0x08, 0xA8,0x00, 0xA7,0x00, 0x66,0x00, 0x87,0x00, 0x45,0x00, 0xC7,0x08, 0xC7,0x00, 0x86,0x00,
 0x46,0x00, 0x46,0x00, 0x66,0x00, 0x66,0x00, 0x6C,0x09, 0xA8,0x00, 0x66,0x00, 0x86,0x00, 0x66,0x00, 0x66,0x00, 0x45,0x00, 0xAC,0x09,
 0x8C,0x09, 0x45,0x00, 0x2B,0x09, 0x8D,0x09, 0x6C,0x09, 0x6C,0x09, 0x6C,0x09, 0xA7,0x00, 0x86,0x00, 0x66,0x00, 0x0A,0x09, 0x2A,0x09,
 0x66,0x00, 0x86,0x00, 0x86,0x00, 0x86,0x00, 0x87,0x00, 0x87,0x00, 0x87,0x00, 0x87,0x00, 0x87,0x00, 0x87,0x00, 0x87,0x00, 0x87,0x00,
 0x87,0x00, 0xA7,0x00, 0xA8,0x00, 0xA8,0x00, 0xA9,0x08, 0xA9,0x08, 0xAA,0x08, 0xAA,0x08, 0xAB,0x08, 0xCC,0x10, 0x8C,0x08, 0x4F,0x19,
 0x0E,0x11, 0xCD,0x10, 0x4D,0x08, 0xD3,0x32, 0xFF,0x6D, 0x5D,0x5B, 0xFC,0x52, 0xFC,0x52, 0xBB,0x4A, 0x38,0x3A, 0x38,0x42, 0x59,0x42,
 0x79,0x42, 0x79,0x42, 0xDB,0x4A, 0x3E,0x5C, 0x9B,0x5C, 0x32,0x2A, 0x4C,0x08, 0x8C,0x08, 0xCC,0x08, 0xCC,0x08, 0xCB,0x08, 0xCB,0x08,
 0xCA,0x08, 0xCA,0x00, 0xCA,0x00, 0xC9,0x00, 0xC9,0x00, 0xC9,0x00, 0xA9,0x00, 0xA9,0x00, 0xA8,0x00, 0xA8,0x00, 0xC8,0x00, 0xA8,0x00,
 0xA8,0x00, 0xA8,0x00, 0xC8,0x00, 0xC8,0x00, 0xC8,0x00, 0xC8,0x00, 0xC8,0x08, 0xC9,0x08, 0xC9,0x08, 0xC9,0x08, 0xCA,0x08, 0xCA,0x08,
 0xCB,0x08, 0xCB,0x08, 0xED,0x08, 0x6C,0x08, 0xB5,0x33, 0x1F,0x4E, 0x5D,0x3C, 0x3D,0x34, 0x1D,0x34, 0x1D,0x34, 0x3D,0x34, 0x3D,0x34,
 0x3D,0x34, 0x1D,0x34, 0x5D,0x34, 0xDE,0x3C, 0x5E,0x45, 0x7F,0x45, 0x7F,0x45, 0x7E,0x45, 0xDF,0x4E, 0x79,0x45, 0x6C,0x08, 0xAC,0x08,
 0xAB,0x08, 0xAA,0x08, 0xAA,0x08, 0xA9,0x00, 0xA9,0x08, 0xA8,0x00, 0xA8,0x00, 0xA8,0x00, 0xA8,0x00, 0xA7,0x00, 0x88,0x00, 0x87,0x00,
 0x88,0x00, 0xA7,0x00, 0xA7,0x00, 0xA8,0x08, 0xA7,0x08, 0x87,0x08, 0x87,0x08, 0x88,0x00, 0x87,0x00, 0x87,0x00, 0x87,0x08, 0x88,0x08,
 0x67,0x00, 0x0A,0x09, 0x2B,0x09, 0x67,0x00, 0x67,0x00, 0x0A,0x09, 0x8D,0x09, 0x6D,0x09, 0x6D,0x09, 0x6D,0x09, 0xE9,0x08, 0xA8,0x00,
 0xCE,0x11, 0xC8,0x08, 0x66,0x00, 0xA7,0x08, 0xC8,0x08, 0x87,0x00, 0x87,0x00, 0x87,0x00, 0x87,0x00, 0x87,0x08, 0x67,0x08, 0xC9,0x08,
 0x2B,0x11, 0x8D,0x11, 0x8C,0x11, 0x87,0x08, 0x46,0x08, 0x67,0x08, 0x67,0x08, 0x67,0x08, 0x67,0x08, 0x67,0x00, 0x67,0x08, 0x46,0x08,
 0x46,0x08, 0x67,0x08, 0x67,0x08, 0x47,0x08, 0x47,0x08, 0x47,0x08, 0x47,0x00, 0x47,0x00, 0x46,0x00, 0x46,0x08, 0x46,0x08, 0x46,0x00,
 0x46,0x00, 0x46,0x08, 0x46,0x08, 0x46,0x00, 0x46,0x00, 0x46,0x00, 0x46,0x00, 0x46,0x08, 0x46,0x00, 0x46,0x00, 0x46,0x00, 0x46,0x00,

 0x24,0x00, 0x24,0x00, 0x24,0x00, 0x24,0x00, 0x25,0x00, 0x25,0x00, 0x45,0x00, 0x24,0x00, 0xA8,0x00, 0x87,0x00, 0x25,0x00, 0x45,0x00,
 0x25,0x00, 0x25,0x00, 0x25,0x00, 0x25,0x00, 0x45,0x00, 0x25,0x00, 0x45,0x00, 0x45,0x00, 0x45,0x00, 0x45,0x00, 0x45,0x00, 0x45,0x00,
 0x45,0x00, 0x45,0x00, 0x45,0x00, 0x45,0x00, 0x45,0x00, 0x45,0x00, 0x66,0x00, 0x87,0x00, 0x45,0x00, 0xA7,0x00, 0x09,0x09, 0x2A,0x09,
 0x4B,0x09, 0x87,0x00, 0x45,0x00, 0x87,0x00, 0x6C,0x11, 0x87,0x00, 0x86,0x00, 0x66,0x00, 0x86,0x00, 0x66,0x00, 0x66,0x00, 0xED,0x11,
 0x09,0x09, 0x46,0x00, 0x4C,0x11, 0x6C,0x09, 0x6C,0x09, 0x8D,0x09, 0x4B,0x09, 0x86,0x00, 0x86,0x00, 0x86,0x00, 0x4B,0x09, 0xC9,0x00,
 0x66,0x00, 0x86,0x00, 0x86,0x00, 0x86,0x00, 0x86,0x00, 0x86,0x00, 0x87,0x00, 0x86,0x00, 0x87,0x00, 0x87,0x00, 0x87,0x00, 0x87,0x00,
 0x87,0x00, 0x87,0x00, 0xA7,0x00, 0xA8,0x00, 0xA8,0x00, 0xA9,0x08, 0xA9,0x08, 0xAA,0x08, 0xAB,0x08, 0xAB,0x08, 0xCC,0x10, 0x8C,0x08,
 0xAC,0x08, 0xAD,0x10, 0xCE,0x10, 0x9C,0x65, 0x5E,0x64, 0xFC,0x5A, 0x1C,0x5B, 0xBB,0x4A, 0x38,0x3A, 0x38,0x3A, 0x58,0x42, 0x59,0x42,
 0x79,0x42, 0x5C,0x53, 0x7D,0x5C, 0x56,0x43, 0xED,0x10, 0x6C,0x08, 0xEC,0x08, 0xCC,0x08, 0xCB,0x08, 0xCB,0x08, 0xCA,0x08, 0xCA,0x08,
 0xCA,0x00, 0xC9,0x00, 0xC9,0x00, 0xC9,0x00, 0xC9,0x08, 0xA8,0x00, 0xA8,0x00, 0xA8,0x00, 0xA8,0x00, 0xA8,0x00, 0xA8,0x00, 0xC8,0x00,
 0xC8,0x00, 0xA8,0x00, 0xA8,0x00, 0xC8,0x00, 0xA8,0x00, 0xA8,0x00, 0xA8,0x00, 0xC8,0x00, 0xC9,0x00, 0xC9,0x08, 0xC9,0x08, 0xCA,0x08,
 0xCA,0x08, 0xCB,0x08, 0xCC,0x08, 0xCD,0x08, 0x8C,0x08, 0xD9,0x44, 0xBF,0x45, 0x1D,0x34, 0x1D,0x34, 0x1D,0x34, 0x3D,0x34, 0x3D,0x34,
 0x3D,0x34, 0x3D,0x34, 0x3D,0x34, 0x1D,0x34, 0x5E,0x34, 0xFE,0x3C, 0x5F,0x45, 0x5F,0x45, 0xBE,0x45, 0x3F,0x57, 0x30,0x22, 0x4B,0x00,
 0xAB,0x08, 0xAA,0x08, 0xAA,0x08, 0xA9,0x08, 0xA9,0x08, 0xA8,0x08, 0xA8,0x00, 0xA8,0x00, 0xA8,0x00, 0xA8,0x00, 0xA7,0x00, 0x87,0x00,
 0x87,0x00, 0x87,0x00, 0x87,0x00, 0x87,0x08, 0x87,0x08, 0x87,0x08, 0x87,0x00, 0x87,0x00, 0x87,0x00, 0x87,0x00, 0x87,0x00, 0x87,0x00,
 0x67,0x00, 0xC9,0x08, 0x4C,0x11, 0x87,0x00, 0x67,0x00, 0xC8,0x08, 0x6D,0x09, 0x4C,0x09, 0x4C,0x09, 0x6C,0x09, 0x0A,0x09, 0x66,0x00,
 0xAD,0x09, 0x09,0x09, 0x66,0x00, 0x87,0x08, 0x66,0x00, 0x87,0x08, 0x87,0x08, 0x87,0x00, 0x87,0x00, 0x67,0x00, 0xA8,0x08, 0xAD,0x11,
 0x6C,0x11, 0x09,0x09, 0x87,0x08, 0x46,0x00, 0x66,0x08, 0x66,0x08, 0x66,0x08, 0x67,0x08, 0x66,0x08, 0x67,0x00, 0x67,0x00, 0xA8,0x08,
 0x87,0x08, 0x46,0x08, 0x66,0x08, 0x47,0x00, 0x47,0x08, 0x46,0x08, 0x46,0x00, 0x46,0x00, 0x46,0x08, 0x46,0x08, 0x46,0x00, 0x46,0x00,
 0x46,0x00, 0x46,0x08, 0x46,0x08, 0x46,0x00, 0x46,0x00, 0x68,0x08, 0x68,0x08, 0x68,0x08, 0x68,0x08, 0x67,0x08, 0x67,0x08, 0x47,0x08,

 0x45,0x00, 0x45,0x00, 0x25,0x00, 0x45,0x00, 0x45,0x00, 0x45,0x00, 0x45,0x00, 0x25,0x00, 0xA8,0x08, 0x88,0x00, 0x45,0x00, 0x46,0x00,
 0x45,0x00, 0x45,0x00, 0x45,0x00, 0x45,0x00, 0x46,0x00, 0x46,0x00, 0x46,0x00, 0x46,0x00, 0x45,0x00, 0x46,0x00, 0x66,0x00, 0x46,0x00,
 0x46,0x00, 0x66,0x00, 0x66,0x00, 0x66,0x00, 0x66,0x00, 0x45,0x00, 0x87,0x00, 0x87,0x00, 0x45,0x00, 0x24,0x00, 0x24,0x00, 0x24,0x00,
 0x45,0x00, 0x65,0x00, 0x45,0x00, 0xC9,0x08, 0x4C,0x09, 0x66,0x00, 0x86,0x00, 0x66,0x00, 0x66,0x00, 0x46,0x00, 0xA7,0x00, 0x0E,0x12,
 0xA7,0x00, 0x87,0x00, 0x6C,0x11, 0x6C,0x09, 0x6C,0x09, 0x6D,0x09, 0x2B,0x09, 0x86,0x00, 0x66,0x00, 0xA7,0x00, 0x6C,0x09, 0xA7,0x00,
 0x86,0x00, 0x86,0x00, 0x86,0x00, 0x86,0x00, 0x86,0x00, 0x86,0x00, 0x86,0x00, 0x86,0x00, 0x87,0x00, 0x87,0x00, 0x87,0x00, 0x87,0x00,
 0x87,0x00, 0x87,0x00, 0x87,0x00, 0x88,0x00, 0x88,0x00, 0xA9,0x08, 0xA9,0x08, 0xAA,0x08, 0xAA,0x08, 0xAB,0x08, 0xAB,0x08, 0xAC,0x08,
 0xCC,0x10, 0x2B,0x00, 0xB5,0x43, 0x5F,0x6D, 0x1C,0x5B, 0x1C,0x5B, 0xDB,0x52, 0x18,0x3A, 0x38,0x42, 0x38,0x42, 0x39,0x42, 0xDB,0x4A,
 0x3E,0x5C, 0xFA,0x4B, 0xB1,0x21, 0x6B,0x00, 0xAC,0x08, 0xCC,0x08, 0xCB,0x08, 0xCB,0x08, 0xCA,0x08, 0xCA,0x08, 0xAA,0x08, 0xA9,0x00,
 0xC9,0x00, 0xA9,0x00, 0xC9,0x00, 0xA8,0x00, 0xA8,0x00, 0xA8,0x00, 0xA8,0x00, 0xA8,0x00, 0xA8,0x00, 0xA8,0x00, 0xA8,0x00, 0xA8,0x00,
 0xA8,0x00, 0xA8,0x00, 0xA8,0x00, 0xA8,0x00, 0xA8,0x00, 0xA8,0x00, 0xA8,0x00, 0xA8,0x00, 0xC8,0x08, 0xC8,0x08, 0xC9,0x08, 0xC9,0x08,
 0xCA,0x08, 0xCA,0x08, 0xCB,0x08, 0xEC,0x08, 0xAC,0x08, 0x2E,0x11, 0xDC,0x4D, 0x1E,0x3D, 0x1D,0x34, 0x1D,0x34, 0x3D,0x34, 0x3D,0x34,
 0x3D,0x34, 0x3D,0x34, 0x1D,0x34, 0x1D,0x34, 0x1D,0x34, 0x1D,0x2C, 0x7E,0x34, 0x1E,0x45, 0x3E,0x45, 0xDF,0x46, 0xF8,0x3C, 0x2B,0x08,
 0xAB,0x08, 0xAA,0x08, 0xAA,0x08, 0xA9,0x00, 0xA9,0x08, 0xA8,0x00, 0xA8,0x00, 0xA8,0x00, 0x88,0x00, 0x87,0x00, 0x87,0x00, 0x87,0x00,
 0x87,0x00, 0x87,0x00, 0x87,0x00, 0x67,0x00, 0x87,0x00, 0x87,0x00, 0x87,0x00, 0x87,0x08, 0x87,0x08, 0x87,0x08, 0x87,0x00, 0x87,0x08,
 0x87,0x08, 0x87,0x00, 0x4C,0x11, 0xA8,0x08, 0x67,0x00, 0x87,0x00, 0x4C,0x09, 0x4C,0x09, 0x4C,0x09, 0x4C,0x09, 0x2B,0x09, 0x66,0x00,
 0x6B,0x09, 0x4B,0x09, 0x66,0x00, 0x87,0x00, 0x87,0x00, 0x87,0x00, 0x87,0x08, 0x87,0x00, 0x87,0x00, 0x87,0x00, 0x67,0x08, 0x26,0x00,
 0x25,0x00, 0x45,0x00, 0x87,0x00, 0x86,0x00, 0x66,0x00, 0x66,0x08, 0x66,0x08, 0x67,0x08, 0x66,0x08, 0x67,0x08, 0x66,0x00, 0xA8,0x08,
 0xC9,0x08, 0x46,0x00, 0x46,0x00, 0x46,0x00, 0x46,0x00, 0x46,0x08, 0x46,0x00, 0x46,0x00, 0x46,0x08, 0x46,0x08, 0x46,0x08, 0x46,0x08,
 0x46,0x00, 0x46,0x00, 0x46,0x00, 0x46,0x00, 0x46,0x08, 0x8A,0x10, 0x69,0x10, 0x68,0x08, 0x68,0x08, 0x68,0x08, 0x67,0x08, 0x47,0x08,

 0xC9,0x08, 0xC9,0x08, 0xC9,0x08, 0xC9,0x08, 0xC9,0x08, 0xC9,0x08, 0xC9,0x08, 0xA8,0x08, 0x4C,0x11, 0x2C,0x11, 0xC9,0x08, 0xEA,0x08,
 0xE9,0x08, 0xE9,0x08, 0xE9,0x08, 0xE9,0x08, 0xE9,0x08, 0xE9,0x08, 0xE9,0x08, 0xE9,0x08, 0xE9,0x08, 0xE9,0x08, 0x0A,0x09, 0x0A,0x09,
 0x0A,0x09, 0x0A,0x09, 0x0A,0x09, 0x2A,0x09, 0x2A,0x09, 0x66,0x00, 0x87,0x00, 0x66,0x00, 0x65,0x00, 0x09,0x09, 0x09,0x09, 0xE8,0x08,
 0x86,0x00, 0x45,0x00, 0x45,0x00, 0x2B,0x09, 0x2B,0x09, 0x45,0x00, 0x66,0x00, 0x86,0x00, 0x86,0x00, 0x46,0x00, 0xE8,0x00, 0x0D,0x12,
 0x66,0x00, 0xC8,0x08, 0x6C,0x09, 0x6C,0x09, 0x6C,0x09, 0x6C,0x09, 0xE9,0x08, 0x66,0x00, 0x66,0x00, 0xC8,0x00, 0x4B,0x09, 0x66,0x00,
 0x86,0x00, 0x86,0x00, 0x86,0x00, 0x86,0x00, 0x86,0x00, 0x86,0x00, 0x87,0x00, 0x87,0x00, 0x87,0x00, 0x87,0x00, 0x87,0x00, 0x87,0x00,
 0x87,0x00, 0x87,0x00, 0x87,0x00, 0x88,0x00, 0x88,0x00, 0xA8,0x00, 0xA9,0x08, 0xA9,0x08, 0xAA,0x08, 0xAB,0x08, 0xAB,0x08, 0xAC,0x08,
 0x6B,0x08, 0x8F,0x19, 0x9E,0x65, 0x7D,0x5B, 0xFC,0x5A, 0xBB,0x52, 0x18,0x3A, 0x37,0x42, 0x38,0x42, 0x59,0x4A, 0x9D,0x53, 0x7D,0x54,
 0xB4,0x32, 0xAC,0x08, 0x6B,0x08, 0xCC,0x08, 0xCC,0x08, 0xAB,0x08, 0xCB,0x08, 0xCA,0x08, 0xCA,0x08, 0xAA,0x00, 0xA9,0x00, 0xA9,0x00,
 0xA9,0x00, 0xA8,0x00, 0xA8,0x00, 0xA8,0x00, 0xA8,0x00, 0xA8,0x00, 0xA8,0x00, 0xA8,0x00, 0xA8,0x00, 0xA8,0x00, 0x88,0x00, 0x88,0x00,
 0xA8,0x00, 0xA8,0x00, 0xA8,0x00, 0xA8,0x00, 0xA8,0x00, 0xA8,0x00, 0xA8,0x00, 0xA8,0x00, 0xA8,0x00, 0xA8,0x00, 0xC8,0x08, 0xC9,0x00,
 0xC9,0x08, 0xCA,0x08, 0xCA,0x08, 0xCB,0x08, 0xCC,0x08, 0x6B,0x00, 0x10,0x1A, 0x3E,0x4E, 0xBE,0x3C, 0x1D,0x3C, 0x1D,0x3C, 0x1D,0x34,
 0x1D,0x34, 0xFD,0x33, 0xFD,0x33, 0x1D,0x34, 0x1D,0x34, 0x1E,0x34, 0x1E,0x34, 0x3E,0x34, 0xBE,0x3C, 0x9E,0x3D, 0xBD,0x4E, 0x6E,0x19,
 0x6B,0x00, 0xAA,0x08, 0xAA,0x08, 0xA9,0x00, 0xA9,0x00, 0xA8,0x00, 0x88,0x00, 0xA8,0x00, 0x87,0x00, 0x87,0x00, 0x87,0x00, 0x87,0x00,
 0x87,0x00, 0x87,0x00, 0x67,0x00, 0x87,0x08, 0x67,0x00, 0x87,0x00, 0x87,0x00, 0x87,0x00, 0x87,0x00, 0x87,0x00, 0x87,0x00, 0x87,0x08,
 0x87,0x08, 0x67,0x00, 0x2B,0x11, 0xC9,0x08, 0x66,0x00, 0x67,0x00, 0x2B,0x09, 0x6C,0x09, 0x4C,0x09, 0x4C,0x09, 0x4B,0x09, 0x67,0x00,
 0x0A,0x09, 0x8D,0x09, 0x66,0x00, 0x87,0x00, 0x87,0x00, 0x87,0x00, 0x87,0x00, 0x87,0x00, 0x87,0x08, 0x67,0x08, 0x46,0x00, 0x09,0x09,
 0x8C,0x09, 0x8B,0x11, 0xCD,0x11, 0xE8,0x08, 0x46,0x00, 0x66,0x00, 0x67,0x00, 0x66,0x08, 0x66,0x08, 0x66,0x08, 0x46,0x08, 0x87,0x08,
 0xCA,0x08, 0x46,0x00, 0x46,0x00, 0x46,0x00, 0x46,0x00, 0x46,0x00, 0x46,0x00, 0x46,0x00, 0x46,0x00, 0x46,0x00, 0x46,0x00, 0x46,0x08,
 0x46,0x08, 0x46,0x00, 0x46,0x00, 0x26,0x00, 0x46,0x00, 0x69,0x10, 0x69,0x10, 0x68,0x08, 0x68,0x08, 0x47,0x08, 0x47,0x08, 0x47,0x08,

 0x45,0x00, 0x45,0x00, 0x46,0x00, 0x46,0x00, 0x46,0x00, 0x46,0x00, 0x66,0x00, 0x25,0x00, 0xEA,0x08, 0xA9,0x08, 0x45,0x00, 0x66,0x00,
 0x66,0x00, 0x66,0x00, 0x66,0x00, 0x66,0x00, 0x66,0x00, 0x66,0x00, 0x66,0x00, 0x66,0x00, 0x66,0x00, 0x66,0x00, 0x66,0x00, 0x66,0x00,
 0x67,0x00, 0x67,0x00, 0x66,0x00, 0x66,0x00, 0x66,0x00, 0x46,0x00, 0xA8,0x00, 0x66,0x00, 0x45,0x00, 0x66,0x00, 0xA7,0x00, 0xC8,0x08,
 0xC7,0x00, 0x45,0x00, 0x45,0x00, 0x2A,0x09, 0xE9,0x08, 0x45,0x00, 0x66,0x00, 0x66,0x00, 0x66,0x00, 0x46,0x00, 0x29,0x09, 0xCC,0x11,
 0x45,0x00, 0x09,0x09, 0x4C,0x11, 0x4B,0x09, 0x4C,0x09, 0x6C,0x09, 0xC8,0x00, 0x66,0x00, 0x66,0x00, 0xE9,0x08, 0x0A,0x09, 0x65,0x00,
 0x86,0x00, 0x86,0x00, 0x86,0x00, 0x86,0x00, 0x86,0x00, 0x86,0x00, 0x87,0x00, 0x86,0x00, 0x86,0x00, 0x86,0x00, 0x87,0x00, 0x87,0x00,
 0x87,0x00, 0x87,0x00, 0x87,0x00, 0x88,0x00, 0x88,0x00, 0x88,0x00, 0xA9,0x08, 0x89,0x08, 0xAA,0x08, 0xAB,0x08, 0x8B,0x08, 0xAC,0x08,
 0x4B,0x00, 0x38,0x4C, 0x7E,0x64, 0xDC,0x5A, 0xBB,0x52, 0x18,0x42, 0x37,0x42, 0x38,0x42, 0xDA,0x4A, 0x1E,0x5C, 0xD9,0x4B, 0x4F,0x19,
 0x4B,0x08, 0xAC,0x08, 0xAC,0x08, 0xAB,0x08, 0xAB,0x08, 0xAA,0x08, 0xAA,0x08, 0xAA,0x08, 0xA9,0x00, 0xA9,0x00, 0xC9,0x08, 0xA8,0x00,
 0xA8,0x00, 0xA8,0x00, 0xA8,0x00, 0xA8,0x00, 0xA8,0x00, 0xA8,0x00, 0xA8,0x00, 0xA8,0x00, 0xA8,0x00, 0xA8,0x00, 0xA8,0x00, 0xA8,0x00,
 0xA8,0x00, 0xA8,0x00, 0xA8,0x00, 0xA8,0x00, 0xA8,0x00, 0xA8,0x00, 0xA8,0x00, 0xA8,0x00, 0xA8,0x00, 0xA8,0x00, 0xA8,0x00, 0xC8,0x00,
 0xC9,0x00, 0xA9,0x08, 0xCA,0x08, 0xCA,0x08, 0xCB,0x08, 0xCC,0x08, 0x4B,0x00, 0x34,0x2B, 0xBF,0x56, 0xFF,0x4D, 0xDF,0x4D, 0xBF,0x4D,
 0x9F,0x4D, 0x9F,0x4D, 0x9F,0x4D, 0x9F,0x4D, 0xBF,0x4D, 0xBF,0x4D, 0xBF,0x4D, 0xBF,0x45, 0xBF,0x45, 0xFF,0x45, 0x9F,0x4F, 0xF7,0x44,
 0x4A,0x00, 0xAA,0x08, 0xA9,0x08, 0xA9,0x00, 0xA8,0x00, 0x88,0x00, 0xA8,0x00, 0x88,0x00, 0x87,0x00, 0x87,0x00, 0x87,0x00, 0x87,0x00,
 0x87,0x00, 0x87,0x00, 0x87,0x00, 0x87,0x08, 0x87,0x00, 0x87,0x00, 0x87,0x00, 0x87,0x00, 0x87,0x00, 0x87,0x00, 0x87,0x00, 0x67,0x08,
 0x87,0x08, 0x66,0x00, 0xEA,0x08, 0x0A,0x09, 0x67,0x00, 0x66,0x00, 0xEA,0x08, 0x4C,0x09, 0x2B,0x09, 0x2B,0x09, 0x4C,0x09, 0xA8,0x00,
 0xA8,0x00, 0xAD,0x11, 0x87,0x00, 0x67,0x00, 0x87,0x00, 0x87,0x00, 0x67,0x00, 0x67,0x00, 0x67,0x00, 0x67,0x00, 0x66,0x00, 0xA7,0x08,
 0xA8,0x08, 0x66,0x00, 0x45,0x00, 0x25,0x00, 0x66,0x00, 0x66,0x08, 0x66,0x08, 0x66,0x08, 0x66,0x08, 0x66,0x08, 0xA7,0x08, 0x88,0x08,
 0xEA,0x08, 0x46,0x00, 0x46,0x00, 0x46,0x08, 0x46,0x08, 0x46,0x00, 0x46,0x00, 0x46,0x08, 0x46,0x00, 0x46,0x00, 0x46,0x08, 0x46,0x00,
 0x46,0x00, 0x46,0x00, 0x26,0x00, 0x26,0x00, 0x46,0x00, 0x69,0x10, 0x69,0x08, 0x68,0x08, 0x68,0x08, 0x47,0x08, 0x67,0x08, 0x47,0x08,

 0x25,0x00, 0x25,0x00, 0x25,0x00, 0x25,0x00, 0x25,0x00, 0x25,0x00, 0x45,0x00, 0x24,0x00, 0xC9,0x08, 0x87,0x00, 0x24,0x00, 0x45,0x00,
 0x45,0x00, 0x45,0x00, 0x45,0x00, 0x45,0x00, 0x45,0x00, 0x45,0x00, 0x45,0x00, 0x45,0x00, 0x45,0x00, 0x45,0x00, 0x45,0x00, 0x45,0x00,
 0x45,0x00, 0x45,0x00, 0x45,0x00, 0x25,0x00, 0x45,0x00, 0x46,0x00, 0xA8,0x08, 0x46,0x00, 0x66,0x00, 0x66,0x00, 0x45,0x00, 0x24,0x00,
 0x25,0x00, 0x65,0x00, 0x45,0x00, 0x4B,0x09, 0xA7,0x00, 0x45,0x00, 0x66,0x00, 0x66,0x00, 0x66,0x00, 0x45,0x00, 0x8B,0x09, 0x6A,0x09,
 0x45,0x00, 0x0A,0x09, 0x4C,0x09, 0x4B,0x09, 0x4C,0x09, 0x4B,0x09, 0x87,0x00, 0x66,0x00, 0x66,0x00, 0x2A,0x09, 0xC8,0x08, 0x66,0x00,
 0x66,0x00, 0x86,0x00, 0x66,0x00, 0x66,0x00, 0x86,0x00, 0x86,0x00, 0x86,0x00, 0x87,0x00, 0x86,0x00, 0x86,0x00, 0x87,0x00, 0x87,0x00,
 0x87,0x00, 0x87,0x00, 0x87,0x00, 0x88,0x00, 0x88,0x00, 0x88,0x00, 0x89,0x08, 0x89,0x08, 0x8A,0x08, 0x8A,0x08, 0xAB,0x08, 0x4A,0x00,
 0x51,0x2A, 0x3E,0x6D, 0x1C,0x5B, 0xBA,0x52, 0x17,0x42, 0x17,0x42, 0x58,0x42, 0x7C,0x5B, 0xFC,0x5B, 0x33,0x2A, 0x6B,0x08, 0x6B,0x08,
 0xCC,0x08, 0xAB,0x08, 0xAB,0x08, 0xAB,0x08, 0xAA,0x08, 0xAA,0x08, 0xA9,0x08, 0xA9,0x08, 0xA9,0x00, 0xA9,0x00, 0xA8,0x00, 0xA8,0x00,
 0xA8,0x00, 0xA8,0x00, 0xA8,0x00, 0xA8,0x00, 0xA8,0x00, 0xA8,0x00, 0xA7,0x00, 0xA7,0x00, 0xA8,0x00, 0xA8,0x00, 0xA8,0x00, 0xA8,0x00,
 0xA8,0x00, 0xA8,0x00, 0xA7,0x00, 0xA7,0x00, 0xA7,0x00, 0xA7,0x00, 0xA8,0x00, 0xA8,0x00, 0xA8,0x00, 0xA8,0x00, 0xA8,0x00, 0xA8,0x08,
 0xA8,0x08, 0xA9,0x08, 0xA9,0x08, 0xC9,0x08, 0xCA,0x08, 0xCB,0x08, 0xCB,0x08, 0x8B,0x08, 0x33,0x2B, 0xD5,0x33, 0x95,0x2B, 0x95,0x2B,
 0x95,0x2B, 0x95,0x2B, 0x96,0x2B, 0x96,0x2B, 0x96,0x2B, 0x96,0x2B, 0x95,0x2B, 0x75,0x2B, 0x55,0x2B, 0x54,0x2B, 0x95,0x2B, 0x74,0x33,
 0xCB,0x10, 0x8A,0x08, 0xA9,0x08, 0xA9,0x08, 0x88,0x00, 0x88,0x00, 0x88,0x00, 0x87,0x00, 0x87,0x00, 0x87,0x00, 0x87,0x00, 0x87,0x00,
 0x87,0x00, 0x67,0x00, 0x87,0x00, 0x87,0x00, 0x87,0x00, 0x87,0x00, 0x67,0x00, 0x67,0x00, 0x67,0x00, 0x67,0x00, 0x87,0x00, 0x67,0x08,
 0x87,0x08, 0x66,0x00, 0xC8,0x08, 0x2B,0x11, 0x67,0x00, 0x66,0x00, 0xA8,0x08, 0x4C,0x09, 0x2B,0x09, 0x2B,0x09, 0x2B,0x09, 0xC9,0x08,
 0x87,0x00, 0xAD,0x11, 0xA8,0x08, 0x66,0x00, 0x67,0x00, 0x67,0x00, 0x66,0x00, 0x66,0x00, 0x66,0x00, 0x66,0x00, 0x46,0x00, 0x45,0x00,
 0x45,0x00, 0x86,0x00, 0xE8,0x08, 0xE8,0x08, 0x66,0x00, 0x67,0x08, 0x46,0x00, 0x46,0x00, 0x66,0x08, 0x26,0x00, 0xB3,0x2B, 0xED,0x11,
 0xA9,0x08, 0x67,0x08, 0x46,0x00, 0x46,0x00, 0x46,0x08, 0x46,0x00, 0x46,0x00, 0x46,0x00, 0x46,0x08, 0x46,0x08, 0x46,0x08, 0x46,0x00,
 0x46,0x00, 0x26,0x00, 0x26,0x00, 0x26,0x00, 0x46,0x00, 0x69,0x10, 0x69,0x08, 0x68,0x08, 0x68,0x08, 0x67,0x08, 0x47,0x08, 0x47,0x08,

 0x66,0x00, 0x66,0x00, 0x66,0x00, 0x66,0x00, 0x66,0x00, 0x66,0x00, 0x66,0x00, 0x46,0x00, 0x0B,0x09, 0xC9,0x08, 0x66,0x00, 0x67,0x00,
 0x66,0x00, 0x87,0x00, 0x86,0x00, 0x87,0x00, 0x87,0x00, 0x87,0x00, 0x86,0x00, 0x87,0x00, 0x87,0x00, 0x87,0x00, 0x87,0x00, 0x87,0x00,
 0x87,0x00, 0xA7,0x00, 0x87,0x00, 0xA7,0x00, 0x66,0x00, 0x46,0x00, 0xA8,0x08, 0x45,0x00, 0xC8,0x00, 0x4B,0x09, 0x2B,0x09, 0x2A,0x09,
 0x87,0x00, 0x45,0x00, 0x66,0x00, 0x4B,0x11, 0x66,0x00, 0x45,0x00, 0x66,0x00, 0x66,0x00, 0x66,0x00, 0x46,0x00, 0xAC,0x11, 0x09,0x09,
 0x45,0x00, 0x2B,0x09, 0x4B,0x09, 0x4B,0x09, 0x4C,0x09, 0x4B,0x09, 0x86,0x00, 0x86,0x00, 0x86,0x00, 0x4B,0x09, 0xA7,0x00, 0x66,0x00,
 0x86,0x00, 0x66,0x00, 0x86,0x00, 0x86,0x00, 0x66,0x00, 0x66,0x00, 0x86,0x00, 0x86,0x00, 0x86,0x00, 0x87,0x00, 0x87,0x00, 0x87,0x00,
 0x87,0x00, 0x87,0x00, 0x87,0x00, 0x87,0x00, 0x88,0x00, 0x88,0x00, 0x89,0x00, 0x89,0x08, 0x8A,0x08, 0x8A,0x08, 0x8A,0x08, 0x8B,0x08,
 0xDB,0x5C, 0xDE,0x63, 0xBB,0x52, 0x17,0x3A, 0xF7,0x41, 0xDA,0x4A, 0xFD,0x5B, 0x17,0x43, 0xEE,0x10, 0x4B,0x00, 0xAC,0x08, 0xAC,0x08,
 0xAB,0x08, 0xAB,0x08, 0xAA,0x08, 0xAA,0x08, 0xA9,0x08, 0xA9,0x08, 0xA9,0x08, 0xA9,0x00, 0xA8,0x00, 0xA8,0x00, 0xA8,0x00, 0xA8,0x00,
 0xA8,0x00, 0xA8,0x00, 0xA8,0x00, 0xA7,0x00, 0xA7,0x00, 0xA7,0x00, 0xA7,0x00, 0xA7,0x00, 0xA7,0x00, 0xA7,0x00, 0xA7,0x00, 0x87,0x00,
 0xA7,0x00, 0xA7,0x00, 0xA7,0x00, 0xA7,0x00, 0xA7,0x00, 0xA7,0x00, 0xA7,0x00, 0xA8,0x00, 0xA8,0x00, 0xA8,0x00, 0xA8,0x00, 0xA8,0x00,
 0xA8,0x00, 0xA8,0x00, 0xA9,0x08, 0xA9,0x00, 0xCA,0x08, 0xCA,0x08, 0xCB,0x08, 0xCB,0x08, 0x6A,0x00, 0x4A,0x00, 0x4B,0x00, 0x4B,0x00,
 0x4B,0x00, 0x6C,0x00, 0x6C,0x00, 0x4C,0x00, 0x4C,0x00, 0x4C,0x00, 0x4B,0x00, 0x4B,0x00, 0x4B,0x00, 0x4A,0x00, 0x4A,0x00, 0x49,0x00,
 0xAA,0x08, 0xA9,0x08, 0xA9,0x08, 0xA8,0x08, 0x88,0x00, 0x88,0x00, 0x87,0x00, 0x87,0x00, 0x87,0x00, 0x87,0x00, 0x87,0x00, 0x87,0x00,
 0x87,0x00, 0x67,0x00, 0x87,0x00, 0x87,0x00, 0x67,0x00, 0x87,0x00, 0x87,0x00, 0x87,0x08, 0x67,0x00, 0x67,0x00, 0x87,0x00, 0x86,0x00,
 0x67,0x00, 0x66,0x00, 0x87,0x00, 0x2B,0x09, 0x87,0x00, 0x46,0x00, 0x88,0x08, 0x2B,0x09, 0x2B,0x09, 0x2B,0x09, 0x4B,0x09, 0xE9,0x08,
 0x46,0x00, 0x8D,0x11, 0xE9,0x08, 0x46,0x00, 0x67,0x00, 0x67,0x00, 0x66,0x00, 0x46,0x00, 0x66,0x00, 0x66,0x08, 0x45,0x00, 0xA7,0x08,
 0x6B,0x11, 0x4B,0x09, 0x4B,0x09, 0x0A,0x09, 0x67,0x00, 0x66,0x00, 0xE8,0x08, 0xC8,0x08, 0x46,0x00, 0x66,0x00, 0x09,0x09, 0xA8,0x08,
 0xC9,0x08, 0x67,0x08, 0x46,0x00, 0x46,0x00, 0x46,0x08, 0x46,0x08, 0x46,0x08, 0x46,0x08, 0x66,0x08, 0x46,0x00, 0x46,0x00, 0x46,0x00,
 0x46,0x00, 0x46,0x00, 0x46,0x00, 0x46,0x00, 0x46,0x00, 0x69,0x10, 0x69,0x08, 0x68,0x08, 0x67,0x08, 0x67,0x08, 0x67,0x08, 0x67,0x08,

 0xA8,0x08, 0xA8,0x08, 0xA8,0x08, 0xA8,0x08, 0xA8,0x08, 0xA8,0x00, 0x88,0x08, 0x87,0x00, 0x4C,0x11, 0x0A,0x09, 0x87,0x08, 0xA8,0x08,
 0xA8,0x08, 0xA8,0x08, 0xA8,0x08, 0xA8,0x08, 0xA8,0x08, 0xA8,0x08, 0xA8,0x08, 0xA8,0x08, 0xC8,0x08, 0xA8,0x08, 0xC8,0x08, 0xC9,0x08,
 0xC9,0x08, 0xC9,0x08, 0xC9,0x08, 0xE9,0x08, 0xA7,0x00, 0x46,0x00, 0x87,0x08, 0x45,0x00, 0x25,0x00, 0x26,0x00, 0x67,0x00, 0x87,0x00,
 0x66,0x00, 0x45,0x00, 0x66,0x00, 0x2B,0x11, 0x45,0x00, 0x65,0x00, 0x66,0x00, 0x66,0x00, 0x46,0x00, 0x66,0x00, 0xAC,0x11, 0xC8,0x00,
 0x66,0x00, 0x4B,0x09, 0x4B,0x09, 0x4B,0x09, 0x4C,0x09, 0x0A,0x09, 0x66,0x00, 0x66,0x00, 0x87,0x00, 0x4B,0x09, 0x86,0x00, 0x86,0x00,
 0x86,0x00, 0x86,0x00, 0x86,0x00, 0x86,0x00, 0x66,0x00, 0x66,0x00, 0x66,0x00, 0x86,0x00, 0x86,0x00, 0x86,0x00, 0x86,0x00, 0x87,0x00,
 0x87,0x00, 0x67,0x00, 0x67,0x00, 0x87,0x00, 0x87,0x00, 0x88,0x00, 0x88,0x00, 0x89,0x08, 0x89,0x08, 0xAA,0x08, 0x29,0x00, 0xF4,0x3A,
 0x9F,0x6C, 0xBB,0x5A, 0x17,0x42, 0x58,0x42, 0x7C,0x5B, 0xBB,0x5B, 0xB1,0x21, 0x4B,0x08, 0x8B,0x08, 0xAC,0x08, 0xAB,0x08, 0xAB,0x08,
 0xAA,0x08, 0xAA,0x08, 0xA9,0x08, 0xA9,0x08, 0xA9,0x00, 0xA9,0x08, 0xA8,0x00, 0xA8,0x00, 0xA8,0x00, 0xA8,0x00, 0xA8,0x00, 0x87,0x00,
 0xA8,0x00, 0xA7,0x00, 0xA7,0x00, 0xA7,0x00, 0xA7,0x00, 0xA7,0x00, 0xA7,0x00, 0xA7,0x00, 0xA7,0x00, 0xA7,0x00, 0xA7,0x00, 0xA7,0x00,
 0x87,0x00, 0xA7,0x00, 0xA7,0x00, 0xA7,0x00, 0xA7,0x00, 0xA7,0x00, 0xA7,0x00, 0xA7,0x00, 0xA7,0x00, 0xA8,0x00, 0xA8,0x00, 0xA8,0x00,
 0xA8,0x00, 0xA8,0x00, 0xA8,0x00, 0xA9,0x08, 0xA9,0x08, 0xA9,0x08, 0xAA,0x08, 0xCA,0x08, 0xCB,0x08, 0xCB,0x08, 0xCB,0x08, 0xCC,0x08,
 0xCC,0x08, 0xCC,0x08, 0xCC,0x08, 0xCC,0x08, 0xCC,0x08, 0xCC,0x08, 0xCC,0x08, 0xCB,0x08, 0xCB,0x08, 0xAB,0x08, 0xCA,0x08, 0xAA,0x08,
 0x89,0x00, 0x89,0x08, 0xA9,0x00, 0x88,0x00, 0x88,0x00, 0x87,0x00, 0x87,0x00, 0x87,0x00, 0x87,0x00, 0x87,0x00, 0x87,0x00, 0x87,0x00,
 0x87,0x00, 0x87,0x00, 0x67,0x00, 0x67,0x00, 0x87,0x00, 0x87,0x00, 0x87,0x00, 0x87,0x00, 0x87,0x00, 0x67,0x00, 0x67,0x00, 0x66,0x00,
 0x66,0x00, 0x66,0x00, 0x66,0x00, 0x0B,0x09, 0xA8,0x00, 0x46,0x00, 0x87,0x00, 0x2B,0x09, 0x2B,0x09, 0x2B,0x09, 0x2B,0x09, 0x0A,0x09,
 0x46,0x00, 0x4C,0x09, 0x0A,0x09, 0x46,0x00, 0x67,0x08, 0x67,0x00, 0x66,0x08, 0x46,0x08, 0x46,0x08, 0x46,0x08, 0x46,0x08, 0x66,0x00,
 0x46,0x00, 0x25,0x00, 0x25,0x00, 0x26,0x00, 0x66,0x00, 0x46,0x00, 0xE9,0x10, 0xC8,0x08, 0x46,0x00, 0x66,0x08, 0x26,0x00, 0x25,0x00,
 0xC9,0x08, 0x87,0x08, 0x46,0x00, 0x66,0x08, 0x46,0x00, 0x46,0x08, 0x66,0x08, 0x46,0x08, 0x66,0x00, 0x46,0x00, 0x46,0x00, 0x46,0x00,
 0x46,0x00, 0x46,0x00, 0x46,0x00, 0x45,0x00, 0x46,0x00, 0x69,0x10, 0x68,0x08, 0x68,0x08, 0x67,0x08, 0x67,0x08, 0x67,0x08, 0x06,0x00,

 0x25,0x00, 0x45,0x00, 0x45,0x00, 0x45,0x00, 0x45,0x00, 0x45,0x00, 0x45,0x00, 0x24,0x00, 0xE9,0x08, 0xA7,0x08, 0x04,0x00, 0x24,0x00,
 0x24,0x00, 0x25,0x00, 0x25,0x00, 0x45,0x00, 0x45,0x00, 0x25,0x00, 0x25,0x00, 0x25,0x00, 0x25,0x00, 0x25,0x00, 0x25,0x00, 0x25,0x00,
 0x25,0x00, 0x25,0x00, 0x25,0x00, 0x25,0x00, 0x25,0x00, 0x67,0x00, 0x87,0x08, 0x46,0x00, 0xA8,0x08, 0xA8,0x08, 0x87,0x00, 0x67,0x00,
 0x46,0x00, 0x45,0x00, 0x87,0x08, 0x0A,0x11, 0x45,0x00, 0x45,0x00, 0x66,0x00, 0x86,0x00, 0x45,0x00, 0x87,0x00, 0xCD,0x11, 0x87,0x00,
 0x87,0x00, 0x2C,0x09, 0x2B,0x09, 0x2B,0x09, 0x4B,0x09, 0xE9,0x08, 0x65,0x00, 0x66,0x00, 0xA7,0x00, 0x2A,0x09, 0x66,0x00, 0x66,0x00,
 0x66,0x00, 0x66,0x00, 0x86,0x00, 0x86,0x00, 0x86,0x00, 0x86,0x00, 0x86,0x00, 0x86,0x00, 0x86,0x00, 0x66,0x00, 0x67,0x00, 0x66,0x00,
 0x87,0x00, 0x67,0x00, 0x87,0x00, 0x87,0x00, 0x87,0x00, 0x88,0x00, 0x88,0x00, 0x89,0x00, 0x89,0x08, 0x69,0x00, 0x0C,0x11, 0x9D,0x64,
 0x1C,0x5B, 0x38,0x4A, 0xFB,0x52, 0xDD,0x63, 0xB5,0x3A, 0xAC,0x08, 0x4A,0x00, 0xAB,0x08, 0xAB,0x08, 0xAB,0x08, 0x8A,0x08, 0xAA,0x08,
 0xA9,0x08, 0xA9,0x08, 0xA9,0x08, 0xA9,0x00, 0xA8,0x00, 0xA8,0x00, 0xA8,0x00, 0xA8,0x00, 0xA8,0x00, 0x88,0x00, 0xA7,0x00, 0xA7,0x00,
 0xA7,0x00, 0x87,0x00, 0x87,0x00, 0x87,0x00, 0xA7,0x00, 0x87,0x00, 0x87,0x00, 0x87,0x00, 0xA7,0x00, 0xA7,0x00, 0xA7,0x00, 0xA7,0x00,
 0xA7,0x00, 0xA7,0x00, 0xA7,0x00, 0xA7,0x00, 0xA7,0x00, 0xA7,0x00, 0xA7,0x00, 0xA7,0x00, 0x87,0x00, 0x87,0x00, 0x87,0x00, 0xA8,0x00,
 0xA8,0x00, 0xA8,0x00, 0xA8,0x00, 0xA8,0x08, 0xA9,0x08, 0xA9,0x08, 0xA9,0x08, 0xA9,0x08, 0xAA,0x08, 0xAA,0x08, 0xAA,0x08, 0xAA,0x08,
 0xAB,0x08, 0xAB,0x08, 0xAB,0x08, 0xAB,0x08, 0xAB,0x08, 0xAB,0x08, 0xAA,0x08, 0xAA,0x08, 0xAA,0x08, 0xAA,0x08, 0xAA,0x08, 0x89,0x08,
 0x89,0x00, 0x88,0x00, 0x88,0x00, 0x88,0x00, 0x88,0x00, 0x87,0x00, 0x67,0x00, 0x87,0x00, 0x87,0x00, 0x87,0x00, 0x87,0x00, 0x87,0x00,
 0x67,0x00, 0x67,0x00, 0x67,0x00, 0x87,0x00, 0x87,0x00, 0x87,0x00, 0x87,0x00, 0x87,0x00, 0x87,0x00, 0x67,0x00, 0x67,0x00, 0x67,0x00,
 0x66,0x08, 0x66,0x00, 0x66,0x00, 0xEA,0x08, 0xC8,0x08, 0x46,0x00, 0x66,0x00, 0x0A,0x09, 0x2B,0x09, 0x0A,0x09, 0x0A,0x09, 0x0A,0x09,
 0x66,0x00, 0x0A,0x09, 0x2B,0x09, 0x46,0x00, 0x66,0x08, 0x66,0x08, 0x66,0x00, 0x66,0x00, 0x66,0x08, 0x66,0x08, 0x66,0x08, 0x66,0x00,
 0xC8,0x08, 0x0A,0x09, 0x2B,0x09, 0x6C,0x09, 0xA8,0x00, 0x46,0x00, 0x46,0x00, 0x46,0x00, 0x66,0x08, 0x66,0x08, 0x66,0x08, 0x46,0x00,
 0xA9,0x08, 0x88,0x08, 0x46,0x00, 0x46,0x00, 0x66,0x08, 0x46,0x08, 0x46,0x00, 0x46,0x00, 0x46,0x00, 0x46,0x00, 0x46,0x00, 0x46,0x00,
 0x46,0x00, 0x46,0x00, 0x46,0x00, 0x45,0x00, 0x46,0x00, 0x69,0x10, 0x69,0x08, 0x68,0x08, 0x67,0x08, 0x67,0x08, 0x06,0x00, 0x8E,0x12,

 0x45,0x00, 0x45,0x00, 0x45,0x00, 0x45,0x00, 0x45,0x00, 0x45,0x00, 0x45,0x00, 0x24,0x00, 0x09,0x09, 0xA8,0x08, 0x24,0x00, 0x45,0x00,
 0x45,0x00, 0x65,0x00, 0x45,0x00, 0x45,0x00, 0x45,0x00, 0x45,0x00, 0x45,0x00, 0x45,0x00, 0x45,0x00, 0x45,0x00, 0x25,0x00, 0x45,0x00,
 0x45,0x00, 0x45,0x00, 0x45,0x00, 0x45,0x00, 0x45,0x00, 0x67,0x00, 0x87,0x00, 0x45,0x00, 0xC8,0x08, 0x0A,0x09, 0x2B,0x09, 0x2A,0x09,
 0x87,0x00, 0x45,0x00, 0xA8,0x08, 0xE9,0x08, 0x45,0x00, 0x45,0x00, 0x46,0x00, 0x66,0x00, 0x65,0x00, 0xA8,0x00, 0xAC,0x11, 0x66,0x00,
 0xC8,0x08, 0x2C,0x11, 0x2B,0x09, 0x2B,0x09, 0x2B,0x09, 0xC8,0x00, 0x66,0x00, 0x66,0x00, 0xC8,0x00, 0x0A,0x09, 0x66,0x00, 0x66,0x00,
 0x66,0x00, 0x66,0x00, 0x66,0x00, 0x86,0x00, 0x86,0x00, 0x86,0x00, 0x86,0x00, 0x86,0x00, 0x86,0x00, 0x66,0x00, 0x66,0x00, 0x66,0x00,
 0x67,0x00, 0x67,0x00, 0x87,0x00, 0x87,0x00, 0x87,0x00, 0x88,0x00, 0x68,0x00, 0x89,0x00, 0x89,0x08, 0x49,0x00, 0xB8,0x53, 0xBD,0x63,
 0x9A,0x52, 0xBD,0x63, 0x79,0x5B, 0x6F,0x21, 0x4A,0x00, 0x8B,0x08, 0xAB,0x08, 0x8A,0x08, 0x8A,0x08, 0x8A,0x08, 0xA9,0x08, 0xA9,0x00,
 0xA9,0x00, 0x88,0x00, 0x88,0x00, 0x88,0x00, 0x88,0x00, 0xA8,0x00, 0x87,0x00, 0xA7,0x00, 0x87,0x00, 0x87,0x00, 0x87,0x00, 0xA7,0x00,
 0x87,0x00, 0x87,0x00, 0x87,0x00, 0x87,0x00, 0xA7,0x00, 0x87,0x00, 0xA7,0x00, 0xA7,0x00, 0xA7,0x00, 0xA7,0x00, 0xA7,0x00, 0xA7,0x00,
 0xA7,0x00, 0xA7,0x00, 0xA7,0x00, 0xA7,0x00, 0xA7,0x00, 0xA7,0x00, 0xA7,0x00, 0x87,0x00, 0xA7,0x00, 0xA7,0x00, 0x87,0x00, 0x87,0x00,
 0xA8,0x00, 0xA8,0x00, 0xA8,0x00, 0xA8,0x00, 0xA8,0x00, 0xA8,0x08, 0xA9,0x08, 0xA9,0x08, 0xA9,0x08, 0xA9,0x08, 0xAA,0x08, 0xAA,0x08,
 0xAA,0x08, 0xAA,0x08, 0xAA,0x08, 0xAA,0x08, 0x8A,0x08, 0x8A,0x08, 0x89,0x08, 0x89,0x08, 0x89,0x08, 0x89,0x08, 0x89,0x08, 0x89,0x00,
 0x88,0x00, 0x88,0x00, 0x88,0x00, 0x88,0x00, 0x88,0x00, 0x87,0x00, 0x67,0x00, 0x67,0x00, 0x67,0x00, 0x67,0x00, 0x67,0x08, 0x67,0x00,
 0x67,0x00, 0x67,0x00, 0x67,0x00, 0x67,0x00, 0x67,0x00, 0x87,0x00, 0x87,0x00, 0x87,0x00, 0x67,0x00, 0x67,0x00, 0x67,0x00, 0x66,0x00,
 0x66,0x00, 0x66,0x08, 0x46,0x00, 0xC9,0x08, 0xC9,0x08, 0x46,0x00, 0x66,0x00, 0xE9,0x08, 0x0A,0x09, 0x0A,0x09, 0x0A,0x09, 0x0A,0x09,
 0x67,0x00, 0xE9,0x08, 0x4B,0x09, 0x46,0x08, 0x66,0x08, 0x66,0x08, 0x66,0x08, 0x66,0x08, 0x66,0x00, 0x66,0x08, 0x66,0x00, 0x66,0x00,
 0x0A,0x09, 0x2A,0x09, 0xEA,0x08, 0xC9,0x00, 0x67,0x00, 0x46,0x00, 0x66,0x00, 0x66,0x08, 0x66,0x08, 0x66,0x00, 0x66,0x08, 0x45,0x00,
 0xA8,0x08, 0xA8,0x08, 0x46,0x00, 0x66,0x00, 0x66,0x00, 0x46,0x00, 0x46,0x00, 0x46,0x00, 0x46,0x00, 0x46,0x00, 0x46,0x00, 0x46,0x00,
 0x46,0x00, 0x46,0x00, 0x46,0x00, 0x45,0x00, 0x46,0x00, 0x69,0x10, 0x69,0x08, 0x68,0x08, 0x68,0x08, 0x06,0x08, 0xB0,0x1A, 0x3A,0x1E,

 0x45,0x00, 0x45,0x00, 0x45,0x00, 0x45,0x00, 0x45,0x00, 0x45,0x00, 0x45,0x00, 0x24,0x00, 0x09,0x09, 0xA8,0x08, 0x24,0x00, 0x45,0x00,
 0x45,0x00, 0x45,0x00, 0x45,0x00, 0x45,0x00, 0x45,0x00, 0x45,0x00, 0x45,0x00, 0x45,0x00, 0x45,0x00, 0x25,0x00, 0x45,0x00, 0x25,0x00,
 0x25,0x00, 0x25,0x00, 0x45,0x00, 0x46,0x00, 0x45,0x00, 0x67,0x00, 0x67,0x00, 0x25,0x00, 0x25,0x00, 0x05,0x00, 0x25,0x00, 0x46,0x00,
 0x66,0x00, 0x25,0x00, 0xC9,0x08, 0xE9,0x08, 0x45,0x00, 0x66,0x00, 0x66,0x00, 0x66,0x00, 0x45,0x00, 0xC8,0x08, 0x8C,0x09, 0x66,0x00,
 0xE9,0x08, 0x4C,0x11, 0x2B,0x11, 0x2B,0x09, 0x2B,0x09, 0xA8,0x00, 0x65,0x00, 0x65,0x00, 0xE9,0x00, 0xE9,0x08, 0x66,0x00, 0x66,0x00,
 0x66,0x00, 0x66,0x00, 0x66,0x00, 0x66,0x00, 0x66,0x00, 0x86,0x00, 0x86,0x00, 0x86,0x00, 0x66,0x00, 0x66,0x00, 0x66,0x00, 0x66,0x00,
 0x87,0x00, 0x66,0x00, 0x67,0x00, 0x67,0x00, 0x67,0x00, 0x68,0x00, 0x68,0x00, 0x89,0x08, 0x07,0x00, 0xF0,0x29, 0x9F,0x74, 0x9D,0x63,
 0xFC,0x63, 0x32,0x32, 0x6B,0x08, 0x6A,0x00, 0xAB,0x08, 0xAB,0x08, 0x8A,0x08, 0x8A,0x08, 0x89,0x08, 0x89,0x08, 0x89,0x00, 0x88,0x00,
 0x88,0x00, 0x88,0x00, 0x88,0x00, 0x88,0x00, 0x88,0x00, 0x87,0x00, 0x87,0x00, 0x87,0x00, 0x87,0x00, 0x87,0x00, 0x87,0x00, 0x87,0x00,
 0x87,0x00, 0x87,0x00, 0x87,0x00, 0x87,0x00, 0xA7,0x00, 0xA7,0x00, 0xA7,0x00, 0xA7,0x00, 0xA7,0x00, 0xA7,0x00, 0xA7,0x00, 0xA7,0x00,
 0x87,0x00, 0x87,0x00, 0xA7,0x00, 0xA7,0x00, 0xA7,0x00, 0xA7,0x00, 0xA7,0x00, 0x87,0x00, 0xA7,0x00, 0x87,0x00, 0x87,0x00, 0x87,0x00,
 0x87,0x00, 0x87,0x00, 0xA8,0x00, 0xA8,0x00, 0x88,0x00, 0x88,0x00, 0x88,0x00, 0x88,0x00, 0x89,0x08, 0x89,0x08, 0xA9,0x00, 0x89,0x08,
 0x89,0x00, 0x89,0x08, 0x89,0x08, 0x89,0x08, 0x89,0x00, 0x89,0x00, 0x89,0x08, 0x89,0x00, 0x88,0x00, 0x88,0x00, 0x88,0x00, 0x88,0x00,
 0x88,0x00, 0x88,0x00, 0x68,0x00, 0x88,0x00, 0x88,0x00, 0x87,0x00, 0x87,0x00, 0x87,0x00, 0x87,0x00, 0x67,0x00, 0x67,0x00, 0x87,0x00,
 0x87,0x00, 0x67,0x00, 0x67,0x00, 0x67,0x00, 0x67,0x00, 0x67,0x00, 0x67,0x00, 0x67,0x00, 0x67,0x00, 0x67,0x00, 0x67,0x00, 0x66,0x00,
 0x67,0x00, 0x67,0x00, 0x66,0x00, 0xC9,0x08, 0xEA,0x08, 0x46,0x00, 0x66,0x00, 0xC9,0x08, 0x0A,0x09, 0xEA,0x08, 0xEA,0x08, 0x0A,0x09,
 0x67,0x00, 0xA9,0x08, 0x4B,0x09, 0x66,0x00, 0x66,0x08, 0x66,0x08, 0x46,0x00, 0x66,0x08, 0x66,0x08, 0x46,0x08, 0x46,0x00, 0x66,0x00,
 0x46,0x00, 0x26,0x00, 0x46,0x00, 0x47,0x00, 0x67,0x00, 0x46,0x00, 0x46,0x00, 0x66,0x00, 0x46,0x00, 0x66,0x00, 0x66,0x00, 0x45,0x00,
 0x87,0x00, 0xA8,0x08, 0x45,0x00, 0x66,0x00, 0x46,0x00, 0x46,0x00, 0x46,0x00, 0x46,0x00, 0x46,0x00, 0x46,0x00, 0x46,0x00, 0x46,0x00,
 0x46,0x00, 0x46,0x00, 0x46,0x00, 0x65,0x00, 0x46,0x00, 0x69,0x10, 0x69,0x10, 0x68,0x10, 0x06,0x08, 0x6F,0x1A, 0xDA,0x1D, 0x78,0x0D,

 0x45,0x00, 0x45,0x00, 0x45,0x00, 0x45,0x00, 0x45,0x00, 0x45,0x00, 0x46,0x00, 0x24,0x00, 0x0A,0x09, 0xC8,0x08, 0x24,0x00, 0x45,0x00,
 0x46,0x00, 0x45,0x00, 0x45,0x00, 0x45,0x00, 0x45,0x00, 0x45,0x00, 0x45,0x00, 0x45,0x00, 0x45,0x00, 0x45,0x00, 0x45,0x00, 0x45,0x00,
 0x45,0x00, 0x25,0x00, 0x45,0x00, 0x45,0x00, 0x45,0x00, 0x66,0x00, 0x66,0x00, 0x65,0x00, 0xE9,0x00, 0xE9,0x08, 0xC9,0x08, 0xA8,0x00,
 0x46,0x00, 0x25,0x00, 0xE9,0x08, 0xC8,0x08, 0x25,0x00, 0x66,0x00, 0x66,0x00, 0x66,0x00, 0x45,0x00, 0xE9,0x08, 0x6B,0x09, 0x66,0x00,
 0xEA,0x08, 0x2C,0x09, 0x2B,0x09, 0x2B,0x09, 0x2B,0x09, 0x87,0x00, 0x45,0x00, 0x45,0x00, 0xEA,0x08, 0xC9,0x08, 0x65,0x00, 0x86,0x00,
 0x66,0x00, 0x66,0x00, 0x66,0x00, 0x66,0x00, 0x66,0x00, 0x66,0x00, 0x66,0x00, 0x66,0x00, 0x66,0x00, 0x66,0x00, 0x66,0x00, 0x67,0x00,
 0x66,0x00, 0x66,0x00, 0x66,0x00, 0x67,0x00, 0x67,0x00, 0x68,0x00, 0x68,0x00, 0x48,0x00, 0x48,0x08, 0x5C,0x6C, 0x9F,0x74, 0x17,0x4B,
 0xEC,0x10, 0x28,0x00, 0x8A,0x08, 0x8A,0x08, 0x8A,0x08, 0x8A,0x08, 0x89,0x08, 0x89,0x08, 0x89,0x08, 0x88,0x00, 0x88,0x00, 0x88,0x00,
 0x88,0x00, 0x88,0x00, 0xA7,0x00, 0x87,0x00, 0x87,0x00, 0x87,0x00, 0x87,0x00, 0x87,0x00, 0x87,0x00, 0x87,0x00, 0x87,0x00, 0x87,0x00,
 0x87,0x00, 0x87,0x00, 0x87,0x00, 0x87,0x00, 0x87,0x00, 0x87,0x00, 0x87,0x00, 0x87,0x00, 0x87,0x00, 0x87,0x00, 0x87,0x00, 0x87,0x00,
 0x87,0x00, 0x87,0x00, 0x87,0x00, 0x87,0x00, 0x87,0x00, 0x87,0x00, 0x87,0x00, 0x87,0x00, 0x87,0x00, 0x87,0x00, 0x87,0x00, 0x87,0x00,
 0x87,0x00, 0x87,0x00, 0x87,0x00, 0xA7,0x00, 0xA8,0x00, 0x88,0x00, 0x88,0x00, 0x88,0x00, 0x88,0x00, 0x89,0x00, 0x89,0x00, 0x89,0x00,
 0x88,0x00, 0x89,0x00, 0x88,0x00, 0x88,0x00, 0x88,0x00, 0x88,0x00, 0x88,0x00, 0x88,0x00, 0x88,0x00, 0x88,0x00, 0x88,0x00, 0x88,0x00,
 0x88,0x00, 0x88,0x00, 0x88,0x00, 0x88,0x00, 0x87,0x00, 0x87,0x00, 0x87,0x00, 0x87,0x00, 0x87,0x00, 0x67,0x00, 0x67,0x00, 0x67,0x00,
 0x67,0x00, 0x87,0x00, 0x87,0x00, 0x67,0x00, 0x67,0x00, 0x67,0x00, 0x67,0x00, 0x67,0x00, 0x67,0x00, 0x67,0x00, 0x67,0x08, 0x67,0x00,
 0x67,0x00, 0x67,0x00, 0x46,0x00, 0xA8,0x08, 0xEA,0x08, 0x66,0x00, 0x46,0x00, 0xA8,0x08, 0x0A,0x09, 0xEA,0x08, 0xEA,0x08, 0x0A,0x09,
 0x88,0x00, 0x88,0x00, 0x4C,0x09, 0x67,0x00, 0x67,0x08, 0x67,0x00, 0x46,0x00, 0x66,0x00, 0x66,0x08, 0x67,0x08, 0x67,0x08, 0x67,0x00,
 0xE9,0x08, 0x2C,0x09, 0x4C,0x09, 0x4D,0x09, 0xC9,0x00, 0x46,0x00, 0x66,0x00, 0x66,0x00, 0x66,0x08, 0x66,0x08, 0x66,0x00, 0x46,0x00,
 0x87,0x00, 0xA8,0x08, 0x45,0x00, 0x46,0x00, 0x46,0x00, 0x45,0x00, 0x45,0x00, 0x46,0x00, 0x45,0x00, 0x66,0x00, 0x66,0x00, 0x46,0x00,
 0x46,0x00, 0x46,0x00, 0x46,0x00, 0x45,0x00, 0x46,0x00, 0x69,0x10, 0x69,0x10, 0x06,0x08, 0x4F,0x1A, 0xBB,0x25, 0x38,0x15, 0xD7,0x0C,

 0x25,0x00, 0x25,0x00, 0x25,0x00, 0x45,0x00, 0x45,0x00, 0x45,0x00, 0x45,0x00, 0x04,0x00, 0x2A,0x11, 0xC8,0x08, 0x24,0x00, 0x46,0x00,
 0x45,0x00, 0x45,0x00, 0x45,0x00, 0x45,0x00, 0x45,0x00, 0x25,0x00, 0x45,0x00, 0x45,0x00, 0x45,0x00, 0x45,0x00, 0x45,0x00, 0x45,0x00,
 0x45,0x00, 0x45,0x00, 0x45,0x00, 0x45,0x00, 0x25,0x00, 0x66,0x00, 0x66,0x00, 0x45,0x00, 0x66,0x00, 0x86,0x00, 0x87,0x00, 0x87,0x00,
 0x46,0x00, 0x45,0x00, 0xE9,0x08, 0xC8,0x08, 0x45,0x00, 0x66,0x00, 0x66,0x00, 0x66,0x00, 0x66,0x00, 0x09,0x09, 0x4B,0x09, 0x67,0x00,
 0x0B,0x09, 0x4C,0x09, 0x2B,0x09, 0x2B,0x09, 0x2B,0x09, 0x87,0x00, 0x46,0x00, 0x66,0x00, 0xEA,0x08, 0xA8,0x00, 0x65,0x00, 0x86,0x00,
 0x66,0x00, 0x66,0x00, 0x86,0x00, 0x86,0x00, 0x66,0x00, 0x66,0x00, 0x66,0x00, 0x66,0x00, 0x86,0x00, 0x66,0x00, 0x66,0x00, 0x66,0x00,
 0x86,0x00, 0x66,0x00, 0x67,0x00, 0x67,0x00, 0x67,0x00, 0x67,0x00, 0x68,0x08, 0x07,0x00, 0xF5,0x4A, 0x7C,0x74, 0xAF,0x29, 0x28,0x00,
 0x48,0x00, 0x89,0x08, 0x89,0x00, 0x89,0x00, 0x89,0x08, 0x89,0x00, 0x89,0x00, 0x88,0x00, 0x88,0x00, 0x88,0x00, 0x88,0x00, 0x88,0x00,
 0x88,0x00, 0x87,0x00, 0x87,0x00, 0x87,0x00, 0x87,0x00, 0x87,0x00, 0x87,0x00, 0xA7,0x00, 0xA6,0x00, 0xA7,0x00, 0xA7,0x00, 0x86,0x00,
 0x86,0x00, 0xA6,0x00, 0xA6,0x00, 0xA6,0x00, 0x87,0x00, 0x87,0x00, 0x87,0x00, 0x87,0x00, 0x87,0x00, 0xA7,0x00, 0xA7,0x00, 0xA7,0x00,
 0x87,0x00, 0x87,0x00, 0x86,0x00, 0x86,0x00, 0x87,0x00, 0x87,0x00, 0x87,0x00, 0x86,0x00, 0x86,0x00, 0x87,0x00, 0x86,0x00, 0x87,0x00,
 0xA7,0x00, 0x87,0x00, 0xA7,0x00, 0x87,0x00, 0xA8,0x00, 0xA8,0x00, 0xA8,0x00, 0xA8,0x00, 0xA9,0x00, 0xA8,0x00, 0xA8,0x00, 0xA8,0x00,
 0x88,0x00, 0x88,0x08, 0x88,0x00, 0x88,0x00, 0x88,0x00, 0x88,0x00, 0x88,0x00, 0x88,0x00, 0x87,0x00, 0x88,0x00, 0x88,0x08, 0x88,0x00,
 0x88,0x00, 0x88,0x00, 0x88,0x00, 0x88,0x00, 0x88,0x00, 0x88,0x00, 0x88,0x00, 0x88,0x00, 0x87,0x00, 0x87,0x00, 0x87,0x00, 0x87,0x00,
 0x87,0x00, 0x88,0x00, 0x88,0x00, 0x87,0x00, 0x87,0x00, 0x87,0x00, 0x87,0x00, 0x87,0x00, 0x87,0x00, 0x67,0x00, 0x67,0x00, 0x67,0x00,
 0x67,0x00, 0x67,0x00, 0x66,0x00, 0x88,0x08, 0xEA,0x08, 0x66,0x00, 0x46,0x00, 0x88,0x08, 0x0A,0x11, 0xEA,0x08, 0xEA,0x08, 0x0A,0x09,
 0xA8,0x08, 0x87,0x00, 0x4B,0x09, 0x87,0x00, 0x46,0x00, 0x67,0x00, 0x67,0x00, 0x67,0x08, 0x67,0x00, 0x67,0x00, 0x67,0x08, 0x87,0x00,
 0xA8,0x00, 0xA8,0x00, 0x88,0x00, 0x87,0x00, 0x67,0x00, 0x67,0x00, 0x66,0x00, 0x66,0x00, 0x66,0x00, 0x66,0x00, 0x46,0x00, 0x45,0x00,
 0x87,0x00, 0xA8,0x08, 0x45,0x00, 0x46,0x00, 0x45,0x00, 0x45,0x00, 0x46,0x00, 0x46,0x00, 0x66,0x00, 0x66,0x00, 0x66,0x00, 0x46,0x00,
 0x46,0x00, 0x46,0x00, 0x46,0x00, 0x45,0x00, 0x46,0x08, 0x69,0x08, 0x27,0x08, 0x70,0x12, 0x5A,0x1D, 0x3A,0x1D, 0xB7,0x14, 0xF5,0x0B,

 0x25,0x00, 0x25,0x00, 0x25,0x00, 0x25,0x00, 0x45,0x00, 0x45,0x00, 0x45,0x00, 0x04,0x00, 0x2A,0x11, 0xE9,0x08, 0x04,0x00, 0x46,0x00,
 0x45,0x00, 0x45,0x00, 0x45,0x00, 0x45,0x00, 0xEB,0x08, 0x0C,0x09, 0x46,0x00, 0x45,0x00, 0x45,0x00, 0x45,0x00, 0x45,0x00, 0x45,0x00,
 0x45,0x00, 0x45,0x00, 0x45,0x00, 0x45,0x00, 0x45,0x00, 0x66,0x00, 0x45,0x00, 0x25,0x00, 0x25,0x00, 0x25,0x00, 0x25,0x00, 0x45,0x00,
 0x46,0x00, 0x45,0x00, 0xE9,0x08, 0xA8,0x00, 0x66,0x00, 0x67,0x00, 0x87,0x00, 0x87,0x00, 0x87,0x00, 0x2A,0x09, 0x4B,0x09, 0x88,0x00,
 0x2C,0x09, 0x4C,0x09, 0x4C,0x09, 0x2C,0x09, 0x0B,0x09, 0x67,0x00, 0x46,0x00, 0x66,0x00, 0xEA,0x08, 0x88,0x00, 0x65,0x00, 0x66,0x00,
 0x86,0x00, 0x86,0x00, 0x86,0x00, 0x86,0x00, 0x86,0x00, 0x86,0x00, 0x86,0x00, 0x86,0x00, 0x66,0x00, 0x66,0x00, 0x66,0x00, 0x66,0x00,
 0x66,0x00, 0x66,0x00, 0x67,0x00, 0x67,0x00, 0x67,0x00, 0x67,0x00, 0x27,0x00, 0x2C,0x19, 0xB4,0x4A, 0x89,0x08, 0x07,0x00, 0x89,0x08,
 0x89,0x08, 0x89,0x08, 0x89,0x00, 0x89,0x00, 0x88,0x00, 0x88,0x00, 0x88,0x00, 0x88,0x00, 0x88,0x00, 0x87,0x00, 0x88,0x00, 0x87,0x00,
 0x87,0x00, 0x87,0x00, 0x87,0x00, 0x87,0x00, 0x87,0x00, 0x87,0x00, 0x87,0x00, 0x86,0x00, 0x86,0x00, 0x86,0x00, 0x86,0x00, 0x86,0x00,
 0x87,0x00, 0x87,0x00, 0x87,0x00, 0x86,0x00, 0x87,0x00, 0x87,0x00, 0x87,0x00, 0x87,0x00, 0x87,0x00, 0x87,0x00, 0x87,0x00, 0x87,0x00,
 0x86,0x00, 0x86,0x00, 0x86,0x00, 0x86,0x00, 0x86,0x00, 0x86,0x00, 0x86,0x00, 0x86,0x00, 0x86,0x00, 0x87,0x00, 0xA7,0x00, 0xA7,0x00,
 0xA7,0x00, 0xA7,0x00, 0xA8,0x00, 0xA8,0x00, 0xA8,0x00, 0xA8,0x00, 0xA9,0x00, 0xA9,0x00, 0xA9,0x00, 0xA9,0x00, 0xA8,0x00, 0xA8,0x00,
 0xA8,0x00, 0x88,0x00, 0x88,0x00, 0x88,0x00, 0x87,0x00, 0x87,0x00, 0x87,0x00, 0x87,0x00, 0x87,0x00, 0x87,0x00, 0x88,0x00, 0x88,0x00,
 0x88,0x00, 0xA8,0x00, 0xA8,0x00, 0xA8,0x00, 0xA8,0x00, 0xA8,0x00, 0xA8,0x00, 0xA8,0x00, 0xA8,0x00, 0xA8,0x00, 0xA8,0x00, 0xA8,0x00,
 0xA8,0x00, 0xA8,0x00, 0xA8,0x00, 0xA8,0x00, 0xA8,0x00, 0x88,0x00, 0x88,0x00, 0x87,0x00, 0x87,0x00, 0x67,0x00, 0x67,0x00, 0x67,0x00,
 0x67,0x08, 0x67,0x00, 0x66,0x00, 0x67,0x00, 0xEA,0x08, 0x66,0x08, 0x66,0x08, 0x87,0x08, 0xEA,0x08, 0xEA,0x08, 0xEA,0x08, 0x0A,0x09,
 0xA8,0x08, 0x67,0x00, 0x4C,0x09, 0x88,0x00, 0x46,0x00, 0x67,0x08, 0x67,0x00, 0x67,0x00, 0x87,0x08, 0x88,0x08, 0x88,0x08, 0xA9,0x08,
 0x88,0x00, 0x88,0x00, 0x88,0x00, 0xA8,0x00, 0x88,0x00, 0x67,0x00, 0x66,0x00, 0x66,0x00, 0x66,0x00, 0x46,0x00, 0x46,0x00, 0x45,0x00,
 0x87,0x00, 0xA8,0x08, 0x45,0x00, 0x46,0x00, 0x46,0x00, 0x46,0x00, 0x46,0x00, 0x46,0x00, 0x66,0x00, 0x66,0x00, 0x66,0x00, 0x46,0x00,
 0x46,0x08, 0x46,0x08, 0x66,0x08, 0x66,0x08, 0x46,0x08, 0x27,0x08, 0x50,0x12, 0xF9,0x1C, 0xB8,0x14, 0xD9,0x14, 0x16,0x14, 0x33,0x0B,

 0x45,0x00, 0x25,0x00, 0x25,0x00, 0x25,0x00, 0x25,0x00, 0x45,0x00, 0x45,0x00, 0x04,0x00, 0x2A,0x11, 0xE8,0x08, 0x04,0x00, 0x45,0x00,
 0x45,0x00, 0x45,0x00, 0x45,0x00, 0x26,0x00, 0xD1,0x19, 0x34,0x22, 0x47,0x00, 0x45,0x00, 0x45,0x00, 0x45,0x00, 0x45,0x00, 0x45,0x00,
 0x45,0x00, 0x45,0x00, 0x45,0x00, 0x45,0x00, 0x25,0x00, 0x66,0x00, 0x45,0x00, 0x66,0x00, 0xC9,0x00, 0xC9,0x00, 0x2A,0x01, 0x29,0x01,
 0x45,0x00, 0x45,0x00, 0xE9,0x08, 0xA8,0x00, 0x67,0x00, 0x88,0x00, 0x88,0x00, 0xA8,0x00, 0x88,0x00, 0x4C,0x09, 0x4C,0x09, 0xC9,0x00,
 0x4D,0x09, 0x6D,0x09, 0x4D,0x09, 0x4C,0x09, 0x2B,0x09, 0x67,0x00, 0x66,0x00, 0x66,0x00, 0xEA,0x08, 0x87,0x00, 0x45,0x00, 0x66,0x00,
 0x66,0x00, 0x66,0x00, 0x86,0x00, 0x86,0x00, 0x86,0x00, 0x86,0x00, 0x86,0x00, 0x66,0x00, 0x66,0x00, 0x86,0x00, 0x86,0x00, 0x66,0x00,
 0x46,0x00, 0x66,0x00, 0x67,0x00, 0x67,0x00, 0x67,0x00, 0x67,0x00, 0x47,0x00, 0xA9,0x10, 0x47,0x00, 0x48,0x00, 0x88,0x08, 0x88,0x00,
 0x88,0x00, 0x88,0x00, 0x68,0x00, 0x88,0x00, 0x88,0x00, 0x68,0x00, 0x68,0x00, 0x68,0x00, 0x87,0x00, 0x87,0x00, 0x87,0x00, 0x87,0x00,
 0x87,0x00, 0x87,0x00, 0x87,0x00, 0x67,0x00, 0x67,0x00, 0x67,0x00, 0x67,0x00, 0x87,0x00, 0x67,0x00, 0x67,0x00, 0x66,0x00, 0x86,0x00,
 0x86,0x00, 0x86,0x00, 0x86,0x00, 0x86,0x00, 0x87,0x00, 0x87,0x00, 0x86,0x00, 0x87,0x00, 0x87,0x00, 0x87,0x00, 0x87,0x00, 0x87,0x00,
 0x87,0x00, 0x86,0x00, 0x86,0x00, 0x86,0x00, 0x86,0x00, 0x87,0x00, 0x86,0x00, 0x86,0x00, 0x86,0x00, 0x86,0x00, 0x87,0x00, 0xA7,0x00,
 0xA7,0x00, 0xA8,0x00, 0xA8,0x00, 0xA8,0x00, 0xA9,0x00, 0xC9,0x00, 0xCA,0x00, 0xCA,0x00, 0xCA,0x00, 0xC9,0x00, 0xA9,0x00, 0xA8,0x00,
 0xA8,0x00, 0xA8,0x00, 0xA8,0x00, 0x87,0x00, 0x87,0x00, 0x87,0x00, 0x87,0x00, 0x87,0x00, 0x87,0x00, 0x88,0x00, 0x88,0x00, 0x88,0x00,
 0xA8,0x00, 0xA9,0x00, 0xA9,0x00, 0xC9,0x00, 0xC9,0x00, 0xC9,0x00, 0xC9,0x00, 0xC9,0x00, 0xC9,0x00, 0xA9,0x00, 0xA9,0x00, 0xA9,0x00,
 0xA9,0x00, 0xA9,0x00, 0xA9,0x00, 0xC9,0x00, 0xA9,0x00, 0xA9,0x00, 0xA8,0x00, 0x88,0x00, 0x87,0x00, 0x67,0x00, 0x67,0x00, 0x67,0x08,
 0x67,0x00, 0x67,0x00, 0x66,0x00, 0x67,0x00, 0xCA,0x08, 0x67,0x08, 0x46,0x00, 0x67,0x08, 0xEA,0x08, 0xE9,0x08, 0xE9,0x08, 0x0A,0x09,
 0xA8,0x08, 0x67,0x00, 0x4C,0x09, 0x88,0x00, 0x46,0x00, 0x67,0x00, 0x87,0x00, 0x87,0x00, 0x88,0x08, 0xA9,0x08, 0xA9,0x08, 0xA9,0x08,
 0xEB,0x08, 0x4C,0x09, 0x2B,0x09, 0x2B,0x09, 0xC9,0x00, 0x67,0x00, 0x67,0x00, 0x66,0x00, 0x46,0x00, 0x46,0x00, 0x46,0x00, 0x45,0x00,
 0x66,0x00, 0xA8,0x08, 0x45,0x00, 0x46,0x00, 0x46,0x00, 0x46,0x00, 0x46,0x00, 0x66,0x00, 0x66,0x00, 0x66,0x00, 0x66,0x00, 0x46,0x00,
 0x46,0x08, 0x66,0x08, 0x66,0x08, 0x66,0x08, 0x05,0x00, 0xEE,0x11, 0x38,0x1C, 0x17,0x14, 0x17,0x14, 0x58,0x14, 0x95,0x13, 0x72,0x12,

 0x25,0x00, 0x45,0x00, 0x45,0x00, 0x25,0x00, 0x25,0x00, 0x24,0x00, 0x45,0x00, 0x04,0x00, 0x4A,0x11, 0xE8,0x08, 0x24,0x00, 0x45,0x00,
 0x45,0x00, 0x45,0x00, 0x45,0x00, 0x45,0x00, 0x68,0x00, 0x89,0x00, 0x46,0x00, 0x45,0x00, 0x45,0x00, 0x45,0x00, 0x45,0x00, 0x45,0x00,
 0x45,0x00, 0x45,0x00, 0x45,0x00, 0x45,0x00, 0x45,0x00, 0x66,0x00, 0x45,0x00, 0x25,0x00, 0x25,0x00, 0x46,0x00, 0x46,0x00, 0x45,0x00,
 0x45,0x00, 0x45,0x00, 0x0A,0x09, 0xA8,0x08, 0x87,0x00, 0xA9,0x00, 0xA9,0x00, 0xC9,0x00, 0xCA,0x00, 0x6E,0x09, 0x6E,0x09, 0x0C,0x01,
 0x8E,0x09, 0x6E,0x09, 0x6D,0x09, 0x4D,0x09, 0x2C,0x09, 0x87,0x00, 0x66,0x00, 0x67,0x00, 0xEA,0x08, 0x67,0x00, 0x45,0x00, 0x66,0x00,
 0x66,0x00, 0x66,0x00, 0x86,0x00, 0x86,0x00, 0x86,0x00, 0x86,0x00, 0x86,0x00, 0x86,0x00, 0x86,0x00, 0x86,0x00, 0x86,0x00, 0x66,0x00,
 0x66,0x00, 0x66,0x00, 0x66,0x00, 0x67,0x00, 0x67,0x00, 0x67,0x00, 0x67,0x00, 0x47,0x00, 0x68,0x08, 0x68,0x00, 0x68,0x00, 0x68,0x00,
 0x68,0x00, 0x68,0x00, 0x68,0x00, 0x68,0x00, 0x68,0x00, 0x68,0x00, 0x68,0x00, 0x67,0x00, 0x67,0x00, 0x87,0x00, 0x87,0x00, 0x87,0x00,
 0x87,0x00, 0x87,0x00, 0x67,0x00, 0x67,0x00, 0x67,0x00, 0x67,0x00, 0x67,0x00, 0x87,0x00, 0x67,0x00, 0x87,0x00, 0x87,0x00, 0x87,0x00,
 0x87,0x00, 0x86,0x00, 0x86,0x00, 0x86,0x00, 0x86,0x00, 0x87,0x00, 0x87,0x00, 0x87,0x00, 0x86,0x00, 0x87,0x00, 0x86,0x00, 0x86,0x00,
 0x86,0x00, 0x86,0x00, 0x86,0x00, 0x86,0x00, 0x86,0x00, 0x86,0x00, 0x86,0x00, 0x86,0x00, 0x86,0x00, 0x87,0x00, 0x87,0x00, 0x87,0x00,
 0xA7,0x00, 0xA8,0x00, 0xA8,0x00, 0xC9,0x00, 0xCA,0x00, 0xEB,0x00, 0xEB,0x00, 0xEB,0x00, 0xEB,0x00, 0xEB,0x00, 0xEA,0x00, 0xCA,0x00,
 0xC9,0x00, 0xA9,0x00, 0xA8,0x00, 0x88,0x00, 0x87,0x00, 0x67,0x00, 0x87,0x00, 0x87,0x00, 0x87,0x00, 0x88,0x00, 0xA8,0x00, 0xA9,0x00,
 0xC9,0x00, 0xCA,0x00, 0xCA,0x00, 0xEB,0x00, 0xEB,0x00, 0xEB,0x00, 0xEB,0x00, 0xEA,0x00, 0xCA,0x00, 0xCA,0x00, 0xCA,0x00, 0xCA,0x00,
 0xCA,0x00, 0xEA,0x08, 0xEB,0x08, 0xEB,0x08, 0xEB,0x08, 0xEA,0x08, 0xC9,0x00, 0xA8,0x00, 0xA8,0x00, 0x87,0x00, 0x87,0x00, 0x67,0x00,
 0x67,0x08, 0x67,0x08, 0x46,0x08, 0x67,0x08, 0xCA,0x08, 0x67,0x08, 0x66,0x08, 0x67,0x08, 0xE9,0x08, 0xE9,0x08, 0xC9,0x08, 0x0A,0x09,
 0xC9,0x08, 0x47,0x00, 0x4B,0x09, 0xA8,0x00, 0x46,0x00, 0x67,0x08, 0x87,0x08, 0x88,0x00, 0xA9,0x08, 0xCA,0x08, 0xEB,0x08, 0xEB,0x08,
 0xEB,0x08, 0xCA,0x08, 0xA9,0x00, 0x88,0x00, 0x67,0x00, 0x67,0x00, 0x67,0x00, 0x66,0x00, 0x46,0x00, 0x66,0x00, 0x46,0x00, 0x46,0x00,
 0x66,0x00, 0xA8,0x08, 0x46,0x00, 0x46,0x00, 0x46,0x00, 0x46,0x00, 0x66,0x00, 0x66,0x00, 0x66,0x00, 0x46,0x00, 0x66,0x00, 0x46,0x00,
 0x46,0x08, 0x67,0x08, 0x66,0x08, 0x25,0x00, 0x8E,0x19, 0x97,0x23, 0x76,0x1B, 0x76,0x1B, 0x96,0x13, 0xD7,0x13, 0xF4,0x1A, 0xD0,0x19,

 0x45,0x00, 0x45,0x00, 0x45,0x00, 0x45,0x00, 0x25,0x00, 0x25,0x00, 0x25,0x00, 0x04,0x00, 0x4A,0x11, 0xE8,0x08, 0x24,0x00, 0x45,0x00,
 0x45,0x00, 0x45,0x00, 0x45,0x00, 0x45,0x00, 0x25,0x00, 0x25,0x00, 0x45,0x00, 0x45,0x00, 0x45,0x00, 0x45,0x00, 0x45,0x00, 0x45,0x00,
 0x45,0x00, 0x46,0x00, 0x45,0x00, 0x45,0x00, 0x45,0x00, 0x67,0x00, 0x45,0x00, 0x46,0x00, 0x87,0x00, 0x66,0x00, 0x66,0x00, 0x65,0x00,
 0x45,0x00, 0x46,0x00, 0x0A,0x09, 0xA8,0x08, 0xA8,0x00, 0xCA,0x00, 0xEA,0x00, 0xEB,0x00, 0xEB,0x00, 0x90,0x09, 0x90,0x09, 0x4E,0x09,
 0xB0,0x09, 0x8F,0x09, 0x8F,0x09, 0x6E,0x09, 0x2C,0x09, 0x88,0x00, 0x86,0x00, 0x67,0x00, 0xEA,0x08, 0x67,0x00, 0x66,0x00, 0x66,0x00,
 0x66,0x00, 0x66,0x00, 0x66,0x00, 0x66,0x00, 0x66,0x00, 0x86,0x00, 0x86,0x00, 0x86,0x00, 0x86,0x00, 0x86,0x00, 0x86,0x00, 0x86,0x00,
 0x66,0x00, 0x66,0x00, 0x66,0x00, 0x66,0x00, 0x67,0x00, 0x67,0x00, 0x67,0x00, 0x67,0x00, 0x67,0x00, 0x67,0x00, 0x67,0x00, 0x67,0x00,
 0x68,0x00, 0x67,0x00, 0x68,0x00, 0x68,0x00, 0x67,0x00, 0x67,0x00, 0x67,0x00, 0x67,0x00, 0x67,0x00, 0x87,0x00, 0x86,0x00, 0x66,0x00,
 0x87,0x00, 0x87,0x08, 0x67,0x00, 0x67,0x08, 0x67,0x00, 0x67,0x00, 0x87,0x00, 0x67,0x00, 0x87,0x00, 0x87,0x00, 0x87,0x00, 0x87,0x00,
 0x87,0x00, 0x87,0x00, 0x86,0x00, 0x86,0x00, 0x86,0x00, 0x87,0x00, 0x87,0x00, 0x87,0x00, 0x87,0x00, 0x87,0x00, 0x87,0x00, 0x86,0x00,
 0x86,0x00, 0x86,0x00, 0x86,0x00, 0x86,0x00, 0x86,0x00, 0x86,0x00, 0x86,0x00, 0x86,0x00, 0x87,0x00, 0x87,0x00, 0x87,0x00, 0xA7,0x00,
 0xA8,0x00, 0xA8,0x00, 0xC9,0x00, 0xEB,0x00, 0x0C,0x09, 0x0D,0x09, 0x0D,0x09, 0x0D,0x09, 0x0D,0x01, 0x0D,0x09, 0x0C,0x01, 0xEB,0x00,
 0xEA,0x00, 0xCA,0x00, 0xA9,0x00, 0xA8,0x00, 0xA8,0x00, 0x87,0x00, 0x87,0x00, 0x87,0x00, 0x88,0x00, 0xA8,0x00, 0xA9,0x00, 0xC9,0x00,
 0xEA,0x00, 0xEB,0x08, 0x0D,0x01, 0x0D,0x01, 0x0D,0x01, 0x0D,0x01, 0x0D,0x01, 0x0C,0x01, 0xEB,0x00, 0xEB,0x08, 0xEB,0x08, 0xEB,0x00,
 0xEB,0x08, 0xAB,0x00, 0x8B,0x00, 0x8B,0x00, 0x8B,0x00, 0x8A,0x00, 0xCA,0x00, 0xC9,0x00, 0xA8,0x00, 0x88,0x00, 0x87,0x00, 0x67,0x00,
 0x67,0x00, 0x67,0x08, 0x66,0x08, 0x67,0x08, 0xCA,0x08, 0x67,0x08, 0x46,0x00, 0x66,0x08, 0xC9,0x08, 0xE9,0x08, 0xC9,0x08, 0x0A,0x11,
 0x0A,0x09, 0x67,0x00, 0x4B,0x09, 0xA9,0x00, 0x66,0x00, 0x87,0x00, 0x88,0x08, 0xA9,0x08, 0xAA,0x08, 0x6A,0x00, 0x8B,0x00, 0xAC,0x00,
 0x8B,0x00, 0xAB,0x00, 0x0C,0x09, 0x0B,0x09, 0xEA,0x00, 0x88,0x00, 0x67,0x00, 0x66,0x00, 0x66,0x00, 0x66,0x00, 0x46,0x00, 0x46,0x00,
 0x66,0x00, 0xC8,0x08, 0x46,0x00, 0x45,0x00, 0x46,0x00, 0x46,0x00, 0x46,0x00, 0x45,0x00, 0x45,0x00, 0x45,0x00, 0x45,0x00, 0x46,0x08,
 0x68,0x08, 0x68,0x08, 0x46,0x00, 0x2D,0x11, 0xB6,0x2A, 0x74,0x22, 0x95,0x1A, 0x95,0x1A, 0xB5,0x1A, 0xD5,0x1A, 0x32,0x1A, 0xAF,0x19,

 0x45,0x00, 0x45,0x00, 0x45,0x00, 0x45,0x00, 0x25,0x00, 0x25,0x00, 0x25,0x00, 0x04,0x00, 0x4A,0x11, 0xE9,0x08, 0x04,0x00, 0x45,0x00,
 0x45,0x00, 0x45,0x00, 0x45,0x00, 0x45,0x00, 0x45,0x00, 0x45,0x00, 0x45,0x00, 0x45,0x00, 0x45,0x00, 0x45,0x00, 0x45,0x00, 0x45,0x00,
 0x45,0x00, 0x26,0x00, 0x45,0x00, 0x45,0x00, 0x45,0x00, 0x67,0x00, 0x46,0x00, 0x66,0x00, 0xC8,0x00, 0xC8,0x00, 0xC8,0x00, 0x87,0x00,
 0x45,0x00, 0x46,0x00, 0x0A,0x09, 0xC9,0x08, 0xC9,0x00, 0xEB,0x00, 0x0C,0x01, 0xEC,0x00, 0x2D,0x01, 0xB1,0x01, 0x91,0x01, 0x70,0x01,
 0xD1,0x01, 0xB0,0x01, 0x6F,0x01, 0x8F,0x09, 0x4D,0x09, 0xA9,0x00, 0x87,0x00, 0x67,0x00, 0xEA,0x08, 0x67,0x00, 0x66,0x00, 0x66,0x00,
 0x66,0x00, 0x66,0x00, 0x66,0x00, 0x66,0x00, 0x66,0x00, 0x66,0x00, 0x66,0x00, 0x86,0x00, 0x66,0x00, 0x86,0x00, 0x86,0x00, 0x66,0x00,
 0x66,0x00, 0x66,0x00, 0x66,0x00, 0x66,0x00, 0x67,0x00, 0x67,0x00, 0x67,0x00, 0x67,0x00, 0x67,0x00, 0x67,0x00, 0x67,0x00, 0x67,0x00,
 0x67,0x00, 0x67,0x00, 0x67,0x00, 0x67,0x00, 0x67,0x00, 0x67,0x00, 0x67,0x00, 0x67,0x00, 0x67,0x00, 0x87,0x00, 0x66,0x00, 0x66,0x00,
 0x87,0x00, 0x87,0x00, 0x66,0x00, 0x66,0x00, 0x66,0x00, 0x67,0x00, 0x67,0x00, 0x67,0x00, 0x86,0x00, 0x87,0x00, 0x87,0x00, 0x87,0x00,
 0x86,0x00, 0x86,0x00, 0x86,0x00, 0x86,0x00, 0x87,0x00, 0x87,0x00, 0x87,0x00, 0x86,0x00, 0x87,0x00, 0x87,0x00, 0x86,0x00, 0x86,0x00,
 0x86,0x00, 0x86,0x00, 0x86,0x00, 0x86,0x00, 0x86,0x00, 0x86,0x00, 0x87,0x00, 0x87,0x00, 0x87,0x00, 0x87,0x00, 0x87,0x00, 0xA7,0x00,
 0xA8,0x00, 0xC9,0x00, 0xEB,0x00, 0x0C,0x09, 0x0D,0x01, 0x2E,0x01, 0x2E,0x01, 0x0E,0x01, 0x0E,0x01, 0x2E,0x01, 0x2E,0x01, 0x2D,0x01,
 0x0C,0x01, 0xEB,0x00, 0xC9,0x00, 0xA8,0x00, 0x88,0x00, 0x87,0x00, 0x87,0x00, 0x87,0x00, 0xA8,0x00, 0xA8,0x00, 0xC9,0x00, 0xEA,0x00,
 0x0C,0x09, 0x0D,0x01, 0x2E,0x01, 0x4F,0x01, 0x4F,0x01, 0x2F,0x01, 0x2E,0x01, 0x4E,0x01, 0x2D,0x09, 0x0C,0x01, 0x0C,0x01, 0x0C,0x09,
 0xEC,0x00, 0x15,0x5C, 0xF8,0x7C, 0xD7,0x74, 0xF8,0x7C, 0x18,0x7D, 0xCE,0x19, 0xAA,0x00, 0xC9,0x08, 0xA8,0x00, 0x87,0x00, 0x67,0x00,
 0x67,0x08, 0x67,0x08, 0x67,0x00, 0x67,0x00, 0xA9,0x08, 0x67,0x08, 0x46,0x00, 0x67,0x08, 0xC9,0x08, 0xE9,0x08, 0xE9,0x08, 0xE9,0x08,
 0xA8,0x08, 0x67,0x00, 0x2B,0x09, 0xA8,0x00, 0x67,0x00, 0x88,0x00, 0xA9,0x08, 0xCA,0x08, 0xCB,0x08, 0x35,0x64, 0xD8,0x7C, 0xB7,0x74,
 0xD7,0x74, 0xD7,0x6C, 0x6E,0x11, 0x0C,0x09, 0x0B,0x09, 0x88,0x00, 0x88,0x08, 0x68,0x08, 0x66,0x00, 0x66,0x00, 0x66,0x00, 0x46,0x00,
 0x66,0x00, 0xC9,0x08, 0x46,0x00, 0x45,0x00, 0x46,0x00, 0x46,0x00, 0x46,0x00, 0x46,0x00, 0x46,0x00, 0x46,0x00, 0x45,0x00, 0x49,0x09,
 0x6B,0x09, 0x88,0x00, 0x47,0x00, 0xAA,0x08, 0x32,0x1A, 0x94,0x22, 0x54,0x22, 0x34,0x1A, 0x13,0x1A, 0x14,0x22, 0xD2,0x21, 0xAF,0x19,

 0x45,0x00, 0x45,0x00, 0x45,0x00, 0x45,0x00, 0x25,0x00, 0x25,0x00, 0x45,0x00, 0x04,0x00, 0x4A,0x11, 0xE9,0x08, 0x04,0x00, 0x45,0x00,
 0x45,0x00, 0x45,0x00, 0x45,0x00, 0x45,0x00, 0x45,0x00, 0x45,0x00, 0x45,0x00, 0x45,0x00, 0x45,0x00, 0x45,0x00, 0x45,0x00, 0x25,0x00,
 0xCB,0x09, 0x6D,0x12, 0x25,0x00, 0x45,0x00, 0x25,0x00, 0x66,0x00, 0x46,0x00, 0x25,0x00, 0x25,0x00, 0x04,0x00, 0x04,0x00, 0x24,0x00,
 0x46,0x00, 0x67,0x00, 0x0A,0x09, 0xCA,0x08, 0xCA,0x00, 0x2D,0x09, 0xED,0x00, 0x94,0x4B, 0xFD,0xC6, 0xDD,0xBE, 0xDD,0xBE, 0xDD,0xBE,
 0xDD,0xBE, 0xFD,0xBE, 0x13,0x33, 0x4F,0x01, 0x6F,0x09, 0xCA,0x00, 0xA8,0x00, 0x87,0x00, 0xEA,0x08, 0x67,0x00, 0x66,0x00, 0x66,0x00,
 0x66,0x00, 0x66,0x00, 0x66,0x00, 0x66,0x00, 0x66,0x00, 0x66,0x00, 0x66,0x00, 0x66,0x00, 0x66,0x00, 0x66,0x00, 0x66,0x00, 0x66,0x00,
 0x87,0x00, 0x86,0x00, 0x66,0x00, 0x67,0x00, 0x67,0x00, 0x67,0x00, 0x67,0x00, 0x67,0x00, 0x67,0x00, 0x67,0x00, 0x67,0x00, 0x67,0x00,
 0x67,0x00, 0x68,0x00, 0x67,0x00, 0x67,0x00, 0x67,0x00, 0x67,0x00, 0x67,0x00, 0x67,0x00, 0x87,0x00, 0x67,0x00, 0x87,0x00, 0x87,0x00,
 0x87,0x00, 0x87,0x00, 0x67,0x00, 0x67,0x00, 0x67,0x00, 0x67,0x00, 0x87,0x00, 0x87,0x00, 0x87,0x00, 0x87,0x00, 0x87,0x00, 0x87,0x00,
 0x87,0x00, 0x87,0x00, 0x87,0x00, 0x87,0x00, 0x87,0x00, 0x87,0x00, 0x87,0x00, 0x86,0x00, 0x86,0x00, 0x87,0x00, 0x66,0x00, 0x66,0x00,
 0x86,0x00, 0x67,0x00, 0x66,0x00, 0x66,0x00, 0x66,0x00, 0x66,0x00, 0x67,0x00, 0x67,0x00, 0x66,0x00, 0x87,0x08, 0x87,0x00, 0xA8,0x00,
 0xA9,0x00, 0xCA,0x08, 0xEC,0x08, 0x2E,0x01, 0x79,0x85, 0xBC,0xBE, 0x9B,0xB6, 0x9C,0xB6, 0x9C,0xB6, 0xBC,0xBE, 0x9C,0xAE, 0xF0,0x11,
 0xED,0x00, 0x0C,0x09, 0xCA,0x00, 0xA9,0x00, 0xA8,0x00, 0x88,0x00, 0x87,0x00, 0x88,0x00, 0xA8,0x00, 0xC9,0x00, 0xEA,0x00, 0x0C,0x09,
 0xCC,0x00, 0x12,0x3B, 0xBC,0xBE, 0xBC,0xBE, 0xBC,0xBE, 0xBC,0xBE, 0x9C,0xB6, 0xFD,0xBE, 0xF5,0x4B, 0xCC,0x00, 0x2D,0x09, 0x2D,0x09,
 0xEC,0x00, 0x7B,0xAE, 0xFF,0xFF, 0xFF,0xFF, 0xFF,0xFF, 0xFF,0xF7, 0x50,0x22, 0xAA,0x00, 0xCA,0x08, 0xA9,0x08, 0x88,0x00, 0x67,0x00,
 0x67,0x08, 0x67,0x08, 0x67,0x08, 0x67,0x08, 0xC9,0x08, 0x67,0x08, 0x67,0x08, 0x67,0x08, 0xC9,0x08, 0xC9,0x08, 0xC9,0x08, 0xE9,0x08,
 0xC9,0x08, 0x67,0x00, 0x0A,0x09, 0xA9,0x00, 0x67,0x00, 0xA8,0x08, 0xA9,0x08, 0xCB,0x08, 0x0C,0x09, 0x3D,0xC7, 0xFF,0xFF, 0xFF,0xFF,
 0xFF,0xFF, 0xFF,0xD7, 0x8E,0x11, 0xAB,0x00, 0xCA,0x00, 0xA9,0x00, 0x89,0x08, 0x68,0x08, 0x66,0x08, 0x66,0x00, 0x66,0x00, 0x45,0x00,
 0x66,0x00, 0xC9,0x08, 0x46,0x00, 0x45,0x00, 0x46,0x00, 0x46,0x00, 0x46,0x00, 0x46,0x00, 0x46,0x00, 0x45,0x00, 0x25,0x00, 0x2F,0x13,
 0xCF,0x0A, 0xA9,0x00, 0x67,0x00, 0x25,0x00, 0x88,0x00, 0xB3,0x22, 0x35,0x23, 0xB4,0x1A, 0x74,0x22, 0x34,0x22, 0xF1,0x21, 0xAF,0x19,

 0x45,0x00, 0x45,0x00, 0x45,0x00, 0x45,0x00, 0x45,0x00, 0x45,0x00, 0x45,0x00, 0x04,0x00, 0x4A,0x11, 0xE8,0x08, 0x04,0x00, 0x45,0x00,
 0x45,0x00, 0x45,0x00, 0x45,0x00, 0x45,0x00, 0x45,0x00, 0x45,0x00, 0x45,0x00, 0x45,0x00, 0x45,0x00, 0x45,0x00, 0x45,0x00, 0x25,0x00,
 0xAB,0x09, 0x2D,0x12, 0x25,0x00, 0x45,0x00, 0x45,0x00, 0x67,0x00, 0x46,0x00, 0x67,0x00, 0xC9,0x00, 0xA8,0x00, 0xC8,0x00, 0x87,0x00,
 0x46,0x00, 0x67,0x00, 0x0A,0x09, 0xEA,0x08, 0xEC,0x00, 0x2E,0x09, 0x6F,0x01, 0xBC,0xB6, 0xFF,0xFF, 0xFF,0xFF, 0xFF,0xFF, 0xFF,0xFF,
 0xFE,0xFF, 0xFF,0xFF, 0xDA,0x8D, 0x50,0x01, 0x8F,0x09, 0xEB,0x00, 0xA9,0x00, 0x88,0x00, 0xEA,0x08, 0x67,0x00, 0x45,0x00, 0x46,0x00,
 0x66,0x00, 0x66,0x00, 0x66,0x00, 0x66,0x00, 0x67,0x00, 0x67,0x00, 0x67,0x00, 0x67,0x00, 0x87,0x00, 0x87,0x00, 0x87,0x00, 0x87,0x00,
 0x87,0x00, 0x87,0x00, 0x87,0x00, 0x87,0x00, 0x87,0x00, 0x67,0x00, 0x67,0x00, 0x67,0x00, 0x67,0x00, 0x68,0x00, 0x67,0x00, 0x68,0x00,
 0x88,0x00, 0x88,0x00, 0x88,0x00, 0x88,0x00, 0x88,0x00, 0x88,0x00, 0x87,0x00, 0x87,0x00, 0x87,0x00, 0x87,0x00, 0x87,0x00, 0x87,0x00,
 0x87,0x00, 0x87,0x00, 0x87,0x00, 0x87,0x00, 0x87,0x00, 0x87,0x00, 0x87,0x00, 0x87,0x00, 0x87,0x00, 0x87,0x00, 0x87,0x00, 0x87,0x00,
 0x87,0x00, 0x87,0x00, 0x87,0x00, 0x87,0x00, 0x87,0x00, 0x87,0x00, 0x87,0x00, 0x67,0x00, 0x66,0x00, 0x66,0x00, 0x86,0x00, 0x87,0x00,
 0x87,0x00, 0x86,0x00, 0x87,0x00, 0x67,0x00, 0x67,0x00, 0x87,0x00, 0x67,0x00, 0x67,0x00, 0x67,0x00, 0x87,0x00, 0x87,0x00, 0xA8,0x00,
 0xC9,0x00, 0xEA,0x08, 0x0D,0x09, 0x2F,0x01, 0xDC,0xBE, 0xFF,0xFF, 0xFF,0xFF, 0xFF,0xFF, 0xFF,0xFF, 0xFF,0xFF, 0xFF,0xFF, 0x15,0x5C,
 0xAD,0x00, 0x2D,0x09, 0xEB,0x00, 0xC9,0x00, 0xA9,0x00, 0xA8,0x00, 0x88,0x00, 0xA8,0x00, 0xA9,0x00, 0xCA,0x00, 0xEB,0x08, 0x0D,0x09,
 0xCD,0x00, 0xFA,0x9D, 0xFF,0xFF, 0xFF,0xFF, 0xFF,0xFF, 0xFF,0xFF, 0xFF,0xFF, 0xFF,0xFF, 0x97,0x5C, 0xCE,0x00, 0x6E,0x09, 0x4E,0x09,
 0xED,0x00, 0x1A,0xA6, 0xDF,0xFF, 0xDF,0xFF, 0xDF,0xFF, 0xDF,0xEF, 0x30,0x22, 0xAB,0x00, 0xEA,0x08, 0xC9,0x08, 0xA8,0x00, 0x88,0x08,
 0x67,0x08, 0x67,0x08, 0x67,0x08, 0x67,0x00, 0xC9,0x08, 0x88,0x08, 0x67,0x08, 0x87,0x08, 0xE9,0x08, 0xE9,0x08, 0xE9,0x08, 0xE9,0x08,
 0xC9,0x08, 0x87,0x00, 0x2B,0x09, 0xC9,0x00, 0x87,0x00, 0xA9,0x08, 0xCA,0x08, 0xEB,0x08, 0x0D,0x09, 0xBC,0xBE, 0xDF,0xFF, 0xDF,0xF7,
 0xDF,0xFF, 0x7E,0xD7, 0xF0,0x19, 0x2E,0x01, 0x2C,0x09, 0xA9,0x00, 0x88,0x00, 0x67,0x00, 0x66,0x00, 0x45,0x00, 0x45,0x00, 0x45,0x00,
 0x46,0x00, 0xA9,0x08, 0x46,0x00, 0x45,0x00, 0x46,0x00, 0x46,0x00, 0x46,0x00, 0x45,0x00, 0x45,0x00, 0x45,0x00, 0x45,0x00, 0x49,0x09,
 0x4B,0x01, 0x88,0x00, 0x67,0x00, 0x87,0x00, 0x47,0x00, 0xCB,0x08, 0x14,0x1B, 0x96,0x13, 0x14,0x1B, 0xD4,0x1A, 0x31,0x1A, 0xAE,0x19,

 0x45,0x00, 0x45,0x00, 0x45,0x00, 0x45,0x00, 0x25,0x00, 0x25,0x00, 0x45,0x00, 0x04,0x00, 0x4A,0x11, 0xE8,0x08, 0x04,0x00, 0x25,0x00,
 0x25,0x00, 0x45,0x00, 0x45,0x00, 0x45,0x00, 0x45,0x00, 0x45,0x00, 0x45,0x00, 0x45,0x00, 0x45,0x00, 0x45,0x00, 0x45,0x00, 0x45,0x00,
 0x25,0x00, 0x05,0x00, 0x45,0x00, 0x45,0x00, 0x25,0x00, 0x67,0x00, 0x45,0x00, 0xA7,0x00, 0x0B,0x09, 0x0A,0x09, 0x0B,0x09, 0xC9,0x00,
 0x46,0x00, 0x87,0x00, 0x0A,0x09, 0xEB,0x08, 0x2D,0x09, 0x0E,0x01, 0xF3,0x32, 0xFF,0xF7, 0xFF,0xFF, 0xFE,0xF7, 0xFE,0xFF, 0xDE,0xFF,
 0xDE,0xF7, 0xFE,0xFF, 0xBF,0xDF, 0x73,0x1A, 0x50,0x01, 0x0C,0x09, 0xCA,0x00, 0xA8,0x00, 0xEA,0x08, 0x87,0x00, 0x46,0x00, 0x66,0x00,
 0x46,0x00, 0x66,0x00, 0x67,0x00, 0x87,0x00, 0x87,0x00, 0x88,0x00, 0x88,0x00, 0x88,0x00, 0x88,0x00, 0x88,0x00, 0x88,0x00, 0xA8,0x00,
 0x88,0x00, 0x88,0x00, 0xA8,0x00, 0x88,0x00, 0x88,0x00, 0x88,0x00, 0x87,0x00, 0x88,0x00, 0x88,0x00, 0x88,0x00, 0x88,0x00, 0x88,0x00,
 0xA8,0x00, 0xA8,0x00, 0xA9,0x00, 0xA8,0x00, 0xA9,0x00, 0xA8,0x00, 0xA8,0x00, 0xA8,0x00, 0xA8,0x00, 0xA8,0x00, 0xA8,0x00, 0x87,0x00,
 0x87,0x00, 0x87,0x00, 0x87,0x00, 0x87,0x00, 0xA8,0x00, 0x88,0x00, 0xA8,0x00, 0xA8,0x00, 0xA8,0x00, 0xA8,0x00, 0xA8,0x00, 0xA8,0x00,
 0xA8,0x00, 0xA8,0x00, 0xA8,0x00, 0xA8,0x00, 0xA8,0x00, 0x88,0x00, 0x87,0x00, 0x87,0x00, 0x87,0x00, 0x67,0x00, 0x66,0x00, 0x66,0x00,
 0x87,0x00, 0x87,0x00, 0x87,0x00, 0x87,0x00, 0x87,0x00, 0x87,0x00, 0x87,0x00, 0x67,0x00, 0x67,0x00, 0x87,0x00, 0x87,0x00, 0xA8,0x00,
 0xC9,0x08, 0xEB,0x08, 0x0D,0x09, 0x2F,0x01, 0x9B,0xB6, 0xFF,0xFF, 0xDE,0xF7, 0xFE,0xF7, 0xFE,0xF7, 0xDF,0xF7, 0xFF,0xFF, 0x7B,0xA6,
 0x0E,0x01, 0x2E,0x09, 0x0C,0x01, 0xCA,0x00, 0xC9,0x00, 0xA8,0x00, 0xA8,0x00, 0xA8,0x00, 0xC9,0x00, 0xEA,0x00, 0x0C,0x09, 0xED,0x00,
 0x10,0x1A, 0xBF,0xE7, 0xFF,0xFF, 0xDE,0xFF, 0xFE,0xFF, 0xFE,0xFF, 0xDF,0xFF, 0xFF,0xFF, 0x77,0x5C, 0xEF,0x00, 0x6F,0x09, 0x4F,0x09,
 0x0E,0x01, 0x3B,0xAE, 0xFF,0xFF, 0xFF,0xFF, 0xFF,0xFF, 0xFF,0xEF, 0x50,0x22, 0xCC,0x00, 0xEB,0x08, 0xC9,0x08, 0xA9,0x08, 0xA8,0x08,
 0x88,0x00, 0x88,0x00, 0x88,0x00, 0x88,0x00, 0xEA,0x08, 0xA9,0x08, 0xA8,0x08, 0xA8,0x08, 0xEA,0x08, 0xEA,0x08, 0xEA,0x08, 0xEA,0x08,
 0xEA,0x08, 0x88,0x00, 0x2B,0x09, 0xC9,0x08, 0x88,0x00, 0xA9,0x08, 0xEA,0x08, 0x0C,0x09, 0x0D,0x01, 0xDC,0xBE, 0xFF,0xFF, 0xFF,0xFF,
 0xFF,0xFF, 0xBE,0xE7, 0xF0,0x19, 0x0D,0x01, 0x0C,0x09, 0xA9,0x00, 0x88,0x00, 0x67,0x00, 0x46,0x00, 0x45,0x00, 0x46,0x00, 0x45,0x00,
 0x46,0x00, 0xA8,0x08, 0x46,0x00, 0x45,0x00, 0x46,0x00, 0x46,0x00, 0x46,0x00, 0x46,0x00, 0x45,0x00, 0x45,0x00, 0x45,0x00, 0x25,0x00,
 0x66,0x00, 0x67,0x00, 0x67,0x00, 0x67,0x00, 0xCA,0x08, 0x0D,0x11, 0xAB,0x08, 0x34,0x13, 0xD6,0x13, 0xB5,0x0B, 0x92,0x12, 0x8E,0x11,

 0x25,0x00, 0x25,0x00, 0x25,0x00, 0x45,0x00, 0x45,0x00, 0x45,0x00, 0x45,0x00, 0x04,0x00, 0x4A,0x11, 0xE8,0x08, 0x04,0x00, 0x45,0x00,
 0x45,0x00, 0x25,0x00, 0x45,0x00, 0x25,0x00, 0x25,0x00, 0x45,0x00, 0x45,0x00, 0x45,0x00, 0x45,0x00, 0x45,0x00, 0x45,0x00, 0x45,0x00,
 0x45,0x00, 0x45,0x00, 0x45,0x00, 0x45,0x00, 0x25,0x00, 0x66,0x00, 0x45,0x00, 0x87,0x00, 0x0A,0x09, 0x0A,0x09, 0x0A,0x09, 0xC9,0x08,
 0x66,0x00, 0x87,0x00, 0x0B,0x09, 0x0C,0x09, 0x4E,0x09, 0xEF,0x00, 0xD8,0x7C, 0xFF,0xFF, 0xDF,0xFF, 0xFE,0xFF, 0xFE,0xFF, 0xFE,0xF7,
 0xFE,0xFF, 0xDF,0xFF, 0xFF,0xFF, 0x57,0x64, 0x10,0x01, 0x4D,0x09, 0xEA,0x00, 0xA9,0x00, 0xEA,0x08, 0x87,0x00, 0x66,0x00, 0x66,0x00,
 0x66,0x00, 0x67,0x00, 0x87,0x00, 0x88,0x00, 0xA8,0x00, 0xA8,0x00, 0xA9,0x00, 0xA9,0x00, 0xA9,0x00, 0xA9,0x00, 0xA9,0x00, 0xA9,0x00,
 0xA9,0x00, 0xA8,0x00, 0xA8,0x00, 0xA8,0x00, 0xA8,0x00, 0xA8,0x00, 0xA8,0x00, 0xA8,0x00, 0xA8,0x00, 0xA9,0x00, 0xA9,0x00, 0xC9,0x00,
 0xC9,0x00, 0xCA,0x00, 0xCA,0x00, 0xCA,0x00, 0xCA,0x00, 0xCA,0x00, 0xCA,0x00, 0xC9,0x00, 0xA9,0x00, 0xA9,0x00, 0xA8,0x00, 0xA8,0x00,
 0x88,0x00, 0x88,0x00, 0x88,0x00, 0xA8,0x00, 0xA8,0x00, 0xA9,0x00, 0xC9,0x00, 0xC9,0x00, 0xC9,0x00, 0xC9,0x00, 0xC9,0x00, 0xCA,0x00,
 0xCA,0x00, 0xCA,0x00, 0xCA,0x00, 0xC9,0x00, 0xA9,0x00, 0xA8,0x00, 0xA8,0x00, 0x87,0x00, 0x87,0x00, 0x87,0x00, 0x67,0x00, 0x67,0x00,
 0x87,0x00, 0x86,0x00, 0x86,0x00, 0x87,0x00, 0x86,0x00, 0x66,0x00, 0x66,0x00, 0x66,0x00, 0x66,0x00, 0x87,0x00, 0x87,0x00, 0xA8,0x00,
 0xCA,0x08, 0xEB,0x08, 0x2D,0x09, 0x4F,0x01, 0xBC,0xB6, 0xFF,0xFF, 0xFF,0xFF, 0xFF,0xFF, 0xFF,0xFF, 0xFF,0xF7, 0xFF,0xFF, 0xFF,0xE7,
 0xB2,0x2A, 0x0E,0x01, 0x2D,0x09, 0xEB,0x00, 0xCA,0x00, 0xA9,0x00, 0xA9,0x00, 0xA9,0x00, 0xCA,0x00, 0xEB,0x00, 0x4D,0x09, 0xAD,0x00,
 0x56,0x64, 0xFF,0xFF, 0xDF,0xF7, 0xFF,0xF7, 0xFF,0xFF, 0xFF,0xFF, 0xDF,0xFF, 0xFF,0xFF, 0x77,0x64, 0xEF,0x00, 0x90,0x09, 0x6F,0x09,
 0x2E,0x01, 0x3B,0xA6, 0xFF,0xEF, 0xBE,0xDF, 0xDE,0xE7, 0xBE,0xD7, 0x30,0x22, 0xCC,0x00, 0xEB,0x08, 0xCA,0x00, 0xC9,0x00, 0xA9,0x00,
 0xA9,0x00, 0xA9,0x00, 0xA9,0x00, 0xA9,0x00, 0xEA,0x08, 0xC9,0x08, 0xA9,0x00, 0xCA,0x08, 0x0B,0x09, 0x0B,0x09, 0xEB,0x08, 0x0B,0x09,
 0xEB,0x08, 0xA9,0x00, 0x2B,0x09, 0xCA,0x08, 0xA9,0x00, 0xCA,0x00, 0xEB,0x08, 0x0C,0x09, 0x0C,0x01, 0xBC,0xA6, 0xFF,0xEF, 0xDF,0xE7,
 0xFF,0xEF, 0x9E,0xCF, 0xCF,0x19, 0xED,0x00, 0xEB,0x08, 0xA9,0x00, 0x88,0x00, 0x67,0x00, 0x66,0x00, 0x46,0x00, 0x46,0x00, 0x45,0x00,
 0x46,0x00, 0xA8,0x00, 0x46,0x00, 0x45,0x00, 0x46,0x00, 0x45,0x00, 0x45,0x00, 0x46,0x00, 0x46,0x00, 0x46,0x00, 0x45,0x00, 0x45,0x00,
 0x45,0x00, 0x46,0x00, 0x46,0x00, 0x46,0x00, 0x89,0x08, 0xEC,0x10, 0x48,0x00, 0x89,0x00, 0x33,0x13, 0x57,0x0C, 0xB2,0x12, 0x8E,0x19,

 0x25,0x00, 0x25,0x00, 0x25,0x00, 0x45,0x00, 0x45,0x00, 0x45,0x00, 0x45,0x00, 0x04,0x00, 0x6A,0x11, 0xE9,0x08, 0x04,0x00, 0x45,0x00,
 0x45,0x00, 0x45,0x00, 0x25,0x00, 0x25,0x00, 0x25,0x00, 0x45,0x00, 0x45,0x00, 0x45,0x00, 0x45,0x00, 0x45,0x00, 0x45,0x00, 0x45,0x00,
 0x45,0x00, 0x45,0x00, 0x45,0x00, 0x45,0x00, 0x25,0x00, 0x66,0x00, 0x45,0x00, 0x87,0x00, 0x0A,0x09, 0xEA,0x08, 0x0A,0x09, 0xE9,0x08,
 0x87,0x00, 0x88,0x00, 0x0B,0x09, 0x2C,0x09, 0x4E,0x01, 0xB0,0x09, 0x1D,0xCF, 0xFF,0xFF, 0xFF,0xFF, 0xFF,0xFF, 0x5E,0xBF, 0x9E,0xCF,
 0xFF,0xFF, 0xFF,0xF7, 0xFF,0xFF, 0x9C,0xB6, 0x50,0x01, 0x4E,0x09, 0xEB,0x00, 0xCA,0x00, 0xEB,0x08, 0x88,0x00, 0x66,0x00, 0x67,0x00,
 0x87,0x00, 0x88,0x00, 0x88,0x00, 0xA9,0x00, 0xCA,0x00, 0xCA,0x00, 0xCA,0x00, 0xCA,0x00, 0xCA,0x00, 0xCB,0x00, 0xCB,0x00, 0xCA,0x00,
 0xEA,0x00, 0xCA,0x00, 0xCA,0x00, 0xCA,0x00, 0xA9,0x00, 0xA9,0x00, 0xA9,0x00, 0xC9,0x00, 0xCA,0x00, 0xCA,0x00, 0xCA,0x00, 0xEB,0x00,
 0xEB,0x00, 0xEC,0x00, 0x0C,0x01, 0x0C,0x01, 0x0C,0x01, 0x0C,0x01, 0xEC,0x00, 0xEB,0x00, 0xCA,0x00, 0xCA,0x00, 0xA9,0x00, 0xA9,0x00,
 0xA9,0x00, 0xA9,0x00, 0xA9,0x00, 0xA9,0x00, 0xC9,0x00, 0xCA,0x00, 0xEA,0x00, 0xEB,0x00, 0xEB,0x00, 0x0B,0x01, 0x0B,0x01, 0x0C,0x01,
 0x0C,0x01, 0x0C,0x01, 0xEB,0x00, 0xEB,0x00, 0xCA,0x00, 0xC9,0x00, 0xA8,0x00, 0xA8,0x00, 0x88,0x00, 0x87,0x00, 0x87,0x00, 0x67,0x00,
 0x66,0x00, 0x66,0x00, 0x67,0x00, 0x66,0x00, 0x66,0x00, 0x66,0x00, 0x67,0x00, 0x66,0x00, 0x67,0x00, 0x87,0x00, 0x88,0x00, 0xA9,0x00,
 0xCA,0x00, 0xEB,0x08, 0x2E,0x09, 0x50,0x01, 0xBC,0xB6, 0xFF,0xFF, 0xFF,0xFF, 0xFF,0xFF, 0xFF,0xFF, 0xFF,0xF7, 0xDF,0xF7, 0xFF,0xFF,
 0x39,0x7D, 0xEF,0x00, 0x4E,0x09, 0x0C,0x01, 0xCA,0x00, 0xC9,0x00, 0xC9,0x00, 0xCA,0x00, 0xEB,0x00, 0x0C,0x09, 0x4E,0x01, 0x6F,0x09,
 0xFC,0xBE, 0xFF,0xFF, 0xFF,0xF7, 0xFF,0xF7, 0xFF,0xFF, 0xFF,0xFF, 0xDF,0xFF, 0xFF,0xFF, 0x78,0x64, 0xF0,0x00, 0x90,0x09, 0x6F,0x09,
 0x4F,0x09, 0xF0,0x19, 0x51,0x22, 0x31,0x1A, 0x10,0x1A, 0x10,0x1A, 0x4E,0x09, 0x0D,0x01, 0x0C,0x09, 0xEB,0x08, 0xCB,0x00, 0xCA,0x00,
 0xCA,0x00, 0xCA,0x08, 0xCA,0x00, 0xCA,0x00, 0x0C,0x09, 0xCA,0x08, 0xCA,0x00, 0xEB,0x08, 0x2D,0x09, 0x2D,0x09, 0x2D,0x09, 0x2D,0x09,
 0x0C,0x09, 0xCB,0x00, 0x2C,0x09, 0xEB,0x00, 0xCA,0x00, 0xCA,0x00, 0xEB,0x00, 0x0C,0x01, 0x0C,0x09, 0xEF,0x19, 0x51,0x22, 0x52,0x22,
 0x72,0x22, 0x31,0x22, 0x8F,0x09, 0x4E,0x09, 0x0C,0x09, 0xA9,0x00, 0x88,0x00, 0x67,0x00, 0x66,0x00, 0x46,0x00, 0x46,0x00, 0x45,0x00,
 0x66,0x00, 0x2A,0x01, 0x26,0x00, 0x25,0x00, 0x45,0x00, 0x45,0x00, 0x45,0x00, 0x46,0x00, 0x46,0x00, 0x46,0x00, 0x45,0x00, 0x46,0x00,
 0x46,0x00, 0x45,0x00, 0x46,0x00, 0x46,0x00, 0x46,0x00, 0x68,0x08, 0x68,0x08, 0x26,0x08, 0x48,0x08, 0x94,0x1B, 0x33,0x13, 0x8E,0x19,

 0x25,0x00, 0x25,0x00, 0x25,0x00, 0x45,0x00, 0x45,0x00, 0x45,0x00, 0x45,0x00, 0x04,0x00, 0x6A,0x11, 0x09,0x09, 0x04,0x00, 0x45,0x00,
 0x45,0x00, 0x45,0x00, 0x25,0x00, 0x25,0x00, 0x24,0x00, 0x25,0x00, 0x45,0x00, 0x45,0x00, 0x45,0x00, 0x45,0x00, 0x45,0x00, 0x45,0x00,
 0x45,0x00, 0x45,0x00, 0x45,0x00, 0x45,0x00, 0x25,0x00, 0x46,0x00, 0x45,0x00, 0x87,0x00, 0x0A,0x09, 0xEA,0x08, 0x0A,0x09, 0xEA,0x08,
 0x88,0x00, 0xA9,0x00, 0x0B,0x09, 0x4D,0x09, 0xED,0x00, 0x54,0x43, 0xFF,0xF7, 0xFF,0xFF, 0xFF,0xFF, 0xFF,0xFF, 0x57,0x5C, 0x9A,0x85,
 0xFF,0xFF, 0xDF,0xFF, 0xFF,0xFF, 0xFF,0xEF, 0xD3,0x2A, 0x0E,0x01, 0x0D,0x09, 0xCB,0x00, 0xEB,0x08, 0xA9,0x00, 0x67,0x00, 0x87,0x00,
 0x88,0x00, 0xA8,0x00, 0xA9,0x00, 0xCA,0x00, 0xEB,0x00, 0xEB,0x00, 0xEC,0x00, 0x0C,0x01, 0x0D,0x01, 0x0D,0x01, 0x2D,0x09, 0x0D,0x09,
 0xEC,0x00, 0xCC,0x00, 0xCB,0x00, 0xCB,0x00, 0xEB,0x00, 0xCB,0x00, 0xCB,0x00, 0xEB,0x00, 0xEB,0x00, 0x0C,0x01, 0x2D,0x09, 0x0D,0x01,
 0x0D,0x01, 0x0D,0x01, 0xED,0x00, 0xED,0x00, 0xEE,0x00, 0x0D,0x01, 0x0D,0x01, 0x0D,0x01, 0x0C,0x01, 0x0B,0x09, 0xEA,0x00, 0xCA,0x00,
 0xCA,0x00, 0xCA,0x00, 0xCA,0x00, 0xCA,0x00, 0xEB,0x00, 0x0C,0x09, 0x0C,0x01, 0x0D,0x01, 0x0D,0x01, 0x0D,0x01, 0xED,0x00, 0x0E,0x01,
 0x0E,0x01, 0x0E,0x01, 0x0D,0x01, 0x0D,0x01, 0x0C,0x01, 0xEB,0x08, 0xC9,0x00, 0xA9,0x00, 0xA8,0x00, 0xA8,0x00, 0x87,0x00, 0x87,0x00,
 0x87,0x00, 0x87,0x00, 0x87,0x00, 0x87,0x00, 0x87,0x00, 0x87,0x00, 0x87,0x00, 0x87,0x00, 0x87,0x00, 0x87,0x00, 0xA8,0x00, 0xC9,0x00,
 0xEA,0x08, 0x0C,0x09, 0x2E,0x09, 0x50,0x01, 0xBC,0xB6, 0xFF,0xFF, 0xFF,0xFF, 0xFF,0xFF, 0xFF,0xF7, 0xFF,0xF7, 0xFF,0xF7, 0xFF,0xFF,
 0x7E,0xD7, 0xB0,0x11, 0x0E,0x01, 0x0D,0x09, 0xEB,0x00, 0xCA,0x00, 0xCA,0x00, 0xEA,0x00, 0x0B,0x01, 0x4E,0x09, 0x0F,0x01, 0x95,0x43,
 0xFF,0xF7, 0xFF,0xF7, 0xFF,0xF7, 0xFF,0xF7, 0xFF,0xF7, 0xFF,0xFF, 0xDF,0xFF, 0xFF,0xFF, 0x78,0x64, 0x10,0x01, 0x90,0x09, 0x6F,0x09,
 0x6F,0x09, 0x4F,0x01, 0x2F,0x01, 0x2F,0x01, 0x2F,0x01, 0x2E,0x01, 0x4E,0x01, 0x2E,0x09, 0x0D,0x01, 0x0C,0x09, 0xEC,0x00, 0xEC,0x00,
 0xEC,0x00, 0xEC,0x00, 0xEC,0x00, 0x0C,0x01, 0x2E,0x09, 0x2C,0x09, 0x0C,0x01, 0x0D,0x01, 0x2E,0x09, 0x2E,0x01, 0x2E,0x01, 0x4F,0x09,
 0x4E,0x09, 0x2D,0x09, 0x6E,0x09, 0x0C,0x09, 0xCB,0x00, 0xEB,0x00, 0xEB,0x00, 0x0C,0x01, 0x2D,0x01, 0x0E,0x01, 0x0F,0x01, 0x30,0x01,
 0x30,0x01, 0x2F,0x01, 0x2F,0x01, 0x0D,0x09, 0xEB,0x00, 0xA9,0x00, 0x88,0x00, 0x67,0x00, 0x67,0x08, 0x66,0x00, 0x66,0x00, 0x45,0x00,
 0x66,0x00, 0x29,0x01, 0x25,0x00, 0x25,0x00, 0x45,0x00, 0x45,0x00, 0x45,0x00, 0x46,0x00, 0x46,0x00, 0x46,0x00, 0x46,0x00, 0x45,0x00,
 0x45,0x00, 0x45,0x00, 0x45,0x00, 0x45,0x00, 0x45,0x00, 0x67,0x08, 0x47,0x08, 0x47,0x08, 0x25,0x08, 0x88,0x10, 0x10,0x1A, 0xD0,0x19,

 0x25,0x00, 0x25,0x00, 0x25,0x00, 0x45,0x00, 0x45,0x00, 0x45,0x00, 0x45,0x00, 0x04,0x00, 0x6A,0x11, 0x09,0x09, 0x04,0x00, 0x45,0x00,
 0x45,0x00, 0x45,0x00, 0x25,0x00, 0x25,0x00, 0x25,0x00, 0x25,0x00, 0x45,0x00, 0x45,0x00, 0x45,0x00, 0x45,0x00, 0x45,0x00, 0x45,0x00,
 0x45,0x00, 0x45,0x00, 0x45,0x00, 0x45,0x00, 0x45,0x00, 0x46,0x00, 0x45,0x00, 0x66,0x00, 0x0A,0x09, 0xEA,0x08, 0x0A,0x09, 0xEA,0x08,
 0x88,0x00, 0xA9,0x00, 0x0C,0x09, 0x4E,0x09, 0xEE,0x00, 0xFA,0x95, 0xFF,0xFF, 0xDF,0xF7, 0xFF,0xFF, 0xDF,0xEF, 0x12,0x12, 0x96,0x43,
 0xFF,0xFF, 0xFF,0xFF, 0xDF,0xF7, 0xFF,0xFF, 0x39,0x7D, 0xCE,0x00, 0x4E,0x09, 0xEC,0x00, 0xEC,0x08, 0xC9,0x00, 0x87,0x00, 0x88,0x00,
 0xA8,0x00, 0xA9,0x00, 0xCA,0x00, 0x0C,0x01, 0x0D,0x01, 0x0D,0x01, 0x0D,0x01, 0x0E,0x01, 0x4F,0x01, 0x4E,0x01, 0xCE,0x00, 0x2F,0x01,
 0xCF,0x11, 0xF0,0x19, 0xCF,0x11, 0x6D,0x11, 0xEC,0x00, 0xEC,0x00, 0xEC,0x00, 0x0D,0x01, 0x2D,0x09, 0xEE,0x00, 0xCD,0x00, 0x0E,0x01,
 0x90,0x09, 0xF0,0x11, 0x31,0x1A, 0x52,0x1A, 0x31,0x1A, 0x11,0x12, 0xB0,0x09, 0x4E,0x01, 0xCD,0x00, 0x8B,0x00, 0x8B,0x00, 0xEB,0x00,
 0xEB,0x00, 0xEB,0x00, 0xEC,0x00, 0x0D,0x09, 0xCC,0x00, 0x8C,0x00, 0xED,0x00, 0x8F,0x09, 0xF0,0x11, 0x11,0x1A, 0x52,0x1A, 0x52,0x1A,
 0x11,0x1A, 0xD1,0x11, 0x6F,0x09, 0x0D,0x01, 0xAC,0x00, 0x6A,0x00, 0xCA,0x00, 0xC9,0x00, 0xA9,0x00, 0xA8,0x00, 0x88,0x00, 0x87,0x00,
 0x87,0x00, 0x87,0x00, 0x88,0x00, 0x88,0x00, 0x88,0x00, 0x88,0x00, 0x88,0x00, 0x88,0x00, 0x88,0x00, 0xA8,0x00, 0xA9,0x00, 0xC9,0x00,
 0xEB,0x08, 0x0C,0x09, 0x4F,0x09, 0x50,0x01, 0xBC,0xB6, 0xFF,0xFF, 0xFF,0xF7, 0xFF,0xFF, 0xBE,0xCF, 0xBE,0xCF, 0xFF,0xFF, 0xDF,0xF7,
 0xFF,0xFF, 0xF5,0x5B, 0xCF,0x00, 0x4E,0x09, 0xEC,0x00, 0xEB,0x00, 0xEB,0x00, 0xEB,0x00, 0x0D,0x09, 0x4E,0x09, 0x30,0x01, 0x1B,0x9E,
 0xFF,0xFF, 0xDF,0xF7, 0xFF,0xF7, 0x9E,0xC7, 0xFF,0xEF, 0xFF,0xFF, 0xDF,0xFF, 0xFF,0xFF, 0x78,0x64, 0x11,0x01, 0xB1,0x09, 0x70,0x09,
 0x70,0x09, 0x70,0x01, 0x50,0x01, 0x50,0x01, 0x50,0x01, 0x4F,0x01, 0x6F,0x01, 0x4F,0x09, 0x2E,0x09, 0x2D,0x09, 0x0D,0x01, 0xED,0x00,
 0xED,0x00, 0xED,0x00, 0xED,0x00, 0x4E,0x09, 0x90,0x09, 0xCE,0x00, 0xCD,0x00, 0x6F,0x09, 0x31,0x1A, 0x93,0x22, 0x72,0x22, 0x11,0x12,
 0x50,0x01, 0xEF,0x00, 0x70,0x09, 0x2E,0x09, 0xEC,0x08, 0xEC,0x08, 0x0C,0x09, 0x0D,0x01, 0x2E,0x09, 0x4F,0x01, 0x70,0x01, 0x71,0x01,
 0x71,0x01, 0x70,0x01, 0x4F,0x01, 0x0D,0x01, 0xCB,0x00, 0xA9,0x00, 0x88,0x00, 0x67,0x00, 0x46,0x00, 0x46,0x00, 0x46,0x00, 0x45,0x00,
 0x66,0x08, 0x87,0x08, 0x25,0x00, 0x46,0x00, 0x45,0x00, 0x45,0x00, 0x46,0x00, 0x46,0x00, 0x45,0x00, 0x46,0x00, 0x46,0x00, 0x45,0x00,
 0x45,0x00, 0x45,0x00, 0x45,0x00, 0x45,0x00, 0x45,0x00, 0x47,0x08, 0x47,0x08, 0x46,0x08, 0x46,0x08, 0x26,0x08, 0x27,0x08, 0x6E,0x19,

 0x25,0x00, 0x25,0x00, 0x25,0x00, 0x25,0x00, 0x25,0x00, 0x25,0x00, 0x45,0x00, 0x04,0x00, 0x8A,0x11, 0x09,0x09, 0x04,0x00, 0x45,0x00,
 0x45,0x00, 0x45,0x00, 0x45,0x00, 0x45,0x00, 0x45,0x00, 0x45,0x00, 0x45,0x00, 0x45,0x00, 0x45,0x00, 0x45,0x00, 0x45,0x00, 0x45,0x00,
 0x46,0x00, 0x46,0x00, 0x45,0x00, 0x45,0x00, 0x45,0x00, 0x46,0x00, 0x45,0x00, 0x66,0x00, 0xEA,0x08, 0xEA,0x08, 0xEA,0x08, 0xEA,0x08,
 0xA8,0x00, 0xCA,0x00, 0x2D,0x09, 0xEE,0x00, 0x51,0x22, 0xDF,0xDF, 0xFF,0xFF, 0xDF,0xF7, 0xFF,0xFF, 0x1B,0xA6, 0x11,0x01, 0xF3,0x11,
 0x5E,0xD7, 0xFF,0xFF, 0xFF,0xF7, 0xFF,0xFF, 0x7E,0xD7, 0xB1,0x11, 0xEE,0x00, 0x0D,0x01, 0xEC,0x08, 0xCA,0x08, 0x88,0x00, 0xA8,0x00,
 0xA9,0x00, 0xCA,0x00, 0xCB,0x00, 0x59,0x85, 0xBC,0xB6, 0x7B,0xA6, 0x9C,0xAE, 0xDA,0x85, 0x2F,0x01, 0x0E,0x01, 0x15,0x5C, 0x7C,0xAE,
 0x7E,0xCF, 0x9F,0xD7, 0xBF,0xDF, 0x1B,0x96, 0xCC,0x00, 0x0D,0x09, 0x2E,0x09, 0x4F,0x09, 0xCE,0x00, 0x11,0x22, 0x97,0x6C, 0x3B,0xA6,
 0x3D,0xC7, 0x9E,0xD7, 0xBF,0xD7, 0xDF,0xDF, 0xDF,0xDF, 0x9E,0xD7, 0x5E,0xC7, 0xFC,0xB6, 0x3A,0xA6, 0x38,0x85, 0x73,0x4B, 0xCC,0x00,
 0x0C,0x01, 0x0D,0x01, 0x4E,0x09, 0xCD,0x00, 0x31,0x22, 0x97,0x74, 0x5B,0xA6, 0x3D,0xBF, 0x9E,0xCF, 0xBF,0xD7, 0xDF,0xDF, 0xDF,0xDF,
 0xBF,0xD7, 0x7E,0xCF, 0x1D,0xBF, 0x7B,0xAE, 0xB9,0x95, 0xB6,0x6C, 0x6D,0x11, 0xCA,0x00, 0xCA,0x00, 0xA9,0x00, 0xA8,0x00, 0xA8,0x00,
 0xA8,0x00, 0xA8,0x00, 0xA8,0x00, 0xA9,0x00, 0xA9,0x00, 0xA9,0x00, 0xA8,0x00, 0xA9,0x00, 0xA9,0x00, 0xA9,0x00, 0xC9,0x00, 0xCA,0x00,
 0xEB,0x00, 0x2D,0x09, 0x4F,0x09, 0x71,0x01, 0xBC,0xB6, 0xFF,0xFF, 0xDF,0xF7, 0xFF,0xFF, 0x1C,0xB7, 0xF9,0x7D, 0xFF,0xFF, 0xDF,0xF7,
 0xFF,0xFF, 0x7C,0xAE, 0x50,0x01, 0x4F,0x09, 0x0D,0x09, 0xEC,0x00, 0x0C,0x01, 0x0C,0x01, 0x4E,0x09, 0x0F,0x01, 0x72,0x22, 0xDF,0xE7,
 0xFF,0xFF, 0xFF,0xFF, 0xBE,0xDF, 0x98,0x7D, 0xFF,0xEF, 0xFF,0xF7, 0xDF,0xFF, 0xFF,0xFF, 0x78,0x64, 0x11,0x01, 0x91,0x09, 0x90,0x09,
 0x50,0x01, 0x18,0x75, 0x7C,0xAE, 0x5B,0xA6, 0x7C,0xAE, 0x7B,0xA6, 0x11,0x1A, 0x2F,0x01, 0x6F,0x09, 0xEE,0x00, 0x13,0x3B, 0x7C,0xAE,
 0x3B,0xA6, 0x3B,0xA6, 0x7B,0xA6, 0x93,0x22, 0xF0,0x00, 0xF3,0x3A, 0xB9,0x95, 0x3D,0xBF, 0x9F,0xCF, 0xDF,0xDF, 0xDF,0xDF, 0x7E,0xCF,
 0x9C,0xB6, 0x97,0x6C, 0xB1,0x11, 0x2F,0x01, 0x4F,0x09, 0x0D,0x09, 0x0D,0x09, 0x2E,0x09, 0x0E,0x01, 0x59,0x85, 0xBC,0xBE, 0x7C,0xAE,
 0x9C,0xAE, 0x1B,0x96, 0xB0,0x09, 0x2E,0x09, 0xEB,0x08, 0xA9,0x00, 0xA8,0x08, 0xA8,0x08, 0x66,0x00, 0x45,0x00, 0x45,0x00, 0x45,0x00,
 0x66,0x08, 0x87,0x08, 0x25,0x00, 0x46,0x00, 0x45,0x00, 0x46,0x00, 0x46,0x00, 0x46,0x00, 0x45,0x00, 0x46,0x00, 0x45,0x00, 0x45,0x00,
 0x45,0x00, 0x45,0x00, 0x45,0x00, 0x45,0x00, 0x45,0x00, 0x46,0x08, 0x47,0x08, 0x47,0x08, 0x46,0x08, 0x66,0x08, 0x46,0x00, 0x26,0x00,

 0x67,0x00, 0x46,0x00, 0x25,0x00, 0x25,0x00, 0x25,0x00, 0x25,0x00, 0x45,0x00, 0x04,0x00, 0x8B,0x11, 0x09,0x09, 0x04,0x00, 0x45,0x00,
 0x45,0x00, 0x45,0x00, 0x45,0x00, 0x45,0x00, 0x45,0x00, 0x45,0x00, 0x45,0x00, 0x45,0x00, 0x45,0x00, 0x45,0x00, 0x45,0x00, 0x45,0x00,
 0x46,0x00, 0x46,0x00, 0x25,0x00, 0x25,0x00, 0x45,0x00, 0x46,0x00, 0x45,0x00, 0x46,0x00, 0xEA,0x08, 0xEA,0x08, 0xEA,0x00, 0xEB,0x08,
 0xA9,0x00, 0xEB,0x00, 0x6E,0x09, 0xCF,0x00, 0x97,0x6C, 0xFF,0xFF, 0xDF,0xF7, 0xFF,0xF7, 0xFF,0xF7, 0xF7,0x4B, 0x52,0x01, 0x32,0x01,
 0x5A,0x85, 0xFF,0xFF, 0xFF,0xF7, 0xDF,0xF7, 0xFF,0xFF, 0xD6,0x5B, 0xAE,0x00, 0x2E,0x09, 0x0C,0x09, 0xEB,0x08, 0xA9,0x00, 0xA9,0x00,
 0xCA,0x00, 0xEA,0x08, 0xCB,0x00, 0x7B,0xAE, 0xFF,0xFF, 0xFF,0xFF, 0xFF,0xFF, 0x1D,0xBF, 0x4F,0x01, 0xDA,0x95, 0xFF,0xFF, 0xFF,0xFF,
 0xFF,0xFF, 0xFF,0xFF, 0xFF,0xFF, 0x3B,0xA6, 0xCD,0x00, 0x4F,0x09, 0x4F,0x09, 0xCE,0x00, 0xD5,0x5B, 0x9E,0xE7, 0xFF,0xFF, 0xFF,0xFF,
 0xFF,0xFF, 0xFF,0xFF, 0xFF,0xF7, 0xFF,0xF7, 0xFF,0xF7, 0xFF,0xF7, 0xFF,0xFF, 0xFF,0xFF, 0xFF,0xFF, 0xFF,0xFF, 0x5B,0xA6, 0xAC,0x00,
 0x2D,0x09, 0x4E,0x09, 0xED,0x00, 0xB4,0x53, 0xBF,0xE7, 0xFF,0xFF, 0xFF,0xFF, 0xFF,0xFF, 0xFF,0xF7, 0xFF,0xFF, 0xFF,0xFF, 0xFF,0xFF,
 0xFF,0xFF, 0xFF,0xFF, 0xFF,0xFF, 0xFF,0xFF, 0xFF,0xFF, 0xFF,0xE7, 0xEF,0x19, 0xCB,0x00, 0xEB,0x08, 0xCA,0x00, 0xA9,0x00, 0xA9,0x00,
 0xA9,0x00, 0xC9,0x00, 0xCA,0x00, 0xCA,0x00, 0xCA,0x00, 0xCA,0x00, 0xCA,0x00, 0xCA,0x00, 0xCA,0x00, 0xCA,0x00, 0xCA,0x00, 0xEB,0x00,
 0x0C,0x01, 0x2E,0x09, 0x50,0x09, 0x71,0x01, 0xBC,0xB6, 0xFF,0xFF, 0xDF,0xF7, 0xFF,0xFF, 0x3D,0xC7, 0xB4,0x33, 0xFF,0xE7, 0xFF,0xFF,
 0xFF,0xFF, 0xFF,0xEF, 0xD3,0x2A, 0x0F,0x01, 0x2E,0x09, 0x2D,0x09, 0x2D,0x01, 0x2D,0x09, 0x6F,0x09, 0xEF,0x00, 0xB7,0x74, 0xFF,0xFF,
 0xDF,0xF7, 0xFF,0xFF, 0x7B,0xAE, 0xB5,0x4B, 0xFF,0xFF, 0xFF,0xF7, 0xDF,0xFF, 0xFF,0xFF, 0x78,0x64, 0x11,0x01, 0x91,0x09, 0x91,0x09,
 0x30,0x01, 0x5B,0xA6, 0xFF,0xFF, 0xFF,0xFF, 0xFF,0xFF, 0xFF,0xEF, 0x52,0x22, 0x30,0x01, 0x90,0x09, 0xEF,0x00, 0x94,0x4B, 0xFF,0xFF,
 0xFF,0xFF, 0xFF,0xFF, 0xFF,0xEF, 0x92,0x22, 0x97,0x6C, 0xFF,0xF7, 0xFF,0xFF, 0xFF,0xFF, 0xFF,0xF7, 0xFF,0xF7, 0xFF,0xFF, 0xFF,0xFF,
 0xFF,0xFF, 0xFF,0xFF, 0xDD,0xBE, 0x12,0x1A, 0x0F,0x01, 0x4F,0x09, 0x4F,0x09, 0x4F,0x09, 0x2F,0x01, 0xDC,0xB6, 0xFF,0xFF, 0xFF,0xFF,
 0xFF,0xFF, 0x9E,0xCF, 0xB0,0x11, 0xEE,0x00, 0xEB,0x00, 0xA9,0x00, 0xA8,0x08, 0xA8,0x08, 0x46,0x00, 0x45,0x00, 0x45,0x00, 0x45,0x00,
 0x66,0x08, 0x87,0x08, 0x25,0x00, 0x46,0x00, 0x45,0x00, 0x46,0x00, 0x46,0x00, 0x46,0x00, 0x46,0x00, 0x45,0x00, 0x45,0x00, 0x45,0x00,
 0x45,0x00, 0x45,0x00, 0x45,0x00, 0x45,0x00, 0x45,0x00, 0x47,0x08, 0x47,0x08, 0x47,0x08, 0x47,0x08, 0x47,0x08, 0x46,0x08, 0x25,0x00,

 0xC9,0x00, 0x66,0x00, 0x46,0x00, 0x46,0x00, 0x25,0x00, 0x25,0x00, 0x25,0x00, 0x04,0x00, 0x8B,0x11, 0x09,0x09, 0x04,0x00, 0x45,0x00,
 0x45,0x00, 0x45,0x00, 0x45,0x00, 0x25,0x00, 0x45,0x00, 0x25,0x00, 0x25,0x00, 0x25,0x00, 0x25,0x00, 0x45,0x00, 0x45,0x00, 0x45,0x00,
 0x45,0x00, 0x25,0x00, 0x45,0x00, 0x25,0x00, 0x45,0x00, 0x46,0x00, 0x46,0x00, 0x46,0x00, 0xE9,0x08, 0xEA,0x08, 0xEA,0x00, 0x0B,0x09,
 0xCA,0x00, 0xEC,0x00, 0x4F,0x09, 0x70,0x09, 0xFD,0xBE, 0xFF,0xFF, 0xDF,0xF7, 0xFF,0xFF, 0x3E,0xBF, 0x13,0x12, 0xB3,0x09, 0x52,0x01,
 0xF5,0x32, 0xFF,0xEF, 0xFF,0xF7, 0xDF,0xF7, 0xFF,0xFF, 0x3B,0xA6, 0xEF,0x00, 0x4F,0x09, 0x2D,0x09, 0x0C,0x09, 0xA9,0x00, 0xAA,0x00,
 0xCB,0x00, 0xEB,0x08, 0xCC,0x00, 0x3B,0xA6, 0xFF,0xFF, 0xDF,0xF7, 0xFF,0xFF, 0xBB,0xB6, 0x78,0x85, 0xFF,0xFF, 0xBF,0xF7, 0xDF,0xF7,
 0xDF,0xFF, 0xDF,0xF7, 0xDF,0xFF, 0x7A,0x85, 0xCE,0x00, 0x90,0x09, 0xEE,0x00, 0x74,0x4B, 0xFF,0xF7, 0xFF,0xFF, 0xDF,0xF7, 0xDF,0xF7,
 0xDF,0xFF, 0xFF,0xFF, 0xFF,0xFF, 0xFF,0xFF, 0xFF,0xFF, 0xFF,0xFF, 0xFF,0xFF, 0xFF,0xFF, 0xDF,0xFF, 0xDF,0xFF, 0x18,0x8D, 0x8C,0x00,
 0x6E,0x09, 0xCC,0x00, 0x91,0x32, 0xFF,0xEF, 0xFF,0xFF, 0xDF,0xF7, 0xFF,0xF7, 0xFF,0xFF, 0xFF,0xFF, 0xFF,0xFF, 0xFF,0xFF, 0xFF,0xFF,
 0xFF,0xFF, 0xFF,0xFF, 0xFF,0xFF, 0xFF,0xFF, 0xFF,0xFF, 0x3D,0xCF, 0x6E,0x11, 0xEC,0x00, 0xEB,0x08, 0xCA,0x00, 0xCA,0x00, 0xEA,0x00,
 0xEB,0x00, 0xEB,0x08, 0xEB,0x00, 0xEC,0x00, 0xEC,0x00, 0xEC,0x00, 0xEC,0x00, 0xEB,0x00, 0xEB,0x00, 0xEB,0x00, 0xEB,0x00, 0x0C,0x01,
 0x2D,0x09, 0x4E,0x09, 0x70,0x09, 0x71,0x01, 0xBC,0xB6, 0xFF,0xFF, 0xDE,0xF7, 0xFF,0xFF, 0x9E,0xCF, 0x53,0x0A, 0x9C,0xAE, 0xFF,0xFF,
 0xDF,0xF7, 0xFF,0xFF, 0x39,0x7D, 0xCE,0x00, 0x4F,0x09, 0x4F,0x09, 0x4F,0x09, 0x4F,0x09, 0x50,0x01, 0x70,0x09, 0xFD,0xC6, 0xFF,0xFF,
 0xDF,0xF7, 0xFF,0xFF, 0x37,0x5C, 0x34,0x43, 0xFF,0xFF, 0xDF,0xF7, 0xDF,0xF7, 0xFF,0xFF, 0x78,0x5C, 0x11,0x01, 0x91,0x09, 0x91,0x09,
 0x50,0x01, 0x1B,0x9E, 0xFF,0xFF, 0xDE,0xF7, 0xFF,0xFF, 0xBE,0xDF, 0x32,0x1A, 0x51,0x01, 0x91,0x09, 0x0F,0x01, 0x74,0x43, 0xFF,0xF7,
 0xDE,0xF7, 0xFF,0xFF, 0xBE,0xE7, 0x3A,0xA6, 0xFF,0xF7, 0xFF,0xFF, 0xFF,0xFF, 0xFF,0xFF, 0xFF,0xFF, 0xFF,0xFF, 0xFF,0xF7, 0xFF,0xF7,
 0xFF,0xF7, 0xDF,0xF7, 0xFF,0xFF, 0x1B,0x9E, 0x0F,0x01, 0x70,0x09, 0x50,0x09, 0x70,0x09, 0x50,0x01, 0x9C,0xAE, 0xFF,0xFF, 0xDF,0xF7,
 0xFF,0xFF, 0x3D,0xC7, 0xD1,0x11, 0x2E,0x01, 0xEC,0x00, 0xA9,0x00, 0x88,0x00, 0x67,0x00, 0x66,0x00, 0x45,0x00, 0x67,0x08, 0x46,0x00,
 0x66,0x08, 0x67,0x08, 0x45,0x00, 0x45,0x00, 0x45,0x00, 0x45,0x00, 0x46,0x00, 0x46,0x00, 0x45,0x00, 0x45,0x00, 0x45,0x00, 0x45,0x00,
 0x45,0x00, 0x25,0x00, 0x25,0x00, 0x25,0x00, 0x45,0x00, 0x46,0x08, 0x47,0x08, 0x47,0x08, 0x47,0x08, 0x47,0x08, 0x46,0x08, 0x45,0x00,

 0x4D,0x01, 0xEA,0x00, 0x67,0x00, 0xEB,0x00, 0x89,0x08, 0x04,0x00, 0x25,0x00, 0x04,0x00, 0x8B,0x11, 0x0A,0x09, 0x04,0x00, 0x45,0x00,
 0x45,0x00, 0x45,0x00, 0x25,0x00, 0x45,0x00, 0x45,0x00, 0x25,0x00, 0x25,0x00, 0x25,0x00, 0x25,0x00, 0x25,0x00, 0x25,0x00, 0x25,0x00,
 0x25,0x00, 0x45,0x00, 0x45,0x00, 0x45,0x00, 0x45,0x00, 0x45,0x00, 0x46,0x00, 0x45,0x00, 0xC9,0x08, 0xEA,0x08, 0xEA,0x08, 0x0B,0x09,
 0xEB,0x00, 0x2D,0x09, 0x0F,0x01, 0x75,0x43, 0xFF,0xFF, 0xFF,0xFF, 0xDE,0xF7, 0xFF,0xFF, 0x39,0x75, 0x11,0x01, 0xB3,0x09, 0x92,0x09,
 0x71,0x01, 0xBC,0xB6, 0xFF,0xFF, 0xDF,0xF7, 0xFE,0xFF, 0xDF,0xDF, 0x93,0x22, 0x0F,0x01, 0x2E,0x09, 0x0D,0x09, 0xCA,0x00, 0xCA,0x00,
 0xEB,0x00, 0x0C,0x09, 0xED,0x00, 0x3B,0xA6, 0xFF,0xFF, 0xDF,0xF7, 0xFF,0xFF, 0xDE,0xE7, 0xFF,0xEF, 0xFF,0xFF, 0xFF,0xFF, 0xFF,0xF7,
 0xFF,0xEF, 0xFF,0xEF, 0xFF,0xFF, 0x19,0x7D, 0xF0,0x00, 0x71,0x09, 0xB1,0x11, 0x5D,0xC7, 0xFF,0xFF, 0xFF,0xF7, 0xFF,0xF7, 0xFF,0xFF,
 0xFF,0xFF, 0x5D,0xD7, 0x9C,0xB6, 0x5B,0xA6, 0x3B,0xA6, 0x7B,0xAE, 0xFC,0xBE, 0x9E,0xD7, 0xFF,0xEF, 0xFF,0xFF, 0xD7,0x7C, 0xAC,0x00,
 0x6F,0x09, 0xAC,0x00, 0x78,0x8D, 0xFF,0xFF, 0xDF,0xF7, 0xFF,0xF7, 0xFF,0xFF, 0x9E,0xDF, 0xFB,0x9D, 0x79,0x85, 0x39,0x85, 0x39,0x7D,
 0x99,0x8D, 0xFA,0x95, 0x9C,0xB6, 0x5D,0xCF, 0xFF,0xEF, 0x1D,0xBF, 0x2D,0x01, 0x0C,0x01, 0x0B,0x09, 0xEB,0x00, 0xCB,0x00, 0xEC,0x00,
 0xEC,0x00, 0xED,0x00, 0xED,0x00, 0xED,0x00, 0xED,0x00, 0xED,0x00, 0xED,0x00, 0xED,0x00, 0xEC,0x00, 0xCC,0x00, 0xCC,0x00, 0xEC,0x00,
 0x2E,0x01, 0x4F,0x01, 0x71,0x09, 0x72,0x01, 0xBC,0xAE, 0xFF,0xFF, 0xDE,0xF7, 0xFF,0xFF, 0xBE,0xDF, 0x14,0x02, 0x18,0x4C, 0xFF,0xFF,
 0xDF,0xF7, 0xFF,0xFF, 0x5E,0xCF, 0x90,0x09, 0x30,0x01, 0x70,0x09, 0x70,0x09, 0x90,0x09, 0x10,0x01, 0x55,0x3B, 0xFF,0xEF, 0xFF,0xF7,
 0xFF,0xFF, 0xDF,0xE7, 0xF3,0x09, 0x96,0x4B, 0xFF,0xFF, 0xDF,0xF7, 0xDF,0xF7, 0xFF,0xFF, 0x78,0x64, 0x11,0x01, 0x91,0x09, 0x91,0x09,
 0x31,0x01, 0x1B,0xA6, 0xFF,0xFF, 0xDF,0xF7, 0xFF,0xFF, 0xBE,0xDF, 0x32,0x1A, 0x51,0x09, 0x92,0x11, 0x30,0x01, 0x74,0x43, 0xFF,0xF7,
 0xFF,0xF7, 0xFF,0xF7, 0xFF,0xF7, 0xFF,0xFF, 0xFF,0xFF, 0xFF,0xEF, 0x3D,0xCF, 0x7B,0xB6, 0x5B,0xAE, 0xDC,0xBE, 0xFF,0xEF, 0xFF,0xFF,
 0xFF,0xF7, 0xFF,0xF7, 0xFF,0xF7, 0xFF,0xE7, 0x72,0x2A, 0x30,0x01, 0x70,0x09, 0x71,0x09, 0x50,0x01, 0x9C,0xAE, 0xFF,0xFF, 0xDE,0xF7,
 0xFF,0xFF, 0x5D,0xC7, 0xD1,0x11, 0x2F,0x09, 0xEC,0x08, 0xA9,0x00, 0x88,0x00, 0x46,0x00, 0x86,0x08, 0xC8,0x10, 0xA9,0x08, 0x46,0x00,
 0x66,0x08, 0x66,0x08, 0x45,0x00, 0x45,0x00, 0x45,0x00, 0x46,0x00, 0x46,0x00, 0x46,0x00, 0x46,0x00, 0x46,0x00, 0x45,0x00, 0x46,0x00,
 0x45,0x00, 0x45,0x00, 0x45,0x00, 0x45,0x00, 0x45,0x00, 0x46,0x08, 0x47,0x08, 0x47,0x08, 0x46,0x08, 0x46,0x08, 0x46,0x08, 0x45,0x00,

 0x8E,0x09, 0x6D,0x09, 0xEA,0x00, 0xEC,0x08, 0x68,0x08, 0x25,0x00, 0x45,0x00, 0x04,0x00, 0x8B,0x11, 0x29,0x09, 0x04,0x00, 0x45,0x00,
 0x25,0x00, 0x25,0x00, 0x45,0x00, 0x45,0x00, 0x45,0x00, 0x25,0x00, 0x25,0x00, 0x25,0x00, 0x45,0x00, 0x25,0x00, 0x25,0x00, 0x45,0x00,
 0x25,0x00, 0x45,0x00, 0x45,0x00, 0x45,0x00, 0x45,0x00, 0x45,0x00, 0x66,0x00, 0x45,0x00, 0xA9,0x08, 0xEA,0x08, 0xEB,0x08, 0x0C,0x09,
 0x0C,0x09, 0x4E,0x09, 0x50,0x01, 0xDA,0x9D, 0xFF,0xFF, 0xDE,0xF7, 0xFF,0xFF, 0xFF,0xE7, 0xD4,0x2A, 0x32,0x01, 0x93,0x09, 0x92,0x09,
 0xF0,0x00, 0x57,0x6C, 0xFF,0xFF, 0xDF,0xF7, 0xDE,0xF7, 0xFF,0xFF, 0x19,0x7D, 0x10,0x01, 0x4F,0x09, 0x2E,0x09, 0xCB,0x00, 0xCB,0x00,
 0xEC,0x00, 0x0D,0x09, 0x0E,0x01, 0x3B,0x9E, 0xFF,0xFF, 0xDF,0xF7, 0xFF,0xF7, 0xFF,0xFF, 0xFF,0xFF, 0xBE,0xDF, 0x38,0x7D, 0x74,0x43,
 0xD2,0x32, 0xD2,0x32, 0x74,0x4B, 0x93,0x2A, 0x51,0x01, 0x11,0x01, 0x17,0x54, 0xFF,0xF7, 0xFF,0xF7, 0xFF,0xF7, 0xFF,0xF7, 0x9E,0xD7,
 0xB5,0x4B, 0x91,0x09, 0x30,0x01, 0xEF,0x00, 0xCE,0x00, 0xEE,0x00, 0x2E,0x01, 0xAF,0x11, 0x70,0x2A, 0xB4,0x53, 0xB2,0x32, 0xED,0x00,
 0x6F,0x09, 0x2E,0x01, 0xBC,0xAE, 0xFF,0xFF, 0xDE,0xF7, 0xFF,0xFF, 0x9E,0xD7, 0x94,0x22, 0xF1,0x00, 0xF1,0x00, 0xD1,0x00, 0xD0,0x00,
 0xD0,0x00, 0xF0,0x00, 0x30,0x01, 0xB0,0x11, 0x51,0x22, 0x71,0x2A, 0x0D,0x01, 0x0C,0x01, 0x0C,0x09, 0x0C,0x09, 0x8E,0x11, 0xAE,0x19,
 0xAF,0x19, 0xB0,0x19, 0xB0,0x19, 0xB0,0x19, 0xB0,0x19, 0xB0,0x11, 0xAF,0x11, 0xAF,0x11, 0xAF,0x19, 0xAF,0x11, 0x8E,0x11, 0xAF,0x11,
 0x4F,0x09, 0x50,0x01, 0x71,0x09, 0x72,0x01, 0xBC,0xAE, 0xFF,0xFF, 0xFE,0xEF, 0xFF,0xFF, 0xBE,0xDF, 0x55,0x12, 0xD4,0x09, 0x5E,0xCF,
 0xFF,0xFF, 0xDF,0xEF, 0xFF,0xF7, 0xB5,0x4B, 0x10,0x01, 0x92,0x09, 0x91,0x09, 0x91,0x09, 0x10,0x01, 0xFB,0x95, 0xFF,0xFF, 0xDF,0xEF,
 0xFF,0xFF, 0xFB,0x8D, 0xD2,0x00, 0xF7,0x53, 0xFF,0xFF, 0xDF,0xF7, 0xDE,0xF7, 0xFF,0xFF, 0x78,0x5C, 0x11,0x01, 0x91,0x09, 0x91,0x09,
 0x31,0x01, 0x3B,0xA6, 0xFF,0xFF, 0xDF,0xF7, 0xFF,0xFF, 0xBE,0xDF, 0x32,0x1A, 0x52,0x01, 0xB2,0x09, 0x31,0x01, 0x75,0x43, 0xFF,0xF7,
 0xFF,0xF7, 0xFF,0xF7, 0xFF,0xFF, 0xFF,0xFF, 0x9B,0xAE, 0xD3,0x32, 0x70,0x09, 0x30,0x01, 0x50,0x01, 0x50,0x01, 0x34,0x3B, 0x7E,0xD7,
 0xFF,0xFF, 0xFF,0xF7, 0xDF,0xF7, 0xFF,0xFF, 0xF6,0x53, 0xF0,0x00, 0x91,0x09, 0x91,0x09, 0x50,0x01, 0x7C,0xAE, 0xFF,0xFF, 0xDF,0xEF,
 0xFF,0xF7, 0x5D,0xC7, 0xB1,0x11, 0xEE,0x00, 0xEC,0x00, 0xAA,0x00, 0x88,0x00, 0x66,0x00, 0x45,0x00, 0x87,0x08, 0x67,0x08, 0x45,0x00,
 0x66,0x08, 0x66,0x00, 0x45,0x00, 0x45,0x00, 0x45,0x00, 0x45,0x00, 0x45,0x00, 0x45,0x00, 0x45,0x00, 0x46,0x00, 0x45,0x00, 0x45,0x00,
 0x45,0x00, 0x45,0x00, 0x45,0x00, 0x45,0x00, 0x45,0x00, 0x46,0x08, 0x46,0x08, 0x46,0x08, 0x66,0x08, 0x67,0x08, 0x46,0x08, 0x45,0x00,

 0x8E,0x09, 0x8E,0x11, 0x4D,0x11, 0x47,0x00, 0x25,0x00, 0x25,0x00, 0x45,0x00, 0x04,0x00, 0x8B,0x11, 0x29,0x09, 0x04,0x00, 0x45,0x00,
 0x25,0x00, 0x25,0x00, 0x25,0x00, 0x25,0x00, 0x25,0x00, 0x25,0x00, 0x26,0x00, 0x26,0x00, 0x45,0x00, 0x25,0x00, 0x25,0x00, 0x25,0x00,
 0x25,0x00, 0x45,0x00, 0x25,0x00, 0x45,0x00, 0x45,0x00, 0x45,0x00, 0x66,0x00, 0x45,0x00, 0xA8,0x08, 0xEA,0x08, 0xEB,0x08, 0x0D,0x09,
 0x2D,0x09, 0x0F,0x01, 0x73,0x22, 0xBF,0xE7, 0xFF,0xFF, 0xDF,0xF7, 0xFF,0xFF, 0xDD,0xBE, 0x72,0x01, 0x73,0x01, 0x92,0x09, 0x92,0x09,
 0x31,0x01, 0x73,0x22, 0xDF,0xE7, 0xFF,0xFF, 0xFF,0xF7, 0xFF,0xFF, 0x5E,0xCF, 0xB2,0x11, 0x2F,0x01, 0x4F,0x09, 0xEC,0x00, 0xEC,0x00,
 0x0D,0x01, 0x2E,0x09, 0x0E,0x01, 0x3B,0x9E, 0xFF,0xFF, 0xFF,0xEF, 0xFF,0xF7, 0xFF,0xFF, 0x7E,0xD7, 0xB3,0x32, 0xAF,0x00, 0xCE,0x00,
 0xCD,0x00, 0xCD,0x00, 0xCE,0x00, 0x30,0x01, 0x71,0x09, 0x10,0x01, 0xDA,0x95, 0xFF,0xFF, 0xFF,0xEF, 0xFF,0xEF, 0xFF,0xF7, 0x15,0x5C,
 0x6E,0x00, 0x51,0x01, 0x2F,0x01, 0x2E,0x09, 0x0D,0x09, 0x0D,0x01, 0xED,0x00, 0xCC,0x00, 0xAC,0x00, 0x8B,0x00, 0xCC,0x00, 0x2D,0x09,
 0x2E,0x01, 0x6F,0x09, 0x1D,0xBF, 0xFF,0xFF, 0xDE,0xF7, 0xFF,0xFF, 0x9C,0xAE, 0x32,0x01, 0xB3,0x09, 0x93,0x09, 0x92,0x09, 0x92,0x09,
 0x71,0x09, 0x71,0x09, 0x50,0x09, 0x2F,0x01, 0xEE,0x00, 0xED,0x00, 0x2D,0x09, 0x0C,0x09, 0x2C,0x09, 0xEC,0x00, 0x1A,0x96, 0x9E,0xDF,
 0x7E,0xD7, 0x7E,0xD7, 0x7E,0xCF, 0x7E,0xCF, 0x7E,0xCF, 0x7E,0xCF, 0x7E,0xCF, 0x7E,0xCF, 0x7E,0xCF, 0x7E,0xCF, 0x9E,0xD7, 0xDC,0xAE,
 0x4F,0x09, 0x30,0x01, 0x71,0x09, 0x71,0x01, 0xBC,0xAE, 0xFF,0xFF, 0xDE,0xF7, 0xFF,0xFF, 0xBE,0xDF, 0x75,0x12, 0xF2,0x00, 0x59,0x7D,
 0xFF,0xFF, 0xDF,0xEF, 0xFF,0xFF, 0x5B,0xA6, 0x71,0x01, 0x92,0x09, 0x92,0x09, 0x51,0x01, 0x32,0x22, 0xDF,0xDF, 0xFF,0xF7, 0xFF,0xF7,
 0xFF,0xE7, 0x56,0x33, 0xB2,0x00, 0xF7,0x5B, 0xFF,0xFF, 0xDF,0xF7, 0xDF,0xF7, 0xFF,0xFF, 0x78,0x5C, 0x11,0x01, 0x91,0x09, 0x91,0x09,
 0x31,0x01, 0x3B,0xA6, 0xFF,0xFF, 0xDF,0xF7, 0xFF,0xFF, 0xBE,0xDF, 0x33,0x1A, 0x52,0x01, 0xB2,0x09, 0x31,0x01, 0x75,0x43, 0xFF,0xF7,
 0xFF,0xF7, 0xFF,0xF7, 0xFF,0xFF, 0x3D,0xC7, 0xD2,0x11, 0xEF,0x00, 0x50,0x09, 0x50,0x09, 0x70,0x09, 0x71,0x09, 0xD0,0x00, 0x77,0x64,
 0xFF,0xFF, 0xDF,0xF7, 0xDF,0xF7, 0xFF,0xFF, 0xD8,0x74, 0x10,0x01, 0x91,0x09, 0x92,0x09, 0x51,0x01, 0x7C,0xAE, 0xFF,0xFF, 0xDF,0xEF,
 0xFF,0xF7, 0x3E,0xC7, 0xD1,0x11, 0x2F,0x01, 0xEC,0x00, 0xAA,0x00, 0x88,0x00, 0x66,0x00, 0x25,0x00, 0x05,0x00, 0x87,0x08, 0x66,0x00,
 0x46,0x00, 0x46,0x00, 0x45,0x00, 0x45,0x08, 0x46,0x00, 0x45,0x00, 0x45,0x00, 0x45,0x00, 0x45,0x00, 0x45,0x00, 0x45,0x00, 0x45,0x00,
 0x45,0x00, 0x45,0x00, 0x45,0x00, 0x45,0x00, 0x45,0x00, 0x46,0x08, 0x66,0x08, 0x66,0x08, 0x66,0x08, 0x67,0x10, 0x46,0x08, 0x46,0x00,

 0x8F,0x11, 0x4D,0x11, 0x47,0x00, 0x24,0x00, 0x25,0x00, 0x25,0x00, 0x45,0x00, 0x04,0x00, 0x8B,0x11, 0x2A,0x09, 0x04,0x00, 0x45,0x00,
 0x25,0x00, 0x45,0x00, 0x25,0x00, 0x45,0x00, 0x45,0x00, 0x24,0x00, 0xCA,0x08, 0xB0,0x21, 0x25,0x00, 0x45,0x00, 0x25,0x00, 0x25,0x00,
 0x25,0x00, 0x25,0x00, 0x45,0x00, 0x45,0x00, 0x45,0x00, 0x45,0x00, 0x66,0x00, 0x46,0x00, 0x88,0x00, 0xEB,0x08, 0xEC,0x08, 0x2D,0x09,
 0x6E,0x09, 0xCE,0x00, 0x57,0x6C, 0xFF,0xFF, 0xDF,0xF7, 0xDF,0xF7, 0xFF,0xFF, 0xF9,0x6C, 0x53,0x01, 0x93,0x09, 0x93,0x09, 0x92,0x09,
 0x92,0x09, 0x72,0x01, 0x3B,0xA6, 0xFF,0xFF, 0xDF,0xF7, 0xDF,0xF7, 0xFF,0xFF, 0x95,0x4B, 0xEF,0x00, 0x70,0x09, 0x0D,0x09, 0x0C,0x01,
 0x2E,0x09, 0x2E,0x09, 0x0F,0x01, 0x5B,0x9E, 0xFF,0xFF, 0xDF,0xEF, 0xDF,0xF7, 0xFF,0xFF, 0x36,0x5C, 0xAF,0x00, 0x91,0x09, 0x4F,0x09,
 0x2E,0x09, 0x2E,0x09, 0x4E,0x09, 0x4F,0x09, 0x50,0x01, 0x50,0x01, 0xBC,0xB6, 0xFF,0xFF, 0xFF,0xF7, 0xFF,0xF7, 0xDF,0xDF, 0x32,0x22,
 0x0F,0x01, 0x70,0x09, 0x2E,0x01, 0x0D,0x01, 0x0C,0x01, 0xEC,0x00, 0xEB,0x00, 0xEB,0x00, 0xEB,0x00, 0x0B,0x09, 0xEB,0x00, 0x0C,0x01,
 0x2E,0x09, 0x4E,0x01, 0xDC,0xB6, 0xFF,0xFF, 0xDF,0xF7, 0xFF,0xFF, 0x9E,0xD7, 0x94,0x1A, 0xF1,0x00, 0x11,0x01, 0x11,0x01, 0x12,0x01,
 0x52,0x01, 0x72,0x01, 0x72,0x09, 0x91,0x09, 0x6F,0x09, 0x4E,0x09, 0x2D,0x09, 0x2D,0x09, 0x2D,0x09, 0x0D,0x01, 0x7B,0xA6, 0xFF,0xFF,
 0xFF,0xF7, 0xFF,0xFF, 0xFF,0xF7, 0xFF,0xF7, 0xFF,0xF7, 0xFF,0xF7, 0xFF,0xF7, 0xFF,0xF7, 0xFF,0xF7, 0xFF,0xF7, 0xFF,0xFF, 0x1D,0xBF,
 0x2E,0x09, 0x30,0x09, 0x71,0x09, 0x71,0x01, 0xBC,0xAE, 0xFF,0xFF, 0xDE,0xF7, 0xFF,0xFF, 0xBE,0xDF, 0x54,0x12, 0xF2,0x00, 0x15,0x33,
 0xFF,0xE7, 0xFF,0xF7, 0xFF,0xF7, 0xFF,0xEF, 0xF5,0x32, 0x52,0x01, 0xB3,0x11, 0x11,0x01, 0x97,0x6C, 0xFF,0xFF, 0xDF,0xEF, 0xFF,0xFF,
 0xBC,0xAE, 0x92,0x09, 0x13,0x01, 0x17,0x5C, 0xFF,0xFF, 0xDF,0xEF, 0xDF,0xF7, 0xFF,0xF7, 0x98,0x5C, 0xF1,0x00, 0x91,0x09, 0x91,0x09,
 0x31,0x01, 0x3B,0xA6, 0xFF,0xFF, 0xDF,0xF7, 0xFF,0xFF, 0xBE,0xDF, 0x33,0x1A, 0x53,0x01, 0x93,0x09, 0x31,0x01, 0x75,0x43, 0xFF,0xF7,
 0xFF,0xF7, 0xDF,0xF7, 0xFF,0xFF, 0x39,0x7D, 0x11,0x01, 0x91,0x09, 0x4F,0x09, 0x4F,0x09, 0x4F,0x09, 0x70,0x09, 0x31,0x01, 0xF4,0x3A,
 0xFF,0xEF, 0xFF,0xF7, 0xDF,0xF7, 0xFF,0xFF, 0x18,0x7D, 0x11,0x01, 0x92,0x09, 0x92,0x09, 0x51,0x01, 0x9C,0xAE, 0xFF,0xFF, 0xDF,0xEF,
 0xFF,0xF7, 0x5E,0xC7, 0xB1,0x11, 0x0E,0x01, 0xEB,0x00, 0xAA,0x00, 0x88,0x00, 0x66,0x00, 0x67,0x00, 0xC8,0x00, 0x87,0x00, 0xA7,0x08,
 0x87,0x08, 0x45,0x00, 0x45,0x00, 0x45,0x00, 0x45,0x00, 0x45,0x00, 0x25,0x00, 0x25,0x00, 0x25,0x00, 0x45,0x00, 0x45,0x00, 0x25,0x00,
 0x45,0x00, 0x45,0x00, 0x45,0x00, 0x45,0x00, 0x25,0x00, 0x46,0x08, 0x46,0x08, 0x46,0x08, 0x46,0x08, 0x46,0x08, 0x46,0x08, 0x45,0x00,

 0x6E,0x19, 0x47,0x00, 0x25,0x00, 0x25,0x00, 0x25,0x00, 0x25,0x00, 0x45,0x00, 0x04,0x00, 0xAB,0x11, 0x2A,0x09, 0x04,0x00, 0x45,0x00,
 0x45,0x00, 0x45,0x00, 0x25,0x00, 0x45,0x00, 0x45,0x00, 0x25,0x00, 0x67,0x00, 0xAA,0x08, 0x25,0x00, 0x25,0x00, 0x45,0x00, 0x45,0x00,
 0x25,0x00, 0x25,0x00, 0x25,0x00, 0x45,0x00, 0x45,0x00, 0x25,0x00, 0x46,0x00, 0x46,0x00, 0x88,0x00, 0xEB,0x08, 0x0C,0x09, 0x2E,0x09,
 0x4F,0x09, 0x2F,0x01, 0xBC,0xAE, 0xFF,0xFF, 0xDF,0xF7, 0xFF,0xFF, 0xDF,0xDF, 0xB5,0x22, 0x74,0x01, 0x93,0x09, 0x93,0x09, 0x93,0x09,
 0x93,0x09, 0x53,0x01, 0xD7,0x4B, 0xFF,0xFF, 0xFF,0xF7, 0xDF,0xF7, 0xFF,0xFF, 0x1B,0x9E, 0x0F,0x01, 0x70,0x09, 0x2E,0x09, 0x0D,0x09,
 0x2E,0x09, 0x4F,0x09, 0x0F,0x01, 0x5B,0x9E, 0xFF,0xFF, 0xDF,0xEF, 0xFF,0xF7, 0xFF,0xEF, 0x93,0x2A, 0xF0,0x00, 0x4F,0x09, 0x0E,0x01,
 0x0D,0x01, 0xEC,0x00, 0x0D,0x01, 0x2E,0x01, 0x2F,0x01, 0x70,0x09, 0x3D,0xC7, 0xFF,0xFF, 0xDF,0xF7, 0xFF,0xFF, 0x7E,0xCF, 0xB1,0x11,
 0x0F,0x01, 0x2E,0x09, 0xED,0x00, 0xEB,0x00, 0xCA,0x00, 0xAA,0x00, 0xAA,0x00, 0xA9,0x00, 0xCA,0x00, 0xCA,0x00, 0xCA,0x00, 0xEB,0x00,
 0x2D,0x09, 0xCC,0x00, 0x3A,0xA6, 0xFF,0xFF, 0xDF,0xF7, 0xFF,0xF7, 0xFF,0xF7, 0x5E,0xC7, 0x7A,0x7D, 0x78,0x5C, 0xD6,0x4B, 0x35,0x33,
 0x94,0x22, 0xF3,0x11, 0x71,0x01, 0x10,0x01, 0xEF,0x00, 0x4F,0x09, 0x4E,0x09, 0x2E,0x09, 0x4E,0x09, 0x0D,0x01, 0x9B,0xA6, 0xFF,0xFF,
 0xFF,0xF7, 0xFF,0xFF, 0xFF,0xFF, 0xFF,0xF7, 0xFF,0xF7, 0xFF,0xF7, 0xFF,0xF7, 0xFF,0xF7, 0xFF,0xFF, 0xFF,0xF7, 0xFF,0xFF, 0x3D,0xC7,
 0x0E,0x01, 0x30,0x09, 0x71,0x09, 0x71,0x01, 0xBC,0xAE, 0xFF,0xFF, 0xDE,0xF7, 0xFF,0xFF, 0xBE,0xD7, 0x34,0x12, 0x33,0x01, 0x73,0x01,
 0x9C,0xAE, 0xFF,0xFF, 0xDF,0xEF, 0xFF,0xFF, 0x59,0x85, 0x32,0x01, 0x93,0x09, 0x92,0x09, 0xFD,0xBE, 0xFF,0xFF, 0xDF,0xF7, 0xFF,0xFF,
 0x57,0x64, 0x12,0x01, 0x33,0x01, 0x17,0x5C, 0xFF,0xFF, 0xDF,0xEF, 0xDF,0xEF, 0xFF,0xF7, 0x98,0x5C, 0x11,0x01, 0x91,0x09, 0x92,0x09,
 0x31,0x01, 0x3B,0xA6, 0xFF,0xFF, 0xDF,0xF7, 0xFF,0xFF, 0xBE,0xDF, 0x33,0x1A, 0x52,0x01, 0xB3,0x09, 0x31,0x01, 0x75,0x43, 0xFF,0xEF,
 0xFF,0xF7, 0xDF,0xEF, 0xFF,0xF7, 0xB8,0x6C, 0x10,0x01, 0x70,0x09, 0x4F,0x09, 0x4E,0x09, 0x4F,0x09, 0x70,0x09, 0x30,0x01, 0xF4,0x32,
 0xFF,0xEF, 0xFF,0xF7, 0xDF,0xF7, 0xFF,0xFF, 0x18,0x7D, 0x11,0x01, 0x92,0x09, 0x92,0x09, 0x51,0x01, 0x9C,0xAE, 0xFF,0xFF, 0xDF,0xEF,
 0xFF,0xF7, 0x5E,0xC7, 0xB0,0x09, 0xEE,0x00, 0xEB,0x00, 0xA9,0x00, 0x88,0x00, 0x46,0x00, 0x87,0x00, 0x2A,0x09, 0x67,0x00, 0x25,0x00,
 0xA8,0x08, 0x88,0x08, 0xA8,0x08, 0xA8,0x08, 0xA8,0x08, 0xA8,0x08, 0xA8,0x08, 0xC9,0x08, 0xC9,0x08, 0xC9,0x08, 0xE9,0x08, 0xE9,0x08,
 0xE9,0x08, 0xE9,0x08, 0xE9,0x08, 0xEA,0x08, 0x0A,0x09, 0xEA,0x08, 0x0A,0x09, 0x0A,0x09, 0xEA,0x08, 0xEA,0x08, 0xEA,0x08, 0xC9,0x08,

 0x46,0x00, 0x04,0x00, 0x25,0x00, 0x25,0x00, 0x25,0x00, 0x25,0x00, 0x45,0x00, 0x04,0x00, 0xAB,0x11, 0x2A,0x09, 0x04,0x00, 0x45,0x00,
 0x45,0x00, 0x45,0x00, 0x45,0x00, 0x25,0x00, 0x45,0x00, 0x45,0x00, 0x24,0x00, 0x24,0x00, 0x25,0x00, 0x45,0x00, 0x45,0x00, 0x45,0x00,
 0x45,0x00, 0x25,0x00, 0x25,0x00, 0x25,0x00, 0x25,0x00, 0x45,0x00, 0x46,0x00, 0x66,0x00, 0x88,0x00, 0xEB,0x08, 0x0D,0x09, 0x4F,0x09,
 0x0F,0x01, 0xF3,0x32, 0xFF,0xE7, 0xFF,0xF7, 0xFF,0xEF, 0xFF,0xFF, 0xBA,0x8D, 0xF1,0x00, 0x52,0x01, 0x32,0x01, 0x12,0x01, 0x32,0x01,
 0x32,0x01, 0x53,0x01, 0x72,0x01, 0xFD,0xBE, 0xFF,0xFF, 0xFF,0xEF, 0xFF,0xF7, 0xBF,0xD7, 0x53,0x1A, 0x50,0x01, 0x6F,0x09, 0x2E,0x09,
 0x4F,0x09, 0x50,0x09, 0x0F,0x01, 0x3B,0x9E, 0xFF,0xFF, 0xDF,0xEF, 0xFF,0xF7, 0xFF,0xE7, 0x93,0x2A, 0xEF,0x00, 0x2E,0x09, 0x0C,0x01,
 0xEB,0x00, 0xEB,0x00, 0xEC,0x00, 0x0D,0x01, 0x0E,0x01, 0x8F,0x09, 0x5E,0xC7, 0xFF,0xFF, 0xDF,0xEF, 0xFF,0xF7, 0x3D,0xBF, 0x71,0x09,
 0x0F,0x01, 0x0E,0x01, 0xEC,0x00, 0xCA,0x00, 0xA9,0x00, 0x88,0x00, 0x88,0x00, 0x88,0x00, 0xA8,0x00, 0xA9,0x00, 0xC9,0x00, 0xCA,0x00,
 0x2C,0x09, 0xAC,0x00, 0x35,0x6C, 0xFF,0xFF, 0xDF,0xF7, 0xFF,0xF7, 0xFF,0xEF, 0xFF,0xF7, 0xFF,0xFF, 0xFF,0xF7, 0xFF,0xF7, 0xFF,0xEF,
 0xFF,0xE7, 0x7E,0xD7, 0xDC,0xAE, 0x9A,0x85, 0x54,0x3B, 0x0F,0x01, 0x2F,0x01, 0x4F,0x09, 0x4E,0x09, 0x0E,0x01, 0x99,0x7D, 0xFC,0xB6,
 0xDC,0xAE, 0xFC,0xB6, 0xFC,0xB6, 0xFC,0xBE, 0x1C,0xBF, 0x1C,0xBF, 0x1C,0xB7, 0x1C,0xB7, 0x1C,0xB7, 0xFC,0xB6, 0x1C,0xBF, 0x3A,0x96,
 0x4F,0x09, 0x2F,0x01, 0x71,0x09, 0x71,0x01, 0xBC,0xAE, 0xFF,0xFF, 0xDE,0xEF, 0xFF,0xF7, 0xBE,0xCF, 0x34,0x12, 0x53,0x01, 0x33,0x01,
 0x37,0x5C, 0xFF,0xFF, 0xDF,0xF7, 0xFF,0xFF, 0x7E,0xCF, 0xF1,0x11, 0xF1,0x00, 0x96,0x43, 0xFF,0xEF, 0xDE,0xF7, 0xFF,0xF7, 0xBF,0xD7,
 0x54,0x1A, 0x73,0x09, 0x32,0x01, 0x17,0x5C, 0xFF,0xFF, 0xDF,0xEF, 0xDF,0xEF, 0xFF,0xF7, 0x78,0x5C, 0xF1,0x00, 0x92,0x09, 0x92,0x09,
 0x31,0x01, 0x3C,0x9E, 0xFF,0xFF, 0xDF,0xEF, 0xFF,0xF7, 0xBE,0xDF, 0x12,0x1A, 0x52,0x01, 0xB3,0x09, 0x31,0x01, 0x75,0x43, 0xFF,0xEF,
 0xDF,0xEF, 0xDF,0xEF, 0xFF,0xF7, 0x97,0x64, 0xF0,0x00, 0x6F,0x09, 0x2E,0x09, 0x2E,0x09, 0x2E,0x09, 0x4F,0x09, 0x10,0x01, 0xF4,0x32,
 0xFF,0xEF, 0xFF,0xF7, 0xDF,0xEF, 0xFF,0xFF, 0x18,0x7D, 0x11,0x01, 0x92,0x09, 0x92,0x09, 0x51,0x09, 0x9C,0xAE, 0xFF,0xFF, 0xDF,0xEF,
 0xFF,0xF7, 0x5D,0xC7, 0xB0,0x11, 0x0E,0x01, 0xEB,0x08, 0xA9,0x00, 0xA8,0x00, 0x67,0x00, 0x25,0x00, 0x67,0x00, 0xA8,0x08, 0x46,0x00,
 0x46,0x00, 0x46,0x00, 0x46,0x00, 0x46,0x00, 0x46,0x00, 0x46,0x00, 0x46,0x00, 0x46,0x00, 0x46,0x00, 0x46,0x00, 0x46,0x00, 0x46,0x00,
 0x66,0x00, 0x66,0x00, 0x46,0x00, 0x66,0x00, 0x66,0x00, 0x46,0x00, 0x46,0x00, 0x46,0x00, 0x67,0x08, 0x67,0x08, 0x68,0x08, 0x46,0x00,

 0x24,0x00, 0x25,0x00, 0x24,0x00, 0x24,0x00, 0x24,0x00, 0x25,0x00, 0x45,0x00, 0x03,0x00, 0xAB,0x11, 0x29,0x09, 0x04,0x00, 0x45,0x00,
 0x45,0x00, 0x25,0x00, 0x25,0x00, 0x25,0x00, 0x25,0x00, 0x25,0x00, 0x45,0x00, 0x45,0x00, 0x45,0x00, 0x25,0x00, 0x45,0x00, 0x45,0x00,
 0x45,0x00, 0x45,0x00, 0x45,0x00, 0x45,0x00, 0x45,0x00, 0x66,0x00, 0x88,0x00, 0x67,0x00, 0x88,0x00, 0xEC,0x08, 0x2D,0x09, 0x4F,0x09,
 0xEF,0x00, 0x79,0x85, 0xFF,0xF7, 0xDF,0xEF, 0xFF,0xEF, 0xFF,0xEF, 0xFC,0xB6, 0x1B,0x9E, 0x3B,0x9E, 0x1B,0x96, 0xFA,0x95, 0x1B,0x96,
 0x1B,0x96, 0x3C,0x9E, 0x1B,0x96, 0x5D,0xC7, 0xFF,0xF7, 0xFF,0xEF, 0xDF,0xEF, 0xFF,0xF7, 0xB8,0x64, 0xF0,0x00, 0x90,0x09, 0x4F,0x09,
 0x50,0x09, 0x70,0x09, 0x30,0x01, 0x5B,0x9E, 0xFF,0xF7, 0xDF,0xE7, 0xFF,0xEF, 0xFF,0xDF, 0x73,0x22, 0xCF,0x00, 0x0D,0x09, 0xEB,0x00,
 0xCA,0x00, 0xCA,0x00, 0xCB,0x00, 0x0C,0x01, 0xED,0x00, 0x8F,0x09, 0x7E,0xC7, 0xFF,0xF7, 0xDF,0xEF, 0xFF,0xF7, 0xFD,0xBE, 0x71,0x01,
 0x0F,0x01, 0x0D,0x01, 0xCB,0x00, 0xA9,0x00, 0xA8,0x00, 0x88,0x00, 0x88,0x00, 0x88,0x00, 0x88,0x00, 0xA8,0x00, 0xA9,0x00, 0xCA,0x00,
 0x0B,0x01, 0x0D,0x01, 0x6E,0x09, 0x3B,0xA6, 0xFF,0xFF, 0xFF,0xF7, 0xFF,0xF7, 0xFF,0xF7, 0xDF,0xF7, 0xDF,0xEF, 0xDF,0xEF, 0xDF,0xEF,
 0xFF,0xF7, 0xFF,0xF7, 0xFF,0xF7, 0xFF,0xF7, 0xFF,0xE7, 0x99,0x8D, 0x4F,0x01, 0x4F,0x01, 0x2E,0x01, 0x2D,0x01, 0x2D,0x01, 0x2C,0x01,
 0x2D,0x01, 0x2E,0x01, 0x4E,0x09, 0x6F,0x09, 0x6F,0x09, 0x8F,0x09, 0x6F,0x09, 0x6E,0x09, 0x4E,0x09, 0x4D,0x09, 0x4D,0x09, 0x4E,0x09,
 0x4E,0x09, 0x4F,0x09, 0x50,0x09, 0x71,0x01, 0xBC,0xAE, 0xFF,0xFF, 0xDE,0xEF, 0xFF,0xF7, 0xBE,0xCF, 0x34,0x12, 0x32,0x01, 0x73,0x01,
 0x33,0x1A, 0x9E,0xD7, 0xFF,0xF7, 0xDF,0xEF, 0xFF,0xF7, 0xF6,0x53, 0xAE,0x00, 0x5C,0x9E, 0xFF,0xF7, 0xDE,0xEF, 0xFF,0xFF, 0xFB,0x8D,
 0x53,0x01, 0xB4,0x09, 0x12,0x01, 0x37,0x5C, 0xFF,0xF7, 0xDF,0xEF, 0xDF,0xEF, 0xFF,0xEF, 0x78,0x5C, 0xF1,0x00, 0x92,0x09, 0x92,0x09,
 0x31,0x01, 0x3B,0x9E, 0xFF,0xFF, 0xDF,0xEF, 0xFF,0xF7, 0xBE,0xD7, 0x13,0x1A, 0x52,0x01, 0xB3,0x09, 0x31,0x01, 0x95,0x43, 0xFF,0xEF,
 0xFF,0xEF, 0xDF,0xE7, 0xFF,0xEF, 0x97,0x64, 0xEF,0x00, 0x4F,0x09, 0x2D,0x09, 0x2D,0x09, 0x2D,0x09, 0x4F,0x09, 0x0F,0x01, 0xF4,0x32,
 0xFF,0xE7, 0xFF,0xEF, 0xDF,0xEF, 0xFF,0xFF, 0x18,0x75, 0x11,0x01, 0x92,0x09, 0x92,0x09, 0x51,0x09, 0x9C,0xAE, 0xFF,0xF7, 0xDF,0xE7,
 0xFF,0xF7, 0x5E,0xC7, 0x90,0x09, 0xED,0x00, 0xEB,0x08, 0xA9,0x00, 0xA9,0x00, 0x88,0x00, 0x46,0x00, 0x25,0x00, 0x87,0x08, 0xC9,0x08,
 0x46,0x00, 0x25,0x00, 0x45,0x00, 0x25,0x00, 0x25,0x00, 0x45,0x00, 0x25,0x00, 0x25,0x00, 0x25,0x00, 0x25,0x00, 0x45,0x00, 0x45,0x00,
 0x45,0x00, 0x25,0x00, 0x24,0x00, 0x25,0x00, 0x45,0x00, 0x25,0x00, 0x25,0x00, 0x45,0x00, 0x45,0x00, 0x45,0x00, 0x45,0x00, 0x45,0x00,

 0x25,0x00, 0x25,0x00, 0x24,0x00, 0x24,0x00, 0x24,0x00, 0x24,0x00, 0x25,0x00, 0x03,0x00, 0xAB,0x11, 0x2A,0x09, 0x04,0x00, 0x45,0x00,
 0x25,0x00, 0x25,0x00, 0x25,0x00, 0x25,0x00, 0x25,0x00, 0x25,0x00, 0x25,0x00, 0x25,0x00, 0x45,0x00, 0x45,0x00, 0x45,0x00, 0x45,0x00,
 0x45,0x00, 0x45,0x00, 0x45,0x00, 0x45,0x00, 0x45,0x00, 0x66,0x00, 0x87,0x00, 0x88,0x00, 0xA9,0x00, 0x0C,0x09, 0x4E,0x09, 0x0F,0x01,
 0x12,0x1A, 0x9E,0xCF, 0xFF,0xF7, 0xFF,0xEF, 0xFF,0xEF, 0xFF,0xEF, 0xFF,0xF7, 0xFF,0xFF, 0xFF,0xFF, 0xFF,0xFF, 0xFF,0xFF, 0xFF,0xFF,
 0xFF,0xFF, 0xFF,0xFF, 0xFF,0xFF, 0xFF,0xF7, 0xFF,0xEF, 0xFF,0xEF, 0xDF,0xEF, 0xFF,0xF7, 0xFD,0xB6, 0x70,0x09, 0x71,0x09, 0x70,0x09,
 0x70,0x09, 0x70,0x09, 0x30,0x01, 0x5B,0x9E, 0xFF,0xF7, 0xDF,0xE7, 0xFF,0xEF, 0xFF,0xDF, 0x73,0x22, 0xCE,0x00, 0x0D,0x09, 0xCB,0x00,
 0xCA,0x00, 0xA9,0x00, 0xCA,0x00, 0xEC,0x00, 0xED,0x00, 0x8F,0x09, 0x7E,0xC7, 0xFF,0xF7, 0xDF,0xEF, 0xFF,0xF7, 0x1D,0xBF, 0x92,0x09,
 0x0F,0x01, 0x2D,0x01, 0xEB,0x00, 0xC9,0x00, 0xA8,0x00, 0x88,0x00, 0x88,0x00, 0x88,0x00, 0xA8,0x00, 0xA9,0x00, 0xC9,0x00, 0xCA,0x00,
 0xEB,0x00, 0x0C,0x09, 0x0E,0x01, 0x4E,0x09, 0x15,0x5C, 0x3B,0x9E, 0x7E,0xC7, 0xFF,0xE7, 0xFF,0xF7, 0xFF,0xFF, 0xFF,0xFF, 0xFF,0xFF,
 0xFF,0xF7, 0xFE,0xEF, 0xFE,0xE7, 0xDF,0xE7, 0xDF,0xEF, 0xFF,0xFF, 0x77,0x64, 0xCE,0x00, 0x2E,0x09, 0x0D,0x01, 0x0C,0x01, 0xEC,0x00,
 0xEC,0x00, 0xEC,0x00, 0x0D,0x01, 0x0D,0x01, 0x0D,0x01, 0x0D,0x01, 0x0D,0x01, 0x0D,0x01, 0xEC,0x00, 0xEC,0x00, 0xEC,0x08, 0xEC,0x00,
 0x2D,0x09, 0x2E,0x09, 0x4F,0x09, 0x71,0x01, 0xBC,0xAE, 0xFF,0xFF, 0xDE,0xEF, 0xFE,0xF7, 0xBE,0xCF, 0x34,0x12, 0x32,0x01, 0xB4,0x09,
 0x10,0x01, 0x99,0x8D, 0xFF,0xFF, 0xDE,0xEF, 0xFF,0xF7, 0x3B,0x9E, 0x10,0x1A, 0xDF,0xDF, 0xFF,0xEF, 0xFE,0xEF, 0xFF,0xE7, 0x55,0x3B,
 0x32,0x01, 0xD3,0x11, 0x12,0x01, 0x37,0x5C, 0xFF,0xF7, 0xDF,0xEF, 0xDF,0xEF, 0xFF,0xEF, 0x98,0x5C, 0x11,0x01, 0x92,0x09, 0x92,0x09,
 0x51,0x01, 0x3B,0x9E, 0xFF,0xFF, 0xDF,0xEF, 0xFF,0xF7, 0xBE,0xD7, 0x33,0x1A, 0x73,0x01, 0xB3,0x09, 0x32,0x01, 0x95,0x43, 0xFF,0xEF,
 0xDF,0xEF, 0xDF,0xE7, 0xFF,0xEF, 0x97,0x64, 0xEF,0x00, 0x4E,0x09, 0x0D,0x09, 0x0D,0x09, 0x2D,0x09, 0x4E,0x09, 0x0F,0x01, 0xF3,0x32,
 0xFF,0xE7, 0xFF,0xEF, 0xDF,0xEF, 0xFF,0xFF, 0x18,0x7D, 0x11,0x01, 0xB2,0x09, 0x93,0x09, 0x71,0x09, 0x9C,0xAE, 0xFF,0xF7, 0xDF,0xE7,
 0xFF,0xEF, 0x5E,0xBF, 0xB0,0x11, 0x0D,0x01, 0xEB,0x00, 0xA9,0x00, 0x88,0x00, 0x87,0x00, 0xA9,0x08, 0x67,0x00, 0x25,0x00, 0x88,0x08,
 0xA8,0x08, 0x25,0x00, 0x25,0x00, 0x45,0x00, 0x45,0x00, 0x45,0x00, 0x25,0x00, 0x25,0x00, 0x25,0x00, 0x45,0x00, 0x25,0x00, 0x25,0x00,
 0x25,0x00, 0x25,0x00, 0x25,0x00, 0x45,0x00, 0x45,0x00, 0x45,0x00, 0x45,0x00, 0x25,0x00, 0x25,0x00, 0x25,0x00, 0x45,0x00, 0x45,0x00,

 0x25,0x00, 0x25,0x00, 0x25,0x00, 0x25,0x00, 0x24,0x00, 0x24,0x00, 0x25,0x00, 0x04,0x00, 0x8B,0x11, 0x29,0x09, 0x04,0x00, 0x45,0x00,
 0x25,0x00, 0x25,0x00, 0x25,0x00, 0x25,0x00, 0x25,0x00, 0x25,0x00, 0x45,0x00, 0x25,0x00, 0x25,0x00, 0x45,0x00, 0x45,0x00, 0x45,0x00,
 0x45,0x00, 0x45,0x00, 0x45,0x00, 0x45,0x00, 0x45,0x00, 0x46,0x00, 0x67,0x00, 0xA9,0x00, 0xA9,0x00, 0x0C,0x09, 0x6F,0x09, 0xEF,0x00,
 0x16,0x5C, 0xFF,0xEF, 0xDF,0xEF, 0xFF,0xEF, 0xFF,0xEF, 0xFF,0xEF, 0xFE,0xEF, 0xDE,0xEF, 0xDE,0xEF, 0xDE,0xEF, 0xDE,0xEF, 0xDE,0xEF,
 0xDE,0xEF, 0xDE,0xEF, 0xDE,0xEF, 0xFE,0xEF, 0xFF,0xEF, 0xFF,0xEF, 0xFF,0xE7, 0xFF,0xEF, 0xFF,0xE7, 0x34,0x3B, 0x31,0x01, 0xB1,0x09,
 0x71,0x09, 0x71,0x09, 0x30,0x01, 0x5B,0x9E, 0xFF,0xF7, 0xDF,0xE7, 0xFF,0xEF, 0xFF,0xDF, 0x72,0x22, 0xAE,0x00, 0x0C,0x09, 0xCA,0x00,
 0xA9,0x00, 0xA9,0x00, 0xC9,0x00, 0xEB,0x00, 0xED,0x00, 0x6F,0x09, 0x5D,0xBF, 0xFF,0xEF, 0xDF,0xE7, 0xFF,0xF7, 0x5E,0xC7, 0xB2,0x09,
 0x10,0x01, 0x4E,0x09, 0x0C,0x01, 0xCB,0x00, 0xC9,0x00, 0xA9,0x00, 0xA8,0x00, 0xA8,0x00, 0xA9,0x00, 0xA9,0x00, 0xC9,0x00, 0xCA,0x00,
 0xEB,0x08, 0x0C,0x01, 0x2D,0x01, 0x2E,0x09, 0xEE,0x00, 0x0E,0x01, 0xF1,0x11, 0xD4,0x2A, 0xB5,0x4B, 0x57,0x5C, 0x18,0x75, 0xBA,0x8D,
 0x7B,0xA6, 0xBE,0xD7, 0xFF,0xEF, 0xFF,0xEF, 0xFF,0xEF, 0xFF,0xF7, 0xFD,0xB6, 0x4F,0x01, 0x0D,0x01, 0x0C,0x09, 0xEB,0x08, 0xEB,0x00,
 0xEB,0x00, 0xEB,0x00, 0xEB,0x00, 0xEB,0x00, 0xEB,0x00, 0xEB,0x08, 0xEB,0x00, 0xEB,0x00, 0xEB,0x00, 0xEB,0x08, 0xEB,0x08, 0xEB,0x08,
 0xEC,0x08, 0x2D,0x09, 0x4F,0x09, 0x70,0x01, 0xBC,0xA6, 0xFF,0xF7, 0xDE,0xE7, 0xFF,0xEF, 0xBE,0xCF, 0x54,0x12, 0x52,0x01, 0xB3,0x09,
 0x32,0x01, 0x55,0x3B, 0xFF,0xE7, 0xFF,0xEF, 0xFF,0xEF, 0x9E,0xCF, 0xD9,0x85, 0xFF,0xE7, 0xDF,0xEF, 0xFF,0xF7, 0xDC,0xB6, 0x50,0x09,
 0x92,0x09, 0xB3,0x09, 0x11,0x01, 0x57,0x5C, 0xFF,0xF7, 0xDF,0xE7, 0xDF,0xE7, 0xFF,0xEF, 0x98,0x5C, 0x11,0x01, 0x92,0x09, 0x92,0x09,
 0x51,0x01, 0x3B,0x9E, 0xFF,0xF7, 0xDF,0xEF, 0xFF,0xF7, 0xBE,0xD7, 0x33,0x1A, 0x73,0x01, 0xB3,0x09, 0x32,0x01, 0x95,0x43, 0xFF,0xE7,
 0xDF,0xEF, 0xDF,0xE7, 0xFF,0xEF, 0x97,0x64, 0xCF,0x00, 0x4E,0x09, 0x0D,0x09, 0x0C,0x09, 0x0D,0x09, 0x4E,0x09, 0x0F,0x01, 0xF3,0x32,
 0xFF,0xE7, 0xFF,0xEF, 0xDF,0xEF, 0xFF,0xF7, 0xF8,0x74, 0x11,0x01, 0xB2,0x11, 0xB3,0x09, 0x71,0x09, 0x9C,0xAE, 0xFF,0xF7, 0xDF,0xE7,
 0xFF,0xEF, 0x3D,0xBF, 0xB0,0x11, 0x0D,0x01, 0xEB,0x08, 0xA9,0x00, 0x87,0x00, 0x66,0x00, 0x67,0x00, 0xA9,0x08, 0x46,0x00, 0x46,0x00,
 0x67,0x08, 0xA8,0x08, 0x87,0x08, 0xA7,0x08, 0xA8,0x08, 0xC8,0x08, 0xC8,0x08, 0xC9,0x08, 0xC9,0x08, 0xE9,0x08, 0xE9,0x08, 0xE9,0x08,
 0x09,0x09, 0x09,0x09, 0xE9,0x08, 0xE9,0x08, 0xE9,0x08, 0xE9,0x08, 0xE9,0x08, 0xE9,0x08, 0x09,0x09, 0x09,0x09, 0x0A,0x09, 0x0A,0x09,

 0x25,0x00, 0x25,0x00, 0x24,0x00, 0x25,0x00, 0x25,0x00, 0x24,0x00, 0x25,0x00, 0x03,0x00, 0xAB,0x11, 0x0A,0x09, 0x04,0x00, 0x45,0x00,
 0x25,0x00, 0x25,0x00, 0x25,0x00, 0x25,0x00, 0x25,0x00, 0x25,0x00, 0x25,0x00, 0x25,0x00, 0x25,0x00, 0x25,0x00, 0x25,0x00, 0x45,0x00,
 0x45,0x00, 0x45,0x00, 0x45,0x00, 0x45,0x00, 0x45,0x00, 0x46,0x00, 0x67,0x00, 0xA9,0x00, 0xAA,0x00, 0x0C,0x09, 0x6F,0x09, 0x50,0x01,
 0x9C,0xA6, 0xFF,0xEF, 0xFF,0xE7, 0xFF,0xEF, 0xFF,0xE7, 0xFF,0xD7, 0xFF,0xD7, 0xFF,0xD7, 0xFF,0xDF, 0xFF,0xDF, 0xFF,0xDF, 0xFF,0xDF,
 0xFF,0xDF, 0xFF,0xDF, 0xFF,0xDF, 0xFF,0xDF, 0xFF,0xDF, 0xFF,0xE7, 0xFF,0xE7, 0xDF,0xE7, 0xFF,0xEF, 0xDA,0x85, 0x51,0x01, 0xD2,0x09,
 0x91,0x09, 0x71,0x09, 0x30,0x01, 0x5B,0x9E, 0xFF,0xF7, 0xDF,0xE7, 0xFF,0xE7, 0xFF,0xDF, 0x72,0x22, 0xAD,0x00, 0xEC,0x00, 0xCA,0x00,
 0xA9,0x00, 0xA9,0x00, 0xA9,0x00, 0xEB,0x00, 0xEC,0x00, 0x4E,0x09, 0x1D,0xB7, 0xFF,0xEF, 0xFF,0xE7, 0xFF,0xEF, 0xBE,0xCF, 0x13,0x1A,
 0x10,0x01, 0x4F,0x09, 0x2E,0x01, 0x0C,0x01, 0xEB,0x00, 0xCA,0x00, 0xCA,0x00, 0xCA,0x00, 0xCA,0x00, 0xCA,0x00, 0xEA,0x00, 0xEB,0x00,
 0xEB,0x00, 0x0C,0x01, 0x0C,0x01, 0x4E,0x09, 0x6F,0x09, 0x4F,0x09, 0x30,0x01, 0x10,0x01, 0xF0,0x00, 0xF0,0x00, 0xF0,0x00, 0xF0,0x00,
 0xF0,0x00, 0xB3,0x2A, 0x9E,0xD7, 0xFF,0xF7, 0xFF,0xE7, 0xFF,0xEF, 0xDF,0xD7, 0x0F,0x1A, 0xCC,0x00, 0xEC,0x08, 0xCB,0x00, 0xCA,0x00,
 0xA9,0x00, 0xA9,0x00, 0xA9,0x00, 0xA9,0x00, 0xA9,0x00, 0xA9,0x00, 0xA9,0x00, 0xA9,0x00, 0xA9,0x00, 0xA9,0x00, 0xCA,0x00, 0xCA,0x00,
 0xEB,0x08, 0x0C,0x09, 0x4E,0x09, 0x50,0x01, 0xBC,0xA6, 0xFF,0xEF, 0xDE,0xE7, 0xFF,0xEF, 0xBE,0xCF, 0x54,0x12, 0x32,0x01, 0x92,0x09,
 0x71,0x09, 0x71,0x01, 0xBC,0xAE, 0xFF,0xF7, 0xDF,0xE7, 0xFF,0xE7, 0xFF,0xDF, 0xFF,0xE7, 0xDF,0xEF, 0xFF,0xEF, 0x77,0x64, 0xCF,0x00,
 0x92,0x09, 0x92,0x09, 0x11,0x01, 0x57,0x5C, 0xFF,0xF7, 0xDF,0xE7, 0xDF,0xE7, 0xFF,0xEF, 0x98,0x5C, 0x11,0x01, 0x92,0x09, 0x91,0x09,
 0x51,0x01, 0x3B,0x9E, 0xFF,0xF7, 0xDF,0xE7, 0xFF,0xEF, 0xBE,0xCF, 0x33,0x1A, 0x73,0x01, 0xB3,0x09, 0x32,0x01, 0xB5,0x43, 0xFF,0xE7,
 0xDF,0xE7, 0xDF,0xE7, 0xFF,0xEF, 0x97,0x64, 0xCE,0x00, 0x4E,0x09, 0x0C,0x09, 0x0D,0x09, 0x0D,0x09, 0x4E,0x09, 0x0F,0x01, 0xF3,0x32,
 0xFF,0xE7, 0xFF,0xEF, 0xDF,0xE7, 0xFF,0xF7, 0xF8,0x6C, 0x11,0x01, 0xB2,0x09, 0xB3,0x09, 0x71,0x09, 0x9C,0xAE, 0xFF,0xEF, 0xDF,0xE7,
 0xFF,0xEF, 0x5D,0xBF, 0x90,0x09, 0xED,0x00, 0xEB,0x08, 0x89,0x00, 0x88,0x00, 0x66,0x00, 0x25,0x00, 0x67,0x08, 0xA9,0x08, 0x46,0x00,
 0x25,0x00, 0x46,0x00, 0x66,0x00, 0x66,0x00, 0x66,0x00, 0x66,0x00, 0x66,0x00, 0x66,0x00, 0x66,0x00, 0x66,0x00, 0x66,0x00, 0x66,0x00,
 0xA7,0x08, 0xC8,0x08, 0x66,0x00, 0x66,0x00, 0x66,0x00, 0x66,0x00, 0x66,0x00, 0x66,0x00, 0x66,0x00, 0x66,0x00, 0x66,0x00, 0x66,0x00,

 0x25,0x00, 0x25,0x00, 0x25,0x00, 0x25,0x00, 0x25,0x00, 0x24,0x00, 0x24,0x00, 0x03,0x00, 0xAB,0x11, 0x09,0x09, 0x04,0x00, 0x45,0x00,
 0x25,0x00, 0x25,0x00, 0x25,0x00, 0x25,0x00, 0x25,0x00, 0x45,0x00, 0x25,0x00, 0x25,0x00, 0x25,0x00, 0x24,0x00, 0x25,0x00, 0x25,0x00,
 0x45,0x00, 0x45,0x00, 0x45,0x00, 0x45,0x00, 0x45,0x00, 0x66,0x00, 0x67,0x00, 0xA9,0x00, 0xCA,0x00, 0x2D,0x09, 0x2F,0x01, 0xF4,0x32,
 0xFF,0xE7, 0xFF,0xEF, 0xFF,0xE7, 0xFF,0xF7, 0x5D,0xBF, 0xD2,0x2A, 0x92,0x2A, 0x92,0x2A, 0xB2,0x2A, 0xB2,0x2A, 0xB3,0x2A, 0xB3,0x2A,
 0xD3,0x2A, 0xB3,0x2A, 0xD3,0x2A, 0x93,0x22, 0xD5,0x43, 0xFF,0xD7, 0xFF,0xEF, 0xFF,0xE7, 0xFF,0xEF, 0xBF,0xD7, 0x94,0x1A, 0x92,0x01,
 0x91,0x09, 0x71,0x09, 0x30,0x01, 0x5B,0x9E, 0xFF,0xEF, 0xDF,0xE7, 0xFF,0xE7, 0xFF,0xDF, 0x72,0x22, 0xAD,0x00, 0xEC,0x08, 0xCA,0x00,
 0xA9,0x00, 0xA9,0x00, 0xA9,0x00, 0xEA,0x00, 0xEC,0x00, 0xED,0x00, 0x7B,0xA6, 0xFF,0xF7, 0xDF,0xE7, 0xFF,0xEF, 0xFF,0xDF, 0xF4,0x32,
 0xF0,0x00, 0x91,0x09, 0x6F,0x09, 0x4E,0x01, 0x2D,0x09, 0x0C,0x01, 0x0C,0x09, 0x0C,0x09, 0x0C,0x09, 0xEB,0x00, 0xEB,0x00, 0x0C,0x01,
 0xEC,0x00, 0x0C,0x01, 0x2D,0x01, 0x4E,0x09, 0x6F,0x09, 0x70,0x09, 0x91,0x09, 0x91,0x09, 0x91,0x09, 0x91,0x09, 0x91,0x09, 0x91,0x09,
 0x92,0x09, 0x31,0x01, 0x5B,0x9E, 0xFF,0xFF, 0xDF,0xE7, 0xFF,0xE7, 0xFF,0xD7, 0x50,0x22, 0xAC,0x00, 0xEB,0x08, 0xCA,0x00, 0xA9,0x00,
 0xA8,0x00, 0x88,0x00, 0x88,0x00, 0x88,0x00, 0x88,0x00, 0x88,0x00, 0x88,0x00, 0x88,0x00, 0x88,0x00, 0xA8,0x00, 0xA9,0x00, 0xC9,0x00,
 0xCA,0x00, 0x0C,0x09, 0x2E,0x09, 0x4F,0x01, 0xBC,0xA6, 0xFF,0xEF, 0xFE,0xE7, 0xFF,0xEF, 0xDE,0xD7, 0x54,0x1A, 0x31,0x01, 0x91,0x09,
 0x91,0x09, 0x0F,0x01, 0x56,0x5C, 0xFF,0xEF, 0xDF,0xE7, 0xFF,0xE7, 0xFF,0xE7, 0xFF,0xE7, 0xFF,0xEF, 0xBF,0xCF, 0x32,0x1A, 0x10,0x01,
 0x71,0x09, 0x91,0x09, 0x10,0x01, 0x57,0x64, 0xFF,0xF7, 0xDF,0xE7, 0xDF,0xE7, 0xFF,0xEF, 0x98,0x5C, 0xF1,0x00, 0x91,0x09, 0x91,0x09,
 0x51,0x01, 0x3B,0x9E, 0xFF,0xF7, 0xDF,0xE7, 0xFF,0xEF, 0xBE,0xCF, 0x33,0x1A, 0x72,0x09, 0xB3,0x09, 0x31,0x01, 0xB5,0x43, 0xFF,0xE7,
 0xDF,0xE7, 0xDF,0xE7, 0xFF,0xEF, 0x97,0x64, 0xCE,0x00, 0x2E,0x09, 0x0C,0x09, 0x0D,0x09, 0x0D,0x09, 0x4E,0x09, 0x0F,0x01, 0xF3,0x32,
 0xFF,0xE7, 0xFF,0xEF, 0xDF,0xE7, 0xFF,0xEF, 0xF8,0x6C, 0x11,0x01, 0xB2,0x09, 0x92,0x09, 0x71,0x09, 0xBC,0xAE, 0xFF,0xEF, 0xDF,0xE7,
 0xFF,0xEF, 0x5D,0xBF, 0xB0,0x11, 0xED,0x00, 0xEB,0x08, 0xA9,0x00, 0x88,0x00, 0xA8,0x08, 0x67,0x00, 0x25,0x00, 0x67,0x08, 0xA8,0x08,
 0x45,0x00, 0x25,0x00, 0x45,0x00, 0x25,0x00, 0x45,0x00, 0x25,0x00, 0x25,0x00, 0x25,0x00, 0x25,0x00, 0x45,0x00, 0x45,0x00, 0x45,0x00,
 0x25,0x00, 0x45,0x00, 0x45,0x00, 0x45,0x00, 0x25,0x00, 0x25,0x00, 0x25,0x00, 0x45,0x00, 0x45,0x00, 0x25,0x00, 0x45,0x00, 0x25,0x00,

 0x25,0x00, 0x25,0x00, 0x25,0x00, 0x25,0x00, 0x24,0x00, 0x24,0x00, 0x25,0x00, 0x03,0x00, 0x8B,0x11, 0x09,0x09, 0x04,0x00, 0x45,0x00,
 0x25,0x00, 0x25,0x00, 0x04,0x00, 0x25,0x00, 0x25,0x00, 0x25,0x00, 0x25,0x00, 0x25,0x00, 0x25,0x00, 0x47,0x00, 0x26,0x00, 0x25,0x00,
 0x25,0x00, 0x25,0x00, 0x45,0x00, 0x45,0x00, 0x45,0x00, 0x66,0x00, 0x87,0x00, 0xA9,0x00, 0xCB,0x00, 0x2D,0x09, 0x0F,0x01, 0x79,0x85,
 0xFF,0xF7, 0xDF,0xE7, 0xDF,0xE7, 0xFF,0xEF, 0x18,0x75, 0x8D,0x00, 0x0F,0x01, 0xCE,0x00, 0x0F,0x01, 0xEF,0x00, 0xEE,0x00, 0xEE,0x00,
 0x10,0x01, 0x0F,0x01, 0x0F,0x01, 0x10,0x01, 0x30,0x01, 0xBC,0xA6, 0xFF,0xEF, 0xFF,0xE7, 0xDF,0xE7, 0xFF,0xF7, 0xD9,0x64, 0x72,0x01,
 0xB2,0x09, 0x71,0x09, 0x30,0x01, 0x5B,0x96, 0xFF,0xEF, 0xDF,0xDF, 0xFF,0xE7, 0xFF,0xD7, 0x72,0x22, 0xAD,0x00, 0xEB,0x00, 0xA9,0x00,
 0x88,0x00, 0x88,0x00, 0xA8,0x00, 0xCA,0x00, 0x0B,0x09, 0xAC,0x00, 0x38,0x7D, 0xFF,0xF7, 0xDF,0xE7, 0xDF,0xE7, 0xFF,0xEF, 0xFA,0x85,
 0x31,0x01, 0x10,0x01, 0x0F,0x01, 0xEF,0x00, 0xEE,0x00, 0xCD,0x00, 0xAD,0x00, 0xAD,0x00, 0xAC,0x00, 0x0D,0x01, 0x2D,0x09, 0xEC,0x00,
 0x0C,0x01, 0x0D,0x01, 0x2D,0x01, 0x0E,0x01, 0xCE,0x00, 0xF0,0x00, 0x10,0x01, 0x10,0x01, 0x11,0x01, 0x31,0x01, 0x31,0x01, 0x51,0x01,
 0x52,0x01, 0x10,0x01, 0x5B,0x9E, 0xFF,0xF7, 0xDF,0xE7, 0xFF,0xE7, 0xFF,0xDF, 0x30,0x22, 0xAB,0x00, 0xEB,0x08, 0xA9,0x00, 0xA8,0x00,
 0x87,0x00, 0x67,0x00, 0x67,0x00, 0x66,0x00, 0x67,0x00, 0x66,0x00, 0x66,0x00, 0x67,0x00, 0x67,0x00, 0x67,0x00, 0x88,0x00, 0xA8,0x00,
 0xCA,0x00, 0xEB,0x08, 0x2D,0x09, 0x4E,0x01, 0xBC,0xA6, 0xFF,0xEF, 0xDE,0xE7, 0xFF,0xEF, 0xDF,0xD7, 0x73,0x1A, 0x30,0x01, 0x70,0x09,
 0x70,0x09, 0x2F,0x01, 0x11,0x1A, 0x9E,0xCF, 0xFF,0xEF, 0xFF,0xE7, 0xFF,0xE7, 0xDF,0xE7, 0xFF,0xEF, 0xDA,0x85, 0xEF,0x00, 0x4F,0x09,
 0x4F,0x01, 0x90,0x09, 0xEF,0x00, 0x56,0x5C, 0xFF,0xEF, 0xDF,0xE7, 0xDF,0xE7, 0xFF,0xEF, 0x77,0x5C, 0xF0,0x00, 0x91,0x09, 0x91,0x09,
 0x51,0x01, 0x3B,0x96, 0xFF,0xF7, 0xDF,0xE7, 0xFF,0xEF, 0xBE,0xCF, 0x33,0x1A, 0x72,0x01, 0xB2,0x09, 0x31,0x01, 0x95,0x43, 0xFF,0xE7,
 0xDF,0xE7, 0xDF,0xE7, 0xFF,0xEF, 0x97,0x64, 0xCE,0x00, 0x2D,0x09, 0x0C,0x09, 0x0C,0x09, 0x0D,0x09, 0x4E,0x09, 0x0F,0x01, 0xF3,0x32,
 0xFF,0xDF, 0xFF,0xE7, 0xDF,0xE7, 0xFF,0xEF, 0xF8,0x6C, 0x10,0x01, 0x92,0x09, 0x92,0x09, 0x51,0x09, 0xBC,0xAE, 0xFF,0xEF, 0xDF,0xE7,
 0xFF,0xEF, 0x5D,0xBF, 0xB0,0x11, 0xED,0x00, 0xEB,0x00, 0xA9,0x00, 0x67,0x00, 0x66,0x00, 0xA8,0x08, 0x66,0x00, 0x24,0x00, 0x66,0x08,
 0x88,0x08, 0x46,0x00, 0x25,0x00, 0x25,0x00, 0x25,0x00, 0x25,0x00, 0x25,0x00, 0x25,0x00, 0x25,0x00, 0x25,0x00, 0x25,0x00, 0x25,0x00,
 0x25,0x00, 0x25,0x00, 0x25,0x00, 0x25,0x00, 0x25,0x00, 0x25,0x00, 0x25,0x00, 0x25,0x00, 0x25,0x00, 0x25,0x00, 0x25,0x00, 0x25,0x00,

 0x25,0x00, 0x25,0x00, 0x25,0x00, 0x25,0x00, 0x25,0x00, 0x25,0x00, 0x25,0x00, 0x04,0x00, 0x8B,0x11, 0x0A,0x09, 0x04,0x00, 0x45,0x00,
 0x24,0x00, 0x66,0x00, 0x08,0x01, 0x66,0x00, 0x24,0x00, 0x25,0x00, 0x25,0x00, 0x45,0x00, 0x26,0x00, 0x14,0x22, 0x4F,0x19, 0x04,0x00,
 0x45,0x00, 0x25,0x00, 0x25,0x00, 0x25,0x00, 0x45,0x00, 0x66,0x00, 0x87,0x00, 0xA9,0x00, 0xEB,0x00, 0xED,0x00, 0xD1,0x11, 0x7E,0xCF,
 0xFF,0xEF, 0xFF,0xDF, 0xFF,0xE7, 0xFF,0xDF, 0x92,0x2A, 0xEE,0x00, 0x4F,0x09, 0x0D,0x01, 0x4E,0x09, 0x2E,0x09, 0x0D,0x01, 0x0D,0x01,
 0x4E,0x09, 0x4F,0x09, 0x2E,0x09, 0x90,0x09, 0xCE,0x00, 0x76,0x5C, 0xFF,0xEF, 0xDF,0xE7, 0xFF,0xE7, 0xFF,0xF7, 0xDD,0xAE, 0xB1,0x01,
 0xB2,0x09, 0x70,0x09, 0x0F,0x01, 0x3B,0x96, 0xFF,0xEF, 0xDF,0xDF, 0xFF,0xE7, 0xFF,0xD7, 0x72,0x22, 0x8C,0x00, 0xEB,0x08, 0xA9,0x00,
 0x88,0x00, 0x88,0x00, 0x88,0x00, 0xA9,0x00, 0xEB,0x08, 0xCC,0x00, 0x33,0x3B, 0xFF,0xE7, 0xFF,0xDF, 0xFF,0xE7, 0xFF,0xE7, 0xFF,0xDF,
 0x3B,0x8E, 0xB6,0x43, 0x14,0x33, 0xD3,0x2A, 0xD3,0x2A, 0x13,0x33, 0x74,0x43, 0x36,0x5C, 0x18,0x75, 0xBC,0x9E, 0x56,0x5C, 0x6A,0x00,
 0x4D,0x09, 0xAC,0x00, 0xB7,0x64, 0x5B,0x9E, 0xF8,0x74, 0x37,0x5C, 0x75,0x43, 0xD4,0x32, 0x73,0x22, 0x32,0x1A, 0x13,0x12, 0x33,0x12,
 0x53,0x1A, 0x56,0x54, 0xBF,0xCF, 0xFF,0xE7, 0xFF,0xDF, 0xFF,0xEF, 0x9E,0xCF, 0x8E,0x11, 0xCB,0x00, 0xCA,0x00, 0xA9,0x00, 0x88,0x00,
 0x67,0x00, 0x66,0x00, 0x46,0x00, 0x46,0x00, 0x46,0x00, 0x46,0x00, 0x46,0x00, 0x46,0x00, 0x46,0x00, 0x46,0x00, 0x67,0x00, 0x88,0x00,
 0xA9,0x00, 0xEB,0x08, 0x0C,0x09, 0x2D,0x01, 0xBC,0xA6, 0xFF,0xEF, 0xDF,0xDF, 0xFF,0xE7, 0xDF,0xD7, 0x53,0x1A, 0x0F,0x01, 0x4F,0x09,
 0x4E,0x09, 0x4E,0x09, 0xCD,0x00, 0xDA,0x95, 0xFF,0xF7, 0xBE,0xDF, 0xDE,0xDF, 0xDE,0xE7, 0xFF,0xDF, 0x33,0x3B, 0xEE,0x00, 0x4F,0x09,
 0x4E,0x01, 0x6F,0x09, 0xEE,0x00, 0x56,0x54, 0xFF,0xEF, 0xDF,0xDF, 0xDF,0xDF, 0xFF,0xE7, 0x77,0x5C, 0xF0,0x00, 0x91,0x09, 0x91,0x09,
 0x51,0x01, 0x3B,0x96, 0xFF,0xEF, 0xDF,0xDF, 0xFF,0xE7, 0xBE,0xC7, 0x32,0x1A, 0x71,0x01, 0xB2,0x09, 0x31,0x01, 0x95,0x43, 0xFF,0xDF,
 0xDF,0xE7, 0xDF,0xDF, 0xFF,0xE7, 0x97,0x5C, 0xCD,0x00, 0x2D,0x09, 0x0C,0x09, 0xEC,0x08, 0x0C,0x09, 0x2D,0x09, 0x0E,0x01, 0xF3,0x32,
 0xFF,0xDF, 0xFF,0xE7, 0xDF,0xDF, 0xFF,0xEF, 0xF8,0x6C, 0x10,0x01, 0x91,0x09, 0x91,0x09, 0x50,0x09, 0x9C,0xA6, 0xFF,0xEF, 0xDF,0xDF,
 0xFF,0xE7, 0x5D,0xBF, 0x8F,0x11, 0x0D,0x01, 0xEB,0x08, 0xA9,0x00, 0x87,0x00, 0x45,0x00, 0x25,0x00, 0x87,0x08, 0x66,0x08, 0x24,0x00,
 0x66,0x08, 0xA8,0x08, 0x87,0x08, 0x87,0x08, 0x87,0x08, 0x88,0x08, 0xA8,0x08, 0xA8,0x08, 0xA8,0x08, 0xA8,0x08, 0xC8,0x08, 0xC8,0x08,
 0xC8,0x08, 0xC9,0x08, 0xC9,0x08, 0xC9,0x08, 0xC9,0x08, 0xE9,0x08, 0xE9,0x08, 0xE9,0x08, 0xE9,0x08, 0xE9,0x08, 0xE9,0x08, 0xE9,0x08,

 0x25,0x00, 0x25,0x00, 0x25,0x00, 0x25,0x00, 0x25,0x00, 0x25,0x00, 0x45,0x00, 0x04,0x00, 0xAB,0x11, 0x0A,0x09, 0x04,0x00, 0x45,0x00,
 0x24,0x00, 0xC7,0x00, 0xEF,0x12, 0xC8,0x00, 0x04,0x00, 0x25,0x00, 0x25,0x00, 0x25,0x00, 0x26,0x00, 0xCB,0x08, 0x8A,0x08, 0x25,0x00,
 0x25,0x00, 0x25,0x00, 0x24,0x00, 0xC9,0x08, 0xA8,0x00, 0x46,0x00, 0x87,0x00, 0xA9,0x00, 0xEB,0x08, 0x8C,0x00, 0xF5,0x53, 0xFF,0xE7,
 0xDF,0xDF, 0xDF,0xDF, 0xFF,0xEF, 0xBC,0xAE, 0x4F,0x01, 0x2E,0x01, 0x0C,0x01, 0xCB,0x00, 0xEB,0x00, 0x0D,0x09, 0xCB,0x00, 0xCB,0x00,
 0xEB,0x00, 0x0D,0x09, 0xEC,0x00, 0x2E,0x09, 0x0F,0x01, 0x72,0x22, 0xBF,0xD7, 0xFF,0xE7, 0xFF,0xDF, 0xFF,0xE7, 0xFF,0xD7, 0x14,0x2B,
 0x51,0x01, 0x90,0x09, 0x0F,0x01, 0x3B,0x96, 0xFF,0xEF, 0xDF,0xDF, 0xFF,0xDF, 0xFF,0xD7, 0x71,0x22, 0x8B,0x00, 0xEB,0x00, 0xA9,0x00,
 0x88,0x00, 0x67,0x00, 0x88,0x00, 0xA9,0x00, 0xCA,0x00, 0xEB,0x00, 0x0D,0x01, 0x7B,0xA6, 0xFF,0xEF, 0xDE,0xDF, 0xFF,0xDF, 0xFF,0xDF,
 0xFF,0xE7, 0xFF,0xE7, 0xFF,0xE7, 0xFF,0xDF, 0xFF,0xDF, 0xFF,0xE7, 0xFF,0xE7, 0xFF,0xE7, 0xFF,0xE7, 0xFF,0xF7, 0x58,0x7D, 0x8B,0x00,
 0x4E,0x09, 0xAC,0x00, 0x1A,0x9E, 0xFF,0xF7, 0xFF,0xEF, 0xFF,0xEF, 0xFF,0xE7, 0xFF,0xDF, 0xFF,0xD7, 0xBE,0xCF, 0xBE,0xCF, 0xBE,0xCF,
 0xDF,0xD7, 0xFF,0xE7, 0xFF,0xE7, 0xFF,0xDF, 0xDE,0xDF, 0xFF,0xEF, 0xFA,0x95, 0xCD,0x00, 0xEC,0x08, 0xCA,0x00, 0x88,0x00, 0x67,0x00,
 0x66,0x00, 0x46,0x00, 0x45,0x00, 0x45,0x00, 0x45,0x00, 0x46,0x00, 0x45,0x00, 0x45,0x00, 0x46,0x00, 0x46,0x00, 0x67,0x00, 0x87,0x00,
 0xA9,0x08, 0xCA,0x08, 0xEB,0x08, 0x2D,0x01, 0xBC,0xA6, 0xFF,0xEF, 0xDF,0xDF, 0xFF,0xE7, 0xDF,0xCF, 0x31,0x12, 0xED,0x00, 0x2D,0x09,
 0x0D,0x09, 0x2D,0x09, 0xCD,0x00, 0x53,0x43, 0xFF,0xEF, 0xFF,0xEF, 0xFF,0xEF, 0xFF,0xFF, 0x3D,0xB7, 0x4E,0x09, 0x0D,0x01, 0x0D,0x09,
 0x0D,0x09, 0x4E,0x09, 0xCD,0x00, 0x35,0x54, 0xFF,0xE7, 0xDF,0xDF, 0xDF,0xDF, 0xFF,0xE7, 0x77,0x5C, 0xEF,0x00, 0x90,0x09, 0x90,0x09,
 0x30,0x01, 0x3B,0x96, 0xFF,0xE7, 0xDF,0xDF, 0xFF,0xE7, 0xBE,0xC7, 0x11,0x1A, 0x50,0x01, 0x91,0x09, 0x10,0x01, 0x74,0x43, 0xFF,0xDF,
 0xDF,0xDF, 0xDF,0xDF, 0xFF,0xE7, 0x97,0x64, 0xAD,0x00, 0x2D,0x09, 0xEB,0x08, 0xEB,0x08, 0xEC,0x08, 0x2D,0x09, 0xEE,0x00, 0x14,0x33,
 0xFF,0xDF, 0xFF,0xDF, 0xDF,0xDF, 0xFF,0xE7, 0xF8,0x6C, 0x0F,0x01, 0x91,0x09, 0x91,0x09, 0x50,0x09, 0x9C,0xA6, 0xFF,0xE7, 0xDF,0xDF,
 0xFF,0xE7, 0x5D,0xB7, 0xAF,0x11, 0xEC,0x00, 0xCB,0x08, 0xA9,0x00, 0x88,0x00, 0x66,0x00, 0x25,0x00, 0x45,0x00, 0x87,0x08, 0x46,0x00,
 0x25,0x00, 0x46,0x00, 0x66,0x08, 0x66,0x08, 0x66,0x00, 0x67,0x08, 0x67,0x08, 0x87,0x08, 0x67,0x08, 0x87,0x00, 0x87,0x00, 0x67,0x00,
 0x67,0x00, 0x87,0x00, 0x87,0x00, 0x87,0x00, 0x87,0x00, 0x87,0x00, 0x87,0x00, 0x87,0x00, 0x87,0x00, 0x87,0x00, 0x87,0x00, 0x87,0x00,

 0x25,0x00, 0x25,0x00, 0x25,0x00, 0x25,0x00, 0x25,0x00, 0x25,0x00, 0x25,0x00, 0x04,0x00, 0x8B,0x11, 0x0A,0x09, 0x04,0x00, 0x45,0x00,
 0x24,0x00, 0x45,0x00, 0xA7,0x00, 0x45,0x00, 0x24,0x00, 0x24,0x00, 0x25,0x00, 0x25,0x00, 0x25,0x00, 0x05,0x00, 0x25,0x00, 0x25,0x00,
 0x25,0x00, 0x25,0x00, 0x25,0x00, 0x66,0x00, 0x66,0x00, 0x66,0x00, 0x87,0x00, 0xA9,0x00, 0xCB,0x00, 0xCC,0x00, 0x3A,0x9E, 0xDF,0xE7,
 0xDF,0xDF, 0xBE,0xDF, 0xFF,0xEF, 0x97,0x64, 0xEE,0x00, 0x2D,0x01, 0xCB,0x00, 0xA9,0x00, 0xA9,0x00, 0xEB,0x08, 0xA9,0x00, 0xA8,0x00,
 0xA9,0x00, 0xEB,0x08, 0xCB,0x00, 0xEC,0x00, 0x4E,0x09, 0x0F,0x01, 0x1A,0x96, 0xFF,0xEF, 0xBE,0xDF, 0xBF,0xDF, 0xFF,0xE7, 0x59,0x75,
 0x0F,0x01, 0x70,0x09, 0x0F,0x01, 0x1B,0x8E, 0xDF,0xE7, 0xDE,0xDF, 0xDF,0xDF, 0xFF,0xD7, 0x50,0x22, 0x6B,0x00, 0xCA,0x08, 0x88,0x00,
 0x87,0x00, 0x67,0x00, 0x67,0x00, 0x88,0x00, 0xA9,0x00, 0xEA,0x00, 0xAB,0x00, 0x0F,0x22, 0x7D,0xCF, 0xFF,0xEF, 0xFF,0xE7, 0xDF,0xDF,
 0xDE,0xDF, 0xDE,0xDF, 0xDE,0xDF, 0xDE,0xE7, 0xDE,0xE7, 0xDE,0xE7, 0xBE,0xDF, 0xBE,0xDF, 0xBE,0xDF, 0xFF,0xEF, 0x3A,0x96, 0xCC,0x00,
 0x2D,0x09, 0xED,0x00, 0x9C,0xAE, 0xFF,0xEF, 0xBE,0xDF, 0xBE,0xDF, 0xBE,0xDF, 0xDE,0xDF, 0xDF,0xDF, 0xFF,0xE7, 0xFF,0xE7, 0xFF,0xE7,
 0xDF,0xE7, 0xDE,0xDF, 0xDE,0xDF, 0xDF,0xE7, 0xFF,0xEF, 0x9E,0xCF, 0x50,0x2A, 0xED,0x00, 0xEB,0x00, 0xA9,0x00, 0x87,0x00, 0x66,0x00,
 0x46,0x00, 0x45,0x00, 0x45,0x00, 0x45,0x00, 0x45,0x00, 0x45,0x00, 0x45,0x00, 0x45,0x00, 0x46,0x00, 0x46,0x00, 0x66,0x00, 0x87,0x00,
 0xA8,0x08, 0xCA,0x08, 0xEB,0x08, 0x0C,0x01, 0xBB,0xA6, 0xDF,0xEF, 0xDE,0xDF, 0xDF,0xE7, 0xBE,0xC7, 0x10,0x1A, 0xAC,0x00, 0x0C,0x09,
 0xEC,0x00, 0xEC,0x08, 0xEC,0x00, 0x4E,0x09, 0x14,0x5C, 0x34,0x64, 0x34,0x64, 0x75,0x6C, 0x32,0x43, 0xCC,0x00, 0xEC,0x08, 0xEB,0x08,
 0xEC,0x08, 0x2C,0x09, 0xAB,0x00, 0x35,0x54, 0xDF,0xDF, 0xBE,0xD7, 0xBE,0xDF, 0xDF,0xDF, 0x76,0x54, 0xCE,0x00, 0x6F,0x09, 0x6F,0x09,
 0x2F,0x01, 0x1A,0x96, 0xFF,0xE7, 0xBE,0xDF, 0xDF,0xDF, 0x9E,0xBF, 0x31,0x1A, 0x2F,0x01, 0x90,0x11, 0xEF,0x00, 0x74,0x43, 0xFF,0xDF,
 0xBE,0xDF, 0xBE,0xDF, 0xDF,0xE7, 0x97,0x64, 0xAD,0x00, 0x0C,0x09, 0xEB,0x08, 0xCB,0x08, 0xEB,0x08, 0x0C,0x09, 0xED,0x00, 0x13,0x33,
 0xDF,0xDF, 0xDF,0xDF, 0xBE,0xDF, 0xDF,0xE7, 0x18,0x6D, 0xEF,0x00, 0x70,0x09, 0x70,0x09, 0x2E,0x09, 0x7B,0x9E, 0xFF,0xE7, 0xBE,0xD7,
 0xFF,0xE7, 0x5D,0xBF, 0x8F,0x11, 0xCC,0x00, 0xCA,0x08, 0xA9,0x00, 0x88,0x08, 0x67,0x00, 0x45,0x00, 0x45,0x00, 0x45,0x00, 0x87,0x08,
 0x66,0x08, 0x25,0x00, 0x45,0x00, 0x45,0x00, 0x45,0x00, 0x45,0x08, 0x45,0x00, 0x45,0x00, 0x45,0x00, 0x45,0x00, 0x45,0x08, 0x25,0x00,
 0x25,0x00, 0x25,0x00, 0x25,0x00, 0x25,0x00, 0x25,0x00, 0x25,0x00, 0x24,0x00, 0x24,0x00, 0x24,0x00, 0x24,0x00, 0x24,0x00, 0x24,0x00,

 0x25,0x00, 0x25,0x00, 0x25,0x00, 0x25,0x00, 0x25,0x00, 0x25,0x00, 0x25,0x00, 0x04,0x00, 0x8B,0x11, 0x0A,0x09, 0x04,0x00, 0x45,0x00,
 0x25,0x00, 0x25,0x00, 0x25,0x00, 0x25,0x00, 0x25,0x00, 0x24,0x00, 0x25,0x00, 0x25,0x00, 0x45,0x00, 0x45,0x00, 0x45,0x00, 0x25,0x00,
 0x25,0x00, 0x25,0x00, 0x25,0x00, 0x25,0x00, 0x45,0x00, 0x66,0x00, 0x87,0x00, 0xA9,0x00, 0x69,0x00, 0xD1,0x32, 0xFF,0xCF, 0xFF,0xE7,
 0xFF,0xE7, 0xFF,0xEF, 0xFF,0xD7, 0x51,0x22, 0xCD,0x00, 0xEB,0x00, 0xAA,0x00, 0xA8,0x00, 0x67,0x00, 0xC9,0x08, 0xA8,0x00, 0x67,0x00,
 0x87,0x00, 0xC9,0x08, 0xCA,0x00, 0xAA,0x00, 0x2D,0x09, 0xCD,0x00, 0x94,0x43, 0xFF,0xE7, 0xFF,0xDF, 0xFF,0xDF, 0xFF,0xE7, 0xFF,0xBF,
 0x52,0x1A, 0x2F,0x01, 0x0F,0x01, 0x7B,0x9E, 0xFF,0xF7, 0xFF,0xEF, 0xFF,0xEF, 0xFF,0xE7, 0x70,0x2A, 0x6A,0x00, 0xA9,0x00, 0x88,0x00,
 0x67,0x00, 0x67,0x00, 0x47,0x00, 0x67,0x00, 0x88,0x00, 0xA9,0x00, 0xEB,0x00, 0xAB,0x00, 0x10,0x22, 0xFA,0x95, 0xDF,0xCF, 0xFF,0xDF,
 0xFF,0xE7, 0xFF,0xEF, 0xFF,0xEF, 0xFF,0xEF, 0xFF,0xEF, 0xFF,0xEF, 0xFF,0xE7, 0xFF,0xE7, 0xFF,0xDF, 0xFF,0xDF, 0x3B,0x8E, 0x0D,0x01,
 0x0D,0x01, 0x2E,0x01, 0x9C,0xA6, 0xFF,0xE7, 0xFF,0xDF, 0xFF,0xE7, 0xFF,0xE7, 0xFF,0xE7, 0xFF,0xE7, 0xFF,0xE7, 0xFF,0xEF, 0xFF,0xEF,
 0xFF,0xEF, 0xFF,0xEF, 0xFF,0xEF, 0xFF,0xDF, 0x7C,0x9E, 0x71,0x2A, 0xAB,0x00, 0xEB,0x00, 0xCA,0x00, 0x88,0x00, 0x67,0x00, 0x66,0x00,
 0x46,0x00, 0x45,0x00, 0x45,0x00, 0x45,0x00, 0x46,0x00, 0x46,0x00, 0x46,0x00, 0x46,0x00, 0x46,0x00, 0x46,0x08, 0x66,0x00, 0x67,0x00,
 0x88,0x00, 0xA9,0x08, 0xCA,0x08, 0xEB,0x08, 0x1C,0xAF, 0xFF,0xEF, 0xFF,0xE7, 0xFF,0xE7, 0xFF,0xD7, 0x0F,0x1A, 0x8B,0x00, 0xEB,0x08,
 0xCA,0x08, 0xCA,0x08, 0xCB,0x08, 0xEB,0x08, 0x4A,0x00, 0x49,0x00, 0x4A,0x00, 0x6A,0x00, 0x8B,0x00, 0xEB,0x08, 0xCA,0x08, 0xCA,0x08,
 0xCA,0x08, 0x0B,0x09, 0x6A,0x00, 0x96,0x64, 0xFF,0xE7, 0xFF,0xDF, 0xFF,0xE7, 0xFF,0xEF, 0xD7,0x64, 0xAD,0x00, 0x4E,0x09, 0x4E,0x09,
 0x0E,0x01, 0x9C,0x9E, 0xFF,0xF7, 0xFF,0xE7, 0xFF,0xE7, 0xFF,0xCF, 0x51,0x22, 0x0F,0x01, 0x6F,0x11, 0xCD,0x00, 0x94,0x43, 0xFF,0xE7,
 0xFF,0xE7, 0xFF,0xDF, 0xFF,0xEF, 0xF7,0x6C, 0xAC,0x00, 0x0C,0x09, 0xCB,0x08, 0xCA,0x08, 0xCA,0x08, 0xEB,0x08, 0xCC,0x00, 0x13,0x3B,
 0xFF,0xE7, 0xFF,0xEF, 0xFF,0xEF, 0xFF,0xF7, 0x99,0x7D, 0xCE,0x00, 0x4F,0x09, 0x2E,0x09, 0xED,0x00, 0xFC,0xA6, 0xFF,0xE7, 0xFF,0xDF,
 0xFF,0xE7, 0xDF,0xC7, 0x8E,0x11, 0xAB,0x00, 0xCA,0x08, 0x89,0x00, 0x67,0x00, 0x67,0x08, 0x66,0x08, 0x25,0x00, 0x45,0x08, 0x45,0x00,
 0xA8,0x10, 0x67,0x08, 0x25,0x00, 0x25,0x00, 0x25,0x00, 0x25,0x00, 0x25,0x00, 0x25,0x00, 0x45,0x00, 0x25,0x00, 0x25,0x00, 0x25,0x00,
 0x25,0x00, 0x25,0x00, 0x25,0x00, 0x25,0x00, 0x24,0x00, 0x24,0x00, 0x24,0x00, 0x24,0x00, 0x24,0x00, 0x24,0x00, 0x24,0x00, 0x24,0x00,

 0x25,0x00, 0x25,0x00, 0x25,0x00, 0x25,0x00, 0x25,0x00, 0x24,0x00, 0x25,0x00, 0x03,0x00, 0x8B,0x11, 0x09,0x09, 0x04,0x00, 0x25,0x00,
 0x25,0x00, 0x45,0x00, 0x45,0x00, 0x24,0x00, 0x24,0x00, 0x25,0x00, 0x25,0x00, 0x25,0x00, 0x25,0x00, 0x25,0x00, 0x25,0x00, 0x45,0x00,
 0x25,0x00, 0x25,0x00, 0x25,0x00, 0x25,0x00, 0x45,0x00, 0x46,0x00, 0x67,0x00, 0xA8,0x00, 0x89,0x00, 0x2F,0x2A, 0xD4,0x53, 0xB4,0x4B,
 0xB4,0x4B, 0xD5,0x4B, 0x53,0x43, 0x2D,0x01, 0xEC,0x00, 0xCA,0x00, 0xA8,0x00, 0x87,0x00, 0x66,0x00, 0x87,0x00, 0xC9,0x08, 0x46,0x00,
 0x66,0x00, 0x88,0x00, 0xEA,0x08, 0xA9,0x00, 0xCA,0x00, 0xEC,0x00, 0x4E,0x09, 0x93,0x43, 0xB4,0x43, 0xB5,0x4B, 0xB4,0x43, 0xF5,0x4B,
 0x10,0x22, 0x0E,0x01, 0x0E,0x01, 0x33,0x3B, 0x16,0x5C, 0xD5,0x53, 0xD5,0x53, 0xF4,0x53, 0x6D,0x11, 0x89,0x00, 0x88,0x00, 0x67,0x00,
 0x67,0x00, 0x47,0x00, 0x47,0x00, 0x67,0x00, 0x87,0x00, 0x88,0x00, 0xA9,0x00, 0xEB,0x08, 0xAB,0x00, 0xCC,0x00, 0x10,0x1A, 0x94,0x4B,
 0xF7,0x6C, 0x99,0x85, 0xD9,0x8D, 0xF9,0x8D, 0xB9,0x8D, 0x78,0x7D, 0xF7,0x74, 0x35,0x5C, 0x33,0x43, 0x50,0x22, 0x2D,0x09, 0xEC,0x00,
 0x0C,0x01, 0x0C,0x01, 0x8E,0x11, 0x50,0x2A, 0x12,0x3B, 0xD4,0x53, 0xB7,0x64, 0x59,0x7D, 0xD9,0x85, 0xFA,0x8D, 0xFA,0x8D, 0xFA,0x8D,
 0x99,0x85, 0x58,0x7D, 0x56,0x5C, 0xD2,0x32, 0x0E,0x01, 0xAB,0x00, 0xEB,0x00, 0xA9,0x00, 0x89,0x00, 0x87,0x00, 0x67,0x00, 0x66,0x00,
 0x46,0x00, 0x45,0x00, 0x45,0x00, 0x46,0x00, 0x46,0x00, 0x46,0x00, 0x46,0x00, 0x46,0x00, 0x46,0x00, 0x46,0x00, 0x46,0x00, 0x66,0x00,
 0x87,0x00, 0xA8,0x00, 0xA9,0x08, 0xCB,0x08, 0x52,0x43, 0xF4,0x53, 0xB4,0x4B, 0xB4,0x4B, 0xB4,0x4B, 0x2D,0x11, 0xAB,0x00, 0xCA,0x08,
 0xA9,0x08, 0xA9,0x08, 0xA9,0x08, 0xC9,0x08, 0xEA,0x08, 0xEB,0x08, 0xEB,0x08, 0xEA,0x08, 0xCA,0x08, 0xA9,0x08, 0xA9,0x08, 0xA9,0x08,
 0xA9,0x08, 0xCA,0x08, 0xAA,0x08, 0x4F,0x2A, 0xD4,0x53, 0xB4,0x4B, 0xB4,0x4B, 0xF5,0x53, 0x70,0x2A, 0xCC,0x00, 0x0C,0x09, 0x0C,0x09,
 0xED,0x00, 0x32,0x3B, 0x15,0x5C, 0xF5,0x53, 0xF5,0x53, 0xD4,0x4B, 0x8F,0x11, 0x0D,0x09, 0x2D,0x09, 0xED,0x00, 0xEF,0x21, 0xF5,0x53,
 0xB4,0x4B, 0xB4,0x4B, 0xF5,0x53, 0x91,0x32, 0xCC,0x08, 0xEB,0x08, 0xCA,0x08, 0xCA,0x08, 0xAA,0x08, 0xEB,0x08, 0xEC,0x08, 0xAE,0x19,
 0xF5,0x53, 0xF5,0x53, 0xF6,0x5B, 0xF5,0x53, 0xD2,0x32, 0xED,0x00, 0x0D,0x09, 0x0D,0x09, 0xEC,0x08, 0x32,0x3B, 0xF5,0x4B, 0xD5,0x4B,
 0xD5,0x4B, 0x93,0x43, 0x0C,0x09, 0xAA,0x00, 0x89,0x00, 0x68,0x00, 0x67,0x00, 0x46,0x00, 0x66,0x08, 0x46,0x08, 0x45,0x00, 0x45,0x00,
 0x45,0x00, 0xA8,0x08, 0x88,0x08, 0x87,0x08, 0x87,0x08, 0x87,0x08, 0x87,0x08, 0x87,0x08, 0x88,0x08, 0x87,0x08, 0xA8,0x08, 0xA8,0x08,
 0xC8,0x08, 0xC8,0x08, 0xE9,0x08, 0xC8,0x08, 0xC8,0x08, 0xE9,0x08, 0xE9,0x08, 0x09,0x09, 0x09,0x09, 0x09,0x09, 0x09,0x09, 0x09,0x09,

 0x25,0x00, 0x25,0x00, 0x25,0x00, 0x25,0x00, 0x25,0x00, 0x25,0x00, 0x25,0x00, 0x03,0x00, 0x6B,0x11, 0xE9,0x08, 0x04,0x00, 0x25,0x00,
 0x25,0x00, 0x25,0x00, 0x25,0x00, 0x25,0x00, 0x25,0x00, 0x25,0x00, 0x25,0x00, 0x46,0x00, 0x46,0x00, 0x25,0x00, 0x25,0x00, 0x25,0x00,
 0x25,0x00, 0x45,0x00, 0x25,0x00, 0x45,0x00, 0x45,0x00, 0x46,0x00, 0x67,0x00, 0x88,0x00, 0xA9,0x00, 0x69,0x00, 0x49,0x00, 0x6B,0x00,
 0x8C,0x00, 0x8C,0x00, 0x8C,0x00, 0xEC,0x00, 0xAA,0x00, 0xA9,0x00, 0x88,0x00, 0x67,0x00, 0x46,0x00, 0x45,0x00, 0xC9,0x08, 0x66,0x00,
 0x45,0x00, 0x66,0x00, 0xC9,0x08, 0xA9,0x00, 0x88,0x00, 0xCA,0x08, 0xCB,0x00, 0x6B,0x00, 0x8C,0x00, 0x8C,0x00, 0x8C,0x00, 0x6B,0x00,
 0xCC,0x00, 0x0D,0x01, 0x0D,0x09, 0xAC,0x00, 0x6C,0x00, 0x6C,0x00, 0x6B,0x00, 0x4A,0x00, 0xAA,0x00, 0x89,0x00, 0x88,0x00, 0x67,0x00,
 0x46,0x00, 0x46,0x00, 0x46,0x00, 0x46,0x00, 0x67,0x00, 0x88,0x00, 0xA9,0x00, 0xA9,0x00, 0xCA,0x00, 0xEB,0x08, 0xAB,0x00, 0x8C,0x00,
 0xAC,0x00, 0xAC,0x00, 0xAC,0x00, 0xCC,0x00, 0xAC,0x00, 0x8C,0x00, 0x8C,0x00, 0x8C,0x00, 0x8B,0x00, 0x8B,0x00, 0xAA,0x00, 0xCA,0x00,
 0xCA,0x00, 0xCA,0x00, 0xCB,0x00, 0xAB,0x00, 0x8C,0x00, 0x8C,0x00, 0x8D,0x00, 0xAD,0x00, 0xCE,0x00, 0xCE,0x00, 0xED,0x00, 0xCD,0x00,
 0xCD,0x00, 0xAD,0x00, 0xAD,0x00, 0xCD,0x00, 0xEC,0x00, 0xCB,0x00, 0xA9,0x00, 0xA9,0x00, 0x88,0x00, 0x67,0x00, 0x66,0x00, 0x46,0x00,
 0x45,0x00, 0x45,0x00, 0x45,0x00, 0x45,0x00, 0x46,0x00, 0x46,0x00, 0x46,0x08, 0x45,0x08, 0x46,0x00, 0x46,0x00, 0x46,0x00, 0x66,0x00,
 0x67,0x00, 0x88,0x00, 0xA9,0x08, 0xCA,0x08, 0x6A,0x00, 0x4A,0x00, 0x4A,0x00, 0x4A,0x00, 0x6A,0x00, 0xCA,0x08, 0xCA,0x08, 0xA9,0x08,
 0x88,0x00, 0x88,0x08, 0x88,0x08, 0x88,0x08, 0xA8,0x08, 0xA8,0x08, 0xA8,0x00, 0xA8,0x08, 0x88,0x08, 0x88,0x00, 0x88,0x08, 0x88,0x00,
 0x88,0x00, 0xA9,0x08, 0xCA,0x08, 0x8A,0x00, 0x4A,0x00, 0x6A,0x00, 0x6B,0x00, 0x6B,0x00, 0xAB,0x00, 0xEB,0x08, 0xCB,0x08, 0xEB,0x08,
 0xEB,0x08, 0x8B,0x00, 0x8B,0x00, 0x8B,0x00, 0x8B,0x00, 0x8B,0x00, 0xEC,0x08, 0xEC,0x08, 0xEC,0x08, 0xEC,0x08, 0xCB,0x00, 0x6B,0x00,
 0x6B,0x00, 0x6B,0x00, 0x6B,0x00, 0xAB,0x00, 0xCB,0x08, 0xAA,0x08, 0xAA,0x08, 0xA9,0x08, 0x89,0x08, 0xCA,0x08, 0xEB,0x08, 0xAB,0x00,
 0x6B,0x00, 0x8D,0x00, 0x8D,0x00, 0x6C,0x00, 0xAB,0x00, 0xEC,0x08, 0xCB,0x08, 0xEB,0x08, 0xCB,0x08, 0x8A,0x00, 0x8B,0x00, 0x8C,0x00,
 0x6B,0x00, 0x6A,0x00, 0xAA,0x08, 0x89,0x08, 0x88,0x08, 0xA9,0x08, 0x67,0x08, 0x45,0x00, 0x45,0x00, 0x87,0x08, 0x66,0x08, 0x25,0x00,
 0x45,0x08, 0x45,0x00, 0x67,0x08, 0x67,0x08, 0x87,0x08, 0x87,0x08, 0x87,0x08, 0x87,0x08, 0x87,0x08, 0x87,0x08, 0x87,0x08, 0x87,0x08,
 0xA7,0x08, 0xA8,0x08, 0xC8,0x08, 0xA8,0x08, 0xA8,0x08, 0xC8,0x08, 0xC8,0x08, 0xC8,0x08, 0xC8,0x08, 0xC8,0x08, 0xC8,0x08, 0xC8,0x08,

 0x25,0x00, 0x25,0x00, 0x25,0x00, 0x25,0x00, 0x25,0x00, 0x25,0x00, 0x25,0x00, 0x03,0x00, 0x6A,0x11, 0xE9,0x08, 0x03,0x00, 0x25,0x00,
 0x25,0x00, 0x25,0x00, 0x25,0x00, 0x25,0x00, 0x25,0x00, 0x45,0x00, 0x04,0x00, 0xEC,0x09, 0x31,0x13, 0x26,0x00, 0x25,0x00, 0x25,0x00,
 0x25,0x00, 0x45,0x00, 0x45,0x00, 0x45,0x00, 0x45,0x00, 0x46,0x00, 0x66,0x00, 0x67,0x00, 0x88,0x00, 0xA9,0x00, 0xCA,0x08, 0xEB,0x08,
 0x0C,0x09, 0x0C,0x09, 0xEB,0x08, 0xCB,0x00, 0xA9,0x00, 0x87,0x00, 0x67,0x00, 0x46,0x00, 0x46,0x00, 0x25,0x00, 0xA7,0x08, 0x87,0x08,
 0x25,0x00, 0x45,0x00, 0x88,0x00, 0xA9,0x08, 0x67,0x00, 0x89,0x00, 0xCA,0x00, 0xEB,0x08, 0xEB,0x08, 0x0C,0x09, 0x0C,0x09, 0xEB,0x08,
 0xEB,0x00, 0xCA,0x00, 0xEB,0x00, 0xEB,0x08, 0xEB,0x08, 0xEB,0x08, 0xEA,0x08, 0xCA,0x08, 0xA9,0x00, 0x88,0x00, 0x67,0x00, 0x67,0x00,
 0x46,0x00, 0x46,0x00, 0x45,0x00, 0x46,0x00, 0x66,0x00, 0x67,0x00, 0x88,0x00, 0xA8,0x00, 0xA9,0x00, 0xCA,0x00, 0xEB,0x08, 0xEB,0x08,
 0x0C,0x09, 0xEC,0x08, 0xEC,0x08, 0xEC,0x08, 0xEC,0x08, 0x0C,0x09, 0x0C,0x09, 0x0C,0x09, 0xEB,0x08, 0xEA,0x00, 0xC9,0x00, 0xA9,0x00,
 0xA9,0x00, 0xA9,0x00, 0xCA,0x00, 0xEB,0x08, 0xEB,0x08, 0x0C,0x09, 0x0D,0x09, 0x0D,0x09, 0x0D,0x09, 0x0D,0x09, 0x0D,0x09, 0x0D,0x09,
 0x0D,0x09, 0x0D,0x09, 0x0C,0x09, 0x0B,0x09, 0xEA,0x00, 0xA9,0x00, 0xA8,0x00, 0x88,0x00, 0x67,0x00, 0x67,0x00, 0x46,0x00, 0x46,0x00,
 0x46,0x00, 0x46,0x00, 0x45,0x00, 0x45,0x08, 0x45,0x08, 0x45,0x08, 0x45,0x08, 0x46,0x08, 0x46,0x00, 0x45,0x00, 0x46,0x00, 0x46,0x00,
 0x66,0x00, 0x67,0x00, 0x88,0x00, 0xA9,0x00, 0xCA,0x08, 0xEA,0x08, 0xEA,0x08, 0xEA,0x08, 0xCA,0x08, 0xA9,0x08, 0xA8,0x08, 0x88,0x08,
 0x67,0x08, 0x67,0x08, 0x67,0x08, 0x67,0x00, 0x67,0x00, 0x67,0x00, 0x67,0x08, 0x67,0x00, 0x67,0x08, 0x67,0x00, 0x67,0x08, 0x67,0x08,
 0x67,0x08, 0x88,0x08, 0x88,0x08, 0xA9,0x08, 0xCA,0x08, 0xEA,0x08, 0xEB,0x08, 0xEA,0x08, 0xCA,0x08, 0xCA,0x08, 0xAA,0x08, 0xA9,0x08,
 0xCA,0x08, 0xEB,0x08, 0xEB,0x08, 0x0B,0x09, 0xEB,0x08, 0xEB,0x08, 0xCA,0x08, 0xCA,0x08, 0xCA,0x08, 0xCA,0x08, 0xEB,0x08, 0xEA,0x08,
 0xEB,0x08, 0xEB,0x08, 0xEB,0x08, 0xCA,0x08, 0xA9,0x08, 0xA9,0x08, 0x89,0x08, 0x88,0x08, 0x88,0x08, 0xCA,0x10, 0xA9,0x08, 0xCA,0x08,
 0xEB,0x08, 0x2D,0x11, 0xEC,0x10, 0xEB,0x08, 0xEB,0x08, 0xAA,0x08, 0xA9,0x08, 0xA9,0x08, 0xAA,0x08, 0xEB,0x08, 0xEB,0x08, 0x0B,0x09,
 0x0B,0x09, 0xCA,0x08, 0x89,0x08, 0x68,0x08, 0x67,0x08, 0x88,0x08, 0x88,0x08, 0x46,0x00, 0x45,0x08, 0x46,0x08, 0x87,0x08, 0x46,0x08,
 0x45,0x00, 0x45,0x08, 0x25,0x08, 0x25,0x00, 0x25,0x00, 0x25,0x00, 0x24,0x00, 0x24,0x00, 0x24,0x08, 0x24,0x00, 0x24,0x00, 0x24,0x00,
 0x24,0x00, 0x24,0x00, 0x24,0x00, 0x24,0x00, 0x24,0x00, 0x24,0x00, 0x24,0x00, 0x24,0x00, 0x24,0x00, 0x24,0x00, 0x24,0x00, 0x24,0x00,

 0x24,0x00, 0x25,0x00, 0x25,0x00, 0x25,0x00, 0x25,0x00, 0x25,0x00, 0x25,0x00, 0x03,0x00, 0x4A,0x11, 0xE9,0x08, 0x04,0x00, 0x25,0x00,
 0x25,0x00, 0x25,0x00, 0x25,0x00, 0x25,0x00, 0x25,0x00, 0x25,0x00, 0x25,0x00, 0xE9,0x00, 0xAD,0x09, 0x46,0x00, 0x25,0x00, 0x25,0x00,
 0x45,0x00, 0x25,0x00, 0x25,0x00, 0x25,0x00, 0x45,0x00, 0x45,0x00, 0x46,0x00, 0x67,0x00, 0x67,0x00, 0x88,0x00, 0x88,0x00, 0xA9,0x00,
 0xCA,0x08, 0xCA,0x00, 0xCA,0x00, 0xA9,0x00, 0x88,0x00, 0x67,0x00, 0x46,0x00, 0x46,0x00, 0x45,0x00, 0x45,0x00, 0x46,0x00, 0xC9,0x08,
 0x45,0x00, 0x45,0x00, 0x66,0x00, 0xC9,0x08, 0x67,0x00, 0x67,0x00, 0x88,0x00, 0xA9,0x00, 0xA9,0x00, 0xCA,0x00, 0xCA,0x00, 0xA9,0x00,
 0xA9,0x00, 0xA9,0x00, 0xC9,0x00, 0xCA,0x00, 0xA9,0x00, 0xA9,0x00, 0x88,0x00, 0x88,0x00, 0x67,0x00, 0x67,0x00, 0x46,0x00, 0x46,0x00,
 0x45,0x00, 0x45,0x00, 0x45,0x00, 0x45,0x00, 0x46,0x00, 0x66,0x00, 0x67,0x00, 0x87,0x00, 0x88,0x00, 0xA8,0x00, 0xA9,0x00, 0xA9,0x00,
 0xA9,0x00, 0xAA,0x00, 0xAA,0x00, 0xCA,0x00, 0xCA,0x00, 0xAA,0x00, 0xA9,0x00, 0xA9,0x00, 0xA9,0x00, 0xA8,0x00, 0x88,0x00, 0x88,0x00,
 0x88,0x00, 0x88,0x00, 0xA8,0x00, 0xA9,0x00, 0xA9,0x00, 0xCA,0x00, 0xCA,0x00, 0xCA,0x00, 0xCA,0x00, 0xCB,0x00, 0xCA,0x00, 0xCA,0x00,
 0xCA,0x00, 0xCA,0x00, 0xA9,0x00, 0xA9,0x00, 0xA9,0x00, 0x88,0x00, 0x87,0x00, 0x67,0x00, 0x67,0x00, 0x46,0x00, 0x46,0x00, 0x46,0x00,
 0x46,0x00, 0x46,0x08, 0x45,0x08, 0x46,0x00, 0x46,0x08, 0x46,0x00, 0x45,0x00, 0x45,0x00, 0x45,0x00, 0x45,0x00, 0x46,0x00, 0x46,0x00,
 0x66,0x00, 0x67,0x00, 0x67,0x00, 0x88,0x08, 0x88,0x08, 0x88,0x08, 0x88,0x08, 0x88,0x00, 0x88,0x08, 0x88,0x08, 0x67,0x08, 0x67,0x08,
 0x67,0x08, 0x67,0x08, 0x46,0x00, 0x46,0x08, 0x66,0x08, 0x66,0x00, 0x66,0x08, 0x46,0x08, 0x46,0x08, 0x46,0x00, 0x46,0x08, 0x46,0x08,
 0x67,0x08, 0x67,0x08, 0x67,0x08, 0x88,0x08, 0x88,0x08, 0x88,0x08, 0x88,0x08, 0x88,0x08, 0x88,0x08, 0x88,0x08, 0x88,0x08, 0x88,0x08,
 0x88,0x08, 0x89,0x08, 0xA9,0x08, 0xA9,0x08, 0xA9,0x08, 0xA9,0x08, 0xA9,0x08, 0x89,0x08, 0x89,0x08, 0xA9,0x08, 0xA9,0x08, 0x89,0x08,
 0x89,0x08, 0xA9,0x08, 0xA9,0x08, 0x89,0x08, 0x88,0x08, 0x88,0x08, 0x88,0x08, 0x67,0x08, 0x88,0x08, 0xA9,0x10, 0x88,0x08, 0x88,0x08,
 0xA9,0x08, 0xEB,0x10, 0x89,0x08, 0x89,0x08, 0x89,0x08, 0x88,0x08, 0x88,0x08, 0x88,0x08, 0x89,0x08, 0x89,0x08, 0x89,0x08, 0x89,0x08,
 0x89,0x08, 0x88,0x08, 0x68,0x08, 0x67,0x08, 0x67,0x08, 0x46,0x08, 0x66,0x08, 0x66,0x08, 0x45,0x00, 0x46,0x08, 0x46,0x08, 0x87,0x08,
 0x46,0x08, 0x25,0x00, 0x45,0x00, 0x25,0x00, 0x25,0x00, 0x25,0x00, 0x25,0x00, 0x25,0x00, 0x25,0x00, 0x25,0x00, 0x25,0x00, 0x25,0x00,
 0x25,0x00, 0x25,0x00, 0x25,0x00, 0x25,0x00, 0x25,0x00, 0x25,0x00, 0x25,0x00, 0x25,0x00, 0x25,0x00, 0x25,0x00, 0x24,0x00, 0x24,0x00,

 0x25,0x00, 0x25,0x00, 0x25,0x00, 0x25,0x00, 0x25,0x00, 0x25,0x00, 0x25,0x00, 0x04,0x00, 0x4A,0x11, 0xE9,0x08, 0x04,0x00, 0x45,0x00,
 0x25,0x00, 0x25,0x00, 0x25,0x00, 0x25,0x00, 0x25,0x00, 0x25,0x00, 0x45,0x00, 0x25,0x00, 0x05,0x00, 0x25,0x00, 0x25,0x00, 0x25,0x00,
 0x45,0x00, 0x25,0x00, 0x25,0x00, 0x25,0x00, 0x25,0x00, 0x45,0x00, 0x46,0x00, 0x46,0x00, 0x66,0x00, 0x67,0x00, 0x67,0x00, 0x67,0x00,
 0xA8,0x00, 0xA9,0x00, 0x88,0x00, 0x87,0x00, 0x66,0x00, 0x46,0x00, 0x46,0x00, 0x45,0x00, 0x45,0x00, 0x45,0x00, 0x25,0x00, 0xC9,0x08,
 0x67,0x00, 0x25,0x00, 0x25,0x00, 0x88,0x08, 0x88,0x08, 0x45,0x00, 0x67,0x00, 0x88,0x00, 0x88,0x00, 0x88,0x00, 0xA9,0x00, 0x88,0x00,
 0x67,0x00, 0x67,0x00, 0x87,0x00, 0xA9,0x00, 0x88,0x00, 0x67,0x00, 0x67,0x00, 0x67,0x00, 0x47,0x00, 0x46,0x00, 0x46,0x00, 0x45,0x00,
 0x65,0x00, 0x45,0x00, 0x45,0x00, 0x45,0x00, 0x45,0x00, 0x46,0x00, 0x46,0x00, 0x67,0x00, 0x67,0x00, 0x67,0x00, 0x87,0x00, 0x88,0x00,
 0x88,0x00, 0x88,0x00, 0x88,0x00, 0x88,0x00, 0x88,0x00, 0x88,0x00, 0x88,0x00, 0x87,0x00, 0x67,0x00, 0x67,0x00, 0x67,0x00, 0x67,0x00,
 0x67,0x00, 0x67,0x00, 0x67,0x00, 0x88,0x00, 0x88,0x00, 0x88,0x00, 0xA8,0x00, 0xA9,0x00, 0xA8,0x00, 0xA9,0x00, 0xA9,0x00, 0xA8,0x00,
 0xA8,0x00, 0x88,0x00, 0x88,0x00, 0x88,0x00, 0x87,0x00, 0x67,0x00, 0x67,0x00, 0x66,0x00, 0x46,0x00, 0x46,0x00, 0x46,0x00, 0x46,0x00,
 0x46,0x00, 0x45,0x00, 0x46,0x00, 0x46,0x00, 0x45,0x00, 0x45,0x00, 0x45,0x00, 0x45,0x00, 0x46,0x00, 0x46,0x00, 0x46,0x00, 0x46,0x00,
 0x46,0x00, 0x46,0x00, 0x66,0x08, 0x67,0x08, 0x67,0x08, 0x67,0x08, 0x67,0x08, 0x67,0x00, 0x67,0x08, 0x67,0x00, 0x66,0x08, 0x46,0x08,
 0x66,0x08, 0x46,0x08, 0x46,0x08, 0x46,0x00, 0x46,0x08, 0x46,0x00, 0x46,0x08, 0x46,0x00, 0x46,0x00, 0x46,0x00, 0x46,0x00, 0x46,0x08,
 0x46,0x08, 0x47,0x08, 0x67,0x08, 0x67,0x08, 0x67,0x08, 0x67,0x00, 0x67,0x08, 0x67,0x00, 0x67,0x08, 0x67,0x00, 0x68,0x00, 0x67,0x00,
 0x67,0x00, 0x68,0x00, 0x68,0x00, 0x68,0x00, 0x68,0x08, 0x68,0x08, 0x68,0x08, 0x68,0x08, 0x88,0x08, 0x88,0x08, 0x68,0x08, 0x68,0x08,
 0x68,0x08, 0x88,0x08, 0x68,0x08, 0x68,0x08, 0x68,0x08, 0x67,0x08, 0x67,0x08, 0x67,0x08, 0x89,0x10, 0x88,0x08, 0x67,0x08, 0x67,0x08,
 0xC9,0x10, 0xA9,0x08, 0x67,0x08, 0x68,0x08, 0x68,0x00, 0x68,0x08, 0x68,0x08, 0x68,0x08, 0x68,0x08, 0x88,0x08, 0x88,0x08, 0x88,0x08,
 0x67,0x08, 0x67,0x08, 0x67,0x08, 0x46,0x08, 0x46,0x08, 0x46,0x00, 0x45,0x08, 0x66,0x08, 0x66,0x08, 0x45,0x08, 0x45,0x00, 0x46,0x00,
 0x87,0x08, 0x67,0x08, 0x67,0x08, 0x67,0x08, 0x67,0x08, 0x87,0x08, 0x87,0x08, 0x87,0x08, 0x87,0x08, 0x87,0x08, 0x87,0x08, 0x87,0x08,
 0xA7,0x08, 0xA7,0x08, 0xA7,0x08, 0xA8,0x08, 0xA7,0x08, 0xA8,0x08, 0xA8,0x08, 0xA8,0x08, 0xA8,0x08, 0xA8,0x08, 0xA8,0x08, 0xA8,0x08,

 0x25,0x00, 0x25,0x00, 0x25,0x00, 0x25,0x00, 0x25,0x00, 0x25,0x00, 0x45,0x00, 0x04,0x00, 0x6A,0x11, 0x09,0x09, 0x04,0x00, 0x25,0x00,
 0x24,0x00, 0x24,0x00, 0x25,0x00, 0x25,0x00, 0x25,0x00, 0x25,0x00, 0x25,0x00, 0x25,0x00, 0x25,0x00, 0x25,0x00, 0x25,0x00, 0x25,0x00,
 0x25,0x00, 0x25,0x00, 0x25,0x00, 0x25,0x00, 0x25,0x00, 0x25,0x00, 0x45,0x00, 0x45,0x00, 0x46,0x00, 0x46,0x00, 0x46,0x00, 0x66,0x00,
 0x66,0x00, 0x87,0x00, 0x66,0x00, 0x46,0x00, 0x46,0x00, 0x46,0x00, 0x45,0x00, 0x45,0x00, 0x45,0x00, 0x45,0x00, 0x25,0x00, 0x87,0x08,
 0xC9,0x08, 0x25,0x00, 0x25,0x00, 0x46,0x00, 0xA8,0x08, 0x45,0x00, 0x46,0x00, 0x67,0x00, 0x67,0x00, 0x88,0x00, 0x88,0x00, 0x88,0x00,
 0x67,0x00, 0x47,0x00, 0x46,0x00, 0x87,0x00, 0xA8,0x00, 0x46,0x00, 0x46,0x00, 0x46,0x00, 0x46,0x00, 0x45,0x00, 0x45,0x00, 0x45,0x00,
 0x45,0x00, 0x45,0x00, 0x45,0x00, 0x45,0x00, 0x45,0x00, 0x45,0x00, 0x46,0x00, 0x46,0x00, 0x46,0x00, 0x46,0x00, 0x67,0x00, 0x67,0x00,
 0x67,0x00, 0x67,0x00, 0x67,0x00, 0x67,0x00, 0x67,0x00, 0x67,0x00, 0x67,0x00, 0x67,0x00, 0x67,0x00, 0x66,0x00, 0x66,0x00, 0x66,0x00,
 0x66,0x00, 0x66,0x00, 0x67,0x00, 0x67,0x00, 0x67,0x00, 0x67,0x00, 0x67,0x00, 0x67,0x00, 0x67,0x00, 0x67,0x00, 0x67,0x00, 0x67,0x00,
 0x67,0x00, 0x67,0x00, 0x67,0x00, 0x67,0x00, 0x67,0x00, 0x46,0x00, 0x46,0x00, 0x46,0x00, 0x45,0x00, 0x45,0x00, 0x45,0x00, 0x46,0x00,
 0x46,0x00, 0x46,0x00, 0x46,0x00, 0x45,0x00, 0x46,0x00, 0x45,0x00, 0x46,0x00, 0x46,0x08, 0x46,0x00, 0x46,0x00, 0x46,0x08, 0x46,0x00,
 0x46,0x08, 0x46,0x08, 0x46,0x08, 0x66,0x08, 0x67,0x08, 0x67,0x08, 0x67,0x08, 0x46,0x00, 0x46,0x08, 0x46,0x08, 0x46,0x08, 0x46,0x08,
 0x46,0x00, 0x46,0x00, 0x46,0x08, 0x46,0x00, 0x46,0x00, 0x46,0x00, 0x45,0x00, 0x45,0x00, 0x46,0x00, 0x46,0x00, 0x46,0x00, 0x46,0x00,
 0x46,0x00, 0x46,0x00, 0x47,0x08, 0x47,0x08, 0x47,0x08, 0x47,0x08, 0x67,0x08, 0x67,0x08, 0x67,0x08, 0x67,0x08, 0x67,0x08, 0x67,0x08,
 0x67,0x08, 0x67,0x08, 0x67,0x08, 0x67,0x08, 0x67,0x08, 0x67,0x08, 0x67,0x08, 0x67,0x08, 0x67,0x08, 0x67,0x08, 0x47,0x08, 0x47,0x08,
 0x67,0x08, 0x67,0x08, 0x67,0x08, 0x67,0x08, 0x67,0x08, 0x67,0x08, 0x46,0x08, 0x67,0x08, 0x88,0x10, 0x46,0x08, 0x47,0x08, 0x67,0x08,
 0xCA,0x10, 0x47,0x08, 0x47,0x08, 0x67,0x08, 0x67,0x08, 0x67,0x08, 0x67,0x08, 0x67,0x08, 0x67,0x08, 0x47,0x00, 0x47,0x08, 0x67,0x08,
 0x67,0x08, 0x46,0x08, 0x46,0x08, 0x46,0x08, 0x45,0x08, 0x46,0x08, 0x46,0x08, 0x45,0x08, 0x66,0x08, 0x86,0x08, 0x45,0x00, 0x45,0x08,
 0x45,0x08, 0x87,0x08, 0x87,0x08, 0x87,0x08, 0x87,0x08, 0x87,0x08, 0x87,0x08, 0x87,0x08, 0x87,0x08, 0xA8,0x08, 0xA8,0x08, 0xA8,0x08,
 0xA8,0x08, 0xA8,0x08, 0xA8,0x08, 0xA8,0x08, 0xC8,0x08, 0xC8,0x08, 0xC8,0x08, 0xC8,0x08, 0xC8,0x08, 0xC8,0x08, 0xC8,0x08, 0xC8,0x08,

 0x25,0x00, 0x25,0x00, 0x25,0x00, 0x25,0x00, 0x25,0x00, 0x24,0x00, 0x45,0x00, 0x04,0x00, 0x6A,0x11, 0x09,0x09, 0x04,0x00, 0x45,0x00,
 0x25,0x00, 0x66,0x00, 0x66,0x00, 0x25,0x00, 0x25,0x00, 0x25,0x00, 0x25,0x00, 0x25,0x00, 0x25,0x00, 0x25,0x00, 0x25,0x00, 0x25,0x00,
 0x25,0x00, 0x25,0x00, 0x45,0x00, 0x25,0x00, 0x25,0x00, 0x25,0x00, 0x45,0x00, 0x45,0x00, 0x45,0x00, 0x45,0x00, 0x45,0x00, 0x46,0x00,
 0x46,0x00, 0x46,0x00, 0x45,0x00, 0x45,0x00, 0x45,0x00, 0x45,0x00, 0x45,0x00, 0x45,0x00, 0x45,0x00, 0x45,0x00, 0x45,0x00, 0x46,0x00,
 0xC9,0x08, 0x66,0x00, 0x25,0x00, 0x25,0x00, 0xA8,0x08, 0x87,0x08, 0x25,0x00, 0x67,0x00, 0x67,0x00, 0x68,0x00, 0x67,0x00, 0x67,0x00,
 0x67,0x00, 0x45,0x00, 0x45,0x00, 0x45,0x00, 0xA8,0x00, 0x66,0x00, 0x25,0x00, 0x45,0x00, 0x45,0x00, 0x45,0x00, 0x45,0x00, 0x45,0x00,
 0x45,0x00, 0x45,0x00, 0x45,0x00, 0x45,0x00, 0x45,0x00, 0x45,0x00, 0x45,0x00, 0x45,0x00, 0x46,0x00, 0x46,0x00, 0x46,0x00, 0x46,0x00,
 0x46,0x00, 0x46,0x00, 0x46,0x00, 0x46,0x00, 0x46,0x00, 0x46,0x00, 0x46,0x00, 0x46,0x00, 0x46,0x00, 0x46,0x00, 0x46,0x00, 0x46,0x00,
 0x46,0x00, 0x46,0x00, 0x46,0x00, 0x46,0x00, 0x46,0x00, 0x46,0x00, 0x46,0x00, 0x46,0x00, 0x46,0x00, 0x46,0x00, 0x46,0x00, 0x46,0x00,
 0x46,0x00, 0x46,0x00, 0x46,0x00, 0x46,0x00, 0x46,0x00, 0x46,0x00, 0x45,0x00, 0x46,0x00, 0x46,0x00, 0x46,0x00, 0x45,0x00, 0x46,0x00,
 0x45,0x00, 0x45,0x00, 0x45,0x08, 0x46,0x00, 0x46,0x00, 0x45,0x08, 0x46,0x00, 0x46,0x08, 0x66,0x08, 0x66,0x08, 0x46,0x08, 0x46,0x08,
 0x46,0x08, 0x46,0x08, 0x46,0x08, 0x46,0x08, 0x46,0x08, 0x46,0x08, 0x46,0x08, 0x46,0x00, 0x46,0x08, 0x46,0x08, 0x46,0x08, 0x46,0x08,
 0x46,0x08, 0x46,0x08, 0x46,0x08, 0x46,0x08, 0x45,0x08, 0x45,0x08, 0x46,0x08, 0x46,0x08, 0x46,0x08, 0x46,0x08, 0x45,0x08, 0x46,0x08,
 0x46,0x08, 0x46,0x08, 0x46,0x08, 0x46,0x08, 0x46,0x08, 0x46,0x08, 0x46,0x08, 0x46,0x08, 0x46,0x08, 0x46,0x08, 0x46,0x08, 0x46,0x08,
 0x46,0x08, 0x46,0x08, 0x46,0x08, 0x46,0x08, 0x46,0x08, 0x46,0x08, 0x46,0x08, 0x66,0x08, 0x67,0x08, 0x46,0x08, 0x46,0x08, 0x46,0x08,
 0x47,0x08, 0x47,0x08, 0x47,0x08, 0x46,0x10, 0x46,0x08, 0x46,0x08, 0x45,0x08, 0x88,0x10, 0x67,0x10, 0x46,0x08, 0x46,0x08, 0xA8,0x10,
 0xA8,0x10, 0x25,0x08, 0x46,0x08, 0x46,0x08, 0x46,0x08, 0x46,0x08, 0x46,0x08, 0x66,0x08, 0x67,0x08, 0x66,0x08, 0x46,0x08, 0x46,0x08,
 0x46,0x08, 0x46,0x08, 0x46,0x08, 0x45,0x08, 0x46,0x08, 0x46,0x08, 0x46,0x08, 0x46,0x08, 0x46,0x08, 0x86,0x08, 0x66,0x08, 0x45,0x08,
 0x45,0x08, 0x45,0x08, 0x45,0x08, 0x45,0x08, 0x25,0x08, 0x25,0x00, 0x24,0x00, 0x25,0x00, 0x24,0x00, 0x25,0x00, 0x25,0x00, 0x25,0x00,
 0x25,0x00, 0x24,0x00, 0x25,0x00, 0x25,0x00, 0x25,0x00, 0x25,0x00, 0x25,0x00, 0x25,0x00, 0x25,0x00, 0x24,0x00, 0x24,0x00, 0x24,0x00,

 0x25,0x00, 0x25,0x00, 0x25,0x00, 0x25,0x00, 0x25,0x00, 0x25,0x00, 0x25,0x00, 0x04,0x00, 0x6B,0x11, 0x09,0x09, 0x04,0x00, 0x45,0x00,
 0x25,0x00, 0x66,0x00, 0x46,0x00, 0x25,0x00, 0x24,0x00, 0x25,0x00, 0x25,0x00, 0x25,0x00, 0x25,0x00, 0x25,0x00, 0x25,0x00, 0x45,0x00,
 0x25,0x00, 0x25,0x00, 0x25,0x00, 0x25,0x00, 0x25,0x00, 0x45,0x00, 0x45,0x00, 0x45,0x00, 0x45,0x00, 0x45,0x00, 0x25,0x00, 0x45,0x00,
 0x45,0x00, 0x45,0x00, 0x45,0x00, 0x45,0x00, 0x45,0x00, 0x45,0x00, 0x45,0x00, 0x46,0x00, 0x46,0x00, 0x46,0x00, 0x46,0x00, 0x45,0x00,
 0x88,0x08, 0xA8,0x08, 0x25,0x00, 0x25,0x00, 0x66,0x00, 0xA8,0x08, 0x25,0x00, 0x46,0x00, 0x67,0x00, 0x67,0x00, 0x67,0x00, 0x67,0x00,
 0x67,0x00, 0x45,0x00, 0x45,0x00, 0x25,0x00, 0x66,0x00, 0xC8,0x00, 0x46,0x00, 0x45,0x00, 0x45,0x00, 0x45,0x00, 0x25,0x00, 0x25,0x00,
 0x45,0x00, 0x45,0x00, 0x45,0x00, 0x45,0x00, 0x45,0x00, 0x45,0x00, 0x45,0x00, 0x45,0x00, 0x45,0x00, 0x45,0x00, 0x45,0x00, 0x25,0x00,
 0x25,0x00, 0x46,0x00, 0x46,0x00, 0x46,0x00, 0x46,0x00, 0x46,0x00, 0x45,0x00, 0x46,0x00, 0x46,0x00, 0x46,0x00, 0x46,0x00, 0x46,0x00,
 0x46,0x00, 0x46,0x00, 0x46,0x00, 0x46,0x00, 0x46,0x00, 0x46,0x00, 0x46,0x00, 0x46,0x00, 0x46,0x00, 0x46,0x00, 0x46,0x00, 0x46,0x00,
 0x46,0x00, 0x46,0x00, 0x46,0x00, 0x46,0x00, 0x45,0x00, 0x45,0x00, 0x46,0x00, 0x46,0x00, 0x46,0x00, 0x46,0x00, 0x46,0x00, 0x45,0x00,
 0x45,0x00, 0x45,0x00, 0x45,0x00, 0x46,0x00, 0x46,0x00, 0x46,0x00, 0x46,0x08, 0x46,0x08, 0x46,0x08, 0x46,0x08, 0x46,0x08, 0x46,0x08,
 0x46,0x08, 0x46,0x08, 0x46,0x08, 0x46,0x08, 0x45,0x08, 0x46,0x08, 0x45,0x00, 0x45,0x00, 0x45,0x00, 0x45,0x00, 0x46,0x08, 0x46,0x08,
 0x46,0x08, 0x46,0x08, 0x46,0x08, 0x66,0x08, 0x46,0x08, 0x46,0x08, 0x66,0x08, 0x46,0x08, 0x46,0x08, 0x46,0x08, 0x46,0x08, 0x46,0x08,
 0x46,0x08, 0x46,0x08, 0x46,0x08, 0x46,0x08, 0x46,0x08, 0x46,0x08, 0x46,0x08, 0x46,0x08, 0x46,0x08, 0x46,0x08, 0x46,0x08, 0x46,0x08,
 0x46,0x08, 0x46,0x08, 0x46,0x08, 0x46,0x08, 0x46,0x08, 0x46,0x08, 0x46,0x08, 0x66,0x08, 0x46,0x08, 0x46,0x08, 0x46,0x08, 0x46,0x08,
 0x47,0x10, 0x46,0x10, 0x46,0x10, 0x46,0x10, 0x46,0x10, 0x25,0x08, 0x46,0x08, 0x88,0x10, 0x45,0x08, 0x45,0x08, 0x46,0x08, 0xC9,0x10,
 0x66,0x08, 0x45,0x08, 0x46,0x08, 0x46,0x08, 0x46,0x08, 0x46,0x08, 0x46,0x08, 0x46,0x08, 0x46,0x08, 0x66,0x08, 0x66,0x08, 0x66,0x08,
 0x46,0x08, 0x46,0x08, 0x45,0x08, 0x45,0x08, 0x45,0x08, 0x45,0x08, 0x45,0x08, 0x46,0x08, 0x66,0x08, 0x66,0x08, 0x66,0x08, 0xA7,0x10,
 0x45,0x08, 0x25,0x00, 0x25,0x00, 0x25,0x00, 0x45,0x00, 0x45,0x00, 0x25,0x08, 0x25,0x00, 0x25,0x00, 0x24,0x00, 0x24,0x00, 0x24,0x00,
 0x24,0x00, 0x24,0x00, 0x24,0x00, 0x25,0x00, 0x25,0x00, 0x24,0x00, 0x25,0x00, 0x24,0x00, 0x24,0x00, 0x24,0x00, 0x24,0x00, 0x24,0x00,

 0x25,0x00, 0x25,0x00, 0x25,0x00, 0x25,0x00, 0x25,0x00, 0x25,0x00, 0x25,0x00, 0x03,0x00, 0x6B,0x11, 0x09,0x09, 0x04,0x00, 0x45,0x00,
 0x25,0x00, 0x25,0x00, 0x24,0x00, 0x25,0x00, 0x25,0x00, 0x25,0x00, 0x25,0x00, 0x25,0x00, 0x25,0x00, 0x25,0x00, 0x25,0x00, 0x25,0x00,
 0x25,0x00, 0x25,0x00, 0x25,0x00, 0x25,0x00, 0x25,0x00, 0x25,0x00, 0x25,0x00, 0x45,0x00, 0x45,0x00, 0x45,0x00, 0x25,0x00, 0x25,0x00,
 0x25,0x00, 0x45,0x00, 0x45,0x00, 0x46,0x00, 0x46,0x00, 0x66,0x00, 0x87,0x00, 0xA7,0x00, 0xC8,0x00, 0xC8,0x00, 0xC8,0x00, 0xA7,0x00,
 0x86,0x08, 0xC8,0x10, 0x45,0x00, 0x25,0x00, 0x25,0x00, 0xA8,0x08, 0x87,0x08, 0x25,0x00, 0x67,0x00, 0x67,0x08, 0x67,0x08, 0x67,0x00,
 0x67,0x08, 0x66,0x00, 0x25,0x00, 0x45,0x00, 0x25,0x00, 0x4A,0x09, 0xC8,0x00, 0x25,0x00, 0x45,0x00, 0x45,0x00, 0x45,0x00, 0x45,0x00,
 0x25,0x00, 0x45,0x00, 0x45,0x00, 0x45,0x00, 0x45,0x00, 0x45,0x00, 0x45,0x00, 0x45,0x00, 0x45,0x00, 0x45,0x00, 0x45,0x00, 0x25,0x00,
 0x45,0x00, 0x45,0x00, 0x45,0x00, 0x45,0x00, 0x45,0x00, 0x45,0x00, 0x45,0x00, 0x45,0x00, 0x45,0x00, 0x45,0x00, 0x45,0x00, 0x45,0x00,
 0x46,0x00, 0x45,0x00, 0x45,0x00, 0x45,0x00, 0x45,0x00, 0x45,0x00, 0x45,0x00, 0x45,0x00, 0x45,0x00, 0x45,0x00, 0x45,0x00, 0x45,0x00,
 0x45,0x00, 0x45,0x00, 0x45,0x00, 0x45,0x00, 0x45,0x00, 0x45,0x00, 0x45,0x00, 0x45,0x00, 0x45,0x00, 0x45,0x00, 0x45,0x00, 0x45,0x00,
 0x45,0x00, 0x45,0x00, 0x45,0x00, 0x45,0x00, 0x46,0x00, 0x46,0x08, 0x46,0x00, 0x46,0x08, 0x46,0x00, 0x46,0x00, 0x46,0x00, 0x46,0x00,
 0x46,0x08, 0x45,0x08, 0x46,0x00, 0x45,0x00, 0x46,0x00, 0x46,0x08, 0x46,0x08, 0x46,0x08, 0x46,0x08, 0x46,0x08, 0x46,0x08, 0x46,0x08,
 0x46,0x08, 0x46,0x08, 0x46,0x08, 0x46,0x08, 0x46,0x08, 0x46,0x08, 0x46,0x08, 0x46,0x08, 0x46,0x08, 0x46,0x00, 0x46,0x08, 0x46,0x08,
 0x46,0x08, 0x46,0x08, 0x45,0x00, 0x46,0x08, 0x46,0x08, 0x46,0x08, 0x46,0x08, 0x46,0x08, 0x46,0x08, 0x46,0x08, 0x46,0x08, 0x46,0x08,
 0x46,0x08, 0x46,0x08, 0x46,0x08, 0x46,0x08, 0x46,0x08, 0x45,0x08, 0x46,0x08, 0x66,0x08, 0x25,0x08, 0x66,0x08, 0xA8,0x08, 0x46,0x08,
 0x46,0x10, 0x46,0x10, 0x46,0x10, 0x46,0x10, 0x46,0x10, 0x25,0x08, 0x87,0x10, 0x66,0x10, 0x25,0x08, 0x25,0x08, 0x87,0x10, 0xA8,0x10,
 0x25,0x08, 0x46,0x08, 0x46,0x08, 0x46,0x08, 0x45,0x08, 0x46,0x08, 0x66,0x08, 0x46,0x08, 0x45,0x08, 0x45,0x08, 0x46,0x08, 0x46,0x08,
 0x46,0x08, 0x46,0x08, 0xA8,0x10, 0x87,0x10, 0x45,0x08, 0x45,0x08, 0x45,0x08, 0x45,0x08, 0x66,0x08, 0x66,0x08, 0x25,0x08, 0x87,0x08,
 0xA8,0x10, 0x66,0x08, 0x66,0x08, 0x66,0x08, 0x66,0x08, 0x67,0x08, 0x87,0x08, 0x87,0x08, 0x87,0x08, 0x87,0x08, 0x87,0x08, 0x87,0x08,
 0x87,0x08, 0x87,0x08, 0x87,0x08, 0x87,0x08, 0x87,0x08, 0x87,0x08, 0x87,0x08, 0x87,0x08, 0x87,0x08, 0xA8,0x08, 0xA7,0x08, 0x88,0x08,

 0x25,0x00, 0x25,0x00, 0x25,0x00, 0x25,0x00, 0x25,0x00, 0x25,0x00, 0x45,0x00, 0x04,0x00, 0x8B,0x11, 0x0A,0x09, 0x04,0x00, 0x25,0x00,
 0x25,0x00, 0x25,0x00, 0x25,0x00, 0x25,0x00, 0x25,0x00, 0x25,0x00, 0x25,0x00, 0x25,0x00, 0x25,0x00, 0x25,0x00, 0x25,0x00, 0x25,0x00,
 0x25,0x00, 0x25,0x00, 0x25,0x00, 0x25,0x00, 0x25,0x00, 0x25,0x00, 0x25,0x00, 0x25,0x00, 0x25,0x00, 0x25,0x00, 0x25,0x00, 0x25,0x00,
 0x46,0x00, 0x46,0x00, 0x46,0x00, 0x46,0x00, 0x66,0x00, 0xA7,0x00, 0xE8,0x00, 0x29,0x01, 0x6A,0x01, 0x8B,0x01, 0x8B,0x09, 0x29,0x09,
 0xE8,0x08, 0xC8,0x10, 0x87,0x10, 0x45,0x00, 0x25,0x00, 0x66,0x00, 0xC9,0x08, 0x45,0x00, 0x46,0x00, 0x87,0x00, 0x67,0x08, 0x67,0x08,
 0x67,0x08, 0x67,0x08, 0x45,0x00, 0x25,0x00, 0x45,0x00, 0x66,0x00, 0xC9,0x08, 0x46,0x00, 0x25,0x00, 0x45,0x00, 0x45,0x00, 0x45,0x00,
 0x45,0x00, 0x45,0x00, 0x45,0x00, 0x45,0x00, 0x45,0x00, 0x45,0x00, 0x45,0x00, 0x45,0x00, 0x45,0x00, 0x45,0x00, 0x45,0x00, 0x45,0x00,
 0x25,0x00, 0x25,0x00, 0x45,0x00, 0x45,0x00, 0x45,0x00, 0x45,0x00, 0x45,0x00, 0x45,0x00, 0x45,0x00, 0x45,0x00, 0x45,0x00, 0x46,0x00,
 0x66,0x00, 0x46,0x00, 0x46,0x00, 0x46,0x00, 0x45,0x00, 0x45,0x00, 0x46,0x00, 0x46,0x00, 0x46,0x00, 0x46,0x00, 0x66,0x00, 0x46,0x00,
 0x45,0x00, 0x45,0x00, 0x45,0x00, 0x45,0x00, 0x46,0x00, 0x46,0x00, 0x46,0x00, 0x46,0x00, 0x46,0x00, 0x46,0x00, 0x46,0x00, 0x46,0x00,
 0x46,0x00, 0x46,0x00, 0x46,0x00, 0x46,0x08, 0x66,0x00, 0x66,0x08, 0x66,0x00, 0x66,0x00, 0x66,0x08, 0x66,0x08, 0x66,0x00, 0x66,0x08,
 0x66,0x08, 0x66,0x08, 0x66,0x08, 0x66,0x08, 0x86,0x08, 0x86,0x08, 0x86,0x08, 0x86,0x08, 0x86,0x08, 0x86,0x08, 0x86,0x08, 0x86,0x08,
 0x86,0x08, 0x86,0x08, 0x86,0x08, 0x86,0x08, 0x86,0x08, 0x86,0x08, 0x87,0x08, 0x86,0x08, 0x86,0x08, 0x66,0x08, 0x86,0x08, 0x86,0x08,
 0x86,0x08, 0x66,0x08, 0x66,0x08, 0x66,0x08, 0x66,0x08, 0x86,0x08, 0x86,0x08, 0x66,0x08, 0x66,0x08, 0x66,0x08, 0x66,0x08, 0x66,0x08,
 0x66,0x08, 0x66,0x08, 0x66,0x08, 0x66,0x08, 0x66,0x08, 0x66,0x08, 0x87,0x08, 0x66,0x08, 0x66,0x08, 0x66,0x08, 0x87,0x08, 0x67,0x10,
 0x67,0x10, 0x66,0x10, 0x67,0x10, 0x67,0x10, 0x46,0x08, 0x66,0x08, 0xA8,0x10, 0x66,0x08, 0x45,0x08, 0x65,0x08, 0xC8,0x10, 0x87,0x10,
 0x66,0x08, 0x66,0x08, 0x66,0x08, 0x66,0x08, 0x66,0x08, 0x66,0x08, 0x66,0x10, 0x66,0x08, 0x66,0x08, 0x66,0x08, 0x46,0x08, 0x66,0x08,
 0x66,0x08, 0x66,0x08, 0xA8,0x10, 0x87,0x10, 0x66,0x08, 0x66,0x08, 0x66,0x08, 0x66,0x08, 0x46,0x08, 0x45,0x08, 0x45,0x08, 0x25,0x08,
 0x66,0x10, 0x87,0x10, 0x87,0x10, 0x87,0x10, 0x87,0x10, 0x87,0x08, 0x87,0x10, 0xA8,0x10, 0xA8,0x10, 0xA8,0x08, 0xA8,0x08, 0xA8,0x08,
 0xA8,0x08, 0xA8,0x08, 0xC8,0x08, 0xA8,0x08, 0xA8,0x08, 0xC9,0x08, 0xC9,0x08, 0xC9,0x10, 0xC9,0x10, 0xC9,0x10, 0xC8,0x10, 0xC8,0x10,

 0x45,0x00, 0x25,0x00, 0x25,0x00, 0x25,0x00, 0x25,0x00, 0x25,0x00, 0x45,0x00, 0x25,0x00, 0xAC,0x11, 0x2A,0x09, 0x25,0x00, 0x46,0x00,
 0x25,0x00, 0x25,0x00, 0x25,0x00, 0x25,0x00, 0x25,0x00, 0x25,0x00, 0x25,0x00, 0x25,0x00, 0x25,0x00, 0x25,0x00, 0x25,0x00, 0x25,0x00,
 0x25,0x00, 0x45,0x00, 0x66,0x00, 0x86,0x00, 0x66,0x00, 0x66,0x00, 0x66,0x00, 0x66,0x00, 0x66,0x00, 0x46,0x00, 0x46,0x00, 0x46,0x00,
 0x46,0x00, 0x46,0x00, 0x46,0x00, 0x66,0x00, 0x87,0x00, 0xC8,0x00, 0x0C,0x0A, 0x74,0x24, 0xD5,0x24, 0xD6,0x24, 0xD6,0x24, 0x34,0x24,
 0x0D,0x1A, 0xE9,0x18, 0xC8,0x18, 0x66,0x08, 0x45,0x00, 0x45,0x00, 0xA8,0x08, 0x88,0x08, 0x25,0x00, 0x67,0x00, 0x87,0x00, 0x67,0x08,
 0x67,0x08, 0x67,0x08, 0x66,0x00, 0x25,0x00, 0x45,0x00, 0x25,0x00, 0x87,0x00, 0xA7,0x08, 0x25,0x00, 0x45,0x00, 0x45,0x00, 0x45,0x00,
 0x45,0x00, 0x45,0x00, 0x45,0x00, 0x45,0x00, 0x45,0x00, 0x45,0x00, 0x45,0x00, 0x45,0x00, 0x45,0x00, 0x45,0x00, 0x45,0x00, 0x45,0x00,
 0x45,0x00, 0x45,0x00, 0x45,0x00, 0x45,0x00, 0x65,0x00, 0x65,0x00, 0x65,0x00, 0x45,0x00, 0x65,0x00, 0x65,0x00, 0x65,0x00, 0x66,0x00,
 0x66,0x00, 0x66,0x00, 0x66,0x00, 0x66,0x00, 0x66,0x00, 0x66,0x00, 0x66,0x00, 0x66,0x00, 0x66,0x00, 0x66,0x00, 0x66,0x00, 0x66,0x00,
 0x66,0x00, 0x86,0x00, 0x86,0x00, 0x86,0x00, 0x66,0x00, 0x66,0x00, 0x86,0x00, 0x86,0x00, 0x86,0x00, 0x86,0x00, 0x86,0x00, 0x86,0x00,
 0x86,0x00, 0x86,0x00, 0x86,0x00, 0xA6,0x00, 0xA6,0x00, 0xA6,0x08, 0xA7,0x00, 0xC7,0x00, 0xC7,0x08, 0xC7,0x00, 0xC7,0x08, 0xE7,0x08,
 0xE7,0x08, 0x07,0x09, 0x08,0x09, 0x08,0x09, 0x28,0x09, 0x28,0x09, 0x28,0x09, 0x48,0x09, 0x48,0x09, 0x48,0x09, 0x48,0x09, 0x48,0x09,
 0x48,0x09, 0x48,0x09, 0x68,0x09, 0x48,0x09, 0x48,0x09, 0x28,0x09, 0x28,0x09, 0x28,0x09, 0x28,0x09, 0x28,0x09, 0x28,0x09, 0x08,0x09,
 0x08,0x09, 0x07,0x09, 0x08,0x09, 0x07,0x09, 0x07,0x09, 0x07,0x09, 0x08,0x09, 0xE7,0x08, 0xE7,0x08, 0xE7,0x08, 0xC7,0x08, 0xC7,0x08,
 0xC7,0x08, 0xC7,0x08, 0xC7,0x08, 0xC7,0x08, 0xC7,0x08, 0x07,0x09, 0xE7,0x08, 0xA6,0x08, 0xA7,0x08, 0xA7,0x08, 0xA7,0x08, 0xA7,0x08,
 0xA7,0x08, 0xA7,0x08, 0xA7,0x08, 0xA7,0x10, 0xA7,0x08, 0xE9,0x10, 0xC8,0x10, 0xA6,0x08, 0x86,0x08, 0xE8,0x10, 0x29,0x11, 0xA6,0x08,
 0xA7,0x10, 0xA7,0x08, 0xA7,0x08, 0xA7,0x08, 0xA7,0x08, 0xA7,0x08, 0xA6,0x08, 0xA6,0x08, 0xA6,0x08, 0xA7,0x10, 0xA7,0x10, 0xA7,0x10,
 0xA7,0x10, 0xA7,0x10, 0xA7,0x10, 0xA7,0x10, 0xA7,0x10, 0xA7,0x10, 0xA7,0x10, 0xA7,0x10, 0xA7,0x10, 0x86,0x08, 0x66,0x08, 0x45,0x08,
 0x45,0x08, 0x45,0x08, 0x45,0x08, 0x45,0x08, 0x25,0x08, 0x45,0x08, 0x25,0x08, 0x25,0x08, 0x25,0x08, 0x25,0x00, 0x25,0x00, 0x25,0x00,
 0x25,0x00, 0x25,0x00, 0x25,0x00, 0x25,0x00, 0x25,0x00, 0x25,0x00, 0x25,0x00, 0x25,0x00, 0x25,0x00, 0x25,0x00, 0x25,0x00, 0x25,0x00,

 0x45,0x00, 0x45,0x00, 0x45,0x00, 0x25,0x00, 0x25,0x00, 0x45,0x00, 0x66,0x00, 0x25,0x00, 0xCD,0x11, 0x6B,0x09, 0x45,0x00, 0x86,0x00,
 0x45,0x00, 0x25,0x00, 0x25,0x00, 0x25,0x00, 0x25,0x00, 0x25,0x00, 0x25,0x00, 0x45,0x00, 0x25,0x00, 0x25,0x00, 0x25,0x00, 0x45,0x00,
 0x66,0x00, 0xA7,0x00, 0x87,0x00, 0xC8,0x00, 0x4A,0x09, 0x4A,0x09, 0x29,0x09, 0xE8,0x08, 0xA7,0x00, 0x87,0x00, 0x67,0x00, 0x46,0x00,
 0x46,0x00, 0x46,0x00, 0x46,0x00, 0x67,0x00, 0xA7,0x00, 0xE9,0x08, 0x71,0x23, 0xFF,0x2F, 0xFF,0x1F, 0xFF,0x2F, 0xFF,0x27, 0xFF,0x2F,
 0xB7,0x5C, 0x6D,0x41, 0xC9,0x28, 0xA7,0x18, 0x46,0x08, 0x45,0x00, 0x66,0x00, 0xC9,0x08, 0x46,0x00, 0x45,0x00, 0x87,0x00, 0x87,0x00,
 0x87,0x00, 0x87,0x00, 0x87,0x00, 0x66,0x00, 0x45,0x00, 0x46,0x00, 0x45,0x00, 0xA7,0x00, 0x86,0x00, 0x45,0x00, 0x66,0x00, 0x66,0x00,
 0x66,0x00, 0x66,0x00, 0x66,0x00, 0x86,0x00, 0x86,0x00, 0x86,0x00, 0x86,0x00, 0x86,0x00, 0x86,0x00, 0x86,0x00, 0x86,0x00, 0xA6,0x00,
 0xA7,0x00, 0xA7,0x00, 0xC7,0x00, 0xC7,0x00, 0xC7,0x00, 0xC7,0x08, 0xC7,0x08, 0xE7,0x08, 0xE7,0x08, 0xE7,0x08, 0xE7,0x08, 0xE7,0x08,
 0xE7,0x08, 0xE8,0x08, 0x07,0x09, 0x08,0x09, 0x08,0x09, 0x08,0x09, 0x08,0x09, 0x28,0x09, 0x28,0x09, 0x28,0x09, 0x28,0x09, 0x49,0x09,
 0x49,0x09, 0x48,0x09, 0x49,0x09, 0x69,0x09, 0x69,0x09, 0x69,0x09, 0x69,0x09, 0x69,0x09, 0x89,0x09, 0x89,0x09, 0xAA,0x09, 0xAA,0x09,
 0xAA,0x09, 0xCA,0x09, 0xCA,0x09, 0xEA,0x09, 0xEB,0x11, 0x0B,0x0A, 0x2B,0x12, 0x2C,0x12, 0x4C,0x12, 0x6C,0x12, 0x8D,0x12, 0x8D,0x12,
 0xAD,0x12, 0xCE,0x12, 0xEE,0x12, 0x0F,0x13, 0x2F,0x13, 0x4F,0x13, 0x70,0x13, 0x90,0x13, 0xB0,0x13, 0xB1,0x13, 0xD1,0x13, 0xB1,0x1B,
 0xB0,0x13, 0x90,0x13, 0xB0,0x13, 0xB1,0x13, 0x90,0x13, 0x70,0x13, 0x70,0x1B, 0x4F,0x1B, 0x4F,0x13, 0x2F,0x13, 0x2F,0x13, 0x0F,0x13,
 0xEE,0x12, 0xEE,0x12, 0xEE,0x12, 0xCE,0x12, 0xCE,0x12, 0xCE,0x1A, 0xCE,0x1A, 0xAD,0x1A, 0x8D,0x1A, 0x8D,0x1A, 0x8D,0x1A, 0x6C,0x1A,
 0x6C,0x1A, 0x6C,0x1A, 0x6C,0x1A, 0x4C,0x1A, 0x6C,0x1A, 0x8C,0x1A, 0x4B,0x1A, 0x2B,0x1A, 0x2B,0x1A, 0x2B,0x1A, 0x2B,0x1A, 0x2B,0x1A,
 0x0B,0x1A, 0x2B,0x1A, 0x2B,0x1A, 0x0B,0x1A, 0x2C,0x1A, 0x6D,0x1A, 0x2B,0x1A, 0x0B,0x1A, 0x0A,0x1A, 0x6C,0x1A, 0x2B,0x1A, 0x2B,0x1A,
 0x2B,0x22, 0x2B,0x1A, 0x2B,0x1A, 0x2B,0x22, 0x2B,0x22, 0x4C,0x22, 0x2B,0x22, 0x2B,0x22, 0x0B,0x22, 0x0B,0x1A, 0x0B,0x22, 0x0B,0x22,
 0x0B,0x22, 0x0A,0x22, 0x0A,0x22, 0x0B,0x22, 0x0B,0x22, 0x0A,0x1A, 0x0A,0x1A, 0xCA,0x19, 0x07,0x09, 0xA6,0x08, 0xC7,0x10, 0x66,0x08,
 0x46,0x08, 0x46,0x08, 0x46,0x08, 0x46,0x08, 0x46,0x08, 0x46,0x08, 0x45,0x08, 0x45,0x08, 0x45,0x08, 0x45,0x08, 0x45,0x08, 0x25,0x00,
 0x87,0x08, 0x87,0x08, 0x24,0x00, 0x25,0x08, 0x87,0x08, 0xA8,0x08, 0x25,0x00, 0x45,0x08, 0x66,0x08, 0xC8,0x08, 0x25,0x08, 0x45,0x08,

 0x45,0x00, 0x25,0x00, 0x45,0x00, 0x25,0x00, 0x45,0x00, 0x45,0x00, 0x87,0x00, 0xED,0x11, 0xD1,0x12, 0xD1,0x1A, 0xAC,0x09, 0xA7,0x00,
 0x66,0x00, 0x45,0x00, 0x25,0x00, 0x25,0x00, 0x25,0x00, 0x25,0x00, 0x25,0x00, 0x25,0x00, 0x25,0x00, 0x25,0x00, 0x25,0x00, 0x66,0x00,
 0xC7,0x00, 0x09,0x01, 0xB3,0x1B, 0xDA,0x35, 0x9A,0x35, 0xB7,0x34, 0xF4,0x2B, 0x11,0x23, 0x2E,0x22, 0x8C,0x19, 0xE9,0x10, 0x87,0x08,
 0x46,0x00, 0x46,0x00, 0x46,0x00, 0x66,0x00, 0xA8,0x00, 0x09,0x09, 0xB2,0x23, 0xDF,0x1F, 0x5A,0x26, 0x53,0x1C, 0xF3,0x1B, 0xB3,0x43,
 0x98,0xD3, 0x76,0xC2, 0xEB,0x38, 0xA8,0x20, 0x66,0x10, 0x45,0x00, 0x25,0x00, 0xA8,0x08, 0xA7,0x08, 0x25,0x00, 0x66,0x00, 0x87,0x00,
 0x87,0x00, 0xA7,0x08, 0xC8,0x08, 0xC8,0x08, 0xA7,0x08, 0xC7,0x08, 0xC7,0x08, 0xE8,0x08, 0x29,0x11, 0x09,0x09, 0x29,0x09, 0x4A,0x11,
 0x6A,0x11, 0x6A,0x11, 0x8A,0x11, 0x8A,0x11, 0x8A,0x11, 0xAB,0x19, 0xAB,0x19, 0xAB,0x19, 0xCB,0x19, 0xEC,0x19, 0xEC,0x19, 0x0D,0x22,
 0x2D,0x22, 0x4D,0x22, 0x6E,0x22, 0x8E,0x2A, 0xAE,0x2A, 0xAF,0x2A, 0xCF,0x2A, 0xCF,0x2A, 0xEF,0x2A, 0x10,0x2B, 0x10,0x2B, 0x10,0x2B,
 0x30,0x2B, 0x50,0x33, 0x71,0x33, 0x71,0x33, 0x91,0x33, 0x91,0x33, 0xB2,0x33, 0xD2,0x33, 0xD2,0x33, 0xF3,0x3B, 0x13,0x3C, 0x34,0x3C,
 0x34,0x3C, 0x54,0x3C, 0x54,0x3C, 0x75,0x3C, 0x75,0x3C, 0x95,0x44, 0xB5,0x44, 0xB6,0x44, 0xD6,0x44, 0xF6,0x44, 0x17,0x45, 0x17,0x45,
 0x37,0x45, 0x58,0x45, 0x78,0x45, 0x99,0x45, 0xB9,0x45, 0xD9,0x45, 0xFA,0x4D, 0x1A,0x4E, 0x3B,0x4E, 0x7B,0x46, 0x9C,0x46, 0xBC,0x46,
 0xDC,0x46, 0xDD,0x4E, 0xFD,0x4E, 0x1D,0x47, 0x3D,0x47, 0x5D,0x47, 0x5E,0x47, 0x7E,0x47, 0x7E,0x47, 0x7E,0x47, 0x9E,0x47, 0x9E,0x47,
 0x7E,0x47, 0x7E,0x47, 0x7E,0x47, 0x7E,0x47, 0x7E,0x47, 0x7E,0x4F, 0x5E,0x4F, 0x7E,0x4F, 0x5E,0x57, 0x5E,0x57, 0x5E,0x57, 0x5D,0x57,
 0x5D,0x57, 0x5D,0x5F, 0x5D,0x5F, 0x5D,0x5F, 0x5D,0x5F, 0x5D,0x67, 0x5D,0x67, 0x5D,0x67, 0x3D,0x67, 0x3D,0x6F, 0x3D,0x6F, 0x3D,0x6F,
 0x3D,0x6F, 0x3D,0x6F, 0x3D,0x77, 0x3D,0x77, 0x5D,0x77, 0x5D,0x77, 0x3D,0x77, 0x3D,0x7F, 0x3D,0x7F, 0x3D,0x7F, 0x3D,0x7F, 0x3D,0x7F,
 0x3D,0x7F, 0x3D,0x7F, 0x3D,0x7F, 0x3D,0x7F, 0x5D,0x87, 0x5D,0x87, 0x5D,0x87, 0x3D,0x87, 0x5D,0x87, 0x5D,0x87, 0x5D,0x87, 0x5D,0x87,
 0x5D,0x8F, 0x5D,0x8F, 0x5D,0x8F, 0x5D,0x8F, 0x5D,0x8F, 0x7D,0x97, 0x5D,0x8F, 0x5D,0x8F, 0x5D,0x8F, 0x5D,0x8F, 0x5D,0x97, 0x5D,0x97,
 0x5D,0x97, 0x5D,0x97, 0x5D,0x97, 0x5D,0x8F, 0x5C,0x8F, 0x5C,0x8F, 0x5C,0x87, 0x5C,0x87, 0x9A,0x76, 0xF1,0x43, 0x28,0x11, 0xC7,0x10,
 0x87,0x10, 0x45,0x08, 0x45,0x00, 0x45,0x08, 0x45,0x08, 0x45,0x08, 0x45,0x08, 0x45,0x08, 0x45,0x08, 0x45,0x08, 0x45,0x08, 0x25,0x00,
 0x88,0x08, 0xA8,0x08, 0x24,0x00, 0x24,0x08, 0x87,0x08, 0xC9,0x10, 0x24,0x08, 0x44,0x08, 0x87,0x08, 0xE9,0x10, 0x25,0x08, 0x45,0x08,

 0x25,0x00, 0x45,0x00, 0x25,0x00, 0x25,0x00, 0x45,0x00, 0x46,0x00, 0xCD,0x11, 0x70,0x12, 0x8B,0x01, 0x0E,0x0A, 0x73,0x1B, 0xCB,0x09,
 0x66,0x00, 0x46,0x00, 0x25,0x00, 0x25,0x00, 0x25,0x00, 0x25,0x00, 0x25,0x00, 0x25,0x00, 0x25,0x00, 0x25,0x00, 0x65,0x00, 0xC7,0x00,
 0x6A,0x09, 0x99,0x2D, 0x7C,0x36, 0xD3,0x1B, 0x4E,0x12, 0xCC,0x09, 0x6A,0x09, 0x09,0x09, 0xE8,0x08, 0xA7,0x08, 0x67,0x00, 0x46,0x00,
 0x46,0x00, 0x46,0x00, 0x46,0x00, 0x66,0x00, 0xA7,0x00, 0x09,0x09, 0xD2,0x1B, 0xFF,0x27, 0xB8,0x25, 0x6A,0x01, 0xA8,0x08, 0x69,0x30,
 0xB4,0xC1, 0x17,0xE2, 0x0D,0x59, 0xC9,0x20, 0xA8,0x18, 0x46,0x08, 0x45,0x00, 0x45,0x00, 0xC8,0x08, 0x45,0x00, 0x25,0x00, 0x87,0x00,
 0x87,0x00, 0x87,0x00, 0x87,0x00, 0x87,0x00, 0x66,0x00, 0x45,0x00, 0x45,0x00, 0x45,0x00, 0x86,0x00, 0xA7,0x08, 0x66,0x00, 0x66,0x00,
 0x86,0x00, 0x86,0x00, 0x86,0x00, 0x86,0x00, 0x86,0x00, 0x86,0x00, 0x86,0x00, 0x86,0x00, 0x86,0x00, 0xA7,0x00, 0xA7,0x00, 0xC7,0x00,
 0xC7,0x08, 0xC7,0x08, 0xC7,0x08, 0xE8,0x08, 0xE8,0x08, 0xE8,0x08, 0xE8,0x08, 0xE8,0x08, 0x08,0x09, 0x08,0x09, 0x08,0x09, 0x08,0x09,
 0x28,0x09, 0x28,0x09, 0x28,0x09, 0x28,0x09, 0x48,0x09, 0x49,0x09, 0x49,0x09, 0x49,0x09, 0x69,0x09, 0x69,0x09, 0x69,0x09, 0x69,0x09,
 0x69,0x09, 0x69,0x09, 0x69,0x09, 0x89,0x09, 0x8A,0x09, 0xAA,0x09, 0xAA,0x11, 0xAA,0x11, 0xAA,0x09, 0xCA,0x09, 0xCA,0x11, 0xCB,0x11,
 0xEB,0x11, 0x0B,0x12, 0x0B,0x12, 0x0B,0x12, 0x2B,0x12, 0x2C,0x12, 0x4C,0x12, 0x4C,0x12, 0x6C,0x12, 0x8D,0x12, 0x8D,0x12, 0xAD,0x12,
 0xCE,0x12, 0xCE,0x12, 0xEE,0x12, 0x0F,0x13, 0x2F,0x13, 0x4F,0x13, 0x50,0x13, 0x70,0x13, 0x70,0x13, 0x90,0x13, 0x91,0x1B, 0x91,0x1B,
 0x91,0x13, 0x90,0x1B, 0x90,0x1B, 0x90,0x1B, 0x90,0x1B, 0x70,0x1B, 0x4F,0x1B, 0x4F,0x1B, 0x4F,0x1B, 0x4F,0x1B, 0x2F,0x1B, 0x2F,0x1B,
 0x0F,0x1B, 0x0E,0x1B, 0x0E,0x1B, 0xEE,0x1A, 0xEE,0x1A, 0xEE,0x1A, 0xEE,0x1A, 0xEE,0x1A, 0xEE,0x1A, 0xCD,0x1A, 0xCD,0x1A, 0xCD,0x1A,
 0xCD,0x1A, 0xAD,0x1A, 0xAD,0x1A, 0xAD,0x1A, 0xAD,0x1A, 0xAC,0x1A, 0xAD,0x22, 0xAD,0x22, 0x8C,0x22, 0x8C,0x22, 0x8C,0x22, 0x8C,0x22,
 0x6C,0x22, 0x6C,0x22, 0x6C,0x22, 0x8C,0x22, 0x8C,0x22, 0x8D,0x22, 0x8C,0x22, 0x8C,0x22, 0x8C,0x22, 0x8D,0x22, 0x8C,0x22, 0x6C,0x22,
 0x6C,0x22, 0x6C,0x22, 0x6C,0x22, 0x6C,0x22, 0x6C,0x22, 0x6C,0x22, 0x6C,0x22, 0x6C,0x22, 0x6C,0x22, 0x6C,0x22, 0x6C,0x22, 0x6C,0x22,
 0x6C,0x22, 0x6C,0x22, 0x6B,0x22, 0x6B,0x22, 0x6B,0x22, 0x6C,0x22, 0x8C,0x22, 0xAC,0x22, 0x52,0x44, 0x3C,0x7F, 0x39,0x6E, 0x8A,0x11,
 0xE8,0x10, 0x66,0x08, 0x45,0x08, 0x45,0x08, 0x46,0x08, 0x46,0x08, 0x46,0x08, 0x46,0x08, 0x45,0x08, 0x45,0x08, 0x45,0x08, 0x25,0x00,
 0x87,0x08, 0xA8,0x08, 0x24,0x00, 0x24,0x00, 0x87,0x08, 0xC9,0x10, 0x25,0x00, 0x44,0x08, 0x86,0x08, 0xC9,0x10, 0x25,0x00, 0x45,0x08,

 0x24,0x00, 0x04,0x00, 0x45,0x00, 0x25,0x00, 0x45,0x00, 0x66,0x00, 0x70,0x1A, 0x8B,0x01, 0x2E,0x0A, 0x4F,0x0A, 0xD1,0x12, 0xF1,0x12,
 0x66,0x00, 0x66,0x00, 0x45,0x00, 0x25,0x00, 0x25,0x00, 0x25,0x00, 0x25,0x00, 0x45,0x00, 0x25,0x00, 0x45,0x00, 0xA6,0x00, 0xC7,0x00,
 0xF7,0x24, 0x1B,0x2E, 0x8B,0x01, 0xA7,0x00, 0xA7,0x00, 0x86,0x00, 0x66,0x00, 0x46,0x00, 0x46,0x00, 0x46,0x00, 0x45,0x00, 0x45,0x00,
 0x45,0x00, 0x45,0x00, 0x46,0x00, 0x46,0x00, 0xA7,0x00, 0x29,0x09, 0xD2,0x23, 0xFF,0x27, 0xB8,0x25, 0x6A,0x01, 0x86,0x00, 0x26,0x10,
 0x2E,0x69, 0x19,0xEB, 0x91,0x89, 0xCA,0x30, 0xC9,0x20, 0x67,0x10, 0x25,0x08, 0x25,0x00, 0x87,0x08, 0xA8,0x08, 0x25,0x00, 0x46,0x00,
 0x87,0x00, 0x87,0x00, 0x87,0x00, 0x66,0x00, 0x66,0x00, 0x45,0x00, 0x24,0x00, 0x44,0x00, 0x25,0x00, 0x66,0x00, 0x87,0x08, 0x25,0x00,
 0x25,0x00, 0x25,0x00, 0x25,0x00, 0x25,0x00, 0x45,0x00, 0x25,0x00, 0x25,0x00, 0x45,0x00, 0x45,0x00, 0x45,0x00, 0x45,0x00, 0x45,0x00,
 0x45,0x00, 0x45,0x00, 0x45,0x00, 0x45,0x00, 0x45,0x00, 0x45,0x00, 0x45,0x00, 0x45,0x00, 0x45,0x00, 0x45,0x00, 0x45,0x00, 0x45,0x00,
 0x66,0x00, 0x45,0x00, 0x45,0x00, 0x45,0x00, 0x65,0x00, 0x65,0x00, 0x65,0x00, 0x66,0x00, 0x66,0x00, 0x65,0x00, 0x46,0x00, 0x66,0x00,
 0x66,0x00, 0x66,0x00, 0x66,0x00, 0x66,0x00, 0x66,0x00, 0x66,0x00, 0x66,0x00, 0x66,0x00, 0x86,0x00, 0x86,0x00, 0x86,0x00, 0x86,0x00,
 0x86,0x00, 0x86,0x00, 0x86,0x00, 0xA6,0x00, 0xA6,0x08, 0xA6,0x08, 0xA6,0x08, 0xA6,0x08, 0xA6,0x08, 0xC6,0x08, 0xC7,0x08, 0xE7,0x08,
 0xE7,0x08, 0xE7,0x08, 0xE7,0x08, 0x07,0x09, 0x08,0x09, 0x08,0x09, 0x08,0x09, 0x08,0x09, 0x28,0x09, 0x28,0x09, 0x08,0x09, 0x08,0x09,
 0x28,0x09, 0x28,0x09, 0x28,0x09, 0x08,0x09, 0x08,0x09, 0x07,0x09, 0x07,0x09, 0x08,0x09, 0x08,0x09, 0x08,0x09, 0x08,0x09, 0x08,0x09,
 0x08,0x09, 0x08,0x09, 0xE7,0x08, 0xE7,0x08, 0xE7,0x08, 0xE7,0x08, 0xC7,0x08, 0xC7,0x08, 0xC7,0x08, 0xC7,0x08, 0xC7,0x08, 0xC7,0x08,
 0xC7,0x08, 0xA6,0x08, 0xA6,0x08, 0xA7,0x08, 0xA6,0x08, 0xA6,0x08, 0xA7,0x08, 0xA7,0x08, 0xA7,0x08, 0xA7,0x08, 0x86,0x08, 0x86,0x08,
 0x86,0x08, 0x86,0x08, 0x86,0x08, 0x86,0x08, 0x86,0x08, 0x86,0x08, 0x87,0x08, 0x86,0x08, 0x86,0x08, 0x86,0x08, 0x86,0x08, 0x86,0x08,
 0x86,0x08, 0x86,0x08, 0x86,0x08, 0x86,0x08, 0x86,0x08, 0x86,0x08, 0x86,0x08, 0x86,0x08, 0x86,0x08, 0x86,0x08, 0x86,0x08, 0x86,0x08,
 0x86,0x08, 0x86,0x08, 0x86,0x08, 0x86,0x08, 0x86,0x08, 0x86,0x08, 0xA6,0x08, 0xC6,0x08, 0xE7,0x08, 0xEA,0x11, 0xBB,0x7E, 0xB8,0x65,
 0x49,0x11, 0xE7,0x10, 0x46,0x08, 0x45,0x08, 0x45,0x08, 0x45,0x08, 0x45,0x08, 0x45,0x08, 0x45,0x08, 0x45,0x08, 0x45,0x08, 0x25,0x08,
 0x87,0x08, 0x87,0x08, 0x24,0x08, 0x25,0x08, 0x87,0x08, 0xC9,0x10, 0x25,0x00, 0x45,0x08, 0x86,0x08, 0xE9,0x10, 0x25,0x00, 0x45,0x08,

 0xF4,0x1B, 0xC7,0x08, 0x04,0x00, 0x45,0x00, 0x45,0x00, 0x45,0x00, 0x0E,0x12, 0xAC,0x09, 0xED,0x01, 0x0E,0x02, 0xF1,0x12, 0x6F,0x12,
 0x66,0x00, 0x66,0x00, 0x66,0x00, 0xE9,0x00, 0x87,0x00, 0x25,0x00, 0x45,0x00, 0x45,0x00, 0x45,0x00, 0x65,0x00, 0x86,0x00, 0x6E,0x12,
 0x7D,0x36, 0xCB,0x09, 0xA7,0x00, 0xA7,0x00, 0x46,0x00, 0x45,0x00, 0x45,0x00, 0x45,0x00, 0x45,0x00, 0x45,0x00, 0x25,0x00, 0x25,0x00,
 0x25,0x00, 0x25,0x00, 0x45,0x00, 0x46,0x00, 0xA7,0x00, 0x2A,0x09, 0xD2,0x23, 0xFF,0x27, 0xB8,0x25, 0x6A,0x01, 0x65,0x00, 0x24,0x08,
 0x27,0x20, 0x54,0xA2, 0x58,0xD3, 0x0C,0x41, 0x2B,0x29, 0xE9,0x18, 0x66,0x10, 0x45,0x08, 0x45,0x08, 0xA7,0x08, 0x66,0x08, 0x25,0x00,
 0x66,0x00, 0x87,0x00, 0x87,0x00, 0x87,0x00, 0x67,0x00, 0x66,0x00, 0x45,0x00, 0x25,0x00, 0x45,0x00, 0x45,0x00, 0x87,0x08, 0x67,0x00,
 0x25,0x00, 0x46,0x00, 0x45,0x00, 0x45,0x00, 0x45,0x00, 0x45,0x00, 0x46,0x00, 0x46,0x00, 0x45,0x00, 0x45,0x00, 0x45,0x00, 0x45,0x00,
 0x45,0x00, 0x45,0x00, 0x45,0x00, 0x45,0x00, 0x45,0x00, 0x45,0x00, 0x46,0x00, 0x46,0x00, 0x46,0x00, 0x46,0x00, 0x46,0x00, 0x46,0x00,
 0x46,0x00, 0x45,0x00, 0x45,0x00, 0x45,0x00, 0x45,0x00, 0x45,0x00, 0x45,0x00, 0x45,0x00, 0x45,0x00, 0x46,0x00, 0x46,0x00, 0x46,0x00,
 0x46,0x00, 0x46,0x00, 0x46,0x00, 0x46,0x00, 0x46,0x00, 0x46,0x00, 0x46,0x00, 0x46,0x00, 0x46,0x00, 0x46,0x00, 0x66,0x00, 0x66,0x08,
 0x66,0x00, 0x66,0x08, 0x46,0x00, 0x66,0x00, 0x66,0x00, 0x66,0x08, 0x66,0x00, 0x66,0x00, 0x66,0x00, 0x66,0x00, 0x66,0x00, 0x66,0x08,
 0x66,0x00, 0x66,0x08, 0x86,0x08, 0x86,0x00, 0x86,0x08, 0x86,0x08, 0x86,0x08, 0x86,0x08, 0x86,0x08, 0x86,0x08, 0x86,0x08, 0x86,0x08,
 0x86,0x08, 0x87,0x08, 0x86,0x08, 0x86,0x08, 0x66,0x08, 0x66,0x08, 0x66,0x08, 0x66,0x08, 0x86,0x08, 0x66,0x08, 0x86,0x08, 0x86,0x08,
 0x87,0x08, 0x87,0x08, 0x86,0x08, 0x66,0x08, 0x66,0x08, 0x66,0x08, 0x66,0x08, 0x66,0x08, 0x66,0x08, 0x66,0x08, 0x66,0x08, 0x66,0x08,
 0x66,0x08, 0x66,0x08, 0x66,0x08, 0x46,0x08, 0x46,0x08, 0x66,0x08, 0x66,0x08, 0x66,0x08, 0x66,0x08, 0x66,0x08, 0x46,0x08, 0x66,0x08,
 0x66,0x08, 0x66,0x08, 0x66,0x08, 0x66,0x08, 0x66,0x08, 0x66,0x08, 0x66,0x08, 0x66,0x08, 0x66,0x08, 0x66,0x08, 0x66,0x08, 0x66,0x08,
 0x66,0x08, 0x66,0x08, 0x66,0x08, 0x66,0x08, 0x66,0x08, 0x66,0x08, 0x66,0x08, 0x66,0x08, 0x66,0x08, 0x66,0x08, 0x66,0x08, 0x66,0x08,
 0x66,0x08, 0x66,0x08, 0x66,0x08, 0x66,0x08, 0x66,0x08, 0x66,0x08, 0x65,0x08, 0x65,0x08, 0xC6,0x10, 0xE7,0x08, 0x0B,0x1A, 0x7D,0x87,
 0xEE,0x2A, 0xE8,0x10, 0x86,0x08, 0x45,0x00, 0x45,0x08, 0x45,0x00, 0x45,0x00, 0x45,0x00, 0x45,0x08, 0x45,0x08, 0x45,0x08, 0x25,0x08,
 0x87,0x08, 0x88,0x08, 0x24,0x00, 0x25,0x08, 0x87,0x08, 0xC9,0x10, 0x25,0x08, 0x45,0x08, 0x86,0x08, 0xE9,0x10, 0x25,0x00, 0x45,0x08,

 0x7B,0x0D, 0x77,0x1C, 0x4A,0x11, 0x03,0x00, 0x45,0x00, 0x24,0x00, 0xE8,0x08, 0x90,0x1A, 0x2E,0x0A, 0xB0,0x12, 0x32,0x1B, 0x09,0x01,
 0x66,0x00, 0x45,0x00, 0x87,0x00, 0x52,0x1B, 0x4A,0x09, 0x25,0x00, 0x25,0x00, 0x25,0x00, 0x45,0x00, 0x86,0x00, 0x87,0x00, 0x96,0x24,
 0x18,0x25, 0xC8,0x00, 0xA6,0x00, 0x25,0x00, 0x25,0x00, 0x25,0x00, 0x25,0x00, 0x25,0x00, 0x25,0x00, 0x25,0x00, 0x25,0x00, 0x25,0x00,
 0x25,0x00, 0x25,0x00, 0x46,0x00, 0x46,0x00, 0xA7,0x00, 0x4A,0x01, 0xD2,0x1B, 0xFF,0x27, 0xB8,0x25, 0x4A,0x01, 0x66,0x00, 0x04,0x00,
 0x45,0x10, 0x69,0x38, 0x75,0xAB, 0x76,0x7C, 0xED,0x19, 0x4B,0x19, 0xE9,0x10, 0x88,0x10, 0x66,0x08, 0x66,0x08, 0xA8,0x08, 0x45,0x00,
 0x45,0x00, 0x87,0x00, 0x66,0x00, 0x87,0x00, 0x87,0x00, 0x87,0x00, 0x87,0x00, 0x46,0x00, 0x46,0x00, 0x45,0x00, 0x45,0x00, 0x87,0x08,
 0x46,0x00, 0x45,0x00, 0x46,0x00, 0x46,0x00, 0x46,0x00, 0x66,0x00, 0x67,0x00, 0x66,0x00, 0x46,0x00, 0x46,0x00, 0x45,0x00, 0x45,0x00,
 0x45,0x00, 0x45,0x00, 0x45,0x00, 0x45,0x00, 0x45,0x00, 0x46,0x00, 0x66,0x00, 0x67,0x00, 0x67,0x00, 0x87,0x00, 0x67,0x00, 0x66,0x00,
 0x46,0x00, 0x46,0x00, 0x46,0x00, 0x46,0x00, 0x46,0x00, 0x46,0x00, 0x45,0x00, 0x45,0x00, 0x45,0x00, 0x46,0x00, 0x46,0x00, 0x46,0x00,
 0x66,0x00, 0x67,0x00, 0x67,0x00, 0x67,0x00, 0x66,0x00, 0x46,0x00, 0x46,0x00, 0x46,0x08, 0x66,0x00, 0x66,0x00, 0x66,0x00, 0x66,0x00,
 0x66,0x00, 0x66,0x00, 0x66,0x00, 0x66,0x00, 0x67,0x08, 0x47,0x08, 0x47,0x08, 0x47,0x08, 0x47,0x08, 0x47,0x08, 0x46,0x08, 0x47,0x08,
 0x46,0x00, 0x47,0x00, 0x67,0x00, 0x47,0x00, 0x67,0x00, 0x67,0x00, 0x67,0x00, 0x67,0x08, 0x46,0x08, 0x46,0x08, 0x46,0x08, 0x47,0x08,
 0x67,0x08, 0x67,0x08, 0x67,0x08, 0x46,0x08, 0x46,0x08, 0x46,0x08, 0x46,0x08, 0x45,0x08, 0x46,0x08, 0x46,0x08, 0x67,0x08, 0x87,0x08,
 0x67,0x08, 0x67,0x08, 0x67,0x08, 0x46,0x08, 0x46,0x08, 0x46,0x08, 0x46,0x08, 0x46,0x08, 0x46,0x08, 0x46,0x08, 0x46,0x08, 0x45,0x08,
 0x46,0x08, 0x46,0x08, 0x46,0x08, 0x45,0x08, 0x45,0x08, 0x45,0x00, 0x45,0x08, 0x46,0x08, 0x46,0x08, 0x46,0x08, 0x66,0x08, 0x67,0x08,
 0x67,0x08, 0x67,0x08, 0x67,0x08, 0x46,0x08, 0x46,0x08, 0x46,0x08, 0x46,0x08, 0x46,0x08, 0x46,0x08, 0x46,0x08, 0x46,0x08, 0x46,0x08,
 0x46,0x08, 0x46,0x08, 0x46,0x08, 0x67,0x08, 0x46,0x08, 0x46,0x08, 0x67,0x08, 0x67,0x08, 0x87,0x08, 0x87,0x08, 0x67,0x08, 0x67,0x08,
 0x46,0x08, 0x46,0x08, 0x46,0x08, 0x45,0x08, 0x45,0x08, 0x45,0x08, 0x45,0x08, 0x45,0x08, 0x45,0x08, 0xC7,0x10, 0xC7,0x08, 0xB7,0x65,
 0x76,0x5D, 0xE8,0x08, 0xE8,0x10, 0x45,0x08, 0x45,0x08, 0x45,0x08, 0x45,0x08, 0x45,0x00, 0x45,0x00, 0x45,0x00, 0x45,0x08, 0x25,0x08,
 0x88,0x08, 0xA8,0x08, 0x25,0x00, 0x25,0x08, 0x87,0x08, 0xA9,0x10, 0x25,0x08, 0x45,0x10, 0x86,0x08, 0xC9,0x10, 0x24,0x08, 0x45,0x10,

 0xD9,0x0C, 0xB9,0x0C, 0x78,0x1C, 0x0E,0x1A, 0x04,0x00, 0x25,0x00, 0x45,0x00, 0xE9,0x08, 0xED,0x11, 0xCD,0x11, 0xE8,0x00, 0x66,0x00,
 0x46,0x00, 0x25,0x00, 0x45,0x00, 0xA7,0x00, 0x66,0x00, 0x25,0x00, 0x25,0x00, 0x25,0x00, 0x45,0x00, 0xA6,0x00, 0xA8,0x00, 0x38,0x25,
 0x35,0x1C, 0xA7,0x00, 0x66,0x00, 0x25,0x00, 0x25,0x00, 0x25,0x00, 0x25,0x00, 0x25,0x00, 0x25,0x00, 0x25,0x00, 0x25,0x00, 0x25,0x00,
 0x46,0x00, 0x46,0x00, 0x46,0x00, 0x46,0x00, 0xA7,0x00, 0x4A,0x01, 0xD2,0x1B, 0xFF,0x27, 0xB8,0x25, 0x4A,0x01, 0x66,0x00, 0x04,0x00,
 0x24,0x00, 0x65,0x08, 0xE8,0x10, 0xB4,0x44, 0xDC,0x36, 0xF6,0x24, 0x72,0x23, 0x8C,0x19, 0xA8,0x18, 0x66,0x08, 0x87,0x08, 0x87,0x08,
 0x25,0x00, 0x66,0x00, 0x87,0x00, 0x87,0x00, 0x88,0x00, 0x88,0x00, 0x89,0x00, 0x88,0x00, 0x67,0x00, 0x66,0x00, 0x46,0x00, 0x66,0x00,
 0x87,0x08, 0x46,0x00, 0x46,0x00, 0x67,0x00, 0x88,0x00, 0x68,0x00, 0x48,0x00, 0x67,0x00, 0x87,0x00, 0x67,0x00, 0x46,0x00, 0x45,0x00,
 0x45,0x00, 0x46,0x00, 0x46,0x00, 0x46,0x00, 0x46,0x00, 0x67,0x00, 0x88,0x00, 0x89,0x00, 0x89,0x00, 0x69,0x00, 0x89,0x00, 0x88,0x00,
 0x88,0x00, 0x67,0x00, 0x67,0x00, 0x67,0x00, 0x46,0x00, 0x46,0x00, 0x46,0x00, 0x45,0x00, 0x45,0x00, 0x46,0x00, 0x47,0x00, 0x67,0x00,
 0x87,0x00, 0x47,0x00, 0x68,0x00, 0x88,0x00, 0x88,0x00, 0x67,0x00, 0x67,0x00, 0x87,0x00, 0xA8,0x08, 0xA9,0x08, 0xA9,0x08, 0xA9,0x08,
 0xA9,0x08, 0xA9,0x08, 0xA9,0x08, 0xA9,0x08, 0xA9,0x08, 0xA8,0x08, 0x88,0x08, 0x67,0x08, 0x68,0x08, 0x88,0x08, 0xA8,0x08, 0xA8,0x08,
 0xA8,0x08, 0xA9,0x08, 0xC9,0x08, 0xA9,0x08, 0xA9,0x08, 0xA9,0x08, 0xA8,0x08, 0x88,0x08, 0x88,0x08, 0x68,0x08, 0x68,0x08, 0x88,0x08,
 0x88,0x08, 0x88,0x00, 0x68,0x00, 0x88,0x00, 0x67,0x08, 0x66,0x08, 0x46,0x08, 0x46,0x08, 0x66,0x08, 0x67,0x08, 0x88,0x08, 0x48,0x00,
 0x69,0x00, 0x89,0x00, 0xA9,0x08, 0x88,0x08, 0x88,0x08, 0x67,0x08, 0x67,0x08, 0x46,0x08, 0x46,0x08, 0x46,0x08, 0x45,0x08, 0x45,0x08,
 0x45,0x10, 0x45,0x08, 0x45,0x08, 0x45,0x08, 0x45,0x08, 0x46,0x08, 0x46,0x08, 0x46,0x08, 0x46,0x08, 0x67,0x08, 0x88,0x08, 0x68,0x00,
 0x48,0x00, 0x48,0x00, 0x88,0x08, 0x67,0x08, 0x67,0x08, 0x46,0x08, 0x46,0x08, 0x46,0x08, 0x46,0x08, 0x46,0x08, 0x46,0x08, 0x46,0x08,
 0x66,0x08, 0x67,0x08, 0x68,0x08, 0x68,0x00, 0x89,0x08, 0xA8,0x08, 0x88,0x08, 0x89,0x08, 0x69,0x00, 0x49,0x00, 0x69,0x00, 0x88,0x08,
 0x67,0x08, 0x47,0x08, 0x46,0x08, 0x46,0x08, 0x46,0x08, 0x45,0x08, 0x45,0x08, 0x45,0x08, 0x45,0x08, 0x86,0x10, 0xC7,0x08, 0x94,0x4C,
 0x59,0x76, 0xC7,0x08, 0xE8,0x10, 0x87,0x10, 0x45,0x08, 0x45,0x08, 0x45,0x08, 0x45,0x08, 0x45,0x08, 0x45,0x08, 0x46,0x08, 0x25,0x00,
 0x88,0x08, 0xA8,0x08, 0x25,0x00, 0x25,0x08, 0x87,0x08, 0xA9,0x10, 0x25,0x08, 0x44,0x08, 0x86,0x08, 0xC9,0x10, 0x24,0x08, 0x45,0x10,

 0x98,0x0C, 0x57,0x0C, 0x17,0x0C, 0x18,0x1C, 0x71,0x1A, 0x46,0x00, 0x24,0x00, 0x46,0x00, 0x25,0x00, 0x25,0x00, 0x45,0x00, 0x45,0x00,
 0x25,0x00, 0x25,0x00, 0x25,0x00, 0x04,0x00, 0x25,0x00, 0x45,0x00, 0x25,0x00, 0x45,0x00, 0x45,0x00, 0xA6,0x00, 0xC8,0x00, 0x58,0x2D,
 0x14,0x1C, 0x87,0x00, 0x66,0x00, 0x25,0x00, 0x25,0x00, 0x25,0x00, 0x25,0x00, 0x25,0x00, 0x25,0x00, 0x25,0x00, 0x25,0x00, 0x26,0x00,
 0x46,0x00, 0x46,0x00, 0x46,0x00, 0x67,0x00, 0xC8,0x00, 0x4A,0x09, 0xD2,0x23, 0xFF,0x27, 0x98,0x25, 0x4A,0x01, 0x66,0x00, 0x24,0x00,
 0x24,0x00, 0x24,0x00, 0x65,0x00, 0xA6,0x00, 0xD1,0x13, 0x1C,0x27, 0xFF,0x3F, 0x55,0x4C, 0x0C,0x31, 0x88,0x18, 0x66,0x08, 0xA8,0x08,
 0x87,0x00, 0x25,0x00, 0x67,0x00, 0xA8,0x00, 0xAA,0x00, 0x2B,0x11, 0x4B,0x19, 0x2B,0x11, 0xA9,0x00, 0x68,0x00, 0x67,0x00, 0x67,0x00,
 0x87,0x08, 0xA8,0x08, 0x88,0x00, 0x88,0x00, 0xA9,0x00, 0x2B,0x19, 0x6B,0x21, 0x2A,0x19, 0x88,0x00, 0x88,0x00, 0x67,0x00, 0x46,0x00,
 0x67,0x00, 0x87,0x00, 0x88,0x00, 0x88,0x00, 0xA9,0x00, 0xA9,0x00, 0xCA,0x00, 0xEB,0x08, 0x2C,0x19, 0xCD,0x29, 0x2B,0x19, 0xAA,0x00,
 0xCA,0x08, 0xA9,0x00, 0xA9,0x00, 0xA8,0x00, 0x88,0x00, 0x87,0x00, 0x67,0x00, 0x46,0x00, 0x46,0x00, 0x46,0x00, 0x67,0x00, 0x88,0x00,
 0xA9,0x00, 0x8C,0x21, 0x2B,0x11, 0xCA,0x00, 0xAA,0x00, 0xA9,0x00, 0xA9,0x00, 0xA9,0x00, 0x48,0x00, 0x28,0x00, 0x28,0x00, 0x28,0x00,
 0x29,0x00, 0x29,0x00, 0x29,0x00, 0x29,0x00, 0x29,0x00, 0x28,0x00, 0x49,0x00, 0xA9,0x08, 0xA9,0x08, 0x89,0x00, 0x28,0x00, 0x48,0x00,
 0x49,0x00, 0x49,0x00, 0x69,0x00, 0x49,0x00, 0x49,0x00, 0x49,0x00, 0x49,0x00, 0x48,0x00, 0xA9,0x08, 0xA9,0x08, 0xA9,0x08, 0xAA,0x08,
 0xCA,0x08, 0x0B,0x11, 0x0A,0x11, 0xA8,0x08, 0x68,0x08, 0x67,0x08, 0x46,0x08, 0x67,0x08, 0x67,0x08, 0x88,0x08, 0x68,0x00, 0x2D,0x3A,
 0xCD,0x29, 0x2C,0x11, 0xCB,0x08, 0xAA,0x08, 0xAA,0x00, 0xA9,0x00, 0x89,0x08, 0x88,0x08, 0x67,0x08, 0x46,0x08, 0x45,0x08, 0x46,0x08,
 0x45,0x08, 0x45,0x08, 0x45,0x08, 0x46,0x08, 0x46,0x08, 0x46,0x08, 0x46,0x08, 0x67,0x08, 0x67,0x08, 0x88,0x08, 0x89,0x00, 0xEB,0x10,
 0x8C,0x21, 0x6F,0x42, 0xCA,0x08, 0x88,0x00, 0x68,0x08, 0x67,0x08, 0x66,0x08, 0x46,0x08, 0x66,0x08, 0x46,0x08, 0x46,0x08, 0x66,0x08,
 0x67,0x08, 0x88,0x08, 0xA9,0x08, 0x2B,0x19, 0x69,0x00, 0x69,0x00, 0xAA,0x08, 0xCA,0x08, 0x4E,0x3A, 0x8F,0x42, 0x0E,0x32, 0xAA,0x00,
 0x89,0x08, 0x68,0x08, 0x67,0x08, 0x67,0x08, 0x46,0x08, 0x46,0x08, 0x46,0x08, 0x45,0x08, 0x45,0x08, 0x86,0x10, 0xA7,0x08, 0x53,0x4C,
 0x79,0x76, 0xE8,0x08, 0xA6,0x08, 0x67,0x08, 0x87,0x10, 0x25,0x08, 0x45,0x08, 0x45,0x08, 0x45,0x08, 0x45,0x08, 0x45,0x08, 0x25,0x08,
 0x88,0x08, 0xC8,0x08, 0x66,0x00, 0x45,0x00, 0x87,0x08, 0xA9,0x10, 0x25,0x08, 0x45,0x08, 0x86,0x08, 0xC9,0x08, 0x25,0x08, 0x45,0x08,

 0x37,0x0C, 0x16,0x14, 0xD6,0x13, 0x96,0x13, 0x97,0x1B, 0xB3,0x22, 0xA8,0x08, 0x04,0x00, 0x45,0x00, 0x45,0x00, 0x45,0x00, 0x25,0x00,
 0x25,0x00, 0x25,0x00, 0x25,0x00, 0x25,0x00, 0x45,0x00, 0x45,0x00, 0x25,0x00, 0x45,0x00, 0x45,0x00, 0xA6,0x00, 0xC8,0x00, 0x38,0x2D,
 0xF4,0x23, 0x87,0x00, 0x66,0x00, 0x25,0x00, 0x25,0x00, 0x25,0x00, 0x25,0x00, 0x25,0x00, 0x45,0x00, 0x46,0x00, 0x66,0x00, 0x67,0x00,
 0xA7,0x00, 0xC8,0x00, 0xC8,0x00, 0xC8,0x00, 0xE9,0x00, 0x4B,0x09, 0xF3,0x23, 0xFF,0x27, 0x98,0x25, 0x4A,0x01, 0x66,0x08, 0x25,0x08,
 0x04,0x00, 0x24,0x08, 0x24,0x00, 0x44,0x00, 0x65,0x00, 0x49,0x09, 0x92,0x4B, 0xFA,0xE3, 0x55,0xAA, 0xAA,0x30, 0x46,0x10, 0x66,0x00,
 0xA7,0x08, 0x66,0x00, 0x67,0x00, 0xAA,0x00, 0xCB,0x00, 0xF9,0xB5, 0x7E,0xEF, 0x57,0x9D, 0x8A,0x00, 0xA9,0x08, 0xA9,0x00, 0x88,0x00,
 0x27,0x00, 0x88,0x00, 0xEA,0x08, 0xCB,0x00, 0x8A,0x00, 0xF9,0xBD, 0xDF,0xFF, 0xD9,0xB5, 0x49,0x00, 0xA9,0x00, 0x68,0x00, 0x87,0x00,
 0x68,0x00, 0x27,0x00, 0x48,0x00, 0x49,0x00, 0x69,0x00, 0x8B,0x00, 0x4A,0x00, 0xAE,0x21, 0x3D,0xDF, 0xFF,0xFF, 0x98,0xA5, 0x29,0x00,
 0xAC,0x00, 0x8B,0x00, 0x6A,0x00, 0x69,0x00, 0x48,0x00, 0x28,0x00, 0x68,0x00, 0x88,0x00, 0x67,0x00, 0x67,0x00, 0x87,0x00, 0x88,0x00,
 0x0B,0x11, 0x1C,0xD7, 0x7E,0xEF, 0x72,0x63, 0x8A,0x00, 0x0C,0x09, 0xEB,0x08, 0xCA,0x08, 0x51,0x5B, 0xF3,0x73, 0xD3,0x73, 0xF3,0x73,
 0xF3,0x73, 0xF3,0x73, 0xF4,0x73, 0xF4,0x73, 0xF3,0x73, 0x34,0x7C, 0xB0,0x4A, 0x8A,0x00, 0xCB,0x00, 0x8D,0x21, 0x72,0x63, 0x72,0x5B,
 0x72,0x5B, 0x52,0x53, 0x52,0x53, 0x52,0x53, 0x52,0x53, 0x52,0x53, 0x52,0x5B, 0x11,0x4B, 0xEB,0x08, 0xEC,0x00, 0xEC,0x08, 0xEC,0x00,
 0x6D,0x19, 0xDB,0xCE, 0x5D,0xEF, 0x10,0x53, 0x07,0x00, 0x88,0x08, 0x67,0x08, 0x87,0x08, 0xA8,0x08, 0x48,0x00, 0x2E,0x32, 0xFF,0xEF,
 0xFF,0xF7, 0x16,0x95, 0x8A,0x00, 0xCB,0x00, 0xAB,0x00, 0xAA,0x08, 0x8A,0x00, 0x69,0x00, 0xA9,0x08, 0x67,0x08, 0x46,0x08, 0x46,0x08,
 0x46,0x08, 0x46,0x08, 0x46,0x08, 0x66,0x08, 0x67,0x08, 0x88,0x08, 0x88,0x08, 0xA8,0x08, 0xA9,0x08, 0xCA,0x08, 0x69,0x00, 0x57,0x9D,
 0xDF,0xEF, 0xFF,0xF7, 0x6F,0x3A, 0x69,0x00, 0xCA,0x08, 0xA9,0x08, 0x88,0x08, 0x88,0x08, 0x88,0x08, 0x67,0x08, 0x67,0x08, 0x67,0x08,
 0x88,0x08, 0x69,0x00, 0xAD,0x21, 0x5D,0xD7, 0x7B,0xC6, 0x72,0x5B, 0x8B,0x00, 0x6D,0x19, 0x7D,0xDF, 0xFF,0xFF, 0x7A,0xBE, 0xAA,0x00,
 0xCA,0x08, 0xCA,0x08, 0xA9,0x08, 0xA9,0x08, 0x88,0x08, 0x67,0x08, 0x47,0x08, 0x46,0x08, 0x46,0x08, 0x86,0x10, 0xA7,0x08, 0x53,0x4C,
 0x7A,0x76, 0xE8,0x08, 0xA6,0x08, 0x25,0x00, 0x66,0x08, 0x67,0x08, 0x25,0x08, 0x45,0x08, 0x45,0x08, 0x45,0x08, 0x45,0x08, 0x25,0x08,
 0x88,0x08, 0xA8,0x10, 0x66,0x08, 0x45,0x00, 0x88,0x08, 0xC9,0x10, 0x25,0x00, 0x45,0x08, 0x66,0x08, 0xC9,0x10, 0x25,0x08, 0x45,0x08,

 0xF6,0x13, 0xD6,0x13, 0xB6,0x13, 0x76,0x1B, 0x15,0x1B, 0xF6,0x1A, 0x94,0x22, 0x0B,0x11, 0x04,0x00, 0x25,0x00, 0x45,0x00, 0x25,0x00,
 0x25,0x00, 0x25,0x00, 0x25,0x00, 0x45,0x00, 0x25,0x00, 0x25,0x00, 0x45,0x00, 0x45,0x00, 0x45,0x00, 0xA6,0x00, 0xC8,0x00, 0x38,0x35,
 0xF4,0x23, 0x87,0x00, 0x66,0x00, 0x25,0x00, 0x25,0x00, 0x25,0x00, 0x45,0x00, 0x45,0x00, 0x66,0x00, 0xA7,0x00, 0xE8,0x00, 0x29,0x01,
 0x4A,0x09, 0x6A,0x09, 0x4A,0x01, 0x0A,0x01, 0x2A,0x09, 0x6B,0x09, 0xF3,0x23, 0xFF,0x27, 0xB8,0x25, 0x4A,0x01, 0x66,0x08, 0x88,0x20,
 0x2B,0x49, 0x26,0x20, 0x05,0x10, 0x24,0x08, 0x45,0x08, 0x26,0x10, 0x6E,0x61, 0xF8,0xF9, 0xF6,0xC9, 0xAC,0x38, 0x47,0x18, 0x25,0x00,
 0x66,0x00, 0xA8,0x08, 0xA8,0x00, 0xEA,0x08, 0xEC,0x00, 0x7B,0xC6, 0xFF,0xFF, 0xD9,0xAD, 0xCC,0x00, 0x0C,0x09, 0xAA,0x00, 0x68,0x00,
 0xCF,0x4A, 0x4A,0x19, 0x29,0x00, 0x0D,0x01, 0xCC,0x00, 0x19,0xBE, 0xFF,0xFF, 0x19,0xBE, 0x4A,0x00, 0xAA,0x08, 0x88,0x00, 0x88,0x00,
 0xEA,0x10, 0x4E,0x42, 0x2E,0x3A, 0x2E,0x3A, 0x4E,0x3A, 0x6F,0x42, 0x6F,0x3A, 0x4F,0x3A, 0xFC,0xCE, 0xFF,0xF7, 0xBE,0xE7, 0xF1,0x4A,
 0x70,0x3A, 0x90,0x42, 0x6F,0x42, 0x4F,0x3A, 0x4E,0x3A, 0x4E,0x42, 0xC9,0x10, 0x68,0x00, 0x68,0x00, 0x67,0x00, 0x88,0x08, 0x69,0x00,
 0xEE,0x29, 0xDF,0xEF, 0xFF,0xFF, 0x4E,0x3A, 0x09,0x00, 0x8A,0x00, 0x49,0x00, 0x69,0x00, 0x5D,0xDF, 0xFF,0xFF, 0xFF,0xFF, 0xFF,0xFF,
 0xFF,0xFF, 0xFF,0xFF, 0xFF,0xFF, 0xFF,0xFF, 0xFF,0xFF, 0xFF,0xFF, 0x77,0xA5, 0x49,0x00, 0xAC,0x00, 0x32,0x53, 0xFF,0xFF, 0xFF,0xFF,
 0xFF,0xFF, 0xFF,0xFF, 0xFF,0xFF, 0xFF,0xFF, 0xFF,0xFF, 0xFF,0xFF, 0xFF,0xFF, 0x9E,0xDF, 0x2C,0x11, 0xAB,0x00, 0xEC,0x00, 0xCC,0x00,
 0x8D,0x19, 0x9E,0xE7, 0xFF,0xFF, 0x72,0x63, 0x28,0x00, 0xA9,0x08, 0x88,0x08, 0xA9,0x08, 0xAA,0x00, 0x89,0x00, 0x7A,0xBE, 0xFF,0xEF,
 0xDF,0xEF, 0x1D,0xCF, 0x5A,0xB6, 0x7B,0xBE, 0x7A,0xBE, 0x9B,0xC6, 0x3A,0xBE, 0x2E,0x3A, 0x89,0x00, 0x88,0x08, 0x67,0x08, 0x46,0x08,
 0x46,0x08, 0x46,0x08, 0x66,0x08, 0x67,0x08, 0x68,0x00, 0x07,0x00, 0x28,0x00, 0x49,0x00, 0x49,0x00, 0x6A,0x00, 0x09,0x00, 0x52,0x53,
 0xFF,0xEF, 0xFF,0xF7, 0xD6,0x8C, 0x08,0x00, 0x8A,0x00, 0x49,0x00, 0x28,0x00, 0x28,0x00, 0x08,0x00, 0x47,0x00, 0x88,0x08, 0x88,0x08,
 0xCA,0x08, 0x29,0x00, 0x13,0x6C, 0xFF,0xFF, 0xFF,0xFF, 0xD0,0x4A, 0x09,0x00, 0xEB,0x00, 0x1C,0xCF, 0xFF,0xFF, 0x19,0xAE, 0x28,0x00,
 0x29,0x00, 0x29,0x00, 0x29,0x00, 0x29,0x00, 0x29,0x00, 0x68,0x08, 0x67,0x08, 0x46,0x08, 0x46,0x08, 0x87,0x10, 0x87,0x08, 0x53,0x4C,
 0x7A,0x76, 0xE8,0x08, 0xA6,0x08, 0x45,0x08, 0x25,0x08, 0x67,0x08, 0x88,0x10, 0x25,0x08, 0x25,0x08, 0x45,0x08, 0x45,0x08, 0x25,0x08,
 0x88,0x08, 0xA8,0x08, 0x25,0x08, 0x45,0x08, 0x88,0x08, 0xA9,0x10, 0x25,0x00, 0x45,0x08, 0x67,0x08, 0xC9,0x10, 0x45,0x08, 0x45,0x08,

 0xD6,0x13, 0x96,0x13, 0x76,0x1B, 0x36,0x1B, 0xF5,0x1A, 0xB4,0x1A, 0x74,0x22, 0x75,0x2A, 0x2E,0x19, 0x25,0x00, 0x25,0x00, 0x45,0x00,
 0x25,0x00, 0x25,0x00, 0x25,0x00, 0x45,0x00, 0x45,0x00, 0x25,0x00, 0x45,0x00, 0x45,0x00, 0x45,0x00, 0xA6,0x00, 0xA8,0x00, 0x39,0x3D,
 0xF4,0x2B, 0x87,0x00, 0x66,0x00, 0x25,0x00, 0x25,0x00, 0x45,0x00, 0x46,0x00, 0x86,0x00, 0xE8,0x00, 0x49,0x01, 0xAB,0x01, 0xEF,0x0A,
 0x34,0x1C, 0xD6,0x1C, 0x16,0x25, 0x95,0x24, 0x0E,0x0A, 0xAD,0x09, 0x14,0x24, 0xFF,0x27, 0xB9,0x25, 0x4B,0x01, 0x46,0x00, 0xEB,0x40,
 0x19,0xE3, 0xF3,0xA9, 0xCB,0x50, 0x07,0x28, 0x06,0x20, 0x06,0x20, 0x6F,0x71, 0x38,0xFA, 0xD6,0xC9, 0x8B,0x38, 0x67,0x18, 0x45,0x00,
 0x46,0x00, 0xA8,0x00, 0xCA,0x00, 0x6A,0x00, 0x4A,0x00, 0x3A,0xBE, 0xFF,0xFF, 0x98,0xA5, 0x2A,0x00, 0xCC,0x00, 0xAB,0x00, 0x92,0x63,
 0xFF,0xFF, 0x5D,0xD7, 0x54,0x84, 0x8E,0x11, 0x8B,0x00, 0x19,0xB6, 0xFF,0xFF, 0xF9,0xB5, 0x6A,0x00, 0xCB,0x00, 0xA9,0x00, 0x48,0x00,
 0x8F,0x4A, 0xFF,0xFF, 0xFF,0xFF, 0xFF,0xFF, 0xFF,0xFF, 0xFF,0xFF, 0xFF,0xFF, 0xFF,0xF7, 0xFF,0xF7, 0xFF,0xF7, 0xFF,0xF7, 0xFF,0xFF,
 0xFF,0xFF, 0xFF,0xFF, 0xFF,0xFF, 0xFF,0xFF, 0xFF,0xFF, 0xFF,0xFF, 0x0E,0x3A, 0x48,0x00, 0x88,0x00, 0x68,0x00, 0xC9,0x08, 0x6A,0x00,
 0x52,0x5B, 0xFF,0xFF, 0xBE,0xEF, 0x98,0xA5, 0x17,0x8D, 0x17,0x8D, 0x17,0x8D, 0x72,0x5B, 0x98,0xA5, 0xFC,0xD6, 0xDB,0xCE, 0xDC,0xCE,
 0xDC,0xCE, 0xDC,0xCE, 0xDC,0xCE, 0xDC,0xCE, 0xDB,0xCE, 0x1C,0xDF, 0x54,0x7C, 0x6A,0x00, 0xED,0x00, 0x11,0x53, 0xFF,0xFF, 0xDF,0xEF,
 0xFC,0xCE, 0xBB,0xC6, 0xBB,0xC6, 0x9B,0xBE, 0x7B,0xBE, 0x1C,0xCF, 0xFF,0xEF, 0x3D,0xD7, 0xCB,0x00, 0x55,0x74, 0x7B,0xCE, 0x35,0x74,
 0x2D,0x11, 0x7D,0xE7, 0xFF,0xFF, 0x93,0x63, 0x4A,0x00, 0xCA,0x08, 0xCA,0x08, 0xEB,0x08, 0x6A,0x00, 0x16,0x8D, 0xFF,0xF7, 0xFF,0xEF,
 0xFF,0xF7, 0xFF,0xF7, 0xFF,0xFF, 0xFF,0xFF, 0xFF,0xF7, 0xFF,0xEF, 0xFF,0xFF, 0xBB,0xC6, 0xA9,0x08, 0xAA,0x08, 0x88,0x08, 0x67,0x08,
 0x46,0x08, 0x66,0x08, 0x67,0x08, 0x68,0x00, 0x6C,0x19, 0xF0,0x4A, 0xF0,0x4A, 0xF0,0x4A, 0xF0,0x4A, 0xF0,0x4A, 0xB0,0x42, 0x92,0x5B,
 0xDF,0xDF, 0xFF,0xEF, 0x3D,0xCF, 0x31,0x4B, 0x31,0x4B, 0x31,0x53, 0x10,0x53, 0x10,0x4B, 0xF0,0x52, 0xCD,0x29, 0x89,0x00, 0xCA,0x08,
 0xCB,0x08, 0xEB,0x08, 0xFC,0xCE, 0xFF,0xF7, 0x9E,0xDF, 0x95,0x7C, 0x55,0x74, 0x95,0x7C, 0x9E,0xDF, 0xFF,0xF7, 0x3D,0xCF, 0x54,0x74,
 0x75,0x74, 0x75,0x74, 0x75,0x74, 0x75,0x7C, 0x35,0x74, 0xEB,0x10, 0x68,0x00, 0x67,0x08, 0x46,0x08, 0x87,0x10, 0x87,0x08, 0x53,0x4C,
 0x9A,0x76, 0x08,0x09, 0xA7,0x10, 0x45,0x08, 0x45,0x08, 0x25,0x08, 0x88,0x10, 0xA8,0x10, 0x25,0x08, 0x45,0x08, 0x45,0x08, 0x25,0x08,
 0x88,0x08, 0xA8,0x08, 0x25,0x08, 0x25,0x08, 0x88,0x08, 0xC9,0x10, 0x25,0x00, 0x45,0x08, 0x67,0x08, 0xC9,0x10, 0x45,0x08, 0x45,0x08,

 0x96,0x13, 0x56,0x1B, 0x16,0x1B, 0xD5,0x1A, 0xB5,0x1A, 0x74,0x22, 0x34,0x22, 0xF4,0x29, 0xD5,0x29, 0x50,0x29, 0x47,0x08, 0x24,0x00,
 0x25,0x00, 0x25,0x00, 0x25,0x00, 0x45,0x00, 0x45,0x00, 0x45,0x00, 0x45,0x00, 0x45,0x00, 0x25,0x00, 0xA6,0x00, 0xA8,0x00, 0x18,0x45,
 0xD4,0x33, 0x87,0x00, 0x66,0x00, 0x25,0x00, 0x25,0x00, 0x46,0x00, 0x87,0x00, 0x08,0x01, 0x69,0x01, 0xAE,0x0A, 0x36,0x25, 0x1D,0x1F,
 0xFF,0x1F, 0xFF,0x27, 0xFF,0x2F, 0xFF,0x3F, 0xF5,0x4B, 0x30,0x2A, 0x35,0x24, 0xFF,0x27, 0x98,0x25, 0x2A,0x01, 0x46,0x08, 0x0A,0x41,
 0x97,0xE9, 0x79,0xF2, 0x9A,0xE3, 0x75,0xBA, 0x70,0x81, 0xED,0x68, 0xB1,0x89, 0xD8,0xF9, 0xB5,0xC9, 0x8A,0x38, 0x47,0x18, 0x46,0x00,
 0x67,0x00, 0x68,0x00, 0x6C,0x19, 0x52,0x5B, 0x31,0x53, 0xDC,0xCE, 0xFF,0xFF, 0x5A,0xBE, 0x11,0x53, 0xD1,0x42, 0xAB,0x00, 0x54,0x7C,
 0xBE,0xEF, 0xFF,0xFF, 0xFF,0xFF, 0xFC,0xD6, 0xCE,0x29, 0xD9,0xB5, 0xFF,0xFF, 0xF9,0xB5, 0x6A,0x00, 0xCA,0x00, 0xA9,0x00, 0x69,0x00,
 0x4E,0x3A, 0x1D,0xDF, 0x1D,0xDF, 0xDC,0xCE, 0x7B,0xC6, 0x9B,0xC6, 0xFC,0xCE, 0x1D,0xD7, 0x1D,0xD7, 0x1D,0xD7, 0x1D,0xD7, 0x1D,0xD7,
 0x1D,0xD7, 0x9B,0xC6, 0x9B,0xC6, 0xDC,0xCE, 0x3D,0xDF, 0x1D,0xDF, 0xED,0x29, 0x68,0x00, 0x88,0x00, 0x88,0x00, 0xCA,0x08, 0x4A,0x00,
 0x37,0x95, 0xFF,0xFF, 0xFF,0xEF, 0xFF,0xFF, 0xFF,0xFF, 0xFF,0xF7, 0xFF,0xFF, 0xF9,0xA5, 0x6B,0x00, 0xCC,0x00, 0xAD,0x00, 0xCD,0x00,
 0xCD,0x00, 0xCD,0x00, 0xCD,0x00, 0xAC,0x00, 0xAC,0x00, 0xCC,0x00, 0x0C,0x09, 0x0D,0x09, 0xCD,0x00, 0x12,0x53, 0xFF,0xFF, 0xBE,0xEF,
 0x6D,0x19, 0x6C,0x00, 0xAD,0x00, 0xAD,0x00, 0x0A,0x00, 0x93,0x5B, 0xFF,0xFF, 0x3D,0xCF, 0x8B,0x00, 0x98,0x9D, 0xFF,0xFF, 0x38,0x95,
 0xEC,0x08, 0x7D,0xDF, 0xFF,0xFF, 0xB4,0x63, 0x6B,0x00, 0xEC,0x08, 0x0C,0x09, 0x4A,0x00, 0xF3,0x6B, 0xFF,0xFF, 0xFF,0xF7, 0x9B,0xBE,
 0xF2,0x4A, 0x33,0x4B, 0x13,0x4B, 0x52,0x53, 0x7D,0xD7, 0xFF,0xEF, 0xDF,0xE7, 0x90,0x3A, 0xAC,0x00, 0xEC,0x00, 0xAA,0x00, 0x88,0x08,
 0x67,0x08, 0x67,0x08, 0x88,0x08, 0x49,0x00, 0x11,0x53, 0xFF,0xFF, 0xFF,0xF7, 0xFF,0xF7, 0xFF,0xEF, 0xFF,0xEF, 0xFF,0xEF, 0xFF,0xE7,
 0xFF,0xDF, 0xFF,0xE7, 0xFF,0xE7, 0xFF,0xEF, 0xFF,0xF7, 0xFF,0xF7, 0xFF,0xF7, 0xFF,0xEF, 0xFF,0xFF, 0xD6,0x84, 0x29,0x00, 0xEB,0x08,
 0x4A,0x00, 0xF3,0x6B, 0xFF,0xF7, 0xFF,0xEF, 0xFF,0xF7, 0xFF,0xFF, 0xFF,0xFF, 0xFF,0xFF, 0xFF,0xEF, 0xFF,0xE7, 0xFF,0xEF, 0xFF,0xFF,
 0xFF,0xFF, 0xFF,0xFF, 0xFF,0xFF, 0xFF,0xFF, 0xFF,0xFF, 0x2B,0x21, 0x48,0x00, 0x67,0x08, 0x46,0x08, 0x87,0x10, 0x87,0x08, 0x33,0x4C,
 0x9A,0x76, 0x29,0x09, 0xA6,0x10, 0x45,0x08, 0x45,0x08, 0x45,0x08, 0x25,0x08, 0x88,0x10, 0xA8,0x10, 0x25,0x08, 0x45,0x08, 0x25,0x08,
 0x87,0x08, 0x88,0x08, 0x25,0x08, 0x25,0x08, 0x88,0x08, 0xC9,0x10, 0x25,0x08, 0x45,0x08, 0x67,0x08, 0xC9,0x10, 0x45,0x08, 0x45,0x08,

 0x36,0x1B, 0x15,0x1B, 0xD5,0x1A, 0xB5,0x22, 0x75,0x22, 0x34,0x22, 0xD5,0x29, 0xB4,0x31, 0x74,0x31, 0x75,0x31, 0x53,0x31, 0x8A,0x10,
 0x04,0x00, 0x25,0x00, 0x25,0x00, 0x45,0x00, 0x45,0x00, 0x45,0x00, 0x45,0x00, 0x45,0x00, 0x45,0x00, 0xA6,0x08, 0xA8,0x00, 0xF8,0x4C,
 0xB4,0x33, 0x87,0x00, 0x66,0x00, 0x25,0x00, 0x46,0x00, 0x87,0x00, 0x08,0x01, 0xAA,0x01, 0xD1,0x13, 0xFC,0x26, 0xFF,0x17, 0xFF,0x2F,
 0xBB,0x36, 0x16,0x2D, 0x13,0x1C, 0x36,0x6C, 0xDA,0xFA, 0xD7,0x92, 0x55,0x2C, 0xFF,0x2F, 0x98,0x25, 0x4A,0x01, 0x46,0x00, 0xEA,0x38,
 0xF8,0xF1, 0xD6,0xD1, 0xD2,0x91, 0xD8,0xD2, 0x3A,0xEB, 0xD9,0xEA, 0xB9,0xEA, 0x57,0xF9, 0x16,0xCA, 0x8A,0x30, 0x47,0x10, 0x45,0x00,
 0x87,0x00, 0x27,0x00, 0xF0,0x52, 0xFF,0xFF, 0xFF,0xFF, 0xFF,0xF7, 0xFF,0xEF, 0xFF,0xEF, 0xFF,0xFF, 0xBB,0xBE, 0xCC,0x00, 0x6A,0x00,
 0xEE,0x29, 0x37,0x9D, 0xFF,0xF7, 0xFF,0xFF, 0xEE,0x29, 0xD9,0xB5, 0xFF,0xFF, 0xF9,0xB5, 0x4A,0x00, 0xCA,0x00, 0xA9,0x00, 0xCA,0x00,
 0x0C,0x09, 0x4E,0x11, 0x2E,0x09, 0x91,0x42, 0x95,0x8C, 0x57,0x9D, 0x4C,0x19, 0x0D,0x09, 0x4E,0x11, 0x4E,0x11, 0x4E,0x11, 0x0D,0x09,
 0x4D,0x19, 0xD6,0x8C, 0x54,0x7C, 0x70,0x3A, 0x2D,0x09, 0x4E,0x11, 0xEB,0x08, 0xA9,0x00, 0x88,0x00, 0xA9,0x00, 0xAA,0x00, 0xEB,0x08,
 0x3D,0xD7, 0xFF,0xF7, 0x3D,0xD7, 0x9E,0xE7, 0xDF,0xEF, 0xBB,0xC6, 0xF9,0xB5, 0xD3,0x63, 0x8E,0x21, 0xD4,0x63, 0xB4,0x5B, 0xD4,0x63,
 0xB4,0x63, 0xB4,0x63, 0xB3,0x5B, 0xB3,0x5B, 0xB3,0x5B, 0x73,0x53, 0x2D,0x09, 0xED,0x08, 0xCE,0x00, 0x12,0x53, 0xFF,0xFF, 0xDF,0xEF,
 0x17,0x95, 0xB6,0x84, 0xD7,0x8C, 0xF7,0x8C, 0x96,0x84, 0xF9,0xAD, 0xFF,0xF7, 0x3D,0xCF, 0xAC,0x00, 0x58,0x8D, 0xFF,0xFF, 0xF7,0x8C,
 0xEC,0x00, 0x7D,0xDF, 0xFF,0xFF, 0xB4,0x63, 0x8C,0x00, 0x0D,0x09, 0x6B,0x00, 0xD3,0x63, 0xFF,0xF7, 0xFF,0xF7, 0xFC,0xD6, 0xAE,0x21,
 0x8C,0x00, 0xCD,0x00, 0x8C,0x00, 0xF6,0x84, 0xFF,0xF7, 0xDF,0xE7, 0xB2,0x63, 0x6A,0x00, 0x0C,0x09, 0xCB,0x00, 0xCB,0x00, 0xA9,0x00,
 0x88,0x08, 0x88,0x08, 0xA9,0x08, 0x6A,0x00, 0xF1,0x4A, 0xFF,0xF7, 0xDF,0xE7, 0xFF,0xEF, 0xFF,0xF7, 0xFF,0xEF, 0xFF,0xEF, 0xFF,0xE7,
 0xFF,0xEF, 0xFF,0xEF, 0xFF,0xE7, 0xFF,0xE7, 0xFF,0xEF, 0xFF,0xEF, 0xFF,0xEF, 0xFF,0xE7, 0xFF,0xF7, 0xD5,0x84, 0x49,0x00, 0xAB,0x00,
 0xAD,0x21, 0x7E,0xD7, 0xFF,0xEF, 0xDE,0xE7, 0xDC,0xC6, 0xDC,0xC6, 0xDC,0xC6, 0xDC,0xBE, 0xDF,0xDF, 0xFF,0xEF, 0xBE,0xDF, 0xBB,0xBE,
 0xDB,0xC6, 0xDC,0xC6, 0xBC,0xC6, 0xDC,0xC6, 0x7B,0xBE, 0x0B,0x19, 0x69,0x00, 0x67,0x08, 0x46,0x08, 0x87,0x10, 0x87,0x08, 0x33,0x4C,
 0x9A,0x6E, 0x6A,0x11, 0xE8,0x10, 0x45,0x08, 0x45,0x08, 0x45,0x08, 0x45,0x08, 0x25,0x08, 0xA9,0x10, 0x67,0x10, 0x25,0x08, 0x25,0x08,
 0x87,0x08, 0x88,0x08, 0x25,0x00, 0x25,0x08, 0x88,0x10, 0xA9,0x10, 0x25,0x08, 0x45,0x10, 0x87,0x08, 0xC9,0x10, 0x45,0x08, 0x45,0x10,

 0xF5,0x1A, 0xD5,0x22, 0x95,0x22, 0x75,0x22, 0x35,0x2A, 0xD5,0x29, 0x94,0x31, 0x74,0x39, 0x55,0x39, 0x34,0x31, 0x34,0x31, 0x54,0x39,
 0xCD,0x20, 0x25,0x00, 0x24,0x00, 0x25,0x00, 0x29,0x11, 0xA6,0x00, 0x24,0x00, 0x45,0x00, 0x25,0x00, 0x86,0x08, 0xA8,0x00, 0xD8,0x4C,
 0xB4,0x3B, 0x87,0x08, 0x66,0x00, 0x46,0x00, 0x66,0x00, 0x08,0x01, 0x8A,0x01, 0xF2,0x1B, 0x7E,0x27, 0xFF,0x0F, 0x1C,0x3F, 0xF2,0x23,
 0x0C,0x0A, 0x4A,0x01, 0xE9,0x08, 0x32,0x82, 0xB8,0xF9, 0xB8,0xAA, 0x56,0x34, 0xFF,0x2F, 0x98,0x25, 0x2A,0x01, 0x46,0x00, 0xEA,0x38,
 0xF8,0xF1, 0xF6,0xD1, 0x0E,0x51, 0xCC,0x40, 0x2F,0x61, 0xB2,0x89, 0xF4,0xA1, 0x76,0xBA, 0x33,0x92, 0x69,0x28, 0x46,0x10, 0x46,0x00,
 0x87,0x08, 0x27,0x00, 0xAF,0x42, 0xDF,0xEF, 0xBE,0xE7, 0xFF,0xEF, 0xFF,0xEF, 0xBF,0xE7, 0xBE,0xEF, 0x1A,0xAE, 0xEC,0x00, 0x0E,0x01,
 0xEE,0x00, 0xCD,0x00, 0x32,0x53, 0x76,0x74, 0x8C,0x00, 0x3A,0xBE, 0xFF,0xFF, 0xF9,0xB5, 0x6A,0x00, 0xCB,0x00, 0xAA,0x00, 0xAB,0x00,
 0x6C,0x00, 0xAE,0x00, 0x4D,0x00, 0xF2,0x4A, 0xFF,0xFF, 0xFF,0xFF, 0x14,0x6C, 0x0B,0x00, 0xAE,0x00, 0x8E,0x00, 0xAE,0x00, 0x0B,0x00,
 0xB3,0x63, 0xFF,0xFF, 0xFF,0xFF, 0x12,0x43, 0x4C,0x00, 0xAD,0x00, 0x6B,0x00, 0xAA,0x00, 0xA9,0x00, 0xC9,0x08, 0x49,0x00, 0xB2,0x63,
 0xFF,0xF7, 0xFF,0xEF, 0x51,0x53, 0x1C,0xCF, 0xFF,0xFF, 0xD3,0x6B, 0x2A,0x00, 0x8C,0x00, 0xB3,0x63, 0xFF,0xFF, 0xFF,0xF7, 0xFF,0xFF,
 0xFF,0xFF, 0xFF,0xFF, 0xFF,0xFF, 0xFF,0xF7, 0xFF,0xF7, 0xFF,0xE7, 0xAE,0x19, 0xCC,0x00, 0xEE,0x00, 0x12,0x4B, 0xFF,0xFF, 0xFF,0xEF,
 0xFF,0xFF, 0xFF,0xFF, 0xFF,0xFF, 0xFF,0xFF, 0xFF,0xFF, 0xFF,0xFF, 0xFF,0xFF, 0xBE,0xE7, 0xCC,0x00, 0x58,0x8D, 0xFF,0xFF, 0x17,0x8D,
 0xEC,0x00, 0x7D,0xD7, 0xFF,0xFF, 0xD4,0x63, 0x8C,0x00, 0x2D,0x09, 0x14,0x6C, 0xFF,0xEF, 0xFF,0xEF, 0xFF,0xEF, 0x3D,0xD7, 0x7B,0xBE,
 0xBB,0xBE, 0xBB,0xBE, 0x1C,0xCF, 0xFF,0xF7, 0xFF,0xEF, 0xBE,0xE7, 0x7A,0xB6, 0x9B,0xBE, 0x9B,0xBE, 0x9B,0xBE, 0xBB,0xCE, 0xF0,0x4A,
 0x28,0x00, 0xA9,0x08, 0xA9,0x08, 0x6A,0x00, 0xF1,0x4A, 0xFF,0xEF, 0xFF,0xF7, 0x58,0x95, 0x91,0x42, 0xF2,0x4A, 0xB1,0x42, 0x90,0x42,
 0x90,0x42, 0x90,0x42, 0x90,0x42, 0x90,0x42, 0xB0,0x42, 0xB0,0x42, 0xB0,0x42, 0x90,0x42, 0xB0,0x4A, 0xED,0x29, 0xCB,0x00, 0xEB,0x08,
 0xDC,0xC6, 0xFF,0xEF, 0xFF,0xEF, 0xF4,0x63, 0xED,0x00, 0x90,0x09, 0x4F,0x09, 0x6E,0x11, 0x3D,0xCF, 0xFF,0xF7, 0x7B,0xB6, 0x2E,0x09,
 0x6F,0x09, 0x70,0x09, 0x4F,0x09, 0x4E,0x09, 0x2E,0x09, 0xEC,0x08, 0xAA,0x08, 0x88,0x08, 0x66,0x08, 0x87,0x10, 0x87,0x10, 0x53,0x4C,
 0x7A,0x6E, 0xE8,0x08, 0x29,0x19, 0x66,0x08, 0x25,0x08, 0x45,0x08, 0x45,0x08, 0x25,0x08, 0xA9,0x10, 0x67,0x10, 0x25,0x08, 0x25,0x08,
 0x87,0x08, 0x88,0x08, 0x25,0x08, 0x25,0x08, 0x88,0x10, 0xA9,0x10, 0x45,0x08, 0x45,0x08, 0x67,0x08, 0xC9,0x10, 0x45,0x08, 0x45,0x08,

 0xB5,0x22, 0x95,0x22, 0x55,0x22, 0x15,0x2A, 0xD5,0x31, 0x94,0x39, 0x55,0x39, 0x35,0x39, 0x35,0x39, 0x35,0x39, 0x34,0x31, 0x34,0x31,
 0x55,0x39, 0x11,0x29, 0x48,0x08, 0x04,0x00, 0x45,0x00, 0x45,0x00, 0x25,0x00, 0x25,0x00, 0x45,0x00, 0x86,0x08, 0xA8,0x00, 0xB9,0x54,
 0x94,0x3B, 0x87,0x08, 0x66,0x00, 0x46,0x00, 0xC8,0x00, 0x8A,0x01, 0x0F,0x13, 0x5D,0x2F, 0xFF,0x17, 0x7B,0x36, 0x6D,0x0A, 0x28,0x01,
 0xC7,0x00, 0x66,0x08, 0x06,0x10, 0xF2,0x89, 0x59,0xFA, 0xF8,0xAA, 0x56,0x3C, 0xFF,0x2F, 0x98,0x25, 0x2A,0x01, 0x46,0x00, 0xEA,0x38,
 0xF8,0xF1, 0xF6,0xD1, 0x0D,0x49, 0xCA,0x28, 0x89,0x20, 0x6A,0x28, 0x69,0x28, 0x6A,0x28, 0x69,0x28, 0x48,0x20, 0x46,0x08, 0x46,0x00,
 0x67,0x00, 0x88,0x00, 0xEA,0x08, 0xCD,0x29, 0xEE,0x21, 0x9B,0xBE, 0xFF,0xFF, 0xF9,0xAD, 0x6D,0x19, 0xCE,0x21, 0xEE,0x00, 0xD0,0x19,
 0xAF,0x19, 0xAD,0x00, 0xEE,0x00, 0x2F,0x01, 0xED,0x00, 0x1A,0xB6, 0xFF,0xFF, 0xF9,0xB5, 0x6B,0x00, 0xEB,0x08, 0x8A,0x00, 0x6C,0x19,
 0x35,0x74, 0x56,0x74, 0x36,0x74, 0x56,0x74, 0x5D,0xDF, 0xDF,0xEF, 0x3D,0xCF, 0xF5,0x63, 0x36,0x6C, 0x36,0x6C, 0x16,0x6C, 0xD4,0x6B,
 0x1C,0xCF, 0xDF,0xEF, 0x5D,0xD7, 0x55,0x74, 0x56,0x74, 0x56,0x74, 0x35,0x6C, 0x6D,0x11, 0x89,0x00, 0xCA,0x08, 0x89,0x00, 0x92,0x5B,
 0xBF,0xE7, 0x7A,0xB6, 0x4C,0x11, 0x7E,0xD7, 0xFF,0xF7, 0xD4,0x6B, 0xAD,0x00, 0xEE,0x00, 0x93,0x63, 0xFF,0xFF, 0xBE,0xDF, 0xDC,0xBE,
 0xBC,0xB6, 0xBB,0xBE, 0xBB,0xB6, 0x5D,0xCF, 0xFF,0xEF, 0x7E,0xD7, 0xAE,0x19, 0xCC,0x00, 0xCD,0x00, 0xF1,0x4A, 0xFF,0xF7, 0xDF,0xE7,
 0x98,0x9D, 0x38,0x95, 0xF9,0xAD, 0xDF,0xEF, 0xDF,0xEF, 0xD9,0xA5, 0x78,0x9D, 0x38,0x95, 0xCD,0x00, 0x58,0x8D, 0xFF,0xFF, 0x18,0x85,
 0xED,0x00, 0x7D,0xD7, 0xFF,0xFF, 0xD4,0x63, 0x2B,0x00, 0xF1,0x42, 0xFF,0xF7, 0xFF,0xE7, 0xFF,0xEF, 0xFF,0xEF, 0xFF,0xFF, 0xFF,0xFF,
 0xFF,0xF7, 0xFF,0xFF, 0xFF,0xF7, 0xFF,0xEF, 0xFF,0xEF, 0xFF,0xFF, 0xFF,0xFF, 0xFF,0xFF, 0xFF,0xF7, 0xFF,0xE7, 0xFF,0xFF, 0xB4,0x63,
 0x29,0x00, 0xA9,0x08, 0xCA,0x08, 0x8A,0x00, 0xD1,0x42, 0xFF,0xEF, 0xFF,0xFF, 0x14,0x6C, 0x2C,0x00, 0xAC,0x00, 0x6B,0x00, 0x4A,0x00,
 0x2A,0x00, 0x4A,0x00, 0x4A,0x00, 0x4A,0x00, 0x4A,0x00, 0x2A,0x00, 0x4A,0x00, 0x29,0x00, 0x29,0x00, 0x89,0x00, 0xEB,0x08, 0xCB,0x08,
 0xB3,0x63, 0x5D,0xDF, 0x37,0x8D, 0x0A,0x00, 0x8C,0x00, 0xAD,0x00, 0x6C,0x00, 0xCD,0x00, 0x1D,0xCF, 0xFF,0xFF, 0x5A,0xB6, 0xAE,0x00,
 0xCE,0x00, 0xAD,0x00, 0x8C,0x00, 0x8C,0x00, 0x8B,0x00, 0x6A,0x00, 0xAA,0x00, 0x88,0x08, 0x67,0x08, 0x87,0x10, 0xA7,0x10, 0x53,0x4C,
 0x7A,0x6E, 0xC7,0x08, 0xC7,0x10, 0xC9,0x10, 0x46,0x10, 0x45,0x08, 0x45,0x08, 0x25,0x08, 0xA9,0x10, 0x67,0x10, 0x25,0x08, 0x25,0x08,
 0x87,0x10, 0x88,0x10, 0x25,0x00, 0x25,0x08, 0x88,0x10, 0xA9,0x10, 0x25,0x08, 0x45,0x08, 0x67,0x08, 0xC9,0x10, 0x45,0x08, 0x65,0x10,

 0x75,0x22, 0x35,0x2A, 0x15,0x2A, 0xD4,0x31, 0x95,0x39, 0x75,0x39, 0x35,0x39, 0x35,0x39, 0x35,0x39, 0x15,0x39, 0x35,0x31, 0x34,0x31,
 0x34,0x31, 0x54,0x31, 0x33,0x31, 0x8B,0x10, 0x25,0x00, 0x24,0x00, 0x25,0x00, 0x45,0x00, 0x45,0x00, 0x86,0x08, 0x88,0x08, 0x99,0x5C,
 0x74,0x43, 0x87,0x08, 0x86,0x00, 0x87,0x00, 0x29,0x01, 0x2C,0x02, 0x19,0x2E, 0xFF,0x17, 0xDC,0x36, 0x4D,0x0A, 0x08,0x01, 0x87,0x08,
 0x68,0x20, 0x4E,0x59, 0x2F,0x69, 0x54,0xA2, 0xF8,0xF9, 0x18,0xB3, 0x36,0x3C, 0xFF,0x2F, 0x78,0x25, 0x2A,0x01, 0x46,0x00, 0x0A,0x39,
 0x18,0xF2, 0xF6,0xD1, 0xED,0x40, 0xA9,0x18, 0x67,0x10, 0x68,0x18, 0x47,0x18, 0x47,0x18, 0x47,0x18, 0x46,0x10, 0x46,0x08, 0x46,0x00,
 0x46,0x00, 0x88,0x00, 0xA9,0x00, 0xAB,0x00, 0xCC,0x00, 0x5B,0xB6, 0xFF,0xFF, 0xD9,0xA5, 0x8C,0x00, 0xAD,0x00, 0x4E,0x11, 0xBB,0xC6,
 0xFC,0xDE, 0x14,0x74, 0x4D,0x11, 0xED,0x00, 0xED,0x00, 0x19,0xAE, 0xFF,0xFF, 0x19,0xB6, 0x8B,0x00, 0x0C,0x09, 0x49,0x00, 0x8F,0x42,
 0xFF,0xFF, 0xFF,0xFF, 0xFF,0xFF, 0xFF,0xFF, 0xFF,0xFF, 0xFF,0xF7, 0xFF,0xF7, 0xFF,0xFF, 0xFF,0xFF, 0xFF,0xFF, 0xFF,0xFF, 0xFF,0xFF,
 0xFF,0xF7, 0xFF,0xF7, 0xFF,0xFF, 0xFF,0xFF, 0xFF,0xFF, 0xFF,0xFF, 0xFF,0xFF, 0x2E,0x32, 0x69,0x00, 0xCA,0x08, 0xEB,0x08, 0x6A,0x00,
 0x90,0x2A, 0x6F,0x32, 0x2C,0x09, 0x9E,0xD7, 0xFF,0xF7, 0xB3,0x5B, 0xAD,0x00, 0xCD,0x00, 0x93,0x63, 0xFF,0xFF, 0x7D,0xD7, 0xAE,0x19,
 0x2F,0x01, 0x6F,0x09, 0xED,0x00, 0xD7,0x84, 0xFF,0xFF, 0x7E,0xDF, 0xCF,0x19, 0xEC,0x00, 0xCD,0x00, 0xF1,0x4A, 0xFF,0xF7, 0x9E,0xDF,
 0x2D,0x09, 0x0C,0x00, 0x10,0x22, 0xFF,0xF7, 0xFF,0xEF, 0xAF,0x19, 0x4D,0x00, 0xCE,0x00, 0x8D,0x00, 0x78,0x95, 0xFF,0xFF, 0x18,0x85,
 0xED,0x00, 0x7D,0xD7, 0xFF,0xFF, 0x93,0x5B, 0x8B,0x00, 0xAB,0x00, 0x13,0x6C, 0x9E,0xDF, 0xDF,0xE7, 0xFF,0xF7, 0x78,0x95, 0xF4,0x63,
 0x14,0x64, 0x54,0x6C, 0x9E,0xD7, 0xFF,0xF7, 0xFC,0xCE, 0x14,0x6C, 0x35,0x6C, 0xF4,0x63, 0x37,0x8D, 0xDF,0xE7, 0xFF,0xEF, 0x93,0x5B,
 0x29,0x00, 0xA9,0x08, 0xCA,0x08, 0x8B,0x00, 0xD1,0x42, 0xFF,0xEF, 0xFF,0xFF, 0x34,0x74, 0x6B,0x00, 0x0C,0x09, 0xAA,0x08, 0x88,0x08,
 0x88,0x08, 0x89,0x08, 0x88,0x08, 0x88,0x08, 0x88,0x08, 0x88,0x08, 0x88,0x08, 0x88,0x08, 0x88,0x08, 0xA9,0x08, 0xAA,0x00, 0xEE,0x29,
 0x55,0x7C, 0x39,0xAE, 0x77,0x95, 0x95,0x7C, 0xD6,0x7C, 0xB6,0x7C, 0xB6,0x7C, 0xF7,0x84, 0x9E,0xDF, 0xFF,0xF7, 0x3D,0xD7, 0xD7,0x84,
 0xD7,0x84, 0xD6,0x84, 0xB6,0x7C, 0xB6,0x7C, 0xB6,0x84, 0xD6,0x8C, 0xCD,0x29, 0x27,0x00, 0x67,0x08, 0x87,0x10, 0xA7,0x10, 0x53,0x4C,
 0x7A,0x76, 0xE8,0x08, 0x86,0x10, 0x87,0x10, 0x88,0x10, 0x25,0x08, 0x45,0x10, 0x25,0x08, 0xA9,0x10, 0x67,0x10, 0x25,0x08, 0x25,0x08,
 0x87,0x10, 0x88,0x10, 0x25,0x08, 0x25,0x08, 0x88,0x10, 0xA9,0x10, 0x25,0x08, 0x45,0x08, 0x67,0x08, 0xC9,0x10, 0x45,0x08, 0x65,0x10,

 0x15,0x2A, 0xF5,0x29, 0xB5,0x31, 0x94,0x39, 0x55,0x39, 0x35,0x39, 0x35,0x39, 0x15,0x39, 0x15,0x39, 0x15,0x39, 0x14,0x39, 0x34,0x31,
 0x34,0x31, 0x34,0x31, 0x34,0x39, 0x53,0x39, 0x68,0x08, 0x24,0x00, 0x25,0x00, 0x45,0x00, 0x25,0x00, 0x86,0x08, 0x88,0x08, 0x78,0x64,
 0x54,0x4B, 0x87,0x08, 0x66,0x00, 0xA8,0x00, 0x6A,0x01, 0xD2,0x1B, 0xDF,0x2F, 0xDF,0x2F, 0x70,0x1B, 0x08,0x01, 0x67,0x10, 0xAB,0x40,
 0x35,0xBA, 0xB7,0xF1, 0xF7,0xF9, 0x78,0xF2, 0x18,0xFA, 0x38,0xB3, 0x16,0x3C, 0xFF,0x2F, 0x78,0x25, 0x2A,0x01, 0x66,0x00, 0x0A,0x41,
 0xF8,0xF1, 0xD6,0xD1, 0xEC,0x40, 0xA8,0x10, 0x66,0x00, 0x25,0x08, 0x25,0x00, 0x25,0x00, 0x45,0x00, 0x45,0x00, 0x45,0x00, 0x46,0x00,
 0x66,0x00, 0x88,0x00, 0xC9,0x00, 0x0C,0x09, 0xCC,0x00, 0x5B,0xB6, 0xFF,0xFF, 0xD9,0xA5, 0x6E,0x11, 0x30,0x2A, 0xF1,0x4A, 0xFF,0xFF,
 0xFF,0xFF, 0xFF,0xF7, 0xFC,0xD6, 0x93,0x5B, 0xAC,0x00, 0x1A,0xAE, 0xFF,0xFF, 0x1A,0xB6, 0xAC,0x00, 0x0D,0x01, 0x8A,0x00, 0x2E,0x32,
 0x3A,0xAE, 0x1A,0xA6, 0x3A,0xAE, 0x3A,0xAE, 0x5B,0xB6, 0x5B,0xB6, 0x3A,0xAE, 0x3A,0xA6, 0x1A,0xAE, 0x3A,0xAE, 0x3A,0xAE, 0x3A,0xAE,
 0x5B,0xAE, 0x3B,0xAE, 0x3A,0xAE, 0x1A,0xAE, 0x3A,0xAE, 0x3A,0xB6, 0x3A,0xB6, 0xCD,0x21, 0x89,0x00, 0xEA,0x08, 0x8A,0x00, 0xB3,0x63,
 0x7B,0xC6, 0x3A,0xAE, 0xDC,0xBE, 0xDF,0xDF, 0xFF,0xE7, 0x1C,0xC7, 0x7B,0xBE, 0x58,0x95, 0xB3,0x63, 0xFF,0xFF, 0x5D,0xD7, 0x2E,0x09,
 0xAE,0x00, 0xEE,0x00, 0x6D,0x00, 0x96,0x7C, 0xFF,0xFF, 0x7E,0xDF, 0xCF,0x19, 0xEC,0x00, 0xCD,0x00, 0x11,0x4B, 0xFF,0xF7, 0xDF,0xE7,
 0xD9,0xA5, 0x78,0x95, 0x1A,0xAE, 0xFF,0xEF, 0xFF,0xEF, 0x1A,0xAE, 0x99,0x95, 0xDA,0xAD, 0xF2,0x42, 0x37,0x8D, 0xFF,0xFF, 0x18,0x85,
 0xEC,0x00, 0x7D,0xD7, 0xFF,0xFF, 0xB3,0x5B, 0x6B,0x00, 0x0C,0x09, 0x4A,0x00, 0x92,0x5B, 0xFF,0xEF, 0xFF,0xF7, 0x12,0x4B, 0x4B,0x00,
 0x8C,0x00, 0x4D,0x11, 0x7E,0xD7, 0xFF,0xF7, 0x57,0x95, 0x2B,0x00, 0xED,0x00, 0x6C,0x00, 0xF1,0x42, 0xFF,0xEF, 0xFF,0xEF, 0x93,0x5B,
 0x29,0x00, 0xA9,0x08, 0xCA,0x08, 0x8B,0x00, 0xF1,0x4A, 0xFF,0xEF, 0xFF,0xFF, 0x14,0x74, 0x4A,0x00, 0xCA,0x08, 0x67,0x08, 0x66,0x08,
 0x66,0x08, 0x66,0x08, 0x46,0x08, 0x46,0x08, 0x46,0x08, 0x46,0x08, 0x46,0x08, 0x46,0x08, 0x67,0x08, 0xA8,0x08, 0x49,0x00, 0xF0,0x4A,
 0xFF,0xFF, 0xFF,0xF7, 0xFF,0xFF, 0xFF,0xFF, 0xFF,0xF7, 0xFF,0xF7, 0xFF,0xF7, 0xFF,0xFF, 0xFF,0xF7, 0xFF,0xEF, 0xFF,0xF7, 0xFF,0xFF,
 0xFF,0xFF, 0xFF,0xF7, 0xFF,0xF7, 0xFF,0xFF, 0xFF,0xF7, 0xFF,0xFF, 0xF0,0x4A, 0x06,0x00, 0x67,0x08, 0x87,0x10, 0xA8,0x10, 0x53,0x4C,
 0x7A,0x76, 0xC8,0x08, 0xA7,0x10, 0x67,0x08, 0x88,0x10, 0x25,0x10, 0x45,0x10, 0x25,0x08, 0xA9,0x10, 0x67,0x10, 0x25,0x08, 0x25,0x08,
 0x87,0x10, 0x88,0x10, 0x25,0x08, 0x25,0x08, 0x88,0x10, 0xA9,0x10, 0x25,0x08, 0x25,0x08, 0x67,0x08, 0xC9,0x10, 0x45,0x08, 0x45,0x08,

 0xD4,0x31, 0xB5,0x31, 0x74,0x39, 0x55,0x39, 0x35,0x39, 0x35,0x39, 0x35,0x39, 0x15,0x39, 0x15,0x39, 0x15,0x39, 0x35,0x31, 0x34,0x31,
 0x34,0x31, 0x34,0x39, 0x32,0x31, 0x89,0x10, 0x24,0x00, 0x25,0x00, 0x25,0x00, 0x45,0x00, 0x25,0x00, 0x66,0x08, 0x88,0x08, 0x58,0x64,
 0x34,0x4B, 0x87,0x08, 0x86,0x08, 0xE8,0x00, 0x8B,0x01, 0x77,0x35, 0xFF,0x27, 0x19,0x36, 0xCB,0x01, 0xA8,0x10, 0x8A,0x30, 0x56,0xCA,
 0x95,0xF8, 0xB7,0xE9, 0x35,0xB2, 0xD2,0x89, 0x73,0x82, 0x92,0x62, 0x35,0x34, 0xFF,0x2F, 0x78,0x25, 0x4A,0x01, 0x66,0x00, 0xEA,0x38,
 0xF8,0xF1, 0xD6,0xD1, 0xCC,0x40, 0xA8,0x10, 0x87,0x00, 0x46,0x00, 0x25,0x00, 0x45,0x00, 0x46,0x00, 0x45,0x00, 0x46,0x00, 0x46,0x00,
 0x67,0x00, 0xA8,0x00, 0x69,0x00, 0x8A,0x00, 0x6C,0x11, 0xBB,0xBE, 0xFF,0xF7, 0x7D,0xDF, 0x5D,0xDF, 0x1C,0xD7, 0x0D,0x09, 0x70,0x3A,
 0xD9,0xAD, 0xFF,0xE7, 0xFF,0xFF, 0x35,0x6C, 0x8B,0x00, 0x3A,0xB6, 0xFF,0xFF, 0x3A,0xBE, 0xCD,0x00, 0x2E,0x09, 0xEC,0x00, 0xEC,0x00,
 0xCC,0x00, 0xED,0x00, 0x0E,0x01, 0x0E,0x01, 0x0E,0x01, 0x0E,0x01, 0x0E,0x01, 0x2F,0x01, 0x2F,0x01, 0x2F,0x01, 0x2F,0x01, 0x0F,0x01,
 0x0F,0x01, 0xEE,0x00, 0xCD,0x00, 0xCD,0x00, 0xED,0x00, 0xEE,0x00, 0xCC,0x00, 0xCB,0x00, 0xA9,0x00, 0xC9,0x08, 0x49,0x00, 0xB5,0x84,
 0xFF,0xFF, 0xFF,0xF7, 0xFF,0xF7, 0xFF,0xE7, 0xFF,0xE7, 0xFF,0xF7, 0xFF,0xFF, 0x7D,0xD7, 0xB2,0x63, 0xFF,0xF7, 0x9E,0xD7, 0xB3,0x5B,
 0x53,0x4B, 0x93,0x53, 0x32,0x4B, 0xD9,0xA5, 0xFF,0xF7, 0x9E,0xDF, 0xEF,0x19, 0xED,0x00, 0xCC,0x00, 0x52,0x53, 0xFF,0xF7, 0xFF,0xE7,
 0xFF,0xFF, 0xFF,0xFF, 0xFF,0xF7, 0xFF,0xE7, 0xFF,0xEF, 0xFF,0xFF, 0xFF,0xFF, 0xFF,0xFF, 0x95,0x7C, 0xF7,0x84, 0xFF,0xFF, 0x18,0x85,
 0xED,0x00, 0x7D,0xD7, 0xFF,0xFF, 0xB3,0x5B, 0x6B,0x00, 0x2C,0x09, 0xAB,0x00, 0x32,0x43, 0xFF,0xEF, 0xFF,0xEF, 0x52,0x53, 0xAB,0x00,
 0xEC,0x00, 0x4F,0x32, 0xFF,0xDF, 0xFF,0xEF, 0x75,0x74, 0x8B,0x00, 0x4E,0x09, 0xCD,0x00, 0x52,0x4B, 0xFF,0xF7, 0xFF,0xEF, 0x93,0x5B,
 0x29,0x00, 0xC9,0x08, 0xCA,0x08, 0x8B,0x00, 0x11,0x4B, 0xFF,0xEF, 0xFF,0xFF, 0x14,0x74, 0x29,0x00, 0xA9,0x08, 0x47,0x08, 0x45,0x08,
 0x45,0x08, 0x45,0x08, 0x45,0x08, 0x45,0x08, 0x45,0x08, 0x45,0x08, 0x45,0x08, 0x45,0x08, 0x46,0x08, 0x87,0x08, 0x68,0x00, 0x6F,0x3A,
 0xDC,0xC6, 0xBB,0xBE, 0xDC,0xC6, 0xDC,0xC6, 0xDC,0xBE, 0xDC,0xBE, 0xDC,0xBE, 0xFC,0xC6, 0x1D,0xCF, 0x1D,0xCF, 0xFD,0xCE, 0xFC,0xC6,
 0xFC,0xC6, 0xDC,0xC6, 0xDC,0xBE, 0xDB,0xBE, 0x9B,0xB6, 0xBB,0xBE, 0x4E,0x3A, 0x06,0x00, 0x67,0x08, 0xA7,0x10, 0xA7,0x10, 0x53,0x4C,
 0x9A,0x76, 0xE8,0x08, 0xA7,0x10, 0x67,0x10, 0x88,0x10, 0x25,0x08, 0x45,0x10, 0x25,0x08, 0xA9,0x10, 0x67,0x10, 0x25,0x08, 0x25,0x08,
 0x87,0x10, 0x88,0x10, 0x25,0x08, 0x25,0x08, 0x88,0x10, 0xA9,0x10, 0x25,0x08, 0x25,0x10, 0x67,0x08, 0xA9,0x10, 0x45,0x08, 0x45,0x08,

 0x94,0x31, 0x75,0x39, 0x35,0x39, 0x35,0x39, 0x35,0x39, 0x34,0x39, 0x35,0x39, 0x34,0x39, 0x34,0x39, 0x34,0x39, 0x14,0x31, 0x34,0x39,
 0x54,0x39, 0xEF,0x20, 0x48,0x08, 0x26,0x00, 0x25,0x00, 0x25,0x00, 0x25,0x00, 0x45,0x00, 0x45,0x00, 0x86,0x08, 0x88,0x08, 0x38,0x6C,
 0x14,0x53, 0x87,0x08, 0x86,0x08, 0xE8,0x00, 0xEC,0x09, 0x7A,0x2E, 0xFF,0x2F, 0xF2,0x1B, 0x09,0x01, 0x47,0x18, 0xD1,0x89, 0xD6,0xF8,
 0xB7,0xE9, 0x33,0x8A, 0x8C,0x40, 0x8B,0x30, 0xEA,0x20, 0xAD,0x21, 0x34,0x34, 0xFF,0x2F, 0x78,0x25, 0x4A,0x01, 0x66,0x00, 0xEA,0x38,
 0xF8,0xF1, 0xD6,0xD1, 0xCC,0x40, 0xA8,0x10, 0x87,0x00, 0x87,0x00, 0x46,0x00, 0x45,0x00, 0x45,0x00, 0x45,0x00, 0x45,0x00, 0x46,0x00,
 0x87,0x00, 0x68,0x00, 0x8F,0x42, 0xB9,0xA5, 0x5D,0xCF, 0xFF,0xE7, 0xFF,0xE7, 0xFF,0xEF, 0xFF,0xFF, 0x7D,0xDF, 0x8E,0x19, 0xCD,0x00,
 0xCC,0x00, 0x52,0x4B, 0x58,0x85, 0x0D,0x01, 0xCD,0x00, 0x19,0xAE, 0xFF,0xFF, 0x1A,0xB6, 0x4C,0x00, 0xCD,0x00, 0xED,0x00, 0x0D,0x01,
 0xED,0x00, 0x8F,0x11, 0x7B,0xB6, 0xDC,0xC6, 0xDC,0xBE, 0xDC,0xBE, 0xDC,0xC6, 0xDC,0xC6, 0xDC,0xC6, 0xDC,0xC6, 0xDC,0xCE, 0xDC,0xC6,
 0xDC,0xC6, 0xBC,0xBE, 0xBC,0xBE, 0xDC,0xBE, 0x7B,0xB6, 0xAE,0x19, 0xCB,0x00, 0xCA,0x08, 0x88,0x00, 0xA9,0x08, 0x69,0x00, 0x10,0x4B,
 0x57,0x95, 0x17,0x85, 0xF9,0x9D, 0xFF,0xDF, 0xFF,0xE7, 0xD9,0x9D, 0x78,0x95, 0x75,0x74, 0xD3,0x63, 0xFF,0xFF, 0xFF,0xEF, 0xFF,0xF7,
 0xFF,0xF7, 0xFF,0xF7, 0xFF,0xF7, 0xFF,0xF7, 0xFF,0xF7, 0xFF,0xEF, 0xEF,0x21, 0x0D,0x01, 0xCD,0x00, 0xD4,0x63, 0xFF,0xF7, 0x5D,0xCF,
 0x78,0x8D, 0x58,0x8D, 0x1A,0x9E, 0xFF,0xE7, 0xFF,0xE7, 0xD9,0x9D, 0x38,0x8D, 0x99,0xA5, 0xD1,0x42, 0x38,0x8D, 0xFF,0xFF, 0x38,0x85,
 0xED,0x00, 0x7D,0xD7, 0xFF,0xFF, 0x93,0x5B, 0x4A,0x00, 0x0C,0x09, 0x8B,0x00, 0x11,0x43, 0xDF,0xEF, 0xDF,0xDF, 0xBB,0xB6, 0x19,0xA6,
 0x3A,0xA6, 0xBB,0xBE, 0xFF,0xE7, 0xFF,0xE7, 0xFC,0xBE, 0x19,0xA6, 0x5A,0xAE, 0x1A,0xAE, 0xBB,0xBE, 0xDF,0xE7, 0xDF,0xF7, 0x93,0x5B,
 0x29,0x00, 0xCA,0x08, 0xCA,0x08, 0x8B,0x00, 0x32,0x4B, 0xFF,0xEF, 0xFF,0xF7, 0xF3,0x73, 0x29,0x00, 0xA9,0x08, 0x46,0x08, 0x45,0x08,
 0x45,0x08, 0x45,0x08, 0x45,0x08, 0x45,0x08, 0x45,0x08, 0x45,0x08, 0x45,0x08, 0x45,0x08, 0x45,0x08, 0x66,0x08, 0x88,0x08, 0xCA,0x08,
 0xCB,0x08, 0xCC,0x08, 0x8C,0x00, 0x6C,0x00, 0x6C,0x00, 0x6C,0x00, 0x6C,0x00, 0x6C,0x00, 0x6C,0x00, 0x8D,0x00, 0x8D,0x00, 0x8D,0x00,
 0x8D,0x00, 0x8D,0x00, 0x8C,0x00, 0x6B,0x00, 0xCB,0x00, 0xCB,0x00, 0xAA,0x08, 0x88,0x08, 0x67,0x08, 0x87,0x10, 0xA8,0x10, 0x53,0x4C,
 0x9A,0x6E, 0xC8,0x08, 0xA7,0x10, 0x67,0x08, 0x88,0x10, 0x25,0x08, 0x46,0x10, 0x25,0x08, 0xA9,0x10, 0x67,0x10, 0x25,0x10, 0x25,0x08,
 0x87,0x10, 0x88,0x10, 0x25,0x08, 0x25,0x08, 0x88,0x10, 0xA9,0x10, 0x25,0x08, 0x45,0x08, 0x67,0x08, 0xA9,0x10, 0x45,0x08, 0x45,0x08,

 0x74,0x39, 0x34,0x39, 0x35,0x39, 0x34,0x39, 0x34,0x39, 0x34,0x39, 0x34,0x39, 0x34,0x39, 0x34,0x39, 0x34,0x31, 0x34,0x39, 0x33,0x31,
 0xAC,0x18, 0x27,0x00, 0x47,0x08, 0x47,0x00, 0x25,0x00, 0x25,0x00, 0x25,0x00, 0x45,0x00, 0x45,0x00, 0x66,0x08, 0x68,0x08, 0x18,0x74,
 0xF4,0x52, 0x87,0x08, 0x86,0x08, 0xE8,0x00, 0x2C,0x0A, 0x1C,0x2F, 0xBE,0x2F, 0xAE,0x12, 0xC8,0x08, 0x68,0x20, 0x14,0xBA, 0x36,0xF9,
 0x75,0xAA, 0x6B,0x38, 0x69,0x28, 0x67,0x18, 0xC8,0x10, 0x8B,0x11, 0x34,0x2C, 0xFF,0x37, 0x98,0x25, 0x2A,0x01, 0x46,0x00, 0xEA,0x38,
 0xF8,0xF1, 0xD6,0xD1, 0xCC,0x40, 0xC9,0x18, 0xA7,0x00, 0x87,0x00, 0x87,0x00, 0x45,0x00, 0x45,0x00, 0x45,0x00, 0x45,0x00, 0x46,0x00,
 0x87,0x08, 0x28,0x00, 0x92,0x5B, 0xFF,0xFF, 0xFF,0xEF, 0xFF,0xE7, 0xFF,0xE7, 0x3D,0xD7, 0x55,0x74, 0x71,0x32, 0x2E,0x01, 0x0E,0x01,
 0xED,0x00, 0x6B,0x00, 0x6B,0x00, 0x0D,0x01, 0x2C,0x09, 0x5A,0xB6, 0xFF,0xF7, 0xFC,0xCE, 0xD6,0x84, 0xF9,0xAD, 0xEF,0x21, 0xED,0x00,
 0xEC,0x00, 0x8E,0x19, 0xBE,0xDF, 0xFF,0xEF, 0xFF,0xEF, 0xFF,0xF7, 0xFF,0xFF, 0xFF,0xFF, 0xFF,0xFF, 0xFF,0xFF, 0xFF,0xFF, 0xFF,0xFF,
 0xFF,0xFF, 0xFF,0xF7, 0xFF,0xEF, 0xFF,0xEF, 0xDE,0xDF, 0x8D,0x19, 0x8A,0x00, 0xA9,0x08, 0x68,0x00, 0x68,0x00, 0xA9,0x08, 0x89,0x00,
 0x8A,0x00, 0x2A,0x00, 0x11,0x43, 0xFF,0xEF, 0xFF,0xEF, 0xF1,0x42, 0x4C,0x00, 0xAD,0x00, 0x12,0x4B, 0xBC,0xCE, 0xBB,0xBE, 0xDC,0xBE,
 0xDC,0xBE, 0xDC,0xBE, 0xDC,0xBE, 0xBB,0xB6, 0x7B,0xB6, 0x5A,0xB6, 0xCF,0x19, 0x0D,0x01, 0xCD,0x00, 0x75,0x74, 0xFF,0xFF, 0x3A,0xAE,
 0x6C,0x00, 0x4C,0x00, 0x30,0x22, 0xFF,0xE7, 0xFF,0xDF, 0xAE,0x11, 0x2B,0x00, 0xAE,0x00, 0x8D,0x00, 0x79,0x95, 0xFF,0xFF, 0x38,0x85,
 0x0D,0x01, 0x7D,0xD7, 0xFF,0xF7, 0xB3,0x5B, 0x4A,0x00, 0x0B,0x09, 0x8B,0x00, 0x32,0x4B, 0xFF,0xFF, 0xFF,0xEF, 0xFF,0xF7, 0xFF,0xF7,
 0xFF,0xF7, 0xFF,0xEF, 0xFF,0xE7, 0xFF,0xE7, 0xFF,0xE7, 0xFF,0xEF, 0xFF,0xF7, 0xFF,0xFF, 0xFF,0xFF, 0xFF,0xF7, 0xFF,0xFF, 0xD4,0x63,
 0x49,0x00, 0xCA,0x08, 0xCB,0x08, 0x6B,0x00, 0xB3,0x5B, 0xFF,0xEF, 0xFF,0xF7, 0x92,0x63, 0x29,0x00, 0xA9,0x08, 0x46,0x08, 0x45,0x08,
 0x46,0x08, 0x46,0x08, 0x45,0x08, 0x45,0x08, 0x45,0x08, 0x45,0x08, 0x45,0x08, 0x45,0x08, 0x45,0x08, 0x46,0x08, 0x67,0x08, 0xA8,0x08,
 0xCB,0x08, 0x0C,0x09, 0xD7,0x84, 0x58,0x95, 0x58,0x95, 0x38,0x8D, 0x38,0x8D, 0x18,0x85, 0x17,0x85, 0x17,0x85, 0x18,0x85, 0x38,0x8D,
 0x38,0x8D, 0x58,0x8D, 0x38,0x8D, 0x58,0x95, 0x2F,0x2A, 0xAB,0x00, 0xA9,0x08, 0x88,0x08, 0x46,0x08, 0x87,0x10, 0xA8,0x10, 0x33,0x4C,
 0x7A,0x6E, 0xC8,0x08, 0xA7,0x10, 0x67,0x10, 0x88,0x10, 0x25,0x08, 0x45,0x10, 0x45,0x08, 0xA9,0x10, 0x67,0x10, 0x25,0x10, 0x25,0x10,
 0x87,0x10, 0x87,0x10, 0x25,0x08, 0x25,0x08, 0x88,0x10, 0xA9,0x10, 0x25,0x08, 0x45,0x08, 0x67,0x08, 0xC9,0x10, 0x45,0x08, 0x45,0x08,

 0x54,0x39, 0x34,0x39, 0x34,0x39, 0x34,0x39, 0x34,0x39, 0x34,0x39, 0x34,0x39, 0x34,0x39, 0x34,0x39, 0x34,0x39, 0x11,0x31, 0x69,0x10,
 0x26,0x00, 0x47,0x08, 0x47,0x08, 0x46,0x00, 0x25,0x00, 0x25,0x00, 0x25,0x00, 0x45,0x00, 0x25,0x00, 0x66,0x08, 0x67,0x08, 0xD8,0x7B,
 0xD4,0x5A, 0x66,0x08, 0x86,0x08, 0xE9,0x08, 0x2D,0x12, 0x5D,0x2F, 0x1C,0x2F, 0xEB,0x09, 0xA7,0x08, 0x69,0x28, 0xF5,0xC9, 0x58,0xFA,
 0xB2,0x69, 0x6A,0x28, 0x67,0x10, 0x46,0x08, 0xC7,0x00, 0x6A,0x09, 0x33,0x24, 0xFF,0x2F, 0x98,0x2D, 0x2A,0x01, 0x46,0x00, 0xEB,0x38,
 0xF8,0xF1, 0xD6,0xD1, 0xCC,0x40, 0xA9,0x18, 0xA7,0x00, 0x87,0x00, 0x87,0x00, 0x67,0x00, 0x45,0x00, 0x45,0x00, 0x45,0x00, 0x46,0x00,
 0x67,0x08, 0x68,0x00, 0xAD,0x21, 0xBB,0xC6, 0x37,0x8D, 0x3D,0xC7, 0xFF,0xF7, 0xD9,0x9D, 0x6C,0x00, 0xED,0x00, 0x8F,0x11, 0x70,0x32,
 0x93,0x5B, 0xB6,0x7C, 0xB8,0x95, 0x7A,0xB6, 0x3C,0xCF, 0xDF,0xDF, 0xFF,0xE7, 0xFF,0xEF, 0xFF,0xFF, 0xFF,0xFF, 0x12,0x4B, 0xAC,0x00,
 0x0C,0x01, 0x8E,0x11, 0x5D,0xCF, 0xFF,0xEF, 0x96,0x74, 0xCF,0x21, 0x51,0x32, 0x51,0x32, 0x51,0x32, 0x51,0x32, 0x51,0x32, 0x51,0x32,
 0x51,0x32, 0xCF,0x29, 0xD6,0x84, 0xFF,0xEF, 0x5D,0xD7, 0x8D,0x19, 0x89,0x00, 0x88,0x00, 0x67,0x00, 0x67,0x00, 0x88,0x00, 0xA9,0x08,
 0x0B,0x09, 0xAB,0x00, 0xB6,0x7C, 0xFF,0xF7, 0xDF,0xE7, 0x1C,0xCF, 0x6E,0x11, 0x2E,0x01, 0xEC,0x08, 0x72,0x53, 0x98,0x9D, 0x12,0x4B,
 0xEE,0x00, 0x0D,0x01, 0x8D,0x19, 0xD8,0x95, 0x17,0x85, 0x90,0x32, 0xEC,0x00, 0x2D,0x09, 0xCD,0x00, 0x78,0x95, 0xFF,0xFF, 0x3D,0xCF,
 0xD9,0x9D, 0xB9,0x95, 0x3A,0xA6, 0xDF,0xDF, 0xDF,0xDF, 0x19,0xA6, 0xD9,0x9D, 0xD9,0x9D, 0x2E,0x09, 0x38,0x8D, 0xFF,0xFF, 0x18,0x85,
 0x0D,0x01, 0x7D,0xD7, 0xFF,0xF7, 0xB3,0x5B, 0x4A,0x00, 0xEB,0x08, 0xAB,0x00, 0x0F,0x22, 0xB6,0x84, 0xB6,0x74, 0xB6,0x7C, 0x95,0x74,
 0x57,0x95, 0xFF,0xE7, 0xFF,0xE7, 0x7D,0xCF, 0x9E,0xD7, 0xFF,0xE7, 0x5A,0xAE, 0x54,0x74, 0xB6,0x7C, 0xB6,0x7C, 0xF7,0x8C, 0x90,0x3A,
 0x8B,0x00, 0xCA,0x08, 0xEB,0x08, 0x6A,0x00, 0x75,0x74, 0xFF,0xE7, 0xFF,0xEF, 0xF0,0x52, 0x49,0x00, 0x89,0x08, 0x46,0x08, 0x25,0x08,
 0x26,0x08, 0x46,0x10, 0x46,0x08, 0x46,0x08, 0x45,0x08, 0x45,0x08, 0x45,0x08, 0x45,0x08, 0x45,0x08, 0x46,0x08, 0x67,0x08, 0x88,0x08,
 0xAA,0x08, 0x0C,0x09, 0x9E,0xDF, 0xFF,0xFF, 0xFF,0xF7, 0xFF,0xFF, 0xFF,0xFF, 0xFF,0xFF, 0xFF,0xFF, 0xFF,0xFF, 0xFF,0xFF, 0xFF,0xFF,
 0xFF,0xFF, 0xFF,0xFF, 0xFF,0xF7, 0xFF,0xFF, 0x11,0x43, 0x6A,0x00, 0xA9,0x08, 0x67,0x08, 0x46,0x08, 0x67,0x10, 0x88,0x10, 0x33,0x4C,
 0x7A,0x6E, 0xC8,0x08, 0xA7,0x10, 0x67,0x08, 0x88,0x10, 0x45,0x08, 0x45,0x10, 0x45,0x08, 0xA9,0x10, 0x67,0x10, 0x25,0x08, 0x25,0x10,
 0x87,0x10, 0x88,0x10, 0x25,0x08, 0x25,0x08, 0x88,0x10, 0xA9,0x10, 0x25,0x08, 0x45,0x08, 0x66,0x10, 0xA9,0x10, 0x45,0x08, 0x45,0x10,

 0x34,0x39, 0x34,0x39, 0x34,0x39, 0x34,0x39, 0x34,0x39, 0x34,0x39, 0x33,0x39, 0x34,0x39, 0x54,0x39, 0xEE,0x20, 0x47,0x08, 0x46,0x00,
 0x47,0x08, 0x47,0x08, 0x67,0x08, 0x46,0x00, 0x25,0x00, 0x25,0x00, 0x25,0x00, 0x45,0x00, 0x25,0x00, 0x66,0x08, 0x68,0x10, 0xB8,0x83,
 0xB4,0x62, 0x66,0x10, 0x66,0x08, 0xE8,0x08, 0xEC,0x09, 0x3D,0x2F, 0xBB,0x2E, 0x89,0x01, 0xA7,0x08, 0x27,0x18, 0xF3,0xB1, 0xB9,0xF2,
 0x90,0x61, 0xCA,0x20, 0x87,0x08, 0x86,0x00, 0x29,0x01, 0xCB,0x01, 0x16,0x2D, 0xFF,0x27, 0x78,0x2D, 0x2A,0x01, 0x67,0x08, 0x0C,0x49,
 0xD8,0xF9, 0xD6,0xC9, 0xAB,0x38, 0xA9,0x18, 0xA8,0x00, 0x87,0x00, 0x87,0x00, 0x87,0x00, 0x67,0x00, 0x25,0x00, 0x45,0x00, 0x46,0x00,
 0x67,0x00, 0x88,0x00, 0xCB,0x08, 0x0C,0x09, 0xAB,0x00, 0x7B,0xB6, 0xFF,0xF7, 0xFA,0x9D, 0xED,0x00, 0x4D,0x09, 0x9B,0xB6, 0xFF,0xE7,
 0xFF,0xF7, 0xFF,0xFF, 0xFF,0xF7, 0xFF,0xF7, 0xFF,0xF7, 0xFF,0xE7, 0xFF,0xE7, 0xDF,0xDF, 0xDC,0xC6, 0x3A,0xBE, 0x91,0x3A, 0xCC,0x00,
 0xEC,0x00, 0x8E,0x19, 0x7E,0xCF, 0xFF,0xEF, 0xF7,0x84, 0xB2,0x3A, 0x14,0x4B, 0x14,0x4B, 0x14,0x4B, 0x14,0x4B, 0x14,0x4B, 0xF4,0x4A,
 0xF4,0x4A, 0x51,0x32, 0x17,0x8D, 0xFF,0xEF, 0x7D,0xD7, 0x8D,0x19, 0x8A,0x00, 0x88,0x00, 0x47,0x00, 0x46,0x08, 0x67,0x08, 0xA9,0x08,
 0xCA,0x08, 0xCC,0x00, 0x9B,0xB6, 0xFF,0xEF, 0xFF,0xE7, 0xFF,0xEF, 0x78,0x95, 0xCC,0x00, 0xCC,0x00, 0x3A,0xA6, 0xFF,0xFF, 0xF9,0xA5,
 0x4F,0x01, 0x0F,0x01, 0xF1,0x42, 0xFF,0xEF, 0xFF,0xEF, 0x32,0x4B, 0xCC,0x00, 0x2D,0x09, 0x0D,0x01, 0x7B,0xB6, 0xFF,0xF7, 0x9A,0xBE,
 0xFF,0xEF, 0xFF,0xEF, 0xFF,0xF7, 0xFF,0xEF, 0xFF,0xEF, 0xFF,0xEF, 0xFF,0xEF, 0xFF,0xEF, 0x4E,0x11, 0x79,0x95, 0xFF,0xFF, 0x58,0x95,
 0xED,0x00, 0x7D,0xD7, 0xFF,0xF7, 0xB4,0x5B, 0x4A,0x00, 0xCB,0x08, 0xCB,0x08, 0xCC,0x00, 0x8B,0x00, 0x8B,0x00, 0xCC,0x00, 0x0A,0x00,
 0x16,0x8D, 0xFF,0xEF, 0xFF,0xEF, 0x53,0x74, 0x1C,0xC7, 0xFF,0xF7, 0x75,0x74, 0x0A,0x00, 0xCC,0x00, 0xAC,0x00, 0x6C,0x00, 0x8C,0x00,
 0x0C,0x09, 0xEB,0x00, 0xCC,0x08, 0x6B,0x00, 0x98,0x95, 0xFF,0xE7, 0xFF,0xE7, 0x4F,0x3A, 0x49,0x00, 0x88,0x08, 0x47,0x08, 0x26,0x08,
 0x26,0x08, 0x45,0x10, 0x46,0x10, 0x46,0x08, 0x46,0x08, 0x46,0x08, 0x46,0x08, 0x45,0x08, 0x46,0x08, 0x46,0x08, 0x46,0x08, 0x87,0x08,
 0xAA,0x08, 0x0C,0x09, 0x1C,0xC7, 0xFF,0xE7, 0x3D,0xD7, 0xB9,0x9D, 0xB9,0x9D, 0x98,0x9D, 0x99,0x9D, 0x99,0x95, 0x99,0x95, 0xB9,0x9D,
 0xB8,0x9D, 0xFC,0xBE, 0xDF,0xDF, 0xFF,0xEF, 0xF2,0x42, 0x6A,0x00, 0xA9,0x08, 0x67,0x08, 0x46,0x08, 0x67,0x10, 0x87,0x10, 0x53,0x4C,
 0x9A,0x6E, 0xC8,0x08, 0xA7,0x10, 0x67,0x08, 0x88,0x10, 0x25,0x08, 0x46,0x10, 0x45,0x10, 0xA9,0x10, 0x67,0x10, 0x25,0x10, 0x25,0x10,
 0x87,0x10, 0x88,0x10, 0x25,0x08, 0x25,0x10, 0x88,0x10, 0xA9,0x10, 0x25,0x08, 0x45,0x08, 0x66,0x10, 0xA9,0x10, 0x45,0x08, 0x65,0x10,

 0x34,0x39, 0x35,0x39, 0x34,0x39, 0x34,0x39, 0x34,0x39, 0x34,0x39, 0x34,0x39, 0x33,0x39, 0xAC,0x18, 0x46,0x00, 0x47,0x08, 0x47,0x08,
 0x47,0x08, 0x67,0x08, 0x67,0x08, 0x46,0x00, 0x25,0x00, 0x25,0x00, 0x25,0x00, 0x45,0x00, 0x25,0x00, 0x66,0x10, 0x68,0x10, 0x98,0x8B,
 0x93,0x6A, 0x66,0x10, 0x66,0x08, 0xC8,0x08, 0x8A,0x09, 0x9B,0x2E, 0xFC,0x2E, 0x8A,0x09, 0xA7,0x00, 0x06,0x10, 0x2E,0x61, 0x5A,0xF3,
 0xF1,0x69, 0x0A,0x19, 0x49,0x09, 0x49,0x01, 0xCB,0x01, 0xCE,0x12, 0xFC,0x2E, 0xFF,0x1F, 0x95,0x2C, 0x09,0x01, 0x47,0x10, 0x90,0x71,
 0xD7,0xF9, 0xF5,0xC1, 0x8A,0x38, 0x88,0x10, 0xA7,0x00, 0x87,0x00, 0x87,0x00, 0x87,0x00, 0x87,0x00, 0x66,0x00, 0x45,0x00, 0x45,0x00,
 0x46,0x00, 0x68,0x00, 0xAA,0x00, 0xCB,0x00, 0x2D,0x01, 0x7B,0xB6, 0xFF,0xF7, 0xD9,0x9D, 0xCC,0x00, 0xAB,0x00, 0x3A,0xA6, 0xFF,0xF7,
 0xFF,0xDF, 0x7E,0xD7, 0xBB,0xBE, 0xB9,0x9D, 0x55,0x74, 0xBB,0xBE, 0xFF,0xF7, 0x3A,0xAE, 0xED,0x00, 0xED,0x00, 0xCC,0x00, 0x0C,0x01,
 0xCB,0x00, 0x8D,0x19, 0x9E,0xD7, 0xFF,0xE7, 0xFF,0xF7, 0xFF,0xFF, 0xFF,0xFF, 0xFF,0xFF, 0xFF,0xFF, 0xFF,0xFF, 0xFF,0xFF, 0xFF,0xFF,
 0xFF,0xFF, 0xFF,0xFF, 0xFF,0xF7, 0xFF,0xE7, 0x9E,0xDF, 0xAE,0x19, 0x8A,0x00, 0x88,0x00, 0x46,0x00, 0x46,0x00, 0x67,0x08, 0xA9,0x08,
 0x6A,0x00, 0x90,0x3A, 0xFF,0xE7, 0xDF,0xD7, 0x19,0xAE, 0xFF,0xE7, 0xFF,0xE7, 0x72,0x53, 0x4B,0x00, 0x93,0x53, 0xFF,0xEF, 0xBE,0xDF,
 0x71,0x2A, 0xAD,0x00, 0x17,0x85, 0xFF,0xEF, 0xDC,0xBE, 0x0C,0x09, 0x2E,0x09, 0xEC,0x00, 0x6D,0x11, 0x7D,0xD7, 0xFF,0xEF, 0x16,0x8D,
 0xBE,0xDF, 0xDF,0xE7, 0x35,0x6C, 0xD4,0x5B, 0xB4,0x5B, 0x96,0x74, 0xFF,0xDF, 0xBE,0xD7, 0x8E,0x11, 0xD4,0x5B, 0xB9,0xAD, 0xB4,0x5B,
 0x2E,0x09, 0x7D,0xD7, 0xFF,0xF7, 0xB4,0x5B, 0x4B,0x00, 0xEB,0x08, 0xCB,0x08, 0xEB,0x08, 0x2C,0x09, 0x2D,0x09, 0x8B,0x00, 0x14,0x64,
 0xFF,0xEF, 0xFF,0xEF, 0x9B,0xBE, 0xAD,0x21, 0x9E,0xCF, 0xFF,0xEF, 0xB6,0x7C, 0xAC,0x00, 0x4E,0x09, 0xEC,0x00, 0x70,0x32, 0x90,0x42,
 0x8A,0x00, 0xEC,0x00, 0xCC,0x00, 0xEC,0x08, 0xDC,0xBE, 0xFF,0xE7, 0x9E,0xCF, 0x6C,0x19, 0x69,0x00, 0x88,0x08, 0x46,0x08, 0x45,0x08,
 0x46,0x08, 0x45,0x08, 0x46,0x10, 0x46,0x10, 0x46,0x08, 0x46,0x08, 0x46,0x08, 0x46,0x08, 0x46,0x08, 0x46,0x08, 0x46,0x08, 0x87,0x08,
 0xAA,0x08, 0x0C,0x09, 0x1D,0xCF, 0xFF,0xF7, 0xD9,0xA5, 0x8C,0x00, 0xEE,0x00, 0xCE,0x00, 0xCE,0x00, 0xEE,0x00, 0xCE,0x00, 0xEE,0x00,
 0x4C,0x00, 0x34,0x6C, 0xFF,0xE7, 0xFF,0xE7, 0x12,0x43, 0x6A,0x00, 0xA9,0x08, 0x67,0x08, 0x46,0x08, 0x67,0x10, 0x87,0x10, 0x53,0x4C,
 0x9A,0x6E, 0xC8,0x08, 0x86,0x10, 0x67,0x10, 0x88,0x10, 0x25,0x10, 0x46,0x10, 0x25,0x10, 0xA9,0x10, 0x67,0x10, 0x25,0x10, 0x25,0x10,
 0x87,0x10, 0x88,0x10, 0x25,0x08, 0x25,0x10, 0x88,0x10, 0xA9,0x10, 0x25,0x08, 0x45,0x08, 0x67,0x10, 0xA9,0x10, 0x45,0x08, 0x45,0x10,

 0x54,0x39, 0x34,0x39, 0x54,0x39, 0x34,0x39, 0x33,0x39, 0x55,0x39, 0x11,0x31, 0x69,0x10, 0x26,0x00, 0x47,0x08, 0x47,0x08, 0x47,0x08,
 0x47,0x08, 0x67,0x08, 0x67,0x08, 0x46,0x00, 0x25,0x00, 0x25,0x00, 0x25,0x00, 0x45,0x00, 0x25,0x00, 0x67,0x10, 0x68,0x10, 0x78,0x93,
 0x93,0x6A, 0x66,0x10, 0x66,0x08, 0xA7,0x08, 0x29,0x01, 0x36,0x2D, 0xBE,0x3F, 0x2C,0x12, 0xA7,0x00, 0x45,0x08, 0x27,0x20, 0x52,0x8A,
 0x38,0xAC, 0x0E,0x2A, 0xED,0x09, 0x8E,0x0A, 0x91,0x13, 0x7A,0x2E, 0xFF,0x0F, 0x9E,0x3F, 0x8E,0x12, 0xC8,0x00, 0x28,0x20, 0x34,0xAA,
 0x77,0xF9, 0x35,0xB2, 0x49,0x30, 0x67,0x10, 0x46,0x00, 0x87,0x00, 0x87,0x00, 0x87,0x00, 0x87,0x00, 0x87,0x00, 0x66,0x00, 0x25,0x00,
 0x46,0x00, 0x67,0x00, 0x89,0x00, 0xEB,0x08, 0x0D,0x01, 0x7B,0xB6, 0xFF,0xF7, 0xD9,0x9D, 0xAB,0x00, 0x89,0x00, 0x8F,0x3A, 0x71,0x5B,
 0x0E,0x32, 0x6C,0x19, 0xEB,0x00, 0xCC,0x00, 0x4A,0x00, 0xF9,0xA5, 0xFF,0xFF, 0x1A,0xAE, 0xAC,0x00, 0x0D,0x09, 0xCB,0x00, 0xCA,0x00,
 0xAB,0x00, 0x8D,0x19, 0x7E,0xDF, 0xFF,0xEF, 0x7B,0xB6, 0x18,0x8D, 0x38,0x8D, 0x38,0x8D, 0x38,0x8D, 0x18,0x8D, 0x18,0x8D, 0x38,0x8D,
 0x59,0x95, 0x18,0x8D, 0x9B,0xBE, 0xFF,0xEF, 0x9E,0xDF, 0xAE,0x19, 0x8A,0x00, 0x88,0x00, 0x46,0x00, 0x46,0x00, 0x68,0x08, 0xCA,0x08,
 0x49,0x00, 0xB8,0x9D, 0xFF,0xEF, 0x1C,0xC7, 0x4C,0x11, 0xBB,0xBE, 0xFF,0xFF, 0x3A,0xAE, 0x6B,0x00, 0xCF,0x19, 0xBE,0xCF, 0xFF,0xFF,
 0xD4,0x5B, 0x0E,0x01, 0x1C,0xC7, 0xFF,0xF7, 0x75,0x74, 0x4A,0x00, 0x2D,0x09, 0x6A,0x00, 0xB0,0x42, 0xFF,0xE7, 0xBE,0xD7, 0x92,0x63,
 0xFF,0xE7, 0xBE,0xE7, 0x2E,0x09, 0x4D,0x00, 0x0C,0x00, 0xCF,0x19, 0xFF,0xE7, 0x9E,0xD7, 0xAE,0x19, 0xCD,0x00, 0xED,0x00, 0xED,0x00,
 0x8E,0x19, 0x7D,0xD7, 0xFF,0xF7, 0xB4,0x5B, 0x6B,0x00, 0x0C,0x09, 0xEC,0x08, 0xEC,0x00, 0x8B,0x00, 0xEB,0x08, 0x75,0x74, 0xFF,0xE7,
 0xFF,0xE7, 0xDF,0xE7, 0x50,0x32, 0x6D,0x11, 0xBE,0xD7, 0xFF,0xEF, 0x95,0x7C, 0x8C,0x00, 0x4F,0x09, 0x6B,0x00, 0xF3,0x63, 0xFF,0xF7,
 0xB8,0xA5, 0x6D,0x11, 0x8B,0x00, 0x4F,0x32, 0xDF,0xE7, 0xFF,0xE7, 0x5B,0xAE, 0x8A,0x00, 0x89,0x08, 0x67,0x08, 0x46,0x08, 0x45,0x08,
 0x46,0x08, 0x46,0x08, 0x46,0x08, 0x46,0x10, 0x46,0x08, 0x46,0x08, 0x46,0x08, 0x45,0x08, 0x45,0x08, 0x46,0x08, 0x46,0x08, 0x88,0x08,
 0xAA,0x08, 0x0C,0x11, 0x1C,0xCF, 0xFF,0xEF, 0xD9,0x9D, 0x6C,0x00, 0xEE,0x00, 0xEF,0x00, 0xCF,0x00, 0xCF,0x00, 0xEF,0x00, 0xEF,0x00,
 0x4C,0x00, 0x14,0x64, 0xFF,0xE7, 0xFF,0xE7, 0x12,0x43, 0x6B,0x00, 0xA9,0x08, 0x67,0x08, 0x46,0x08, 0x67,0x10, 0x87,0x10, 0x53,0x4C,
 0x9A,0x6E, 0xC8,0x08, 0x87,0x10, 0x67,0x10, 0x88,0x10, 0x25,0x10, 0x46,0x10, 0x25,0x08, 0xA9,0x18, 0x67,0x10, 0x25,0x08, 0x25,0x10,
 0x87,0x10, 0x88,0x10, 0x25,0x08, 0x25,0x10, 0x88,0x10, 0xA9,0x18, 0x25,0x08, 0x45,0x10, 0x67,0x10, 0xA9,0x18, 0x45,0x10, 0x45,0x10,

 0x54,0x39, 0x54,0x39, 0x34,0x39, 0x34,0x39, 0x54,0x39, 0xEF,0x28, 0x47,0x08, 0x46,0x00, 0x47,0x08, 0x47,0x08, 0x47,0x08, 0x47,0x08,
 0x47,0x08, 0x67,0x08, 0x47,0x08, 0x46,0x00, 0x25,0x00, 0x25,0x00, 0x25,0x00, 0x45,0x00, 0x25,0x00, 0x66,0x10, 0x48,0x18, 0x58,0x9B,
 0x73,0x72, 0x66,0x10, 0x66,0x08, 0x86,0x08, 0x08,0x09, 0x0F,0x13, 0xDF,0x57, 0xD2,0x23, 0xA7,0x00, 0x45,0x00, 0x45,0x08, 0x67,0x18,
 0xAF,0x52, 0x3B,0x7E, 0x5A,0x46, 0x7A,0x26, 0x9E,0x2F, 0xFF,0x1F, 0xFF,0x3F, 0x54,0x2C, 0x09,0x01, 0x47,0x10, 0xCC,0x48, 0x17,0xE2,
 0x76,0xF9, 0xF3,0x89, 0x29,0x28, 0x67,0x10, 0x25,0x00, 0x66,0x00, 0x87,0x00, 0x87,0x00, 0x87,0x00, 0x87,0x00, 0x87,0x00, 0x66,0x00,
 0x46,0x00, 0x67,0x00, 0x88,0x00, 0x69,0x00, 0x8B,0x00, 0x9B,0xBE, 0xFF,0xF7, 0xD9,0x9D, 0xAB,0x00, 0xCA,0x08, 0x69,0x00, 0x28,0x00,
 0x69,0x00, 0x8A,0x00, 0xCB,0x00, 0x2D,0x09, 0xEC,0x00, 0x3A,0xAE, 0xFF,0xFF, 0x19,0xAE, 0x8B,0x00, 0xEB,0x08, 0xAA,0x00, 0xAA,0x00,
 0xAA,0x00, 0x8D,0x19, 0x7E,0xD7, 0xFF,0xFF, 0xF4,0x63, 0x4D,0x00, 0xAE,0x00, 0x8D,0x00, 0x8D,0x00, 0x8D,0x00, 0x8D,0x00, 0xAD,0x00,
 0xEF,0x00, 0x4D,0x00, 0x15,0x6C, 0xFF,0xFF, 0x7E,0xDF, 0xAE,0x21, 0x89,0x00, 0x68,0x08, 0x46,0x08, 0x47,0x08, 0x88,0x08, 0x07,0x00,
 0xF0,0x4A, 0xFF,0xE7, 0xFF,0xEF, 0xB5,0x7C, 0x2A,0x00, 0x73,0x53, 0xDE,0xE7, 0x90,0x3A, 0x0C,0x09, 0x4C,0x09, 0x36,0x85, 0xF6,0x84,
 0xEF,0x29, 0x73,0x53, 0xFF,0xEF, 0xBE,0xDF, 0x2E,0x32, 0x0B,0x09, 0x4D,0x11, 0x49,0x00, 0x37,0x8D, 0xFF,0xEF, 0x9B,0xB6, 0x4E,0x3A,
 0xFF,0xE7, 0xBE,0xDF, 0x32,0x4B, 0x91,0x32, 0x71,0x32, 0xB3,0x5B, 0xFF,0xDF, 0x9E,0xCF, 0x8E,0x19, 0x0D,0x01, 0xCB,0x00, 0x6A,0x00,
 0x2C,0x09, 0x7D,0xCF, 0xFF,0xEF, 0xB4,0x5B, 0x6B,0x00, 0xEC,0x08, 0x6A,0x00, 0x2C,0x11, 0x51,0x53, 0x9B,0xB6, 0xFF,0xE7, 0xFF,0xE7,
 0xDF,0xDF, 0x52,0x4B, 0xAD,0x00, 0xEF,0x21, 0x9E,0xD7, 0xFF,0xEF, 0x17,0x85, 0x4A,0x00, 0x0D,0x01, 0x4A,0x00, 0x95,0x74, 0xFF,0xEF,
 0x7D,0xCF, 0x6D,0x11, 0x2A,0x00, 0xF6,0x84, 0xFF,0xEF, 0xFF,0xEF, 0x95,0x7C, 0x29,0x00, 0xA9,0x08, 0x67,0x08, 0x46,0x08, 0x45,0x08,
 0x46,0x10, 0x46,0x10, 0x46,0x10, 0x46,0x10, 0x46,0x10, 0x46,0x10, 0x46,0x10, 0x45,0x10, 0x45,0x10, 0x45,0x08, 0x46,0x08, 0x88,0x08,
 0xAA,0x08, 0xEC,0x10, 0x1D,0xC7, 0xFF,0xE7, 0x9B,0xB6, 0x31,0x4B, 0x73,0x53, 0x73,0x53, 0x73,0x53, 0x73,0x53, 0x73,0x53, 0x73,0x53,
 0x11,0x4B, 0x78,0x8D, 0xFF,0xDF, 0xFF,0xE7, 0x12,0x43, 0x6B,0x00, 0xA9,0x08, 0x47,0x08, 0x46,0x08, 0x67,0x10, 0x87,0x10, 0x53,0x4C,
 0x7A,0x6E, 0xC8,0x08, 0xA7,0x10, 0x67,0x10, 0x88,0x10, 0x45,0x08, 0x46,0x10, 0x25,0x10, 0xA9,0x18, 0x67,0x10, 0x25,0x08, 0x25,0x08,
 0x88,0x10, 0x88,0x10, 0x25,0x08, 0x25,0x10, 0x88,0x10, 0xA9,0x10, 0x25,0x10, 0x45,0x10, 0x67,0x10, 0xA8,0x18, 0x45,0x10, 0x45,0x10,

 0x54,0x39, 0x34,0x39, 0x34,0x39, 0x54,0x39, 0xAC,0x18, 0x26,0x00, 0x46,0x08, 0x47,0x08, 0x47,0x08, 0x47,0x08, 0x47,0x08, 0x47,0x08,
 0x47,0x08, 0x47,0x08, 0x47,0x08, 0x47,0x00, 0x46,0x00, 0x25,0x00, 0x45,0x00, 0x45,0x00, 0x25,0x00, 0x47,0x10, 0x48,0x18, 0x18,0xA3,
 0x53,0x7A, 0x46,0x10, 0x46,0x08, 0x66,0x00, 0xE8,0x08, 0x6A,0x01, 0x98,0x3D, 0x7B,0x56, 0x09,0x01, 0x66,0x08, 0x24,0x00, 0x45,0x08,
 0x86,0x00, 0xCE,0x22, 0x5A,0x4E, 0xBE,0x3F, 0xBE,0x3F, 0xDC,0x46, 0xF2,0x23, 0x29,0x01, 0x87,0x08, 0x07,0x20, 0x34,0xAA, 0xB5,0xF8,
 0x37,0xE2, 0xEE,0x58, 0x48,0x28, 0x46,0x08, 0x45,0x00, 0x25,0x00, 0x66,0x00, 0x87,0x00, 0x87,0x00, 0xA7,0x00, 0x87,0x00, 0x87,0x00,
 0x67,0x00, 0x47,0x00, 0xEA,0x10, 0x57,0x8D, 0xF9,0xA5, 0x9E,0xD7, 0xFF,0xF7, 0xB8,0x9D, 0x8A,0x00, 0xCA,0x00, 0x88,0x00, 0x88,0x08,
 0x88,0x00, 0x89,0x00, 0xAA,0x00, 0xEC,0x08, 0xCC,0x00, 0x19,0xAE, 0xFF,0xFF, 0xF9,0xAD, 0x8A,0x00, 0xCB,0x08, 0x89,0x00, 0xA9,0x00,
 0xAA,0x00, 0x8D,0x19, 0x7E,0xD7, 0xDF,0xE7, 0x7E,0xDF, 0x1D,0xCF, 0x1D,0xCF, 0x1D,0xC7, 0x1D,0xC7, 0x1D,0xC7, 0x1D,0xC7, 0x1D,0xC7,
 0x1D,0xCF, 0x1D,0xCF, 0x7E,0xD7, 0xDF,0xE7, 0x7E,0xDF, 0xAD,0x21, 0x69,0x00, 0x68,0x08, 0x47,0x08, 0x67,0x08, 0x27,0x00, 0x0D,0x32,
 0xBE,0xD7, 0xFF,0xE7, 0x7E,0xD7, 0xAE,0x19, 0xCD,0x00, 0x6E,0x11, 0x70,0x32, 0x55,0x6C, 0x3D,0xCF, 0x1C,0xC7, 0xFC,0xBE, 0xDC,0xB6,
 0xFC,0xC6, 0x9E,0xDF, 0xDF,0xE7, 0xBE,0xD7, 0x1C,0xC7, 0x3D,0xCF, 0x3A,0xA6, 0x8A,0x00, 0x37,0x8D, 0xFF,0xFF, 0xD6,0x7C, 0x8C,0x21,
 0xFF,0xDF, 0xFF,0xDF, 0xFF,0xEF, 0xFF,0xF7, 0xFF,0xF7, 0xFF,0xEF, 0xFF,0xE7, 0x9E,0xD7, 0xAE,0x19, 0xAB,0x00, 0x14,0x64, 0x37,0x95,
 0x98,0x95, 0xBE,0xD7, 0xFF,0xEF, 0x93,0x5B, 0x4A,0x00, 0x4D,0x11, 0x37,0x95, 0x1D,0xCF, 0xFF,0xEF, 0xFF,0xEF, 0xFF,0xEF, 0xDC,0xBE,
 0x4F,0x32, 0x8B,0x00, 0x0D,0x01, 0x8E,0x19, 0xBE,0xD7, 0xFF,0xDF, 0x9E,0xCF, 0x5A,0xB6, 0x5A,0xB6, 0x5A,0xB6, 0x7E,0xCF, 0xFF,0xE7,
 0x19,0xA6, 0x49,0x00, 0x4F,0x32, 0xDF,0xE7, 0xFF,0xDF, 0xDF,0xE7, 0x0E,0x32, 0x69,0x00, 0x88,0x08, 0x46,0x08, 0x25,0x08, 0x46,0x08,
 0x46,0x10, 0x26,0x10, 0x46,0x10, 0x26,0x10, 0x26,0x10, 0x26,0x10, 0x26,0x10, 0x46,0x10, 0x45,0x10, 0x46,0x10, 0x46,0x08, 0x87,0x10,
 0xAA,0x08, 0xEC,0x10, 0x1D,0xC7, 0xFF,0xDF, 0xFF,0xDF, 0xFF,0xE7, 0xFF,0xEF, 0xFF,0xEF, 0xFF,0xEF, 0xFF,0xEF, 0xFF,0xEF, 0xFF,0xEF,
 0xFF,0xEF, 0xFF,0xDF, 0xDF,0xD7, 0xFF,0xE7, 0xF1,0x42, 0x6A,0x00, 0xA9,0x10, 0x47,0x08, 0x26,0x08, 0x67,0x10, 0x87,0x10, 0x33,0x4C,
 0x9A,0x6E, 0xE8,0x10, 0xA7,0x10, 0x88,0x10, 0xA9,0x18, 0x25,0x10, 0x46,0x10, 0x26,0x08, 0xA9,0x18, 0x67,0x10, 0x25,0x08, 0x25,0x08,
 0x88,0x10, 0x88,0x10, 0x25,0x08, 0x25,0x08, 0x68,0x10, 0xA9,0x10, 0x25,0x10, 0x45,0x10, 0x67,0x10, 0xA8,0x10, 0x45,0x10, 0x45,0x10,

 0x34,0x39, 0x55,0x39, 0x32,0x31, 0x6A,0x10, 0x26,0x00, 0x47,0x08, 0x47,0x08, 0x47,0x08, 0x47,0x08, 0x47,0x08, 0x47,0x08, 0x47,0x08,
 0x47,0x08, 0x47,0x08, 0x47,0x08, 0x46,0x00, 0x25,0x00, 0x25,0x00, 0x45,0x00, 0x25,0x00, 0x25,0x00, 0x46,0x10, 0x48,0x18, 0xD8,0xAA,
 0x13,0x7A, 0x47,0x10, 0x46,0x08, 0x46,0x00, 0xA7,0x00, 0x4A,0x09, 0x2D,0x0A, 0xBC,0x6E, 0x92,0x33, 0x05,0x00, 0x65,0x08, 0x24,0x00,
 0x66,0x00, 0xA7,0x00, 0x29,0x01, 0x4D,0x0A, 0xAE,0x12, 0xEB,0x01, 0x09,0x01, 0xA8,0x08, 0x07,0x18, 0xD2,0x81, 0x36,0xF1, 0x16,0xF9,
 0x34,0x9A, 0x2A,0x38, 0x47,0x18, 0x46,0x08, 0x46,0x00, 0x26,0x00, 0x25,0x00, 0x66,0x00, 0x87,0x00, 0x87,0x00, 0x87,0x00, 0x87,0x00,
 0xA8,0x08, 0xA8,0x08, 0x48,0x00, 0x7B,0xAE, 0xFF,0xFF, 0xFF,0xE7, 0xFF,0xEF, 0x52,0x53, 0x49,0x00, 0xA9,0x00, 0x68,0x00, 0x46,0x00,
 0x46,0x00, 0x47,0x00, 0x68,0x00, 0xCA,0x08, 0xAB,0x00, 0x7A,0xBE, 0xFF,0xFF, 0x5A,0xB6, 0x69,0x00, 0xCA,0x08, 0x88,0x08, 0xA9,0x08,
 0x89,0x00, 0x6D,0x19, 0xFF,0xE7, 0xFF,0xF7, 0xFF,0xF7, 0xFF,0xEF, 0xFF,0xEF, 0xFF,0xE7, 0xFF,0xE7, 0xFF,0xE7, 0xFF,0xE7, 0xFF,0xE7,
 0xFF,0xE7, 0xFF,0xEF, 0xFF,0xF7, 0xFF,0xF7, 0xFF,0xEF, 0xAD,0x21, 0x69,0x00, 0x68,0x08, 0x47,0x08, 0x67,0x08, 0x48,0x00, 0x8C,0x21,
 0xFC,0xB6, 0xFF,0xE7, 0x11,0x4B, 0x8B,0x00, 0xEC,0x08, 0x0C,0x09, 0x2A,0x00, 0x38,0x85, 0xFF,0xF7, 0xFF,0xE7, 0xFF,0xE7, 0xFF,0xEF,
 0xFF,0xEF, 0xFF,0xEF, 0xFF,0xEF, 0xFF,0xEF, 0xFF,0xEF, 0xFF,0xF7, 0x3D,0xC7, 0xCB,0x00, 0xEC,0x08, 0xB8,0x9D, 0x90,0x3A, 0xCD,0x21,
 0xFF,0xEF, 0xFF,0xE7, 0xDB,0xBE, 0x9B,0xBE, 0x9B,0xBE, 0x1C,0xCF, 0xFF,0xF7, 0xFF,0xE7, 0xCE,0x21, 0x4B,0x00, 0xF3,0x63, 0xFF,0xFF,
 0xFF,0xE7, 0xFF,0xE7, 0xBF,0xD7, 0xCD,0x29, 0xAB,0x00, 0xAB,0x00, 0x16,0x8D, 0xFF,0xFF, 0xFF,0xEF, 0x3D,0xCF, 0x75,0x7C, 0x0B,0x11,
 0x4A,0x00, 0xCB,0x08, 0xEB,0x08, 0xAB,0x00, 0x98,0x95, 0xFF,0xF7, 0xFF,0xE7, 0xFF,0xF7, 0xFF,0xFF, 0xFF,0xF7, 0xFF,0xEF, 0xFF,0xDF,
 0xD0,0x42, 0x49,0x00, 0x0D,0x2A, 0xDC,0xBE, 0xFF,0xF7, 0x98,0x9D, 0x69,0x00, 0xA9,0x08, 0x67,0x08, 0x46,0x08, 0x45,0x08, 0x46,0x10,
 0x46,0x10, 0x46,0x10, 0x46,0x10, 0x46,0x10, 0x46,0x10, 0x46,0x10, 0x46,0x10, 0x46,0x10, 0x46,0x10, 0x46,0x10, 0x46,0x10, 0x67,0x10,
 0x89,0x08, 0xCA,0x10, 0x5D,0xC7, 0xFF,0xE7, 0xDF,0xDF, 0x5D,0xCF, 0x5D,0xCF, 0x5D,0xCF, 0x5D,0xCF, 0x5D,0xCF, 0x5D,0xCF, 0x5D,0xCF,
 0x3D,0xCF, 0xBE,0xDF, 0xFF,0xE7, 0xFF,0xEF, 0x11,0x4B, 0x49,0x00, 0x89,0x10, 0x67,0x08, 0x46,0x08, 0x67,0x10, 0x88,0x10, 0x33,0x4C,
 0x9A,0x6E, 0xE8,0x10, 0x87,0x10, 0x68,0x10, 0x89,0x18, 0x26,0x10, 0x46,0x10, 0x25,0x10, 0xA9,0x18, 0x67,0x10, 0x25,0x08, 0x25,0x08,
 0x87,0x10, 0x88,0x10, 0x25,0x08, 0x25,0x10, 0x88,0x10, 0xA9,0x10, 0x25,0x10, 0x45,0x10, 0x67,0x10, 0xA9,0x18, 0x45,0x10, 0x45,0x10,

 0x55,0x39, 0xEF,0x28, 0x47,0x00, 0x26,0x00, 0x47,0x08, 0x47,0x08, 0x47,0x08, 0x47,0x08, 0x47,0x08, 0x47,0x08, 0x47,0x08, 0x47,0x08,
 0x47,0x08, 0x47,0x08, 0x47,0x08, 0x46,0x00, 0x25,0x00, 0x25,0x00, 0x45,0x00, 0x45,0x00, 0x25,0x00, 0x46,0x10, 0x28,0x18, 0x78,0xB2,
 0xF3,0x81, 0x67,0x10, 0x66,0x08, 0x46,0x00, 0x66,0x00, 0xC8,0x00, 0x29,0x09, 0x8F,0x22, 0x99,0x75, 0xED,0x41, 0x05,0x08, 0x25,0x08,
 0x25,0x08, 0x45,0x08, 0x66,0x08, 0x46,0x00, 0x66,0x00, 0x87,0x00, 0x27,0x08, 0x4A,0x28, 0x13,0x92, 0x76,0xF1, 0x75,0xF8, 0x97,0xC2,
 0x8B,0x40, 0x48,0x28, 0x46,0x10, 0x46,0x00, 0x46,0x00, 0x46,0x00, 0x25,0x00, 0x25,0x00, 0x66,0x00, 0x87,0x00, 0x87,0x00, 0xA7,0x00,
 0xA8,0x08, 0xA8,0x08, 0x47,0x00, 0xAF,0x42, 0xD6,0x8C, 0x54,0x74, 0x8F,0x3A, 0x69,0x00, 0x89,0x00, 0x67,0x00, 0x88,0x00, 0x88,0x00,
 0x46,0x00, 0x46,0x00, 0x67,0x00, 0x89,0x08, 0x8A,0x00, 0x54,0x74, 0xB8,0xAD, 0x34,0x74, 0x69,0x00, 0xA9,0x08, 0x88,0x08, 0x89,0x08,
 0x89,0x00, 0x0B,0x11, 0xF3,0x6B, 0x54,0x7C, 0x11,0x4B, 0xEE,0x29, 0x0F,0x2A, 0xEF,0x29, 0xEF,0x29, 0xEF,0x29, 0xEF,0x29, 0xEE,0x29,
 0xEF,0x29, 0xCE,0x21, 0xD0,0x42, 0x13,0x74, 0xD2,0x6B, 0x0B,0x11, 0x68,0x00, 0x67,0x08, 0x47,0x08, 0x67,0x08, 0x88,0x08, 0x06,0x00,
 0xCC,0x29, 0xB2,0x63, 0x28,0x00, 0xCA,0x08, 0xA9,0x08, 0xAA,0x08, 0x89,0x00, 0x2E,0x32, 0x52,0x53, 0x52,0x53, 0x52,0x53, 0x52,0x53,
 0x52,0x53, 0x52,0x53, 0x72,0x53, 0x52,0x53, 0x31,0x53, 0x31,0x53, 0xAF,0x42, 0xAA,0x08, 0xAB,0x00, 0xAA,0x00, 0x89,0x00, 0xAC,0x29,
 0x3A,0xAE, 0xB9,0x9D, 0x4C,0x11, 0xCB,0x00, 0xAB,0x00, 0xCE,0x21, 0x98,0x9D, 0x57,0x95, 0x6D,0x19, 0xAB,0x00, 0x8D,0x19, 0xF9,0xA5,
 0xD8,0x9D, 0xF6,0x84, 0x2E,0x32, 0x48,0x00, 0xCA,0x08, 0x8A,0x00, 0x0B,0x11, 0x57,0x95, 0x71,0x5B, 0x2B,0x11, 0x49,0x00, 0x69,0x00,
 0xA9,0x08, 0x88,0x08, 0xA9,0x08, 0x89,0x00, 0xEA,0x08, 0x31,0x53, 0x54,0x74, 0x75,0x7C, 0x95,0x7C, 0x95,0x7C, 0x34,0x74, 0x2E,0x32,
 0x69,0x00, 0xEA,0x08, 0x48,0x00, 0xE9,0x10, 0x77,0x9D, 0x0D,0x32, 0x48,0x00, 0x88,0x10, 0x46,0x08, 0x46,0x08, 0x46,0x10, 0x46,0x10,
 0x46,0x10, 0x46,0x10, 0x46,0x10, 0x46,0x10, 0x46,0x10, 0x46,0x10, 0x46,0x10, 0x46,0x10, 0x46,0x10, 0x46,0x10, 0x46,0x10, 0x67,0x10,
 0x88,0x08, 0xA9,0x08, 0xF9,0x9D, 0xFC,0xC6, 0x98,0x95, 0x2C,0x11, 0x4D,0x19, 0x4D,0x19, 0x2D,0x11, 0x4D,0x11, 0x4D,0x19, 0x4D,0x19,
 0xEC,0x10, 0xF3,0x6B, 0xBB,0xBE, 0xBB,0xB6, 0x8F,0x42, 0x28,0x00, 0x88,0x10, 0x47,0x08, 0x46,0x10, 0x67,0x10, 0xA8,0x10, 0x53,0x4C,
 0x7A,0x76, 0xC8,0x10, 0x87,0x10, 0x68,0x10, 0x89,0x18, 0x26,0x10, 0x46,0x10, 0x26,0x10, 0xA9,0x18, 0x67,0x10, 0x26,0x10, 0x25,0x10,
 0x88,0x10, 0x88,0x10, 0x25,0x08, 0x25,0x10, 0x68,0x10, 0xA9,0x18, 0x25,0x08, 0x45,0x10, 0x67,0x10, 0xA9,0x18, 0x45,0x10, 0x45,0x10,

 0xAC,0x18, 0x46,0x00, 0x47,0x08, 0x47,0x08, 0x47,0x08, 0x47,0x08, 0x47,0x08, 0x47,0x08, 0x47,0x08, 0x47,0x08, 0x47,0x08, 0x47,0x08,
 0x47,0x08, 0x47,0x08, 0x47,0x08, 0x46,0x00, 0x25,0x00, 0x45,0x00, 0x45,0x00, 0x45,0x00, 0x25,0x00, 0x46,0x10, 0x28,0x18, 0x58,0xB2,
 0xD3,0x89, 0x67,0x10, 0x66,0x08, 0x46,0x00, 0x46,0x00, 0x66,0x00, 0xE8,0x08, 0x2A,0x19, 0xED,0x31, 0x38,0xAC, 0x94,0x92, 0xAC,0x40,
 0x29,0x28, 0x07,0x18, 0x06,0x18, 0x06,0x18, 0x07,0x20, 0x6A,0x30, 0x70,0x69, 0x56,0xC2, 0x36,0xF9, 0xD5,0xF8, 0x98,0xD2, 0xCD,0x50,
 0x29,0x28, 0x47,0x18, 0x25,0x00, 0x25,0x00, 0x25,0x00, 0x25,0x00, 0x25,0x00, 0x25,0x00, 0x25,0x00, 0x87,0x00, 0xA8,0x00, 0xA7,0x00,
 0xA8,0x00, 0xA8,0x08, 0xC9,0x08, 0x89,0x00, 0x28,0x00, 0x08,0x00, 0x49,0x00, 0x89,0x00, 0x68,0x00, 0x47,0x00, 0x46,0x00, 0x87,0x00,
 0xA8,0x08, 0x67,0x00, 0x46,0x00, 0x67,0x00, 0x89,0x08, 0x68,0x00, 0x69,0x00, 0xAA,0x00, 0xA9,0x08, 0x68,0x00, 0x67,0x08, 0x68,0x08,
 0xA9,0x08, 0xA9,0x08, 0x49,0x00, 0x49,0x00, 0x8A,0x00, 0xAB,0x00, 0xAC,0x00, 0xAC,0x00, 0xAC,0x00, 0xAC,0x00, 0xAB,0x00, 0x8B,0x00,
 0x8B,0x00, 0x8B,0x00, 0x6A,0x00, 0x29,0x00, 0x28,0x00, 0x89,0x00, 0x68,0x08, 0x47,0x08, 0x46,0x00, 0x47,0x08, 0x67,0x08, 0x88,0x08,
 0x68,0x00, 0x27,0x00, 0xA9,0x08, 0x88,0x08, 0x68,0x08, 0x88,0x08, 0xA9,0x08, 0x69,0x00, 0x49,0x00, 0x4A,0x00, 0x6A,0x00, 0x6B,0x00,
 0x6A,0x00, 0x6A,0x00, 0x6A,0x00, 0x6A,0x00, 0x6A,0x00, 0x49,0x00, 0x69,0x00, 0xA9,0x08, 0xA9,0x08, 0xAA,0x08, 0xA9,0x08, 0xAA,0x08,
 0x89,0x00, 0x8A,0x00, 0xEB,0x08, 0xEB,0x08, 0xEC,0x08, 0xCB,0x08, 0x6A,0x00, 0x6A,0x00, 0xCA,0x08, 0xCB,0x08, 0xAA,0x00, 0x8A,0x00,
 0x8A,0x00, 0x49,0x00, 0x69,0x00, 0xA9,0x08, 0x89,0x08, 0xA9,0x08, 0xAA,0x08, 0x49,0x00, 0x49,0x00, 0x8A,0x00, 0xA9,0x08, 0x89,0x08,
 0x68,0x08, 0x67,0x08, 0x67,0x08, 0x88,0x08, 0xA9,0x08, 0x49,0x00, 0x49,0x00, 0x6A,0x00, 0x6B,0x00, 0x6A,0x00, 0x4A,0x00, 0x69,0x00,
 0xA9,0x08, 0x88,0x08, 0xA8,0x08, 0x68,0x00, 0x47,0x00, 0x88,0x08, 0x88,0x08, 0x67,0x08, 0x46,0x10, 0x45,0x08, 0x46,0x10, 0x46,0x10,
 0x46,0x10, 0x46,0x10, 0x46,0x10, 0x46,0x10, 0x46,0x10, 0x46,0x10, 0x46,0x10, 0x46,0x10, 0x46,0x10, 0x46,0x10, 0x46,0x10, 0x46,0x10,
 0x67,0x10, 0x88,0x08, 0xA9,0x08, 0xCA,0x08, 0xEB,0x08, 0xCB,0x08, 0xAA,0x08, 0xAA,0x08, 0xAA,0x08, 0xAA,0x08, 0xAA,0x08, 0xAB,0x08,
 0xCB,0x08, 0xCB,0x08, 0xCA,0x08, 0xAA,0x08, 0xA9,0x10, 0x88,0x10, 0x67,0x08, 0x46,0x10, 0x46,0x10, 0x87,0x10, 0xA8,0x10, 0x53,0x4C,
 0x7A,0x76, 0xC8,0x10, 0x87,0x10, 0x88,0x10, 0xA9,0x18, 0x26,0x10, 0x46,0x10, 0x26,0x10, 0xA9,0x18, 0x67,0x10, 0x26,0x10, 0x26,0x10,
 0x88,0x10, 0x88,0x10, 0x25,0x08, 0x25,0x10, 0x88,0x10, 0xA9,0x18, 0x25,0x08, 0x45,0x10, 0x67,0x10, 0xA8,0x18, 0x45,0x10, 0x46,0x10,

 0x46,0x00, 0x47,0x08, 0x47,0x08, 0x47,0x08, 0x47,0x08, 0x47,0x08, 0x47,0x08, 0x47,0x08, 0x47,0x10, 0x47,0x08, 0x47,0x08, 0x47,0x08,
 0x47,0x08, 0x47,0x08, 0x47,0x08, 0x46,0x00, 0x25,0x00, 0x45,0x00, 0x45,0x00, 0x45,0x00, 0x25,0x00, 0x46,0x10, 0x27,0x18, 0x57,0xB2,
 0xF4,0x91, 0x88,0x18, 0x67,0x10, 0x46,0x00, 0x45,0x00, 0x45,0x00, 0x66,0x00, 0xC8,0x10, 0xE9,0x18, 0x4D,0x39, 0x57,0xB3, 0xDB,0xE3,
 0xB7,0xC2, 0xB4,0xA1, 0x92,0x91, 0x92,0x91, 0xD4,0xA9, 0xF6,0xD1, 0x97,0xF9, 0xF5,0xF8, 0xF8,0xF9, 0xB8,0xC2, 0xCE,0x58, 0x29,0x30,
 0x47,0x20, 0x46,0x08, 0x25,0x00, 0x25,0x00, 0x45,0x00, 0x46,0x00, 0x45,0x00, 0x45,0x00, 0x45,0x00, 0x45,0x00, 0x87,0x00, 0xA8,0x00,
 0xA8,0x00, 0xA8,0x08, 0xA9,0x08, 0xCA,0x08, 0xA9,0x00, 0x88,0x08, 0x88,0x00, 0x47,0x00, 0x47,0x00, 0x46,0x00, 0x46,0x00, 0x46,0x00,
 0x88,0x08, 0x09,0x09, 0xA8,0x08, 0x46,0x00, 0x67,0x00, 0x88,0x08, 0xA8,0x08, 0xA9,0x08, 0xC9,0x08, 0xA9,0x08, 0x67,0x08, 0x46,0x08,
 0x67,0x08, 0x88,0x08, 0xA9,0x08, 0xC9,0x08, 0xA9,0x08, 0xAA,0x08, 0xAA,0x08, 0xAA,0x08, 0xCA,0x08, 0xCA,0x08, 0xCA,0x08, 0xCA,0x08,
 0xCA,0x08, 0xAA,0x08, 0xA9,0x08, 0xA9,0x08, 0x89,0x08, 0x67,0x08, 0x67,0x08, 0x46,0x08, 0x46,0x08, 0x46,0x08, 0x47,0x08, 0x67,0x08,
 0x88,0x08, 0x88,0x08, 0x67,0x08, 0x67,0x08, 0x67,0x08, 0x67,0x08, 0x68,0x08, 0x88,0x08, 0xA9,0x08, 0xA9,0x08, 0xAA,0x08, 0xAA,0x08,
 0xAA,0x08, 0xAA,0x08, 0xAA,0x08, 0xA9,0x08, 0xA9,0x08, 0xA9,0x10, 0xA9,0x10, 0x88,0x08, 0x68,0x08, 0x68,0x08, 0x68,0x08, 0x88,0x08,
 0x89,0x08, 0xA9,0x08, 0x89,0x08, 0x89,0x08, 0xA9,0x08, 0xA9,0x08, 0xA9,0x10, 0xA9,0x10, 0x89,0x08, 0x89,0x08, 0xA9,0x08, 0xAA,0x08,
 0xAA,0x08, 0xAA,0x08, 0x89,0x08, 0x68,0x08, 0x67,0x08, 0x67,0x08, 0x88,0x08, 0xA9,0x08, 0xA9,0x10, 0x88,0x08, 0x68,0x08, 0x67,0x08,
 0x47,0x08, 0x46,0x08, 0x47,0x08, 0x67,0x08, 0x68,0x08, 0xA9,0x10, 0xAA,0x10, 0xCA,0x10, 0xCA,0x10, 0xCA,0x10, 0xA9,0x10, 0x88,0x10,
 0x68,0x08, 0x67,0x08, 0x67,0x10, 0x67,0x10, 0x67,0x10, 0x67,0x10, 0x67,0x10, 0x46,0x10, 0x46,0x10, 0x46,0x10, 0x46,0x10, 0x46,0x10,
 0x26,0x10, 0x46,0x10, 0x46,0x10, 0x46,0x10, 0x46,0x10, 0x46,0x10, 0x46,0x10, 0x46,0x10, 0x46,0x10, 0x46,0x10, 0x46,0x10, 0x46,0x10,
 0x67,0x10, 0x67,0x10, 0x88,0x10, 0x88,0x08, 0x89,0x10, 0xA9,0x10, 0x89,0x10, 0x88,0x10, 0x88,0x10, 0x88,0x10, 0x88,0x10, 0x89,0x10,
 0xA9,0x10, 0xA9,0x10, 0xA9,0x10, 0xA9,0x10, 0x88,0x10, 0x67,0x10, 0x46,0x10, 0x46,0x10, 0x46,0x10, 0x87,0x18, 0xC8,0x10, 0x74,0x4C,
 0x7A,0x6E, 0xC8,0x10, 0x87,0x18, 0x88,0x10, 0xA9,0x18, 0x26,0x10, 0x46,0x10, 0x26,0x10, 0xA9,0x18, 0x67,0x10, 0x26,0x10, 0x26,0x10,
 0x88,0x18, 0x88,0x18, 0x25,0x10, 0x25,0x10, 0x88,0x10, 0xA9,0x18, 0x25,0x10, 0x45,0x10, 0x66,0x10, 0xA8,0x18, 0x45,0x08, 0x45,0x10,

 0x47,0x08, 0x47,0x08, 0x47,0x08, 0x47,0x08, 0x47,0x08, 0x47,0x08, 0x47,0x08, 0x47,0x08, 0x47,0x08, 0x47,0x08, 0x47,0x08, 0x67,0x08,
 0x47,0x08, 0x47,0x08, 0x47,0x08, 0x26,0x00, 0x25,0x00, 0x45,0x00, 0x45,0x00, 0x45,0x00, 0x25,0x00, 0x46,0x08, 0x47,0x10, 0x15,0x9A,
 0x58,0xB2, 0xA9,0x20, 0x88,0x18, 0x46,0x00, 0x45,0x00, 0x45,0x00, 0x45,0x00, 0x66,0x00, 0xA7,0x10, 0xCA,0x20, 0x8B,0x30, 0xB1,0x79,
 0xB7,0xC2, 0x99,0xEA, 0x59,0xF2, 0xF9,0xF9, 0xB8,0xF9, 0x77,0xF9, 0xD7,0xE9, 0x77,0xC2, 0xD3,0x81, 0x6C,0x48, 0x2A,0x30, 0x47,0x20,
 0x46,0x08, 0x25,0x00, 0x25,0x00, 0x25,0x00, 0x45,0x00, 0x25,0x00, 0x25,0x00, 0x46,0x00, 0x46,0x00, 0x45,0x00, 0x25,0x00, 0x67,0x00,
 0xA8,0x00, 0x88,0x08, 0xA9,0x08, 0x88,0x00, 0x47,0x00, 0x67,0x00, 0x47,0x00, 0x46,0x00, 0x46,0x00, 0x46,0x00, 0x46,0x00, 0x67,0x00,
 0x87,0x08, 0x66,0x00, 0xC8,0x08, 0xC8,0x08, 0x66,0x08, 0x46,0x00, 0x66,0x08, 0x46,0x00, 0x67,0x08, 0xA8,0x08, 0xA8,0x08, 0x87,0x08,
 0x46,0x00, 0x46,0x00, 0x67,0x08, 0x87,0x08, 0x88,0x08, 0x88,0x08, 0x88,0x08, 0x88,0x08, 0x88,0x08, 0x88,0x08, 0x88,0x08, 0x88,0x08,
 0x88,0x08, 0x88,0x08, 0x88,0x08, 0x68,0x08, 0x67,0x08, 0x47,0x08, 0x46,0x08, 0x46,0x08, 0x46,0x08, 0x46,0x08, 0x46,0x08, 0x67,0x08,
 0x67,0x08, 0x67,0x08, 0x46,0x08, 0x46,0x08, 0x46,0x08, 0x46,0x08, 0x67,0x08, 0x67,0x08, 0x67,0x08, 0x67,0x08, 0x67,0x08, 0x67,0x08,
 0x67,0x08, 0x67,0x08, 0x67,0x08, 0x67,0x08, 0x67,0x08, 0x67,0x08, 0x67,0x10, 0x67,0x08, 0x67,0x08, 0x67,0x08, 0x67,0x08, 0x67,0x08,
 0x67,0x08, 0x67,0x08, 0x67,0x08, 0x68,0x08, 0x68,0x10, 0x68,0x10, 0x68,0x10, 0x67,0x08, 0x67,0x10, 0x67,0x10, 0x67,0x10, 0x68,0x10,
 0x88,0x10, 0x68,0x08, 0x67,0x10, 0x67,0x08, 0x46,0x08, 0x46,0x08, 0x67,0x08, 0x67,0x08, 0x67,0x10, 0x67,0x08, 0x46,0x10, 0x46,0x10,
 0x46,0x10, 0x46,0x10, 0x46,0x10, 0x46,0x10, 0x46,0x10, 0x47,0x10, 0x67,0x10, 0x67,0x10, 0x67,0x10, 0x67,0x10, 0x67,0x10, 0x67,0x10,
 0x46,0x10, 0x46,0x10, 0x46,0x10, 0x46,0x10, 0x46,0x10, 0x46,0x10, 0x46,0x10, 0x46,0x10, 0x46,0x10, 0x46,0x10, 0x46,0x10, 0x46,0x10,
 0x46,0x10, 0x46,0x10, 0x46,0x10, 0x46,0x10, 0x46,0x10, 0x46,0x10, 0x46,0x10, 0x46,0x10, 0x46,0x10, 0x46,0x10, 0x46,0x10, 0x46,0x10,
 0x46,0x10, 0x66,0x10, 0x67,0x10, 0x67,0x10, 0x67,0x10, 0x67,0x10, 0x67,0x10, 0x47,0x10, 0x47,0x10, 0x47,0x10, 0x46,0x10, 0x47,0x10,
 0x67,0x10, 0x67,0x10, 0x67,0x10, 0x67,0x10, 0x67,0x10, 0x46,0x10, 0x46,0x10, 0x46,0x10, 0x46,0x10, 0xC8,0x18, 0xE8,0x18, 0x77,0x65,
 0x77,0x5D, 0x87,0x10, 0x87,0x18, 0x88,0x10, 0xA9,0x18, 0x26,0x10, 0x46,0x10, 0x26,0x10, 0xA9,0x18, 0x67,0x10, 0x46,0x10, 0x46,0x10,
 0x88,0x18, 0x88,0x18, 0x25,0x10, 0x45,0x10, 0x88,0x18, 0xA9,0x18, 0x25,0x08, 0x45,0x10, 0x45,0x10, 0xA9,0x18, 0x87,0x10, 0x25,0x08,

 0x47,0x08, 0x47,0x08, 0x47,0x08, 0x47,0x08, 0x47,0x08, 0x47,0x08, 0x47,0x08, 0x47,0x08, 0x47,0x08, 0x47,0x08, 0x47,0x08, 0x47,0x08,
 0x47,0x08, 0x47,0x08, 0x47,0x00, 0x25,0x00, 0x25,0x00, 0x25,0x00, 0x25,0x00, 0x25,0x00, 0x25,0x00, 0x45,0x08, 0x67,0x10, 0x4F,0x59,
 0x1C,0xE3, 0x2D,0x49, 0xA9,0x18, 0x67,0x10, 0x46,0x00, 0x45,0x00, 0x45,0x00, 0x46,0x00, 0x46,0x08, 0x67,0x10, 0x88,0x18, 0x69,0x20,
 0x6B,0x30, 0xED,0x50, 0x50,0x69, 0x91,0x81, 0x92,0x81, 0x71,0x71, 0x2F,0x59, 0x6C,0x40, 0x09,0x30, 0x48,0x28, 0x47,0x10, 0x26,0x08,
 0x26,0x00, 0x25,0x00, 0x25,0x00, 0x45,0x00, 0x45,0x00, 0x25,0x00, 0x46,0x00, 0x66,0x08, 0x45,0x00, 0x45,0x00, 0x45,0x00, 0x45,0x00,
 0x87,0x00, 0xA9,0x08, 0x88,0x00, 0x46,0x00, 0x67,0x00, 0x66,0x00, 0x46,0x00, 0x46,0x00, 0x67,0x00, 0x47,0x00, 0x67,0x00, 0xE9,0x08,
 0x87,0x00, 0x46,0x00, 0x46,0x00, 0xA7,0x08, 0x09,0x09, 0x87,0x08, 0x25,0x00, 0x45,0x00, 0x46,0x00, 0x46,0x00, 0x67,0x08, 0xA8,0x08,
 0xA8,0x08, 0x67,0x08, 0x45,0x00, 0x46,0x00, 0x46,0x08, 0x67,0x08, 0x67,0x08, 0x88,0x08, 0x87,0x08, 0x87,0x08, 0x87,0x08, 0x87,0x08,
 0x67,0x08, 0x67,0x08, 0x67,0x08, 0x67,0x08, 0x67,0x08, 0x67,0x08, 0x67,0x08, 0x66,0x08, 0x46,0x08, 0x46,0x08, 0x66,0x08, 0x46,0x08,
 0x46,0x08, 0x46,0x08, 0x46,0x08, 0x46,0x08, 0x46,0x08, 0x46,0x08, 0x67,0x08, 0x67,0x08, 0x67,0x08, 0x67,0x08, 0x67,0x08, 0x67,0x08,
 0x66,0x08, 0x67,0x08, 0x67,0x08, 0x67,0x08, 0x67,0x08, 0x67,0x08, 0x67,0x08, 0x67,0x08, 0x67,0x08, 0x67,0x08, 0x67,0x08, 0x67,0x08,
 0x67,0x08, 0x67,0x08, 0x87,0x08, 0x67,0x08, 0x87,0x08, 0x87,0x08, 0x67,0x08, 0x87,0x08, 0x87,0x08, 0x87,0x08, 0x87,0x08, 0x87,0x08,
 0x87,0x08, 0x87,0x08, 0x87,0x08, 0x67,0x08, 0x67,0x08, 0x67,0x08, 0x67,0x08, 0x67,0x08, 0x67,0x08, 0x67,0x08, 0x67,0x10, 0x67,0x10,
 0x67,0x10, 0x67,0x10, 0x67,0x10, 0x67,0x10, 0x67,0x10, 0x67,0x08, 0x67,0x08, 0x66,0x10, 0x46,0x10, 0x66,0x08, 0x67,0x10, 0x46,0x10,
 0x66,0x10, 0x66,0x10, 0x66,0x10, 0x66,0x10, 0x66,0x10, 0x46,0x10, 0x46,0x10, 0x46,0x10, 0x46,0x10, 0x46,0x10, 0x46,0x10, 0x66,0x10,
 0x46,0x10, 0x46,0x10, 0x66,0x10, 0x46,0x10, 0x46,0x10, 0x46,0x10, 0x46,0x10, 0x46,0x10, 0x46,0x10, 0x46,0x10, 0x46,0x10, 0x46,0x10,
 0x46,0x10, 0x66,0x10, 0x46,0x10, 0x46,0x10, 0x46,0x10, 0x46,0x10, 0x46,0x10, 0x46,0x10, 0x46,0x10, 0x46,0x10, 0x46,0x10, 0x46,0x10,
 0x46,0x10, 0x46,0x10, 0x67,0x10, 0x67,0x10, 0x67,0x10, 0x47,0x10, 0x67,0x10, 0x67,0x10, 0xA8,0x18, 0x09,0x19, 0xCB,0x21, 0x3D,0x87,
 0x2F,0x33, 0x87,0x10, 0x66,0x10, 0x88,0x18, 0xA9,0x18, 0x46,0x10, 0x46,0x10, 0x26,0x10, 0x89,0x18, 0x47,0x10, 0x26,0x10, 0x26,0x10,
 0x67,0x18, 0x88,0x18, 0x45,0x10, 0x45,0x10, 0x88,0x18, 0xA9,0x18, 0x25,0x10, 0x45,0x10, 0x45,0x10, 0x46,0x10, 0xC9,0x18, 0x87,0x10,

 0x46,0x00, 0x47,0x08, 0x47,0x00, 0x47,0x08, 0x47,0x08, 0x47,0x08, 0x47,0x08, 0x47,0x08, 0x47,0x08, 0x47,0x08, 0x47,0x08, 0x47,0x00,
 0x47,0x00, 0x47,0x08, 0x47,0x00, 0x25,0x00, 0x45,0x00, 0x46,0x00, 0x45,0x00, 0x45,0x00, 0x45,0x00, 0x46,0x00, 0x88,0x10, 0xCA,0x20,
 0x98,0xBA, 0xBA,0xCA, 0xEC,0x38, 0x88,0x18, 0x67,0x10, 0x47,0x10, 0x46,0x08, 0x46,0x08, 0x46,0x08, 0x46,0x08, 0x47,0x10, 0x67,0x10,
 0x68,0x18, 0x68,0x18, 0x69,0x20, 0x69,0x20, 0x69,0x20, 0x49,0x20, 0x49,0x20, 0x68,0x18, 0x47,0x10, 0x26,0x08, 0x26,0x00, 0x25,0x00,
 0x25,0x00, 0x25,0x00, 0x25,0x00, 0x45,0x00, 0x25,0x00, 0x46,0x00, 0x46,0x00, 0x45,0x00, 0x45,0x00, 0x45,0x00, 0x45,0x00, 0x46,0x00,
 0x46,0x00, 0x67,0x00, 0x66,0x00, 0x66,0x00, 0x66,0x00, 0x26,0x00, 0x46,0x00, 0x46,0x00, 0x67,0x00, 0x67,0x00, 0xC8,0x08, 0x87,0x00,
 0x67,0x08, 0x67,0x00, 0x46,0x00, 0x25,0x00, 0x86,0x08, 0xE9,0x08, 0xE9,0x08, 0x67,0x08, 0x26,0x00, 0x46,0x08, 0x46,0x08, 0x46,0x08,
 0x87,0x08, 0xA8,0x08, 0xA7,0x08, 0x66,0x08, 0x45,0x00, 0x46,0x08, 0x66,0x08, 0x87,0x08, 0x87,0x08, 0x87,0x08, 0x87,0x08, 0x87,0x08,
 0x87,0x08, 0x87,0x08, 0x87,0x08, 0x87,0x08, 0x87,0x08, 0x87,0x08, 0x87,0x08, 0x87,0x08, 0x87,0x08, 0x87,0x08, 0x87,0x08, 0x87,0x08,
 0x87,0x08, 0x87,0x08, 0x87,0x08, 0x87,0x08, 0x87,0x08, 0x87,0x08, 0x87,0x08, 0xA7,0x08, 0xA7,0x08, 0xA7,0x08, 0xA7,0x08, 0xA7,0x08,
 0xC7,0x08, 0xC7,0x08, 0xC7,0x08, 0xC7,0x08, 0xE8,0x08, 0xE8,0x10, 0x08,0x11, 0x08,0x11, 0x08,0x11, 0x28,0x11, 0x28,0x11, 0x28,0x09,
 0x28,0x09, 0x28,0x09, 0x28,0x09, 0x49,0x09, 0x49,0x09, 0x49,0x09, 0x49,0x09, 0x69,0x09, 0x69,0x11, 0x69,0x09, 0x49,0x11, 0x69,0x11,
 0x49,0x11, 0x49,0x11, 0x49,0x11, 0x48,0x11, 0x28,0x11, 0x28,0x11, 0x28,0x11, 0x08,0x11, 0x08,0x11, 0x08,0x11, 0x08,0x11, 0x08,0x11,
 0x08,0x11, 0xE8,0x10, 0xE8,0x10, 0xC8,0x10, 0xC8,0x10, 0xC8,0x10, 0xC8,0x10, 0xA7,0x10, 0xA7,0x10, 0xA7,0x10, 0xA7,0x10, 0xA7,0x10,
 0xA8,0x10, 0xA8,0x10, 0xA7,0x10, 0xA8,0x10, 0xA7,0x10, 0xA7,0x10, 0xA8,0x10, 0xA8,0x10, 0xA8,0x10, 0xA7,0x10, 0xA7,0x10, 0xA7,0x10,
 0xA7,0x10, 0xA7,0x10, 0xA7,0x10, 0xA7,0x10, 0x87,0x10, 0x87,0x10, 0x87,0x10, 0x87,0x10, 0x87,0x10, 0x87,0x10, 0x87,0x10, 0x87,0x10,
 0x87,0x10, 0x87,0x10, 0x88,0x10, 0x88,0x10, 0x88,0x10, 0x88,0x18, 0x88,0x10, 0x88,0x10, 0x88,0x18, 0x88,0x18, 0x88,0x18, 0x87,0x18,
 0x87,0x18, 0x87,0x18, 0x88,0x18, 0xA8,0x18, 0xA8,0x18, 0xA8,0x18, 0xC8,0x18, 0xC8,0x18, 0xE8,0x18, 0xAA,0x19, 0x39,0x6E, 0x19,0x6E,
 0x08,0x11, 0xA8,0x18, 0x46,0x10, 0x88,0x18, 0xA9,0x18, 0x46,0x10, 0x46,0x18, 0x26,0x10, 0x89,0x18, 0x67,0x10, 0x26,0x10, 0x26,0x10,
 0x67,0x18, 0x88,0x18, 0x46,0x10, 0x46,0x10, 0x46,0x10, 0x88,0x18, 0x67,0x10, 0x25,0x10, 0x46,0x10, 0x45,0x10, 0x46,0x10, 0xC9,0x18,

 0x24,0x00, 0x25,0x00, 0x47,0x00, 0x47,0x08, 0x47,0x08, 0x47,0x08, 0x47,0x08, 0x47,0x08, 0x47,0x08, 0x47,0x08, 0x47,0x08, 0x47,0x08,
 0x47,0x08, 0x47,0x08, 0x47,0x00, 0x45,0x00, 0x66,0x00, 0x86,0x00, 0x86,0x00, 0xA7,0x00, 0xA8,0x00, 0x88,0x00, 0x88,0x08, 0xA9,0x18,
 0xEB,0x30, 0x79,0xCA, 0x7B,0xE2, 0x73,0x81, 0xEE,0x50, 0xAC,0x40, 0xAB,0x30, 0x8A,0x28, 0x69,0x20, 0x47,0x10, 0x46,0x08, 0x46,0x08,
 0x46,0x08, 0x46,0x08, 0x67,0x08, 0x67,0x10, 0x67,0x10, 0x47,0x08, 0x46,0x08, 0x46,0x00, 0x45,0x00, 0x26,0x00, 0x25,0x00, 0x25,0x00,
 0x25,0x00, 0x45,0x00, 0x25,0x00, 0x25,0x00, 0x66,0x00, 0x66,0x00, 0x45,0x00, 0x45,0x00, 0x46,0x00, 0x46,0x00, 0x66,0x00, 0x66,0x00,
 0x45,0x00, 0x45,0x00, 0x66,0x00, 0x87,0x00, 0x66,0x00, 0x67,0x00, 0x87,0x00, 0x87,0x00, 0x88,0x00, 0x2A,0x09, 0xE9,0x00, 0x88,0x00,
 0x88,0x08, 0x87,0x08, 0x87,0x08, 0x86,0x00, 0x66,0x00, 0x86,0x08, 0x09,0x09, 0x8B,0x09, 0x2A,0x09, 0xC8,0x08, 0xA7,0x08, 0xA7,0x08,
 0xA7,0x08, 0xA7,0x08, 0xE8,0x08, 0x29,0x09, 0x09,0x09, 0xE8,0x08, 0xC8,0x08, 0xC8,0x08, 0xC8,0x08, 0x09,0x09, 0x09,0x09, 0x09,0x09,
 0x29,0x09, 0x29,0x11, 0x29,0x11, 0x29,0x11, 0x29,0x11, 0x29,0x11, 0x29,0x09, 0x49,0x11, 0x4A,0x11, 0x4A,0x11, 0x6A,0x11, 0x6A,0x11,
 0x6A,0x11, 0x8B,0x11, 0x8B,0x11, 0x8B,0x11, 0x8B,0x11, 0xAB,0x11, 0xAB,0x11, 0xAB,0x11, 0xCB,0x11, 0xCC,0x11, 0xEC,0x11, 0xEC,0x11,
 0x0C,0x12, 0x2C,0x12, 0x2D,0x12, 0x4D,0x12, 0x6D,0x12, 0x8E,0x12, 0xAE,0x12, 0xAE,0x12, 0xCF,0x12, 0xEF,0x12, 0x0F,0x1B, 0x30,0x13,
 0x30,0x13, 0x50,0x1B, 0x71,0x1B, 0x91,0x1B, 0xB1,0x1B, 0xD2,0x1B, 0xF2,0x1B, 0xF2,0x1B, 0xF2,0x1B, 0xD2,0x1B, 0xD2,0x1B, 0xB1,0x1B,
 0x91,0x13, 0x91,0x1B, 0x70,0x13, 0x50,0x13, 0x30,0x1B, 0x0F,0x13, 0x0F,0x13, 0xEF,0x12, 0xEF,0x12, 0xCF,0x12, 0xCE,0x1A, 0xAE,0x1A,
 0xAE,0x1A, 0xAE,0x1A, 0x8E,0x1A, 0x8E,0x1A, 0x6D,0x1A, 0x6D,0x1A, 0x4D,0x1A, 0x2D,0x1A, 0x2D,0x1A, 0x2D,0x1A, 0x2D,0x1A, 0x2D,0x1A,
 0x2D,0x1A, 0x2D,0x1A, 0x2D,0x1A, 0x0D,0x1A, 0x0D,0x1A, 0x2D,0x1A, 0x0D,0x1A, 0x0D,0x1A, 0x0D,0x1A, 0x0D,0x1A, 0x0D,0x1A, 0x0D,0x1A,
 0x0D,0x1A, 0x0C,0x1A, 0x0C,0x1A, 0x0C,0x1A, 0xEC,0x19, 0xEC,0x21, 0xEC,0x19, 0xEC,0x21, 0xEC,0x21, 0xEC,0x21, 0xEC,0x21, 0x0C,0x22,
 0x0C,0x22, 0xEC,0x21, 0xED,0x21, 0xEC,0x21, 0xEC,0x21, 0xEC,0x19, 0xEC,0x21, 0xEC,0x21, 0xEC,0x21, 0xEC,0x21, 0xEC,0x21, 0xEC,0x21,
 0xEC,0x21, 0x0C,0x22, 0x0C,0x22, 0x0C,0x22, 0x0C,0x22, 0x0C,0x22, 0x2D,0x22, 0x8E,0x2A, 0x12,0x4C, 0x1C,0x87, 0xBB,0x7E, 0xCB,0x19,
 0xC8,0x18, 0x67,0x18, 0x26,0x10, 0x88,0x18, 0xA9,0x18, 0x26,0x10, 0x47,0x18, 0x26,0x10, 0x89,0x18, 0x67,0x18, 0x26,0x18, 0x26,0x10,
 0x67,0x18, 0x88,0x18, 0x46,0x10, 0x46,0x10, 0x46,0x10, 0x46,0x10, 0x88,0x18, 0x67,0x10, 0x25,0x10, 0x46,0x10, 0x46,0x10, 0x46,0x10,

 0x46,0x00, 0x45,0x00, 0x24,0x00, 0x26,0x00, 0x47,0x08, 0x47,0x08, 0x47,0x08, 0x47,0x08, 0x47,0x08, 0x47,0x08, 0x47,0x08, 0x47,0x08,
 0x47,0x08, 0x67,0x00, 0x67,0x00, 0x86,0x00, 0xC7,0x00, 0xE8,0x00, 0x29,0x01, 0x4B,0x09, 0x2B,0x09, 0x0A,0x09, 0xC9,0x08, 0x88,0x08,
 0x87,0x10, 0x89,0x28, 0x71,0x81, 0x18,0xC2, 0x19,0xCA, 0xD8,0xB9, 0x75,0x99, 0x12,0x79, 0xCE,0x50, 0xAB,0x30, 0x68,0x18, 0x46,0x08,
 0x46,0x00, 0x26,0x00, 0x26,0x00, 0x46,0x00, 0x46,0x00, 0x46,0x00, 0x46,0x00, 0x25,0x00, 0x25,0x00, 0x46,0x00, 0x46,0x00, 0x46,0x00,
 0x46,0x00, 0x46,0x00, 0x66,0x00, 0xA7,0x08, 0xA7,0x08, 0x86,0x00, 0x86,0x00, 0xA6,0x00, 0xA6,0x00, 0xE8,0x08, 0xC7,0x08, 0xA7,0x00,
 0xA7,0x00, 0xE7,0x08, 0xE8,0x08, 0xE8,0x08, 0x08,0x09, 0x29,0x09, 0x4A,0x09, 0x6A,0x09, 0xEC,0x11, 0xCC,0x09, 0x8A,0x09, 0xAB,0x09,
 0xEC,0x11, 0xAB,0x09, 0xCB,0x11, 0xCB,0x11, 0xCB,0x11, 0xCB,0x11, 0xCB,0x11, 0x0C,0x12, 0xAF,0x1A, 0xD0,0x1A, 0x8E,0x1A, 0x2D,0x12,
 0x2C,0x12, 0x6D,0x1A, 0x6E,0x1A, 0xAF,0x1A, 0xCF,0x1A, 0xF0,0x1A, 0x10,0x23, 0xEF,0x1A, 0xCF,0x1A, 0xCF,0x1A, 0xEF,0x22, 0x10,0x23,
 0x30,0x23, 0x51,0x23, 0x72,0x2B, 0x72,0x2B, 0x92,0x2B, 0x92,0x2B, 0xB2,0x2B, 0xB2,0x2B, 0xB2,0x2B, 0xD3,0x2B, 0xF3,0x2B, 0xF3,0x33,
 0x14,0x34, 0x34,0x34, 0x55,0x34, 0x75,0x34, 0x75,0x34, 0x96,0x34, 0xB6,0x34, 0xB6,0x34, 0xF7,0x34, 0x17,0x35, 0x38,0x3D, 0x58,0x3D,
 0x99,0x3D, 0xD9,0x35, 0xFA,0x3D, 0x1A,0x3E, 0x3B,0x3E, 0x7B,0x3E, 0x9C,0x46, 0xBC,0x46, 0xDC,0x46, 0xFD,0x46, 0x1D,0x47, 0x1D,0x47,
 0x3D,0x4F, 0x5D,0x4F, 0x7E,0x4F, 0x7E,0x4F, 0x9E,0x4F, 0xBE,0x57, 0xBE,0x57, 0xBE,0x57, 0xBE,0x4F, 0xBE,0x4F, 0x9E,0x4F, 0x7E,0x47,
 0x7E,0x47, 0x7E,0x47, 0x5E,0x47, 0x5E,0x47, 0x3D,0x47, 0x3D,0x4F, 0x3D,0x4F, 0x3D,0x4F, 0x3D,0x4F, 0x3D,0x4F, 0x3D,0x4F, 0x1D,0x4F,
 0x1D,0x57, 0x1D,0x57, 0x1D,0x57, 0x1D,0x57, 0x1D,0x5F, 0x1D,0x5F, 0x1D,0x5F, 0xFD,0x5E, 0xFC,0x5E, 0xFD,0x5E, 0xFD,0x5E, 0xFD,0x5E,
 0xFD,0x66, 0xFD,0x66, 0xFD,0x66, 0xFD,0x66, 0xFD,0x66, 0xFD,0x66, 0xFD,0x66, 0xFD,0x66, 0xFD,0x66, 0xFD,0x66, 0xFD,0x66, 0xFD,0x66,
 0xFC,0x66, 0xFC,0x66, 0xFD,0x66, 0xFD,0x66, 0x1D,0x6F, 0x1D,0x6F, 0x1D,0x6F, 0x1D,0x6F, 0x1C,0x6F, 0x1C,0x6F, 0x1D,0x6F, 0x1D,0x6F,
 0x1D,0x6F, 0x1D,0x6F, 0x1D,0x6F, 0x1D,0x6F, 0x1D,0x6F, 0x1D,0x6F, 0x1C,0x6F, 0x1D,0x6F, 0x1D,0x6F, 0x1D,0x6F, 0x1D,0x6F, 0x1D,0x6F,
 0x1D,0x6F, 0x1D,0x77, 0x1D,0x77, 0x1D,0x77, 0x1D,0x77, 0x1C,0x77, 0x1C,0x77, 0x1D,0x7F, 0xDB,0x7E, 0x94,0x54, 0x6A,0x19, 0xC8,0x18,
 0x87,0x18, 0x46,0x18, 0x25,0x18, 0x88,0x18, 0xA9,0x18, 0x46,0x18, 0x47,0x18, 0x46,0x18, 0x89,0x18, 0x67,0x18, 0x46,0x18, 0x46,0x10,
 0x47,0x10, 0x67,0x18, 0x46,0x10, 0x46,0x10, 0x46,0x10, 0x46,0x10, 0x46,0x10, 0x89,0x18, 0x67,0x10, 0x25,0x10, 0x46,0x10, 0x46,0x10,

 0x46,0x00, 0x46,0x00, 0x46,0x00, 0x25,0x00, 0x25,0x00, 0x47,0x00, 0x47,0x08, 0x47,0x08, 0x47,0x00, 0x47,0x08, 0x47,0x08, 0x48,0x08,
 0x68,0x08, 0x67,0x08, 0xA7,0x00, 0xE7,0x00, 0x28,0x01, 0xCB,0x01, 0x6F,0x0A, 0x50,0x0A, 0x0E,0x0A, 0x8C,0x09, 0x09,0x01, 0x87,0x00,
 0x66,0x08, 0x66,0x10, 0x46,0x10, 0x67,0x20, 0xAA,0x30, 0xAB,0x38, 0xAA,0x30, 0x89,0x28, 0x68,0x20, 0x67,0x10, 0x67,0x10, 0x46,0x08,
 0x46,0x00, 0x25,0x00, 0x26,0x00, 0x25,0x00, 0x25,0x00, 0x25,0x00, 0x45,0x00, 0x25,0x00, 0x25,0x00, 0x25,0x00, 0x45,0x00, 0x45,0x00,
 0x45,0x00, 0x25,0x00, 0x66,0x00, 0x66,0x00, 0x45,0x00, 0x45,0x00, 0x45,0x00, 0x45,0x00, 0x87,0x08, 0x66,0x00, 0x66,0x00, 0x66,0x00,
 0x66,0x00, 0x86,0x00, 0x66,0x00, 0x66,0x00, 0x87,0x08, 0x88,0x08, 0xA8,0x00, 0x6A,0x09, 0x29,0x09, 0xA8,0x00, 0xA7,0x00, 0xC7,0x08,
 0x6A,0x11, 0x49,0x09, 0xA8,0x08, 0xA7,0x00, 0xA7,0x08, 0xA8,0x08, 0xC8,0x08, 0xA7,0x08, 0xA6,0x08, 0xE8,0x08, 0x8B,0x11, 0xCB,0x11,
 0x49,0x09, 0x08,0x09, 0xE8,0x08, 0x08,0x09, 0x08,0x09, 0x29,0x09, 0x49,0x11, 0x6A,0x11, 0x6A,0x11, 0x49,0x11, 0x29,0x11, 0x08,0x11,
 0x08,0x11, 0x29,0x11, 0x49,0x11, 0x4A,0x11, 0x6A,0x11, 0x8A,0x11, 0x8B,0x11, 0x8A,0x11, 0x8A,0x11, 0x8B,0x11, 0xAB,0x11, 0xAB,0x19,
 0xAB,0x19, 0xCB,0x19, 0xCC,0x19, 0xEC,0x19, 0xEC,0x19, 0xEC,0x19, 0x0C,0x1A, 0x0C,0x1A, 0x2C,0x1A, 0x2C,0x1A, 0x2C,0x1A, 0x4C,0x1A,
 0x4D,0x1A, 0x6D,0x1A, 0x6D,0x1A, 0x8D,0x1A, 0xAE,0x1A, 0xCE,0x1A, 0xEF,0x1A, 0x0F,0x1B, 0x0F,0x1B, 0x2F,0x1B, 0x50,0x1B, 0x70,0x1B,
 0x91,0x23, 0x91,0x23, 0xD1,0x23, 0xF2,0x23, 0x33,0x24, 0x53,0x24, 0x73,0x2C, 0x73,0x2C, 0x53,0x2C, 0x33,0x24, 0x12,0x24, 0xF2,0x23,
 0xD1,0x23, 0xB1,0x23, 0xB1,0x23, 0x91,0x23, 0x70,0x23, 0x70,0x23, 0x50,0x23, 0x50,0x23, 0x2F,0x23, 0x2F,0x23, 0x2F,0x23, 0x0F,0x23,
 0x0F,0x23, 0x0F,0x23, 0xEF,0x22, 0xEF,0x22, 0xEF,0x22, 0xCF,0x22, 0xCE,0x22, 0xAE,0x22, 0xAE,0x2A, 0xAE,0x2A, 0x8E,0x22, 0x8D,0x22,
 0x8D,0x22, 0xAE,0x2A, 0xAE,0x2A, 0xAE,0x2A, 0xAE,0x2A, 0xCF,0x2A, 0xAE,0x2A, 0xAE,0x2A, 0xAE,0x2A, 0x8E,0x2A, 0x8E,0x2A, 0x8E,0x2A,
 0x8E,0x2A, 0x8E,0x2A, 0x6E,0x2A, 0x6D,0x2A, 0x6D,0x2A, 0x6D,0x2A, 0x6D,0x2A, 0x6D,0x2A, 0x6D,0x2A, 0x6D,0x2A, 0x4D,0x2A, 0x6D,0x2A,
 0x6E,0x2A, 0x8E,0x2A, 0x6E,0x2A, 0x6D,0x2A, 0x6D,0x2A, 0x6D,0x2A, 0x6D,0x2A, 0x6D,0x2A, 0x6D,0x2A, 0x6D,0x2A, 0x6D,0x2A, 0x6D,0x2A,
 0x6D,0x2A, 0x8E,0x2A, 0x6D,0x2A, 0x4C,0x2A, 0x4D,0x2A, 0x4C,0x2A, 0x4C,0x2A, 0x0C,0x2A, 0x49,0x19, 0xC8,0x10, 0xC8,0x18, 0x87,0x18,
 0x46,0x18, 0x46,0x18, 0x26,0x18, 0x88,0x18, 0xA9,0x18, 0x46,0x18, 0x47,0x18, 0x46,0x18, 0xA9,0x18, 0x47,0x18, 0x26,0x10, 0x46,0x18,
 0x46,0x18, 0x46,0x18, 0x47,0x18, 0x46,0x18, 0x46,0x10, 0x46,0x10, 0x46,0x10, 0x46,0x10, 0x89,0x18, 0x67,0x10, 0x26,0x10, 0x46,0x10,

 0x46,0x00, 0x46,0x00, 0x46,0x00, 0x46,0x00, 0x45,0x00, 0x25,0x00, 0x46,0x00, 0x47,0x08, 0x47,0x00, 0x47,0x08, 0x47,0x08, 0x68,0x08,
 0x68,0x08, 0xA8,0x08, 0xE8,0x00, 0x48,0x01, 0x0C,0x02, 0x92,0x13, 0x15,0x14, 0xB4,0x0B, 0xF1,0x0A, 0xEC,0x01, 0x08,0x01, 0x86,0x00,
 0x45,0x00, 0x46,0x00, 0x66,0x08, 0x66,0x08, 0x66,0x08, 0x66,0x08, 0x66,0x08, 0x66,0x08, 0x46,0x08, 0x46,0x08, 0x46,0x00, 0x45,0x00,
 0x45,0x00, 0x45,0x00, 0x25,0x00, 0x25,0x00, 0x25,0x00, 0x25,0x00, 0x25,0x00, 0x25,0x00, 0x25,0x00, 0x45,0x00, 0x25,0x00, 0x45,0x00,
 0x25,0x00, 0x46,0x00, 0x66,0x00, 0x25,0x00, 0x25,0x00, 0x45,0x00, 0x25,0x00, 0x66,0x00, 0x66,0x00, 0x45,0x00, 0x45,0x00, 0x66,0x00,
 0x66,0x00, 0x25,0x00, 0x45,0x00, 0x67,0x00, 0x67,0x08, 0x88,0x00, 0x6A,0x09, 0x29,0x09, 0x66,0x00, 0x46,0x00, 0x46,0x00, 0x46,0x00,
 0x46,0x00, 0xC8,0x08, 0x0A,0x09, 0x88,0x08, 0x26,0x00, 0x46,0x00, 0x46,0x08, 0x46,0x08, 0x46,0x08, 0x45,0x08, 0x25,0x08, 0x87,0x08,
 0x29,0x09, 0x4B,0x11, 0xE9,0x08, 0x66,0x08, 0x46,0x08, 0x66,0x08, 0x66,0x08, 0x66,0x08, 0x66,0x08, 0xA7,0x08, 0xC8,0x10, 0xC8,0x10,
 0xA8,0x10, 0x67,0x08, 0x66,0x08, 0x46,0x08, 0x46,0x08, 0x66,0x08, 0x87,0x08, 0x87,0x10, 0xA7,0x10, 0xA8,0x10, 0xC8,0x10, 0xC8,0x10,
 0xC8,0x10, 0xC7,0x10, 0xC8,0x10, 0xC8,0x10, 0xC8,0x10, 0xE8,0x10, 0xE8,0x10, 0xE8,0x10, 0xE8,0x10, 0xE8,0x10, 0xA7,0x10, 0xC7,0x10,
 0xE8,0x10, 0xE8,0x10, 0xE8,0x10, 0xE8,0x10, 0x08,0x11, 0x08,0x11, 0x29,0x19, 0x29,0x19, 0x49,0x19, 0x49,0x19, 0x49,0x19, 0x49,0x19,
 0x6A,0x19, 0x6A,0x19, 0x6A,0x19, 0x6A,0x19, 0x8A,0x19, 0x8A,0x19, 0xAB,0x19, 0x8A,0x19, 0x8A,0x19, 0x8A,0x19, 0x8A,0x19, 0x8B,0x19,
 0x8B,0x19, 0x8B,0x19, 0x6A,0x19, 0x6A,0x19, 0x4A,0x19, 0x49,0x19, 0x49,0x19, 0x49,0x19, 0x29,0x19, 0x29,0x19, 0x29,0x19, 0x29,0x19,
 0x09,0x19, 0x09,0x19, 0x09,0x19, 0x09,0x19, 0xE8,0x18, 0xE8,0x18, 0xE9,0x18, 0x09,0x21, 0xE9,0x20, 0xC8,0x18, 0xA7,0x18, 0xA7,0x18,
 0xC9,0x18, 0x0A,0x21, 0xE9,0x18, 0xC8,0x18, 0xC8,0x18, 0x0A,0x19, 0x0A,0x19, 0x0A,0x19, 0x0A,0x19, 0xE9,0x18, 0xE9,0x20, 0xEA,0x20,
 0xC9,0x18, 0xA8,0x18, 0xA8,0x18, 0xA8,0x18, 0xA8,0x20, 0xA8,0x20, 0xA8,0x18, 0xA8,0x18, 0x88,0x18, 0x87,0x18, 0x87,0x18, 0xA9,0x20,
 0xC9,0x20, 0xA8,0x20, 0xA8,0x20, 0x88,0x20, 0x88,0x20, 0xA8,0x20, 0xA8,0x20, 0x88,0x20, 0x88,0x20, 0x88,0x20, 0x88,0x20, 0x88,0x20,
 0x88,0x20, 0x0A,0x21, 0xC9,0x20, 0x87,0x20, 0x88,0x20, 0xA8,0x20, 0x88,0x20, 0xA8,0x20, 0xC8,0x20, 0xA8,0x20, 0x67,0x18, 0x47,0x18,
 0x46,0x18, 0x46,0x18, 0x26,0x18, 0x88,0x18, 0xC9,0x18, 0x26,0x18, 0x46,0x18, 0x46,0x18, 0x89,0x18, 0x47,0x18, 0x26,0x18, 0x46,0x18,
 0x46,0x18, 0x46,0x18, 0x46,0x18, 0x67,0x18, 0x46,0x10, 0x46,0x10, 0x46,0x18, 0x46,0x10, 0x46,0x10, 0x89,0x18, 0x67,0x18, 0x25,0x10,

 0x46,0x00, 0x46,0x00, 0x46,0x00, 0x46,0x00, 0x46,0x00, 0x45,0x00, 0x24,0x00, 0x46,0x00, 0x47,0x08, 0x47,0x08, 0x48,0x08, 0x68,0x08,
 0x68,0x08, 0xC8,0x08, 0x29,0x09, 0x0C,0x02, 0xD4,0x1B, 0x18,0x1D, 0xB9,0x1D, 0xF7,0x14, 0x31,0x03, 0xCB,0x01, 0xE7,0x00, 0x86,0x00,
 0x66,0x00, 0x66,0x00, 0x66,0x00, 0x46,0x00, 0x45,0x00, 0x45,0x00, 0x45,0x00, 0x45,0x00, 0x25,0x00, 0x45,0x00, 0x45,0x00, 0x45,0x00,
 0x45,0x00, 0x25,0x00, 0x25,0x00, 0x25,0x00, 0x25,0x00, 0x25,0x00, 0x25,0x00, 0x25,0x00, 0x25,0x00, 0x25,0x00, 0x45,0x00, 0x25,0x00,
 0x66,0x00, 0x66,0x00, 0x25,0x00, 0x45,0x00, 0x45,0x00, 0x45,0x00, 0x87,0x08, 0x66,0x00, 0x45,0x00, 0x45,0x00, 0x66,0x00, 0x66,0x00,
 0x45,0x00, 0x46,0x00, 0x67,0x00, 0x67,0x08, 0x88,0x00, 0x8B,0x09, 0x49,0x09, 0x67,0x00, 0x66,0x00, 0x46,0x00, 0x66,0x00, 0x46,0x00,
 0x46,0x00, 0x25,0x00, 0x87,0x08, 0xEA,0x08, 0xEA,0x08, 0x67,0x08, 0x25,0x00, 0x45,0x08, 0x46,0x08, 0x46,0x08, 0x46,0x08, 0x45,0x00,
 0x45,0x00, 0xA8,0x08, 0x2A,0x11, 0x4B,0x11, 0xC8,0x08, 0x66,0x08, 0x45,0x08, 0x45,0x08, 0x45,0x08, 0x45,0x08, 0x46,0x08, 0x87,0x08,
 0xA8,0x10, 0xC8,0x10, 0xC8,0x10, 0xA8,0x10, 0x67,0x08, 0x46,0x08, 0x45,0x08, 0x45,0x08, 0x46,0x08, 0x66,0x08, 0x67,0x10, 0x87,0x10,
 0x87,0x10, 0x87,0x10, 0x87,0x10, 0x87,0x10, 0x87,0x10, 0x87,0x10, 0x87,0x10, 0x87,0x10, 0xA7,0x10, 0x87,0x10, 0x66,0x10, 0x66,0x10,
 0x66,0x10, 0x66,0x10, 0x66,0x10, 0x86,0x10, 0x86,0x10, 0x86,0x10, 0x86,0x10, 0x86,0x10, 0x86,0x10, 0x87,0x10, 0x87,0x10, 0x87,0x10,
 0x87,0x10, 0x87,0x10, 0x87,0x10, 0x87,0x10, 0x87,0x10, 0x87,0x10, 0x87,0x10, 0x87,0x10, 0xA8,0x18, 0xC8,0x18, 0xC8,0x18, 0xC8,0x18,
 0xA8,0x18, 0x87,0x10, 0x87,0x10, 0x87,0x10, 0x87,0x10, 0x87,0x10, 0x87,0x10, 0x87,0x10, 0x87,0x10, 0x87,0x10, 0x87,0x18, 0x87,0x18,
 0x87,0x18, 0x87,0x18, 0x67,0x10, 0x66,0x10, 0x66,0x10, 0x87,0x18, 0xA8,0x18, 0x88,0x18, 0x67,0x18, 0x66,0x18, 0x67,0x18, 0x89,0x18,
 0xAA,0x20, 0xAA,0x20, 0xA9,0x18, 0x67,0x18, 0x66,0x18, 0x67,0x18, 0xAA,0x18, 0xAA,0x18, 0xA9,0x18, 0xA9,0x18, 0xA9,0x18, 0x88,0x18,
 0x47,0x18, 0x47,0x18, 0x67,0x18, 0x67,0x18, 0x47,0x18, 0x47,0x18, 0x47,0x18, 0x47,0x18, 0x46,0x18, 0x46,0x18, 0x68,0x18, 0x68,0x18,
 0x67,0x18, 0x47,0x18, 0x67,0x18, 0x67,0x18, 0x67,0x18, 0x47,0x18, 0x47,0x18, 0x47,0x18, 0x47,0x18, 0x47,0x18, 0x47,0x18, 0x47,0x18,
 0x47,0x18, 0xEA,0x20, 0x88,0x18, 0x47,0x18, 0x47,0x18, 0x47,0x18, 0x46,0x18, 0x46,0x18, 0x46,0x18, 0x46,0x18, 0x47,0x18, 0x46,0x18,
 0x46,0x18, 0x47,0x18, 0x26,0x18, 0x88,0x18, 0xA9,0x18, 0x26,0x18, 0x46,0x18, 0x26,0x18, 0x89,0x18, 0x47,0x18, 0x26,0x18, 0x46,0x18,
 0x46,0x18, 0x46,0x18, 0x46,0x18, 0x46,0x18, 0x67,0x18, 0x46,0x10, 0x46,0x18, 0x46,0x10, 0x46,0x10, 0x46,0x10, 0xA9,0x18, 0x68,0x18,

 0x46,0x00, 0x46,0x00, 0x46,0x00, 0x46,0x00, 0x46,0x00, 0x46,0x00, 0x45,0x00, 0x24,0x00, 0x46,0x00, 0x48,0x08, 0x48,0x08, 0x68,0x08,
 0x88,0x08, 0xE9,0x08, 0xAB,0x09, 0x53,0x1B, 0x19,0x2D, 0x5B,0x36, 0xBC,0x36, 0xD6,0x0C, 0xAE,0x02, 0x69,0x01, 0xC7,0x00, 0x87,0x00,
 0x86,0x00, 0xA7,0x00, 0xC8,0x00, 0x87,0x00, 0x46,0x00, 0x45,0x00, 0x45,0x00, 0x45,0x00, 0x45,0x00, 0x25,0x00, 0x45,0x00, 0x45,0x00,
 0x45,0x00, 0x45,0x00, 0x25,0x00, 0x25,0x00, 0x25,0x00, 0x25,0x00, 0x25,0x00, 0x25,0x00, 0x25,0x00, 0x25,0x00, 0x25,0x00, 0x66,0x00,
 0x66,0x00, 0x25,0x00, 0x25,0x00, 0x45,0x00, 0x25,0x00, 0x66,0x08, 0x66,0x00, 0x45,0x00, 0x45,0x00, 0x66,0x00, 0x67,0x00, 0x45,0x00,
 0x46,0x00, 0x67,0x08, 0x68,0x08, 0x68,0x00, 0x8B,0x09, 0x49,0x09, 0x66,0x00, 0x46,0x00, 0x46,0x00, 0x46,0x00, 0x45,0x00, 0x45,0x00,
 0x45,0x00, 0x46,0x00, 0x25,0x00, 0x25,0x00, 0x87,0x08, 0xEA,0x08, 0xA9,0x08, 0x46,0x08, 0x25,0x00, 0x45,0x08, 0x45,0x00, 0x46,0x00,
 0x46,0x00, 0x25,0x00, 0x26,0x00, 0x87,0x08, 0x0A,0x09, 0x2A,0x11, 0xC8,0x08, 0x66,0x08, 0x45,0x08, 0x25,0x08, 0x45,0x08, 0x25,0x08,
 0x25,0x08, 0x46,0x08, 0x67,0x08, 0x88,0x10, 0xA8,0x10, 0xA8,0x10, 0x87,0x10, 0x87,0x08, 0x66,0x08, 0x46,0x08, 0x46,0x08, 0x46,0x08,
 0x46,0x08, 0x46,0x08, 0x46,0x08, 0x46,0x10, 0x46,0x10, 0x46,0x10, 0x66,0x10, 0x66,0x10, 0x87,0x10, 0x66,0x10, 0x46,0x10, 0x46,0x10,
 0x46,0x10, 0x46,0x10, 0x46,0x10, 0x46,0x10, 0x46,0x10, 0x46,0x10, 0x46,0x10, 0x46,0x10, 0x46,0x10, 0x46,0x10, 0x46,0x10, 0x46,0x10,
 0x46,0x10, 0x46,0x10, 0x46,0x10, 0x46,0x10, 0x46,0x10, 0x67,0x10, 0x67,0x10, 0x67,0x10, 0x67,0x10, 0x67,0x10, 0x67,0x10, 0x46,0x10,
 0x46,0x10, 0x46,0x10, 0x46,0x10, 0x46,0x10, 0x46,0x10, 0x46,0x10, 0x46,0x10, 0x46,0x10, 0x46,0x10, 0x46,0x10, 0x46,0x10, 0x46,0x18,
 0x46,0x10, 0x46,0x10, 0x46,0x10, 0x67,0x18, 0x88,0x18, 0x67,0x18, 0x46,0x18, 0x46,0x10, 0x47,0x18, 0x68,0x18, 0xAA,0x18, 0xAA,0x20,
 0xAA,0x18, 0xAA,0x18, 0x8A,0x18, 0x67,0x18, 0x46,0x18, 0x46,0x18, 0x68,0x18, 0x8A,0x18, 0x8A,0x18, 0x89,0x18, 0x68,0x18, 0x46,0x18,
 0x46,0x18, 0x47,0x18, 0x47,0x18, 0x68,0x18, 0x68,0x18, 0x67,0x18, 0x47,0x18, 0x47,0x18, 0x46,0x18, 0x67,0x18, 0x47,0x18, 0x46,0x18,
 0x47,0x18, 0x47,0x18, 0x47,0x18, 0x47,0x18, 0x47,0x18, 0x47,0x18, 0x47,0x18, 0x47,0x18, 0x47,0x18, 0x47,0x18, 0x27,0x18, 0x47,0x18,
 0x26,0x18, 0xCA,0x18, 0x68,0x18, 0x27,0x18, 0x27,0x18, 0x27,0x18, 0x46,0x18, 0x68,0x20, 0x46,0x18, 0x46,0x18, 0x47,0x18, 0x46,0x18,
 0x46,0x18, 0x47,0x18, 0x46,0x18, 0x88,0x18, 0xA8,0x18, 0x26,0x18, 0x46,0x18, 0x26,0x10, 0x89,0x18, 0x68,0x18, 0x26,0x18, 0x46,0x18,
 0x46,0x18, 0x46,0x18, 0x46,0x18, 0x46,0x18, 0x46,0x18, 0x67,0x18, 0x47,0x10, 0x26,0x10, 0x46,0x10, 0x46,0x10, 0x46,0x10, 0xA8,0x18,

 0x46,0x00, 0x46,0x00, 0x46,0x00, 0x46,0x00, 0x46,0x00, 0x46,0x00, 0x66,0x00, 0x46,0x00, 0x24,0x00, 0x46,0x00, 0x48,0x08, 0x68,0x08,
 0xA8,0x08, 0x4B,0x11, 0xB1,0x22, 0xF6,0x2B, 0xDB,0x35, 0xBC,0x36, 0x78,0x15, 0x91,0x03, 0xEB,0x01, 0x28,0x01, 0xC7,0x00, 0xA7,0x00,
 0x66,0x00, 0x8B,0x09, 0x14,0x1C, 0x09,0x01, 0x45,0x00, 0x45,0x00, 0x45,0x00, 0x45,0x00, 0x45,0x00, 0x45,0x00, 0x45,0x00, 0x45,0x00,
 0x45,0x00, 0x45,0x00, 0x45,0x00, 0x25,0x00, 0x25,0x00, 0x25,0x00, 0x25,0x00, 0x25,0x00, 0x25,0x00, 0x25,0x00, 0x66,0x00, 0x67,0x00,
 0x25,0x00, 0x45,0x00, 0x45,0x00, 0x25,0x00, 0x66,0x08, 0x66,0x00, 0x25,0x00, 0x25,0x00, 0x66,0x00, 0x67,0x08, 0x46,0x00, 0x66,0x00,
 0x67,0x08, 0x68,0x08, 0x68,0x08, 0x8B,0x09, 0x4A,0x09, 0x67,0x00, 0x46,0x00, 0x46,0x00, 0x46,0x00, 0x46,0x00, 0x46,0x00, 0x45,0x00,
 0x46,0x00, 0x45,0x00, 0x25,0x00, 0x26,0x00, 0x25,0x00, 0x46,0x00, 0xA8,0x08, 0xC9,0x08, 0x88,0x08, 0x45,0x00, 0x25,0x08, 0x45,0x08,
 0x46,0x00, 0x46,0x08, 0x46,0x08, 0x45,0x08, 0x25,0x08, 0x67,0x08, 0xC8,0x08, 0x0A,0x11, 0xE9,0x08, 0x87,0x08, 0x46,0x08, 0x25,0x08,
 0x25,0x08, 0x25,0x08, 0x46,0x08, 0x26,0x08, 0x46,0x08, 0x46,0x08, 0x67,0x08, 0x87,0x10, 0x87,0x10, 0x88,0x10, 0x87,0x10, 0x67,0x10,
 0x67,0x10, 0x47,0x10, 0x46,0x10, 0x46,0x10, 0x46,0x10, 0x46,0x08, 0x46,0x08, 0x46,0x08, 0x46,0x08, 0x46,0x08, 0x46,0x08, 0x46,0x10,
 0x46,0x10, 0x46,0x10, 0x46,0x10, 0x46,0x10, 0x46,0x10, 0x46,0x10, 0x46,0x10, 0x46,0x10, 0x46,0x10, 0x46,0x10, 0x46,0x10, 0x46,0x10,
 0x66,0x10, 0x67,0x10, 0x67,0x18, 0x67,0x18, 0x67,0x18, 0x67,0x10, 0x67,0x10, 0x46,0x10, 0x46,0x10, 0x46,0x10, 0x46,0x10, 0x46,0x10,
 0x46,0x10, 0x46,0x10, 0x46,0x10, 0x46,0x10, 0x46,0x10, 0x46,0x10, 0x46,0x18, 0x46,0x18, 0x46,0x10, 0x46,0x18, 0x46,0x10, 0x46,0x18,
 0x46,0x18, 0x67,0x18, 0x88,0x18, 0x67,0x18, 0x46,0x18, 0x46,0x18, 0x46,0x18, 0x46,0x18, 0x89,0x18, 0xCB,0x20, 0xAB,0x20, 0xAA,0x20,
 0xAA,0x20, 0xAA,0x20, 0xAA,0x20, 0xA9,0x20, 0x47,0x18, 0x46,0x18, 0x46,0x18, 0x89,0x18, 0x89,0x18, 0x47,0x18, 0x46,0x18, 0x46,0x18,
 0x47,0x18, 0x68,0x18, 0x68,0x18, 0x89,0x18, 0xA9,0x18, 0x89,0x18, 0x68,0x18, 0x68,0x18, 0x68,0x18, 0x47,0x18, 0x47,0x18, 0x47,0x18,
 0x47,0x18, 0x47,0x18, 0x47,0x18, 0x47,0x18, 0x47,0x18, 0x47,0x18, 0x47,0x18, 0x47,0x18, 0x47,0x18, 0x47,0x18, 0x47,0x18, 0x26,0x18,
 0x47,0x18, 0x2C,0x19, 0x68,0x18, 0x47,0x18, 0x47,0x18, 0x47,0x18, 0x47,0x18, 0x8A,0x28, 0x47,0x18, 0x47,0x18, 0x46,0x18, 0x46,0x18,
 0x46,0x18, 0x46,0x18, 0x46,0x18, 0xCA,0x20, 0xEB,0x20, 0x46,0x18, 0x26,0x18, 0x67,0x18, 0x0D,0x21, 0xCB,0x20, 0x26,0x18, 0x46,0x18,
 0x46,0x18, 0x46,0x18, 0x46,0x18, 0x46,0x18, 0x46,0x18, 0x46,0x18, 0x68,0x18, 0x47,0x18, 0x26,0x18, 0x46,0x18, 0x46,0x10, 0x46,0x10,

 0x46,0x00, 0x46,0x00, 0x46,0x00, 0x46,0x00, 0x46,0x00, 0x46,0x00, 0x46,0x00, 0x46,0x00, 0x46,0x00, 0x24,0x00, 0x46,0x00, 0x68,0x08,
 0xCA,0x10, 0xD0,0x21, 0xF4,0x2A, 0x38,0x34, 0x9B,0x2D, 0x18,0x15, 0xB2,0x03, 0x6D,0x02, 0x69,0x01, 0xE8,0x00, 0xA6,0x00, 0x86,0x00,
 0x66,0x00, 0x09,0x01, 0x4E,0x0A, 0xA7,0x00, 0x45,0x00, 0x45,0x00, 0x45,0x00, 0x45,0x00, 0x45,0x00, 0x45,0x00, 0x45,0x00, 0x45,0x00,
 0x45,0x00, 0x45,0x00, 0x25,0x00, 0x25,0x00, 0x25,0x00, 0x25,0x00, 0x25,0x00, 0x25,0x00, 0x25,0x00, 0x66,0x00, 0x67,0x00, 0x25,0x00,
 0x25,0x00, 0x45,0x00, 0x25,0x00, 0x66,0x00, 0x66,0x00, 0x45,0x00, 0x25,0x00, 0x66,0x00, 0x87,0x08, 0x46,0x00, 0x66,0x00, 0x67,0x08,
 0x68,0x08, 0x89,0x08, 0x8B,0x09, 0x6A,0x09, 0x67,0x00, 0x46,0x00, 0x46,0x00, 0x47,0x08, 0x46,0x00, 0x46,0x00, 0x46,0x00, 0x46,0x00,
 0x46,0x08, 0x45,0x00, 0x45,0x00, 0x46,0x00, 0x46,0x00, 0x45,0x08, 0x25,0x00, 0x46,0x00, 0xA8,0x08, 0xC9,0x08, 0x87,0x08, 0x46,0x00,
 0x45,0x00, 0x46,0x08, 0x46,0x08, 0x46,0x08, 0x46,0x08, 0x25,0x08, 0x25,0x08, 0x46,0x08, 0xA7,0x08, 0xE9,0x10, 0x0A,0x11, 0xE9,0x10,
 0xA8,0x08, 0x66,0x08, 0x25,0x08, 0x25,0x08, 0x25,0x08, 0x25,0x08, 0x25,0x08, 0x25,0x08, 0x46,0x08, 0x46,0x08, 0x46,0x08, 0x67,0x10,
 0x67,0x10, 0x68,0x10, 0x68,0x10, 0x67,0x10, 0x67,0x10, 0x67,0x10, 0x67,0x10, 0x67,0x10, 0x67,0x10, 0x67,0x10, 0x67,0x10, 0x47,0x10,
 0x46,0x10, 0x46,0x10, 0x46,0x10, 0x46,0x10, 0x46,0x10, 0x47,0x10, 0x67,0x10, 0x47,0x10, 0x67,0x18, 0x67,0x10, 0x67,0x10, 0x67,0x10,
 0x67,0x10, 0x47,0x10, 0x46,0x10, 0x46,0x10, 0x46,0x10, 0x46,0x10, 0x46,0x10, 0x46,0x10, 0x46,0x10, 0x46,0x10, 0x46,0x10, 0x46,0x10,
 0x46,0x10, 0x46,0x10, 0x46,0x18, 0x46,0x18, 0x46,0x18, 0x46,0x18, 0x46,0x18, 0x46,0x18, 0x46,0x18, 0x46,0x18, 0x47,0x18, 0x68,0x18,
 0x89,0x18, 0x88,0x18, 0x46,0x18, 0x46,0x10, 0x46,0x18, 0x46,0x18, 0x46,0x18, 0x47,0x18, 0x47,0x18, 0xAB,0x20, 0xCB,0x20, 0xAB,0x20,
 0xAA,0x20, 0xAA,0x20, 0xAA,0x20, 0xAA,0x20, 0x89,0x20, 0x47,0x18, 0x46,0x18, 0x47,0x18, 0x47,0x18, 0x46,0x18, 0x47,0x18, 0x47,0x18,
 0x68,0x18, 0x89,0x18, 0xAA,0x18, 0xAA,0x18, 0xAA,0x18, 0xAA,0x18, 0xAA,0x18, 0xAA,0x18, 0x68,0x18, 0x47,0x18, 0x27,0x18, 0x27,0x20,
 0x27,0x18, 0x47,0x18, 0x47,0x20, 0x47,0x20, 0x27,0x20, 0x27,0x18, 0x47,0x18, 0x47,0x18, 0x47,0x18, 0x47,0x18, 0x26,0x18, 0x47,0x18,
 0x6D,0x19, 0xCA,0x18, 0x47,0x18, 0x47,0x18, 0x47,0x18, 0x47,0x18, 0x47,0x18, 0x26,0x18, 0x47,0x18, 0x47,0x18, 0x46,0x18, 0x46,0x18,
 0x46,0x18, 0x26,0x18, 0x47,0x18, 0x4E,0x21, 0x6F,0x29, 0x88,0x18, 0x26,0x18, 0x68,0x18, 0x0D,0x21, 0xCB,0x20, 0x46,0x18, 0x46,0x18,
 0x47,0x18, 0x46,0x18, 0x46,0x18, 0x46,0x18, 0x46,0x18, 0x46,0x18, 0x46,0x18, 0x88,0x18, 0x67,0x18, 0x46,0x10, 0x46,0x18, 0x46,0x18,

 0x46,0x00, 0x46,0x00, 0x46,0x00, 0x66,0x00, 0x46,0x00, 0x46,0x00, 0x46,0x00, 0x45,0x00, 0x46,0x00, 0x46,0x00, 0x25,0x00, 0x88,0x08,
 0x2E,0x21, 0xB2,0x29, 0x17,0x33, 0x5A,0x3C, 0x36,0x14, 0x10,0x03, 0x4C,0x02, 0xAA,0x01, 0x29,0x01, 0xC7,0x00, 0x86,0x00, 0x45,0x00,
 0x46,0x00, 0x66,0x00, 0x46,0x00, 0x45,0x00, 0x45,0x00, 0x45,0x00, 0x25,0x00, 0x45,0x00, 0x45,0x00, 0x45,0x00, 0x45,0x00, 0x25,0x00,
 0x45,0x00, 0x25,0x00, 0x25,0x00, 0x25,0x00, 0x25,0x00, 0x25,0x00, 0x25,0x00, 0x24,0x00, 0x66,0x00, 0x87,0x08, 0x25,0x00, 0x25,0x00,
 0x25,0x00, 0x25,0x00, 0x66,0x08, 0x46,0x00, 0x25,0x00, 0x25,0x00, 0x66,0x08, 0x87,0x08, 0x46,0x00, 0x67,0x00, 0x68,0x08, 0x69,0x08,
 0x69,0x08, 0xAC,0x09, 0x8B,0x09, 0x67,0x00, 0x46,0x00, 0x46,0x00, 0x46,0x08, 0x46,0x00, 0x46,0x00, 0x46,0x00, 0x46,0x00, 0x46,0x00,
 0x46,0x00, 0x46,0x00, 0x46,0x00, 0x46,0x00, 0x45,0x08, 0x46,0x00, 0x46,0x00, 0x45,0x00, 0x25,0x00, 0x66,0x00, 0xA8,0x08, 0xA8,0x08,
 0x67,0x08, 0x45,0x08, 0x25,0x08, 0x25,0x08, 0x46,0x08, 0x46,0x08, 0x46,0x08, 0x46,0x08, 0x25,0x08, 0x25,0x08, 0x67,0x08, 0xA8,0x08,
 0xE9,0x10, 0x0A,0x11, 0xE9,0x10, 0xA8,0x08, 0x66,0x08, 0x46,0x08, 0x25,0x08, 0x25,0x08, 0x25,0x08, 0x46,0x08, 0x46,0x08, 0x26,0x10,
 0x26,0x08, 0x26,0x10, 0x46,0x10, 0x46,0x10, 0x46,0x10, 0x47,0x10, 0x47,0x10, 0x67,0x10, 0x67,0x10, 0x67,0x10, 0x67,0x10, 0x47,0x10,
 0x46,0x10, 0x46,0x10, 0x46,0x10, 0x46,0x10, 0x46,0x10, 0x46,0x10, 0x46,0x10, 0x46,0x10, 0x46,0x10, 0x46,0x10, 0x46,0x10, 0x46,0x10,
 0x46,0x10, 0x46,0x10, 0x46,0x10, 0x46,0x18, 0x46,0x10, 0x46,0x10, 0x46,0x10, 0x46,0x10, 0x46,0x10, 0x46,0x10, 0x46,0x10, 0x46,0x10,
 0x46,0x18, 0x46,0x18, 0x46,0x18, 0x46,0x18, 0x46,0x18, 0x46,0x18, 0x46,0x18, 0x46,0x18, 0x46,0x18, 0x88,0x18, 0xA9,0x18, 0x88,0x18,
 0x47,0x18, 0x26,0x18, 0x26,0x18, 0x46,0x18, 0x88,0x20, 0x47,0x18, 0x26,0x18, 0x47,0x18, 0x46,0x18, 0x88,0x18, 0xEB,0x20, 0xCB,0x20,
 0xCA,0x20, 0xCA,0x20, 0xAA,0x20, 0xAA,0x20, 0xAA,0x20, 0x88,0x20, 0x46,0x18, 0x46,0x18, 0x47,0x18, 0x47,0x18, 0x47,0x18, 0x47,0x18,
 0x68,0x20, 0xAA,0x20, 0xCA,0x18, 0x8D,0x19, 0x50,0x22, 0xEF,0x19, 0x0B,0x19, 0xAA,0x20, 0x89,0x18, 0x48,0x18, 0x47,0x20, 0x27,0x20,
 0x47,0x18, 0x47,0x18, 0x27,0x20, 0x27,0x20, 0x27,0x20, 0x47,0x18, 0x47,0x18, 0x47,0x18, 0x47,0x18, 0x26,0x20, 0x47,0x18, 0x8E,0x19,
 0xEA,0x18, 0x26,0x18, 0x47,0x18, 0x47,0x18, 0x47,0x18, 0x47,0x18, 0x47,0x18, 0x47,0x18, 0x47,0x18, 0x47,0x18, 0x46,0x18, 0x46,0x18,
 0x46,0x18, 0x46,0x18, 0x47,0x18, 0xAA,0x20, 0xEB,0x20, 0x47,0x18, 0x46,0x18, 0x46,0x18, 0x47,0x18, 0x47,0x18, 0x46,0x18, 0x47,0x18,
 0x46,0x18, 0x46,0x18, 0x46,0x18, 0x46,0x18, 0x46,0x18, 0x46,0x18, 0x46,0x18, 0x46,0x18, 0x88,0x18, 0x67,0x18, 0x46,0x18, 0x46,0x10,

 0x46,0x00, 0x46,0x00, 0x46,0x00, 0x66,0x00, 0x45,0x00, 0x45,0x00, 0x45,0x00, 0x45,0x00, 0x45,0x00, 0x46,0x00, 0x67,0x08, 0xCC,0x20,
 0x10,0x31, 0xD5,0x39, 0xD9,0x3A, 0xF5,0x22, 0x4E,0x0A, 0xAB,0x01, 0x49,0x01, 0x08,0x01, 0xC7,0x00, 0x86,0x00, 0x45,0x00, 0x45,0x00,
 0x25,0x00, 0x45,0x00, 0x45,0x00, 0x25,0x00, 0x25,0x00, 0x45,0x00, 0x45,0x00, 0x25,0x00, 0x45,0x00, 0x45,0x00, 0x25,0x00, 0x45,0x00,
 0x45,0x00, 0x25,0x00, 0x25,0x00, 0x25,0x00, 0x25,0x00, 0x25,0x00, 0x25,0x00, 0x66,0x00, 0x87,0x08, 0x25,0x00, 0x25,0x00, 0x25,0x00,
 0x25,0x00, 0x87,0x08, 0x66,0x00, 0x25,0x00, 0x25,0x00, 0x66,0x08, 0x87,0x08, 0x46,0x00, 0x67,0x00, 0x68,0x08, 0x69,0x10, 0x69,0x08,
 0xAC,0x09, 0xAB,0x09, 0x67,0x00, 0x47,0x00, 0x47,0x00, 0x47,0x08, 0x26,0x00, 0x25,0x00, 0x46,0x00, 0x46,0x00, 0x46,0x00, 0x45,0x00,
 0x46,0x00, 0x46,0x00, 0x46,0x00, 0x46,0x00, 0x46,0x00, 0x46,0x00, 0x46,0x00, 0x46,0x00, 0x46,0x00, 0x25,0x08, 0x25,0x00, 0x46,0x08,
 0x88,0x08, 0xA8,0x08, 0x87,0x08, 0x46,0x08, 0x25,0x08, 0x45,0x08, 0x46,0x08, 0x46,0x08, 0x46,0x08, 0x46,0x08, 0x46,0x08, 0x26,0x08,
 0x25,0x08, 0x46,0x08, 0x87,0x08, 0xA8,0x10, 0xC9,0x10, 0xC9,0x10, 0xA9,0x10, 0x88,0x10, 0x67,0x10, 0x46,0x08, 0x46,0x10, 0x26,0x10,
 0x26,0x10, 0x46,0x08, 0x46,0x10, 0x26,0x10, 0x46,0x10, 0x46,0x10, 0x46,0x10, 0x46,0x10, 0x46,0x10, 0x46,0x08, 0x46,0x10, 0x46,0x10,
 0x46,0x10, 0x46,0x10, 0x46,0x10, 0x46,0x10, 0x46,0x10, 0x46,0x10, 0x46,0x10, 0x46,0x10, 0x46,0x10, 0x46,0x10, 0x46,0x10, 0x46,0x10,
 0x46,0x10, 0x46,0x10, 0x46,0x10, 0x46,0x18, 0x46,0x18, 0x46,0x10, 0x46,0x10, 0x46,0x10, 0x46,0x10, 0x46,0x18, 0x46,0x18, 0x46,0x18,
 0x46,0x18, 0x46,0x18, 0x46,0x18, 0x46,0x18, 0x46,0x18, 0x46,0x18, 0x67,0x18, 0x88,0x18, 0xA9,0x18, 0x88,0x18, 0x46,0x18, 0x26,0x18,
 0x46,0x18, 0x47,0x18, 0x69,0x18, 0xAA,0x20, 0xCB,0x20, 0xAA,0x20, 0x26,0x18, 0x47,0x18, 0x47,0x18, 0x46,0x18, 0xAA,0x20, 0xCB,0x20,
 0xCB,0x20, 0xCB,0x20, 0xAA,0x20, 0xAB,0x20, 0xAA,0x20, 0x67,0x20, 0x46,0x18, 0x47,0x18, 0x47,0x18, 0x47,0x20, 0x47,0x18, 0x68,0x20,
 0x89,0x20, 0xAA,0x20, 0x4C,0x19, 0xD2,0x22, 0xEE,0x19, 0x91,0x22, 0x50,0x22, 0xAA,0x18, 0x89,0x18, 0x68,0x18, 0x47,0x18, 0x47,0x20,
 0x47,0x20, 0x47,0x20, 0x27,0x20, 0x28,0x18, 0x47,0x18, 0x47,0x18, 0x27,0x20, 0x47,0x20, 0x27,0x20, 0x47,0x18, 0x6D,0x19, 0xEA,0x18,
 0x26,0x18, 0x47,0x20, 0x47,0x18, 0x47,0x18, 0x47,0x20, 0x47,0x20, 0x47,0x18, 0x47,0x18, 0x47,0x18, 0x47,0x18, 0x47,0x18, 0x47,0x18,
 0x47,0x18, 0x46,0x18, 0x46,0x18, 0x26,0x18, 0x26,0x18, 0x47,0x18, 0x47,0x18, 0x47,0x18, 0x46,0x18, 0x26,0x18, 0x26,0x18, 0x46,0x18,
 0x47,0x18, 0x46,0x18, 0x46,0x18, 0x46,0x18, 0x46,0x18, 0x46,0x18, 0x46,0x18, 0x46,0x10, 0x46,0x18, 0x88,0x18, 0x67,0x18, 0x46,0x18,

 0x45,0x00, 0x45,0x00, 0x45,0x00, 0x45,0x00, 0x45,0x00, 0x45,0x00, 0x45,0x00, 0x45,0x00, 0x45,0x00, 0x47,0x08, 0xAC,0x20, 0xF0,0x30,
 0x33,0x41, 0xD6,0x41, 0xB3,0x29, 0x4D,0x11, 0x29,0x01, 0x08,0x01, 0xE7,0x00, 0xA7,0x00, 0x66,0x00, 0x45,0x00, 0x25,0x00, 0x25,0x00,
 0x45,0x00, 0x45,0x00, 0x25,0x00, 0x46,0x00, 0xAB,0x09, 0x66,0x00, 0x25,0x00, 0x25,0x00, 0x25,0x00, 0x45,0x00, 0x25,0x00, 0x25,0x00,
 0x25,0x00, 0x25,0x00, 0x25,0x00, 0x25,0x00, 0x25,0x00, 0x24,0x00, 0x87,0x08, 0xA8,0x08, 0x25,0x00, 0x25,0x00, 0x45,0x00, 0x25,0x00,
 0x87,0x08, 0x66,0x00, 0x25,0x00, 0x25,0x00, 0x67,0x08, 0x87,0x08, 0x46,0x00, 0x66,0x00, 0x68,0x08, 0x69,0x10, 0x6A,0x08, 0xAC,0x09,
 0xAC,0x09, 0x88,0x00, 0x67,0x00, 0x47,0x00, 0x47,0x08, 0x46,0x00, 0x25,0x00, 0x46,0x00, 0x46,0x00, 0x25,0x00, 0x25,0x00, 0x25,0x00,
 0x25,0x08, 0x45,0x00, 0x46,0x00, 0x46,0x08, 0x46,0x08, 0x46,0x08, 0x46,0x08, 0x46,0x08, 0x45,0x08, 0x46,0x08, 0x46,0x00, 0x45,0x08,
 0x25,0x00, 0x46,0x08, 0x67,0x08, 0xA8,0x08, 0x88,0x08, 0x66,0x08, 0x26,0x08, 0x25,0x08, 0x46,0x08, 0x46,0x08, 0x46,0x08, 0x46,0x08,
 0x46,0x08, 0x46,0x08, 0x25,0x08, 0x25,0x08, 0x26,0x08, 0x46,0x10, 0x87,0x10, 0xA8,0x10, 0xA9,0x10, 0xA9,0x10, 0x88,0x10, 0x67,0x10,
 0x67,0x10, 0x46,0x10, 0x46,0x08, 0x46,0x10, 0x46,0x10, 0x46,0x08, 0x46,0x10, 0x46,0x10, 0x46,0x10, 0x46,0x10, 0x46,0x10, 0x46,0x10,
 0x46,0x10, 0x46,0x10, 0x46,0x10, 0x46,0x10, 0x46,0x10, 0x46,0x10, 0x46,0x10, 0x46,0x10, 0x46,0x10, 0x46,0x10, 0x46,0x10, 0x46,0x10,
 0x46,0x10, 0x46,0x10, 0x46,0x10, 0x46,0x10, 0x46,0x10, 0x46,0x10, 0x46,0x18, 0x46,0x18, 0x46,0x18, 0x46,0x18, 0x46,0x18, 0x46,0x18,
 0x47,0x18, 0x26,0x18, 0x26,0x18, 0x46,0x18, 0x68,0x18, 0x89,0x18, 0x89,0x18, 0x88,0x18, 0x46,0x18, 0x26,0x18, 0x26,0x18, 0x46,0x18,
 0x46,0x18, 0x89,0x20, 0xCC,0x20, 0xCB,0x20, 0xCB,0x20, 0xCB,0x20, 0x68,0x18, 0x26,0x18, 0x47,0x20, 0x46,0x18, 0x68,0x20, 0xCB,0x20,
 0xCB,0x20, 0xCB,0x20, 0xCB,0x28, 0x89,0x20, 0x47,0x18, 0x46,0x20, 0x47,0x18, 0x47,0x18, 0x47,0x20, 0x47,0x20, 0x47,0x18, 0x68,0x18,
 0x88,0x20, 0x89,0x20, 0x0E,0x22, 0x50,0x1A, 0x2C,0x19, 0xAE,0x19, 0x74,0x23, 0xEB,0x18, 0xA9,0x20, 0x68,0x18, 0x47,0x20, 0x47,0x20,
 0x27,0x18, 0x27,0x20, 0x27,0x20, 0x28,0x20, 0x27,0x20, 0x47,0x20, 0x47,0x20, 0x27,0x20, 0x27,0x18, 0x8D,0x19, 0xEA,0x18, 0x06,0x20,
 0x47,0x20, 0x27,0x20, 0x27,0x20, 0x27,0x20, 0x47,0x20, 0x47,0x20, 0x47,0x20, 0x47,0x20, 0x47,0x20, 0x47,0x18, 0x46,0x18, 0x47,0x18,
 0x47,0x18, 0x47,0x18, 0x47,0x18, 0x47,0x18, 0x47,0x18, 0x47,0x18, 0x47,0x18, 0x47,0x18, 0x47,0x18, 0x46,0x18, 0x47,0x18, 0x46,0x18,
 0x46,0x18, 0x47,0x18, 0x47,0x18, 0x47,0x18, 0x46,0x18, 0x46,0x18, 0x46,0x18, 0x46,0x18, 0x46,0x18, 0x47,0x18, 0x68,0x18, 0x67,0x18,

 0x45,0x00, 0x45,0x00, 0x45,0x00, 0x45,0x00, 0x45,0x00, 0x45,0x00, 0x45,0x00, 0x45,0x00, 0x46,0x08, 0x8C,0x20, 0xD0,0x30, 0x13,0x41,
 0x76,0x51, 0x31,0x31, 0xAB,0x10, 0x87,0x08, 0x86,0x00, 0x86,0x00, 0x66,0x00, 0x66,0x00, 0x45,0x00, 0x25,0x00, 0x25,0x00, 0x25,0x00,
 0x25,0x00, 0x25,0x00, 0x25,0x00, 0x45,0x00, 0xA7,0x00, 0x45,0x00, 0x25,0x00, 0x25,0x00, 0x25,0x00, 0x45,0x00, 0x25,0x00, 0x25,0x00,
 0x25,0x00, 0x25,0x00, 0x25,0x00, 0x25,0x00, 0x24,0x00, 0x87,0x08, 0xA8,0x08, 0x25,0x00, 0x25,0x00, 0x45,0x00, 0x25,0x00, 0x87,0x08,
 0x67,0x00, 0x25,0x00, 0x25,0x00, 0x66,0x08, 0x88,0x08, 0x46,0x00, 0x66,0x00, 0x68,0x08, 0x8A,0x10, 0x8A,0x10, 0xAC,0x09, 0xAC,0x09,
 0x68,0x00, 0x46,0x00, 0x67,0x00, 0xA9,0x08, 0x46,0x00, 0x26,0x00, 0x46,0x00, 0x47,0x00, 0x47,0x00, 0x46,0x00, 0x46,0x00, 0x46,0x00,
 0x45,0x00, 0x46,0x00, 0x46,0x08, 0x46,0x08, 0x45,0x00, 0x46,0x08, 0x46,0x08, 0x46,0x08, 0x45,0x08, 0x46,0x08, 0x46,0x00, 0x46,0x08,
 0x46,0x08, 0x45,0x08, 0x25,0x08, 0x46,0x08, 0x67,0x08, 0xA8,0x08, 0xA9,0x10, 0x88,0x08, 0x66,0x08, 0x46,0x08, 0x25,0x08, 0x46,0x08,
 0x46,0x08, 0x46,0x10, 0x46,0x10, 0x46,0x10, 0x46,0x10, 0x46,0x08, 0x45,0x08, 0x25,0x08, 0x26,0x08, 0x46,0x08, 0x47,0x10, 0x67,0x10,
 0x67,0x10, 0x46,0x10, 0x46,0x08, 0x46,0x10, 0x46,0x10, 0x46,0x10, 0x46,0x10, 0x46,0x10, 0x46,0x10, 0x46,0x10, 0x46,0x10, 0x46,0x10,
 0x46,0x10, 0x46,0x10, 0x46,0x10, 0x46,0x10, 0x46,0x10, 0x46,0x10, 0x46,0x10, 0x46,0x10, 0x46,0x10, 0x46,0x10, 0x46,0x18, 0x46,0x10,
 0x46,0x10, 0x46,0x10, 0x46,0x10, 0x46,0x10, 0x46,0x10, 0x46,0x18, 0x46,0x18, 0x46,0x18, 0x46,0x18, 0x46,0x18, 0x46,0x18, 0x26,0x18,
 0x47,0x18, 0x68,0x18, 0x89,0x18, 0x89,0x18, 0x88,0x18, 0x67,0x18, 0x46,0x18, 0x26,0x18, 0x46,0x18, 0x47,0x18, 0x88,0x18, 0x89,0x20,
 0x26,0x18, 0x47,0x18, 0xCB,0x20, 0xCC,0x20, 0xCB,0x20, 0xEB,0x20, 0xAA,0x20, 0x26,0x18, 0x47,0x18, 0x47,0x20, 0x27,0x18, 0x89,0x20,
 0xEC,0x28, 0xCB,0x20, 0x68,0x20, 0x27,0x18, 0x47,0x18, 0x47,0x20, 0x47,0x18, 0x47,0x18, 0x47,0x18, 0x47,0x20, 0x47,0x20, 0x68,0x20,
 0x89,0x20, 0x89,0x18, 0x8D,0x19, 0xF3,0x22, 0xF0,0x19, 0x75,0x23, 0xF2,0x1A, 0xCA,0x18, 0xA9,0x20, 0x68,0x20, 0x47,0x20, 0x47,0x20,
 0x27,0x20, 0x27,0x20, 0x27,0x20, 0x27,0x20, 0x27,0x20, 0x47,0x20, 0x27,0x20, 0x27,0x18, 0x8D,0x19, 0xEA,0x18, 0x06,0x20, 0x47,0x20,
 0x47,0x20, 0x47,0x20, 0x47,0x20, 0x47,0x20, 0x47,0x20, 0x47,0x20, 0x47,0x20, 0x47,0x20, 0x47,0x20, 0x47,0x20, 0x47,0x18, 0x47,0x18,
 0x47,0x18, 0x47,0x18, 0x47,0x18, 0x47,0x18, 0x47,0x18, 0x47,0x18, 0x47,0x18, 0x47,0x18, 0x47,0x18, 0x47,0x18, 0x47,0x18, 0x46,0x18,
 0x46,0x18, 0x46,0x18, 0x47,0x18, 0x47,0x18, 0x47,0x18, 0x46,0x18, 0x46,0x18, 0x46,0x18, 0x47,0x18, 0x46,0x18, 0x46,0x18, 0x67,0x18,

 0x45,0x00, 0x46,0x00, 0x46,0x00, 0x45,0x00, 0x45,0x00, 0x45,0x00, 0x25,0x00, 0x46,0x00, 0x8B,0x18, 0xAF,0x28, 0xD2,0x38, 0x15,0x51,
 0xF1,0x30, 0x8A,0x10, 0x67,0x08, 0x25,0x00, 0x45,0x00, 0x46,0x00, 0x45,0x00, 0x45,0x00, 0x25,0x00, 0x25,0x00, 0x25,0x00, 0x25,0x00,
 0x25,0x00, 0x25,0x00, 0x25,0x00, 0x25,0x00, 0x25,0x00, 0x25,0x00, 0x25,0x00, 0x25,0x00, 0x25,0x00, 0x25,0x00, 0x25,0x00, 0x25,0x00,
 0x25,0x00, 0x25,0x00, 0x25,0x00, 0x24,0x00, 0x66,0x08, 0xA8,0x08, 0x25,0x00, 0x25,0x00, 0x45,0x00, 0x25,0x00, 0x87,0x08, 0x87,0x00,
 0x25,0x00, 0x25,0x00, 0x67,0x08, 0x88,0x08, 0x46,0x00, 0x67,0x00, 0x68,0x08, 0x8A,0x10, 0x8B,0x10, 0xAD,0x09, 0xCD,0x09, 0x68,0x00,
 0x47,0x00, 0x67,0x00, 0x67,0x08, 0x67,0x00, 0xA8,0x08, 0x67,0x00, 0x47,0x00, 0x47,0x00, 0x47,0x00, 0x47,0x08, 0x46,0x00, 0x45,0x00,
 0x45,0x00, 0x46,0x00, 0x45,0x08, 0x45,0x00, 0x46,0x00, 0x45,0x00, 0x45,0x00, 0x46,0x08, 0x45,0x00, 0x46,0x08, 0x46,0x08, 0x46,0x08,
 0x46,0x08, 0x46,0x08, 0x46,0x08, 0x45,0x08, 0x25,0x08, 0x25,0x08, 0x46,0x08, 0x88,0x08, 0xA9,0x10, 0xA8,0x10, 0x87,0x08, 0x46,0x08,
 0x26,0x08, 0x25,0x08, 0x25,0x08, 0x46,0x08, 0x46,0x08, 0x46,0x08, 0x46,0x08, 0x46,0x10, 0x46,0x08, 0x46,0x08, 0x26,0x10, 0x46,0x10,
 0x46,0x10, 0x46,0x10, 0x46,0x10, 0x46,0x10, 0x46,0x10, 0x46,0x10, 0x46,0x10, 0x46,0x10, 0x46,0x10, 0x46,0x10, 0x46,0x10, 0x46,0x10,
 0x46,0x10, 0x46,0x10, 0x46,0x10, 0x46,0x10, 0x46,0x10, 0x46,0x10, 0x46,0x10, 0x46,0x10, 0x47,0x10, 0x46,0x10, 0x46,0x10, 0x46,0x10,
 0x46,0x10, 0x46,0x10, 0x46,0x10, 0x46,0x18, 0x46,0x18, 0x46,0x18, 0x26,0x18, 0x26,0x18, 0x46,0x18, 0x47,0x18, 0x88,0x18, 0x89,0x18,
 0xA9,0x18, 0x88,0x18, 0x68,0x18, 0x47,0x18, 0x46,0x18, 0x46,0x18, 0x46,0x18, 0x68,0x18, 0x89,0x20, 0xCB,0x20, 0xCB,0x20, 0xCB,0x20,
 0x47,0x18, 0x26,0x18, 0xAA,0x20, 0xEC,0x28, 0xCB,0x20, 0xCB,0x20, 0xCB,0x20, 0x67,0x18, 0x26,0x18, 0x47,0x18, 0x27,0x18, 0x47,0x18,
 0xA9,0x20, 0x47,0x18, 0x27,0x18, 0x47,0x18, 0x47,0x18, 0x47,0x18, 0x47,0x20, 0x47,0x18, 0x47,0x18, 0x47,0x18, 0x47,0x20, 0x68,0x20,
 0x68,0x20, 0xCA,0x18, 0xAF,0x21, 0xEF,0x19, 0x92,0x1A, 0x91,0x1A, 0x2C,0x19, 0xCA,0x20, 0x89,0x20, 0x48,0x20, 0x47,0x20, 0x27,0x20,
 0x48,0x20, 0x27,0x20, 0x28,0x20, 0x27,0x20, 0x47,0x20, 0x27,0x20, 0x27,0x18, 0x8D,0x19, 0x0B,0x19, 0x06,0x20, 0x47,0x20, 0x47,0x20,
 0x47,0x20, 0x47,0x20, 0x47,0x20, 0x47,0x20, 0x47,0x20, 0x47,0x20, 0x47,0x20, 0x47,0x20, 0x47,0x20, 0x47,0x18, 0x48,0x20, 0x49,0x20,
 0x48,0x20, 0x47,0x18, 0x26,0x18, 0x47,0x18, 0x47,0x18, 0x47,0x18, 0x47,0x18, 0x47,0x18, 0x47,0x18, 0x47,0x18, 0x47,0x18, 0x47,0x18,
 0x47,0x18, 0x46,0x18, 0x47,0x18, 0x47,0x18, 0x47,0x18, 0x47,0x18, 0x47,0x18, 0x46,0x10, 0x46,0x18, 0x46,0x18, 0x46,0x18, 0x46,0x18,

 0x45,0x00, 0x45,0x00, 0x45,0x00, 0x45,0x00, 0x45,0x00, 0x45,0x00, 0x46,0x00, 0x8A,0x18, 0xAE,0x28, 0xD1,0x38, 0xF4,0x48, 0xD0,0x30,
 0x69,0x10, 0x67,0x00, 0x25,0x00, 0xE8,0x08, 0xC8,0x08, 0x25,0x00, 0x25,0x00, 0x25,0x00, 0x25,0x00, 0x25,0x00, 0x25,0x00, 0x45,0x00,
 0x45,0x00, 0x45,0x00, 0x25,0x00, 0x25,0x00, 0x45,0x00, 0x45,0x00, 0x25,0x00, 0x25,0x00, 0x25,0x00, 0x25,0x00, 0x25,0x00, 0x25,0x00,
 0x25,0x00, 0x25,0x00, 0x24,0x00, 0x67,0x08, 0xA8,0x08, 0x25,0x00, 0x25,0x00, 0x45,0x00, 0x25,0x00, 0x87,0x08, 0x87,0x08, 0x25,0x00,
 0x25,0x00, 0x67,0x08, 0xA8,0x08, 0x46,0x00, 0x67,0x00, 0x89,0x08, 0x8B,0x10, 0x6B,0x10, 0x8D,0x09, 0xCD,0x09, 0x89,0x00, 0x47,0x00,
 0x67,0x00, 0x88,0x08, 0x46,0x00, 0x25,0x00, 0x67,0x00, 0xC9,0x08, 0xA9,0x00, 0x89,0x00, 0x89,0x08, 0x47,0x00, 0x46,0x00, 0x45,0x00,
 0x46,0x00, 0x46,0x00, 0x45,0x08, 0x45,0x00, 0x46,0x00, 0x46,0x00, 0x45,0x00, 0x45,0x08, 0x45,0x08, 0x46,0x08, 0x46,0x08, 0x46,0x08,
 0x46,0x08, 0x46,0x08, 0x46,0x08, 0x46,0x08, 0x46,0x08, 0x66,0x08, 0x25,0x08, 0x25,0x08, 0x46,0x08, 0x67,0x08, 0x88,0x08, 0xA8,0x10,
 0xA9,0x10, 0x88,0x10, 0x67,0x10, 0x46,0x08, 0x25,0x08, 0x25,0x08, 0x25,0x08, 0x45,0x08, 0x46,0x10, 0x46,0x10, 0x46,0x10, 0x46,0x10,
 0x46,0x10, 0x46,0x10, 0x46,0x10, 0x46,0x10, 0x46,0x10, 0x46,0x10, 0x46,0x10, 0x46,0x10, 0x46,0x10, 0x46,0x10, 0x46,0x10, 0x46,0x10,
 0x46,0x10, 0x46,0x10, 0x46,0x10, 0x46,0x10, 0x46,0x10, 0x46,0x10, 0x46,0x10, 0x46,0x18, 0x46,0x10, 0x46,0x10, 0x46,0x10, 0x46,0x10,
 0x46,0x10, 0x46,0x10, 0x46,0x18, 0x46,0x18, 0x46,0x18, 0x47,0x18, 0x88,0x18, 0xA9,0x18, 0xCA,0x18, 0xAA,0x18, 0x89,0x18, 0x68,0x18,
 0x46,0x18, 0x46,0x18, 0x46,0x18, 0x46,0x18, 0x46,0x18, 0x46,0x18, 0xA9,0x20, 0xCB,0x20, 0xCB,0x20, 0xCB,0x20, 0xCB,0x20, 0xCB,0x20,
 0x89,0x20, 0x26,0x18, 0x68,0x20, 0xEB,0x28, 0xEB,0x20, 0xCB,0x20, 0xEB,0x20, 0xAA,0x20, 0x26,0x18, 0x47,0x18, 0x47,0x18, 0x47,0x18,
 0x47,0x18, 0x47,0x18, 0x47,0x20, 0x47,0x20, 0x47,0x20, 0x47,0x18, 0x47,0x20, 0x47,0x20, 0x47,0x20, 0x47,0x20, 0x47,0x20, 0x47,0x20,
 0x89,0x20, 0x8E,0x21, 0x0B,0x21, 0xCA,0x18, 0xEB,0x18, 0xCA,0x20, 0xCA,0x20, 0xA9,0x20, 0x68,0x20, 0x47,0x20, 0x47,0x20, 0x48,0x20,
 0x48,0x20, 0x48,0x20, 0x48,0x20, 0x47,0x20, 0x27,0x20, 0x27,0x20, 0x8D,0x19, 0x0B,0x19, 0x07,0x20, 0x47,0x20, 0x47,0x20, 0x47,0x20,
 0x47,0x20, 0x48,0x20, 0x48,0x20, 0x47,0x20, 0x47,0x20, 0x47,0x20, 0x47,0x20, 0x47,0x20, 0x47,0x20, 0x47,0x20, 0x6A,0x28, 0x57,0x5A,
 0x2F,0x39, 0x27,0x18, 0x47,0x18, 0x47,0x18, 0x47,0x18, 0x47,0x18, 0x47,0x20, 0x47,0x18, 0x47,0x18, 0x47,0x18, 0x47,0x18, 0x47,0x18,
 0x47,0x18, 0x47,0x18, 0x47,0x18, 0x47,0x18, 0x46,0x18, 0x47,0x18, 0x47,0x18, 0x46,0x18, 0x46,0x18, 0x46,0x18, 0x46,0x18, 0x46,0x18,

 0x45,0x00, 0x45,0x00, 0x45,0x00, 0x45,0x00, 0x45,0x00, 0x46,0x00, 0x8A,0x18, 0xAD,0x20, 0xD0,0x30, 0xF4,0x48, 0xB0,0x30, 0x6A,0x10,
 0x46,0x00, 0x45,0x00, 0x25,0x00, 0x86,0x00, 0x66,0x00, 0x25,0x00, 0x25,0x00, 0x25,0x00, 0x25,0x00, 0x25,0x00, 0x25,0x00, 0x45,0x00,
 0x45,0x00, 0x45,0x00, 0x25,0x00, 0x25,0x00, 0x45,0x00, 0x45,0x00, 0x25,0x00, 0x25,0x00, 0x25,0x00, 0x25,0x00, 0x25,0x00, 0x25,0x00,
 0x25,0x00, 0x24,0x00, 0x67,0x08, 0xA8,0x08, 0x25,0x00, 0x45,0x00, 0x45,0x00, 0x24,0x00, 0x87,0x08, 0x87,0x08, 0x25,0x00, 0x25,0x00,
 0x67,0x08, 0xA9,0x08, 0x47,0x00, 0x67,0x00, 0x89,0x08, 0x8C,0x10, 0x8C,0x18, 0x8D,0x09, 0xCD,0x09, 0xA9,0x00, 0x47,0x00, 0x67,0x00,
 0x88,0x08, 0x25,0x00, 0x25,0x00, 0x45,0x00, 0x67,0x00, 0x87,0x00, 0xA9,0x00, 0x5A,0x35, 0xF6,0x23, 0x27,0x00, 0x46,0x08, 0x46,0x00,
 0x45,0x00, 0x45,0x00, 0x46,0x00, 0x46,0x08, 0x45,0x08, 0x46,0x08, 0x45,0x08, 0x46,0x08, 0x46,0x08, 0x45,0x08, 0x45,0x08, 0x45,0x08,
 0x46,0x08, 0x46,0x08, 0x46,0x08, 0x46,0x08, 0x46,0x08, 0x46,0x08, 0x46,0x10, 0x46,0x08, 0x46,0x08, 0x45,0x08, 0x25,0x08, 0x45,0x08,
 0x46,0x08, 0x67,0x10, 0x88,0x10, 0x89,0x10, 0x88,0x10, 0x68,0x10, 0x67,0x10, 0x46,0x08, 0x46,0x10, 0x26,0x08, 0x26,0x10, 0x46,0x10,
 0x46,0x10, 0x46,0x10, 0x46,0x10, 0x46,0x10, 0x46,0x10, 0x46,0x10, 0x46,0x10, 0x46,0x10, 0x46,0x10, 0x46,0x10, 0x46,0x10, 0x46,0x10,
 0x46,0x10, 0x46,0x10, 0x46,0x10, 0x46,0x10, 0x46,0x10, 0x46,0x10, 0x46,0x18, 0x46,0x10, 0x46,0x10, 0x46,0x10, 0x46,0x10, 0x46,0x18,
 0x46,0x18, 0x46,0x18, 0x46,0x18, 0x46,0x18, 0x46,0x18, 0x67,0x18, 0xA9,0x18, 0x68,0x18, 0x47,0x18, 0x46,0x18, 0x26,0x18, 0x46,0x18,
 0x46,0x18, 0x46,0x18, 0x46,0x18, 0x46,0x18, 0x46,0x18, 0x46,0x18, 0x89,0x20, 0xCC,0x20, 0xCB,0x20, 0xCB,0x20, 0xCB,0x20, 0xCC,0x20,
 0xCB,0x20, 0x47,0x18, 0x47,0x18, 0xCA,0x20, 0xEB,0x28, 0xCB,0x28, 0xEB,0x20, 0xCB,0x20, 0x68,0x20, 0x47,0x18, 0x47,0x20, 0x47,0x20,
 0x47,0x20, 0x47,0x20, 0x47,0x20, 0x47,0x20, 0x47,0x20, 0x47,0x20, 0x47,0x20, 0x47,0x20, 0x47,0x20, 0x47,0x20, 0x27,0x20, 0x68,0x20,
 0x6E,0x29, 0xCA,0x20, 0x68,0x20, 0xA9,0x20, 0xA9,0x20, 0xA9,0x20, 0x89,0x20, 0x68,0x20, 0x48,0x20, 0x47,0x20, 0x47,0x20, 0x48,0x20,
 0x48,0x20, 0x48,0x20, 0x48,0x20, 0x27,0x20, 0x27,0x20, 0x8E,0x19, 0x0B,0x19, 0x07,0x20, 0x47,0x20, 0x47,0x20, 0x47,0x20, 0x47,0x20,
 0x47,0x20, 0x27,0x20, 0x47,0x20, 0x47,0x20, 0x47,0x20, 0x47,0x20, 0x47,0x20, 0x47,0x20, 0x47,0x20, 0x47,0x20, 0x6A,0x20, 0xB3,0x41,
 0xED,0x30, 0x47,0x20, 0x27,0x18, 0x27,0x20, 0x47,0x20, 0x47,0x20, 0x47,0x20, 0x47,0x18, 0x47,0x18, 0x47,0x18, 0x47,0x20, 0x47,0x18,
 0x27,0x18, 0x47,0x18, 0x47,0x18, 0x46,0x18, 0x47,0x18, 0x47,0x18, 0x46,0x18, 0x46,0x18, 0x47,0x18, 0x46,0x18, 0x46,0x18, 0x46,0x18,

 0x45,0x00, 0x45,0x00, 0x45,0x00, 0x45,0x00, 0x45,0x00, 0x69,0x10, 0x8D,0x20, 0xB0,0x30, 0xF4,0x48, 0xB0,0x38, 0x69,0x10, 0x46,0x00,
 0x45,0x00, 0x45,0x00, 0x46,0x00, 0x45,0x00, 0x05,0x00, 0x25,0x00, 0x25,0x00, 0x25,0x00, 0x25,0x00, 0x25,0x00, 0x45,0x00, 0x45,0x00,
 0x45,0x00, 0x45,0x00, 0x25,0x00, 0x25,0x00, 0x25,0x00, 0x25,0x00, 0x25,0x00, 0x25,0x00, 0x25,0x00, 0x25,0x00, 0x25,0x00, 0x25,0x00,
 0x24,0x00, 0x87,0x08, 0xA8,0x08, 0x25,0x00, 0x45,0x00, 0x45,0x00, 0x25,0x00, 0x87,0x08, 0x87,0x08, 0x25,0x00, 0x25,0x00, 0x66,0x08,
 0xA9,0x08, 0x88,0x00, 0x67,0x00, 0x69,0x08, 0x8C,0x18, 0x8D,0x18, 0x8D,0x09, 0xCD,0x09, 0x89,0x08, 0x47,0x00, 0x68,0x00, 0xA8,0x08,
 0x26,0x00, 0x25,0x00, 0x45,0x00, 0x46,0x00, 0x67,0x00, 0x06,0x00, 0x8F,0x1A, 0x39,0x35, 0x90,0x12, 0xA9,0x00, 0x47,0x00, 0x45,0x08,
 0x45,0x00, 0x45,0x00, 0x46,0x08, 0x46,0x00, 0x45,0x08, 0x45,0x08, 0x45,0x00, 0x45,0x08, 0x45,0x08, 0x45,0x08, 0x45,0x08, 0x45,0x08,
 0x45,0x08, 0x46,0x08, 0x45,0x08, 0x25,0x08, 0x45,0x08, 0x46,0x08, 0x46,0x08, 0x46,0x08, 0x46,0x08, 0x46,0x08, 0x46,0x08, 0x45,0x08,
 0x46,0x08, 0x25,0x08, 0x26,0x08, 0x46,0x08, 0x47,0x10, 0x67,0x10, 0x88,0x10, 0x88,0x10, 0x88,0x10, 0x88,0x10, 0x68,0x10, 0x67,0x10,
 0x67,0x10, 0x46,0x10, 0x46,0x10, 0x46,0x10, 0x46,0x10, 0x46,0x10, 0x46,0x10, 0x46,0x10, 0x46,0x10, 0x46,0x10, 0x46,0x10, 0x46,0x10,
 0x46,0x10, 0x46,0x10, 0x46,0x10, 0x46,0x10, 0x46,0x10, 0x46,0x10, 0x46,0x10, 0x46,0x10, 0x46,0x10, 0x46,0x10, 0x46,0x18, 0x46,0x18,
 0x46,0x18, 0x46,0x18, 0x46,0x18, 0x46,0x18, 0x46,0x18, 0x46,0x18, 0x26,0x18, 0x26,0x18, 0x46,0x18, 0x46,0x18, 0x46,0x18, 0x47,0x18,
 0x47,0x18, 0x47,0x18, 0x47,0x18, 0x46,0x18, 0x47,0x18, 0x46,0x18, 0x67,0x18, 0xEB,0x20, 0xEC,0x20, 0xEC,0x20, 0xCC,0x20, 0xCB,0x20,
 0xEC,0x20, 0x89,0x20, 0x26,0x18, 0x88,0x20, 0xEB,0x28, 0xEC,0x28, 0xCB,0x20, 0x89,0x20, 0x47,0x20, 0x47,0x20, 0x47,0x20, 0x47,0x20,
 0x47,0x20, 0x47,0x20, 0x47,0x20, 0x47,0x20, 0x47,0x20, 0x47,0x20, 0x47,0x20, 0x47,0x20, 0x47,0x20, 0x27,0x20, 0x47,0x20, 0x6E,0x29,
 0xCB,0x20, 0x47,0x20, 0x68,0x20, 0x68,0x20, 0x68,0x20, 0x68,0x20, 0x68,0x20, 0x47,0x20, 0x47,0x20, 0x48,0x20, 0x48,0x20, 0x47,0x20,
 0x48,0x20, 0x47,0x20, 0x27,0x20, 0x27,0x20, 0xAE,0x19, 0x0B,0x19, 0x07,0x20, 0x47,0x20, 0x47,0x20, 0x47,0x20, 0x47,0x20, 0x47,0x20,
 0x48,0x20, 0x48,0x20, 0x27,0x20, 0x27,0x20, 0x27,0x20, 0x27,0x20, 0x47,0x20, 0x47,0x20, 0x47,0x20, 0x47,0x20, 0x47,0x20, 0x28,0x20,
 0x48,0x20, 0x47,0x20, 0x47,0x20, 0x47,0x20, 0x47,0x18, 0x47,0x20, 0x47,0x18, 0x27,0x18, 0x27,0x18, 0x47,0x18, 0x47,0x18, 0x47,0x18,
 0x47,0x18, 0x47,0x18, 0x47,0x18, 0x47,0x18, 0x47,0x18, 0x47,0x18, 0x47,0x18, 0x47,0x18, 0x47,0x18, 0x47,0x18, 0x47,0x18, 0x46,0x18,

 0x45,0x00, 0x45,0x00, 0x45,0x00, 0x45,0x00, 0x68,0x10, 0x8B,0x18, 0x8E,0x28, 0xB2,0x40, 0xAF,0x30, 0x69,0x10, 0x45,0x00, 0x45,0x00,
 0x46,0x00, 0x66,0x00, 0x66,0x00, 0x65,0x00, 0x25,0x00, 0x25,0x00, 0x25,0x00, 0x25,0x00, 0x25,0x00, 0x25,0x00, 0x25,0x00, 0x45,0x00,
 0x45,0x00, 0x45,0x00, 0x25,0x00, 0x25,0x00, 0x25,0x00, 0x25,0x00, 0x25,0x00, 0x25,0x00, 0x25,0x00, 0x25,0x00, 0x25,0x00, 0x24,0x00,
 0x66,0x08, 0xC8,0x08, 0x25,0x00, 0x45,0x00, 0x45,0x00, 0x25,0x00, 0x87,0x08, 0x87,0x08, 0x25,0x00, 0x25,0x00, 0x66,0x08, 0xA8,0x08,
 0xA8,0x00, 0x88,0x08, 0x69,0x08, 0x8C,0x18, 0x8D,0x18, 0x6D,0x09, 0xCD,0x09, 0x89,0x08, 0x47,0x00, 0x68,0x00, 0xA8,0x08, 0x45,0x00,
 0x25,0x00, 0x45,0x00, 0x46,0x00, 0x66,0x00, 0x05,0x00, 0x6F,0x1A, 0x73,0x2B, 0x47,0x00, 0x27,0x00, 0xC9,0x08, 0x88,0x08, 0x46,0x00,
 0x45,0x00, 0x45,0x00, 0x46,0x00, 0x46,0x08, 0x46,0x08, 0x46,0x08, 0x45,0x00, 0x25,0x08, 0x25,0x08, 0x45,0x08, 0x46,0x08, 0x45,0x08,
 0x45,0x08, 0x45,0x08, 0x45,0x08, 0x46,0x08, 0x46,0x08, 0x46,0x08, 0x46,0x08, 0x45,0x08, 0x46,0x08, 0x46,0x08, 0x46,0x08, 0x46,0x08,
 0x46,0x10, 0x46,0x10, 0x46,0x08, 0x46,0x08, 0x26,0x08, 0x25,0x08, 0x45,0x08, 0x46,0x08, 0x46,0x08, 0x46,0x08, 0x67,0x10, 0x67,0x10,
 0x68,0x10, 0x68,0x18, 0x68,0x10, 0x68,0x10, 0x67,0x10, 0x47,0x18, 0x47,0x18, 0x47,0x18, 0x46,0x10, 0x46,0x10, 0x46,0x10, 0x46,0x10,
 0x46,0x10, 0x46,0x10, 0x46,0x10, 0x46,0x10, 0x46,0x10, 0x66,0x10, 0x46,0x10, 0x46,0x10, 0x46,0x18, 0x46,0x18, 0x46,0x10, 0x46,0x18,
 0x46,0x18, 0x46,0x18, 0x46,0x18, 0x46,0x18, 0x46,0x18, 0x47,0x18, 0x47,0x18, 0x46,0x18, 0x46,0x18, 0x47,0x18, 0x46,0x18, 0x47,0x18,
 0x47,0x18, 0x47,0x18, 0x46,0x18, 0x47,0x18, 0x47,0x18, 0x47,0x18, 0x47,0x18, 0xCA,0x20, 0xEC,0x20, 0xEC,0x28, 0xCC,0x28, 0xCB,0x20,
 0xCB,0x20, 0xCA,0x20, 0x47,0x18, 0x47,0x18, 0xCA,0x20, 0x89,0x20, 0x47,0x18, 0x27,0x20, 0x47,0x20, 0x47,0x20, 0x47,0x20, 0x47,0x20,
 0x47,0x20, 0x48,0x20, 0x48,0x20, 0x48,0x20, 0x48,0x20, 0x48,0x20, 0x47,0x20, 0x47,0x20, 0x27,0x20, 0x47,0x20, 0x2D,0x29, 0xAA,0x20,
 0x27,0x20, 0x68,0x20, 0x48,0x20, 0x48,0x20, 0x48,0x20, 0x48,0x20, 0x47,0x20, 0x47,0x20, 0x48,0x20, 0x48,0x20, 0x48,0x20, 0x47,0x20,
 0x48,0x20, 0x27,0x20, 0x27,0x20, 0xCE,0x11, 0x2B,0x19, 0x06,0x20, 0x47,0x20, 0x47,0x20, 0x47,0x20, 0x47,0x20, 0x47,0x20, 0x48,0x20,
 0x48,0x20, 0x48,0x20, 0x48,0x20, 0x48,0x20, 0x48,0x20, 0x47,0x20, 0x47,0x20, 0x47,0x20, 0x27,0x20, 0x47,0x20, 0x47,0x20, 0x47,0x20,
 0x47,0x20, 0x47,0x20, 0x47,0x20, 0x47,0x18, 0x47,0x18, 0x47,0x18, 0x27,0x18, 0x27,0x18, 0x27,0x18, 0x27,0x18, 0x47,0x18, 0x47,0x18,
 0x47,0x18, 0x47,0x18, 0x47,0x18, 0x47,0x20, 0x47,0x18, 0x47,0x18, 0x47,0x18, 0x47,0x18, 0x46,0x18, 0x47,0x18, 0x47,0x18, 0x47,0x18,

 0x45,0x00, 0x45,0x00, 0x45,0x00, 0x68,0x10, 0x6A,0x18, 0x8C,0x20, 0x8F,0x30, 0x8D,0x28, 0x48,0x08, 0x45,0x00, 0x45,0x00, 0x46,0x00,
 0x45,0x00, 0x45,0x00, 0x45,0x00, 0x45,0x00, 0x45,0x00, 0x25,0x00, 0x25,0x00, 0x45,0x00, 0x45,0x00, 0x25,0x00, 0x45,0x00, 0x45,0x00,
 0x45,0x00, 0x45,0x00, 0x25,0x00, 0x25,0x00, 0x25,0x00, 0x25,0x00, 0x25,0x00, 0x25,0x00, 0x25,0x00, 0x25,0x00, 0x24,0x00, 0x87,0x08,
 0xC8,0x08, 0x25,0x00, 0x45,0x00, 0x45,0x00, 0x24,0x00, 0xA7,0x08, 0x87,0x08, 0x25,0x00, 0x25,0x00, 0x66,0x08, 0xA9,0x08, 0xA8,0x00,
 0x88,0x08, 0x6A,0x08, 0xAD,0x18, 0xAE,0x18, 0x6D,0x09, 0xAE,0x09, 0x8A,0x08, 0x47,0x00, 0x88,0x08, 0xA9,0x08, 0x45,0x00, 0x25,0x00,
 0x45,0x00, 0x45,0x00, 0x46,0x00, 0x05,0x00, 0x6F,0x1A, 0x52,0x2B, 0x26,0x00, 0x46,0x00, 0x47,0x00, 0x46,0x00, 0x67,0x00, 0x46,0x00,
 0x45,0x08, 0x46,0x00, 0x45,0x00, 0x46,0x00, 0x45,0x08, 0x45,0x08, 0x45,0x08, 0x46,0x08, 0x45,0x08, 0x45,0x08, 0x45,0x08, 0x46,0x08,
 0x46,0x08, 0x45,0x08, 0x66,0x08, 0xE9,0x10, 0x87,0x08, 0x25,0x08, 0x25,0x08, 0x46,0x08, 0x46,0x08, 0x45,0x08, 0x46,0x08, 0x46,0x08,
 0x46,0x10, 0x46,0x10, 0x46,0x08, 0x46,0x08, 0x46,0x08, 0x46,0x08, 0x46,0x10, 0x46,0x10, 0x46,0x10, 0x26,0x10, 0x45,0x08, 0x45,0x10,
 0x46,0x10, 0x46,0x10, 0x46,0x10, 0x46,0x10, 0x46,0x10, 0x47,0x10, 0x46,0x10, 0x47,0x18, 0x46,0x10, 0x46,0x10, 0x46,0x10, 0x46,0x10,
 0x46,0x10, 0x46,0x10, 0x46,0x10, 0x46,0x10, 0x46,0x10, 0x46,0x10, 0x46,0x18, 0x46,0x18, 0x46,0x18, 0x46,0x18, 0x46,0x18, 0x46,0x18,
 0x46,0x18, 0x46,0x10, 0x26,0x10, 0x46,0x18, 0x46,0x18, 0x47,0x18, 0x47,0x18, 0x46,0x18, 0x47,0x18, 0x47,0x18, 0x47,0x18, 0x47,0x18,
 0x47,0x18, 0x47,0x18, 0x47,0x18, 0x47,0x18, 0x47,0x20, 0x47,0x20, 0x47,0x18, 0x89,0x20, 0xEC,0x28, 0xEC,0x28, 0xCB,0x28, 0xEC,0x28,
 0xEC,0x28, 0xEC,0x28, 0x88,0x20, 0x47,0x20, 0x47,0x20, 0x47,0x20, 0x47,0x20, 0x47,0x20, 0x47,0x20, 0x47,0x20, 0x47,0x20, 0x47,0x20,
 0x47,0x20, 0x47,0x20, 0x48,0x20, 0x47,0x20, 0x47,0x20, 0x48,0x20, 0x47,0x20, 0x27,0x20, 0x48,0x20, 0x2D,0x31, 0x89,0x28, 0x27,0x20,
 0x48,0x20, 0x48,0x20, 0x48,0x20, 0x48,0x20, 0x47,0x20, 0x47,0x20, 0x47,0x20, 0x47,0x20, 0x47,0x20, 0x47,0x20, 0x48,0x20, 0x47,0x20,
 0x47,0x20, 0x48,0x20, 0xCE,0x19, 0x2C,0x19, 0x07,0x20, 0x47,0x20, 0x47,0x20, 0x47,0x20, 0x47,0x20, 0x48,0x20, 0x48,0x20, 0x47,0x20,
 0x48,0x20, 0x48,0x20, 0x48,0x20, 0x48,0x20, 0x48,0x20, 0x48,0x20, 0x48,0x20, 0x47,0x20, 0x48,0x20, 0x27,0x20, 0x47,0x20, 0x47,0x20,
 0x47,0x20, 0x47,0x20, 0x47,0x20, 0x47,0x20, 0x47,0x20, 0x47,0x20, 0x47,0x20, 0x27,0x20, 0x47,0x20, 0x27,0x18, 0x47,0x18, 0x47,0x20,
 0x47,0x18, 0x47,0x18, 0x47,0x18, 0x47,0x18, 0x47,0x18, 0x47,0x18, 0x47,0x18, 0x47,0x18, 0x47,0x18, 0x47,0x18, 0x47,0x18, 0x46,0x18,

 0x45,0x00, 0x45,0x00, 0x68,0x08, 0x6A,0x10, 0x6B,0x18, 0x8E,0x28, 0x8C,0x20, 0x48,0x08, 0x45,0x00, 0x45,0x00, 0x45,0x00, 0x45,0x00,
 0x45,0x00, 0x45,0x00, 0x45,0x00, 0x45,0x00, 0x45,0x00, 0x25,0x00, 0x25,0x00, 0x45,0x00, 0x45,0x00, 0x25,0x00, 0x25,0x00, 0x45,0x00,
 0x45,0x00, 0x45,0x00, 0x25,0x00, 0x86,0x08, 0x25,0x00, 0x25,0x00, 0x25,0x00, 0x25,0x00, 0x25,0x00, 0x24,0x00, 0x66,0x08, 0xC8,0x08,
 0x25,0x00, 0x25,0x00, 0x45,0x00, 0x24,0x00, 0xA7,0x08, 0xA7,0x08, 0x25,0x00, 0x25,0x00, 0x66,0x08, 0xA9,0x08, 0x88,0x08, 0x88,0x08,
 0x6A,0x08, 0xAE,0x18, 0xEF,0x20, 0x8E,0x11, 0xAE,0x09, 0x8A,0x08, 0x48,0x08, 0x88,0x00, 0xA9,0x08, 0x46,0x00, 0x25,0x00, 0x45,0x00,
 0x45,0x00, 0x46,0x00, 0x04,0x00, 0x2E,0x1A, 0x52,0x2B, 0x26,0x00, 0x46,0x00, 0x46,0x00, 0x45,0x00, 0x46,0x00, 0x45,0x00, 0x45,0x00,
 0x46,0x00, 0x46,0x08, 0x46,0x00, 0x45,0x00, 0x46,0x00, 0x45,0x00, 0x45,0x08, 0x45,0x08, 0x46,0x08, 0x46,0x08, 0x46,0x08, 0x46,0x08,
 0x45,0x08, 0x45,0x08, 0x87,0x10, 0xA9,0x10, 0x67,0x08, 0x25,0x08, 0x46,0x08, 0xA8,0x10, 0x46,0x08, 0x25,0x08, 0x46,0x08, 0x46,0x08,
 0x46,0x08, 0x45,0x08, 0x67,0x10, 0x89,0x10, 0x46,0x08, 0x46,0x10, 0x46,0x10, 0x46,0x10, 0x46,0x10, 0x46,0x10, 0x46,0x10, 0x46,0x10,
 0x46,0x10, 0x46,0x10, 0x46,0x10, 0x46,0x10, 0x46,0x10, 0x46,0x10, 0x46,0x10, 0x47,0x10, 0x47,0x10, 0x46,0x10, 0x46,0x10, 0x46,0x10,
 0x46,0x10, 0x46,0x10, 0x46,0x10, 0x46,0x10, 0x46,0x10, 0x46,0x18, 0x46,0x18, 0x46,0x18, 0x46,0x18, 0x46,0x18, 0x46,0x18, 0x46,0x18,
 0x46,0x18, 0x67,0x18, 0x89,0x20, 0x47,0x18, 0x46,0x18, 0x47,0x18, 0x47,0x18, 0x47,0x18, 0x47,0x18, 0x47,0x18, 0x47,0x18, 0x47,0x18,
 0x47,0x18, 0x47,0x18, 0x47,0x18, 0x47,0x20, 0x47,0x20, 0x47,0x20, 0x47,0x20, 0x67,0x20, 0xEB,0x28, 0xEC,0x28, 0xEC,0x28, 0xEC,0x28,
 0xAA,0x20, 0x68,0x20, 0x47,0x20, 0x47,0x20, 0x47,0x20, 0x48,0x20, 0x47,0x20, 0x47,0x20, 0x47,0x20, 0x47,0x20, 0x47,0x20, 0x47,0x20,
 0x48,0x20, 0x48,0x20, 0x48,0x20, 0x47,0x20, 0x47,0x20, 0x47,0x20, 0x47,0x20, 0x48,0x20, 0x0D,0x31, 0x8A,0x28, 0x27,0x20, 0x48,0x20,
 0x47,0x20, 0x48,0x20, 0x48,0x20, 0x48,0x20, 0x48,0x20, 0x48,0x20, 0x48,0x20, 0x48,0x20, 0x47,0x20, 0x48,0x20, 0x48,0x20, 0x47,0x20,
 0x48,0x20, 0xAE,0x19, 0x4C,0x19, 0x07,0x20, 0x48,0x20, 0x48,0x20, 0x47,0x20, 0x47,0x20, 0x47,0x20, 0x48,0x28, 0x48,0x20, 0x48,0x20,
 0x48,0x20, 0x48,0x20, 0x48,0x20, 0x48,0x28, 0x48,0x20, 0x48,0x20, 0x48,0x20, 0x47,0x20, 0x47,0x20, 0x47,0x20, 0x27,0x20, 0x47,0x20,
 0x47,0x20, 0x47,0x20, 0x47,0x20, 0x47,0x20, 0x47,0x20, 0x47,0x20, 0x47,0x20, 0x47,0x20, 0x47,0x20, 0x47,0x20, 0x47,0x20, 0x47,0x18,
 0x47,0x18, 0x47,0x18, 0x47,0x18, 0x47,0x18, 0x47,0x18, 0x47,0x18, 0x47,0x18, 0x47,0x18, 0x47,0x18, 0x47,0x18, 0x46,0x18, 0x46,0x18,

 0x45,0x00, 0x67,0x08, 0x69,0x10, 0x6A,0x10, 0x8D,0x20, 0x6C,0x20, 0x47,0x08, 0x45,0x00, 0x45,0x00, 0x45,0x00, 0x45,0x00, 0x45,0x00,
 0x45,0x00, 0x45,0x00, 0x45,0x00, 0x45,0x00, 0x25,0x00, 0x25,0x00, 0x25,0x00, 0x45,0x00, 0x45,0x00, 0x45,0x00, 0x45,0x00, 0x45,0x00,
 0x45,0x00, 0x25,0x00, 0x25,0x00, 0xA7,0x08, 0x25,0x00, 0x25,0x00, 0x25,0x00, 0x25,0x00, 0x24,0x00, 0x67,0x08, 0xC8,0x08, 0x25,0x00,
 0x25,0x00, 0x25,0x00, 0x25,0x00, 0xA8,0x08, 0xA7,0x08, 0x25,0x00, 0x25,0x00, 0x66,0x00, 0xA9,0x08, 0xA8,0x08, 0x88,0x08, 0x8A,0x08,
 0xCE,0x20, 0x10,0x21, 0x6E,0x11, 0x6E,0x09, 0x8A,0x08, 0x48,0x00, 0x88,0x08, 0xA9,0x08, 0x46,0x00, 0x25,0x00, 0x25,0x00, 0x45,0x00,
 0x45,0x00, 0x04,0x00, 0xEC,0x19, 0x52,0x2B, 0x26,0x00, 0x46,0x00, 0x46,0x00, 0x45,0x00, 0x45,0x00, 0x45,0x00, 0x45,0x00, 0x45,0x08,
 0x45,0x08, 0x46,0x08, 0x45,0x00, 0x45,0x08, 0x46,0x00, 0x45,0x00, 0x46,0x08, 0x45,0x08, 0x46,0x08, 0x46,0x08, 0x46,0x08, 0x45,0x08,
 0x25,0x08, 0x87,0x10, 0x67,0x10, 0x45,0x08, 0x25,0x08, 0x66,0x08, 0xA8,0x10, 0x66,0x08, 0x46,0x08, 0x46,0x08, 0x45,0x08, 0x45,0x08,
 0x46,0x08, 0x25,0x08, 0xA9,0x18, 0xCA,0x18, 0x67,0x10, 0x46,0x10, 0x46,0x10, 0x46,0x10, 0x46,0x10, 0x46,0x10, 0x46,0x10, 0x46,0x10,
 0x46,0x10, 0x46,0x10, 0x46,0x10, 0x46,0x10, 0x46,0x10, 0x46,0x10, 0x46,0x10, 0x47,0x10, 0x47,0x10, 0x46,0x10, 0x46,0x10, 0x46,0x10,
 0x46,0x10, 0x46,0x10, 0x46,0x10, 0x46,0x10, 0x46,0x18, 0x46,0x18, 0x46,0x18, 0x46,0x18, 0x46,0x18, 0x46,0x18, 0x46,0x18, 0x46,0x18,
 0x46,0x18, 0xAA,0x20, 0xEC,0x28, 0x8A,0x20, 0x46,0x18, 0x47,0x18, 0x47,0x18, 0x47,0x18, 0x47,0x18, 0x47,0x18, 0x47,0x18, 0x47,0x18,
 0x47,0x18, 0x47,0x20, 0x47,0x18, 0x47,0x20, 0x47,0x20, 0x47,0x20, 0x47,0x20, 0x46,0x20, 0xCA,0x20, 0xEB,0x28, 0xA9,0x20, 0x68,0x20,
 0x47,0x20, 0x47,0x20, 0x47,0x20, 0x47,0x20, 0x47,0x20, 0x47,0x20, 0x47,0x20, 0x47,0x20, 0x48,0x20, 0x28,0x28, 0x47,0x20, 0x47,0x20,
 0x48,0x20, 0x47,0x20, 0x47,0x20, 0x47,0x20, 0x47,0x20, 0x47,0x20, 0x47,0x20, 0x0D,0x31, 0xAA,0x28, 0x27,0x20, 0x48,0x20, 0x48,0x20,
 0x47,0x20, 0x47,0x20, 0x48,0x20, 0x48,0x20, 0x48,0x20, 0x48,0x20, 0x48,0x20, 0x47,0x20, 0x47,0x20, 0x47,0x20, 0x47,0x20, 0x47,0x20,
 0x6D,0x21, 0x2B,0x19, 0x07,0x28, 0x48,0x20, 0x48,0x20, 0x47,0x20, 0x47,0x20, 0x47,0x20, 0x48,0x20, 0x48,0x20, 0x47,0x20, 0x48,0x20,
 0x48,0x20, 0x48,0x28, 0x48,0x20, 0x47,0x20, 0x48,0x20, 0x48,0x20, 0x48,0x20, 0x47,0x20, 0x47,0x20, 0x47,0x20, 0x47,0x20, 0x47,0x20,
 0x47,0x20, 0x47,0x20, 0x47,0x20, 0x47,0x20, 0x47,0x20, 0x47,0x20, 0x47,0x20, 0x48,0x20, 0x48,0x20, 0x47,0x20, 0x47,0x20, 0x47,0x20,
 0x47,0x20, 0x47,0x20, 0x47,0x20, 0x47,0x18, 0x47,0x18, 0x47,0x18, 0x47,0x18, 0x47,0x18, 0x47,0x18, 0x47,0x18, 0x47,0x18, 0x47,0x18,

 0x67,0x08, 0x68,0x08, 0x69,0x10, 0x6B,0x18, 0x6B,0x18, 0x47,0x08, 0x45,0x00, 0x45,0x00, 0x45,0x00, 0x45,0x00, 0x45,0x00, 0x45,0x00,
 0x45,0x00, 0x45,0x00, 0x45,0x00, 0x25,0x00, 0x08,0x01, 0xE8,0x00, 0x05,0x00, 0x25,0x00, 0x25,0x00, 0x45,0x00, 0x45,0x00, 0x45,0x00,
 0x25,0x00, 0x25,0x00, 0x25,0x00, 0x04,0x00, 0x25,0x00, 0x25,0x00, 0x25,0x00, 0x24,0x00, 0x66,0x08, 0xC8,0x08, 0x25,0x00, 0x25,0x00,
 0x45,0x00, 0x25,0x00, 0xA7,0x08, 0xA8,0x08, 0x25,0x00, 0x25,0x00, 0x46,0x00, 0xA9,0x08, 0xA9,0x08, 0xA9,0x08, 0x8A,0x08, 0xCF,0x20,
 0x11,0x29, 0x6F,0x11, 0x4D,0x09, 0x69,0x08, 0x47,0x08, 0x88,0x08, 0xC9,0x08, 0x46,0x00, 0x45,0x00, 0x46,0x00, 0x45,0x00, 0x45,0x00,
 0x04,0x00, 0x6B,0x11, 0xD0,0x22, 0x25,0x00, 0x25,0x00, 0x46,0x00, 0x46,0x00, 0x45,0x00, 0x45,0x00, 0x45,0x00, 0x45,0x00, 0x45,0x00,
 0x45,0x00, 0x45,0x08, 0x45,0x00, 0x45,0x08, 0x45,0x00, 0x45,0x00, 0x46,0x08, 0x46,0x08, 0x45,0x08, 0x45,0x08, 0x46,0x00, 0x25,0x08,
 0x87,0x10, 0x87,0x10, 0x45,0x08, 0x25,0x08, 0x67,0x10, 0xA8,0x10, 0x46,0x08, 0x45,0x08, 0x46,0x08, 0x46,0x08, 0x46,0x08, 0x46,0x08,
 0x25,0x08, 0x67,0x10, 0xA8,0x18, 0x67,0x10, 0x46,0x10, 0x46,0x08, 0x46,0x10, 0x46,0x10, 0x46,0x10, 0x46,0x10, 0x46,0x10, 0x46,0x10,
 0x46,0x10, 0x46,0x10, 0x46,0x10, 0x46,0x10, 0x46,0x10, 0x46,0x10, 0x46,0x10, 0x67,0x18, 0x47,0x10, 0x46,0x18, 0x46,0x18, 0x46,0x18,
 0x46,0x10, 0x46,0x10, 0x46,0x10, 0x46,0x18, 0x46,0x18, 0x46,0x18, 0x46,0x18, 0x46,0x18, 0x46,0x18, 0x46,0x18, 0x46,0x18, 0x46,0x18,
 0x46,0x18, 0x88,0x20, 0xCB,0x20, 0x68,0x20, 0x46,0x18, 0x47,0x18, 0x47,0x18, 0x47,0x18, 0x47,0x18, 0x47,0x18, 0x47,0x18, 0x47,0x18,
 0x47,0x18, 0x47,0x18, 0x47,0x20, 0x47,0x20, 0x47,0x20, 0x47,0x20, 0x47,0x20, 0x47,0x20, 0x48,0x20, 0x47,0x20, 0x27,0x20, 0x47,0x20,
 0x47,0x20, 0x48,0x20, 0x48,0x20, 0x47,0x20, 0x47,0x20, 0x48,0x20, 0x48,0x20, 0x26,0x20, 0xCF,0x48, 0x75,0x71, 0x49,0x28, 0x47,0x20,
 0x48,0x28, 0x47,0x20, 0x47,0x20, 0x48,0x20, 0x47,0x20, 0x47,0x20, 0x0C,0x31, 0x89,0x28, 0x27,0x20, 0x48,0x20, 0x48,0x20, 0x48,0x20,
 0x48,0x20, 0x48,0x20, 0x48,0x20, 0x48,0x28, 0x48,0x28, 0x48,0x28, 0x48,0x28, 0x48,0x28, 0x48,0x20, 0x47,0x28, 0x47,0x28, 0xCB,0x30,
 0xCA,0x28, 0x27,0x20, 0x48,0x20, 0x48,0x20, 0x48,0x28, 0x48,0x20, 0x47,0x20, 0x47,0x20, 0x48,0x20, 0x48,0x20, 0x48,0x20, 0x47,0x20,
 0x48,0x20, 0x48,0x20, 0x47,0x20, 0x47,0x20, 0x48,0x20, 0x48,0x20, 0x47,0x20, 0x48,0x20, 0x47,0x20, 0x47,0x20, 0x47,0x20, 0x47,0x20,
 0x47,0x20, 0x47,0x20, 0x47,0x20, 0x47,0x20, 0x47,0x20, 0x47,0x20, 0x47,0x20, 0x47,0x20, 0x48,0x20, 0x47,0x20, 0x48,0x20, 0x48,0x20,
 0x47,0x20, 0x47,0x20, 0x47,0x20, 0x47,0x18, 0x47,0x18, 0x47,0x18, 0x47,0x18, 0x47,0x18, 0x47,0x18, 0x47,0x20, 0x47,0x18, 0x47,0x18,

 0x68,0x08, 0x69,0x08, 0x6A,0x10, 0x6A,0x18, 0x47,0x08, 0x45,0x00, 0x45,0x00, 0x45,0x00, 0x45,0x00, 0x45,0x00, 0x45,0x00, 0x45,0x00,
 0x45,0x00, 0x45,0x00, 0x45,0x00, 0x45,0x00, 0xA7,0x00, 0x86,0x00, 0x25,0x00, 0x45,0x00, 0x45,0x00, 0x45,0x00, 0x45,0x00, 0x45,0x00,
 0x45,0x00, 0x25,0x00, 0x25,0x00, 0x25,0x00, 0x25,0x00, 0x25,0x00, 0x24,0x00, 0x66,0x08, 0xC8,0x08, 0x25,0x00, 0x45,0x00, 0x45,0x00,
 0x25,0x00, 0xA8,0x08, 0xA8,0x08, 0x25,0x00, 0x25,0x00, 0x46,0x00, 0xA9,0x08, 0xA9,0x08, 0xA9,0x08, 0x8A,0x08, 0xF0,0x20, 0x52,0x29,
 0x6F,0x11, 0x4D,0x09, 0x69,0x08, 0x47,0x00, 0x88,0x08, 0xC9,0x08, 0x46,0x00, 0x25,0x00, 0x45,0x00, 0x45,0x00, 0x45,0x00, 0x04,0x00,
 0x09,0x09, 0x4E,0x22, 0x25,0x00, 0x25,0x00, 0x45,0x00, 0x45,0x00, 0x45,0x00, 0x45,0x00, 0x45,0x00, 0x45,0x00, 0x45,0x00, 0x45,0x00,
 0x45,0x08, 0x45,0x08, 0x46,0x08, 0x46,0x08, 0x45,0x08, 0x46,0x00, 0x46,0x00, 0x46,0x00, 0x45,0x00, 0x46,0x08, 0x45,0x00, 0x87,0x10,
 0x87,0x10, 0x45,0x08, 0x25,0x08, 0x87,0x10, 0xE9,0x18, 0x45,0x08, 0x45,0x08, 0x46,0x08, 0x46,0x08, 0x46,0x08, 0x46,0x08, 0x25,0x08,
 0x67,0x10, 0xA8,0x18, 0x46,0x08, 0x25,0x08, 0x46,0x10, 0x46,0x10, 0x46,0x10, 0x46,0x10, 0x46,0x10, 0x46,0x10, 0x46,0x10, 0x46,0x10,
 0x46,0x10, 0x46,0x10, 0x46,0x10, 0x46,0x10, 0x46,0x10, 0x46,0x10, 0x26,0x10, 0x68,0x18, 0x47,0x18, 0x46,0x18, 0x47,0x18, 0x46,0x18,
 0x46,0x18, 0x47,0x18, 0x46,0x18, 0x46,0x18, 0x46,0x18, 0x46,0x18, 0x47,0x18, 0x47,0x18, 0x46,0x18, 0x46,0x18, 0x47,0x18, 0x47,0x18,
 0x47,0x18, 0x47,0x18, 0x8A,0x20, 0x47,0x18, 0x47,0x18, 0x47,0x18, 0x47,0x18, 0x47,0x18, 0x47,0x18, 0x47,0x18, 0x47,0x18, 0x47,0x18,
 0x47,0x18, 0x47,0x20, 0x47,0x20, 0x47,0x20, 0x47,0x20, 0x47,0x20, 0x47,0x20, 0x47,0x20, 0x47,0x20, 0x47,0x20, 0x47,0x20, 0x47,0x20,
 0x47,0x20, 0x47,0x20, 0x47,0x20, 0x47,0x20, 0x47,0x20, 0x47,0x20, 0x48,0x20, 0x47,0x20, 0xAC,0x40, 0x10,0x59, 0x48,0x28, 0x47,0x20,
 0x48,0x20, 0x48,0x20, 0x48,0x20, 0x47,0x20, 0x48,0x20, 0xEC,0x30, 0x89,0x28, 0x27,0x20, 0x48,0x20, 0x48,0x28, 0x48,0x28, 0x48,0x28,
 0x48,0x28, 0x48,0x28, 0x48,0x28, 0x48,0x28, 0x48,0x28, 0x48,0x28, 0x48,0x20, 0x48,0x28, 0x48,0x28, 0x48,0x28, 0x8A,0x30, 0x89,0x28,
 0x27,0x28, 0x48,0x28, 0x48,0x28, 0x48,0x28, 0x48,0x28, 0x48,0x28, 0x48,0x28, 0x48,0x28, 0x48,0x20, 0x48,0x28, 0x48,0x28, 0x48,0x28,
 0x48,0x28, 0x48,0x20, 0x47,0x20, 0x47,0x20, 0x47,0x20, 0x48,0x20, 0x48,0x28, 0x68,0x28, 0x68,0x28, 0x48,0x20, 0x47,0x20, 0x47,0x20,
 0x47,0x20, 0x47,0x20, 0x47,0x20, 0x47,0x20, 0x47,0x20, 0x47,0x20, 0x47,0x20, 0x47,0x20, 0x47,0x20, 0x47,0x20, 0x48,0x20, 0x48,0x20,
 0x48,0x20, 0x48,0x20, 0x48,0x20, 0x47,0x20, 0x47,0x20, 0x47,0x18, 0x47,0x18, 0x47,0x18, 0x47,0x18, 0x47,0x18, 0x47,0x18, 0x46,0x18,

 0x68,0x08, 0x69,0x10, 0x69,0x10, 0x46,0x08, 0x45,0x00, 0x45,0x00, 0x66,0x00, 0x45,0x00, 0x45,0x00, 0x45,0x00, 0x45,0x00, 0x45,0x00,
 0x45,0x00, 0x45,0x00, 0x45,0x00, 0x45,0x00, 0x45,0x00, 0x25,0x00, 0x25,0x00, 0x45,0x00, 0x45,0x00, 0x45,0x00, 0x45,0x00, 0x45,0x00,
 0x45,0x00, 0x45,0x00, 0x45,0x00, 0x45,0x00, 0x45,0x00, 0x24,0x00, 0x66,0x08, 0xC8,0x08, 0x45,0x00, 0x25,0x00, 0x45,0x00, 0x25,0x00,
 0xA8,0x08, 0xA8,0x08, 0x25,0x00, 0x25,0x00, 0x46,0x00, 0xA9,0x08, 0xA9,0x08, 0xA9,0x08, 0x6A,0x08, 0xF0,0x20, 0x74,0x31, 0x90,0x11,
 0x2E,0x11, 0x69,0x08, 0x27,0x00, 0x88,0x08, 0xC9,0x08, 0x46,0x00, 0x25,0x00, 0x45,0x00, 0x45,0x00, 0x46,0x00, 0x05,0x00, 0xC8,0x08,
 0xAC,0x19, 0x46,0x00, 0x25,0x00, 0x25,0x00, 0x25,0x00, 0x25,0x00, 0x45,0x00, 0x45,0x00, 0x45,0x00, 0x45,0x00, 0x45,0x00, 0x46,0x00,
 0x45,0x08, 0x45,0x08, 0x45,0x00, 0x45,0x00, 0x45,0x08, 0x46,0x08, 0x46,0x08, 0x46,0x08, 0x46,0x08, 0x25,0x00, 0x87,0x10, 0x87,0x10,
 0x45,0x08, 0x25,0x08, 0x67,0x10, 0x0A,0x19, 0x46,0x08, 0x25,0x08, 0x46,0x08, 0x46,0x08, 0x46,0x08, 0x46,0x08, 0x25,0x08, 0x67,0x10,
 0xA8,0x18, 0x46,0x10, 0x45,0x08, 0x46,0x10, 0x46,0x10, 0x46,0x10, 0x46,0x10, 0x46,0x10, 0x46,0x10, 0x46,0x10, 0x46,0x10, 0x46,0x10,
 0x46,0x10, 0x46,0x10, 0x46,0x10, 0x46,0x10, 0x46,0x10, 0x46,0x10, 0x26,0x10, 0x68,0x18, 0x47,0x18, 0x46,0x18, 0x46,0x18, 0x46,0x18,
 0x46,0x18, 0x46,0x18, 0x46,0x18, 0x47,0x18, 0x47,0x18, 0x47,0x18, 0x47,0x18, 0x47,0x18, 0x47,0x18, 0x47,0x18, 0x47,0x18, 0x47,0x18,
 0x47,0x18, 0x47,0x18, 0x8A,0x20, 0x47,0x18, 0x47,0x18, 0x47,0x18, 0x47,0x18, 0x47,0x18, 0x47,0x18, 0x47,0x18, 0x47,0x20, 0x47,0x20,
 0x47,0x20, 0x47,0x20, 0x47,0x20, 0x47,0x20, 0x47,0x20, 0x47,0x20, 0x47,0x20, 0x47,0x20, 0x47,0x20, 0x48,0x20, 0x47,0x20, 0x47,0x20,
 0x47,0x20, 0x48,0x20, 0x48,0x20, 0x47,0x20, 0x47,0x20, 0x47,0x20, 0x47,0x20, 0x47,0x20, 0x47,0x20, 0x27,0x20, 0x47,0x20, 0x48,0x28,
 0x48,0x20, 0x47,0x20, 0x47,0x20, 0x48,0x20, 0xEC,0x30, 0x89,0x28, 0x27,0x20, 0x48,0x28, 0x48,0x28, 0x48,0x28, 0x48,0x28, 0x48,0x28,
 0x48,0x28, 0x48,0x28, 0x48,0x28, 0x48,0x28, 0x48,0x28, 0x48,0x28, 0x48,0x20, 0x48,0x28, 0x47,0x28, 0x8A,0x30, 0x69,0x28, 0x47,0x28,
 0x48,0x28, 0x48,0x28, 0x48,0x28, 0x48,0x28, 0x48,0x28, 0x48,0x28, 0x48,0x28, 0x48,0x28, 0x48,0x28, 0x48,0x28, 0x48,0x28, 0x48,0x28,
 0x48,0x20, 0x48,0x28, 0x47,0x28, 0x49,0x28, 0x4A,0x30, 0x48,0x28, 0x48,0x20, 0x48,0x28, 0x48,0x28, 0x47,0x28, 0x47,0x20, 0x48,0x20,
 0x48,0x20, 0x47,0x20, 0x48,0x20, 0x47,0x20, 0x47,0x20, 0x47,0x20, 0x47,0x20, 0x47,0x20, 0x47,0x20, 0x47,0x20, 0x47,0x20, 0x47,0x20,
 0x47,0x20, 0x47,0x20, 0x47,0x20, 0x47,0x20, 0x47,0x20, 0x47,0x20, 0x47,0x18, 0x47,0x18, 0x47,0x18, 0x47,0x18, 0x47,0x18, 0x47,0x18,

 0x48,0x08, 0x48,0x10, 0x26,0x00, 0x24,0x00, 0x25,0x00, 0x25,0x00, 0x25,0x00, 0x25,0x00, 0x25,0x00, 0x25,0x00, 0x25,0x00, 0x25,0x00,
 0x25,0x00, 0x25,0x00, 0x25,0x00, 0x45,0x00, 0x45,0x00, 0x24,0x00, 0x24,0x00, 0x24,0x00, 0x24,0x00, 0x24,0x00, 0x24,0x00, 0x24,0x00,
 0x24,0x00, 0x24,0x00, 0x25,0x00, 0x25,0x00, 0x04,0x00, 0x66,0x08, 0xC8,0x08, 0x45,0x00, 0x45,0x00, 0x45,0x00, 0x24,0x00, 0xA8,0x08,
 0xA8,0x08, 0x25,0x00, 0x25,0x00, 0x46,0x00, 0xA9,0x08, 0xA9,0x08, 0xA9,0x08, 0x8A,0x08, 0xF1,0x20, 0x94,0x39, 0x71,0x19, 0x2D,0x09,
 0x69,0x08, 0x47,0x00, 0x88,0x08, 0xC9,0x08, 0x46,0x00, 0x25,0x00, 0x45,0x00, 0x45,0x00, 0x45,0x00, 0x25,0x00, 0x87,0x08, 0x6B,0x19,
 0x67,0x08, 0x46,0x00, 0x25,0x00, 0x67,0x00, 0xA8,0x08, 0x66,0x00, 0x25,0x00, 0x45,0x00, 0x45,0x00, 0x45,0x00, 0x46,0x00, 0x46,0x08,
 0x45,0x08, 0x46,0x00, 0x45,0x00, 0x45,0x00, 0x45,0x00, 0x45,0x08, 0x46,0x08, 0x45,0x00, 0x25,0x00, 0xA8,0x10, 0x87,0x10, 0x25,0x08,
 0x25,0x08, 0x66,0x08, 0x2A,0x19, 0x46,0x08, 0x25,0x08, 0x46,0x08, 0x46,0x08, 0x26,0x08, 0x46,0x08, 0x25,0x08, 0x66,0x10, 0xA9,0x18,
 0x46,0x10, 0x45,0x08, 0x46,0x08, 0x46,0x10, 0x46,0x10, 0x46,0x10, 0x46,0x10, 0x46,0x10, 0x46,0x10, 0x46,0x10, 0x46,0x10, 0x46,0x10,
 0x46,0x10, 0x46,0x10, 0x46,0x10, 0x46,0x10, 0x46,0x10, 0x46,0x10, 0x46,0x10, 0x69,0x18, 0x47,0x18, 0x46,0x18, 0x47,0x18, 0x47,0x18,
 0x47,0x18, 0x47,0x18, 0x47,0x18, 0x47,0x18, 0x47,0x18, 0x47,0x18, 0x47,0x18, 0x47,0x18, 0x47,0x18, 0x47,0x18, 0x47,0x18, 0x47,0x18,
 0x47,0x18, 0x47,0x18, 0x8A,0x20, 0x47,0x18, 0x47,0x18, 0x47,0x18, 0x47,0x18, 0x47,0x18, 0x47,0x18, 0x47,0x20, 0x47,0x20, 0x47,0x20,
 0x47,0x20, 0x47,0x20, 0x48,0x20, 0x48,0x20, 0x47,0x20, 0x47,0x20, 0x47,0x20, 0x47,0x20, 0x47,0x20, 0x47,0x20, 0x47,0x20, 0x47,0x20,
 0x47,0x20, 0x47,0x20, 0x47,0x20, 0x47,0x20, 0x47,0x20, 0x47,0x20, 0x48,0x20, 0x48,0x28, 0x67,0x20, 0x68,0x20, 0x48,0x28, 0x68,0x28,
 0x68,0x20, 0x47,0x28, 0x48,0x28, 0xCB,0x38, 0x89,0x28, 0x47,0x20, 0x48,0x28, 0x48,0x20, 0x48,0x28, 0x48,0x28, 0x48,0x28, 0x48,0x28,
 0x48,0x28, 0x48,0x28, 0x48,0x28, 0x48,0x28, 0x48,0x28, 0x48,0x28, 0x48,0x28, 0x48,0x28, 0x8A,0x30, 0x69,0x30, 0x47,0x28, 0x48,0x28,
 0x48,0x28, 0x48,0x28, 0x48,0x28, 0x48,0x28, 0x48,0x28, 0x48,0x28, 0x48,0x28, 0x48,0x28, 0x48,0x28, 0x48,0x28, 0x48,0x28, 0x48,0x28,
 0x48,0x28, 0x48,0x28, 0x47,0x20, 0xAD,0x48, 0x74,0x79, 0x29,0x28, 0x48,0x20, 0x48,0x28, 0x48,0x20, 0x47,0x20, 0x48,0x28, 0x48,0x28,
 0x47,0x20, 0x48,0x20, 0x47,0x20, 0x47,0x20, 0x47,0x20, 0x47,0x20, 0x47,0x20, 0x47,0x20, 0x47,0x20, 0x47,0x20, 0x47,0x20, 0x47,0x20,
 0x47,0x20, 0x47,0x20, 0x47,0x20, 0x47,0x20, 0x47,0x20, 0x47,0x20, 0x47,0x20, 0x47,0x18, 0x47,0x18, 0x47,0x18, 0x47,0x18, 0x47,0x18,

 0xAA,0x10, 0xA9,0x08, 0x88,0x00, 0x88,0x00, 0x88,0x08, 0x88,0x08, 0x88,0x00, 0xA8,0x00, 0x88,0x08, 0x88,0x00, 0x88,0x00, 0x88,0x08,
 0xA8,0x08, 0xA8,0x08, 0xA8,0x08, 0x88,0x08, 0x88,0x08, 0x88,0x08, 0x88,0x00, 0x88,0x08, 0x88,0x08, 0x88,0x08, 0x88,0x08, 0x88,0x08,
 0x88,0x08, 0x88,0x08, 0x88,0x00, 0x88,0x00, 0x88,0x08, 0xA8,0x08, 0x45,0x00, 0x24,0x00, 0x45,0x00, 0x24,0x00, 0xA7,0x08, 0xC8,0x08,
 0x25,0x00, 0x25,0x00, 0x46,0x00, 0xA9,0x08, 0xCA,0x08, 0xA9,0x08, 0x6A,0x08, 0x11,0x21, 0xB6,0x41, 0x71,0x19, 0x0D,0x09, 0x69,0x08,
 0x47,0x08, 0x88,0x08, 0xEA,0x08, 0x46,0x00, 0x25,0x00, 0x25,0x00, 0x45,0x00, 0x45,0x00, 0x25,0x00, 0x67,0x08, 0x09,0x11, 0x88,0x08,
 0x67,0x00, 0x25,0x00, 0x45,0x00, 0xC9,0x08, 0xEB,0x00, 0xA9,0x00, 0x25,0x00, 0x45,0x00, 0x45,0x00, 0x46,0x00, 0x46,0x00, 0x45,0x00,
 0x45,0x00, 0x46,0x00, 0x45,0x00, 0x45,0x00, 0x45,0x08, 0x46,0x08, 0x45,0x08, 0x25,0x08, 0xA8,0x10, 0x87,0x10, 0x25,0x08, 0x25,0x08,
 0x46,0x08, 0x0A,0x19, 0x67,0x08, 0x25,0x08, 0x46,0x08, 0x46,0x08, 0x46,0x08, 0x46,0x08, 0x25,0x08, 0x67,0x10, 0xC9,0x20, 0x46,0x10,
 0x25,0x08, 0x46,0x10, 0x46,0x10, 0x46,0x10, 0x46,0x10, 0x46,0x10, 0x46,0x10, 0x46,0x10, 0x46,0x10, 0x46,0x10, 0x46,0x10, 0x46,0x10,
 0x46,0x10, 0x46,0x10, 0x46,0x10, 0x46,0x10, 0x46,0x18, 0x46,0x18, 0x46,0x10, 0x68,0x18, 0x47,0x18, 0x46,0x18, 0x47,0x18, 0x46,0x18,
 0x46,0x18, 0x47,0x18, 0x47,0x18, 0x47,0x18, 0x47,0x18, 0x47,0x18, 0x47,0x18, 0x47,0x18, 0x47,0x18, 0x47,0x18, 0x47,0x18, 0x47,0x18,
 0x47,0x18, 0x47,0x18, 0x8A,0x20, 0x47,0x18, 0x47,0x20, 0x47,0x20, 0x47,0x18, 0x47,0x18, 0x47,0x20, 0x47,0x20, 0x47,0x20, 0x47,0x20,
 0x48,0x20, 0x47,0x20, 0x48,0x20, 0x47,0x20, 0x47,0x20, 0x47,0x20, 0x48,0x20, 0x48,0x20, 0x48,0x20, 0x48,0x20, 0x47,0x20, 0x47,0x20,
 0x47,0x20, 0x47,0x20, 0x47,0x20, 0x48,0x20, 0x48,0x20, 0x48,0x20, 0x47,0x20, 0x48,0x20, 0x68,0x20, 0x68,0x20, 0x48,0x28, 0x48,0x28,
 0x48,0x28, 0x48,0x28, 0xCC,0x38, 0x89,0x28, 0x47,0x20, 0x48,0x20, 0x48,0x20, 0x48,0x28, 0x48,0x28, 0x48,0x28, 0x48,0x28, 0x48,0x28,
 0x48,0x28, 0x48,0x28, 0x48,0x28, 0x48,0x28, 0x48,0x28, 0x48,0x28, 0x48,0x28, 0x8B,0x30, 0x69,0x30, 0x48,0x28, 0x48,0x28, 0x48,0x28,
 0x48,0x28, 0x48,0x28, 0x48,0x28, 0x48,0x28, 0x48,0x28, 0x48,0x28, 0x48,0x28, 0x48,0x28, 0x48,0x28, 0x48,0x28, 0x48,0x28, 0x48,0x28,
 0x48,0x20, 0x48,0x28, 0x48,0x20, 0x69,0x30, 0x8B,0x38, 0x48,0x28, 0x48,0x28, 0x48,0x28, 0x48,0x28, 0x48,0x28, 0x48,0x28, 0x48,0x28,
 0x48,0x20, 0x48,0x20, 0x48,0x20, 0x48,0x20, 0x48,0x20, 0x48,0x20, 0x48,0x20, 0x47,0x20, 0x47,0x20, 0x47,0x20, 0x47,0x20, 0x47,0x20,
 0x47,0x20, 0x47,0x20, 0x47,0x20, 0x47,0x20, 0x47,0x20, 0x47,0x20, 0x47,0x20, 0x47,0x20, 0x47,0x18, 0x47,0x18, 0x47,0x18, 0x67,0x18,

 0x88,0x08, 0x87,0x00, 0x87,0x00, 0x88,0x00, 0x88,0x00, 0x88,0x00, 0x87,0x00, 0x87,0x00, 0x87,0x00, 0x87,0x00, 0x87,0x00, 0x88,0x00,
 0x88,0x08, 0x88,0x00, 0x88,0x00, 0x87,0x08, 0x88,0x08, 0x87,0x00, 0x87,0x00, 0x87,0x00, 0x87,0x08, 0x87,0x08, 0x87,0x00, 0x87,0x08,
 0x87,0x00, 0x87,0x00, 0x87,0x00, 0x87,0x00, 0x87,0x00, 0x45,0x00, 0x45,0x00, 0x45,0x00, 0x24,0x00, 0xA8,0x08, 0xA8,0x08, 0x24,0x00,
 0x25,0x00, 0x46,0x00, 0xA9,0x08, 0xCA,0x08, 0xCA,0x08, 0x6A,0x08, 0x12,0x29, 0xD7,0x41, 0x92,0x19, 0x2E,0x11, 0x69,0x08, 0x47,0x08,
 0x88,0x08, 0xEA,0x08, 0x46,0x00, 0x25,0x00, 0x25,0x00, 0x25,0x00, 0x25,0x00, 0x25,0x00, 0x66,0x00, 0xC8,0x08, 0x88,0x08, 0x87,0x08,
 0x25,0x00, 0x25,0x00, 0x25,0x00, 0xA9,0x08, 0xCA,0x08, 0x67,0x00, 0x25,0x00, 0x45,0x00, 0x46,0x00, 0x46,0x00, 0x46,0x00, 0x46,0x00,
 0x46,0x08, 0x45,0x08, 0x45,0x00, 0x46,0x08, 0x46,0x08, 0x45,0x00, 0x25,0x08, 0xA8,0x10, 0xA8,0x10, 0x25,0x08, 0x45,0x08, 0x66,0x08,
 0x0A,0x19, 0x67,0x10, 0x25,0x08, 0x46,0x08, 0x46,0x08, 0x46,0x08, 0x46,0x08, 0x25,0x08, 0x66,0x10, 0xE9,0x20, 0x46,0x10, 0x25,0x08,
 0x45,0x08, 0x46,0x10, 0x46,0x10, 0x46,0x10, 0x46,0x10, 0x46,0x10, 0x46,0x10, 0x46,0x10, 0x46,0x10, 0x46,0x10, 0x46,0x10, 0x46,0x10,
 0x46,0x10, 0x46,0x18, 0x46,0x18, 0x46,0x18, 0x46,0x18, 0x46,0x18, 0x46,0x18, 0x68,0x18, 0x47,0x18, 0x46,0x18, 0x46,0x18, 0x46,0x18,
 0x47,0x18, 0x47,0x18, 0x47,0x18, 0x47,0x18, 0x47,0x18, 0x47,0x18, 0x47,0x18, 0x47,0x18, 0x47,0x18, 0x47,0x18, 0x47,0x18, 0x47,0x18,
 0x47,0x18, 0x47,0x18, 0x8A,0x20, 0x48,0x18, 0x47,0x18, 0x47,0x20, 0x47,0x20, 0x47,0x20, 0x47,0x20, 0x47,0x20, 0x47,0x20, 0x48,0x20,
 0x48,0x20, 0x47,0x20, 0x47,0x20, 0x47,0x20, 0x47,0x20, 0x48,0x20, 0x47,0x20, 0x47,0x20, 0x47,0x20, 0x47,0x20, 0x47,0x20, 0x47,0x20,
 0x48,0x20, 0x48,0x20, 0x48,0x20, 0x48,0x20, 0x48,0x20, 0x48,0x20, 0x48,0x20, 0x48,0x20, 0x48,0x20, 0x48,0x20, 0x48,0x28, 0x48,0x28,
 0x48,0x28, 0xCC,0x38, 0x8A,0x28, 0x47,0x20, 0x48,0x28, 0x48,0x28, 0x48,0x28, 0x48,0x28, 0x48,0x28, 0x48,0x28, 0x48,0x28, 0x48,0x28,
 0x48,0x28, 0x48,0x28, 0x48,0x28, 0x48,0x28, 0x48,0x28, 0x48,0x28, 0x8B,0x30, 0x6A,0x30, 0x48,0x28, 0x48,0x28, 0x48,0x28, 0x48,0x28,
 0x48,0x28, 0x48,0x28, 0x48,0x28, 0x48,0x28, 0x48,0x28, 0x48,0x28, 0x48,0x28, 0x48,0x28, 0x48,0x28, 0x48,0x28, 0x48,0x28, 0x48,0x28,
 0x48,0x28, 0x48,0x28, 0x48,0x28, 0x47,0x28, 0x47,0x20, 0x48,0x28, 0x48,0x28, 0x48,0x28, 0x47,0x28, 0x47,0x28, 0x47,0x28, 0x27,0x28,
 0x27,0x28, 0x27,0x20, 0x27,0x20, 0x27,0x20, 0x27,0x20, 0x27,0x20, 0x27,0x20, 0x27,0x20, 0x27,0x20, 0x27,0x20, 0x27,0x20, 0x27,0x20,
 0x27,0x20, 0x27,0x20, 0x27,0x20, 0x27,0x20, 0x27,0x20, 0x27,0x20, 0x27,0x20, 0x27,0x20, 0x27,0x18, 0x27,0x18, 0x26,0x18, 0x26,0x18,

 0x25,0x00, 0x25,0x00, 0x25,0x00, 0x25,0x00, 0x25,0x00, 0x25,0x00, 0x25,0x00, 0x25,0x00, 0x25,0x00, 0x25,0x00, 0x25,0x00, 0x25,0x00,
 0x25,0x00, 0x25,0x00, 0x25,0x00, 0x25,0x00, 0x25,0x00, 0x25,0x00, 0x25,0x00, 0x25,0x00, 0x24,0x00, 0x04,0x00, 0x24,0x00, 0x24,0x00,
 0x24,0x00, 0x24,0x00, 0x24,0x00, 0x24,0x00, 0x25,0x00, 0x25,0x00, 0x45,0x00, 0x25,0x00, 0xA8,0x08, 0xC8,0x08, 0x04,0x00, 0x24,0x00,
 0x45,0x00, 0xA9,0x08, 0xEA,0x08, 0xCA,0x08, 0x6B,0x00, 0x33,0x29, 0x18,0x52, 0x92,0x19, 0x0E,0x11, 0x69,0x08, 0x47,0x08, 0x68,0x08,
 0xEA,0x08, 0x46,0x00, 0x25,0x00, 0x25,0x00, 0x25,0x00, 0x45,0x00, 0x25,0x00, 0x46,0x00, 0x87,0x08, 0x87,0x08, 0x87,0x08, 0x25,0x00,
 0x45,0x00, 0x25,0x00, 0x67,0x08, 0x66,0x08, 0x25,0x00, 0x25,0x00, 0x45,0x00, 0x45,0x00, 0x46,0x00, 0x46,0x00, 0x46,0x00, 0x46,0x00,
 0x45,0x08, 0x45,0x08, 0x46,0x08, 0x46,0x00, 0x45,0x08, 0x46,0x08, 0x25,0x08, 0xC9,0x10, 0x46,0x08, 0x25,0x08, 0x25,0x08, 0xA8,0x10,
 0x88,0x10, 0x25,0x08, 0x46,0x08, 0x46,0x08, 0x46,0x08, 0x46,0x08, 0x26,0x08, 0x66,0x10, 0xE9,0x20, 0x67,0x10, 0x25,0x08, 0x67,0x10,
 0x66,0x10, 0x46,0x10, 0x25,0x10, 0x26,0x10, 0x26,0x10, 0x46,0x10, 0x46,0x10, 0x46,0x10, 0x46,0x10, 0x46,0x10, 0x46,0x10, 0x46,0x10,
 0x46,0x18, 0x46,0x18, 0x46,0x18, 0x46,0x18, 0x46,0x18, 0x46,0x18, 0x46,0x18, 0x68,0x18, 0x47,0x18, 0x46,0x18, 0x46,0x18, 0x47,0x18,
 0x47,0x18, 0x47,0x18, 0x47,0x18, 0x47,0x18, 0x47,0x18, 0x47,0x18, 0x47,0x18, 0x47,0x18, 0x47,0x18, 0x47,0x18, 0x47,0x18, 0x47,0x18,
 0x46,0x18, 0x47,0x18, 0x8A,0x28, 0x48,0x18, 0x47,0x20, 0x47,0x20, 0x47,0x20, 0x47,0x20, 0x47,0x20, 0x48,0x20, 0x48,0x20, 0x47,0x20,
 0x47,0x20, 0x48,0x20, 0x48,0x20, 0x48,0x20, 0x47,0x20, 0x47,0x20, 0x47,0x20, 0x47,0x20, 0x47,0x20, 0x47,0x20, 0x69,0x28, 0xCC,0x38,
 0xAB,0x38, 0xAB,0x38, 0xAB,0x38, 0xAB,0x38, 0xAB,0x38, 0xAB,0x38, 0xAB,0x38, 0xAB,0x38, 0xCB,0x38, 0xCC,0x38, 0xCC,0x38, 0xAC,0x38,
 0xCC,0x38, 0x8A,0x28, 0x48,0x28, 0x48,0x28, 0x48,0x28, 0x48,0x28, 0x48,0x28, 0x48,0x28, 0x48,0x28, 0x48,0x28, 0x48,0x28, 0x48,0x28,
 0x48,0x28, 0x48,0x28, 0x48,0x28, 0x48,0x28, 0x48,0x28, 0x8B,0x30, 0x6A,0x30, 0x48,0x28, 0x48,0x28, 0x48,0x28, 0x48,0x28, 0x48,0x28,
 0x48,0x28, 0x48,0x28, 0x48,0x28, 0x48,0x28, 0x48,0x28, 0x48,0x28, 0x48,0x28, 0x48,0x28, 0x48,0x28, 0x48,0x28, 0x48,0x28, 0x48,0x28,
 0x48,0x28, 0x48,0x28, 0x48,0x28, 0x48,0x28, 0x48,0x28, 0x48,0x28, 0x48,0x28, 0x48,0x28, 0x8A,0x28, 0xCC,0x28, 0xCC,0x28, 0xEC,0x28,
 0xEC,0x28, 0xEC,0x28, 0xEC,0x20, 0x0C,0x21, 0x0C,0x21, 0x0C,0x21, 0x0C,0x21, 0x0C,0x21, 0x0C,0x21, 0x0C,0x21, 0x0C,0x21, 0x0C,0x21,
 0x0C,0x21, 0x0C,0x21, 0x0C,0x21, 0x0C,0x21, 0x0C,0x21, 0x0C,0x21, 0x0C,0x21, 0x0C,0x21, 0x0C,0x21, 0x0C,0x21, 0x0C,0x21, 0x0C,0x21,

 0x45,0x00, 0x45,0x00, 0x45,0x00, 0x45,0x00, 0x45,0x00, 0x45,0x00, 0x45,0x00, 0x45,0x00, 0x45,0x00, 0x45,0x00, 0x45,0x00, 0x45,0x00,
 0x45,0x00, 0x45,0x00, 0x45,0x00, 0x45,0x00, 0x45,0x00, 0x25,0x00, 0x25,0x00, 0x25,0x00, 0x25,0x00, 0x25,0x00, 0x25,0x00, 0x25,0x00,
 0x25,0x00, 0x25,0x00, 0x25,0x00, 0x25,0x00, 0x25,0x00, 0x45,0x00, 0x25,0x00, 0xA8,0x08, 0xC9,0x08, 0x25,0x00, 0x25,0x00, 0x45,0x00,
 0xA9,0x08, 0xEA,0x08, 0xCB,0x10, 0x6B,0x08, 0x33,0x29, 0x7A,0x5A, 0x93,0x21, 0x0E,0x09, 0x69,0x08, 0x47,0x08, 0x68,0x00, 0xE9,0x08,
 0x46,0x00, 0x25,0x00, 0x25,0x00, 0x05,0x00, 0x25,0x00, 0x25,0x00, 0x25,0x00, 0x25,0x00, 0x87,0x08, 0x87,0x08, 0x25,0x00, 0x45,0x00,
 0x25,0x00, 0x67,0x08, 0x87,0x08, 0x25,0x00, 0x46,0x08, 0x46,0x00, 0x45,0x00, 0x45,0x00, 0x45,0x00, 0x46,0x08, 0x45,0x08, 0x46,0x08,
 0x45,0x08, 0x25,0x08, 0x46,0x08, 0x45,0x08, 0x46,0x08, 0x45,0x08, 0x45,0x08, 0xA9,0x10, 0x66,0x08, 0x25,0x08, 0x25,0x08, 0xA8,0x10,
 0x87,0x10, 0x25,0x08, 0x46,0x10, 0x46,0x10, 0x46,0x08, 0x46,0x08, 0x25,0x08, 0xA8,0x18, 0x88,0x18, 0x25,0x08, 0x46,0x08, 0xA9,0x10,
 0xC9,0x10, 0xA9,0x10, 0x88,0x10, 0x67,0x10, 0x67,0x10, 0x46,0x10, 0x46,0x10, 0x46,0x10, 0x26,0x10, 0x26,0x10, 0x46,0x10, 0x46,0x10,
 0x46,0x18, 0x46,0x18, 0x46,0x18, 0x46,0x18, 0x46,0x18, 0x47,0x18, 0x46,0x18, 0x88,0x18, 0x47,0x18, 0x47,0x18, 0x47,0x18, 0x47,0x18,
 0x47,0x18, 0x47,0x18, 0x47,0x18, 0x47,0x18, 0x47,0x18, 0x47,0x18, 0x47,0x18, 0x47,0x18, 0x47,0x18, 0x47,0x18, 0x47,0x18, 0x47,0x18,
 0x47,0x18, 0x47,0x18, 0xAA,0x28, 0x48,0x18, 0x47,0x20, 0x47,0x20, 0x47,0x20, 0x48,0x20, 0x48,0x20, 0x48,0x20, 0x47,0x20, 0x47,0x20,
 0x47,0x20, 0x47,0x20, 0x47,0x20, 0x47,0x20, 0x47,0x20, 0x47,0x20, 0x47,0x20, 0x47,0x20, 0x67,0x20, 0x47,0x20, 0x8A,0x30, 0xAA,0x30,
 0x48,0x28, 0x68,0x28, 0x48,0x28, 0x48,0x28, 0x48,0x28, 0x48,0x28, 0x48,0x28, 0x48,0x28, 0x48,0x28, 0x48,0x28, 0x48,0x28, 0x48,0x28,
 0x48,0x28, 0x48,0x28, 0x48,0x28, 0x48,0x28, 0x48,0x28, 0x48,0x28, 0x48,0x28, 0x48,0x28, 0x48,0x28, 0x48,0x28, 0x48,0x28, 0x48,0x28,
 0x48,0x28, 0x48,0x28, 0x48,0x28, 0x48,0x28, 0x8B,0x30, 0x6A,0x30, 0x47,0x28, 0x48,0x28, 0x48,0x28, 0x48,0x28, 0x48,0x28, 0x48,0x28,
 0x48,0x28, 0x48,0x28, 0x48,0x28, 0x48,0x28, 0x48,0x28, 0x48,0x28, 0x48,0x28, 0x48,0x28, 0x48,0x28, 0x48,0x28, 0x48,0x28, 0x48,0x28,
 0x48,0x28, 0x48,0x28, 0x48,0x28, 0x48,0x28, 0x48,0x28, 0x48,0x28, 0x27,0x28, 0x8A,0x28, 0xAB,0x28, 0x89,0x28, 0x8A,0x28, 0x8A,0x28,
 0xAA,0x28, 0xAA,0x28, 0xAA,0x20, 0xAA,0x20, 0xAA,0x20, 0xAA,0x20, 0xAA,0x20, 0xAA,0x20, 0xAA,0x20, 0xAA,0x20, 0xAA,0x20, 0xAA,0x20,
 0xAA,0x20, 0xAA,0x20, 0xAA,0x20, 0xAA,0x20, 0xCA,0x20, 0xCA,0x20, 0xAA,0x20, 0xAA,0x20, 0xCA,0x20, 0xCA,0x20, 0xC9,0x20, 0xC9,0x18,

 0x45,0x00, 0x46,0x00, 0x46,0x00, 0x46,0x00, 0x46,0x00, 0x46,0x00, 0x46,0x00, 0x46,0x00, 0x45,0x00, 0x46,0x00, 0x46,0x00, 0x46,0x00,
 0x46,0x00, 0x46,0x00, 0x46,0x00, 0x46,0x00, 0x46,0x00, 0x67,0x08, 0x46,0x00, 0x25,0x00, 0x46,0x00, 0x45,0x00, 0x25,0x00, 0x25,0x00,
 0x25,0x00, 0x25,0x00, 0x25,0x00, 0x25,0x00, 0x45,0x00, 0x25,0x00, 0xA8,0x08, 0xC9,0x08, 0x25,0x00, 0x25,0x00, 0x46,0x00, 0xA9,0x08,
 0x0B,0x09, 0x0B,0x11, 0x6B,0x08, 0x54,0x29, 0x9A,0x62, 0x93,0x21, 0x0E,0x09, 0x69,0x08, 0x47,0x00, 0x68,0x00, 0xEA,0x08, 0x46,0x00,
 0x04,0x00, 0x46,0x00, 0xA8,0x08, 0xA8,0x08, 0xA9,0x08, 0xA8,0x08, 0x88,0x08, 0xA8,0x08, 0x87,0x08, 0x25,0x00, 0x25,0x00, 0x25,0x00,
 0x67,0x08, 0x87,0x08, 0x25,0x00, 0x45,0x00, 0x46,0x08, 0x46,0x00, 0x45,0x00, 0x45,0x00, 0x45,0x08, 0x46,0x08, 0x45,0x08, 0x46,0x08,
 0x45,0x08, 0x46,0x08, 0x46,0x08, 0x46,0x00, 0x46,0x08, 0x46,0x08, 0x25,0x08, 0xA9,0x10, 0x66,0x08, 0x25,0x08, 0x25,0x08, 0xA8,0x10,
 0x87,0x10, 0x25,0x08, 0x46,0x08, 0x45,0x08, 0x46,0x08, 0x46,0x08, 0x25,0x08, 0xA8,0x18, 0x88,0x10, 0x25,0x08, 0x46,0x10, 0x26,0x10,
 0x46,0x10, 0x67,0x10, 0x88,0x10, 0x88,0x10, 0xA8,0x10, 0xA9,0x18, 0x89,0x18, 0x88,0x18, 0x88,0x10, 0x67,0x10, 0x67,0x10, 0x47,0x18,
 0x46,0x18, 0x46,0x18, 0x46,0x18, 0x46,0x18, 0x46,0x18, 0x46,0x18, 0x26,0x18, 0x8A,0x20, 0x68,0x18, 0x46,0x18, 0x46,0x18, 0x46,0x18,
 0x26,0x18, 0x27,0x18, 0x47,0x18, 0x46,0x18, 0x47,0x18, 0x47,0x18, 0x47,0x18, 0x47,0x18, 0x47,0x18, 0x47,0x18, 0x47,0x18, 0x47,0x18,
 0x47,0x18, 0x47,0x18, 0xCB,0x28, 0x69,0x20, 0x27,0x20, 0x48,0x20, 0x48,0x20, 0x48,0x20, 0x48,0x20, 0x48,0x20, 0x47,0x20, 0x48,0x20,
 0x48,0x20, 0x47,0x20, 0x47,0x20, 0x47,0x20, 0x47,0x20, 0x47,0x20, 0x48,0x20, 0x48,0x20, 0x48,0x20, 0x47,0x20, 0x8A,0x30, 0x8A,0x30,
 0x27,0x20, 0x48,0x20, 0x48,0x28, 0x48,0x28, 0x48,0x28, 0x48,0x28, 0x48,0x20, 0x48,0x28, 0x48,0x28, 0x48,0x28, 0x48,0x28, 0x48,0x28,
 0x68,0x28, 0x68,0x28, 0x48,0x28, 0x48,0x28, 0x48,0x28, 0x48,0x28, 0x48,0x28, 0x48,0x28, 0x48,0x28, 0x48,0x28, 0x48,0x28, 0x48,0x28,
 0x48,0x28, 0x48,0x28, 0x48,0x28, 0x8B,0x30, 0x8A,0x30, 0x48,0x28, 0x48,0x28, 0x48,0x28, 0x48,0x28, 0x48,0x28, 0x48,0x28, 0x48,0x28,
 0x48,0x28, 0x48,0x28, 0x48,0x28, 0x68,0x28, 0x48,0x28, 0x48,0x28, 0x48,0x28, 0x47,0x28, 0x48,0x28, 0x49,0x28, 0x48,0x28, 0x48,0x28,
 0x48,0x28, 0x48,0x28, 0x48,0x28, 0x48,0x28, 0x48,0x28, 0x27,0x28, 0x8A,0x30, 0xAB,0x30, 0x28,0x28, 0x27,0x28, 0x27,0x28, 0x27,0x28,
 0x27,0x28, 0x27,0x28, 0x07,0x28, 0x07,0x28, 0x07,0x28, 0x07,0x28, 0x07,0x20, 0x07,0x20, 0x27,0x20, 0x27,0x20, 0x27,0x20, 0x27,0x20,
 0x27,0x20, 0x27,0x20, 0x27,0x20, 0x27,0x20, 0x27,0x20, 0x27,0x20, 0x27,0x20, 0x26,0x20, 0x27,0x20, 0x27,0x20, 0x27,0x20, 0x26,0x18,

 0xA9,0x08, 0xA9,0x08, 0xC9,0x08, 0xA9,0x08, 0xA9,0x08, 0xA9,0x08, 0xA9,0x08, 0xA9,0x08, 0xA9,0x08, 0xA9,0x08, 0xA9,0x08, 0xA9,0x08,
 0xA9,0x08, 0xA9,0x08, 0xA9,0x08, 0xA9,0x08, 0xA9,0x08, 0xEA,0x10, 0xCA,0x08, 0xCA,0x08, 0xC9,0x08, 0xC9,0x08, 0xCA,0x08, 0xCA,0x08,
 0xC9,0x08, 0xC9,0x08, 0xC9,0x08, 0xC9,0x08, 0xA9,0x08, 0xC9,0x08, 0xA9,0x08, 0x25,0x00, 0x25,0x00, 0x46,0x00, 0xAA,0x08, 0x2C,0x11,
 0x2D,0x11, 0x8C,0x08, 0x74,0x31, 0xBB,0x62, 0x94,0x21, 0xEE,0x08, 0x69,0x08, 0x47,0x00, 0x68,0x00, 0xEA,0x08, 0x46,0x00, 0x04,0x00,
 0x46,0x00, 0x2A,0x09, 0xA8,0x08, 0x88,0x08, 0x88,0x08, 0x67,0x08, 0x67,0x08, 0x67,0x00, 0x25,0x00, 0x25,0x00, 0x24,0x00, 0x66,0x08,
 0x87,0x08, 0x25,0x00, 0x45,0x00, 0x46,0x00, 0x46,0x00, 0x46,0x08, 0x46,0x08, 0x45,0x08, 0x45,0x08, 0x46,0x08, 0x46,0x00, 0x45,0x00,
 0x45,0x08, 0x46,0x08, 0x45,0x08, 0x46,0x08, 0x45,0x08, 0x46,0x08, 0x25,0x08, 0xA9,0x10, 0x66,0x08, 0x46,0x08, 0x25,0x08, 0xA9,0x10,
 0x87,0x10, 0x25,0x08, 0x46,0x08, 0x46,0x08, 0x46,0x08, 0x46,0x08, 0x25,0x08, 0xA8,0x18, 0x88,0x10, 0x25,0x08, 0x46,0x10, 0x46,0x10,
 0x46,0x10, 0x46,0x10, 0x46,0x10, 0x26,0x10, 0x46,0x10, 0x46,0x10, 0x47,0x10, 0x67,0x10, 0x68,0x10, 0x88,0x10, 0x88,0x10, 0x88,0x18,
 0x89,0x18, 0x89,0x18, 0x89,0x18, 0x88,0x18, 0x88,0x18, 0x89,0x18, 0x89,0x18, 0xCC,0x20, 0xAA,0x18, 0x69,0x18, 0x69,0x18, 0x68,0x18,
 0x69,0x18, 0x69,0x18, 0x69,0x18, 0x69,0x18, 0x69,0x20, 0x69,0x20, 0x69,0x20, 0x69,0x20, 0x8A,0x20, 0x69,0x20, 0x47,0x18, 0x47,0x20,
 0x47,0x18, 0x47,0x20, 0xAB,0x28, 0x69,0x20, 0x27,0x20, 0x28,0x20, 0x48,0x20, 0x48,0x20, 0x47,0x20, 0x48,0x20, 0x48,0x20, 0x47,0x20,
 0x47,0x20, 0x47,0x20, 0x47,0x20, 0x47,0x20, 0x47,0x20, 0x48,0x20, 0x48,0x20, 0x48,0x28, 0x48,0x28, 0x47,0x20, 0x8A,0x30, 0x8A,0x30,
 0x28,0x20, 0x48,0x28, 0x49,0x28, 0x49,0x28, 0x48,0x28, 0x48,0x28, 0x68,0x28, 0x48,0x28, 0x48,0x28, 0x48,0x28, 0x68,0x28, 0x68,0x28,
 0x68,0x28, 0x68,0x28, 0x48,0x28, 0x48,0x28, 0x48,0x28, 0x48,0x28, 0x48,0x28, 0x48,0x28, 0x48,0x28, 0x48,0x28, 0x48,0x28, 0x48,0x28,
 0x48,0x28, 0x48,0x28, 0x8A,0x30, 0x6A,0x30, 0x48,0x28, 0x48,0x28, 0x48,0x28, 0x48,0x28, 0x48,0x28, 0x48,0x28, 0x48,0x28, 0x48,0x28,
 0x48,0x28, 0x48,0x28, 0x48,0x28, 0x48,0x28, 0x48,0x28, 0x48,0x28, 0x49,0x30, 0x8E,0x48, 0x4A,0x30, 0x48,0x28, 0x48,0x28, 0x49,0x28,
 0x48,0x28, 0x48,0x28, 0x48,0x28, 0x48,0x28, 0x27,0x28, 0x8A,0x30, 0xAB,0x30, 0x28,0x28, 0x48,0x28, 0x48,0x28, 0x48,0x28, 0x48,0x28,
 0x48,0x28, 0x48,0x28, 0x28,0x28, 0x28,0x28, 0x28,0x28, 0x28,0x28, 0x28,0x28, 0x28,0x28, 0x48,0x20, 0x48,0x20, 0x48,0x20, 0x48,0x20,
 0x48,0x20, 0x48,0x28, 0x68,0x20, 0x47,0x20, 0x48,0x20, 0x48,0x20, 0x48,0x20, 0x47,0x20, 0x47,0x20, 0x47,0x20, 0x47,0x20, 0x47,0x20,

 0x46,0x00, 0x46,0x00, 0x46,0x00, 0x46,0x00, 0x46,0x00, 0x46,0x00, 0x46,0x00, 0x46,0x00, 0x46,0x00, 0x46,0x00, 0x46,0x00, 0x46,0x00,
 0x46,0x00, 0x46,0x00, 0x46,0x00, 0x46,0x00, 0x46,0x00, 0x46,0x00, 0x46,0x00, 0x46,0x00, 0x46,0x00, 0x46,0x00, 0x46,0x00, 0x46,0x00,
 0x46,0x00, 0x46,0x00, 0x45,0x00, 0x26,0x00, 0x25,0x00, 0x45,0x00, 0x25,0x00, 0x25,0x00, 0x46,0x00, 0xAA,0x08, 0x2D,0x11, 0x4D,0x11,
 0x8C,0x08, 0x95,0x31, 0x1C,0x63, 0x94,0x21, 0xCD,0x08, 0x69,0x08, 0x47,0x00, 0x68,0x00, 0xEA,0x08, 0x47,0x00, 0x04,0x00, 0x46,0x00,
 0x4B,0x11, 0x87,0x08, 0x05,0x00, 0x25,0x00, 0x25,0x00, 0x25,0x00, 0x25,0x00, 0x25,0x00, 0x25,0x00, 0x25,0x00, 0x67,0x08, 0x67,0x08,
 0x25,0x00, 0x45,0x00, 0x45,0x00, 0x46,0x00, 0x46,0x00, 0x45,0x00, 0x46,0x08, 0x46,0x00, 0x45,0x00, 0x46,0x00, 0x46,0x00, 0x45,0x00,
 0x45,0x08, 0x46,0x08, 0x46,0x08, 0x45,0x08, 0x46,0x08, 0x46,0x08, 0x25,0x08, 0xA9,0x10, 0x67,0x08, 0x46,0x08, 0x25,0x08, 0xA9,0x10,
 0x88,0x10, 0x25,0x08, 0x46,0x10, 0x46,0x08, 0x26,0x08, 0x46,0x08, 0x25,0x08, 0x88,0x18, 0x88,0x10, 0x25,0x08, 0x46,0x10, 0x46,0x10,
 0x46,0x10, 0x46,0x10, 0x46,0x10, 0x46,0x10, 0x46,0x10, 0x46,0x10, 0x46,0x10, 0x46,0x10, 0x46,0x10, 0x46,0x10, 0x46,0x10, 0x46,0x10,
 0x47,0x10, 0x47,0x18, 0x67,0x18, 0x67,0x18, 0x68,0x18, 0x68,0x18, 0x89,0x18, 0xCB,0x20, 0x8A,0x18, 0x89,0x18, 0x89,0x18, 0x69,0x18,
 0x69,0x18, 0x69,0x20, 0x69,0x20, 0x69,0x20, 0x68,0x20, 0x68,0x20, 0x68,0x20, 0x68,0x20, 0x68,0x20, 0x48,0x18, 0x47,0x18, 0x47,0x20,
 0x47,0x20, 0x47,0x20, 0x8A,0x28, 0x27,0x20, 0x27,0x20, 0x48,0x20, 0x48,0x20, 0x48,0x20, 0x48,0x20, 0x48,0x20, 0x47,0x20, 0x48,0x20,
 0x48,0x20, 0x48,0x20, 0x48,0x20, 0x47,0x20, 0x47,0x20, 0x48,0x20, 0x48,0x28, 0x48,0x28, 0x48,0x28, 0x47,0x20, 0x8A,0x30, 0x8A,0x30,
 0x47,0x20, 0x49,0x28, 0x11,0x41, 0xEF,0x38, 0x48,0x28, 0x68,0x28, 0x48,0x28, 0x48,0x28, 0x48,0x28, 0x48,0x28, 0x68,0x28, 0x48,0x28,
 0x48,0x28, 0x48,0x28, 0x48,0x28, 0x48,0x28, 0x48,0x28, 0x48,0x28, 0x48,0x28, 0x48,0x28, 0x48,0x28, 0x48,0x28, 0x48,0x28, 0x48,0x28,
 0x48,0x28, 0x8A,0x30, 0x8A,0x30, 0x48,0x28, 0x48,0x28, 0x48,0x28, 0x48,0x28, 0x48,0x28, 0x48,0x28, 0x48,0x28, 0x48,0x28, 0x48,0x28,
 0x48,0x28, 0x48,0x28, 0x48,0x28, 0x48,0x28, 0x48,0x30, 0x48,0x28, 0x4B,0x38, 0xF7,0x91, 0x8D,0x48, 0x28,0x28, 0x48,0x28, 0x48,0x28,
 0x48,0x28, 0x48,0x28, 0x48,0x28, 0x48,0x28, 0x8A,0x30, 0xAB,0x30, 0x28,0x28, 0x48,0x28, 0x48,0x28, 0x48,0x28, 0x48,0x28, 0x48,0x28,
 0x48,0x28, 0x48,0x28, 0x48,0x28, 0x28,0x28, 0x28,0x28, 0x28,0x28, 0x28,0x28, 0x28,0x28, 0x28,0x28, 0x48,0x28, 0x48,0x28, 0x48,0x20,
 0x48,0x20, 0x48,0x20, 0x48,0x20, 0x48,0x20, 0x48,0x20, 0x47,0x20, 0x47,0x20, 0x48,0x20, 0x47,0x20, 0x47,0x20, 0x47,0x20, 0x47,0x20,

 0x45,0x00, 0x45,0x00, 0x45,0x00, 0x45,0x00, 0x45,0x00, 0x45,0x00, 0x45,0x00, 0x45,0x00, 0x45,0x00, 0x45,0x00, 0x45,0x00, 0x45,0x00,
 0x45,0x00, 0x45,0x00, 0x45,0x00, 0x45,0x00, 0x45,0x00, 0x45,0x00, 0x25,0x00, 0x25,0x00, 0x25,0x00, 0x25,0x00, 0x25,0x00, 0x25,0x00,
 0x25,0x00, 0x25,0x00, 0x25,0x00, 0x24,0x00, 0x24,0x00, 0x24,0x00, 0x25,0x00, 0x26,0x00, 0xAA,0x08, 0x2D,0x11, 0x4E,0x11, 0x8D,0x08,
 0xB5,0x31, 0x7D,0x6B, 0xB4,0x21, 0xCD,0x08, 0x69,0x08, 0x47,0x00, 0x67,0x00, 0xEA,0x08, 0x66,0x00, 0x04,0x00, 0x46,0x00, 0x8C,0x11,
 0xA8,0x00, 0x05,0x00, 0x45,0x00, 0x25,0x00, 0x25,0x00, 0x25,0x00, 0x25,0x00, 0x25,0x00, 0x25,0x00, 0x67,0x08, 0x87,0x08, 0x24,0x00,
 0x25,0x00, 0x25,0x00, 0x46,0x00, 0x46,0x00, 0x45,0x00, 0x45,0x00, 0x45,0x00, 0x46,0x00, 0x46,0x00, 0x46,0x08, 0x46,0x08, 0x45,0x08,
 0x45,0x08, 0x45,0x08, 0x45,0x08, 0x46,0x08, 0x46,0x08, 0x46,0x08, 0x45,0x08, 0xA9,0x10, 0x66,0x08, 0x45,0x08, 0x25,0x08, 0xA9,0x10,
 0x88,0x10, 0x25,0x08, 0x46,0x08, 0x46,0x08, 0x46,0x08, 0x46,0x08, 0x25,0x08, 0xA9,0x18, 0x88,0x10, 0x25,0x08, 0x46,0x10, 0x46,0x10,
 0x46,0x10, 0x46,0x10, 0x46,0x10, 0x46,0x10, 0x46,0x10, 0x46,0x10, 0x46,0x10, 0x46,0x10, 0x46,0x10, 0x46,0x10, 0x46,0x10, 0x46,0x18,
 0x46,0x18, 0x46,0x18, 0x46,0x18, 0x46,0x18, 0x46,0x18, 0x46,0x18, 0x46,0x18, 0x89,0x18, 0x47,0x18, 0x26,0x18, 0x26,0x18, 0x27,0x18,
 0x47,0x18, 0x47,0x18, 0x47,0x18, 0x46,0x18, 0x46,0x18, 0x26,0x18, 0x26,0x18, 0x46,0x18, 0x47,0x18, 0x47,0x20, 0x47,0x20, 0x48,0x20,
 0x47,0x20, 0x47,0x20, 0x8A,0x28, 0x27,0x20, 0x27,0x20, 0x48,0x20, 0x48,0x20, 0x48,0x20, 0x48,0x20, 0x47,0x20, 0x48,0x20, 0x48,0x20,
 0x48,0x20, 0x48,0x20, 0x47,0x20, 0x47,0x20, 0x47,0x20, 0x48,0x20, 0x48,0x20, 0x48,0x20, 0x48,0x28, 0x47,0x20, 0x8A,0x30, 0x8A,0x30,
 0x47,0x28, 0x4A,0x28, 0x17,0x5A, 0x93,0x51, 0x28,0x28, 0x48,0x28, 0x48,0x28, 0x48,0x28, 0x48,0x28, 0x48,0x28, 0x48,0x28, 0x48,0x28,
 0x48,0x28, 0x48,0x28, 0x48,0x28, 0x48,0x28, 0x48,0x28, 0x48,0x28, 0x48,0x28, 0x48,0x30, 0x48,0x28, 0x48,0x28, 0x48,0x28, 0x48,0x28,
 0x8A,0x30, 0x8A,0x30, 0x48,0x28, 0x48,0x28, 0x49,0x30, 0x49,0x30, 0x48,0x30, 0x48,0x30, 0x48,0x30, 0x49,0x30, 0x48,0x28, 0x48,0x30,
 0x48,0x30, 0x48,0x28, 0x48,0x28, 0x48,0x28, 0x48,0x28, 0x48,0x28, 0x49,0x30, 0x4A,0x38, 0x49,0x30, 0x48,0x28, 0x48,0x28, 0x48,0x28,
 0x48,0x28, 0x48,0x28, 0x48,0x28, 0x8A,0x30, 0xAB,0x30, 0x28,0x28, 0x48,0x28, 0x69,0x28, 0x48,0x28, 0x48,0x28, 0x48,0x28, 0x48,0x28,
 0x48,0x28, 0x48,0x28, 0x48,0x28, 0x48,0x28, 0x48,0x28, 0x48,0x28, 0x28,0x28, 0x28,0x28, 0x28,0x28, 0x48,0x28, 0x48,0x28, 0x68,0x20,
 0x68,0x20, 0x68,0x20, 0x68,0x20, 0x68,0x20, 0x67,0x20, 0x48,0x20, 0x48,0x20, 0x47,0x20, 0x67,0x20, 0x47,0x20, 0x47,0x20, 0x47,0x20,

 0x46,0x00, 0x46,0x00, 0x46,0x00, 0x46,0x00, 0x46,0x00, 0x46,0x00, 0x46,0x00, 0x46,0x00, 0x46,0x00, 0x46,0x00, 0x46,0x00, 0x46,0x00,
 0x46,0x00, 0x46,0x00, 0x46,0x00, 0x46,0x00, 0x46,0x00, 0x46,0x00, 0x46,0x00, 0x46,0x00, 0x46,0x00, 0x46,0x00, 0x46,0x00, 0x46,0x00,
 0x46,0x00, 0x46,0x00, 0x46,0x00, 0x45,0x00, 0x25,0x00, 0x46,0x00, 0x46,0x00, 0xAA,0x08, 0x2D,0x11, 0x4E,0x11, 0x8E,0x08, 0xD6,0x31,
 0xFD,0x73, 0xF6,0x29, 0xEF,0x08, 0x69,0x08, 0x27,0x00, 0x67,0x00, 0xEA,0x08, 0x46,0x00, 0x04,0x00, 0x46,0x00, 0x8C,0x11, 0xA8,0x00,
 0x04,0x00, 0x25,0x00, 0x25,0x00, 0x66,0x00, 0x66,0x00, 0x66,0x00, 0x46,0x00, 0x46,0x00, 0x67,0x08, 0x87,0x08, 0x25,0x00, 0x25,0x00,
 0x86,0x08, 0x66,0x00, 0x45,0x00, 0x45,0x00, 0x45,0x00, 0x45,0x00, 0x45,0x00, 0x45,0x00, 0x46,0x00, 0x45,0x00, 0x45,0x00, 0x45,0x00,
 0x46,0x00, 0x46,0x08, 0x46,0x08, 0x46,0x08, 0x46,0x08, 0x46,0x08, 0x25,0x08, 0xC9,0x10, 0x67,0x08, 0x46,0x08, 0x25,0x08, 0xA9,0x10,
 0x88,0x10, 0x25,0x08, 0x46,0x08, 0x46,0x08, 0x46,0x08, 0x46,0x10, 0x25,0x08, 0xA8,0x18, 0x88,0x18, 0x45,0x08, 0x46,0x10, 0x46,0x10,
 0x46,0x10, 0x46,0x10, 0x46,0x10, 0x46,0x10, 0x46,0x10, 0x46,0x10, 0x46,0x10, 0x46,0x10, 0x46,0x18, 0x46,0x10, 0x46,0x18, 0x46,0x18,
 0x46,0x18, 0x46,0x18, 0x46,0x18, 0x47,0x18, 0x47,0x18, 0x47,0x18, 0x47,0x18, 0x89,0x18, 0x47,0x18, 0x47,0x18, 0x47,0x18, 0x47,0x18,
 0x47,0x18, 0x47,0x18, 0x47,0x18, 0x47,0x18, 0x47,0x20, 0xAA,0x28, 0xCC,0x28, 0x68,0x20, 0x47,0x20, 0x47,0x20, 0x47,0x18, 0x47,0x20,
 0x47,0x20, 0x47,0x20, 0x8B,0x30, 0x48,0x20, 0x48,0x20, 0x48,0x20, 0x47,0x20, 0x48,0x20, 0x48,0x20, 0x48,0x20, 0x48,0x20, 0x48,0x20,
 0x47,0x20, 0x47,0x20, 0x6A,0x30, 0x6B,0x30, 0x48,0x28, 0x48,0x28, 0x48,0x20, 0x48,0x28, 0x48,0x28, 0x48,0x20, 0x8A,0x30, 0x8A,0x30,
 0x48,0x28, 0x68,0x28, 0x6B,0x30, 0x4A,0x30, 0x48,0x28, 0x48,0x28, 0x48,0x28, 0x48,0x28, 0x48,0x28, 0x48,0x28, 0x48,0x28, 0x48,0x28,
 0x48,0x28, 0x48,0x28, 0x48,0x28, 0x48,0x28, 0x48,0x28, 0x48,0x28, 0x48,0x28, 0x48,0x30, 0x48,0x28, 0x48,0x28, 0x28,0x28, 0x69,0x30,
 0x6A,0x30, 0x48,0x30, 0x48,0x30, 0x49,0x30, 0x49,0x30, 0x49,0x30, 0x49,0x30, 0x49,0x30, 0x48,0x30, 0x48,0x30, 0x48,0x30, 0x49,0x30,
 0x49,0x30, 0x48,0x30, 0x48,0x30, 0x48,0x30, 0x48,0x30, 0x48,0x30, 0x48,0x28, 0x48,0x28, 0x48,0x28, 0x48,0x28, 0x48,0x28, 0x48,0x28,
 0x48,0x28, 0x28,0x28, 0x8B,0x30, 0xAB,0x30, 0x48,0x28, 0x48,0x28, 0x48,0x28, 0x48,0x28, 0x48,0x28, 0x48,0x28, 0x48,0x28, 0x48,0x28,
 0x27,0x20, 0x48,0x28, 0x48,0x28, 0x48,0x28, 0x48,0x28, 0x48,0x28, 0x48,0x28, 0x48,0x28, 0x28,0x28, 0x28,0x28, 0x48,0x28, 0x48,0x28,
 0x48,0x28, 0x68,0x28, 0x68,0x28, 0x68,0x20, 0x68,0x20, 0x68,0x20, 0x67,0x20, 0x67,0x20, 0x67,0x20, 0x67,0x20, 0x67,0x20, 0x67,0x20,

 0xC9,0x08, 0xC9,0x08, 0xC9,0x08, 0xA9,0x08, 0xC9,0x08, 0xC9,0x08, 0xC9,0x08, 0xC9,0x08, 0xC9,0x08, 0xC9,0x08, 0xC9,0x08, 0xC9,0x08,
 0xC9,0x08, 0xC9,0x08, 0xC9,0x08, 0xCA,0x08, 0xCA,0x08, 0xC9,0x08, 0xCA,0x08, 0xCA,0x08, 0xCA,0x08, 0xCA,0x08, 0xCA,0x08, 0xCA,0x08,
 0xCA,0x08, 0xEB,0x08, 0xCB,0x08, 0xCB,0x08, 0xCA,0x08, 0xCA,0x08, 0xEB,0x08, 0x2D,0x09, 0x4E,0x11, 0x6D,0x08, 0xF6,0x31, 0x7E,0x74,
 0x36,0x2A, 0x30,0x09, 0x8A,0x08, 0x47,0x00, 0x67,0x00, 0xEA,0x08, 0x66,0x00, 0x04,0x00, 0x46,0x00, 0xAC,0x11, 0xC8,0x00, 0x04,0x00,
 0x25,0x00, 0x25,0x00, 0xE9,0x08, 0xE9,0x08, 0xA9,0x08, 0xA8,0x08, 0x88,0x00, 0xC9,0x08, 0xCA,0x08, 0x46,0x00, 0x45,0x00, 0x25,0x00,
 0x87,0x08, 0x66,0x00, 0x25,0x00, 0x45,0x00, 0x45,0x00, 0x45,0x00, 0x45,0x00, 0x45,0x00, 0x45,0x00, 0x45,0x00, 0x45,0x08, 0x46,0x00,
 0x46,0x00, 0x46,0x08, 0x46,0x08, 0x45,0x08, 0x46,0x08, 0x46,0x08, 0x25,0x08, 0xC9,0x10, 0x67,0x08, 0x46,0x08, 0x25,0x08, 0xC9,0x10,
 0x88,0x10, 0x25,0x08, 0x46,0x08, 0x46,0x08, 0x46,0x10, 0x46,0x08, 0x25,0x08, 0xA9,0x18, 0x88,0x10, 0x45,0x08, 0x46,0x10, 0x46,0x10,
 0x46,0x10, 0x46,0x10, 0x46,0x10, 0x46,0x10, 0x46,0x10, 0x46,0x10, 0x46,0x10, 0x46,0x10, 0x46,0x18, 0x46,0x18, 0x46,0x18, 0x46,0x18,
 0x46,0x18, 0x46,0x18, 0x47,0x18, 0x47,0x18, 0x46,0x18, 0x47,0x18, 0x47,0x18, 0x89,0x20, 0x47,0x18, 0x46,0x18, 0x47,0x18, 0x47,0x18,
 0x47,0x18, 0x47,0x18, 0x47,0x20, 0x47,0x20, 0x47,0x20, 0xED,0x28, 0x2F,0x31, 0x89,0x20, 0x26,0x18, 0x47,0x18, 0x47,0x20, 0x47,0x20,
 0x47,0x20, 0x47,0x20, 0x8B,0x30, 0x48,0x20, 0x48,0x20, 0x48,0x20, 0x48,0x20, 0x48,0x20, 0x48,0x28, 0x48,0x20, 0x48,0x20, 0x48,0x28,
 0x47,0x28, 0x28,0x20, 0xF1,0x58, 0x56,0x79, 0x4A,0x28, 0x47,0x20, 0x48,0x28, 0x48,0x28, 0x48,0x28, 0x47,0x28, 0x8A,0x30, 0x8A,0x30,
 0x48,0x28, 0x48,0x28, 0x48,0x28, 0x48,0x28, 0x48,0x28, 0x48,0x28, 0x48,0x28, 0x48,0x28, 0x48,0x28, 0x48,0x28, 0x49,0x30, 0x49,0x30,
 0x48,0x30, 0x49,0x30, 0x48,0x28, 0x48,0x28, 0x48,0x28, 0x48,0x28, 0x29,0x28, 0x48,0x28, 0x48,0x30, 0x48,0x28, 0x48,0x28, 0x48,0x30,
 0x48,0x30, 0x48,0x30, 0x48,0x30, 0x49,0x30, 0x49,0x30, 0x48,0x30, 0x48,0x30, 0x49,0x30, 0x49,0x30, 0x49,0x30, 0x49,0x30, 0x49,0x30,
 0x48,0x30, 0x48,0x30, 0x49,0x30, 0x48,0x30, 0x48,0x30, 0x49,0x30, 0x49,0x30, 0x49,0x30, 0x49,0x30, 0x49,0x30, 0x49,0x30, 0x48,0x30,
 0x28,0x28, 0x8B,0x30, 0xAC,0x38, 0x28,0x28, 0x48,0x30, 0x49,0x28, 0x48,0x28, 0x48,0x28, 0x48,0x28, 0x48,0x28, 0x47,0x28, 0x6C,0x40,
 0x12,0x69, 0x49,0x30, 0x68,0x28, 0x68,0x28, 0x48,0x28, 0x48,0x28, 0x48,0x28, 0x48,0x28, 0x48,0x28, 0x48,0x28, 0x28,0x28, 0x28,0x28,
 0x48,0x28, 0x48,0x28, 0x68,0x28, 0x68,0x20, 0x68,0x20, 0x68,0x20, 0x67,0x20, 0x68,0x20, 0x68,0x20, 0x67,0x20, 0x48,0x20, 0x67,0x20,

 0x46,0x00, 0x46,0x00, 0x46,0x00, 0x46,0x00, 0x46,0x00, 0x46,0x00, 0x46,0x00, 0x46,0x00, 0x46,0x00, 0x46,0x00, 0x46,0x00, 0x46,0x00,
 0x46,0x00, 0x46,0x00, 0x46,0x00, 0x46,0x00, 0x46,0x00, 0x45,0x00, 0x46,0x00, 0x46,0x00, 0x45,0x00, 0x45,0x00, 0x46,0x00, 0x46,0x00,
 0x46,0x00, 0x26,0x00, 0x26,0x00, 0x46,0x00, 0x46,0x00, 0x47,0x00, 0x69,0x00, 0xAB,0x08, 0x6D,0x08, 0xF5,0x31, 0xBE,0x74, 0x36,0x2A,
 0x10,0x09, 0x8B,0x08, 0x47,0x08, 0x68,0x00, 0x0A,0x09, 0x67,0x00, 0x04,0x00, 0x45,0x00, 0xAC,0x11, 0xC8,0x08, 0x04,0x00, 0x25,0x00,
 0x05,0x00, 0x2A,0x09, 0xE9,0x08, 0x05,0x00, 0x25,0x00, 0x04,0x00, 0x87,0x08, 0x87,0x08, 0xA8,0x08, 0x66,0x00, 0x45,0x00, 0x45,0x00,
 0x25,0x00, 0x25,0x00, 0x45,0x00, 0x66,0x08, 0x67,0x08, 0x67,0x08, 0x46,0x00, 0x25,0x00, 0x45,0x00, 0x45,0x08, 0x46,0x08, 0x46,0x08,
 0x45,0x08, 0x46,0x08, 0x46,0x08, 0x45,0x08, 0x46,0x08, 0x46,0x08, 0x46,0x08, 0xC9,0x10, 0x67,0x08, 0x46,0x08, 0x25,0x08, 0xA9,0x10,
 0x88,0x10, 0x25,0x08, 0x46,0x10, 0x46,0x08, 0x46,0x10, 0x46,0x10, 0x25,0x08, 0xA9,0x18, 0x88,0x18, 0x25,0x10, 0x46,0x10, 0x46,0x10,
 0x46,0x10, 0x46,0x10, 0x46,0x10, 0x46,0x10, 0x46,0x10, 0x46,0x10, 0x46,0x10, 0x46,0x10, 0x46,0x10, 0x46,0x18, 0x46,0x18, 0x46,0x18,
 0x46,0x18, 0x47,0x18, 0x47,0x18, 0x47,0x18, 0x47,0x18, 0x47,0x18, 0x47,0x18, 0x89,0x20, 0x47,0x18, 0x46,0x18, 0x47,0x18, 0x47,0x18,
 0x47,0x18, 0x47,0x18, 0x47,0x20, 0x47,0x20, 0x47,0x18, 0x89,0x20, 0xCB,0x28, 0x47,0x18, 0x47,0x20, 0x69,0x20, 0x8B,0x28, 0x48,0x20,
 0x47,0x20, 0x47,0x20, 0x8B,0x30, 0x48,0x20, 0x47,0x20, 0x48,0x20, 0x48,0x28, 0x48,0x20, 0x48,0x20, 0x48,0x20, 0x48,0x28, 0x48,0x28,
 0x48,0x28, 0x48,0x20, 0x8C,0x38, 0xAE,0x40, 0x48,0x28, 0x48,0x28, 0x48,0x28, 0x48,0x28, 0x48,0x28, 0x48,0x28, 0x8A,0x30, 0x8A,0x30,
 0x48,0x28, 0x48,0x28, 0x48,0x28, 0x48,0x28, 0x48,0x28, 0x48,0x28, 0x48,0x28, 0x48,0x28, 0x49,0x28, 0x48,0x30, 0x48,0x30, 0x49,0x28,
 0x49,0x30, 0x48,0x30, 0x48,0x30, 0x48,0x30, 0x48,0x30, 0x48,0x30, 0x48,0x30, 0x48,0x28, 0x48,0x28, 0x48,0x30, 0x48,0x30, 0x48,0x30,
 0x48,0x30, 0x48,0x30, 0x48,0x30, 0x48,0x30, 0x48,0x30, 0x48,0x30, 0x48,0x30, 0x49,0x30, 0x49,0x30, 0x48,0x30, 0x49,0x30, 0x49,0x30,
 0x49,0x30, 0x49,0x30, 0x49,0x30, 0x49,0x30, 0x49,0x30, 0x69,0x30, 0x69,0x30, 0x6A,0x30, 0x8A,0x30, 0x8A,0x30, 0x69,0x30, 0x48,0x28,
 0xAB,0x30, 0xCC,0x30, 0x48,0x30, 0x49,0x30, 0x49,0x28, 0x48,0x28, 0x48,0x28, 0x48,0x28, 0x48,0x28, 0x48,0x28, 0x28,0x28, 0x8D,0x48,
 0x54,0x81, 0x49,0x30, 0x68,0x28, 0x68,0x28, 0x48,0x28, 0x48,0x28, 0x48,0x28, 0x48,0x28, 0x68,0x28, 0x27,0x20, 0x8C,0x49, 0x0A,0x39,
 0x27,0x20, 0x48,0x28, 0x48,0x28, 0x68,0x28, 0x68,0x20, 0x68,0x20, 0x68,0x20, 0x68,0x20, 0x67,0x20, 0x47,0x20, 0x48,0x20, 0x47,0x20,

 0x45,0x00, 0x45,0x00, 0x45,0x00, 0x45,0x00, 0x45,0x00, 0x45,0x00, 0x45,0x00, 0x45,0x00, 0x25,0x00, 0x45,0x00, 0x45,0x00, 0x45,0x00,
 0x25,0x00, 0x25,0x00, 0x25,0x00, 0x25,0x00, 0x25,0x00, 0x25,0x00, 0x25,0x00, 0x24,0x00, 0x24,0x00, 0x24,0x00, 0x24,0x00, 0x24,0x00,
 0x24,0x00, 0x87,0x00, 0x67,0x00, 0x26,0x00, 0x47,0x00, 0x69,0x08, 0x8C,0x08, 0x2D,0x08, 0xD5,0x29, 0xBE,0x6C, 0x56,0x2A, 0x10,0x09,
 0x8B,0x08, 0x48,0x00, 0x88,0x00, 0x0B,0x09, 0x67,0x00, 0x04,0x00, 0x45,0x00, 0xAC,0x11, 0xC8,0x08, 0x04,0x00, 0x25,0x00, 0x05,0x00,
 0x0A,0x09, 0xE9,0x08, 0x04,0x00, 0x25,0x00, 0x24,0x00, 0x87,0x08, 0xA8,0x08, 0x25,0x00, 0xA8,0x08, 0x47,0x00, 0x25,0x00, 0x46,0x00,
 0x46,0x08, 0x45,0x00, 0x45,0x00, 0x4A,0x09, 0x30,0x0B, 0xEC,0x09, 0x66,0x08, 0x45,0x00, 0x45,0x00, 0x46,0x08, 0x46,0x08, 0x45,0x08,
 0x46,0x08, 0x45,0x08, 0x25,0x08, 0x45,0x08, 0x46,0x08, 0x46,0x08, 0x45,0x08, 0xC9,0x10, 0x67,0x08, 0x46,0x08, 0x25,0x08, 0xA9,0x10,
 0x88,0x10, 0x45,0x08, 0x46,0x10, 0x46,0x08, 0x46,0x10, 0x46,0x10, 0x25,0x08, 0xA9,0x18, 0x88,0x18, 0x25,0x10, 0x46,0x10, 0x46,0x10,
 0x46,0x10, 0x46,0x10, 0x46,0x10, 0x46,0x10, 0x46,0x10, 0x46,0x10, 0x46,0x10, 0x46,0x18, 0x46,0x10, 0x46,0x18, 0x46,0x18, 0x46,0x18,
 0x46,0x18, 0x47,0x18, 0x47,0x18, 0x47,0x18, 0x47,0x18, 0x47,0x18, 0x47,0x18, 0x8A,0x20, 0x47,0x18, 0x46,0x18, 0x47,0x18, 0x47,0x18,
 0x47,0x18, 0x47,0x18, 0x47,0x18, 0x47,0x20, 0x47,0x20, 0x48,0x20, 0x89,0x20, 0x26,0x18, 0x47,0x20, 0x8A,0x28, 0xAC,0x28, 0x69,0x20,
 0x47,0x20, 0x48,0x20, 0x8B,0x30, 0x48,0x20, 0x48,0x20, 0x48,0x20, 0x48,0x20, 0x48,0x20, 0x48,0x20, 0x48,0x28, 0x48,0x28, 0x48,0x28,
 0x48,0x28, 0x48,0x28, 0x47,0x20, 0x47,0x20, 0x48,0x28, 0x48,0x28, 0x48,0x28, 0x48,0x28, 0x48,0x28, 0x48,0x28, 0x8A,0x30, 0x8A,0x38,
 0x48,0x28, 0x48,0x28, 0x48,0x28, 0x48,0x28, 0x49,0x30, 0x49,0x30, 0x49,0x30, 0x49,0x30, 0x48,0x28, 0x48,0x30, 0x48,0x30, 0x48,0x28,
 0x48,0x30, 0x48,0x30, 0x48,0x30, 0x49,0x30, 0x48,0x30, 0x48,0x30, 0x48,0x30, 0x49,0x30, 0x48,0x30, 0x48,0x30, 0x48,0x30, 0x48,0x30,
 0x48,0x30, 0x48,0x30, 0x48,0x30, 0x48,0x30, 0x49,0x30, 0x49,0x30, 0x48,0x30, 0x48,0x30, 0x48,0x30, 0x48,0x30, 0x48,0x30, 0x49,0x30,
 0x49,0x30, 0x49,0x30, 0x49,0x30, 0x49,0x30, 0x49,0x30, 0x6A,0x30, 0x8A,0x30, 0x8B,0x38, 0x4A,0x30, 0x29,0x30, 0x4A,0x30, 0xED,0x30,
 0xED,0x30, 0x48,0x28, 0x48,0x28, 0x49,0x30, 0x49,0x30, 0x48,0x28, 0x48,0x28, 0x48,0x28, 0x48,0x28, 0x48,0x28, 0x48,0x28, 0x48,0x28,
 0x28,0x28, 0x48,0x28, 0x48,0x28, 0x48,0x28, 0x68,0x28, 0x48,0x28, 0x48,0x28, 0x48,0x28, 0x68,0x28, 0x07,0x20, 0x72,0x83, 0x6E,0x62,
 0x07,0x18, 0x68,0x28, 0x48,0x28, 0x48,0x28, 0x48,0x28, 0x48,0x28, 0x68,0x28, 0x68,0x20, 0x68,0x20, 0x68,0x20, 0x48,0x20, 0x47,0x20,

 0x88,0x00, 0x88,0x00, 0x88,0x00, 0x88,0x00, 0x88,0x00, 0x88,0x00, 0x88,0x00, 0x88,0x00, 0x88,0x00, 0x88,0x00, 0x88,0x00, 0x88,0x00,
 0x88,0x00, 0x88,0x00, 0x88,0x00, 0x88,0x00, 0x88,0x00, 0x88,0x00, 0x88,0x00, 0x88,0x00, 0x88,0x00, 0x88,0x00, 0x88,0x00, 0xA8,0x00,
 0x88,0x00, 0x6D,0x09, 0x4D,0x09, 0xEB,0x08, 0x2D,0x09, 0x90,0x11, 0x72,0x11, 0xD6,0x2A, 0xDF,0x65, 0x18,0x2B, 0x30,0x09, 0x8A,0x08,
 0x48,0x00, 0x88,0x00, 0x2B,0x09, 0x67,0x00, 0x05,0x00, 0x45,0x00, 0xAC,0x11, 0xE8,0x08, 0x04,0x00, 0x25,0x00, 0x04,0x00, 0x2A,0x09,
 0xE9,0x08, 0x04,0x00, 0x25,0x00, 0x24,0x00, 0x87,0x08, 0xA8,0x08, 0x25,0x00, 0x25,0x00, 0xA9,0x08, 0x67,0x00, 0x25,0x00, 0x45,0x00,
 0x45,0x08, 0x45,0x00, 0x46,0x08, 0xAB,0x09, 0x16,0x15, 0xAF,0x0A, 0x66,0x08, 0x45,0x00, 0x45,0x00, 0x45,0x08, 0x46,0x00, 0x46,0x08,
 0x45,0x08, 0x66,0x08, 0x87,0x08, 0x45,0x08, 0x45,0x08, 0x46,0x08, 0x46,0x08, 0xC9,0x10, 0x67,0x08, 0x46,0x10, 0x25,0x08, 0xA9,0x10,
 0x88,0x10, 0x25,0x08, 0x46,0x08, 0x46,0x10, 0x46,0x10, 0x46,0x10, 0x25,0x10, 0xA9,0x18, 0x88,0x18, 0x26,0x10, 0x46,0x10, 0x46,0x10,
 0x46,0x10, 0x46,0x10, 0x46,0x10, 0x46,0x10, 0x46,0x18, 0x46,0x18, 0x46,0x18, 0x46,0x18, 0x46,0x18, 0x46,0x18, 0x46,0x18, 0x46,0x18,
 0x47,0x18, 0x47,0x18, 0x47,0x18, 0x47,0x18, 0x47,0x18, 0x47,0x18, 0x47,0x18, 0x8A,0x20, 0x47,0x18, 0x47,0x18, 0x47,0x18, 0x47,0x18,
 0x47,0x18, 0x47,0x20, 0x47,0x18, 0x47,0x20, 0x47,0x18, 0x68,0x20, 0x8A,0x28, 0x47,0x20, 0x47,0x20, 0x69,0x20, 0x8A,0x28, 0x48,0x20,
 0x47,0x20, 0x48,0x20, 0x8B,0x30, 0x48,0x20, 0x48,0x20, 0x48,0x20, 0x48,0x20, 0x48,0x20, 0x48,0x28, 0x48,0x28, 0x48,0x28, 0x48,0x28,
 0x48,0x28, 0x48,0x28, 0x48,0x28, 0x48,0x28, 0x48,0x28, 0x48,0x28, 0x48,0x28, 0x48,0x28, 0x48,0x28, 0x48,0x28, 0x8A,0x30, 0x8A,0x38,
 0x48,0x28, 0x49,0x30, 0x49,0x30, 0x49,0x30, 0x49,0x30, 0x49,0x30, 0x49,0x30, 0x48,0x30, 0x48,0x30, 0x48,0x30, 0x49,0x30, 0x49,0x30,
 0x48,0x30, 0x48,0x30, 0x48,0x28, 0x48,0x30, 0x48,0x28, 0x48,0x28, 0x48,0x28, 0x48,0x28, 0x48,0x28, 0x48,0x28, 0x48,0x30, 0x48,0x28,
 0x48,0x28, 0x48,0x28, 0x48,0x28, 0x48,0x28, 0x48,0x28, 0x48,0x28, 0x48,0x30, 0x49,0x30, 0x49,0x30, 0x49,0x30, 0x49,0x30, 0x49,0x30,
 0x49,0x30, 0x49,0x30, 0x49,0x30, 0x49,0x30, 0x69,0x30, 0x8A,0x30, 0x8B,0x38, 0xCC,0x30, 0xB2,0x42, 0x33,0x43, 0xD0,0x39, 0xEF,0x30,
 0x8B,0x30, 0x69,0x30, 0x49,0x30, 0x49,0x30, 0x49,0x30, 0x49,0x28, 0x48,0x30, 0x48,0x30, 0x49,0x28, 0x49,0x28, 0x48,0x28, 0x48,0x28,
 0x48,0x28, 0x48,0x28, 0x48,0x28, 0x48,0x28, 0x48,0x28, 0x68,0x28, 0x68,0x28, 0x69,0x30, 0x07,0x20, 0x6C,0x49, 0x74,0x9C, 0xF3,0x8B,
 0xA9,0x30, 0x48,0x20, 0x68,0x28, 0x48,0x28, 0x48,0x28, 0x68,0x28, 0x68,0x28, 0x68,0x28, 0x68,0x20, 0x68,0x20, 0x68,0x20, 0x68,0x20,

 0x88,0x00, 0x88,0x00, 0x88,0x00, 0x88,0x00, 0x88,0x00, 0x88,0x00, 0x88,0x00, 0x88,0x00, 0x88,0x00, 0x88,0x00, 0x88,0x00, 0x88,0x00,
 0x88,0x00, 0x88,0x00, 0x88,0x00, 0x88,0x00, 0x88,0x00, 0x88,0x00, 0x88,0x00, 0x88,0x00, 0x88,0x00, 0x88,0x00, 0x88,0x00, 0x88,0x00,
 0xA9,0x08, 0xA9,0x08, 0xEB,0x08, 0x0E,0x09, 0x71,0x11, 0x73,0x11, 0x39,0x23, 0x5F,0x56, 0x37,0x2B, 0x30,0x09, 0x8A,0x08, 0x27,0x00,
 0x68,0x00, 0x2B,0x09, 0x67,0x00, 0x04,0x00, 0x46,0x00, 0xCD,0x11, 0xE9,0x08, 0x04,0x00, 0x25,0x00, 0x04,0x00, 0x0A,0x09, 0xE9,0x08,
 0x04,0x00, 0x45,0x00, 0x25,0x00, 0x87,0x08, 0xA8,0x08, 0x25,0x00, 0x25,0x00, 0x25,0x00, 0xA9,0x08, 0x67,0x00, 0x25,0x00, 0x45,0x00,
 0x45,0x08, 0x45,0x00, 0x45,0x00, 0xC7,0x08, 0x29,0x09, 0xE8,0x08, 0x66,0x08, 0x45,0x00, 0x45,0x00, 0x45,0x08, 0x45,0x00, 0x45,0x08,
 0x46,0x08, 0x0A,0x09, 0x4C,0x09, 0x88,0x08, 0x25,0x08, 0x46,0x08, 0x25,0x08, 0xC9,0x10, 0x67,0x08, 0x46,0x10, 0x25,0x08, 0xA9,0x10,
 0x88,0x10, 0x25,0x08, 0x46,0x10, 0x46,0x10, 0x46,0x10, 0x46,0x10, 0x25,0x10, 0x89,0x18, 0x88,0x18, 0x46,0x10, 0x46,0x10, 0x46,0x10,
 0x46,0x10, 0x46,0x10, 0x46,0x10, 0x46,0x18, 0x46,0x18, 0x46,0x18, 0x46,0x18, 0x46,0x18, 0x46,0x18, 0x46,0x18, 0x46,0x18, 0x47,0x18,
 0x47,0x18, 0x47,0x18, 0x47,0x18, 0x47,0x18, 0x47,0x18, 0x47,0x18, 0x47,0x18, 0x8A,0x20, 0x47,0x18, 0x47,0x18, 0x47,0x18, 0x47,0x20,
 0x47,0x18, 0x46,0x18, 0x46,0x18, 0x47,0x20, 0x47,0x20, 0x68,0x20, 0xAA,0x28, 0x47,0x20, 0x47,0x20, 0x48,0x20, 0x89,0x28, 0x47,0x20,
 0x47,0x20, 0x48,0x20, 0x8B,0x30, 0x48,0x20, 0x48,0x20, 0x48,0x20, 0x48,0x20, 0x48,0x20, 0x48,0x28, 0x48,0x28, 0x48,0x28, 0x48,0x28,
 0x48,0x28, 0x48,0x28, 0x48,0x28, 0x48,0x28, 0x48,0x28, 0x48,0x28, 0x48,0x28, 0x48,0x28, 0x48,0x28, 0x48,0x28, 0x8A,0x30, 0x8A,0x38,
 0x48,0x30, 0x49,0x30, 0x49,0x30, 0x49,0x28, 0x49,0x30, 0x49,0x30, 0x49,0x30, 0x49,0x30, 0x49,0x30, 0x49,0x30, 0x49,0x30, 0x48,0x30,
 0x29,0x30, 0xCD,0x38, 0xCD,0x38, 0xCD,0x38, 0xCD,0x38, 0xCD,0x38, 0xCD,0x38, 0xAD,0x38, 0xCD,0x38, 0xCD,0x38, 0xCD,0x38, 0xCD,0x40,
 0xCD,0x38, 0xCD,0x40, 0xCD,0x40, 0xCD,0x40, 0xCD,0x40, 0xCD,0x40, 0xCE,0x40, 0x8B,0x38, 0x49,0x30, 0x49,0x30, 0x69,0x30, 0x49,0x30,
 0x49,0x30, 0x49,0x30, 0x49,0x30, 0x49,0x30, 0x6A,0x30, 0x8B,0x38, 0x8B,0x30, 0xF5,0x4B, 0x34,0x43, 0x72,0x3A, 0xB8,0x54, 0xCF,0x31,
 0x6A,0x30, 0x6A,0x30, 0x69,0x30, 0x49,0x30, 0x49,0x30, 0x49,0x30, 0x49,0x30, 0x49,0x30, 0x49,0x30, 0x49,0x30, 0x49,0x30, 0x49,0x30,
 0x49,0x30, 0x48,0x28, 0x48,0x28, 0x48,0x28, 0x48,0x28, 0x69,0x28, 0x69,0x30, 0x08,0x20, 0xEA,0x38, 0xF3,0x8B, 0x34,0x94, 0x54,0x9C,
 0x31,0x7B, 0x48,0x28, 0x28,0x20, 0x68,0x28, 0x68,0x28, 0x48,0x28, 0x68,0x28, 0x68,0x28, 0x68,0x28, 0x68,0x28, 0x68,0x20, 0x68,0x20,

 0x45,0x00, 0x45,0x00, 0x45,0x00, 0x45,0x00, 0x45,0x00, 0x45,0x00, 0x25,0x00, 0x25,0x00, 0x25,0x00, 0x45,0x00, 0x45,0x00, 0x45,0x00,
 0x45,0x00, 0x45,0x00, 0x45,0x00, 0x45,0x00, 0x45,0x00, 0x45,0x00, 0x45,0x00, 0x25,0x00, 0x25,0x00, 0x25,0x00, 0x25,0x00, 0x25,0x00,
 0x25,0x00, 0x46,0x00, 0x69,0x08, 0xAD,0x10, 0x6F,0x10, 0x16,0x22, 0xFF,0x55, 0xD7,0x22, 0x6E,0x08, 0x6A,0x08, 0x47,0x00, 0x68,0x00,
 0x2B,0x09, 0x67,0x00, 0x04,0x00, 0x46,0x00, 0xED,0x11, 0x0A,0x09, 0x04,0x00, 0x25,0x00, 0x04,0x00, 0x0A,0x09, 0x09,0x09, 0x04,0x00,
 0x25,0x00, 0x25,0x00, 0x87,0x08, 0xA8,0x08, 0x25,0x00, 0x45,0x00, 0x45,0x00, 0x25,0x00, 0xC9,0x08, 0x67,0x00, 0x25,0x00, 0x46,0x08,
 0x46,0x08, 0x45,0x00, 0x25,0x00, 0x45,0x00, 0x46,0x08, 0x45,0x00, 0x45,0x00, 0x45,0x00, 0x45,0x08, 0x46,0x08, 0x46,0x08, 0x45,0x08,
 0x46,0x00, 0x2B,0x09, 0x2B,0x09, 0xA8,0x08, 0x25,0x08, 0x25,0x08, 0x46,0x08, 0x0B,0x11, 0x67,0x08, 0x46,0x08, 0x25,0x08, 0xA9,0x10,
 0x88,0x10, 0x25,0x08, 0x46,0x10, 0x46,0x10, 0x46,0x10, 0x46,0x10, 0x25,0x10, 0xA9,0x18, 0x88,0x18, 0x46,0x10, 0x46,0x10, 0x46,0x10,
 0x46,0x10, 0x46,0x10, 0x46,0x18, 0x46,0x18, 0x46,0x18, 0x46,0x10, 0x46,0x18, 0x46,0x18, 0x46,0x18, 0x46,0x18, 0x47,0x18, 0x47,0x18,
 0x47,0x18, 0x47,0x18, 0x47,0x18, 0x47,0x18, 0x47,0x18, 0x47,0x18, 0x47,0x18, 0x8A,0x20, 0x47,0x18, 0x47,0x18, 0x47,0x20, 0x47,0x18,
 0x46,0x18, 0x68,0x18, 0x67,0x18, 0x47,0x18, 0x47,0x20, 0x68,0x20, 0xAA,0x30, 0x47,0x20, 0x47,0x20, 0x48,0x20, 0x8A,0x28, 0x47,0x20,
 0x47,0x20, 0x48,0x20, 0x8B,0x30, 0x48,0x28, 0x48,0x28, 0x48,0x20, 0x48,0x28, 0x48,0x28, 0x48,0x28, 0x48,0x28, 0x48,0x28, 0x48,0x28,
 0x48,0x28, 0x48,0x28, 0x48,0x28, 0x48,0x28, 0x48,0x28, 0x49,0x28, 0x48,0x28, 0x48,0x28, 0x48,0x28, 0x48,0x28, 0x8A,0x38, 0x8B,0x38,
 0x48,0x28, 0x49,0x30, 0x49,0x30, 0x49,0x30, 0x49,0x30, 0x49,0x30, 0x49,0x30, 0x49,0x30, 0x49,0x30, 0x49,0x30, 0x49,0x30, 0x68,0x28,
 0x6D,0x31, 0xEF,0x38, 0xEF,0x40, 0xEF,0x40, 0xEF,0x40, 0xEF,0x40, 0xEF,0x40, 0xEF,0x40, 0xEF,0x40, 0xEF,0x40, 0xEF,0x40, 0xEF,0x40,
 0xEF,0x40, 0xEF,0x40, 0xEF,0x40, 0xEF,0x40, 0xEF,0x40, 0xEF,0x40, 0xEF,0x40, 0x8B,0x38, 0x48,0x30, 0x49,0x30, 0x69,0x30, 0x49,0x30,
 0x49,0x30, 0x69,0x30, 0x49,0x30, 0x69,0x30, 0x8A,0x30, 0x4A,0x30, 0xEF,0x39, 0xD5,0x43, 0x6B,0x30, 0x8C,0x38, 0x11,0x3A, 0x94,0x4B,
 0x4A,0x30, 0x8A,0x30, 0x69,0x30, 0x49,0x30, 0x49,0x30, 0x49,0x30, 0x49,0x30, 0x49,0x30, 0x49,0x30, 0x49,0x30, 0x49,0x30, 0x49,0x30,
 0x48,0x30, 0x49,0x28, 0x49,0x28, 0x48,0x28, 0x48,0x30, 0x28,0x28, 0x08,0x20, 0x6C,0x49, 0xF3,0x8B, 0x54,0x9C, 0x34,0x94, 0x34,0x94,
 0x74,0x9C, 0x51,0x7B, 0xEA,0x38, 0x07,0x20, 0x48,0x20, 0x48,0x28, 0x48,0x28, 0x48,0x20, 0x68,0x28, 0x68,0x20, 0x68,0x20, 0x68,0x20,

 0x46,0x00, 0x46,0x00, 0x46,0x00, 0x45,0x00, 0x46,0x00, 0x45,0x00, 0x67,0x00, 0xA8,0x08, 0x46,0x00, 0x45,0x00, 0x45,0x00, 0x45,0x00,
 0x45,0x00, 0x25,0x00, 0x25,0x00, 0x25,0x00, 0x25,0x00, 0x25,0x00, 0x25,0x00, 0x25,0x00, 0x25,0x00, 0x25,0x00, 0x25,0x00, 0x26,0x00,
 0x47,0x00, 0x49,0x00, 0x8C,0x08, 0x4F,0x10, 0x16,0x1A, 0xBE,0x4D, 0xB7,0x22, 0x6F,0x08, 0x8B,0x08, 0x48,0x00, 0x68,0x00, 0x2B,0x09,
 0x67,0x00, 0x04,0x00, 0x45,0x00, 0xED,0x11, 0x09,0x09, 0x04,0x00, 0x25,0x00, 0x05,0x00, 0x2A,0x09, 0x0A,0x09, 0x04,0x00, 0x25,0x00,
 0x25,0x00, 0x87,0x08, 0xA8,0x08, 0x25,0x00, 0x45,0x00, 0x45,0x00, 0x45,0x00, 0x45,0x00, 0xC9,0x08, 0x67,0x00, 0x25,0x00, 0x45,0x08,
 0x46,0x08, 0x45,0x08, 0x45,0x00, 0x25,0x00, 0x45,0x00, 0x45,0x00, 0x45,0x00, 0x45,0x08, 0x45,0x08, 0x45,0x08, 0x45,0x08, 0x25,0x08,
 0xA8,0x08, 0xE9,0x10, 0x87,0x08, 0x46,0x08, 0x25,0x08, 0x46,0x08, 0x2B,0x11, 0xC9,0x10, 0x46,0x08, 0x46,0x10, 0x25,0x08, 0xA9,0x10,
 0x88,0x10, 0x45,0x08, 0x46,0x10, 0x46,0x10, 0x46,0x10, 0x46,0x10, 0x26,0x10, 0x89,0x18, 0x88,0x18, 0x46,0x10, 0x46,0x10, 0x46,0x10,
 0x46,0x10, 0x46,0x18, 0x46,0x18, 0x46,0x18, 0x46,0x10, 0x46,0x18, 0x46,0x18, 0x46,0x18, 0x46,0x18, 0x46,0x18, 0x47,0x18, 0x47,0x18,
 0x47,0x18, 0x47,0x18, 0x47,0x18, 0x47,0x18, 0x47,0x18, 0x47,0x18, 0x47,0x18, 0x8A,0x20, 0x47,0x18, 0x47,0x20, 0x47,0x20, 0x46,0x18,
 0x68,0x20, 0x0D,0x29, 0xEB,0x28, 0x47,0x20, 0x47,0x20, 0x68,0x20, 0xAA,0x30, 0x47,0x20, 0x47,0x20, 0x68,0x20, 0xAA,0x28, 0x47,0x20,
 0x48,0x20, 0x48,0x20, 0x8B,0x30, 0x48,0x28, 0x48,0x20, 0x48,0x28, 0x48,0x28, 0x48,0x28, 0x48,0x28, 0x48,0x28, 0x48,0x28, 0x48,0x28,
 0x48,0x28, 0x48,0x28, 0x48,0x28, 0x48,0x28, 0x48,0x28, 0x48,0x28, 0x48,0x28, 0x48,0x28, 0x49,0x30, 0x48,0x28, 0x8A,0x38, 0x8B,0x38,
 0x48,0x28, 0x49,0x30, 0x49,0x30, 0x49,0x30, 0x49,0x30, 0x49,0x30, 0x49,0x30, 0x49,0x30, 0x49,0x30, 0x49,0x30, 0x08,0x30, 0x4B,0x29,
 0x7A,0x45, 0xCE,0x30, 0xCE,0x40, 0xCF,0x40, 0xCF,0x40, 0xCF,0x40, 0xCF,0x40, 0xCF,0x40, 0xCF,0x40, 0xCF,0x40, 0xCF,0x40, 0xCF,0x40,
 0xCF,0x40, 0xCF,0x40, 0xCF,0x40, 0xCF,0x40, 0xCF,0x40, 0xCF,0x40, 0xCF,0x40, 0x8B,0x38, 0x49,0x30, 0x49,0x30, 0x69,0x30, 0x49,0x30,
 0x49,0x30, 0x49,0x38, 0x49,0x30, 0x69,0x30, 0x8A,0x30, 0x6A,0x38, 0xCF,0x31, 0x56,0x44, 0x8B,0x30, 0x4B,0x30, 0xB2,0x3A, 0x74,0x4B,
 0x2A,0x30, 0x8A,0x38, 0x49,0x30, 0x49,0x30, 0x49,0x30, 0x49,0x30, 0x49,0x30, 0x49,0x30, 0x49,0x30, 0x49,0x30, 0x49,0x30, 0x49,0x30,
 0x49,0x30, 0x49,0x30, 0x49,0x30, 0x49,0x30, 0x28,0x28, 0x6C,0x49, 0x72,0x83, 0x55,0x9C, 0x34,0x94, 0x34,0x94, 0x34,0x94, 0x34,0x94,
 0x14,0x94, 0x54,0x9C, 0x34,0x94, 0x10,0x73, 0x0A,0x39, 0x48,0x20, 0x48,0x28, 0x48,0x28, 0x48,0x20, 0x68,0x20, 0x68,0x20, 0x48,0x20,

 0x46,0x00, 0x46,0x00, 0x45,0x00, 0x45,0x00, 0x46,0x00, 0x46,0x00, 0xC9,0x08, 0x0B,0x09, 0xC9,0x08, 0xA8,0x08, 0xA8,0x08, 0xA9,0x08,
 0xA9,0x08, 0xA9,0x08, 0xA8,0x08, 0xA8,0x08, 0xA9,0x08, 0xA9,0x08, 0xC9,0x08, 0xCA,0x08, 0xCA,0x08, 0xEA,0x08, 0xEB,0x08, 0x0C,0x09,
 0x2D,0x09, 0xB1,0x11, 0xD3,0x19, 0x17,0x1B, 0xBF,0x3E, 0x7B,0x2C, 0xF5,0x19, 0xB1,0x19, 0x4E,0x11, 0x2C,0x09, 0x2C,0x09, 0x67,0x00,
 0x04,0x00, 0x25,0x00, 0x0E,0x12, 0x2A,0x09, 0x04,0x00, 0x25,0x00, 0x05,0x00, 0x0A,0x09, 0x0A,0x09, 0x05,0x00, 0x25,0x00, 0x25,0x00,
 0x67,0x08, 0xA8,0x08, 0x25,0x00, 0x45,0x00, 0x46,0x00, 0x46,0x00, 0x45,0x00, 0x45,0x00, 0xC9,0x08, 0x67,0x00, 0x25,0x00, 0x46,0x08,
 0x45,0x08, 0x45,0x08, 0x45,0x00, 0x45,0x08, 0x45,0x08, 0x45,0x08, 0x45,0x08, 0x45,0x08, 0x45,0x08, 0x46,0x08, 0x25,0x08, 0xA8,0x08,
 0xE9,0x10, 0x45,0x08, 0x25,0x08, 0x25,0x08, 0x26,0x08, 0x2B,0x11, 0xC9,0x10, 0x25,0x08, 0x46,0x10, 0x46,0x10, 0x25,0x08, 0xA9,0x10,
 0x88,0x10, 0x46,0x10, 0x46,0x10, 0x46,0x10, 0x46,0x10, 0x46,0x10, 0x26,0x10, 0x89,0x18, 0x88,0x18, 0x46,0x10, 0x46,0x10, 0x46,0x10,
 0x46,0x18, 0x46,0x18, 0x46,0x18, 0x46,0x18, 0x46,0x10, 0x46,0x18, 0x46,0x18, 0x46,0x18, 0x46,0x18, 0x47,0x18, 0x47,0x18, 0x47,0x18,
 0x47,0x18, 0x47,0x18, 0x47,0x18, 0x47,0x18, 0x46,0x18, 0x47,0x18, 0x47,0x18, 0x8A,0x28, 0x48,0x20, 0x47,0x20, 0x47,0x18, 0x47,0x18,
 0x68,0x20, 0x0D,0x29, 0xCB,0x28, 0x47,0x20, 0x47,0x20, 0x68,0x20, 0xAA,0x30, 0x47,0x20, 0x68,0x20, 0x68,0x20, 0xAA,0x30, 0x47,0x20,
 0x48,0x28, 0x48,0x28, 0x8B,0x30, 0x48,0x28, 0x48,0x28, 0x48,0x28, 0x48,0x28, 0x69,0x28, 0x69,0x28, 0x48,0x28, 0x48,0x28, 0x48,0x28,
 0x48,0x28, 0x48,0x28, 0x48,0x28, 0x48,0x28, 0x48,0x28, 0x48,0x28, 0x49,0x30, 0x49,0x30, 0x49,0x30, 0x48,0x28, 0x8A,0x38, 0x8B,0x38,
 0x48,0x30, 0x49,0x30, 0x49,0x30, 0x49,0x30, 0x49,0x30, 0x49,0x30, 0x49,0x30, 0x49,0x30, 0x49,0x30, 0x49,0x30, 0x08,0x30, 0x4B,0x29,
 0xBA,0x3D, 0xEF,0x30, 0xCF,0x40, 0xCF,0x40, 0xCF,0x40, 0xCF,0x40, 0xCF,0x40, 0xCF,0x40, 0xCF,0x40, 0xCF,0x40, 0xCF,0x40, 0xCF,0x40,
 0xCF,0x40, 0xCF,0x40, 0xEF,0x40, 0xEF,0x40, 0xEF,0x40, 0xCF,0x40, 0xEF,0x40, 0x8B,0x38, 0x49,0x30, 0x49,0x30, 0x69,0x30, 0x49,0x30,
 0x49,0x38, 0x49,0x30, 0x49,0x38, 0x49,0x30, 0x6A,0x30, 0x8B,0x38, 0x8B,0x30, 0xF5,0x43, 0x57,0x4C, 0x75,0x3B, 0xB8,0x54, 0x4D,0x31,
 0x6A,0x38, 0x6A,0x38, 0x69,0x30, 0x49,0x30, 0x49,0x30, 0x49,0x30, 0x49,0x30, 0x49,0x30, 0x49,0x30, 0x49,0x30, 0x49,0x30, 0x49,0x30,
 0x49,0x30, 0x49,0x30, 0x49,0x30, 0x49,0x30, 0x48,0x28, 0x0B,0x41, 0x6F,0x6A, 0xF3,0x8B, 0x54,0x9C, 0x14,0x94, 0x34,0x94, 0x34,0x94,
 0x34,0x94, 0x55,0x9C, 0x92,0x83, 0x0E,0x5A, 0xC9,0x30, 0x48,0x28, 0x68,0x28, 0x48,0x28, 0x48,0x28, 0x48,0x28, 0x68,0x20, 0x68,0x20,

 0x46,0x00, 0x45,0x00, 0x45,0x00, 0x45,0x00, 0x45,0x00, 0x46,0x00, 0xC9,0x08, 0xEA,0x08, 0xC9,0x08, 0x88,0x08, 0x88,0x08, 0x88,0x00,
 0xA8,0x00, 0x88,0x00, 0x88,0x08, 0x88,0x00, 0x88,0x00, 0xA8,0x00, 0xA8,0x00, 0xA9,0x08, 0xA9,0x08, 0xCA,0x08, 0xCB,0x08, 0xEC,0x08,
 0x2E,0x09, 0x11,0x11, 0xB7,0x1A, 0x5F,0x26, 0xB9,0x1B, 0x93,0x11, 0x90,0x11, 0x2D,0x09, 0xEC,0x08, 0xCA,0x08, 0x67,0x00, 0x05,0x00,
 0x25,0x00, 0x0E,0x12, 0x2A,0x09, 0x04,0x00, 0x45,0x00, 0x04,0x00, 0x0A,0x09, 0x2A,0x09, 0x05,0x00, 0x45,0x00, 0x25,0x00, 0x87,0x08,
 0xA8,0x08, 0x25,0x00, 0x25,0x00, 0x45,0x00, 0x66,0x00, 0x66,0x00, 0x45,0x00, 0x45,0x00, 0xC9,0x08, 0x67,0x00, 0x25,0x00, 0x46,0x08,
 0x45,0x08, 0x45,0x08, 0x45,0x08, 0x45,0x08, 0x45,0x08, 0x45,0x08, 0x45,0x08, 0x45,0x00, 0x46,0x08, 0x25,0x08, 0xA8,0x08, 0x0A,0x11,
 0x45,0x08, 0x46,0x08, 0x26,0x08, 0x26,0x08, 0x2B,0x11, 0xC9,0x10, 0x25,0x08, 0x46,0x10, 0x46,0x10, 0x46,0x10, 0x25,0x08, 0xA9,0x10,
 0x87,0x10, 0x45,0x10, 0x46,0x10, 0x46,0x10, 0x46,0x10, 0x46,0x10, 0x26,0x10, 0xA9,0x18, 0x88,0x18, 0x46,0x10, 0x46,0x10, 0x46,0x10,
 0x46,0x18, 0x46,0x18, 0x46,0x18, 0x46,0x18, 0x46,0x18, 0x46,0x18, 0x46,0x18, 0x46,0x18, 0x46,0x18, 0x47,0x18, 0x47,0x18, 0x47,0x18,
 0x47,0x18, 0x47,0x18, 0x47,0x18, 0x47,0x18, 0x47,0x18, 0x47,0x18, 0x47,0x18, 0x8A,0x28, 0x48,0x20, 0x47,0x18, 0x47,0x18, 0x47,0x20,
 0x47,0x18, 0xAA,0x20, 0x48,0x20, 0x47,0x20, 0x47,0x20, 0x68,0x28, 0xAB,0x30, 0x47,0x20, 0x47,0x28, 0x68,0x28, 0xAB,0x30, 0x48,0x20,
 0x48,0x28, 0x48,0x28, 0x8B,0x30, 0x48,0x28, 0x48,0x28, 0x48,0x28, 0x48,0x28, 0x48,0x28, 0x48,0x28, 0x48,0x28, 0x48,0x28, 0x48,0x28,
 0x48,0x28, 0x48,0x28, 0x48,0x28, 0x48,0x28, 0x48,0x28, 0x49,0x30, 0x49,0x30, 0x49,0x30, 0x49,0x30, 0x48,0x28, 0x8A,0x38, 0x8B,0x38,
 0x48,0x30, 0x49,0x30, 0x49,0x30, 0x49,0x30, 0x49,0x30, 0x49,0x30, 0x49,0x30, 0x49,0x30, 0x49,0x30, 0x49,0x30, 0x08,0x30, 0x4B,0x21,
 0x99,0x3D, 0xEF,0x30, 0xCF,0x40, 0xCF,0x40, 0xCF,0x40, 0xCF,0x40, 0xCF,0x40, 0xEF,0x40, 0xCF,0x40, 0xCF,0x40, 0xCF,0x40, 0xCF,0x40,
 0xCF,0x40, 0xCF,0x40, 0xCF,0x40, 0xCF,0x40, 0xCF,0x40, 0xCF,0x40, 0xEF,0x40, 0x8B,0x38, 0x29,0x30, 0x49,0x38, 0x49,0x38, 0x49,0x38,
 0x49,0x38, 0x49,0x38, 0x49,0x38, 0x49,0x38, 0x6A,0x30, 0x8A,0x38, 0x8B,0x38, 0x8B,0x30, 0x50,0x3A, 0xB2,0x42, 0xEC,0x30, 0x6A,0x30,
 0x8A,0x38, 0x6A,0x38, 0x69,0x30, 0x49,0x30, 0x49,0x30, 0x49,0x30, 0x69,0x30, 0x49,0x30, 0x49,0x30, 0x49,0x30, 0x49,0x30, 0x49,0x30,
 0x69,0x30, 0x69,0x30, 0x49,0x30, 0x49,0x30, 0x49,0x30, 0x28,0x28, 0x08,0x20, 0x89,0x30, 0x31,0x7B, 0x55,0x9C, 0x14,0x94, 0x34,0x94,
 0x55,0x9C, 0x8F,0x6A, 0x48,0x28, 0x07,0x20, 0x48,0x28, 0x48,0x28, 0x48,0x28, 0x68,0x28, 0x48,0x28, 0x48,0x28, 0x48,0x28, 0x68,0x28,

 0x46,0x00, 0x46,0x00, 0x45,0x00, 0x45,0x00, 0x46,0x00, 0x45,0x00, 0x46,0x00, 0x67,0x00, 0x45,0x00, 0x45,0x00, 0x45,0x00, 0x45,0x00,
 0x45,0x00, 0x45,0x00, 0x45,0x00, 0x45,0x00, 0x45,0x00, 0x45,0x00, 0x45,0x00, 0x46,0x00, 0x46,0x00, 0x47,0x08, 0x69,0x08, 0x8B,0x08,
 0x4D,0x10, 0x73,0x11, 0x5D,0x25, 0x17,0x1B, 0x6F,0x10, 0x6B,0x08, 0x69,0x00, 0x48,0x00, 0x26,0x00, 0x26,0x00, 0x25,0x00, 0x25,0x00,
 0x2E,0x12, 0x4A,0x09, 0x04,0x00, 0x25,0x00, 0x04,0x00, 0x0A,0x09, 0x2B,0x09, 0x25,0x00, 0x25,0x00, 0x05,0x00, 0x87,0x08, 0xC8,0x08,
 0x25,0x00, 0x45,0x00, 0x45,0x00, 0x45,0x00, 0x45,0x00, 0x45,0x00, 0x46,0x00, 0x25,0x00, 0xC9,0x08, 0x67,0x00, 0x45,0x08, 0x45,0x08,
 0x45,0x00, 0x45,0x00, 0x45,0x08, 0x45,0x08, 0x45,0x08, 0x45,0x08, 0x45,0x08, 0x46,0x08, 0x25,0x00, 0xA8,0x08, 0x0A,0x11, 0x45,0x08,
 0x45,0x08, 0x25,0x08, 0x25,0x08, 0x2B,0x11, 0xC9,0x10, 0x25,0x08, 0x46,0x10, 0x46,0x10, 0x46,0x10, 0x46,0x08, 0x25,0x08, 0xA9,0x10,
 0x87,0x10, 0x25,0x10, 0x46,0x10, 0x46,0x10, 0x46,0x10, 0x46,0x10, 0x25,0x10, 0x89,0x18, 0x88,0x18, 0x46,0x10, 0x46,0x10, 0x46,0x10,
 0x46,0x18, 0x46,0x18, 0x46,0x18, 0x46,0x18, 0x46,0x18, 0x46,0x18, 0x46,0x18, 0x47,0x18, 0x47,0x18, 0x47,0x18, 0x47,0x18, 0x47,0x18,
 0x47,0x18, 0x47,0x18, 0x47,0x18, 0x47,0x18, 0x47,0x18, 0x47,0x18, 0x47,0x18, 0x8A,0x28, 0x48,0x18, 0x47,0x20, 0x47,0x20, 0x47,0x20,
 0x47,0x20, 0x8A,0x28, 0x48,0x20, 0x47,0x20, 0x47,0x20, 0x68,0x20, 0xAA,0x30, 0x47,0x20, 0x47,0x20, 0x68,0x28, 0xAB,0x30, 0x48,0x20,
 0x48,0x28, 0x48,0x28, 0xAB,0x30, 0x68,0x28, 0x48,0x28, 0x48,0x28, 0x48,0x28, 0x48,0x28, 0x48,0x28, 0x48,0x28, 0x48,0x28, 0x48,0x28,
 0x48,0x28, 0x48,0x28, 0x48,0x28, 0x48,0x28, 0x49,0x30, 0x49,0x30, 0x49,0x30, 0x49,0x30, 0x49,0x30, 0x48,0x28, 0x8A,0x38, 0x8B,0x38,
 0x49,0x30, 0x49,0x30, 0x49,0x30, 0x49,0x30, 0x49,0x30, 0x49,0x30, 0x49,0x30, 0x49,0x30, 0x49,0x30, 0x49,0x30, 0x08,0x30, 0x4B,0x29,
 0x9A,0x3D, 0xEF,0x38, 0xCF,0x40, 0xCF,0x40, 0xCF,0x40, 0xCF,0x40, 0xCF,0x40, 0xEF,0x40, 0xCF,0x40, 0xCF,0x40, 0xCF,0x40, 0xCF,0x40,
 0xCF,0x40, 0xCF,0x40, 0xCF,0x40, 0xCF,0x40, 0xCF,0x40, 0xCF,0x40, 0xEF,0x40, 0x8B,0x38, 0x49,0x38, 0x49,0x38, 0x49,0x38, 0x49,0x30,
 0x49,0x30, 0x49,0x38, 0x49,0x38, 0x49,0x38, 0x6A,0x38, 0x6A,0x38, 0x8A,0x38, 0x8B,0x38, 0x4A,0x38, 0x2A,0x30, 0x6A,0x38, 0x8A,0x38,
 0x6A,0x30, 0x6A,0x30, 0x49,0x30, 0x49,0x30, 0x49,0x30, 0x49,0x30, 0x49,0x30, 0x49,0x30, 0x49,0x30, 0x69,0x30, 0x49,0x30, 0x49,0x30,
 0x49,0x30, 0x49,0x30, 0x49,0x30, 0x69,0x30, 0x49,0x30, 0x49,0x30, 0x69,0x30, 0x28,0x28, 0x48,0x28, 0x51,0x83, 0x54,0x9C, 0x55,0x9C,
 0x8F,0x6A, 0x07,0x20, 0x68,0x28, 0x69,0x30, 0x68,0x28, 0x48,0x28, 0x48,0x28, 0x68,0x28, 0x68,0x28, 0x68,0x28, 0x48,0x28, 0x48,0x20,

 0x45,0x00, 0x45,0x00, 0x45,0x00, 0x45,0x00, 0x45,0x00, 0x45,0x00, 0x45,0x00, 0x45,0x00, 0x45,0x00, 0x66,0x00, 0x66,0x00, 0x66,0x00,
 0x65,0x00, 0x45,0x00, 0x45,0x00, 0x65,0x00, 0x45,0x00, 0x45,0x00, 0x46,0x00, 0x47,0x00, 0x68,0x00, 0x89,0x08, 0xAB,0x08, 0x6E,0x10,
 0x95,0x19, 0x5E,0x2D, 0x38,0x1B, 0x8F,0x10, 0xAB,0x08, 0x89,0x08, 0x67,0x00, 0x46,0x00, 0x46,0x00, 0x25,0x00, 0x26,0x00, 0x2E,0x12,
 0x6B,0x09, 0x04,0x00, 0x25,0x00, 0x04,0x00, 0x0A,0x09, 0x4B,0x09, 0x05,0x00, 0x25,0x00, 0x05,0x00, 0x87,0x08, 0xC9,0x08, 0x25,0x00,
 0x45,0x00, 0x45,0x00, 0x45,0x00, 0x45,0x00, 0x45,0x00, 0x45,0x00, 0x46,0x00, 0x45,0x00, 0xC9,0x08, 0x67,0x00, 0x25,0x00, 0x46,0x08,
 0x46,0x00, 0x45,0x00, 0x45,0x00, 0x46,0x00, 0x45,0x00, 0x25,0x08, 0x46,0x08, 0x25,0x00, 0xA8,0x08, 0x0A,0x11, 0x45,0x08, 0x25,0x08,
 0x26,0x08, 0x25,0x08, 0x2B,0x11, 0xE9,0x10, 0x25,0x08, 0x46,0x08, 0x46,0x08, 0x67,0x10, 0x46,0x10, 0x46,0x10, 0x25,0x08, 0xA8,0x10,
 0x88,0x10, 0x26,0x10, 0x46,0x10, 0x66,0x10, 0x46,0x10, 0x46,0x10, 0x26,0x10, 0x89,0x18, 0x88,0x18, 0x46,0x10, 0x46,0x10, 0x46,0x10,
 0x46,0x18, 0x46,0x18, 0x46,0x18, 0x46,0x18, 0x47,0x18, 0x46,0x18, 0x46,0x18, 0x47,0x18, 0x47,0x18, 0x47,0x18, 0x47,0x18, 0x47,0x18,
 0x47,0x18, 0x47,0x18, 0x47,0x18, 0x47,0x18, 0x47,0x18, 0x47,0x18, 0x47,0x18, 0x8A,0x28, 0x48,0x20, 0x47,0x18, 0x47,0x20, 0x47,0x20,
 0x27,0x20, 0xAA,0x28, 0x68,0x20, 0x47,0x20, 0x47,0x20, 0x68,0x28, 0xAB,0x30, 0x47,0x20, 0x48,0x28, 0x68,0x28, 0xAB,0x30, 0x48,0x20,
 0x48,0x28, 0x48,0x28, 0xAB,0x30, 0x48,0x28, 0x48,0x28, 0x48,0x28, 0x48,0x28, 0x48,0x28, 0x48,0x28, 0x48,0x28, 0x48,0x28, 0x48,0x28,
 0x48,0x28, 0x48,0x28, 0x49,0x30, 0x49,0x30, 0x48,0x30, 0x49,0x30, 0x48,0x30, 0x49,0x28, 0x49,0x30, 0x48,0x30, 0x8A,0x38, 0x8B,0x38,
 0x48,0x30, 0x49,0x30, 0x49,0x30, 0x49,0x30, 0x49,0x30, 0x49,0x30, 0x49,0x30, 0x49,0x30, 0x49,0x30, 0x69,0x30, 0x08,0x30, 0x4B,0x29,
 0x9A,0x3D, 0xEF,0x38, 0xCF,0x40, 0xCF,0x40, 0xCF,0x40, 0xEF,0x40, 0xEF,0x40, 0xEF,0x40, 0xCF,0x40, 0xCF,0x40, 0xCF,0x40, 0xCF,0x40,
 0xCF,0x40, 0xCF,0x40, 0xCF,0x40, 0xCF,0x40, 0xCF,0x40, 0xCF,0x40, 0xEF,0x40, 0x8C,0x38, 0x49,0x38, 0x49,0x38, 0x49,0x38, 0x49,0x38,
 0x49,0x38, 0x69,0x30, 0x49,0x30, 0x49,0x38, 0x4A,0x38, 0x6A,0x38, 0x6A,0x38, 0x6A,0x38, 0x8A,0x38, 0x8A,0x38, 0x6A,0x30, 0x6A,0x38,
 0x6A,0x38, 0x49,0x30, 0x49,0x30, 0x49,0x38, 0x49,0x30, 0x49,0x30, 0x49,0x30, 0x49,0x30, 0x69,0x30, 0x69,0x30, 0x49,0x30, 0x49,0x30,
 0x49,0x30, 0x49,0x30, 0x49,0x30, 0x49,0x30, 0x49,0x30, 0x49,0x30, 0x49,0x30, 0x69,0x30, 0x28,0x28, 0xEA,0x38, 0x34,0x9C, 0x92,0x83,
 0x48,0x28, 0x48,0x28, 0x68,0x30, 0x68,0x28, 0x68,0x28, 0x48,0x28, 0x48,0x28, 0x48,0x28, 0x68,0x28, 0x68,0x28, 0x68,0x28, 0x68,0x28,

 0x45,0x00, 0x46,0x00, 0x46,0x00, 0x45,0x00, 0x45,0x00, 0x45,0x00, 0x46,0x00, 0x66,0x00, 0x46,0x00, 0x66,0x00, 0x46,0x00, 0x66,0x00,
 0x65,0x00, 0x45,0x00, 0x45,0x00, 0x45,0x00, 0x45,0x00, 0x45,0x00, 0x46,0x00, 0x67,0x00, 0x89,0x08, 0xAB,0x08, 0x8D,0x08, 0x74,0x11,
 0x1D,0x35, 0x58,0x23, 0xB0,0x10, 0xAC,0x10, 0x69,0x08, 0x67,0x00, 0x46,0x00, 0x46,0x00, 0x25,0x00, 0x25,0x00, 0x2F,0x12, 0x6B,0x11,
 0x04,0x00, 0x25,0x00, 0x04,0x00, 0x0A,0x09, 0x4B,0x09, 0x25,0x00, 0x25,0x00, 0x25,0x00, 0x67,0x00, 0xC9,0x08, 0x25,0x00, 0x45,0x00,
 0x45,0x00, 0x45,0x00, 0x45,0x00, 0x45,0x00, 0x45,0x00, 0x45,0x00, 0x46,0x08, 0x45,0x00, 0xC9,0x08, 0x67,0x00, 0x25,0x00, 0x45,0x08,
 0x45,0x08, 0x45,0x00, 0x45,0x00, 0x45,0x08, 0x45,0x08, 0x46,0x08, 0x25,0x00, 0xA8,0x08, 0x2A,0x11, 0x45,0x08, 0x25,0x08, 0x45,0x08,
 0x25,0x08, 0x0B,0x11, 0xEA,0x10, 0x25,0x08, 0x46,0x08, 0x46,0x08, 0x25,0x08, 0xA9,0x10, 0x67,0x10, 0x46,0x10, 0x25,0x08, 0xA9,0x10,
 0x87,0x10, 0x46,0x10, 0x46,0x10, 0xA9,0x18, 0x88,0x18, 0x26,0x10, 0x26,0x10, 0x89,0x18, 0x88,0x18, 0x46,0x10, 0x46,0x10, 0x46,0x18,
 0x46,0x18, 0x46,0x18, 0x46,0x18, 0x46,0x18, 0x46,0x18, 0x46,0x18, 0x47,0x18, 0x47,0x18, 0x47,0x18, 0x47,0x18, 0x47,0x18, 0x47,0x18,
 0x47,0x18, 0x47,0x18, 0x47,0x18, 0x47,0x18, 0x47,0x18, 0x47,0x18, 0x47,0x18, 0x8A,0x28, 0x48,0x20, 0x27,0x20, 0x27,0x20, 0x48,0x20,
 0x27,0x20, 0xAA,0x28, 0x68,0x28, 0x47,0x20, 0x47,0x20, 0x68,0x28, 0xAB,0x30, 0x47,0x20, 0x48,0x20, 0x68,0x28, 0xAB,0x30, 0x48,0x28,
 0x68,0x20, 0x48,0x28, 0xAB,0x30, 0x49,0x28, 0x48,0x28, 0x48,0x28, 0x48,0x28, 0x48,0x28, 0x68,0x28, 0x48,0x28, 0x48,0x28, 0x48,0x28,
 0x48,0x28, 0x49,0x30, 0x49,0x30, 0x48,0x30, 0x48,0x28, 0x48,0x28, 0x49,0x30, 0x49,0x30, 0x49,0x30, 0x48,0x30, 0x8A,0x38, 0x8B,0x38,
 0x49,0x30, 0x49,0x30, 0x49,0x30, 0x49,0x30, 0x69,0x30, 0x49,0x30, 0x49,0x30, 0x49,0x30, 0x49,0x30, 0x49,0x30, 0x08,0x38, 0x4B,0x29,
 0x99,0x3D, 0xCF,0x38, 0xCF,0x40, 0xCF,0x40, 0xCF,0x40, 0xCF,0x40, 0xCF,0x40, 0xCF,0x40, 0xCF,0x40, 0xCF,0x40, 0xCF,0x40, 0xCF,0x40,
 0xCF,0x40, 0xCF,0x40, 0xCF,0x40, 0xCF,0x40, 0xCF,0x40, 0xCF,0x40, 0xEF,0x40, 0x8C,0x38, 0x49,0x38, 0x4A,0x38, 0x4A,0x38, 0x4A,0x38,
 0x4A,0x38, 0x4A,0x38, 0x4A,0x38, 0x4A,0x38, 0x4A,0x38, 0x6A,0x38, 0x6A,0x38, 0x6A,0x38, 0x6A,0x38, 0x6A,0x38, 0x6A,0x38, 0x4A,0x38,
 0x49,0x30, 0x49,0x30, 0x49,0x38, 0x49,0x30, 0x49,0x30, 0x49,0x30, 0x69,0x30, 0x49,0x30, 0x69,0x30, 0x69,0x30, 0x69,0x30, 0x49,0x30,
 0x49,0x30, 0x69,0x30, 0x49,0x30, 0x49,0x30, 0x69,0x30, 0x69,0x30, 0x49,0x30, 0x69,0x30, 0x69,0x30, 0x08,0x20, 0x11,0x7B, 0x0E,0x5A,
 0x08,0x20, 0x69,0x30, 0x68,0x28, 0x69,0x30, 0x48,0x28, 0x48,0x28, 0x48,0x28, 0x48,0x28, 0x68,0x28, 0x68,0x28, 0x48,0x28, 0x68,0x28,

 0x45,0x00, 0x45,0x00, 0x45,0x00, 0x45,0x00, 0x45,0x00, 0x25,0x00, 0x45,0x00, 0x45,0x00, 0x45,0x00, 0x45,0x00, 0x45,0x00, 0x45,0x00,
 0x45,0x00, 0x45,0x00, 0x24,0x00, 0x24,0x00, 0x25,0x00, 0x25,0x00, 0x26,0x00, 0x48,0x08, 0x8A,0x08, 0x6C,0x08, 0x33,0x11, 0x9C,0x2C,
 0xF7,0x1A, 0x6E,0x08, 0x8B,0x08, 0x48,0x00, 0x26,0x00, 0x25,0x00, 0x05,0x00, 0x04,0x00, 0x25,0x00, 0x0E,0x12, 0x6B,0x09, 0x04,0x00,
 0x46,0x00, 0x04,0x00, 0x0A,0x09, 0x4B,0x09, 0x25,0x00, 0x25,0x00, 0x05,0x00, 0x87,0x08, 0xC9,0x08, 0x25,0x00, 0x25,0x00, 0x45,0x00,
 0x45,0x00, 0x45,0x00, 0x45,0x00, 0x25,0x00, 0x45,0x00, 0x46,0x00, 0x46,0x00, 0x45,0x00, 0xC9,0x08, 0x67,0x00, 0x25,0x08, 0x45,0x08,
 0x46,0x08, 0x45,0x08, 0x45,0x00, 0x45,0x00, 0x46,0x08, 0x25,0x08, 0xA8,0x08, 0x2B,0x11, 0x46,0x08, 0x25,0x08, 0x46,0x08, 0x25,0x08,
 0x0A,0x11, 0xEA,0x10, 0x25,0x08, 0x46,0x08, 0x46,0x08, 0x46,0x08, 0x25,0x08, 0xA8,0x10, 0x67,0x10, 0x46,0x10, 0x25,0x08, 0xA9,0x10,
 0x87,0x10, 0x46,0x10, 0x46,0x10, 0xA9,0x10, 0x88,0x10, 0x26,0x10, 0x46,0x10, 0x89,0x18, 0x88,0x18, 0x46,0x10, 0x46,0x18, 0x46,0x18,
 0x46,0x18, 0x46,0x18, 0x47,0x18, 0x46,0x18, 0x46,0x18, 0x46,0x18, 0x47,0x18, 0x47,0x18, 0x47,0x18, 0x47,0x18, 0x47,0x18, 0x47,0x18,
 0x47,0x18, 0x47,0x18, 0x47,0x18, 0x47,0x18, 0x47,0x18, 0x47,0x18, 0x47,0x18, 0x8A,0x28, 0x47,0x20, 0x27,0x20, 0x27,0x20, 0x48,0x20,
 0x47,0x20, 0xAA,0x28, 0x69,0x28, 0x47,0x20, 0x47,0x20, 0x69,0x28, 0xAB,0x30, 0x47,0x20, 0x48,0x28, 0x68,0x28, 0xAB,0x30, 0x48,0x28,
 0x48,0x28, 0x48,0x28, 0x8B,0x30, 0x49,0x28, 0x48,0x28, 0x48,0x28, 0x48,0x28, 0x48,0x28, 0x48,0x28, 0x48,0x28, 0x48,0x28, 0x48,0x28,
 0x49,0x30, 0x49,0x30, 0x48,0x30, 0x49,0x30, 0x48,0x30, 0x49,0x30, 0x49,0x30, 0x49,0x30, 0x49,0x30, 0x28,0x30, 0x8A,0x38, 0x8B,0x38,
 0x48,0x30, 0x49,0x30, 0x49,0x30, 0x49,0x30, 0x69,0x30, 0x49,0x30, 0x49,0x30, 0x49,0x30, 0x49,0x30, 0x49,0x38, 0x08,0x38, 0x4B,0x29,
 0x99,0x3D, 0xCF,0x38, 0xCF,0x40, 0xCF,0x40, 0xCF,0x40, 0xCF,0x40, 0xCF,0x40, 0xCF,0x40, 0xCF,0x40, 0xCF,0x40, 0xCF,0x40, 0xCF,0x40,
 0xCF,0x40, 0xCF,0x40, 0xCF,0x40, 0xCF,0x40, 0xCF,0x40, 0xCF,0x40, 0xCF,0x40, 0x8C,0x38, 0x49,0x38, 0x4A,0x38, 0x4A,0x38, 0x4A,0x38,
 0x4A,0x38, 0x4A,0x38, 0x4A,0x38, 0x4A,0x38, 0x4A,0x38, 0x6A,0x38, 0x4A,0x38, 0x4A,0x38, 0x4A,0x38, 0x4A,0x38, 0x4A,0x38, 0x4A,0x38,
 0x4A,0x38, 0x49,0x38, 0x49,0x38, 0x49,0x38, 0x49,0x38, 0x49,0x38, 0x69,0x30, 0x69,0x38, 0x69,0x30, 0x69,0x30, 0x69,0x30, 0x69,0x30,
 0x49,0x30, 0x49,0x30, 0x49,0x30, 0x49,0x30, 0x49,0x30, 0x49,0x30, 0x49,0x30, 0x69,0x30, 0x69,0x30, 0x48,0x28, 0x0B,0x41, 0xAA,0x38,
 0x48,0x28, 0x48,0x28, 0x69,0x28, 0x68,0x28, 0x48,0x28, 0x48,0x28, 0x68,0x28, 0x48,0x28, 0x68,0x28, 0x48,0x28, 0x48,0x28, 0x48,0x28,

 0xA7,0x00, 0xA7,0x00, 0xA7,0x00, 0xA7,0x00, 0xA8,0x00, 0xA7,0x00, 0xA7,0x00, 0xA7,0x00, 0xA7,0x00, 0xA7,0x00, 0xC7,0x00, 0xC7,0x00,
 0xC7,0x00, 0xC7,0x00, 0xC7,0x00, 0xC8,0x00, 0xC8,0x00, 0xC9,0x08, 0xEA,0x08, 0x0C,0x09, 0x0E,0x09, 0xB2,0x11, 0xDC,0x24, 0xB9,0x1B,
 0x72,0x09, 0x70,0x09, 0x2D,0x09, 0x0B,0x09, 0xE9,0x00, 0xC8,0x00, 0xC8,0x00, 0xA8,0x00, 0xED,0x11, 0x4A,0x09, 0x04,0x00, 0x45,0x00,
 0x05,0x00, 0x0A,0x09, 0x6C,0x11, 0x25,0x00, 0x25,0x00, 0x05,0x00, 0x67,0x00, 0xC9,0x08, 0x25,0x00, 0x45,0x00, 0x45,0x00, 0x45,0x00,
 0x45,0x00, 0x87,0x08, 0xEA,0x08, 0xA7,0x08, 0x25,0x00, 0x45,0x00, 0x46,0x00, 0x45,0x00, 0xC9,0x08, 0x67,0x00, 0x25,0x00, 0x45,0x08,
 0x46,0x08, 0x45,0x08, 0x45,0x08, 0x45,0x08, 0x25,0x08, 0xA8,0x08, 0x4B,0x11, 0x46,0x08, 0x25,0x08, 0x46,0x08, 0x25,0x08, 0x66,0x08,
 0x0B,0x11, 0x25,0x08, 0x46,0x08, 0x46,0x08, 0x46,0x08, 0x46,0x08, 0x45,0x08, 0xA8,0x10, 0x67,0x10, 0x46,0x10, 0x45,0x08, 0xC9,0x10,
 0x87,0x10, 0x46,0x10, 0x46,0x10, 0xA9,0x18, 0x88,0x10, 0x26,0x10, 0x26,0x10, 0x89,0x18, 0x88,0x18, 0x46,0x10, 0x46,0x18, 0x46,0x18,
 0x46,0x18, 0x47,0x18, 0x46,0x18, 0x46,0x18, 0x46,0x18, 0x47,0x18, 0x47,0x18, 0x47,0x18, 0x47,0x18, 0x47,0x18, 0x47,0x18, 0x47,0x18,
 0x47,0x18, 0x47,0x18, 0x47,0x18, 0x47,0x18, 0x47,0x18, 0x47,0x18, 0x47,0x18, 0x8A,0x28, 0x48,0x20, 0x27,0x20, 0x47,0x20, 0x47,0x20,
 0x47,0x20, 0xAB,0x28, 0x69,0x28, 0x47,0x20, 0x47,0x20, 0x68,0x28, 0xCB,0x30, 0x47,0x20, 0x48,0x28, 0x68,0x28, 0xAB,0x30, 0x48,0x28,
 0x48,0x28, 0x48,0x28, 0x8B,0x30, 0x48,0x28, 0x48,0x28, 0x48,0x28, 0x48,0x28, 0x48,0x28, 0x48,0x28, 0x48,0x28, 0x48,0x28, 0x49,0x30,
 0x49,0x30, 0x48,0x30, 0x48,0x30, 0x49,0x30, 0x49,0x30, 0x49,0x30, 0x49,0x30, 0x49,0x30, 0x49,0x30, 0x48,0x30, 0x8A,0x38, 0x8B,0x38,
 0x49,0x30, 0x49,0x30, 0x49,0x30, 0x69,0x30, 0x49,0x30, 0x49,0x30, 0x69,0x30, 0x69,0x38, 0x49,0x38, 0x49,0x38, 0x08,0x38, 0x4B,0x29,
 0x9A,0x3D, 0xCF,0x38, 0xCF,0x40, 0xCF,0x40, 0xCF,0x40, 0xCF,0x40, 0xCF,0x40, 0xCF,0x40, 0xCF,0x40, 0xCF,0x40, 0xCF,0x40, 0xCF,0x48,
 0xCF,0x40, 0xCF,0x40, 0xCF,0x40, 0xCF,0x40, 0xCF,0x40, 0xCF,0x40, 0xCF,0x40, 0x8C,0x40, 0x49,0x38, 0x4A,0x38, 0x4A,0x38, 0x4A,0x38,
 0x4A,0x38, 0x4A,0x38, 0x4A,0x38, 0x4A,0x38, 0x4A,0x38, 0x4A,0x38, 0x4A,0x38, 0x4A,0x38, 0x4A,0x38, 0x6A,0x38, 0x4A,0x38, 0x4A,0x38,
 0x4A,0x38, 0x49,0x30, 0x49,0x38, 0x49,0x30, 0x49,0x38, 0x49,0x38, 0x49,0x38, 0x49,0x38, 0x49,0x38, 0x69,0x30, 0x69,0x30, 0x69,0x30,
 0x69,0x30, 0x49,0x30, 0x49,0x30, 0x49,0x30, 0x49,0x30, 0x49,0x30, 0x69,0x30, 0x49,0x30, 0x69,0x30, 0x69,0x30, 0x48,0x28, 0x48,0x30,
 0x69,0x30, 0x49,0x28, 0x48,0x28, 0x68,0x28, 0x68,0x28, 0x48,0x28, 0x68,0x28, 0x68,0x28, 0x68,0x28, 0x48,0x28, 0x48,0x28, 0x48,0x28,

 0xEA,0x08, 0x0A,0x09, 0x0A,0x09, 0x0A,0x09, 0x0A,0x09, 0x0A,0x09, 0x0A,0x09, 0x0A,0x09, 0x0A,0x09, 0x0A,0x09, 0x2A,0x09, 0x2A,0x09,
 0x2A,0x09, 0x2A,0x09, 0x4B,0x09, 0x4B,0x09, 0x6D,0x09, 0x6D,0x11, 0x8F,0x11, 0x90,0x11, 0x75,0x12, 0x1C,0x25, 0x39,0x1C, 0x94,0x12,
 0x94,0x12, 0x52,0x12, 0x10,0x12, 0xEF,0x11, 0xEE,0x11, 0xCD,0x11, 0xAD,0x09, 0xCD,0x11, 0x09,0x09, 0x04,0x00, 0x45,0x00, 0x04,0x00,
 0x0A,0x09, 0x6C,0x09, 0x25,0x00, 0x25,0x00, 0x05,0x00, 0x87,0x00, 0xC9,0x08, 0x25,0x00, 0x25,0x00, 0x45,0x00, 0x45,0x00, 0x45,0x00,
 0x25,0x00, 0xE9,0x08, 0x2B,0x09, 0x0A,0x09, 0x46,0x00, 0x45,0x00, 0x46,0x08, 0x45,0x00, 0xC9,0x08, 0x67,0x08, 0x45,0x00, 0x46,0x08,
 0x45,0x08, 0x45,0x08, 0x45,0x08, 0x25,0x08, 0x87,0x08, 0x4B,0x11, 0x46,0x08, 0x25,0x08, 0x46,0x08, 0x46,0x08, 0x25,0x08, 0x46,0x08,
 0xCA,0x10, 0x45,0x08, 0x46,0x10, 0x46,0x10, 0x46,0x08, 0x46,0x08, 0x26,0x08, 0xA8,0x10, 0x67,0x10, 0x46,0x10, 0x26,0x08, 0xA9,0x10,
 0x87,0x10, 0x26,0x10, 0x46,0x10, 0xA9,0x18, 0x88,0x10, 0x26,0x10, 0x46,0x10, 0x89,0x18, 0x88,0x18, 0x46,0x10, 0x46,0x18, 0x46,0x18,
 0x46,0x18, 0x46,0x18, 0x46,0x18, 0x46,0x18, 0x46,0x18, 0x47,0x18, 0x47,0x18, 0x47,0x18, 0x47,0x18, 0x47,0x18, 0x47,0x18, 0x47,0x18,
 0x47,0x18, 0x47,0x18, 0x47,0x18, 0x47,0x18, 0x47,0x18, 0x47,0x18, 0x47,0x18, 0x8A,0x28, 0x48,0x20, 0x27,0x20, 0x47,0x20, 0x48,0x20,
 0x47,0x20, 0xAB,0x28, 0x69,0x28, 0x47,0x20, 0x47,0x20, 0x69,0x28, 0xCB,0x30, 0x48,0x28, 0x48,0x28, 0x68,0x28, 0xCB,0x30, 0x48,0x20,
 0x48,0x28, 0x48,0x28, 0x8B,0x30, 0x49,0x28, 0x48,0x28, 0x48,0x28, 0x48,0x28, 0x48,0x28, 0x48,0x28, 0x48,0x28, 0x49,0x30, 0x49,0x28,
 0x48,0x30, 0x48,0x28, 0x49,0x30, 0x49,0x30, 0x49,0x30, 0x49,0x30, 0x49,0x30, 0x49,0x30, 0x49,0x30, 0x48,0x30, 0x8A,0x38, 0x8B,0x40,
 0x49,0x30, 0x49,0x30, 0x49,0x30, 0x49,0x30, 0x69,0x38, 0x49,0x30, 0x49,0x38, 0x49,0x38, 0x49,0x30, 0x4A,0x38, 0x09,0x38, 0x4B,0x29,
 0x9A,0x3D, 0xCF,0x38, 0xCF,0x40, 0xCF,0x40, 0xCF,0x40, 0xCF,0x40, 0xCF,0x40, 0xCF,0x40, 0xCF,0x40, 0xCF,0x40, 0xCF,0x40, 0xCF,0x40,
 0xCF,0x40, 0xCF,0x40, 0xCF,0x40, 0xCF,0x40, 0xCF,0x40, 0xCF,0x40, 0xCF,0x40, 0x6C,0x40, 0x4A,0x38, 0x4A,0x38, 0x4A,0x38, 0x4A,0x38,
 0x4A,0x38, 0x4A,0x38, 0x4A,0x38, 0x4A,0x38, 0x4A,0x38, 0x4A,0x38, 0x4A,0x38, 0x4A,0x38, 0x4A,0x38, 0x4A,0x38, 0x4A,0x38, 0x4A,0x38,
 0x4A,0x38, 0x4A,0x38, 0x4A,0x38, 0x4A,0x38, 0x4A,0x38, 0x49,0x38, 0x49,0x38, 0x49,0x38, 0x49,0x38, 0x49,0x38, 0x49,0x38, 0x69,0x30,
 0x49,0x38, 0x49,0x38, 0x49,0x30, 0x49,0x30, 0x49,0x30, 0x49,0x30, 0x49,0x30, 0x49,0x30, 0x49,0x30, 0x49,0x30, 0x69,0x30, 0x69,0x30,
 0x48,0x30, 0x49,0x30, 0x49,0x28, 0x48,0x28, 0x48,0x28, 0x48,0x28, 0x48,0x28, 0x68,0x28, 0x48,0x28, 0x48,0x28, 0x48,0x28, 0x48,0x28,

 0x25,0x00, 0x25,0x00, 0x45,0x00, 0x45,0x00, 0x25,0x00, 0x25,0x00, 0x25,0x00, 0x25,0x00, 0x45,0x00, 0x25,0x00, 0x45,0x00, 0x45,0x00,
 0x45,0x00, 0x45,0x00, 0x45,0x00, 0x46,0x00, 0x48,0x08, 0x6A,0x08, 0x6B,0x08, 0xF0,0x10, 0xDA,0x23, 0xB6,0x1A, 0xAF,0x10, 0x8C,0x10,
 0x49,0x08, 0x48,0x00, 0x26,0x00, 0x26,0x00, 0x25,0x00, 0x25,0x00, 0x05,0x00, 0x04,0x00, 0x04,0x00, 0x45,0x00, 0x04,0x00, 0xE9,0x08,
 0x6C,0x11, 0x25,0x00, 0x25,0x00, 0x25,0x00, 0x87,0x00, 0xC9,0x08, 0x25,0x00, 0x25,0x00, 0x45,0x00, 0x45,0x00, 0x45,0x00, 0x45,0x00,
 0x25,0x00, 0xE9,0x08, 0x0A,0x09, 0xA8,0x08, 0x45,0x00, 0x45,0x08, 0x46,0x08, 0x45,0x00, 0xC9,0x08, 0x67,0x00, 0x45,0x00, 0x46,0x08,
 0x45,0x00, 0x45,0x00, 0x45,0x00, 0x46,0x08, 0x0A,0x11, 0x66,0x08, 0x25,0x08, 0x46,0x08, 0x46,0x08, 0x46,0x08, 0x25,0x08, 0x47,0x08,
 0xEA,0x10, 0x45,0x08, 0x46,0x10, 0x46,0x10, 0x46,0x10, 0x46,0x08, 0x26,0x08, 0xA8,0x10, 0x66,0x08, 0x46,0x08, 0x25,0x08, 0xA9,0x18,
 0x87,0x10, 0x46,0x10, 0x46,0x10, 0xA9,0x18, 0x88,0x10, 0x46,0x10, 0x46,0x10, 0x89,0x18, 0x68,0x18, 0x46,0x10, 0x46,0x18, 0x46,0x10,
 0x46,0x18, 0x46,0x18, 0x46,0x18, 0x46,0x18, 0x46,0x18, 0x47,0x18, 0x46,0x18, 0x47,0x18, 0x46,0x18, 0x48,0x18, 0x69,0x20, 0x69,0x20,
 0x69,0x20, 0x69,0x20, 0x69,0x20, 0x69,0x20, 0x48,0x20, 0x48,0x20, 0x48,0x20, 0x8A,0x20, 0x48,0x20, 0x47,0x20, 0x48,0x20, 0x47,0x20,
 0x47,0x20, 0xAB,0x28, 0x69,0x28, 0x48,0x20, 0x47,0x20, 0x69,0x28, 0xCB,0x30, 0x48,0x20, 0x48,0x28, 0x69,0x28, 0xCC,0x30, 0x48,0x20,
 0x48,0x28, 0x48,0x28, 0x8B,0x30, 0x49,0x28, 0x48,0x28, 0x48,0x28, 0x48,0x28, 0x48,0x28, 0x48,0x28, 0x49,0x28, 0x49,0x30, 0x48,0x28,
 0x49,0x28, 0x49,0x30, 0x49,0x30, 0x49,0x30, 0x49,0x30, 0x49,0x30, 0x49,0x30, 0x49,0x30, 0x49,0x30, 0x28,0x30, 0x8B,0x38, 0x8B,0x40,
 0x49,0x30, 0x49,0x30, 0x49,0x30, 0x49,0x38, 0x49,0x38, 0x49,0x38, 0x49,0x38, 0x4A,0x38, 0x4A,0x38, 0x4A,0x38, 0x09,0x38, 0x4B,0x29,
 0x9A,0x3D, 0xCF,0x38, 0xCF,0x40, 0xCF,0x40, 0xCF,0x40, 0xCF,0x40, 0xCF,0x40, 0xCF,0x40, 0xCF,0x40, 0xAF,0x40, 0xCF,0x40, 0xCF,0x40,
 0xCF,0x48, 0xCF,0x40, 0xCF,0x40, 0xCF,0x40, 0xCF,0x48, 0xCF,0x40, 0xCF,0x40, 0x6C,0x40, 0x2A,0x38, 0x4A,0x38, 0x4A,0x38, 0x4A,0x38,
 0x4A,0x38, 0x4A,0x38, 0x4A,0x38, 0x4A,0x38, 0x4A,0x38, 0x4A,0x38, 0x4A,0x38, 0x4A,0x38, 0x4A,0x38, 0x4A,0x38, 0x4A,0x38, 0x4A,0x38,
 0x4A,0x38, 0x4A,0x38, 0x4A,0x38, 0x4A,0x38, 0x4A,0x38, 0x4A,0x38, 0x4A,0x38, 0x4A,0x38, 0x49,0x38, 0x49,0x38, 0x49,0x38, 0x69,0x38,
 0x49,0x38, 0x49,0x30, 0x49,0x30, 0x49,0x30, 0x49,0x30, 0x49,0x30, 0x49,0x30, 0x49,0x30, 0x49,0x30, 0x49,0x30, 0x49,0x30, 0x69,0x30,
 0x49,0x30, 0x49,0x30, 0x49,0x30, 0x48,0x28, 0x49,0x28, 0x48,0x28, 0x48,0x28, 0x48,0x28, 0x48,0x28, 0x48,0x28, 0x48,0x28, 0x48,0x28,

 0x45,0x00, 0x45,0x00, 0x45,0x00, 0x45,0x00, 0x45,0x00, 0x45,0x00, 0x45,0x00, 0x45,0x00, 0x45,0x00, 0x45,0x00, 0x45,0x00, 0x45,0x00,
 0x45,0x00, 0x45,0x00, 0x46,0x00, 0x47,0x00, 0x69,0x08, 0x6B,0x08, 0x11,0x11, 0xDB,0x2B, 0xB7,0x1A, 0x8E,0x08, 0x8C,0x08, 0x69,0x08,
 0x47,0x00, 0x46,0x00, 0x25,0x00, 0x25,0x00, 0x25,0x00, 0x24,0x00, 0x25,0x00, 0x24,0x00, 0x24,0x00, 0x04,0x00, 0xE9,0x08, 0x6C,0x09,
 0x45,0x00, 0x25,0x00, 0x25,0x00, 0x67,0x08, 0xC9,0x08, 0x25,0x00, 0x25,0x00, 0x45,0x00, 0x45,0x00, 0x45,0x00, 0x25,0x00, 0x25,0x00,
 0xC9,0x08, 0xA8,0x08, 0x25,0x00, 0x25,0x00, 0x45,0x00, 0x45,0x08, 0x46,0x08, 0x45,0x00, 0xC9,0x08, 0x67,0x08, 0x45,0x00, 0x45,0x08,
 0x45,0x08, 0x45,0x00, 0x46,0x00, 0x87,0x08, 0x46,0x08, 0x45,0x00, 0x46,0x08, 0x46,0x08, 0x46,0x08, 0x46,0x08, 0x25,0x08, 0x46,0x08,
 0xEA,0x10, 0x45,0x08, 0x46,0x10, 0x46,0x08, 0x46,0x08, 0x46,0x10, 0x46,0x08, 0xA8,0x10, 0x67,0x08, 0x46,0x10, 0x25,0x08, 0xA9,0x10,
 0x87,0x10, 0x46,0x10, 0x26,0x10, 0xA9,0x10, 0x88,0x10, 0x46,0x10, 0x46,0x10, 0x89,0x18, 0x68,0x18, 0x46,0x10, 0x46,0x18, 0x46,0x18,
 0x47,0x18, 0x46,0x18, 0x46,0x18, 0x46,0x18, 0x47,0x18, 0x47,0x18, 0x47,0x18, 0x46,0x18, 0x47,0x18, 0x6A,0x20, 0x6A,0x20, 0x6A,0x20,
 0x69,0x20, 0x69,0x20, 0x69,0x20, 0x69,0x20, 0x69,0x20, 0x69,0x20, 0x49,0x20, 0x6A,0x20, 0x48,0x20, 0x47,0x20, 0x48,0x20, 0x48,0x20,
 0x47,0x20, 0xAB,0x28, 0x69,0x28, 0x47,0x20, 0x47,0x20, 0x69,0x28, 0xCB,0x30, 0x48,0x20, 0x48,0x28, 0x69,0x28, 0xCC,0x30, 0x48,0x28,
 0x48,0x28, 0x48,0x28, 0x8B,0x30, 0x49,0x28, 0x48,0x28, 0x48,0x28, 0x49,0x28, 0x49,0x28, 0x49,0x28, 0x49,0x30, 0x48,0x30, 0x49,0x30,
 0x49,0x30, 0x49,0x30, 0x49,0x30, 0x49,0x30, 0x49,0x30, 0x49,0x30, 0x49,0x30, 0x49,0x30, 0x49,0x30, 0x28,0x30, 0x8B,0x38, 0x8B,0x38,
 0x49,0x30, 0x49,0x38, 0x49,0x38, 0x49,0x38, 0x49,0x38, 0x4A,0x38, 0x4A,0x38, 0x4A,0x38, 0x4A,0x38, 0x4A,0x38, 0x09,0x38, 0x4B,0x29,
 0x99,0x3D, 0xCF,0x38, 0xAF,0x40, 0xCF,0x40, 0xCF,0x40, 0xAF,0x40, 0xAF,0x40, 0xCF,0x40, 0xCF,0x40, 0xCF,0x40, 0xCF,0x48, 0xCF,0x48,
 0xCF,0x48, 0xCF,0x48, 0xCF,0x48, 0xCF,0x48, 0xCF,0x48, 0xCF,0x48, 0xCF,0x48, 0x6C,0x40, 0x2A,0x38, 0x4A,0x38, 0x4A,0x40, 0x4A,0x38,
 0x4A,0x38, 0x4A,0x38, 0x4A,0x38, 0x4A,0x38, 0x4A,0x38, 0x4A,0x38, 0x4A,0x38, 0x4A,0x38, 0x4A,0x38, 0x4A,0x38, 0x4A,0x38, 0x4A,0x38,
 0x4A,0x38, 0x4A,0x38, 0x4A,0x38, 0x4A,0x38, 0x4A,0x38, 0x4A,0x38, 0x4A,0x38, 0x4A,0x38, 0x4A,0x38, 0x4A,0x38, 0x49,0x38, 0x49,0x38,
 0x49,0x38, 0x49,0x38, 0x49,0x30, 0x49,0x30, 0x49,0x30, 0x49,0x30, 0x49,0x30, 0x49,0x30, 0x49,0x30, 0x49,0x30, 0x49,0x30, 0x49,0x30,
 0x49,0x30, 0x49,0x30, 0x49,0x30, 0x49,0x30, 0x49,0x28, 0x49,0x28, 0x48,0x28, 0x48,0x28, 0x48,0x28, 0x48,0x28, 0x48,0x28, 0x48,0x28,

 0x87,0x00, 0x87,0x00, 0x87,0x00, 0x87,0x00, 0x87,0x00, 0x87,0x00, 0x87,0x00, 0x87,0x00, 0x87,0x00, 0x87,0x00, 0x87,0x00, 0x87,0x00,
 0x88,0x00, 0x88,0x08, 0xAA,0x08, 0xCB,0x08, 0xCD,0x10, 0x51,0x11, 0x1B,0x24, 0x59,0x1B, 0x31,0x11, 0x0F,0x11, 0xED,0x08, 0xCB,0x08,
 0xC9,0x08, 0xA9,0x00, 0xA8,0x00, 0xA8,0x00, 0xA8,0x00, 0xA8,0x00, 0xA8,0x00, 0xC8,0x00, 0xA8,0x00, 0x0A,0x09, 0x4B,0x09, 0x45,0x00,
 0x25,0x00, 0x25,0x00, 0x67,0x08, 0xA9,0x08, 0x25,0x00, 0x25,0x00, 0x45,0x00, 0x45,0x00, 0x45,0x00, 0x25,0x00, 0x25,0x00, 0xC9,0x08,
 0x88,0x08, 0x05,0x00, 0x25,0x00, 0x45,0x00, 0x45,0x00, 0x45,0x08, 0x46,0x08, 0x45,0x00, 0xC9,0x08, 0x67,0x08, 0x25,0x08, 0x45,0x08,
 0x46,0x08, 0x46,0x08, 0x66,0x08, 0x46,0x08, 0x45,0x08, 0x46,0x08, 0x46,0x08, 0x46,0x08, 0x46,0x08, 0x46,0x08, 0x25,0x08, 0x46,0x08,
 0xEA,0x10, 0x26,0x08, 0x46,0x10, 0x46,0x08, 0x46,0x08, 0x46,0x10, 0x46,0x10, 0xA8,0x10, 0x67,0x10, 0x46,0x10, 0x25,0x08, 0xA9,0x10,
 0x88,0x10, 0x46,0x10, 0x46,0x10, 0xA9,0x10, 0x88,0x10, 0x46,0x10, 0x46,0x10, 0x89,0x18, 0x68,0x18, 0x26,0x10, 0x46,0x10, 0x47,0x18,
 0x47,0x18, 0x47,0x18, 0x47,0x18, 0x47,0x18, 0x47,0x18, 0x47,0x18, 0x47,0x18, 0x47,0x18, 0x69,0x20, 0x6A,0x20, 0x69,0x20, 0x69,0x20,
 0x69,0x20, 0x69,0x20, 0x69,0x20, 0x69,0x20, 0x69,0x20, 0x69,0x20, 0x49,0x20, 0x6A,0x20, 0x48,0x20, 0x48,0x20, 0x48,0x20, 0x48,0x20,
 0x47,0x20, 0xAB,0x28, 0x69,0x28, 0x48,0x20, 0x47,0x20, 0x69,0x28, 0xCB,0x30, 0x48,0x28, 0x48,0x28, 0x69,0x28, 0xCC,0x30, 0x48,0x28,
 0x48,0x28, 0x48,0x28, 0x8C,0x30, 0x49,0x28, 0x48,0x28, 0x49,0x30, 0x49,0x30, 0x49,0x28, 0x49,0x30, 0x49,0x28, 0x48,0x30, 0x49,0x30,
 0x49,0x30, 0x49,0x30, 0x49,0x30, 0x49,0x30, 0x49,0x30, 0x49,0x30, 0x49,0x30, 0x49,0x30, 0x49,0x30, 0x48,0x30, 0x6A,0x38, 0x8B,0x38,
 0x49,0x30, 0x49,0x38, 0x49,0x38, 0x4A,0x38, 0x4A,0x38, 0x4A,0x38, 0x4A,0x38, 0x4A,0x38, 0x4A,0x38, 0x4A,0x38, 0x09,0x38, 0x4C,0x29,
 0x99,0x3D, 0xCF,0x38, 0xAF,0x48, 0xCF,0x40, 0xCF,0x40, 0xCF,0x40, 0xCF,0x40, 0xCF,0x40, 0xAF,0x48, 0xAF,0x48, 0xCF,0x48, 0xCF,0x48,
 0xAF,0x48, 0xAF,0x48, 0xAF,0x48, 0xCF,0x48, 0xCF,0x48, 0xCF,0x48, 0xCF,0x48, 0x6C,0x40, 0x2A,0x40, 0x4A,0x40, 0x4A,0x40, 0x4A,0x40,
 0x4A,0x40, 0x4A,0x40, 0x4A,0x40, 0x4A,0x40, 0x4A,0x40, 0x4A,0x38, 0x4A,0x38, 0x2A,0x38, 0x4A,0x38, 0x2A,0x38, 0x4A,0x38, 0x4A,0x38,
 0x4A,0x38, 0x4A,0x38, 0x4A,0x38, 0x4A,0x38, 0x4A,0x38, 0x4A,0x38, 0x4A,0x38, 0x4A,0x38, 0x4A,0x38, 0x4A,0x38, 0x4A,0x38, 0x4A,0x30,
 0x49,0x30, 0x49,0x30, 0x49,0x30, 0x49,0x30, 0x49,0x30, 0x49,0x30, 0x49,0x30, 0x49,0x30, 0x49,0x30, 0x49,0x30, 0x49,0x30, 0x49,0x30,
 0x49,0x30, 0x49,0x30, 0x49,0x30, 0x49,0x30, 0x49,0x30, 0x49,0x28, 0x49,0x28, 0x48,0x28, 0x48,0x28, 0x48,0x28, 0x48,0x28, 0x48,0x28,

 0x88,0x00, 0x88,0x00, 0x88,0x00, 0x88,0x00, 0x88,0x00, 0x88,0x00, 0x88,0x00, 0x88,0x00, 0x88,0x00, 0x88,0x00, 0xA8,0x08, 0xA8,0x08,
 0xA9,0x08, 0xAA,0x08, 0xCC,0x08, 0xCD,0x10, 0x51,0x11, 0xBA,0x23, 0x18,0x23, 0x92,0x19, 0x71,0x19, 0x2F,0x11, 0x0D,0x09, 0xEB,0x08,
 0xEA,0x08, 0xEA,0x08, 0xEA,0x08, 0xC9,0x08, 0xEA,0x08, 0xE9,0x08, 0xEA,0x08, 0xEA,0x08, 0xEA,0x08, 0xE9,0x08, 0x46,0x00, 0x25,0x00,
 0x25,0x00, 0x87,0x00, 0xC9,0x08, 0x25,0x00, 0x25,0x00, 0x66,0x00, 0x45,0x00, 0x45,0x00, 0x45,0x00, 0x25,0x00, 0xC9,0x08, 0x88,0x08,
 0x25,0x00, 0x45,0x00, 0x25,0x00, 0x45,0x00, 0x45,0x08, 0x46,0x08, 0x46,0x08, 0x25,0x00, 0xC9,0x08, 0x67,0x08, 0x45,0x08, 0x46,0x08,
 0x46,0x08, 0x46,0x08, 0x46,0x08, 0x46,0x08, 0x46,0x08, 0x46,0x08, 0x46,0x08, 0x46,0x08, 0x46,0x08, 0x26,0x08, 0x26,0x08, 0x46,0x08,
 0xEA,0x10, 0x25,0x08, 0x26,0x10, 0x46,0x08, 0x46,0x08, 0x46,0x08, 0x46,0x08, 0xA9,0x10, 0x67,0x08, 0x26,0x10, 0x25,0x08, 0xA9,0x10,
 0x67,0x10, 0x26,0x10, 0x26,0x10, 0x89,0x10, 0x68,0x10, 0x26,0x10, 0x26,0x10, 0x89,0x18, 0x68,0x18, 0x26,0x10, 0x47,0x10, 0x46,0x18,
 0x46,0x18, 0x47,0x18, 0x47,0x18, 0x47,0x18, 0x47,0x18, 0x47,0x18, 0x26,0x18, 0x47,0x18, 0x6A,0x20, 0x6A,0x18, 0x6A,0x20, 0x6A,0x20,
 0x6A,0x20, 0x69,0x20, 0x69,0x20, 0x69,0x20, 0x69,0x20, 0x49,0x20, 0x49,0x20, 0x6B,0x20, 0x48,0x20, 0x48,0x20, 0x48,0x20, 0x48,0x20,
 0x47,0x20, 0xAB,0x28, 0x49,0x20, 0x28,0x20, 0x48,0x20, 0x69,0x28, 0xCC,0x30, 0x48,0x28, 0x48,0x28, 0x69,0x28, 0xCC,0x30, 0x48,0x28,
 0x48,0x28, 0x48,0x28, 0x8C,0x30, 0x49,0x28, 0x29,0x28, 0x49,0x28, 0x48,0x28, 0x49,0x28, 0x49,0x30, 0x29,0x28, 0x29,0x28, 0x49,0x30,
 0x49,0x30, 0x49,0x30, 0x49,0x30, 0x49,0x30, 0x29,0x30, 0x29,0x30, 0x29,0x30, 0x49,0x30, 0x49,0x30, 0x49,0x30, 0x8B,0x38, 0x8B,0x38,
 0x49,0x30, 0x49,0x30, 0x4A,0x38, 0x4A,0x38, 0x4A,0x38, 0x4A,0x38, 0x4A,0x38, 0x4A,0x38, 0x4A,0x38, 0x4A,0x38, 0x09,0x38, 0x4C,0x29,
 0x7A,0x3D, 0xCF,0x38, 0xAF,0x48, 0xAF,0x48, 0xAF,0x48, 0xAF,0x48, 0xAF,0x48, 0xCF,0x48, 0xAF,0x48, 0xAF,0x48, 0xCF,0x48, 0xAF,0x48,
 0xAF,0x48, 0xAF,0x48, 0xAF,0x48, 0xCF,0x48, 0xCF,0x48, 0xB0,0x40, 0xD0,0x48, 0x6C,0x40, 0x2A,0x40, 0x2A,0x40, 0x2A,0x40, 0x2A,0x40,
 0x2A,0x40, 0x2A,0x40, 0x4A,0x40, 0x4A,0x40, 0x4A,0x40, 0x4A,0x38, 0x4A,0x38, 0x2A,0x40, 0x2A,0x38, 0x4A,0x38, 0x2A,0x38, 0x2A,0x38,
 0x4A,0x38, 0x4A,0x38, 0x2A,0x38, 0x2A,0x38, 0x4A,0x38, 0x4A,0x38, 0x4A,0x38, 0x4A,0x38, 0x4A,0x38, 0x4A,0x38, 0x4A,0x38, 0x4A,0x38,
 0x4A,0x38, 0x49,0x38, 0x49,0x38, 0x49,0x30, 0x49,0x30, 0x49,0x30, 0x49,0x30, 0x49,0x30, 0x49,0x30, 0x49,0x30, 0x49,0x30, 0x49,0x30,
 0x49,0x30, 0x49,0x30, 0x49,0x30, 0x49,0x30, 0x49,0x30, 0x49,0x30, 0x49,0x28, 0x48,0x28, 0x48,0x28, 0x48,0x28, 0x48,0x28, 0x48,0x28,

 0x25,0x00, 0x25,0x00, 0x25,0x00, 0x25,0x00, 0x25,0x00, 0x25,0x00, 0x25,0x00, 0x25,0x00, 0x25,0x00, 0x25,0x00, 0x25,0x00, 0x26,0x00,
 0x47,0x00, 0x48,0x00, 0x6A,0x08, 0x8D,0x08, 0xB6,0x1A, 0x76,0x22, 0xD0,0x18, 0xAD,0x18, 0x6B,0x10, 0x49,0x08, 0x47,0x08, 0x26,0x00,
 0x26,0x00, 0x25,0x00, 0x25,0x00, 0x25,0x00, 0x25,0x00, 0x25,0x00, 0x25,0x00, 0x25,0x00, 0x25,0x00, 0x25,0x00, 0x45,0x00, 0x25,0x00,
 0x67,0x00, 0xC9,0x08, 0x25,0x00, 0x25,0x00, 0x25,0x00, 0x25,0x00, 0x25,0x00, 0x45,0x00, 0x25,0x00, 0xC9,0x08, 0xA8,0x08, 0x25,0x00,
 0x45,0x00, 0x45,0x00, 0x46,0x00, 0x46,0x00, 0x46,0x08, 0x46,0x08, 0x46,0x08, 0x25,0x00, 0xC9,0x08, 0x87,0x08, 0x45,0x08, 0x46,0x08,
 0x46,0x08, 0x46,0x08, 0x46,0x08, 0x46,0x08, 0x46,0x08, 0x46,0x08, 0x46,0x08, 0x46,0x08, 0x46,0x08, 0x26,0x10, 0x26,0x08, 0x67,0x08,
 0xEA,0x10, 0x25,0x08, 0x26,0x10, 0x46,0x08, 0x46,0x10, 0x46,0x10, 0x26,0x08, 0xA9,0x10, 0x67,0x10, 0x46,0x10, 0x26,0x10, 0xA9,0x10,
 0x88,0x10, 0x26,0x10, 0x26,0x10, 0xA9,0x10, 0x88,0x18, 0x26,0x10, 0x26,0x10, 0x89,0x18, 0x68,0x18, 0x26,0x10, 0x47,0x18, 0x47,0x18,
 0x47,0x18, 0x47,0x18, 0x47,0x18, 0x47,0x18, 0x47,0x18, 0x47,0x18, 0x46,0x18, 0x69,0x18, 0x6A,0x18, 0x6A,0x18, 0x6A,0x20, 0x6A,0x20,
 0x6A,0x20, 0x6A,0x20, 0x6A,0x20, 0x6A,0x20, 0x6A,0x20, 0x69,0x20, 0x49,0x20, 0x6B,0x20, 0x48,0x20, 0x28,0x20, 0x48,0x20, 0x48,0x20,
 0x47,0x20, 0xAB,0x28, 0x69,0x28, 0x48,0x20, 0x48,0x28, 0x69,0x28, 0xCC,0x30, 0x48,0x28, 0x48,0x28, 0x69,0x28, 0xCC,0x30, 0x48,0x28,
 0x49,0x28, 0x48,0x28, 0x8C,0x30, 0x49,0x30, 0x49,0x30, 0x49,0x28, 0x49,0x30, 0x49,0x30, 0x49,0x30, 0x49,0x30, 0x29,0x30, 0x49,0x30,
 0x49,0x30, 0x29,0x30, 0x29,0x30, 0x49,0x30, 0x29,0x30, 0x29,0x30, 0x49,0x30, 0x49,0x30, 0x49,0x38, 0x49,0x30, 0x8C,0x40, 0x8B,0x40,
 0x29,0x30, 0x4A,0x38, 0x4A,0x38, 0x4A,0x38, 0x4A,0x38, 0x4A,0x38, 0x4A,0x38, 0x4A,0x38, 0x4A,0x38, 0x4A,0x40, 0x09,0x40, 0x4C,0x29,
 0x9A,0x3D, 0xCF,0x38, 0xCF,0x48, 0xCF,0x48, 0xAF,0x48, 0xCF,0x48, 0xCF,0x48, 0xAF,0x48, 0xCF,0x48, 0xCF,0x48, 0xCF,0x48, 0xD0,0x48,
 0xD0,0x48, 0xD0,0x48, 0xD0,0x48, 0xD0,0x48, 0xD0,0x48, 0xD0,0x48, 0xD0,0x48, 0x6D,0x40, 0x4B,0x40, 0x4B,0x40, 0x4B,0x40, 0x4B,0x40,
 0x4B,0x40, 0x4B,0x40, 0x4A,0x40, 0x2A,0x40, 0x2A,0x40, 0x2B,0x40, 0x2B,0x40, 0x4B,0x40, 0x4A,0x40, 0x4A,0x40, 0x2A,0x38, 0x2A,0x40,
 0x2A,0x38, 0x2A,0x38, 0x2A,0x38, 0x2A,0x38, 0x4A,0x38, 0x4A,0x38, 0x4A,0x38, 0x4A,0x38, 0x4A,0x38, 0x4A,0x38, 0x4A,0x38, 0x4A,0x38,
 0x4A,0x38, 0x4A,0x38, 0x4A,0x38, 0x4A,0x30, 0x4A,0x30, 0x4A,0x30, 0x4A,0x30, 0x4A,0x30, 0x4A,0x30, 0x49,0x30, 0x49,0x30, 0x49,0x30,
 0x49,0x30, 0x49,0x30, 0x49,0x30, 0x49,0x30, 0x49,0x30, 0x49,0x30, 0x49,0x30, 0x49,0x28, 0x49,0x28, 0x49,0x28, 0x49,0x28, 0x49,0x28,

};

#endif /* LOGO_DATA_H */
