
../../../out/venusa/boot:     file format elf32-littleriscv


Disassembly of section .init:

00000000 <vector_base>:
   0:	6f 00 00 18 00 2c 00 00 0e 2c 00 00 1c 2c 00 00     o....,...,...,..
  10:	2a 2c 00 00 38 2c 00 00 46 2c 00 00 54 2c 00 00     *,..8,..F,..T,..
  20:	62 2c 00 00 70 2c 00 00 7e 2c 00 00 8c 2c 00 00     b,..p,..~,...,..
  30:	9a 2c 00 00 a8 2c 00 00 b6 2c 00 00 c4 2c 00 00     .,...,...,...,..
  40:	d2 2c 00 00 e0 2c 00 00 ee 2c 00 00 fc 2c 00 00     .,...,...,...,..
  50:	0a 2d 00 00 18 2d 00 00 26 2d 00 00 34 2d 00 00     .-...-..&-..4-..
  60:	42 2d 00 00 50 2d 00 00 5e 2d 00 00 6c 2d 00 00     B-..P-..^-..l-..
  70:	7a 2d 00 00 88 2d 00 00 96 2d 00 00 a4 2d 00 00     z-...-...-...-..
  80:	b2 2d 00 00 be 2d 00 00 ca 2d 00 00 d6 2d 00 00     .-...-...-...-..
  90:	e2 2d 00 00 ee 2d 00 00 fa 2d 00 00 06 2e 00 00     .-...-...-......
  a0:	12 2e 00 00 1e 2e 00 00 2a 2e 00 00 36 2e 00 00     ........*...6...
  b0:	42 2e 00 00 4e 2e 00 00 5a 2e 00 00 66 2e 00 00     B...N...Z...f...
  c0:	72 2e 00 00 7e 2e 00 00 8a 2e 00 00 96 2e 00 00     r...~...........
  d0:	a2 2e 00 00 ae 2e 00 00 ba 2e 00 00 c6 2e 00 00     ................
  e0:	d2 2e 00 00 de 2e 00 00 ea 2e 00 00 f6 2e 00 00     ................
  f0:	02 2f 00 00 0e 2f 00 00 1a 2f 00 00 26 2f 00 00     ./.../.../..&/..
 100:	32 2f 00 00 3e 2f 00 00 4a 2f 00 00 00 00 00 00     2/..>/..J/......
 110:	48 72 01 04 00 00 00 00 00 00 00 00 01 00 03 00     Hr..............
 120:	56 45 4e 55 53 41 5f 41 50 50 00 00 00 00 00 00     VENUSA_APP......
	...

00000150 <__sync_harts>:
#define CLINT_MSIP(base, hartid)    (*(volatile uint32_t *)((uintptr_t)((base) + ((hartid) * 4))))
#define SMP_CTRLREG(base, ofs)      (*(volatile uint32_t *)((uintptr_t)((base) + (ofs))))

__attribute__((section(".init"))) void __sync_harts(void)
{
}
 150:	8082                	ret
	...

00000180 <_start>:
 * Reset Handler called on controller reset
 */
_start:
    /* ===== Startup Stage 1 ===== */
    /* Disable Global Interrupt */
    csrc CSR_MSTATUS, MSTATUS_MIE
 180:	30047073          	csrc	mstatus,8

    /* wakeup process if existed */

    jal wakeup_process
 184:	4b3000ef          	jal	e36 <wakeup_process>
     * the core hartid is defined via BOOT_HARTID.
     * other harts if run to here, just do wfi in __amp_wait
     */
#ifndef SMP_CPU_CNT
    /* take bit 0-7 for hart id in a local cluster */
    csrr a0, CSR_MHARTID
 188:	f1402573          	csrr	a0,mhartid
    andi a0, a0, 0xFF
 18c:	0ff57513          	zext.b	a0,a0
    /* BOOT_HARTID is configurable in Makefile via BOOT_HARTID variable */
    li a1, BOOT_HARTID
 190:	4581                	li	a1,0
    bne a0, a1, __amp_wait
 192:	10b51c63          	bne	a0,a1,2aa <__amp_wait>
#endif

    /* Initialize GP and TP */
    .option push
    .option norelax
    la gp, __global_pointer$
 196:	20000197          	auipc	gp,0x20000
 19a:	75218193          	add	gp,gp,1874 # 200008e8 <__global_pointer$>
    la tp, __tls_base
 19e:	20000217          	auipc	tp,0x20000
 1a2:	40a20213          	add	tp,tp,1034 # 200005a8 <__bss_start>
    addi a1, a1, 1
    j 1b
2:
#else
    /* Set correct sp for current cpu */
    la sp, _sp
 1a6:	20008117          	auipc	sp,0x20008
 1aa:	e5a10113          	add	sp,sp,-422 # 20008000 <_sp>
    /*
     * Set the the NMI base mnvec to share
     * with mtvec by setting CSR_MMISC_CTL
     * bit 9 NMI_CAUSE_FFF to 1
     */
    li t0, MMISC_CTL_NMI_CAUSE_FFF
 1ae:	20000293          	li	t0,512
    csrs CSR_MMISC_CTL, t0
 1b2:	7d02a073          	csrs	mmisc_ctl,t0

    /*
     * Intialize ECLIC vector interrupt
     * base address mtvt to vector_base
     */
    la t0, vector_base
 1b6:	00000293          	li	t0,0
    csrw CSR_MTVT, t0
 1ba:	30729073          	csrw	mtvt,t0
     * Set ECLIC non-vector entry to be controlled
     * by mtvt2 CSR register.
     * Intialize ECLIC non-vector interrupt
     * base address mtvt2 to irq_entry.
     */
    la t0, irq_entry
 1be:	00005297          	auipc	t0,0x5
 1c2:	70228293          	add	t0,t0,1794 # 58c0 <irq_entry>
    csrw CSR_MTVT2, t0
 1c6:	7ec29073          	csrw	mtvt2,t0
    csrs CSR_MTVT2, 0x1
 1ca:	7ec0e073          	csrs	mtvt2,1
     * Due to settings above, Exception and NMI
     * will share common entry.
     * This early_exc_entry is only used during early
     * boot stage before main
     */
    la t0, early_exc_entry
 1ce:	00000297          	auipc	t0,0x0
 1d2:	0f228293          	add	t0,t0,242 # 2c0 <early_exc_entry>
    csrw CSR_MTVEC, t0
 1d6:	30529073          	csrw	mtvec,t0

    /* Set the interrupt processing mode to ECLIC mode */
    li t0, 0x3f
 1da:	03f00293          	li	t0,63
    csrc CSR_MTVEC, t0
 1de:	3052b073          	csrc	mtvec,t0
    csrs CSR_MTVEC, 0x3
 1e2:	3051e073          	csrs	mtvec,3
    /* ===== Startup Stage 2 ===== */

    /* Enable FPU and Vector Unit if f/d/v exist in march */
#if defined(__riscv_flen) && __riscv_flen > 0
    /* Enable FPU, and set state to initial */
    li t0, MSTATUS_FS
 1e6:	6299                	lui	t0,0x6
    csrc mstatus, t0
 1e8:	3002b073          	csrc	mstatus,t0
    li t0, MSTATUS_FS_INITIAL
 1ec:	6289                	lui	t0,0x2
    csrs mstatus, t0
 1ee:	3002a073          	csrs	mstatus,t0
    li t0, MSTATUS_VS_INITIAL
    csrs mstatus, t0
#endif

    /* Enable mcycle and minstret counter */
    csrci CSR_MCOUNTINHIBIT, 0x5
 1f2:	3202f073          	csrc	mcountinhibit,5

000001f6 <__init_common>:
    /* ===== Startup Stage 3 ===== */
    /*
     * Load text section from CODE ROM to CODE RAM
     * when text LMA is different with VMA
     */
    la a0, _text_lma
 1f6:	30000513          	li	a0,768
    la a1, _text
 1fa:	00000597          	auipc	a1,0x0
 1fe:	10658593          	add	a1,a1,262 # 300 <main>
    /* If text LMA and VMA are equal
     * then no need to copy text section */
    beq a0, a1, 2f
 202:	02b50063          	beq	a0,a1,222 <__init_common+0x2c>
    la a2, _etext
 206:	00007617          	auipc	a2,0x7
 20a:	56c60613          	add	a2,a2,1388 # 7772 <_etext>
    bgeu a1, a2, 2f
 20e:	00c5fa63          	bgeu	a1,a2,222 <__init_common+0x2c>

1:
    /* Load code section if necessary */
    lw t0, (a0)
 212:	00052283          	lw	t0,0(a0)
    sw t0, (a1)
 216:	0055a023          	sw	t0,0(a1)
    addi a0, a0, 4
 21a:	0511                	add	a0,a0,4
    addi a1, a1, 4
 21c:	0591                	add	a1,a1,4
    bltu a1, a2, 1b
 21e:	fec5eae3          	bltu	a1,a2,212 <__init_common+0x1c>
2:
    /* Load data section */
    la a0, _data_lma
 222:	00007517          	auipc	a0,0x7
 226:	55650513          	add	a0,a0,1366 # 7778 <_data_lma>
    la a1, _data
 22a:	20000597          	auipc	a1,0x20000
 22e:	dd658593          	add	a1,a1,-554 # 20000000 <flash_prog>
    /* If data vma=lma, no need to copy */
    beq a0, a1, 2f
 232:	00b50e63          	beq	a0,a1,24e <__init_common+0x58>
    la a2, _edata
 236:	cc018613          	add	a2,gp,-832 # 200005a8 <__bss_start>
    bgeu a1, a2, 2f
 23a:	00c5fa63          	bgeu	a1,a2,24e <__init_common+0x58>
1:
    lw t0, (a0)
 23e:	00052283          	lw	t0,0(a0)
    sw t0, (a1)
 242:	0055a023          	sw	t0,0(a1)
    addi a0, a0, 4
 246:	0511                	add	a0,a0,4
    addi a1, a1, 4
 248:	0591                	add	a1,a1,4
    bltu a1, a2, 1b
 24a:	fec5eae3          	bltu	a1,a2,23e <__init_common+0x48>
2:
    /* Clear bss section */
    la a0, __bss_start
 24e:	cc018513          	add	a0,gp,-832 # 200005a8 <__bss_start>
    la a1, _end
 252:	20001597          	auipc	a1,0x20001
 256:	f5258593          	add	a1,a1,-174 # 200011a4 <_end>
    bgeu a0, a1, 2f
 25a:	00b57763          	bgeu	a0,a1,268 <_start_premain>
1:
    sw zero, (a0)
 25e:	00052023          	sw	zero,0(a0)
    addi a0, a0, 4
 262:	0511                	add	a0,a0,4
    bltu a0, a1, 1b
 264:	feb56de3          	bltu	a0,a1,25e <__init_common+0x68>

00000268 <_start_premain>:
    /*
     * Call vendor defined SystemInit to
     * initialize the micro-controller system
     * SystemInit will just be called by boot cpu
     */
    call SystemInit
 268:	7f6020ef          	jal	2a5e <SystemInit>

    /* Call global constructors */
    la a0, __libc_fini_array
 26c:	00005517          	auipc	a0,0x5
 270:	73250513          	add	a0,a0,1842 # 599e <__libc_fini_array>
    call atexit
 274:	6c2050ef          	jal	5936 <atexit>
    /* Call C/C++ constructor start up code */
    call __libc_init_array
 278:	6c8050ef          	jal	5940 <__libc_init_array>

0000027c <__skip_init>:

__skip_init:
    /* Sync all harts at this function */
    call __sync_harts
 27c:	3dd1                	jal	150 <__sync_harts>
    /* do pre-init steps before main */
    /* _premain_init will be called by each cpu
     * please make sure the implementation of __premain_int
     * considered this
     */
    call _premain_init
 27e:	11d020ef          	jal	2b9a <_premain_init>
     * set exception entry to correct exception
     * entry and jump to main.
     * And set the interrupt processing mode to
     * ECLIC mode
     */
    la t0, exc_entry
 282:	00005297          	auipc	t0,0x5
 286:	5be28293          	add	t0,t0,1470 # 5840 <exc_entry>
    csrw CSR_MTVEC, t0
 28a:	30529073          	csrw	mtvec,t0
    li t0, 0x3f
 28e:	03f00293          	li	t0,63
    csrc CSR_MTVEC, t0
 292:	3052b073          	csrc	mtvec,t0
    csrs CSR_MTVEC, 0x3
 296:	3051e073          	csrs	mtvec,3

    /* BPU cold bringup need time, so enable BPU before enter to main */
    li t0, MMISC_CTL_BPU
 29a:	42a1                	li	t0,8
    csrs CSR_MMISC_CTL, t0
 29c:	7d02a073          	csrs	mmisc_ctl,t0

    /* ===== Call SMP Main Function  ===== */
    /* argc = argv = 0 */
    li a0, 0
 2a0:	4501                	li	a0,0
    li a1, 0
 2a2:	4581                	li	a1,0
#else
#ifdef RTOS_RTTHREAD
    // Call entry function when using RT-Thread
    call entry
#else
    call main
 2a4:	28b1                	jal	300 <main>
#endif
#endif
    /* do post-main steps after main
     * this function will be called by each cpu */
    call _postmain_fini
 2a6:	7a0020ef          	jal	2a46 <_postmain_fini>

000002aa <__amp_wait>:

__amp_wait:
1:
    wfi
 2aa:	10500073          	wfi
    j 1b
 2ae:	bff5                	j	2aa <__amp_wait>
 2b0:	00000013          	nop
 2b4:	00000013          	nop
 2b8:	00000013          	nop
 2bc:	00000013          	nop

000002c0 <early_exc_entry>:
/* Early boot exception entry before main */
.align 6
.global early_exc_entry
.type early_exc_entry, @function
early_exc_entry:
    wfi
 2c0:	10500073          	wfi
    j early_exc_entry
 2c4:	bff5                	j	2c0 <early_exc_entry>
	...

Disassembly of section .text:

00000300 <main>:
		}
	}
}

int main(void) 
{
     300:	1141                	add	sp,sp,-16
     302:	c606                	sw	ra,12(sp)
 * \sa
 * - \ref EnableDCache
 */
__STATIC_FORCEINLINE void DisableDCache(void)
{
    __RV_CSR_CLEAR(CSR_MCACHE_CTL, MCACHE_CTL_DC_EN);
     304:	67c1                	lui	a5,0x10
     306:	7ca7b073          	csrc	mcache_ctl,a5
	DisableDCache();

    xo24m_process();
     30a:	363000ef          	jal	e6c <xo24m_process>

    bool valid;
    uint8_t *buf = (uint8_t *)SLIP_RX_BUF;
    int32_t boot_ops;

    system_init(0);
     30e:	4501                	li	a0,0
     310:	27b000ef          	jal	d8a <system_init>

    uvlo_process();
     314:	40d000ef          	jal	f20 <uvlo_process>
#ifdef ROM_DBG
	logInit(0, 115200);
#endif
	BOOT_LOG("booting...");

	boot_ops = get_boot_opt();
     318:	2d1000ef          	jal	de8 <get_boot_opt>

	BOOT_LOG("boot_ops = %d", boot_ops);
	if(!boot_ops) {
     31c:	e119                	bnez	a0,322 <main+0x22>
		// enter upgrade mode
		upgrade();
     31e:	2af000ef          	jal	dcc <upgrade>
		return 0;
	}

	if(flash_img_is_valid(buf)) {
     322:	20008537          	lui	a0,0x20008
     326:	137000ef          	jal	c5c <flash_img_is_valid>
     32a:	d975                	beqz	a0,31e <main+0x1e>
		// boot from flash
		boot_flash();
     32c:	23f000ef          	jal	d6a <boot_flash>
     330:	b7fd                	j	31e <main+0x1e>

00000332 <efuse_boot_xo24_enable>:
#include "efuse.h"

int efuse_boot_xo24_enable()
{
    int ret = -1;
    uint32_t value = *((uint32_t *)&(IP_EFUSE_CTRL->REG_AUTO_LOAD_04)) & 0x1E000;
     332:	455007b7          	lui	a5,0x45500
    uint32_t bits = (value >> 13) & 0xF;
     336:	0907a783          	lw	a5,144(a5) # 45500090 <_sp+0x254f8090>
     33a:	83b5                	srl	a5,a5,0xd
     33c:	8bbd                	and	a5,a5,15

    int count = 0;
    for(int i = 0; i < 4; i++) {
     33e:	4701                	li	a4,0
    int count = 0;
     340:	4501                	li	a0,0
    for(int i = 0; i < 4; i++) {
     342:	4691                	li	a3,4
        if(bits & (1 << i)) {
            count++;
     344:	48e7d633          	bext	a2,a5,a4
    for(int i = 0; i < 4; i++) {
     348:	0705                	add	a4,a4,1
            count++;
     34a:	9532                	add	a0,a0,a2
    for(int i = 0; i < 4; i++) {
     34c:	fed71ce3          	bne	a4,a3,344 <efuse_boot_xo24_enable+0x12>
        }
    }

    if (count % 2 == 1) {
     350:	4789                	li	a5,2
     352:	02f56533          	rem	a0,a0,a5
     356:	157d                	add	a0,a0,-1 # 20007fff <_end+0x6e5b>
    } else {
        ret = 1; //Even number of '1's: return 1 (XO24M enable)
    }

    return ret;
}
     358:	00a03533          	snez	a0,a0
     35c:	8082                	ret

0000035e <efuse_boot_uvlo_enable>:

int efuse_boot_uvlo_enable()
{
	int ret = -1;
	char *buf = (char *)&(IP_EFUSE_CTRL->REG_AUTO_LOAD_09);
	if ((buf[3] & 0x80) == 0)
     35e:	455007b7          	lui	a5,0x45500
     362:	0a778503          	lb	a0,167(a5) # 455000a7 <_sp+0x254f80a7>
     366:	fff54513          	not	a0,a0
		ret = 1;
	else
		ret = 0;

	return ret;
}
     36a:	817d                	srl	a0,a0,0x1f
     36c:	8082                	ret

0000036e <efuse_read_word>:

int8_t efuse_read_word(uint8_t addr, uint32_t *val)
{
    int8_t ret = -1;

    if (addr < 0x10) {
     36e:	47bd                	li	a5,15
     370:	02a7ee63          	bltu	a5,a0,3ac <efuse_read_word+0x3e>
        IP_EFUSE_CTRL->REG_CMD_CTL.bit.EFU_CMD_ADDR  = addr;
     374:	455007b7          	lui	a5,0x45500
     378:	4798                	lw	a4,8(a5)
     37a:	e0077713          	and	a4,a4,-512
     37e:	8d59                	or	a0,a0,a4
     380:	c788                	sw	a0,8(a5)
        IP_EFUSE_CTRL->REG_CMD_CTL.bit.EFU_CMD_TYPE  = 0; //read mode
     382:	4798                	lw	a4,8(a5)
     384:	49271713          	bclr	a4,a4,0x12
     388:	c798                	sw	a4,8(a5)
        IP_EFUSE_CTRL->REG_CMD_CTL.bit.EFU_MARGIN_RD = 0; //normal read
     38a:	4798                	lw	a4,8(a5)
     38c:	49471713          	bclr	a4,a4,0x14
     390:	c798                	sw	a4,8(a5)
        IP_EFUSE_CTRL->REG_CMD_CTL.bit.EFU_CMD_START = 1;
     392:	4798                	lw	a4,8(a5)
     394:	29071713          	bset	a4,a4,0x10
     398:	c798                	sw	a4,8(a5)
        while(IP_EFUSE_CTRL->REG_CMD_CTL.bit.EFU_CMD_START);
     39a:	4798                	lw	a4,8(a5)
     39c:	00f71693          	sll	a3,a4,0xf
     3a0:	fe06cde3          	bltz	a3,39a <efuse_read_word+0x2c>
        *val = IP_EFUSE_CTRL->REG_RD_DATA.all;
     3a4:	4fdc                	lw	a5,28(a5)
     3a6:	c19c                	sw	a5,0(a1)
        ret = 0;
     3a8:	4501                	li	a0,0
     3aa:	8082                	ret
    int8_t ret = -1;
     3ac:	557d                	li	a0,-1
    }
    return ret;
}
     3ae:	8082                	ret

000003b0 <efuse_program_ctrl>:

void efuse_program_ctrl(char enable)
{
    if(enable) {    // enable program
     3b0:	455007b7          	lui	a5,0x45500
        if(!IP_EFUSE_CTRL->REG_PROG_PROTECT.all) {
     3b4:	53d8                	lw	a4,36(a5)
    if(enable) {    // enable program
     3b6:	c901                	beqz	a0,3c6 <efuse_program_ctrl+0x16>
        if(!IP_EFUSE_CTRL->REG_PROG_PROTECT.all) {
     3b8:	eb01                	bnez	a4,3c8 <efuse_program_ctrl+0x18>
            IP_EFUSE_CTRL->REG_PROG_PROTECT.all = 0xcafeef02;
        }
    } else {    // disable program
        if(IP_EFUSE_CTRL->REG_PROG_PROTECT.all) {
            IP_EFUSE_CTRL->REG_PROG_PROTECT.all = 0xcafeef02;
     3ba:	cafef737          	lui	a4,0xcafef
     3be:	f0270713          	add	a4,a4,-254 # cafeef02 <_sp+0xaafe6f02>
     3c2:	d3d8                	sw	a4,36(a5)
        }
    }
}
     3c4:	8082                	ret
        if(IP_EFUSE_CTRL->REG_PROG_PROTECT.all) {
     3c6:	fb75                	bnez	a4,3ba <efuse_program_ctrl+0xa>
}
     3c8:	8082                	ret

000003ca <efuse_write_bit>:
    return ret;
}

int8_t efuse_write_bit(uint8_t addr, uint8_t bit) {
    int8_t ret = -1;
    if (addr < 0x10 && bit < 0x20) {
     3ca:	473d                	li	a4,15
int8_t efuse_write_bit(uint8_t addr, uint8_t bit) {
     3cc:	87aa                	mv	a5,a0
    if (addr < 0x10 && bit < 0x20) {
     3ce:	04a76163          	bltu	a4,a0,410 <efuse_write_bit+0x46>
     3d2:	477d                	li	a4,31
    int8_t ret = -1;
     3d4:	557d                	li	a0,-1
    if (addr < 0x10 && bit < 0x20) {
     3d6:	02b76e63          	bltu	a4,a1,412 <efuse_write_bit+0x48>
        IP_EFUSE_CTRL->REG_CMD_CTL.bit.EFU_CMD_ADDR = (bit << 4) | addr;
     3da:	0592                	sll	a1,a1,0x4
     3dc:	00f5e533          	or	a0,a1,a5
     3e0:	455007b7          	lui	a5,0x45500
     3e4:	4798                	lw	a4,8(a5)
     3e6:	1ff57513          	and	a0,a0,511
     3ea:	e0077713          	and	a4,a4,-512
     3ee:	8f49                	or	a4,a4,a0
     3f0:	c798                	sw	a4,8(a5)
		IP_EFUSE_CTRL->REG_CMD_CTL.bit.EFU_CMD_TYPE = 1;  //program mode
     3f2:	4798                	lw	a4,8(a5)
     3f4:	29271713          	bset	a4,a4,0x12
     3f8:	c798                	sw	a4,8(a5)
		IP_EFUSE_CTRL->REG_CMD_CTL.bit.EFU_CMD_START = 1;
     3fa:	4798                	lw	a4,8(a5)
     3fc:	29071713          	bset	a4,a4,0x10
     400:	c798                	sw	a4,8(a5)
		while(IP_EFUSE_CTRL->REG_CMD_CTL.bit.EFU_CMD_START);
     402:	4798                	lw	a4,8(a5)
     404:	00f71693          	sll	a3,a4,0xf
     408:	fe06cde3          	bltz	a3,402 <efuse_write_bit+0x38>
     40c:	4501                	li	a0,0
     40e:	8082                	ret
    int8_t ret = -1;
     410:	557d                	li	a0,-1
		ret = 0;
    }
    return ret;
}
     412:	8082                	ret

00000414 <efuse_write_word>:
    if (addr < 0x10) {
     414:	47bd                	li	a5,15
     416:	04a7e163          	bltu	a5,a0,458 <efuse_write_word+0x44>
int8_t efuse_write_word(uint8_t addr, uint32_t val) {
     41a:	1101                	add	sp,sp,-32
     41c:	cc22                	sw	s0,24(sp)
     41e:	ca26                	sw	s1,20(sp)
     420:	c84a                	sw	s2,16(sp)
     422:	c64e                	sw	s3,12(sp)
     424:	ce06                	sw	ra,28(sp)
     426:	84aa                	mv	s1,a0
     428:	892e                	mv	s2,a1
     42a:	4401                	li	s0,0
        for(i = 0; i < 32; i++) {
     42c:	02000993          	li	s3,32
            if(val & (1UL << i)) {
     430:	488957b3          	bext	a5,s2,s0
     434:	ef81                	bnez	a5,44c <efuse_write_word+0x38>
        for(i = 0; i < 32; i++) {
     436:	0405                	add	s0,s0,1
     438:	ff341ce3          	bne	s0,s3,430 <efuse_write_word+0x1c>
     43c:	4501                	li	a0,0
}
     43e:	40f2                	lw	ra,28(sp)
     440:	4462                	lw	s0,24(sp)
     442:	44d2                	lw	s1,20(sp)
     444:	4942                	lw	s2,16(sp)
     446:	49b2                	lw	s3,12(sp)
     448:	6105                	add	sp,sp,32
     44a:	8082                	ret
                ret = efuse_write_bit(addr, i);
     44c:	0ff47593          	zext.b	a1,s0
     450:	8526                	mv	a0,s1
     452:	3fa5                	jal	3ca <efuse_write_bit>
                if (ret) {
     454:	d16d                	beqz	a0,436 <efuse_write_word+0x22>
     456:	b7e5                	j	43e <efuse_write_word+0x2a>
        ret = -1;
     458:	557d                	li	a0,-1
}
     45a:	8082                	ret

0000045c <process_thread_erase_a_block_process>:
    process_start(&program_process, NULL);
}

//int flash_erase_a_sector(FLASH_DEV *dev, unsigned int FlashAddr)
PROCESS_THREAD(erase_a_block_process, ev, data)
{
     45c:	7139                	add	sp,sp,-64
     45e:	da26                	sw	s1,52(sp)
    static unsigned int j, RetData;
    int ret;
    unsigned int result, timeout = flash_dev.timeout;
     460:	200004b7          	lui	s1,0x20000
     464:	08848793          	add	a5,s1,136 # 20000088 <flash_dev>
{
     468:	d64e                	sw	s3,44(sp)
    unsigned int result, timeout = flash_dev.timeout;
     46a:	0087a983          	lw	s3,8(a5) # 45500008 <_sp+0x254f8008>
    static unsigned long FlashAddr;
    uint32_t remain_size = 0;

    PROCESS_BEGIN();
     46e:	00055783          	lhu	a5,0(a0)
{
     472:	d84a                	sw	s2,48(sp)
     474:	de06                	sw	ra,60(sp)
     476:	dc22                	sw	s0,56(sp)
     478:	d452                	sw	s4,40(sp)
     47a:	d256                	sw	s5,36(sp)
     47c:	d05a                	sw	s6,32(sp)
     47e:	ce5e                	sw	s7,28(sp)
    PROCESS_BEGIN();
     480:	05300713          	li	a4,83
{
     484:	892a                	mv	s2,a0
    PROCESS_BEGIN();
     486:	12e78663          	beq	a5,a4,5b2 <process_thread_erase_a_block_process+0x156>
     48a:	02f76663          	bltu	a4,a5,4b6 <process_thread_erase_a_block_process+0x5a>
     48e:	cfc9                	beqz	a5,528 <process_thread_erase_a_block_process+0xcc>
     490:	03500713          	li	a4,53
     494:	06e78163          	beq	a5,a4,4f6 <process_thread_erase_a_block_process+0x9a>
     498:	4781                	li	a5,0
     49a:	450d                	li	a0,3
				goto END;
			} else if(RetData & SPIROM_SR_WEL_MASK) {
				break;
			}
			process_poll(&erase_a_block_process);
			PROCESS_YIELD();
     49c:	00f91023          	sh	a5,0(s2)
		END:
		process_post(&flash_prog_process, PROCESS_EVENT_CONTINUE, (void *)ret);
    }

    PROCESS_END();
}
     4a0:	50f2                	lw	ra,60(sp)
     4a2:	5462                	lw	s0,56(sp)
     4a4:	54d2                	lw	s1,52(sp)
     4a6:	5942                	lw	s2,48(sp)
     4a8:	59b2                	lw	s3,44(sp)
     4aa:	5a22                	lw	s4,40(sp)
     4ac:	5a92                	lw	s5,36(sp)
     4ae:	5b02                	lw	s6,32(sp)
     4b0:	4bf2                	lw	s7,28(sp)
     4b2:	6121                	add	sp,sp,64
     4b4:	8082                	ret
    PROCESS_BEGIN();
     4b6:	06e00713          	li	a4,110
     4ba:	00e78a63          	beq	a5,a4,4ce <process_thread_erase_a_block_process+0x72>
     4be:	09200713          	li	a4,146
     4c2:	fce79be3          	bne	a5,a4,498 <process_thread_erase_a_block_process+0x3c>
		for(j = 1; j < timeout; j++) {
     4c6:	d341a783          	lw	a5,-716(gp) # 2000061c <j.8>
     4ca:	0785                	add	a5,a5,1
     4cc:	aa9d                	j	642 <process_thread_erase_a_block_process+0x1e6>
            for(j = 1; j < timeout; j++) {
     4ce:	d341a783          	lw	a5,-716(gp) # 2000061c <j.8>
     4d2:	0785                	add	a5,a5,1
    uint32_t remain_size = 0;
     4d4:	4401                	li	s0,0
            for(j = 1; j < timeout; j++) {
     4d6:	4501                	li	a0,0
     4d8:	d2f1aa23          	sw	a5,-716(gp) # 2000061c <j.8>
     4dc:	0f37e763          	bltu	a5,s3,5ca <process_thread_erase_a_block_process+0x16e>
            if((RetData & (SPIROM_SR_WIP_MASK | SPIROM_SR_WEL_MASK)) != 0) {
     4e0:	d381a783          	lw	a5,-712(gp) # 20000620 <RetData.9>
     4e4:	8b8d                	and	a5,a5,3
     4e6:	eb85                	bnez	a5,516 <process_thread_erase_a_block_process+0xba>
            flash_prog.erase_size += remain_size;
     4e8:	200007b7          	lui	a5,0x20000
     4ec:	00078793          	mv	a5,a5
     4f0:	479c                	lw	a5,8(a5)
                flash_prog.erase_size += SPIROM_SECTOR_SIZE;
     4f2:	943e                	add	s0,s0,a5
     4f4:	a281                	j	634 <process_thread_erase_a_block_process+0x1d8>
    	if(ev != PROCESS_EVENT_POLL) {
     4f6:	08200793          	li	a5,130
     4fa:	02f59b63          	bne	a1,a5,530 <process_thread_erase_a_block_process+0xd4>
		result = spirom_cmd_send(&flash_dev, SPIROM_CMD_WREN, 0x0, 0, NULL, &RetData);
     4fe:	d3818793          	add	a5,gp,-712 # 20000620 <RetData.9>
     502:	4701                	li	a4,0
     504:	4681                	li	a3,0
     506:	4601                	li	a2,0
     508:	458d                	li	a1,3
     50a:	08848513          	add	a0,s1,136
     50e:	11e060ef          	jal	662c <spirom_cmd_send>
		if(result != 0) {
     512:	4785                	li	a5,1
     514:	c155                	beqz	a0,5b8 <process_thread_erase_a_block_process+0x15c>
				ret = -1;
     516:	567d                	li	a2,-1
		process_post(&flash_prog_process, PROCESS_EVENT_CONTINUE, (void *)ret);
     518:	20000537          	lui	a0,0x20000
     51c:	08500593          	li	a1,133
     520:	07850513          	add	a0,a0,120 # 20000078 <flash_prog_process>
     524:	76b020ef          	jal	348e <process_post>
    	PROCESS_WAIT_EVENT();
     528:	03500793          	li	a5,53
     52c:	4505                	li	a0,1
     52e:	b7bd                	j	49c <process_thread_erase_a_block_process+0x40>
    		FlashAddr = *((unsigned long *)data);
     530:	421c                	lw	a5,0(a2)
     532:	d2f1ae23          	sw	a5,-708(gp) # 20000624 <FlashAddr.10>
    		if(FlashAddr & (SPIROM_SECTOR_SIZE - 1)) { //not align with sector
     536:	07d2                	sll	a5,a5,0x14
     538:	d3f9                	beqz	a5,4fe <process_thread_erase_a_block_process+0xa2>
     53a:	bff1                	j	516 <process_thread_erase_a_block_process+0xba>
			result = spirom_cmd_send(&flash_dev, SPIROM_CMD_RDST, 0x0, 0, NULL, &RetData);
     53c:	d3818793          	add	a5,gp,-712 # 20000620 <RetData.9>
     540:	4701                	li	a4,0
     542:	4681                	li	a3,0
     544:	4601                	li	a2,0
     546:	4589                	li	a1,2
     548:	08848513          	add	a0,s1,136
     54c:	0e0060ef          	jal	662c <spirom_cmd_send>
			if(result != 0) {
     550:	f179                	bnez	a0,516 <process_thread_erase_a_block_process+0xba>
			if(RetData & SPIROM_SR_BP_MASK) {
     552:	d381a783          	lw	a5,-712(gp) # 20000620 <RetData.9>
     556:	03c7f713          	and	a4,a5,60
     55a:	ff55                	bnez	a4,516 <process_thread_erase_a_block_process+0xba>
			} else if(RetData & SPIROM_SR_WEL_MASK) {
     55c:	8b89                	and	a5,a5,2
     55e:	c3a9                	beqz	a5,5a0 <process_thread_erase_a_block_process+0x144>
		remain_size = flash_prog.flash_offset + flash_prog.total_size - FlashAddr;
     560:	20000b37          	lui	s6,0x20000
     564:	000b0b93          	mv	s7,s6
     568:	d3c1a603          	lw	a2,-708(gp) # 20000624 <FlashAddr.10>
     56c:	004ba403          	lw	s0,4(s7)
     570:	000ba783          	lw	a5,0(s7)
     574:	8c11                	sub	s0,s0,a2
     576:	943e                	add	s0,s0,a5
        if(flash_chip_erase == 1) {
     578:	d401aa03          	lw	s4,-704(gp) # 20000628 <flash_chip_erase>
     57c:	4785                	li	a5,1
     57e:	000b0b13          	mv	s6,s6
     582:	08fa1763          	bne	s4,a5,610 <process_thread_erase_a_block_process+0x1b4>
            result = spirom_cmd_send(&flash_dev, SPIROM_OP_CHIP_ERASE, 0x0, 0, NULL, &RetData);
     586:	d3818793          	add	a5,gp,-712 # 20000620 <RetData.9>
     58a:	4701                	li	a4,0
     58c:	4681                	li	a3,0
     58e:	4601                	li	a2,0
     590:	06000593          	li	a1,96
     594:	08848513          	add	a0,s1,136
     598:	094060ef          	jal	662c <spirom_cmd_send>
            for(j = 1; j < timeout; j++) {
     59c:	87d2                	mv	a5,s4
     59e:	bf2d                	j	4d8 <process_thread_erase_a_block_process+0x7c>
			process_poll(&erase_a_block_process);
     5a0:	20000537          	lui	a0,0x20000
     5a4:	06850513          	add	a0,a0,104 # 20000068 <erase_a_block_process>
     5a8:	769020ef          	jal	3510 <process_poll>
			PROCESS_YIELD();
     5ac:	05300793          	li	a5,83
     5b0:	bfb5                	j	52c <process_thread_erase_a_block_process+0xd0>
		for(j = 1; j < timeout; j++) {
     5b2:	d341a783          	lw	a5,-716(gp) # 2000061c <j.8>
     5b6:	0785                	add	a5,a5,1 # 20000001 <flash_prog+0x1>
     5b8:	d2f1aa23          	sw	a5,-716(gp) # 2000061c <j.8>
     5bc:	f937e0e3          	bltu	a5,s3,53c <process_thread_erase_a_block_process+0xe0>
		if((RetData & SPIROM_SR_WEL_MASK) == 0) {
     5c0:	d381a783          	lw	a5,-712(gp) # 20000620 <RetData.9>
     5c4:	8b89                	and	a5,a5,2
     5c6:	ffc9                	bnez	a5,560 <process_thread_erase_a_block_process+0x104>
     5c8:	b7b9                	j	516 <process_thread_erase_a_block_process+0xba>
                result = spirom_cmd_send(&flash_dev, SPIROM_CMD_RDST, 0x0, 0, NULL, &RetData);          
     5ca:	d3818793          	add	a5,gp,-712 # 20000620 <RetData.9>
     5ce:	4701                	li	a4,0
     5d0:	4681                	li	a3,0
     5d2:	4601                	li	a2,0
     5d4:	4589                	li	a1,2
     5d6:	08848513          	add	a0,s1,136
     5da:	052060ef          	jal	662c <spirom_cmd_send>
                volatile int delay = 10000;
     5de:	6789                	lui	a5,0x2
     5e0:	71078793          	add	a5,a5,1808 # 2710 <mbedtls_md5_finish_ret+0x3e>
     5e4:	c63e                	sw	a5,12(sp)
                while(delay--)
     5e6:	47b2                	lw	a5,12(sp)
     5e8:	fff78713          	add	a4,a5,-1
     5ec:	c63a                	sw	a4,12(sp)
     5ee:	ffe5                	bnez	a5,5e6 <process_thread_erase_a_block_process+0x18a>
                if(result != 0) {
     5f0:	f20513e3          	bnez	a0,516 <process_thread_erase_a_block_process+0xba>
                if((RetData & (SPIROM_SR_WIP_MASK | SPIROM_SR_WEL_MASK)) == 0) {
     5f4:	d381a503          	lw	a0,-712(gp) # 20000620 <RetData.9>
     5f8:	890d                	and	a0,a0,3
     5fa:	ee0507e3          	beqz	a0,4e8 <process_thread_erase_a_block_process+0x8c>
                process_poll(&erase_a_block_process);
     5fe:	20000537          	lui	a0,0x20000
     602:	06850513          	add	a0,a0,104 # 20000068 <erase_a_block_process>
     606:	70b020ef          	jal	3510 <process_poll>
     60a:	06e00793          	li	a5,110
     60e:	bf39                	j	52c <process_thread_erase_a_block_process+0xd0>
            if(!(FlashAddr & SPIROM_BLK64_MASK) && remain_size >= SPIROM_BLK64_SIZE) {
     610:	080647b3          	zext.h	a5,a2
     614:	e3bd                	bnez	a5,67a <process_thread_erase_a_block_process+0x21e>
     616:	6a41                	lui	s4,0x10
     618:	07446463          	bltu	s0,s4,680 <process_thread_erase_a_block_process+0x224>
                result = spirom_cmd_send(&flash_dev, SPIROM_CMD_ERASE_B64, FlashAddr, 0, NULL, &RetData);
     61c:	d3818793          	add	a5,gp,-712 # 20000620 <RetData.9>
     620:	4701                	li	a4,0
     622:	4681                	li	a3,0
     624:	45c5                	li	a1,17
     626:	08848513          	add	a0,s1,136
     62a:	002060ef          	jal	662c <spirom_cmd_send>
                flash_prog.erase_size += SPIROM_BLK64_SIZE;
     62e:	008ba403          	lw	s0,8(s7)
                flash_prog.erase_size += SPIROM_BLK32_SIZE;
     632:	9452                	add	s0,s0,s4
            flash_prog.erase_size += remain_size;
     634:	200007b7          	lui	a5,0x20000
     638:	0087a423          	sw	s0,8(a5) # 20000008 <flash_prog+0x8>
		if(result != 0) {
     63c:	4785                	li	a5,1
     63e:	ec051ce3          	bnez	a0,516 <process_thread_erase_a_block_process+0xba>
		for(j = 1; j < timeout; j++) {
     642:	d2f1aa23          	sw	a5,-716(gp) # 2000061c <j.8>
     646:	0337f263          	bgeu	a5,s3,66a <process_thread_erase_a_block_process+0x20e>
			result = spirom_cmd_send(&flash_dev, SPIROM_CMD_RDST, 0x0, 0, NULL, &RetData);
     64a:	d3818793          	add	a5,gp,-712 # 20000620 <RetData.9>
     64e:	4701                	li	a4,0
     650:	4681                	li	a3,0
     652:	4601                	li	a2,0
     654:	4589                	li	a1,2
     656:	08848513          	add	a0,s1,136
     65a:	7d3050ef          	jal	662c <spirom_cmd_send>
			if(result != 0) {
     65e:	ea051ce3          	bnez	a0,516 <process_thread_erase_a_block_process+0xba>
			if((RetData & (SPIROM_SR_WIP_MASK | SPIROM_SR_WEL_MASK)) == 0) {
     662:	d381a783          	lw	a5,-712(gp) # 20000620 <RetData.9>
     666:	8b8d                	and	a5,a5,3
     668:	eba1                	bnez	a5,6b8 <process_thread_erase_a_block_process+0x25c>
		if((RetData & (SPIROM_SR_WIP_MASK | SPIROM_SR_WEL_MASK)) != 0) {
     66a:	d381a603          	lw	a2,-712(gp) # 20000620 <RetData.9>
     66e:	8a0d                	and	a2,a2,3
     670:	00c03633          	snez	a2,a2
     674:	40c00633          	neg	a2,a2
     678:	b545                	j	518 <process_thread_erase_a_block_process+0xbc>
            } else if(!(FlashAddr & SPIROM_BLK32_MASK) && remain_size >= SPIROM_BLK32_SIZE) {
     67a:	01161793          	sll	a5,a2,0x11
     67e:	e385                	bnez	a5,69e <process_thread_erase_a_block_process+0x242>
     680:	6a21                	lui	s4,0x8
     682:	01446e63          	bltu	s0,s4,69e <process_thread_erase_a_block_process+0x242>
                result = spirom_cmd_send(&flash_dev, SPIROM_CMD_ERASE_B32, FlashAddr, 0, NULL, &RetData);
     686:	d3818793          	add	a5,gp,-712 # 20000620 <RetData.9>
     68a:	4701                	li	a4,0
     68c:	4681                	li	a3,0
     68e:	45c1                	li	a1,16
     690:	08848513          	add	a0,s1,136
     694:	799050ef          	jal	662c <spirom_cmd_send>
                flash_prog.erase_size += SPIROM_BLK32_SIZE;
     698:	008b2403          	lw	s0,8(s6) # 20000008 <flash_prog+0x8>
     69c:	bf59                	j	632 <process_thread_erase_a_block_process+0x1d6>
                result = spirom_cmd_send(&flash_dev, SPIROM_CMD_ERASE, FlashAddr, 0, NULL, &RetData);
     69e:	d3818793          	add	a5,gp,-712 # 20000620 <RetData.9>
     6a2:	4701                	li	a4,0
     6a4:	4681                	li	a3,0
     6a6:	4595                	li	a1,5
     6a8:	08848513          	add	a0,s1,136
     6ac:	781050ef          	jal	662c <spirom_cmd_send>
                flash_prog.erase_size += SPIROM_SECTOR_SIZE;
     6b0:	6785                	lui	a5,0x1
     6b2:	008b2403          	lw	s0,8(s6)
     6b6:	bd35                	j	4f2 <process_thread_erase_a_block_process+0x96>
			process_poll(&erase_a_block_process);
     6b8:	20000537          	lui	a0,0x20000
     6bc:	06850513          	add	a0,a0,104 # 20000068 <erase_a_block_process>
     6c0:	651020ef          	jal	3510 <process_poll>
			PROCESS_YIELD();
     6c4:	09200793          	li	a5,146
     6c8:	b595                	j	52c <process_thread_erase_a_block_process+0xd0>

000006ca <process_thread_program_process>:


//int program_a_sector(FLASH_DEV *dev, unsigned int FlashAddr, unsigned char* start, unsigned int DataSize)
PROCESS_THREAD(program_process, ev, data)
{
     6ca:	1101                	add	sp,sp,-32
     6cc:	cc22                	sw	s0,24(sp)
	unsigned int result, timeout = flash_dev.timeout;
     6ce:	20000437          	lui	s0,0x20000
     6d2:	08840793          	add	a5,s0,136 # 20000088 <flash_dev>
{
     6d6:	c84a                	sw	s2,16(sp)
	unsigned int result, timeout = flash_dev.timeout;
     6d8:	0087a903          	lw	s2,8(a5) # 1008 <__HEAP_SIZE+0x8>
	int ret;
	static unsigned int j, RetData, flash_addr, remain_size, step_size;
	static unsigned char *data_buf;

	PROCESS_BEGIN();
     6dc:	00055783          	lhu	a5,0(a0)
{
     6e0:	ca26                	sw	s1,20(sp)
     6e2:	ce06                	sw	ra,28(sp)
     6e4:	c64e                	sw	s3,12(sp)
	PROCESS_BEGIN();
     6e6:	0ce00713          	li	a4,206
{
     6ea:	84aa                	mv	s1,a0
	PROCESS_BEGIN();
     6ec:	10e78c63          	beq	a5,a4,804 <process_thread_program_process+0x13a>
     6f0:	02f76263          	bltu	a4,a5,714 <process_thread_program_process+0x4a>
     6f4:	c3cd                	beqz	a5,796 <process_thread_program_process+0xcc>
     6f6:	0ab00713          	li	a4,171
     6fa:	02e78563          	beq	a5,a4,724 <process_thread_program_process+0x5a>
     6fe:	4781                	li	a5,0
     700:	450d                	li	a0,3
					goto END;
				} else if(RetData & SPIROM_SR_WEL_MASK) {
					break;
				}
				process_poll(&program_process);
				PROCESS_YIELD();
     702:	00f49023          	sh	a5,0(s1)
		END:  // return value
		process_post(&flash_prog_process, PROCESS_EVENT_CONTINUE, (void *)ret);
	}

	PROCESS_END();
}
     706:	40f2                	lw	ra,28(sp)
     708:	4462                	lw	s0,24(sp)
     70a:	44d2                	lw	s1,20(sp)
     70c:	4942                	lw	s2,16(sp)
     70e:	49b2                	lw	s3,12(sp)
     710:	6105                	add	sp,sp,32
     712:	8082                	ret
	PROCESS_BEGIN();
     714:	0eb00713          	li	a4,235
     718:	fee793e3          	bne	a5,a4,6fe <process_thread_program_process+0x34>
			for(j = 1; j < timeout; j++) {
     71c:	d1c1a783          	lw	a5,-740(gp) # 20000604 <j.2>
     720:	0785                	add	a5,a5,1
     722:	a87d                	j	7e0 <process_thread_program_process+0x116>
		if(ev != PROCESS_EVENT_POLL) {
     724:	08200793          	li	a5,130
     728:	04f59263          	bne	a1,a5,76c <process_thread_program_process+0xa2>
			step_size = SPIROM_PAGE_SIZE - (flash_addr & SPIROM_PAGE_MASK);
     72c:	d301c703          	lbu	a4,-720(gp) # 20000618 <flash_addr.7>
     730:	10000793          	li	a5,256
     734:	8f99                	sub	a5,a5,a4
			step_size = (step_size > remain_size) ? remain_size : step_size;
     736:	d2c1a703          	lw	a4,-724(gp) # 20000614 <remain_size.6>
     73a:	0ae7d7b3          	minu	a5,a5,a4
     73e:	d2f1a223          	sw	a5,-732(gp) # 2000060c <step_size.4>
			result = spirom_cmd_send(&flash_dev, SPIROM_CMD_WREN, 0x0, 0, NULL, &RetData);
     742:	d2018793          	add	a5,gp,-736 # 20000608 <RetData.3>
     746:	4701                	li	a4,0
     748:	4681                	li	a3,0
     74a:	4601                	li	a2,0
     74c:	458d                	li	a1,3
     74e:	08840513          	add	a0,s0,136
     752:	6db050ef          	jal	662c <spirom_cmd_send>
			if(result != 0) {
     756:	4785                	li	a5,1
     758:	e515                	bnez	a0,784 <process_thread_program_process+0xba>
			for(j = 1; j < timeout; j++) {
     75a:	d0f1ae23          	sw	a5,-740(gp) # 20000604 <j.2>
     75e:	0527e063          	bltu	a5,s2,79e <process_thread_program_process+0xd4>
			if((RetData & SPIROM_SR_WEL_MASK) == 0) {
     762:	d201a783          	lw	a5,-736(gp) # 20000608 <RetData.3>
     766:	8b89                	and	a5,a5,2
     768:	efa9                	bnez	a5,7c2 <process_thread_program_process+0xf8>
     76a:	a829                	j	784 <process_thread_program_process+0xba>
			flash_addr = ((flash_ops_data *)data)->flash_addr;
     76c:	4218                	lw	a4,0(a2)
     76e:	d2e1a823          	sw	a4,-720(gp) # 20000618 <flash_addr.7>
			remain_size = ((flash_ops_data *)data)->size;
     772:	00865703          	lhu	a4,8(a2)
     776:	d2e1a623          	sw	a4,-724(gp) # 20000614 <remain_size.6>
			data_buf = ((flash_ops_data *)data)->data;
     77a:	425c                	lw	a5,4(a2)
     77c:	d2f1a423          	sw	a5,-728(gp) # 20000610 <data_buf.5>
			if((unsigned int)data_buf & 0x3) { //data address is not 4 bytes aligned
     780:	8b8d                	and	a5,a5,3
     782:	d7cd                	beqz	a5,72c <process_thread_program_process+0x62>
				ret = -1;
     784:	567d                	li	a2,-1
		process_post(&flash_prog_process, PROCESS_EVENT_CONTINUE, (void *)ret);
     786:	20000537          	lui	a0,0x20000
     78a:	08500593          	li	a1,133
     78e:	07850513          	add	a0,a0,120 # 20000078 <flash_prog_process>
     792:	4fd020ef          	jal	348e <process_post>
		PROCESS_WAIT_EVENT();
     796:	0ab00793          	li	a5,171
     79a:	4505                	li	a0,1
				PROCESS_YIELD();
     79c:	b79d                	j	702 <process_thread_program_process+0x38>
				result = spirom_cmd_send(&flash_dev, SPIROM_CMD_RDST, 0x0, 0, NULL, &RetData);
     79e:	d2018793          	add	a5,gp,-736 # 20000608 <RetData.3>
     7a2:	4701                	li	a4,0
     7a4:	4681                	li	a3,0
     7a6:	4601                	li	a2,0
     7a8:	4589                	li	a1,2
     7aa:	08840513          	add	a0,s0,136
     7ae:	67f050ef          	jal	662c <spirom_cmd_send>
				if(result != 0) {
     7b2:	f969                	bnez	a0,784 <process_thread_program_process+0xba>
				if(RetData & SPIROM_SR_BP_MASK) {
     7b4:	d201a783          	lw	a5,-736(gp) # 20000608 <RetData.3>
     7b8:	03c7f713          	and	a4,a5,60
     7bc:	f761                	bnez	a4,784 <process_thread_program_process+0xba>
				} else if(RetData & SPIROM_SR_WEL_MASK) {
     7be:	8b89                	and	a5,a5,2
     7c0:	cb8d                	beqz	a5,7f2 <process_thread_program_process+0x128>
			result = spirom_cmd_send(&flash_dev, SPIROM_CMD_PROGRAM, flash_addr, step_size,
     7c2:	d2018793          	add	a5,gp,-736 # 20000608 <RetData.3>
     7c6:	d281a703          	lw	a4,-728(gp) # 20000610 <data_buf.5>
     7ca:	d241a683          	lw	a3,-732(gp) # 2000060c <step_size.4>
     7ce:	d301a603          	lw	a2,-720(gp) # 20000618 <flash_addr.7>
     7d2:	4599                	li	a1,6
     7d4:	08840513          	add	a0,s0,136
     7d8:	655050ef          	jal	662c <spirom_cmd_send>
			if(result != 0) {
     7dc:	4785                	li	a5,1
     7de:	f15d                	bnez	a0,784 <process_thread_program_process+0xba>
			for(j = 1; j < timeout; j++) {
     7e0:	d0f1ae23          	sw	a5,-740(gp) # 20000604 <j.2>
     7e4:	0327e463          	bltu	a5,s2,80c <process_thread_program_process+0x142>
			if((RetData & (SPIROM_SR_WIP_MASK | SPIROM_SR_WEL_MASK)) != 0) {
     7e8:	d201a783          	lw	a5,-736(gp) # 20000608 <RetData.3>
     7ec:	8b8d                	and	a5,a5,3
     7ee:	cf95                	beqz	a5,82a <process_thread_program_process+0x160>
     7f0:	bf51                	j	784 <process_thread_program_process+0xba>
				process_poll(&program_process);
     7f2:	20000537          	lui	a0,0x20000
     7f6:	05850513          	add	a0,a0,88 # 20000058 <program_process>
     7fa:	517020ef          	jal	3510 <process_poll>
				PROCESS_YIELD();
     7fe:	0ce00793          	li	a5,206
     802:	bf61                	j	79a <process_thread_program_process+0xd0>
			for(j = 1; j < timeout; j++) {
     804:	d1c1a783          	lw	a5,-740(gp) # 20000604 <j.2>
     808:	0785                	add	a5,a5,1
     80a:	bf81                	j	75a <process_thread_program_process+0x90>
				result = spirom_cmd_send(&flash_dev, SPIROM_CMD_RDST, 0x0, 0, NULL, &RetData);
     80c:	d2018793          	add	a5,gp,-736 # 20000608 <RetData.3>
     810:	4701                	li	a4,0
     812:	4681                	li	a3,0
     814:	4601                	li	a2,0
     816:	4589                	li	a1,2
     818:	08840513          	add	a0,s0,136
     81c:	611050ef          	jal	662c <spirom_cmd_send>
				if(result != 0) {
     820:	f135                	bnez	a0,784 <process_thread_program_process+0xba>
				if((RetData & (SPIROM_SR_WIP_MASK | SPIROM_SR_WEL_MASK)) == 0) {
     822:	d201a783          	lw	a5,-736(gp) # 20000608 <RetData.3>
     826:	8b8d                	and	a5,a5,3
     828:	e795                	bnez	a5,854 <process_thread_program_process+0x18a>
			flash_addr += step_size;
     82a:	d241a703          	lw	a4,-732(gp) # 2000060c <step_size.4>
     82e:	d301a783          	lw	a5,-720(gp) # 20000618 <flash_addr.7>
     832:	97ba                	add	a5,a5,a4
     834:	d2f1a823          	sw	a5,-720(gp) # 20000618 <flash_addr.7>
			data_buf += step_size;
     838:	d281a783          	lw	a5,-728(gp) # 20000610 <data_buf.5>
     83c:	97ba                	add	a5,a5,a4
     83e:	d2f1a423          	sw	a5,-728(gp) # 20000610 <data_buf.5>
			remain_size -= step_size;
     842:	d2c1a783          	lw	a5,-724(gp) # 20000614 <remain_size.6>
     846:	8f99                	sub	a5,a5,a4
     848:	d2f1a623          	sw	a5,-724(gp) # 20000614 <remain_size.6>
		ret = 0;
     84c:	4601                	li	a2,0
		}while(remain_size);
     84e:	ec079fe3          	bnez	a5,72c <process_thread_program_process+0x62>
     852:	bf15                	j	786 <process_thread_program_process+0xbc>
				process_poll(&program_process);
     854:	20000537          	lui	a0,0x20000
     858:	05850513          	add	a0,a0,88 # 20000058 <program_process>
     85c:	4b5020ef          	jal	3510 <process_poll>
				PROCESS_YIELD();
     860:	0eb00793          	li	a5,235
     864:	bf1d                	j	79a <process_thread_program_process+0xd0>

00000866 <flash_prog_init>:
    process_start(&flash_prog_process, NULL);
     866:	20000537          	lui	a0,0x20000
{
     86a:	1141                	add	sp,sp,-16
    process_start(&flash_prog_process, NULL);
     86c:	4581                	li	a1,0
     86e:	07850513          	add	a0,a0,120 # 20000078 <flash_prog_process>
{
     872:	c606                	sw	ra,12(sp)
    process_start(&flash_prog_process, NULL);
     874:	46f020ef          	jal	34e2 <process_start>
    process_start(&erase_a_block_process, NULL);
     878:	20000537          	lui	a0,0x20000
     87c:	4581                	li	a1,0
     87e:	06850513          	add	a0,a0,104 # 20000068 <erase_a_block_process>
     882:	461020ef          	jal	34e2 <process_start>
    process_start(&program_process, NULL);
     886:	20000537          	lui	a0,0x20000
}
     88a:	40b2                	lw	ra,12(sp)
    process_start(&program_process, NULL);
     88c:	4581                	li	a1,0
     88e:	05850513          	add	a0,a0,88 # 20000058 <program_process>
}
     892:	0141                	add	sp,sp,16
    process_start(&program_process, NULL);
     894:	44f0206f          	j	34e2 <process_start>

00000898 <erase_sectors>:

int32_t erase_sectors(void *addr)
{
	uint32_t flash_addr = *((uint32_t *)addr);

	if(flash_prog.flash_offset + flash_prog.erase_size > flash_addr) {  // erased already
     898:	200007b7          	lui	a5,0x20000
     89c:	00078793          	mv	a5,a5
     8a0:	4398                	lw	a4,0(a5)
     8a2:	479c                	lw	a5,8(a5)
     8a4:	97ba                	add	a5,a5,a4
     8a6:	4118                	lw	a4,0(a0)
     8a8:	02f76163          	bltu	a4,a5,8ca <erase_sectors+0x32>
     8ac:	862a                	mv	a2,a0
		return 0;
	} else {
		BOOT_LOG("era-%d-%d->\n", flash_addr, flash_prog.erase_size);
		process_post(&erase_a_block_process, PROCESS_EVENT_CONTINUE, addr);
     8ae:	20000537          	lui	a0,0x20000
{
     8b2:	1141                	add	sp,sp,-16
		process_post(&erase_a_block_process, PROCESS_EVENT_CONTINUE, addr);
     8b4:	08500593          	li	a1,133
     8b8:	06850513          	add	a0,a0,104 # 20000068 <erase_a_block_process>
{
     8bc:	c606                	sw	ra,12(sp)
		process_post(&erase_a_block_process, PROCESS_EVENT_CONTINUE, addr);
     8be:	3d1020ef          	jal	348e <process_post>
		return 1;
	}
}
     8c2:	40b2                	lw	ra,12(sp)
		process_post(&erase_a_block_process, PROCESS_EVENT_CONTINUE, addr);
     8c4:	4505                	li	a0,1
}
     8c6:	0141                	add	sp,sp,16
     8c8:	8082                	ret
		return 0;
     8ca:	4501                	li	a0,0
}
     8cc:	8082                	ret

000008ce <process_thread_flash_prog_process>:

flash_ops_data flash_ops;

PROCESS_THREAD(flash_prog_process, ev, data)
{
     8ce:	1141                	add	sp,sp,-16
	static int idx;
	static char event;

	PROCESS_BEGIN();
     8d0:	00055783          	lhu	a5,0(a0)
{
     8d4:	c226                	sw	s1,4(sp)
     8d6:	c606                	sw	ra,12(sp)
     8d8:	c422                	sw	s0,8(sp)
	PROCESS_BEGIN();
     8da:	13000713          	li	a4,304
{
     8de:	84aa                	mv	s1,a0
	PROCESS_BEGIN();
     8e0:	12e78663          	beq	a5,a4,a0c <process_thread_flash_prog_process+0x13e>
     8e4:	02f76563          	bltu	a4,a5,90e <process_thread_flash_prog_process+0x40>
     8e8:	11600713          	li	a4,278
     8ec:	04e78963          	beq	a5,a4,93e <process_thread_flash_prog_process+0x70>
     8f0:	11d00713          	li	a4,285
     8f4:	06e78a63          	beq	a5,a4,968 <process_thread_flash_prog_process+0x9a>
     8f8:	12078763          	beqz	a5,a26 <process_thread_flash_prog_process+0x158>
     8fc:	4781                	li	a5,0
     8fe:	450d                	li	a0,3
            if((int)data == 0xCAFE000E) { // erase whole flash
                event = PROCESS_EVENT_PROG_OK;
                do {
                    flash_chip_erase = 1;
                    if(erase_sectors(&flash_ops.flash_addr)) {
                        PROCESS_WAIT_EVENT();
     900:	00f49023          	sh	a5,0(s1)
			BOOT_LOG("out-%d->\n", flash_ops.ctrl_idx);
		}
	}

	PROCESS_END();
}
     904:	40b2                	lw	ra,12(sp)
     906:	4422                	lw	s0,8(sp)
     908:	4492                	lw	s1,4(sp)
     90a:	0141                	add	sp,sp,16
     90c:	8082                	ret
	PROCESS_BEGIN();
     90e:	14b00713          	li	a4,331
     912:	14e78263          	beq	a5,a4,a56 <process_thread_flash_prog_process+0x188>
     916:	15900713          	li	a4,345
     91a:	fee791e3          	bne	a5,a4,8fc <process_thread_flash_prog_process+0x2e>
				if(ev != PROCESS_EVENT_BUF_RDY) {
     91e:	47c5                	li	a5,17
     920:	14f58f63          	beq	a1,a5,a7e <process_thread_flash_prog_process+0x1b0>
			if((int)data)  {
     924:	12061d63          	bnez	a2,a5e <process_thread_flash_prog_process+0x190>
			event = PROCESS_EVENT_BUF_FREE;
     928:	4749                	li	a4,18
     92a:	d0e18c23          	sb	a4,-744(gp) # 20000600 <event.1>
			flash_prog.cnt++;
     92e:	200007b7          	lui	a5,0x20000
     932:	00078793          	mv	a5,a5
     936:	47d8                	lw	a4,12(a5)
     938:	0705                	add	a4,a4,1
     93a:	c7d8                	sw	a4,12(a5)
     93c:	a225                	j	a64 <process_thread_flash_prog_process+0x196>
		if(ev == PROCESS_EVENT_ERASE) {
     93e:	47d1                	li	a5,20
     940:	04f59163          	bne	a1,a5,982 <process_thread_flash_prog_process+0xb4>
            if((int)data == 0xCAFE000E) { // erase whole flash
     944:	cafe07b7          	lui	a5,0xcafe0
     948:	07b9                	add	a5,a5,14 # cafe000e <_sp+0xaafd800e>
     94a:	08f61f63          	bne	a2,a5,9e8 <process_thread_flash_prog_process+0x11a>
                event = PROCESS_EVENT_PROG_OK;
     94e:	47d5                	li	a5,21
                    flash_chip_erase = 1;
     950:	4405                	li	s0,1
                    if(erase_sectors(&flash_ops.flash_addr)) {
     952:	e0818513          	add	a0,gp,-504 # 200006f0 <flash_ops>
                event = PROCESS_EVENT_PROG_OK;
     956:	d0f18c23          	sb	a5,-744(gp) # 20000600 <event.1>
                    flash_chip_erase = 1;
     95a:	d481a023          	sw	s0,-704(gp) # 20000628 <flash_chip_erase>
                    if(erase_sectors(&flash_ops.flash_addr)) {
     95e:	3f2d                	jal	898 <erase_sectors>
     960:	c901                	beqz	a0,970 <process_thread_flash_prog_process+0xa2>
     962:	11d00793          	li	a5,285
     966:	a0d1                	j	a2a <process_thread_flash_prog_process+0x15c>
                        if((int)data) {
     968:	c62d                	beqz	a2,9d2 <process_thread_flash_prog_process+0x104>
                            event = PROCESS_EVENT_PROG_ERR;
     96a:	474d                	li	a4,19
     96c:	d0e18c23          	sb	a4,-744(gp) # 20000600 <event.1>
			process_post(&uart_boot_process,  event, NULL);
     970:	20000537          	lui	a0,0x20000
     974:	4601                	li	a2,0
     976:	d181c583          	lbu	a1,-744(gp) # 20000600 <event.1>
     97a:	0b050513          	add	a0,a0,176 # 200000b0 <uart_boot_process>
     97e:	311020ef          	jal	348e <process_post>
			idx = flash_get_rdy_buf();
     982:	239000ef          	jal	13ba <flash_get_rdy_buf>
			if(idx < 0)
     986:	0a054063          	bltz	a0,a26 <process_thread_flash_prog_process+0x158>
			flash_ops.data = flash_prog.data_ctrl[idx].buf_idx * LOAD_BLK_SIZE + flash_prog.load_base;
     98a:	200007b7          	lui	a5,0x20000
     98e:	00078793          	mv	a5,a5
     992:	00450613          	add	a2,a0,4
     996:	20f64633          	sh2add	a2,a2,a5
     99a:	00865583          	lhu	a1,8(a2)
     99e:	4b98                	lw	a4,16(a5)
     9a0:	05b2                	sll	a1,a1,0xc
     9a2:	e0818693          	add	a3,gp,-504 # 200006f0 <flash_ops>
     9a6:	972e                	add	a4,a4,a1
     9a8:	c2d8                	sw	a4,4(a3)
			flash_ops.flash_addr = flash_prog.flash_offset + LOAD_BLK_SIZE * flash_prog.cnt;
     9aa:	47d8                	lw	a4,12(a5)
     9ac:	0732                	sll	a4,a4,0xc
     9ae:	439c                	lw	a5,0(a5)
     9b0:	97ba                	add	a5,a5,a4
     9b2:	c29c                	sw	a5,0(a3)
			flash_ops.size = flash_prog.data_ctrl[idx].size;
     9b4:	00665783          	lhu	a5,6(a2)
			flash_ops.ctrl_idx = idx;
     9b8:	00a69523          	sh	a0,10(a3)
			flash_ops.size = flash_prog.data_ctrl[idx].size;
     9bc:	00f69423          	sh	a5,8(a3)
			if(erase_sectors(&flash_ops.flash_addr)) {
     9c0:	e0818513          	add	a0,gp,-504 # 200006f0 <flash_ops>
            flash_chip_erase = 0;
     9c4:	d401a023          	sw	zero,-704(gp) # 20000628 <flash_chip_erase>
			if(erase_sectors(&flash_ops.flash_addr)) {
     9c8:	3dc1                	jal	898 <erase_sectors>
     9ca:	c145                	beqz	a0,a6a <process_thread_flash_prog_process+0x19c>
					PROCESS_WAIT_EVENT();
     9cc:	14b00793          	li	a5,331
     9d0:	a8a9                	j	a2a <process_thread_flash_prog_process+0x15c>
                            flash_prog.erase_size = flash_prog.total_size;
     9d2:	200007b7          	lui	a5,0x20000
     9d6:	00078793          	mv	a5,a5
     9da:	43d8                	lw	a4,4(a5)
     9dc:	c798                	sw	a4,8(a5)
                            flash_ops.flash_addr = 0;
     9de:	e001a423          	sw	zero,-504(gp) # 200006f0 <flash_ops>
                            flash_prog.cnt = 0;
     9e2:	0007a623          	sw	zero,12(a5) # 2000000c <flash_prog+0xc>
                process_post(&uart_boot_process,  event, NULL);
     9e6:	b769                	j	970 <process_thread_flash_prog_process+0xa2>
                flash_ops.flash_addr = flash_prog.flash_offset;
     9e8:	200007b7          	lui	a5,0x20000
     9ec:	0007a783          	lw	a5,0(a5) # 20000000 <flash_prog>
     9f0:	e0f1a423          	sw	a5,-504(gp) # 200006f0 <flash_ops>
                event = PROCESS_EVENT_PROG_OK;
     9f4:	47d5                	li	a5,21
     9f6:	d0f18c23          	sb	a5,-744(gp) # 20000600 <event.1>
                flash_chip_erase = 0;
     9fa:	d401a023          	sw	zero,-704(gp) # 20000628 <flash_chip_erase>
                    if(erase_sectors(&flash_ops.flash_addr)) {
     9fe:	e0818513          	add	a0,gp,-504 # 200006f0 <flash_ops>
     a02:	3d59                	jal	898 <erase_sectors>
     a04:	c129                	beqz	a0,a46 <process_thread_flash_prog_process+0x178>
     a06:	13000793          	li	a5,304
     a0a:	a005                	j	a2a <process_thread_flash_prog_process+0x15c>
                        if((int)data) {
     a0c:	c20d                	beqz	a2,a2e <process_thread_flash_prog_process+0x160>
                            event = PROCESS_EVENT_PROG_ERR;
     a0e:	474d                	li	a4,19
     a10:	d0e18c23          	sb	a4,-744(gp) # 20000600 <event.1>
                process_post(&uart_boot_process,  event, NULL);
     a14:	20000537          	lui	a0,0x20000
     a18:	4601                	li	a2,0
     a1a:	d181c583          	lbu	a1,-744(gp) # 20000600 <event.1>
     a1e:	0b050513          	add	a0,a0,176 # 200000b0 <uart_boot_process>
     a22:	26d020ef          	jal	348e <process_post>
		PROCESS_WAIT_EVENT();
     a26:	11600793          	li	a5,278
     a2a:	4505                	li	a0,1
     a2c:	bdd1                	j	900 <process_thread_flash_prog_process+0x32>
                        flash_ops.flash_addr = flash_prog.flash_offset + flash_prog.erase_size;
     a2e:	200007b7          	lui	a5,0x20000
     a32:	00078793          	mv	a5,a5
     a36:	4794                	lw	a3,8(a5)
     a38:	4398                	lw	a4,0(a5)
     a3a:	9736                	add	a4,a4,a3
     a3c:	e0e1a423          	sw	a4,-504(gp) # 200006f0 <flash_ops>
                        flash_prog.cnt = flash_prog.total_size - flash_prog.erase_size;
     a40:	43d8                	lw	a4,4(a5)
     a42:	8f15                	sub	a4,a4,a3
     a44:	c7d8                	sw	a4,12(a5)
                } while(flash_prog.cnt > 0);
     a46:	200007b7          	lui	a5,0x20000
     a4a:	00078793          	mv	a5,a5
     a4e:	47dc                	lw	a5,12(a5)
     a50:	faf047e3          	bgtz	a5,9fe <process_thread_flash_prog_process+0x130>
     a54:	b7c1                	j	a14 <process_thread_flash_prog_process+0x146>
					if(ev != PROCESS_EVENT_BUF_RDY) {
     a56:	47c5                	li	a5,17
     a58:	f6f58ae3          	beq	a1,a5,9cc <process_thread_flash_prog_process+0xfe>
				if((int)data) {
     a5c:	c619                	beqz	a2,a6a <process_thread_flash_prog_process+0x19c>
					event = PROCESS_EVENT_PROG_ERR;
     a5e:	474d                	li	a4,19
     a60:	d0e18c23          	sb	a4,-744(gp) # 20000600 <event.1>
			flash_set_buf_free();
     a64:	1ab000ef          	jal	140e <flash_set_buf_free>
     a68:	b721                	j	970 <process_thread_flash_prog_process+0xa2>
			process_post(&program_process, PROCESS_EVENT_CONTINUE, (void *)&flash_ops);
     a6a:	20000537          	lui	a0,0x20000
     a6e:	e0818613          	add	a2,gp,-504 # 200006f0 <flash_ops>
     a72:	08500593          	li	a1,133
     a76:	05850513          	add	a0,a0,88 # 20000058 <program_process>
     a7a:	215020ef          	jal	348e <process_post>
				PROCESS_WAIT_EVENT();
     a7e:	15900793          	li	a5,345
     a82:	b765                	j	a2a <process_thread_flash_prog_process+0x15c>

00000a84 <process_thread_led_process>:
{
     a84:	1141                	add	sp,sp,-16
	PROCESS_BEGIN();
     a86:	00055783          	lhu	a5,0(a0)
{
     a8a:	c422                	sw	s0,8(sp)
     a8c:	c606                	sw	ra,12(sp)
     a8e:	c226                	sw	s1,4(sp)
     a90:	c04a                	sw	s2,0(sp)
     a92:	842a                	mv	s0,a0
	PROCESS_BEGIN();
     a94:	c38d                	beqz	a5,ab6 <process_thread_led_process+0x32>
     a96:	09800713          	li	a4,152
     a9a:	0ee79663          	bne	a5,a4,b86 <process_thread_led_process+0x102>
		PROCESS_WAIT_EVENT_UNTIL(etimer_expired(&timer));
     a9e:	e1418513          	add	a0,gp,-492 # 200006fc <timer.8>
     aa2:	7f2020ef          	jal	3294 <etimer_expired>
     aa6:	ed35                	bnez	a0,b22 <process_thread_led_process+0x9e>
     aa8:	4505                	li	a0,1
}
     aaa:	40b2                	lw	ra,12(sp)
     aac:	4422                	lw	s0,8(sp)
     aae:	4492                	lw	s1,4(sp)
     ab0:	4902                	lw	s2,0(sp)
     ab2:	0141                	add	sp,sp,16
     ab4:	8082                	ret
	etimer_set(&timer, CLOCK_SECOND / 16);
     ab6:	4589                	li	a1,2
     ab8:	e1418513          	add	a0,gp,-492 # 200006fc <timer.8>
     abc:	7ac020ef          	jal	3268 <etimer_set>
	IOMuxManager_PinConfigure (CSK_IOMUX_PAD_A, PIN_BOOT_LED, IOMUX_PIN_BOOT_LED);
     ac0:	4601                	li	a2,0
     ac2:	45a9                	li	a1,10
     ac4:	4501                	li	a0,0
     ac6:	1e4040ef          	jal	4caa <IOMuxManager_PinConfigure>
	GPIOA_Handler = GPIOA();
     aca:	72b030ef          	jal	49f4 <GPIOA>
     ace:	d6a1a023          	sw	a0,-672(gp) # 20000648 <GPIOA_Handler.7>
	GPIOB_Handler = GPIOB();
     ad2:	729030ef          	jal	49fa <GPIOB>
     ad6:	d4a1ae23          	sw	a0,-676(gp) # 20000644 <GPIOB_Handler.6>
	GPIO_Initialize(GPIOA_Handler, NULL, NULL);
     ada:	4601                	li	a2,0
     adc:	4581                	li	a1,0
     ade:	d601a503          	lw	a0,-672(gp) # 20000648 <GPIOA_Handler.7>
     ae2:	71f030ef          	jal	4a00 <GPIO_Initialize>
	GPIO_Control(GPIOA_Handler, CSK_GPIO_MODE_PULL_NONE | \
     ae6:	40000613          	li	a2,1024
     aea:	22000593          	li	a1,544
     aee:	d601a503          	lw	a0,-672(gp) # 20000648 <GPIOA_Handler.7>
     af2:	799030ef          	jal	4a8a <GPIO_Control>
	GPIO_SetDir(GPIOA_Handler, 1UL << PIN_BOOT_LED, CSK_GPIO_DIR_OUTPUT);
     af6:	4605                	li	a2,1
     af8:	40000593          	li	a1,1024
     afc:	d601a503          	lw	a0,-672(gp) # 20000648 <GPIOA_Handler.7>
     b00:	12c040ef          	jal	4c2c <GPIO_SetDir>
	GPIO_PinWrite(GPIOA_Handler, 1UL << PIN_BOOT_LED, val);
     b04:	200007b7          	lui	a5,0x20000
     b08:	0e87a603          	lw	a2,232(a5) # 200000e8 <val.5>
     b0c:	40000593          	li	a1,1024
     b10:	d601a503          	lw	a0,-672(gp) # 20000648 <GPIOA_Handler.7>
     b14:	0d4040ef          	jal	4be8 <GPIO_PinWrite>
		PROCESS_WAIT_EVENT_UNTIL(etimer_expired(&timer));
     b18:	09800793          	li	a5,152
     b1c:	00f41023          	sh	a5,0(s0)
     b20:	b761                	j	aa8 <process_thread_led_process+0x24>
		if(!state) {
     b22:	d581a783          	lw	a5,-680(gp) # 20000640 <state.4>
     b26:	e3a9                	bnez	a5,b68 <process_thread_led_process+0xe4>
			if(GPIO_PinRead(GPIOB_Handler, (1UL << PIN_BOOT_OPT))) {
     b28:	02000593          	li	a1,32
     b2c:	d5c1a503          	lw	a0,-676(gp) # 20000644 <GPIOB_Handler.6>
     b30:	0dc040ef          	jal	4c0c <GPIO_PinRead>
     b34:	c50d                	beqz	a0,b5e <process_thread_led_process+0xda>
				IOMuxManager_PinConfigure (PAD_BOOT_OPT, PIN_BOOT_RX, IOMUX_PIN_BOOT_UART);
     b36:	4609                	li	a2,2
     b38:	4591                	li	a1,4
     b3a:	4505                	li	a0,1
     b3c:	16e040ef          	jal	4caa <IOMuxManager_PinConfigure>
				IOMuxManager_PinConfigure (PAD_BOOT_OPT, PIN_BOOT_TX, IOMUX_PIN_BOOT_UART);
     b40:	4609                	li	a2,2
     b42:	4595                	li	a1,5
     b44:	4505                	li	a0,1
     b46:	164040ef          	jal	4caa <IOMuxManager_PinConfigure>
				uart_init();
     b4a:	30a010ef          	jal	1e54 <uart_init>
				etimer_set(&timer, CLOCK_SECOND / 8);
     b4e:	4591                	li	a1,4
     b50:	e1418513          	add	a0,gp,-492 # 200006fc <timer.8>
     b54:	714020ef          	jal	3268 <etimer_set>
				state = 1;    // update state
     b58:	4785                	li	a5,1
     b5a:	d4f1ac23          	sw	a5,-680(gp) # 20000640 <state.4>
		etimer_reset(&timer);
     b5e:	e1418513          	add	a0,gp,-492 # 200006fc <timer.8>
     b62:	71c020ef          	jal	327e <etimer_reset>
		PROCESS_WAIT_EVENT_UNTIL(etimer_expired(&timer));
     b66:	bf4d                	j	b18 <process_thread_led_process+0x94>
			val = val ? 0 : 1;
     b68:	200007b7          	lui	a5,0x20000
     b6c:	0e87a603          	lw	a2,232(a5) # 200000e8 <val.5>
     b70:	00163613          	seqz	a2,a2
     b74:	0ec7a423          	sw	a2,232(a5)
			GPIO_PinWrite(GPIOA_Handler, 1UL << PIN_BOOT_LED, val);
     b78:	40000593          	li	a1,1024
     b7c:	d601a503          	lw	a0,-672(gp) # 20000648 <GPIOA_Handler.7>
     b80:	068040ef          	jal	4be8 <GPIO_PinWrite>
     b84:	bfe9                	j	b5e <process_thread_led_process+0xda>
	PROCESS_END();
     b86:	00051023          	sh	zero,0(a0)
     b8a:	450d                	li	a0,3
     b8c:	bf39                	j	aaa <process_thread_led_process+0x26>

00000b8e <header_verify>:
	if(buf[IMG_HDR_POS] == 'H' && buf[IMG_HDR_POS + 1] == 'r') {
     b8e:	11054683          	lbu	a3,272(a0)
     b92:	04800793          	li	a5,72
{
     b96:	872a                	mv	a4,a0
	if(buf[IMG_HDR_POS] == 'H' && buf[IMG_HDR_POS + 1] == 'r') {
     b98:	0cf69063          	bne	a3,a5,c58 <header_verify+0xca>
     b9c:	11154683          	lbu	a3,273(a0)
     ba0:	07200793          	li	a5,114
	int8_t ret = FAIL;
     ba4:	557d                	li	a0,-1
	if(buf[IMG_HDR_POS] == 'H' && buf[IMG_HDR_POS + 1] == 'r') {
     ba6:	0af69a63          	bne	a3,a5,c5a <header_verify+0xcc>
     baa:	11000693          	li	a3,272
	uint16_t i, sum = 0;
     bae:	4781                	li	a5,0
		for(i = IMG_HDR_POS; i < HDR_SUM_POS; i++) {
     bb0:	14c00613          	li	a2,332
			sum += buf[i];
     bb4:	00d705b3          	add	a1,a4,a3
     bb8:	0005c583          	lbu	a1,0(a1)
     bbc:	97ae                	add	a5,a5,a1
		for(i = IMG_HDR_POS; i < HDR_SUM_POS; i++) {
     bbe:	0685                	add	a3,a3,1
			sum += buf[i];
     bc0:	0807c7b3          	zext.h	a5,a5
		for(i = IMG_HDR_POS; i < HDR_SUM_POS; i++) {
     bc4:	fec698e3          	bne	a3,a2,bb4 <header_verify+0x26>
		if(sum != (buf[HDR_SUM_POS] + (buf[HDR_SUM_POS + 1] << 8))) {
     bc8:	14c75683          	lhu	a3,332(a4)
     bcc:	14c74583          	lbu	a1,332(a4)
     bd0:	14d74603          	lbu	a2,333(a4)
	int8_t ret = FAIL;
     bd4:	557d                	li	a0,-1
		if(sum != (buf[HDR_SUM_POS] + (buf[HDR_SUM_POS + 1] << 8))) {
     bd6:	08f69263          	bne	a3,a5,c5a <header_verify+0xcc>
     bda:	4681                	li	a3,0
		for(i = 0; i < IMG_HDR_POS; i++) {
     bdc:	11000513          	li	a0,272
			sum += buf[i];
     be0:	00d70833          	add	a6,a4,a3
     be4:	00084803          	lbu	a6,0(a6)
     be8:	97c2                	add	a5,a5,a6
		for(i = 0; i < IMG_HDR_POS; i++) {
     bea:	0685                	add	a3,a3,1
			sum += buf[i];
     bec:	0807c7b3          	zext.h	a5,a5
		for(i = 0; i < IMG_HDR_POS; i++) {
     bf0:	fea698e3          	bne	a3,a0,be0 <header_verify+0x52>
		if((sum + buf[HDR_SUM_POS] + buf[HDR_SUM_POS + 1])
     bf4:	97ae                	add	a5,a5,a1
				!= (buf[VEC_SUM_POS] + (buf[VEC_SUM_POS + 1] << 8))) {
     bf6:	14e75683          	lhu	a3,334(a4)
		if((sum + buf[HDR_SUM_POS] + buf[HDR_SUM_POS + 1])
     bfa:	97b2                	add	a5,a5,a2
	int8_t ret = FAIL;
     bfc:	557d                	li	a0,-1
		if((sum + buf[HDR_SUM_POS] + buf[HDR_SUM_POS + 1])
     bfe:	04d79e63          	bne	a5,a3,c5a <header_verify+0xcc>
		if((header_version == 0x2) && (imges_flag != 0)) {
     c02:	11274683          	lbu	a3,274(a4)
     c06:	4789                	li	a5,2
		ret = SUCCESS;
     c08:	4501                	li	a0,0
		if((header_version == 0x2) && (imges_flag != 0)) {
     c0a:	04f69863          	bne	a3,a5,c5a <header_verify+0xcc>
		uint8_t imges_flag = buf[IMG_FLAGS_POS];
     c0e:	11f74783          	lbu	a5,287(a4)
		if((header_version == 0x2) && (imges_flag != 0)) {
     c12:	c7a1                	beqz	a5,c5a <header_verify+0xcc>
			uint32_t step = 1 << ((imges_flag-1) & 0x1F);
     c14:	17fd                	add	a5,a5,-1
			uint32_t images_size = *(uint32_t *)(buf + IMG_SIZE_POS) + 8;
     c16:	11472603          	lw	a2,276(a4)
			uint32_t step = 1 << ((imges_flag-1) & 0x1F);
     c1a:	01f7f693          	and	a3,a5,31
			uint32_t checksum = *(uint32_t *)(AP_FLASH_BASE + images_size - 8);
     c1e:	300007b7          	lui	a5,0x30000
     c22:	963e                	add	a2,a2,a5
			if(images_invalid_flag != IMG_INVALID_FLAG) {
     c24:	55aa35b7          	lui	a1,0x55aa3
     c28:	00462803          	lw	a6,4(a2)
     c2c:	3cc58593          	add	a1,a1,972 # 55aa33cc <_sp+0x35a9b3cc>
			uint32_t checksum = *(uint32_t *)(AP_FLASH_BASE + images_size - 8);
     c30:	4218                	lw	a4,0(a2)
	int8_t ret = FAIL;
     c32:	557d                	li	a0,-1
			if(images_invalid_flag != IMG_INVALID_FLAG) {
     c34:	02b81363          	bne	a6,a1,c5a <header_verify+0xcc>
			    next_addr += (step * 4);
     c38:	4591                	li	a1,4
     c3a:	00d595b3          	sll	a1,a1,a3
			uint32_t sum2 = 0xFFFFFFFF;
     c3e:	86aa                	mv	a3,a0
			while (next_addr < end_addr) {
     c40:	00c7e863          	bltu	a5,a2,c50 <header_verify+0xc2>
			if(sum2 != checksum) {
     c44:	8f15                	sub	a4,a4,a3
     c46:	00e03733          	snez	a4,a4
     c4a:	40e00533          	neg	a0,a4
     c4e:	8082                	ret
			    sum2 ^= *(uint32_t *)next_addr;
     c50:	4388                	lw	a0,0(a5)
     c52:	8ea9                	xor	a3,a3,a0
			    next_addr += (step * 4);
     c54:	97ae                	add	a5,a5,a1
     c56:	b7ed                	j	c40 <header_verify+0xb2>
	int8_t ret = FAIL;
     c58:	557d                	li	a0,-1
}
     c5a:	8082                	ret

00000c5c <flash_img_is_valid>:
{
     c5c:	1141                	add	sp,sp,-16
     c5e:	c422                	sw	s0,8(sp)
     c60:	842a                	mv	s0,a0
	if(flash_init(&flash_dev, FLASH_SPI_IGNORE_QE | FLASH_SPI_RELEASE_DPD, 0) != 0)
     c62:	20000537          	lui	a0,0x20000
     c66:	4601                	li	a2,0
     c68:	0c000593          	li	a1,192
     c6c:	08850513          	add	a0,a0,136 # 20000088 <flash_dev>
{
     c70:	c606                	sw	ra,12(sp)
	if(flash_init(&flash_dev, FLASH_SPI_IGNORE_QE | FLASH_SPI_RELEASE_DPD, 0) != 0)
     c72:	121050ef          	jal	6592 <flash_init>
     c76:	e105                	bnez	a0,c96 <flash_img_is_valid+0x3a>
	memcpy(buf, (void *)AP_FLASH_BASE, VECTOR_BLK_SIZE);
     c78:	18000613          	li	a2,384
     c7c:	300005b7          	lui	a1,0x30000
     c80:	8522                	mv	a0,s0
     c82:	5f9040ef          	jal	5a7a <memcpy>
	if(header_verify(buf) == SUCCESS)
     c86:	8522                	mv	a0,s0
     c88:	3719                	jal	b8e <header_verify>
     c8a:	00153513          	seqz	a0,a0
}
     c8e:	40b2                	lw	ra,12(sp)
     c90:	4422                	lw	s0,8(sp)
     c92:	0141                	add	sp,sp,16
     c94:	8082                	ret
		return false;
     c96:	4501                	li	a0,0
     c98:	bfdd                	j	c8e <flash_img_is_valid+0x32>

00000c9a <run_image>:
{
     c9a:	1141                	add	sp,sp,-16
     c9c:	c606                	sw	ra,12(sp)
     c9e:	c422                	sw	s0,8(sp)
}

// Disable GINT
static inline void disable_GINT()
{
	__RV_CSR_CLEAR(CSR_MSTATUS, MSTATUS_MIE);
     ca0:	30047073          	csrc	mstatus,8
 * \sa
 * - \ref ECLIC_EnableIRQ
 */
__STATIC_FORCEINLINE void __ECLIC_DisableIRQ(IRQn_Type IRQn)
{
    ECLIC->CTRL[IRQn].INTIE &= ~CLIC_INTIE_IE_Msk;
     ca4:	e0021437          	lui	s0,0xe0021
     ca8:	01d44783          	lbu	a5,29(s0) # e002101d <_sp+0xc001901d>
     cac:	0fe7f793          	and	a5,a5,254
     cb0:	00f40ea3          	sb	a5,29(s0)
 * - \ref ECLIC_SetPendingIRQ
 * - \ref ECLIC_GetPendingIRQ
 */
__STATIC_FORCEINLINE void __ECLIC_ClearPendingIRQ(IRQn_Type IRQn)
{
    ECLIC->CTRL[IRQn].INTIP &= ~CLIC_INTIP_IP_Msk;
     cb4:	01c44783          	lbu	a5,28(s0)
     cb8:	0fe7f793          	and	a5,a5,254
     cbc:	00f40e23          	sb	a5,28(s0)
    ECLIC->CTRL[IRQn].INTIE &= ~CLIC_INTIE_IE_Msk;
     cc0:	06944783          	lbu	a5,105(s0)
     cc4:	0fe7f793          	and	a5,a5,254
     cc8:	06f404a3          	sb	a5,105(s0)
    ECLIC->CTRL[IRQn].INTIP &= ~CLIC_INTIP_IP_Msk;
     ccc:	06844783          	lbu	a5,104(s0)
     cd0:	0fe7f793          	and	a5,a5,254
     cd4:	06f40423          	sb	a5,104(s0)
    ECLIC->CTRL[IRQn].INTIE &= ~CLIC_INTIE_IE_Msk;
     cd8:	0b144783          	lbu	a5,177(s0)
     cdc:	0fe7f793          	and	a5,a5,254
     ce0:	0af408a3          	sb	a5,177(s0)
    ECLIC->CTRL[IRQn].INTIP &= ~CLIC_INTIP_IP_Msk;
     ce4:	0b044783          	lbu	a5,176(s0)
     ce8:	0fe7f793          	and	a5,a5,254
     cec:	0af40823          	sb	a5,176(s0)
    ECLIC->CTRL[IRQn].INTIE &= ~CLIC_INTIE_IE_Msk;
     cf0:	06144783          	lbu	a5,97(s0)
     cf4:	0fe7f793          	and	a5,a5,254
     cf8:	06f400a3          	sb	a5,97(s0)
    ECLIC->CTRL[IRQn].INTIP &= ~CLIC_INTIP_IP_Msk;
     cfc:	06044783          	lbu	a5,96(s0)
     d00:	0fe7f793          	and	a5,a5,254
     d04:	06f40023          	sb	a5,96(s0)
    ECLIC->CTRL[IRQn].INTIE &= ~CLIC_INTIE_IE_Msk;
     d08:	06544783          	lbu	a5,101(s0)
     d0c:	0fe7f793          	and	a5,a5,254
     d10:	06f402a3          	sb	a5,101(s0)
    ECLIC->CTRL[IRQn].INTIP &= ~CLIC_INTIP_IP_Msk;
     d14:	06444783          	lbu	a5,100(s0)
     d18:	0fe7f793          	and	a5,a5,254
     d1c:	06f40223          	sb	a5,100(s0)
	pFunEntry();
     d20:	9502                	jalr	a0
    ECLIC->CTRL[IRQn].INTIE |= CLIC_INTIE_IE_Msk;
     d22:	01d44783          	lbu	a5,29(s0)
     d26:	0017e793          	or	a5,a5,1
     d2a:	00f40ea3          	sb	a5,29(s0)
     d2e:	06944783          	lbu	a5,105(s0)
     d32:	0017e793          	or	a5,a5,1
     d36:	06f404a3          	sb	a5,105(s0)
     d3a:	0b144783          	lbu	a5,177(s0)
     d3e:	0017e793          	or	a5,a5,1
     d42:	0af408a3          	sb	a5,177(s0)
     d46:	06144783          	lbu	a5,97(s0)
     d4a:	0017e793          	or	a5,a5,1
     d4e:	06f400a3          	sb	a5,97(s0)
     d52:	06544783          	lbu	a5,101(s0)
     d56:	0017e793          	or	a5,a5,1
     d5a:	06f402a3          	sb	a5,101(s0)
	__RV_CSR_SET(CSR_MSTATUS, MSTATUS_MIE);
     d5e:	30046073          	csrs	mstatus,8
}
     d62:	40b2                	lw	ra,12(sp)
     d64:	4422                	lw	s0,8(sp)
     d66:	0141                	add	sp,sp,16
     d68:	8082                	ret

00000d6a <boot_flash>:
	vma = *(uint32_t *)(AP_FLASH_BASE + IMG_VMA_OFFSET);
     d6a:	300005b7          	lui	a1,0x30000
     d6e:	1185a783          	lw	a5,280(a1) # 30000118 <_sp+0xfff8118>
	run_image((uint8_t *)vma); //never return
     d72:	853e                	mv	a0,a5
	if(vma != AP_FLASH_BASE) {  //need code copy
     d74:	00b78a63          	beq	a5,a1,d88 <boot_flash+0x1e>
{
     d78:	1141                	add	sp,sp,-16
		memcpy((uint8_t *)vma, (uint8_t *)AP_FLASH_BASE, size);
     d7a:	1145a603          	lw	a2,276(a1)
{
     d7e:	c606                	sw	ra,12(sp)
		memcpy((uint8_t *)vma, (uint8_t *)AP_FLASH_BASE, size);
     d80:	4fb040ef          	jal	5a7a <memcpy>
}
     d84:	40b2                	lw	ra,12(sp)
     d86:	0141                	add	sp,sp,16
	run_image((uint8_t *)vma); //never return
     d88:	bf09                	j	c9a <run_image>

00000d8a <system_init>:
	HAL_CRM_SetCmn_pclkClkDiv(1, 1);
     d8a:	4585                	li	a1,1
{
     d8c:	1141                	add	sp,sp,-16
	HAL_CRM_SetCmn_pclkClkDiv(1, 1);
     d8e:	852e                	mv	a0,a1
{
     d90:	c606                	sw	ra,12(sp)
	HAL_CRM_SetCmn_pclkClkDiv(1, 1);
     d92:	1db020ef          	jal	376c <HAL_CRM_SetCmn_pclkClkDiv>
	clock_init();
     d96:	2ae020ef          	jal	3044 <clock_init>
     d9a:	30046073          	csrs	mstatus,8
}
     d9e:	40b2                	lw	ra,12(sp)
     da0:	0141                	add	sp,sp,16
     da2:	8082                	ret

00000da4 <contiki_init>:
{
     da4:	1141                	add	sp,sp,-16
     da6:	c606                	sw	ra,12(sp)
	process_init();
     da8:	628020ef          	jal	33d0 <process_init>
	process_start(&etimer_process, NULL);
     dac:	20000537          	lui	a0,0x20000
     db0:	4581                	li	a1,0
     db2:	0c050513          	add	a0,a0,192 # 200000c0 <etimer_process>
     db6:	72c020ef          	jal	34e2 <process_start>
	process_start(&led_process, NULL);
     dba:	20000537          	lui	a0,0x20000
}
     dbe:	40b2                	lw	ra,12(sp)
	process_start(&led_process, NULL);
     dc0:	4581                	li	a1,0
     dc2:	0a050513          	add	a0,a0,160 # 200000a0 <led_process>
}
     dc6:	0141                	add	sp,sp,16
	process_start(&led_process, NULL);
     dc8:	71a0206f          	j	34e2 <process_start>

00000dcc <upgrade>:
	flash_init(&flash_dev, 0, 0);
     dcc:	20000537          	lui	a0,0x20000
{
     dd0:	1141                	add	sp,sp,-16
	flash_init(&flash_dev, 0, 0);
     dd2:	4601                	li	a2,0
     dd4:	4581                	li	a1,0
     dd6:	08850513          	add	a0,a0,136 # 20000088 <flash_dev>
{
     dda:	c606                	sw	ra,12(sp)
	flash_init(&flash_dev, 0, 0);
     ddc:	7b6050ef          	jal	6592 <flash_init>
    contiki_init();
     de0:	37d1                	jal	da4 <contiki_init>
		  r = process_run();
     de2:	608020ef          	jal	33ea <process_run>
	while(1) {
     de6:	bff5                	j	de2 <upgrade+0x16>

00000de8 <get_boot_opt>:
	if (IP_AON_CTRL->REG_WAKEUP_IRSR.all & GPIO_WAKEUP_IRSR_B05){
     de8:	450007b7          	lui	a5,0x45000
     dec:	4bdc                	lw	a5,20(a5)
     dee:	00a79713          	sll	a4,a5,0xa
     df2:	04074063          	bltz	a4,e32 <get_boot_opt+0x4a>
{
     df6:	1141                	add	sp,sp,-16
     df8:	c606                	sw	ra,12(sp)
     dfa:	c422                	sw	s0,8(sp)
	void* GPIOB_Handler = GPIOB();
     dfc:	3ff030ef          	jal	49fa <GPIOB>
     e00:	842a                	mv	s0,a0
	IOMuxManager_PinConfigure(PAD_BOOT_OPT, PIN_BOOT_OPT, IOMUX_PIN_BOOT_OPT);
     e02:	4601                	li	a2,0
     e04:	4595                	li	a1,5
     e06:	4505                	li	a0,1
     e08:	6a3030ef          	jal	4caa <IOMuxManager_PinConfigure>
	GPIO_Initialize(GPIOB_Handler, NULL, NULL);
     e0c:	4601                	li	a2,0
     e0e:	4581                	li	a1,0
     e10:	8522                	mv	a0,s0
     e12:	3ef030ef          	jal	4a00 <GPIO_Initialize>
	GPIO_SetDir(GPIOB_Handler, (1UL << PIN_BOOT_OPT), CSK_GPIO_DIR_INPUT);  //CSK_GPIO_DIR_INPUT
     e16:	02000593          	li	a1,32
     e1a:	8522                	mv	a0,s0
     e1c:	4601                	li	a2,0
     e1e:	60f030ef          	jal	4c2c <GPIO_SetDir>
	ret = GPIO_PinRead(GPIOB_Handler, (1UL << PIN_BOOT_OPT));
     e22:	8522                	mv	a0,s0
}
     e24:	4422                	lw	s0,8(sp)
     e26:	40b2                	lw	ra,12(sp)
	ret = GPIO_PinRead(GPIOB_Handler, (1UL << PIN_BOOT_OPT));
     e28:	02000593          	li	a1,32
}
     e2c:	0141                	add	sp,sp,16
	ret = GPIO_PinRead(GPIOB_Handler, (1UL << PIN_BOOT_OPT));
     e2e:	5df0306f          	j	4c0c <GPIO_PinRead>
}
     e32:	4505                	li	a0,1
     e34:	8082                	ret

00000e36 <wakeup_process>:
	wakeup_action = IP_AON_CTRL->REG_AON_DIG_RSVD0.all;
     e36:	45000737          	lui	a4,0x45000
     e3a:	0cc72783          	lw	a5,204(a4) # 450000cc <_sp+0x24ff80cc>
	if(wakeup_action == 0) {
     e3e:	e391                	bnez	a5,e42 <wakeup_process+0xc>
		__asm__ volatile ("ret");
     e40:	8082                	ret
	if((wakeup_cause & WAKEUP_CAUSE_ALL) != 0) {
     e42:	003f0637          	lui	a2,0x3f0
	wakeup_cause = IP_AON_CTRL->REG_WAKEUP_IRSR.all;
     e46:	4b54                	lw	a3,20(a4)
	if((wakeup_cause & WAKEUP_CAUSE_ALL) != 0) {
     e48:	063d                	add	a2,a2,15 # 3f000f <_data_lma+0x3e8897>
     e4a:	8ef1                	and	a3,a3,a2
     e4c:	ce99                	beqz	a3,e6a <wakeup_process+0x34>
		wakeup_addr = IP_AON_CTRL->REG_AON_DIG_RSVD1.all;
     e4e:	0d072703          	lw	a4,208(a4)
		if((wakeup_action & 0x000000FF) == WAKEUP_ACT_JUMP_RAM) {
     e52:	0ff7f793          	zext.b	a5,a5
     e56:	0aa00693          	li	a3,170
     e5a:	00d79463          	bne	a5,a3,e62 <wakeup_process+0x2c>
			pFunEntry();
     e5e:	9702                	jalr	a4
     e60:	a029                	j	e6a <wakeup_process+0x34>
		if((wakeup_action & 0x000000FF) == WAKEUP_ACT_JUMP_FLASH) {
     e62:	0bb00693          	li	a3,187
     e66:	fed78ce3          	beq	a5,a3,e5e <wakeup_process+0x28>
    __asm__ volatile ("ret");
     e6a:	8082                	ret

00000e6c <xo24m_process>:
{
     e6c:	7179                	add	sp,sp,-48
     e6e:	d606                	sw	ra,44(sp)
	if(efuse_boot_xo24_enable()) {
     e70:	cc2ff0ef          	jal	332 <efuse_boot_xo24_enable>
     e74:	c15d                	beqz	a0,f1a <xo24m_process+0xae>
		IP_CMN_SYSCFG->REG_PERI_CLK_CFG7.bit.SEL_24M_SRC = 0x1;	//select peri clk
     e76:	43100737          	lui	a4,0x43100
     e7a:	5b5c                	lw	a5,52(a4)
     e7c:	29079793          	bset	a5,a5,0x10
     e80:	db5c                	sw	a5,52(a4)
		IP_CMN_BUSCFG->REG_BUS_CLK_CFG0.bit.SEL_HCLK = 0x1; // select hclk
     e82:	43000737          	lui	a4,0x43000
     e86:	431c                	lw	a5,0(a4)
     e88:	9bf1                	and	a5,a5,-4
     e8a:	0017e793          	or	a5,a5,1
     e8e:	c31c                	sw	a5,0(a4)
{
#if __RISCV_XLEN == 32
    volatile uint32_t high0, low, high;
    uint64_t full;

    high0 = __RV_CSR_READ(CSR_MCYCLEH);
     e90:	b8002773          	csrr	a4,mcycleh
     e94:	fa010793          	add	a5,sp,-96
     e98:	dbf8                	sw	a4,116(a5)
    low = __RV_CSR_READ(CSR_MCYCLE);
     e9a:	b0002773          	csrr	a4,mcycle
     e9e:	dfb8                	sw	a4,120(a5)
    high = __RV_CSR_READ(CSR_MCYCLEH);
     ea0:	b8002773          	csrr	a4,mcycleh
     ea4:	dff8                	sw	a4,124(a5)
    if (high0 != high) {
     ea6:	5bf8                	lw	a4,116(a5)
     ea8:	5ffc                	lw	a5,124(a5)
     eaa:	00f70563          	beq	a4,a5,eb4 <xo24m_process+0x48>
        low = __RV_CSR_READ(CSR_MCYCLE);
     eae:	b00027f3          	csrr	a5,mcycle
     eb2:	cc3e                	sw	a5,24(sp)
		cycles_prev = __get_rv_cycle();
     eb4:	d5018713          	add	a4,gp,-688 # 20000638 <cycles_prev.3>
    }
    full = (((uint64_t)high) << 32) | low;
     eb8:	46f2                	lw	a3,28(sp)
     eba:	4662                	lw	a2,24(sp)
     ebc:	c310                	sw	a2,0(a4)
			if((cycles_curr - cycles_prev) > 2400000)
     ebe:	0024a637          	lui	a2,0x24a
     ec2:	c354                	sw	a3,4(a4)
		while(!xo24m_is_switch_ok()) {
     ec4:	d5018793          	add	a5,gp,-688 # 20000638 <cycles_prev.3>
    return IP_CMN_SYSCFG->REG_XO24M_OUT_READY.bit.XO24M_OUT_CNT_READY;
     ec8:	43100537          	lui	a0,0x43100
			if((cycles_curr - cycles_prev) > 2400000)
     ecc:	f0060613          	add	a2,a2,-256 # 249f00 <_data_lma+0x242788>
    return IP_CMN_SYSCFG->REG_XO24M_OUT_READY.bit.XO24M_OUT_CNT_READY;
     ed0:	0a452703          	lw	a4,164(a0) # 431000a4 <_sp+0x230f80a4>
     ed4:	8b05                	and	a4,a4,1
		while(!xo24m_is_switch_ok()) {
     ed6:	e331                	bnez	a4,f1a <xo24m_process+0xae>
    high0 = __RV_CSR_READ(CSR_MCYCLEH);
     ed8:	b80026f3          	csrr	a3,mcycleh
     edc:	fa010713          	add	a4,sp,-96
     ee0:	d734                	sw	a3,104(a4)
    low = __RV_CSR_READ(CSR_MCYCLE);
     ee2:	b00026f3          	csrr	a3,mcycle
     ee6:	d774                	sw	a3,108(a4)
    high = __RV_CSR_READ(CSR_MCYCLEH);
     ee8:	b80026f3          	csrr	a3,mcycleh
     eec:	db34                	sw	a3,112(a4)
    if (high0 != high) {
     eee:	5734                	lw	a3,104(a4)
     ef0:	5b38                	lw	a4,112(a4)
     ef2:	00e68563          	beq	a3,a4,efc <xo24m_process+0x90>
        low = __RV_CSR_READ(CSR_MCYCLE);
     ef6:	b0002773          	csrr	a4,mcycle
     efa:	c63a                	sw	a4,12(sp)
    full = (((uint64_t)high) << 32) | low;
     efc:	45c2                	lw	a1,16(sp)
			if((cycles_curr - cycles_prev) > 2400000)
     efe:	4398                	lw	a4,0(a5)
     f00:	46b2                	lw	a3,12(sp)
     f02:	0047a803          	lw	a6,4(a5) # 45000004 <_sp+0x24ff8004>
     f06:	40e68733          	sub	a4,a3,a4
     f0a:	00e6b6b3          	sltu	a3,a3,a4
     f0e:	410585b3          	sub	a1,a1,a6
     f12:	00d59463          	bne	a1,a3,f1a <xo24m_process+0xae>
     f16:	fae67de3          	bgeu	a2,a4,ed0 <xo24m_process+0x64>
}
     f1a:	50b2                	lw	ra,44(sp)
     f1c:	6145                	add	sp,sp,48
     f1e:	8082                	ret

00000f20 <uvlo_process>:
{
     f20:	7179                	add	sp,sp,-48
     f22:	d606                	sw	ra,44(sp)
	if(efuse_boot_uvlo_enable()) {
     f24:	c3aff0ef          	jal	35e <efuse_boot_uvlo_enable>
     f28:	c559                	beqz	a0,fb6 <uvlo_process+0x96>
    high0 = __RV_CSR_READ(CSR_MCYCLEH);
     f2a:	b8002773          	csrr	a4,mcycleh
     f2e:	fa010793          	add	a5,sp,-96
     f32:	dbf8                	sw	a4,116(a5)
    low = __RV_CSR_READ(CSR_MCYCLE);
     f34:	b0002773          	csrr	a4,mcycle
     f38:	dfb8                	sw	a4,120(a5)
    high = __RV_CSR_READ(CSR_MCYCLEH);
     f3a:	b8002773          	csrr	a4,mcycleh
     f3e:	dff8                	sw	a4,124(a5)
    if (high0 != high) {
     f40:	5bf8                	lw	a4,116(a5)
     f42:	5ffc                	lw	a5,124(a5)
     f44:	00f70563          	beq	a4,a5,f4e <uvlo_process+0x2e>
        low = __RV_CSR_READ(CSR_MCYCLE);
     f48:	b00027f3          	csrr	a5,mcycle
     f4c:	cc3e                	sw	a5,24(sp)
		cycles_prev = __get_rv_cycle();
     f4e:	d4818713          	add	a4,gp,-696 # 20000630 <cycles_prev.1>
    full = (((uint64_t)high) << 32) | low;
     f52:	46f2                	lw	a3,28(sp)
     f54:	4662                	lw	a2,24(sp)
     f56:	c310                	sw	a2,0(a4)
			if((cycles_curr - cycles_prev) > 2400000)
     f58:	0024a637          	lui	a2,0x24a
     f5c:	c354                	sw	a3,4(a4)
		while(!uvlo_is_vio_ok()) {
     f5e:	d4818793          	add	a5,gp,-696 # 20000630 <cycles_prev.1>
	return IP_AON_CTRL->REG_AON_TUNE0.bit.VCC_OK;
     f62:	45000537          	lui	a0,0x45000
			if((cycles_curr - cycles_prev) > 2400000)
     f66:	f0060613          	add	a2,a2,-256 # 249f00 <_data_lma+0x242788>
	return IP_AON_CTRL->REG_AON_TUNE0.bit.VCC_OK;
     f6a:	0a052703          	lw	a4,160(a0) # 450000a0 <_sp+0x24ff80a0>
     f6e:	48675713          	bext	a4,a4,0x6
		while(!uvlo_is_vio_ok()) {
     f72:	e331                	bnez	a4,fb6 <uvlo_process+0x96>
    high0 = __RV_CSR_READ(CSR_MCYCLEH);
     f74:	b80026f3          	csrr	a3,mcycleh
     f78:	fa010713          	add	a4,sp,-96
     f7c:	d734                	sw	a3,104(a4)
    low = __RV_CSR_READ(CSR_MCYCLE);
     f7e:	b00026f3          	csrr	a3,mcycle
     f82:	d774                	sw	a3,108(a4)
    high = __RV_CSR_READ(CSR_MCYCLEH);
     f84:	b80026f3          	csrr	a3,mcycleh
     f88:	db34                	sw	a3,112(a4)
    if (high0 != high) {
     f8a:	5734                	lw	a3,104(a4)
     f8c:	5b38                	lw	a4,112(a4)
     f8e:	00e68563          	beq	a3,a4,f98 <uvlo_process+0x78>
        low = __RV_CSR_READ(CSR_MCYCLE);
     f92:	b0002773          	csrr	a4,mcycle
     f96:	c63a                	sw	a4,12(sp)
    full = (((uint64_t)high) << 32) | low;
     f98:	45c2                	lw	a1,16(sp)
			if((cycles_curr - cycles_prev) > 2400000)
     f9a:	4398                	lw	a4,0(a5)
     f9c:	46b2                	lw	a3,12(sp)
     f9e:	0047a803          	lw	a6,4(a5)
     fa2:	40e68733          	sub	a4,a3,a4
     fa6:	00e6b6b3          	sltu	a3,a3,a4
     faa:	410585b3          	sub	a1,a1,a6
     fae:	00d59463          	bne	a1,a3,fb6 <uvlo_process+0x96>
     fb2:	fae67ce3          	bgeu	a2,a4,f6a <uvlo_process+0x4a>
}
     fb6:	50b2                	lw	ra,44(sp)
     fb8:	6145                	add	sp,sp,48
     fba:	8082                	ret

00000fbc <SLIP_init>:
struct slip s_slip;

void
SLIP_init(char* tx_buf, char* rx_buf)
{
    s_slip.tx_buf = tx_buf;
     fbc:	e2418793          	add	a5,gp,-476 # 2000070c <s_slip>
     fc0:	c388                	sw	a0,0(a5)
    s_slip.rx_buf = rx_buf;
     fc2:	c3cc                	sw	a1,4(a5)
    s_slip.tx_idx = 0;
     fc4:	0007a423          	sw	zero,8(a5)
    s_slip.rx_idx = 0;
     fc8:	0007a623          	sw	zero,12(a5)
}
     fcc:	8082                	ret

00000fce <SLIP_get_tx_size>:

int32_t
SLIP_get_tx_size()
{
    return s_slip.tx_idx;
}
     fce:	e2418793          	add	a5,gp,-476 # 2000070c <s_slip>
     fd2:	4788                	lw	a0,8(a5)
     fd4:	8082                	ret

00000fd6 <uart_tx_one_char>:
}

void
uart_tx_one_char(char ch)
{
    s_slip.tx_buf[s_slip.tx_idx] = ch;
     fd6:	e2418793          	add	a5,gp,-476 # 2000070c <s_slip>
     fda:	4794                	lw	a3,8(a5)
     fdc:	4398                	lw	a4,0(a5)
     fde:	9736                	add	a4,a4,a3
     fe0:	00a70023          	sb	a0,0(a4) # 43000000 <_sp+0x22ff8000>
    s_slip.tx_idx++;
     fe4:	4798                	lw	a4,8(a5)
     fe6:	0705                	add	a4,a4,1
     fe8:	c798                	sw	a4,8(a5)
}
     fea:	8082                	ret

00000fec <SLIP_send_frame_delimiter>:
    return ch;
}
void
SLIP_send_frame_delimiter(void)
{
    uart_tx_one_char('\xc0');
     fec:	0c000513          	li	a0,192
     ff0:	b7dd                	j	fd6 <uart_tx_one_char>

00000ff2 <SLIP_send_frame_data>:
}

void
SLIP_send_frame_data(char ch)
{
     ff2:	1141                	add	sp,sp,-16
     ff4:	c606                	sw	ra,12(sp)
    if (ch == '\xc0') {
     ff6:	0c000713          	li	a4,192
     ffa:	00e51a63          	bne	a0,a4,100e <__HEAP_SIZE+0xe>
        uart_tx_one_char('\xdb');
     ffe:	0db00513          	li	a0,219
    1002:	3fd1                	jal	fd6 <uart_tx_one_char>
        uart_tx_one_char('\xdc');
    1004:	0dc00513          	li	a0,220
        uart_tx_one_char('\xdb');
        uart_tx_one_char('\xdd');
    } else {
        uart_tx_one_char(ch);
    }
}
    1008:	40b2                	lw	ra,12(sp)
    100a:	0141                	add	sp,sp,16
        uart_tx_one_char(ch);
    100c:	b7e9                	j	fd6 <uart_tx_one_char>
    } else if (ch == '\xdb') {
    100e:	0db00713          	li	a4,219
    1012:	fee51be3          	bne	a0,a4,1008 <__HEAP_SIZE+0x8>
        uart_tx_one_char('\xdb');
    1016:	37c1                	jal	fd6 <uart_tx_one_char>
        uart_tx_one_char('\xdd');
    1018:	0dd00513          	li	a0,221
    101c:	b7f5                	j	1008 <__HEAP_SIZE+0x8>

0000101e <SLIP_send_frame_data_buf>:

void
SLIP_send_frame_data_buf(const void* buf, uint32_t size)
{
    101e:	1141                	add	sp,sp,-16
    1020:	c422                	sw	s0,8(sp)
    1022:	c226                	sw	s1,4(sp)
    1024:	c606                	sw	ra,12(sp)
    1026:	842a                	mv	s0,a0
    1028:	00b504b3          	add	s1,a0,a1
    int i;
    const uint8_t* buf_c = (const uint8_t*)buf;
    for (i = 0; i < size; i++) {
    102c:	00941763          	bne	s0,s1,103a <SLIP_send_frame_data_buf+0x1c>
        SLIP_send_frame_data(buf_c[i]);
    }
}
    1030:	40b2                	lw	ra,12(sp)
    1032:	4422                	lw	s0,8(sp)
    1034:	4492                	lw	s1,4(sp)
    1036:	0141                	add	sp,sp,16
    1038:	8082                	ret
        SLIP_send_frame_data(buf_c[i]);
    103a:	00044503          	lbu	a0,0(s0)
    103e:	3f55                	jal	ff2 <SLIP_send_frame_data>
    for (i = 0; i < size; i++) {
    1040:	0405                	add	s0,s0,1
    1042:	b7ed                	j	102c <SLIP_send_frame_data_buf+0xe>

00001044 <SLIP_recv_byte>:
    SLIP_send_frame_delimiter();
}

int16_t
SLIP_recv_byte(char byte, slip_state_t* state)
{
    1044:	87aa                	mv	a5,a0
    //ifyLogPrint("SLIP_recv_byte, start state is %d\n", *state);
    if (byte == '\xc0') {
    1046:	0c000513          	li	a0,192
        if (*state == SLIP_NO_FRAME) {
    104a:	4194                	lw	a3,0(a1)
    if (byte == '\xc0') {
    104c:	00a79863          	bne	a5,a0,105c <SLIP_recv_byte+0x18>
            *state = SLIP_FRAME;
    1050:	4785                	li	a5,1
        if (*state == SLIP_NO_FRAME) {
    1052:	c685                	beqz	a3,107a <SLIP_recv_byte+0x36>
            //ifyLogPrint("SLIP get 0x%02x, state is %d\n", (uint8_t)byte, *state);
            return SLIP_NO_BYTE;
        } else {
            *state = SLIP_NO_FRAME;
    1054:	0005a023          	sw	zero,0(a1)
            //ifyLogPrint("SLIP get 0x%02x, state is %d\n", (uint8_t)byte, *state);
            return SLIP_FINISHED_FRAME;
    1058:	5579                	li	a0,-2
    105a:	8082                	ret
        }
    }

    switch (*state) {
    105c:	4705                	li	a4,1
    105e:	00e68763          	beq	a3,a4,106c <SLIP_recv_byte+0x28>
    1062:	4609                	li	a2,2
    1064:	00c68d63          	beq	a3,a2,107e <SLIP_recv_byte+0x3a>
{
    1068:	557d                	li	a0,-1
    106a:	8082                	ret
        case SLIP_NO_FRAME:
            //ifyLogPrint("SLIP get 0x%02x, state is %d\n", (uint8_t)byte, *state);
            return SLIP_NO_BYTE;
        case SLIP_FRAME:
            if (byte == '\xdb') {
    106c:	0db00713          	li	a4,219
                *state = SLIP_FRAME_ESCAPING;
                //ifyLogPrint("SLIP get 0x%02x, state is %d\n", (uint8_t)byte, *state);
                return SLIP_NO_BYTE;
            }
            //ifyLogPrint("SLIP get 0x%02x, state is %d\n", (uint8_t)byte, *state);
            return (uint8_t)byte;
    1070:	60579513          	sext.h	a0,a5
            if (byte == '\xdb') {
    1074:	02e79263          	bne	a5,a4,1098 <SLIP_recv_byte+0x54>
                *state = SLIP_FRAME_ESCAPING;
    1078:	4789                	li	a5,2
    107a:	c19c                	sw	a5,0(a1)
                return SLIP_NO_BYTE;
    107c:	b7f5                	j	1068 <SLIP_recv_byte+0x24>
        case SLIP_FRAME_ESCAPING:
            if (byte == '\xdc') {
    107e:	0dc00693          	li	a3,220
    1082:	00d79463          	bne	a5,a3,108a <SLIP_recv_byte+0x46>
                *state = SLIP_FRAME;
    1086:	c198                	sw	a4,0(a1)
                //ifyLogPrint("SLIP get 0x%02x, state is %d\n", (uint8_t)byte, *state);
                return (uint8_t)'\xc0';
    1088:	8082                	ret
            }
            if (byte == '\xdd') {
    108a:	0dd00693          	li	a3,221
    108e:	fcd79de3          	bne	a5,a3,1068 <SLIP_recv_byte+0x24>
                *state = SLIP_FRAME;
    1092:	c198                	sw	a4,0(a1)
                //ifyLogPrint("SLIP get 0x%02x, state is %d\n", (uint8_t)byte, *state);
                return (uint8_t)'\xdb';
    1094:	0db00513          	li	a0,219
            //ifyLogPrint("SLIP get 0x%02x, frame error\n", (uint8_t)byte);
            return SLIP_NO_BYTE; /* actually a framing error */
    }
    //ifyLogPrint("SLIP get 0x%02x, frame error\n", byte);
    return SLIP_NO_BYTE; /* actually a framing error */
}
    1098:	8082                	ret

0000109a <ub_state_save>:

void
ub_state_save()
{
    BOOT_LOG("ub_state_save, read=%d, state=%d\n", ub.read, ub.state);
    ubs.read = ub.read;
    109a:	e3418713          	add	a4,gp,-460 # 2000071c <ub>
    109e:	d7c18793          	add	a5,gp,-644 # 20000664 <ubs>
    10a2:	4354                	lw	a3,4(a4)
    ubs.state = ub.state;
    10a4:	4718                	lw	a4,8(a4)
    ubs.read = ub.read;
    10a6:	00d79023          	sh	a3,0(a5)
    ubs.state = ub.state;
    10aa:	c3d8                	sw	a4,4(a5)
}
    10ac:	8082                	ret

000010ae <ub_state_recovery>:

void
ub_state_recovery()
{
    ub.read = ubs.read;
    10ae:	d7c18713          	add	a4,gp,-644 # 20000664 <ubs>
    10b2:	00075683          	lhu	a3,0(a4)
    10b6:	e3418793          	add	a5,gp,-460 # 2000071c <ub>
    ub.state = ubs.state;
    10ba:	4358                	lw	a4,4(a4)
    ub.read = ubs.read;
    10bc:	c3d4                	sw	a3,4(a5)
    ub.state = ubs.state;
    10be:	c798                	sw	a4,8(a5)
    BOOT_LOG("ub_state_recovery, read=%d, state=%d\n", ub.read, ub.state);
}
    10c0:	8082                	ret

000010c2 <ub_state_init>:

void
ub_state_init()
{
    ub.reading_buf = (uint8_t*)DATA_RX_BUF;
    10c2:	2000a737          	lui	a4,0x2000a
    10c6:	e3418793          	add	a5,gp,-460 # 2000071c <ub>
    10ca:	f8070713          	add	a4,a4,-128 # 20009f80 <_sp+0x1f80>
    10ce:	c398                	sw	a4,0(a5)
    ub.read = 0;
    10d0:	0007a223          	sw	zero,4(a5)
    ub.state = 0;
    10d4:	0007a423          	sw	zero,8(a5)
    ub.command = NULL;
    10d8:	0007a823          	sw	zero,16(a5)
    ub.error = 0;
    10dc:	0007a623          	sw	zero,12(a5)
}
    10e0:	8082                	ret

000010e2 <pll_init>:

void
pll_init(pll_clk_div_t *pll_clk_div)
{
    if (!pll_clk_div || pll_clk_div->pll_enable_flag == 0) {
    10e2:	0e050063          	beqz	a0,11c2 <pll_init+0xe0>
{
    10e6:	1141                	add	sp,sp,-16
    10e8:	c422                	sw	s0,8(sp)
    10ea:	c606                	sw	ra,12(sp)
    if (!pll_clk_div || pll_clk_div->pll_enable_flag == 0) {
    10ec:	00754783          	lbu	a5,7(a0)
    10f0:	842a                	mv	s0,a0
    10f2:	c7e1                	beqz	a5,11ba <pll_init+0xd8>
        return;
    }

	// enable SYSPLL
	IP_CMN_BUSCFG->REG_SYSPLL_CFG0.bit.SYSPLL_ENABLE = 0x1;
    10f4:	430007b7          	lui	a5,0x43000
    10f8:	4798                	lw	a4,8(a5)
    10fa:	00176713          	or	a4,a4,1
    10fe:	c798                	sw	a4,8(a5)
	while (!IP_CMN_BUSCFG->REG_SYSPLL_CFG0.bit.SYSPLL_LOCK);
    1100:	4798                	lw	a4,8(a5)
    1102:	00971693          	sll	a3,a4,0x9
    1106:	fe06dde3          	bgez	a3,1100 <pll_init+0x1e>

	// set core clk, default 300M
	if(pll_clk_div->cpu_cfg_para != INVALID_PLL_VALUE) {
    110a:	00044703          	lbu	a4,0(s0)
    110e:	0ff00793          	li	a5,255
		CRM_InitSyspllCore(pll_clk_div->cpu_cfg_para);
	} else {
		// Init cpu run 300M
		CRM_InitSyspllCore(BOARD_BOOTCLOCKRUN_SYSPLL_CORE_CFG_PARA);
    1112:	4505                	li	a0,1
	if(pll_clk_div->cpu_cfg_para != INVALID_PLL_VALUE) {
    1114:	00f70463          	beq	a4,a5,111c <pll_init+0x3a>
		CRM_InitSyspllCore(pll_clk_div->cpu_cfg_para);
    1118:	00044503          	lbu	a0,0(s0)
		CRM_InitSyspllCore(BOARD_BOOTCLOCKRUN_SYSPLL_CORE_CFG_PARA);
    111c:	468020ef          	jal	3584 <CRM_InitSyspllCore>
	}

	// set flash clk, default 100M
	if(pll_clk_div->flash_clk_div != INVALID_PLL_VALUE) {
    1120:	00144703          	lbu	a4,1(s0)
    1124:	0ff00793          	li	a5,255
		CRM_InitSyspllFlash(BOARD_BOOTCLOCKRUN_SYSPLL_FLASH_CFG_PARA);
    1128:	450d                	li	a0,3
	if(pll_clk_div->flash_clk_div != INVALID_PLL_VALUE) {
    112a:	08f70263          	beq	a4,a5,11ae <pll_init+0xcc>
		CRM_InitSyspllFlash(BOARD_BOOTCLOCKRUN_SYSPLL_FLASH_CFG_PARA);
    112e:	4b6020ef          	jal	35e4 <CRM_InitSyspllFlash>

		// divider: 0 ~ 31
		HAL_CRM_SetFlashClkDiv(pll_clk_div->flash_clk_div);
    1132:	00144503          	lbu	a0,1(s0)
	} else {
		// Init CRM flash clock 100M
		CRM_InitSyspllFlash(BOARD_BOOTCLOCKRUN_SYSPLL_FLASH_CFG_PARA);

		// FLASH 100M
		HAL_CRM_SetFlashClkDiv(BOARD_BOOTCLOCKRUN_FLASH_CLK_M);
    1136:	6c4020ef          	jal	37fa <HAL_CRM_SetFlashClkDiv>
		HAL_CRM_SetFlashClkSrc(BOARD_BOOTCLOCKRUN_FLASH_CLK_SRC);
    113a:	4525                	li	a0,9
    113c:	6ee020ef          	jal	382a <HAL_CRM_SetFlashClkSrc>
	}

	// set peri_pclk, default 100M
	if (pll_clk_div->peri_pclk_div != INVALID_PLL_VALUE) {
    1140:	00244703          	lbu	a4,2(s0)
    1144:	0ff00793          	li	a5,255
		CRM_InitSyspllPeri(pll_clk_div->peri_pclk_div);
	} else {
		// Init peri 100M
		CRM_InitSyspllPeri(BOARD_BOOTCLOCKRUN_SYSPLL_PERI_CFG_PARA);
    1148:	4519                	li	a0,6
	if (pll_clk_div->peri_pclk_div != INVALID_PLL_VALUE) {
    114a:	00f70463          	beq	a4,a5,1152 <pll_init+0x70>
		CRM_InitSyspllPeri(pll_clk_div->peri_pclk_div);
    114e:	00244503          	lbu	a0,2(s0)
		CRM_InitSyspllPeri(BOARD_BOOTCLOCKRUN_SYSPLL_PERI_CFG_PARA);
    1152:	468020ef          	jal	35ba <CRM_InitSyspllPeri>
	}

	// set aon_cfg_pclk,default 300/8=37.5M
	if(pll_clk_div->aon_cfg_pclk_div != INVALID_PLL_VALUE) {
    1156:	00344703          	lbu	a4,3(s0)
    115a:	0ff00793          	li	a5,255
		HAL_CRM_SetAon_cfg_pclkClkDiv(BOARD_BOOTCLOCKRUN_AON_CFG_PCLK_CLK_N, pll_clk_div->aon_cfg_pclk_div);
	} else {
		HAL_CRM_SetAon_cfg_pclkClkDiv(BOARD_BOOTCLOCKRUN_AON_CFG_PCLK_CLK_N, BOARD_BOOTCLOCKRUN_AON_CFG_PCLK_CLK_M);
    115e:	45a1                	li	a1,8
	if(pll_clk_div->aon_cfg_pclk_div != INVALID_PLL_VALUE) {
    1160:	00f70463          	beq	a4,a5,1168 <pll_init+0x86>
		HAL_CRM_SetAon_cfg_pclkClkDiv(BOARD_BOOTCLOCKRUN_AON_CFG_PCLK_CLK_N, pll_clk_div->aon_cfg_pclk_div);
    1164:	00344583          	lbu	a1,3(s0)
		HAL_CRM_SetAon_cfg_pclkClkDiv(BOARD_BOOTCLOCKRUN_AON_CFG_PCLK_CLK_N, BOARD_BOOTCLOCKRUN_AON_CFG_PCLK_CLK_M);
    1168:	4505                	li	a0,1
    116a:	642020ef          	jal	37ac <HAL_CRM_SetAon_cfg_pclkClkDiv>
	}

	// set cmn clk, default 300/4=75M
	if(pll_clk_div->cmn_peri_pclk_div != INVALID_PLL_VALUE) {
    116e:	00444703          	lbu	a4,4(s0)
    1172:	0ff00793          	li	a5,255
		// CMN_PERI_PCLK 300/peri_pclk_div
		HAL_CRM_SetCmn_pclkClkDiv(BOARD_BOOTCLOCKRUN_CMN_PERI_PCLK_CLK_N, pll_clk_div->cmn_peri_pclk_div);
	} else {
		HAL_CRM_SetCmn_pclkClkDiv(BOARD_BOOTCLOCKRUN_CMN_PERI_PCLK_CLK_N, BOARD_BOOTCLOCKRUN_CMN_PERI_PCLK_CLK_M);
    1176:	4591                	li	a1,4
	if(pll_clk_div->cmn_peri_pclk_div != INVALID_PLL_VALUE) {
    1178:	00f70463          	beq	a4,a5,1180 <pll_init+0x9e>
		HAL_CRM_SetCmn_pclkClkDiv(BOARD_BOOTCLOCKRUN_CMN_PERI_PCLK_CLK_N, pll_clk_div->cmn_peri_pclk_div);
    117c:	00444583          	lbu	a1,4(s0)
		HAL_CRM_SetCmn_pclkClkDiv(BOARD_BOOTCLOCKRUN_CMN_PERI_PCLK_CLK_N, BOARD_BOOTCLOCKRUN_CMN_PERI_PCLK_CLK_M);
    1180:	4505                	li	a0,1
    1182:	5ea020ef          	jal	376c <HAL_CRM_SetCmn_pclkClkDiv>
	}

	//reserved

	// set hclk, default 300M
	if((pll_clk_div->hclk_div != INVALID_PLL_VALUE) && (pll_clk_div->hclk_div != 0)) {
    1186:	00644703          	lbu	a4,6(s0)
    118a:	0ff00793          	li	a5,255
    118e:	02f70463          	beq	a4,a5,11b6 <pll_init+0xd4>
    1192:	00644783          	lbu	a5,6(s0)
    1196:	c385                	beqz	a5,11b6 <pll_init+0xd4>
		HAL_CRM_SetHclkClkDiv(BOARD_BOOTCLOCKRUN_HCLK_CLK_N, pll_clk_div->hclk_div);
    1198:	00644583          	lbu	a1,6(s0)
    119c:	4505                	li	a0,1
    119e:	582020ef          	jal	3720 <HAL_CRM_SetHclkClkDiv>
		HAL_CRM_SetSysclkClkSrc(BOARD_BOOTCLOCKRUN_HCLK_CLK_SRC);
	} else {
		HAL_CRM_SetHclkClkDiv(BOARD_BOOTCLOCKRUN_HCLK_CLK_N, BOARD_BOOTCLOCKRUN_HCLK_CLK_M);
		HAL_CRM_SetSysclkClkSrc(BOARD_BOOTCLOCKRUN_HCLK_CLK_SRC);
	}
}
    11a2:	4422                	lw	s0,8(sp)
    11a4:	40b2                	lw	ra,12(sp)
		HAL_CRM_SetSysclkClkSrc(BOARD_BOOTCLOCKRUN_HCLK_CLK_SRC);
    11a6:	451d                	li	a0,7
}
    11a8:	0141                	add	sp,sp,16
		HAL_CRM_SetSysclkClkSrc(BOARD_BOOTCLOCKRUN_HCLK_CLK_SRC);
    11aa:	53a0206f          	j	36e4 <HAL_CRM_SetSysclkClkSrc>
		CRM_InitSyspllFlash(BOARD_BOOTCLOCKRUN_SYSPLL_FLASH_CFG_PARA);
    11ae:	436020ef          	jal	35e4 <CRM_InitSyspllFlash>
		HAL_CRM_SetFlashClkDiv(BOARD_BOOTCLOCKRUN_FLASH_CLK_M);
    11b2:	4505                	li	a0,1
    11b4:	b749                	j	1136 <pll_init+0x54>
		HAL_CRM_SetHclkClkDiv(BOARD_BOOTCLOCKRUN_HCLK_CLK_N, BOARD_BOOTCLOCKRUN_HCLK_CLK_M);
    11b6:	4585                	li	a1,1
    11b8:	b7d5                	j	119c <pll_init+0xba>
}
    11ba:	40b2                	lw	ra,12(sp)
    11bc:	4422                	lw	s0,8(sp)
    11be:	0141                	add	sp,sp,16
    11c0:	8082                	ret
    11c2:	8082                	ret

000011c4 <uart_receive_bytes>:

esp_command_error
uart_receive_bytes(uint8_t* bytes, int32_t len)
{
    11c4:	1101                	add	sp,sp,-32
    11c6:	c64e                	sw	s3,12(sp)
    for (i = 0; i < len; i++) {
        r = SLIP_recv_byte(bytes[i], (slip_state_t*)&ub.state);
        //BOOT_LOG("uart_receive_bytes %d byte is %02x, r is %d\n", i, (uint8_t)bytes[i], r);
        if (r >= 0) {
            ub.reading_buf[ub.read++] = (uint8_t) r;
            if (ub.read == MAX_WRITE_BLOCK) {
    11c8:	6989                	lui	s3,0x2
{
    11ca:	cc22                	sw	s0,24(sp)
    11cc:	ca26                	sw	s1,20(sp)
    11ce:	c84a                	sw	s2,16(sp)
    11d0:	c452                	sw	s4,8(sp)
    11d2:	c256                	sw	s5,4(sp)
    11d4:	c05a                	sw	s6,0(sp)
    11d6:	ce06                	sw	ra,28(sp)
    11d8:	892a                	mv	s2,a0
    11da:	84ae                	mv	s1,a1
    for (i = 0; i < len; i++) {
    11dc:	4401                	li	s0,0
                /* shouldn't happen unless there are data errors */
                r = SLIP_FINISHED_FRAME;
            }
        }
        if (r == SLIP_FINISHED_FRAME) {
    11de:	5af9                	li	s5,-2
            if (ub.read == MAX_WRITE_BLOCK) {
    11e0:	f8098993          	add	s3,s3,-128 # 1f80 <mbedtls_internal_md5_process+0xc0>
    for (i = 0; i < len; i++) {
    11e4:	00944563          	blt	s0,s1,11ee <uart_receive_bytes+0x2a>
            ub.read = 0;
            break;
        }
    }

    return r == SLIP_FINISHED_FRAME ? ESP_OK : ESP_NOT_ENOUGH_DATA;
    11e8:	0c800513          	li	a0,200
    11ec:	a815                	j	1220 <uart_receive_bytes+0x5c>
        r = SLIP_recv_byte(bytes[i], (slip_state_t*)&ub.state);
    11ee:	008907b3          	add	a5,s2,s0
    11f2:	e3c18593          	add	a1,gp,-452 # 20000724 <ub+0x8>
    11f6:	0007c503          	lbu	a0,0(a5) # 43000000 <_sp+0x22ff8000>
    11fa:	35a9                	jal	1044 <SLIP_recv_byte>
        if (r >= 0) {
    11fc:	02054c63          	bltz	a0,1234 <uart_receive_bytes+0x70>
            ub.reading_buf[ub.read++] = (uint8_t) r;
    1200:	e3418793          	add	a5,gp,-460 # 2000071c <ub>
    1204:	43d4                	lw	a3,4(a5)
    1206:	4398                	lw	a4,0(a5)
    1208:	00168613          	add	a2,a3,1
    120c:	c3d0                	sw	a2,4(a5)
    120e:	9736                	add	a4,a4,a3
    1210:	00a70023          	sb	a0,0(a4)
            if (ub.read == MAX_WRITE_BLOCK) {
    1214:	43dc                	lw	a5,4(a5)
    1216:	03379163          	bne	a5,s3,1238 <uart_receive_bytes+0x74>
            ub.read = 0;
    121a:	e201ac23          	sw	zero,-456(gp) # 20000720 <ub+0x4>
    return r == SLIP_FINISHED_FRAME ? ESP_OK : ESP_NOT_ENOUGH_DATA;
    121e:	4501                	li	a0,0
}
    1220:	40f2                	lw	ra,28(sp)
    1222:	4462                	lw	s0,24(sp)
    1224:	44d2                	lw	s1,20(sp)
    1226:	4942                	lw	s2,16(sp)
    1228:	49b2                	lw	s3,12(sp)
    122a:	4a22                	lw	s4,8(sp)
    122c:	4a92                	lw	s5,4(sp)
    122e:	4b02                	lw	s6,0(sp)
    1230:	6105                	add	sp,sp,32
    1232:	8082                	ret
        if (r == SLIP_FINISHED_FRAME) {
    1234:	ff5503e3          	beq	a0,s5,121a <uart_receive_bytes+0x56>
    for (i = 0; i < len; i++) {
    1238:	0405                	add	s0,s0,1
    123a:	b76d                	j	11e4 <uart_receive_bytes+0x20>

0000123c <handle_mem_begin>:
// Total Size, Number of Data Packets, Data Size in one Packet, Memory Offset.
// Actually here only 1st uint32 (Total Size) is used for MEM_BEGIN!
esp_command_error
handle_mem_begin(uint32_t size, uint32_t offset)
{
    s_mem_i = 0;
    123c:	d601a823          	sw	zero,-656(gp) # 20000658 <s_mem_i>
    s_mem_len = 0;
    1240:	d601a623          	sw	zero,-660(gp) # 20000654 <s_mem_len>
    s_mem_offset = (int8_t *)offset;
    1244:	d6b1a423          	sw	a1,-664(gp) # 20000650 <s_mem_offset>
    s_mem_remaining = size;
    1248:	200007b7          	lui	a5,0x20000
    124c:	0ea7a823          	sw	a0,240(a5) # 200000f0 <s_mem_remaining>
    s_mem_seq = -1;
    1250:	577d                	li	a4,-1
    1252:	d6e1a223          	sw	a4,-668(gp) # 2000064c <s_mem_seq>

    BOOT_LOG("handle_mem_begin data size is %d\n", size);
    return ESP_OK;
}
    1256:	4501                	li	a0,0
    1258:	8082                	ret

0000125a <handle_flash_begin>:

esp_command_error
handle_flash_begin(uint32_t size, uint32_t offset)
{
    s_mem_i = 0;
    125a:	d601a823          	sw	zero,-656(gp) # 20000658 <s_mem_i>
    s_mem_len = 0;
    s_mem_offset = (int8_t *)AP_SRAM_BASE;
    125e:	20010737          	lui	a4,0x20010
    s_mem_len = 0;
    1262:	d601a623          	sw	zero,-660(gp) # 20000654 <s_mem_len>
    s_mem_offset = (int8_t *)AP_SRAM_BASE;
    1266:	d6e1a423          	sw	a4,-664(gp) # 20000650 <s_mem_offset>
    s_mem_remaining = size;
    126a:	200007b7          	lui	a5,0x20000
    s_mem_seq = -1;
    126e:	577d                	li	a4,-1
    s_mem_remaining = size;
    1270:	0ea7a823          	sw	a0,240(a5) # 200000f0 <s_mem_remaining>
    s_mem_seq = -1;
    1274:	d6e1a223          	sw	a4,-668(gp) # 2000064c <s_mem_seq>

    flash_prog.cnt = 0;
    1278:	200007b7          	lui	a5,0x20000
    127c:	00078713          	mv	a4,a5
    1280:	00078793          	mv	a5,a5
    1284:	00072623          	sw	zero,12(a4) # 2001000c <_sp+0x800c>
    flash_prog.flash_offset = offset;
    1288:	c30c                	sw	a1,0(a4)
    flash_prog.total_size = size;
    128a:	c348                	sw	a0,4(a4)
    flash_prog.erase_size = 0;
    128c:	00072423          	sw	zero,8(a4)
    flash_prog.ctrl_head = 0;
    1290:	00071a23          	sh	zero,20(a4)
    flash_prog.ctrl_tail = 0;
    for(int i = 0 ; i < LOAD_BLK_NUM; i++) {
    1294:	04078713          	add	a4,a5,64 # 20000040 <flash_prog+0x40>
    	flash_prog.data_ctrl[i].buf_idx = 0;
    1298:	00079c23          	sh	zero,24(a5)
    	flash_prog.data_ctrl[i].size = 0;
    129c:	00079b23          	sh	zero,22(a5)
    for(int i = 0 ; i < LOAD_BLK_NUM; i++) {
    12a0:	0791                	add	a5,a5,4
    12a2:	fee79be3          	bne	a5,a4,1298 <handle_flash_begin+0x3e>
    }

    BOOT_LOG("handle_flash_begin data size is %d\n", size);
    return ESP_OK;
}
    12a6:	4501                	li	a0,0
    12a8:	8082                	ret

000012aa <_mem_data_cpy>:


int32_t
_mem_data_cpy(void* data, uint32_t length)
{
    12aa:	1141                	add	sp,sp,-16
    12ac:	c226                	sw	s1,4(sp)
    int8_t* src = (int8_t*)data;

	memcpy((s_mem_offset + s_mem_len), src, length);
    12ae:	d681a703          	lw	a4,-664(gp) # 20000650 <s_mem_offset>
    12b2:	d6c1a783          	lw	a5,-660(gp) # 20000654 <s_mem_len>
{
    12b6:	c422                	sw	s0,8(sp)
	memcpy((s_mem_offset + s_mem_len), src, length);
    12b8:	862e                	mv	a2,a1
{
    12ba:	842e                	mv	s0,a1
	memcpy((s_mem_offset + s_mem_len), src, length);
    12bc:	85aa                	mv	a1,a0
    12be:	00f70533          	add	a0,a4,a5
{
    12c2:	c606                	sw	ra,12(sp)
	memcpy((s_mem_offset + s_mem_len), src, length);
    12c4:	7b6040ef          	jal	5a7a <memcpy>
	s_mem_remaining -= length;
    12c8:	20000737          	lui	a4,0x20000
    12cc:	0f072783          	lw	a5,240(a4) # 200000f0 <s_mem_remaining>
    12d0:	8f81                	sub	a5,a5,s0
    12d2:	0ef72823          	sw	a5,240(a4)
	s_mem_len += length;
    12d6:	d6c1a783          	lw	a5,-660(gp) # 20000654 <s_mem_len>
    12da:	97a2                	add	a5,a5,s0
    12dc:	d6f1a623          	sw	a5,-660(gp) # 20000654 <s_mem_len>

    return length;
}
    12e0:	8522                	mv	a0,s0
    12e2:	40b2                	lw	ra,12(sp)
    12e4:	4422                	lw	s0,8(sp)
    12e6:	4492                	lw	s1,4(sp)
    12e8:	0141                	add	sp,sp,16
    12ea:	8082                	ret

000012ec <handle_mem_data>:
// Data Size, Sequence Number, 0, 0, and then Data
// Actually here the 2st uint32 (Sequence Number) and Data itself are used for MEM_BEGIN!
esp_command_error
handle_mem_data(void* data, uint32_t seq_num, uint32_t length)
{
    if (s_mem_offset == NULL && length > 0) {
    12ec:	d681a703          	lw	a4,-664(gp) # 20000650 <s_mem_offset>
{
    12f0:	87ae                	mv	a5,a1
    12f2:	85b2                	mv	a1,a2
    if (s_mem_offset == NULL && length > 0) {
    12f4:	e711                	bnez	a4,1300 <handle_mem_data+0x14>
        return ESP_NOT_IN_FLASH_MODE;
    12f6:	0c600713          	li	a4,198
    if (s_mem_offset == NULL && length > 0) {
    12fa:	ca19                	beqz	a2,1310 <handle_mem_data+0x24>
    s_mem_seq = seq_num;
    // save data and size for copying later
    _mem_data_cpy(data, length);

    return ESP_OK;
}
    12fc:	853a                	mv	a0,a4
    12fe:	8082                	ret
    if (length > s_mem_remaining) {
    1300:	20000737          	lui	a4,0x20000
    1304:	0f072683          	lw	a3,240(a4) # 200000f0 <s_mem_remaining>
        return ESP_TOO_MUCH_DATA;
    1308:	0c900713          	li	a4,201
    if (length > s_mem_remaining) {
    130c:	fec6e8e3          	bltu	a3,a2,12fc <handle_mem_data+0x10>
    if (seq_num == s_mem_seq) {
    1310:	d641a703          	lw	a4,-668(gp) # 2000064c <s_mem_seq>
    1314:	02f70263          	beq	a4,a5,1338 <handle_mem_data+0x4c>
    if (seq_num != s_mem_seq + 1) {
    1318:	00170693          	add	a3,a4,1
        return ESP_BAD_DATA_SEQ;
    131c:	0ca00713          	li	a4,202
    if (seq_num != s_mem_seq + 1) {
    1320:	fcf69ee3          	bne	a3,a5,12fc <handle_mem_data+0x10>
{
    1324:	1141                	add	sp,sp,-16
    1326:	c606                	sw	ra,12(sp)
    s_mem_seq = seq_num;
    1328:	d6f1a223          	sw	a5,-668(gp) # 2000064c <s_mem_seq>
    _mem_data_cpy(data, length);
    132c:	3fbd                	jal	12aa <_mem_data_cpy>
}
    132e:	40b2                	lw	ra,12(sp)
        return ESP_OK;
    1330:	4701                	li	a4,0
}
    1332:	853a                	mv	a0,a4
    1334:	0141                	add	sp,sp,16
    1336:	8082                	ret
        return ESP_OK;
    1338:	4701                	li	a4,0
    133a:	b7c9                	j	12fc <handle_mem_data+0x10>

0000133c <handle_flash_data>:

esp_command_error
handle_flash_data(void* data, uint32_t seq_num, uint32_t length)
{
    if (s_mem_offset == NULL && length > 0) {
    133c:	d681a783          	lw	a5,-664(gp) # 20000650 <s_mem_offset>
{
    1340:	872a                	mv	a4,a0
    if (s_mem_offset == NULL && length > 0) {
    1342:	e789                	bnez	a5,134c <handle_flash_data+0x10>
        return ESP_NOT_IN_FLASH_MODE;
    1344:	0c600513          	li	a0,198
    if (s_mem_offset == NULL && length > 0) {
    1348:	ca11                	beqz	a2,135c <handle_flash_data+0x20>
    134a:	8082                	ret
    }
    if (length > s_mem_remaining) {
    134c:	200007b7          	lui	a5,0x20000
    1350:	0f07a783          	lw	a5,240(a5) # 200000f0 <s_mem_remaining>
        return ESP_TOO_MUCH_DATA;
    1354:	0c900513          	li	a0,201
    if (length > s_mem_remaining) {
    1358:	00c7e963          	bltu	a5,a2,136a <handle_flash_data+0x2e>
    }
    if (seq_num == s_mem_seq) {
    135c:	d641a783          	lw	a5,-668(gp) # 2000064c <s_mem_seq>
    1360:	00b79663          	bne	a5,a1,136c <handle_flash_data+0x30>
        //get the same package again, it is fine, but do nothing
    	s_mem_cpy_len = 0;
    1364:	d601aa23          	sw	zero,-652(gp) # 2000065c <s_mem_cpy_len>
        return ESP_OK;
    1368:	4501                	li	a0,0
//    mem_data_cpy(data, length);
    s_mem_cpy_dat = data;
    s_mem_cpy_len = length;

    return ESP_OK;
}
    136a:	8082                	ret
    if (seq_num != s_mem_seq + 1) {
    136c:	0785                	add	a5,a5,1
        return ESP_BAD_DATA_SEQ;
    136e:	0ca00513          	li	a0,202
    if (seq_num != s_mem_seq + 1) {
    1372:	feb79ce3          	bne	a5,a1,136a <handle_flash_data+0x2e>
    s_mem_cpy_dat = data;
    1376:	d6e1ac23          	sw	a4,-648(gp) # 20000660 <s_mem_cpy_dat>
    s_mem_seq = seq_num;
    137a:	d6b1a223          	sw	a1,-668(gp) # 2000064c <s_mem_seq>
    s_mem_cpy_len = length;
    137e:	d6c1aa23          	sw	a2,-652(gp) # 2000065c <s_mem_cpy_len>
    return ESP_OK;
    1382:	b7dd                	j	1368 <handle_flash_data+0x2c>

00001384 <flash_prog_in_process>:

int32_t flash_prog_in_process()
{
    // empty return 0, other return 1
	return (flash_prog.ctrl_head == flash_prog.ctrl_tail ? 0 : 1);
    1384:	200007b7          	lui	a5,0x20000
    1388:	00078793          	mv	a5,a5
    138c:	0147c503          	lbu	a0,20(a5) # 20000014 <flash_prog+0x14>
    1390:	0157c783          	lbu	a5,21(a5)
    1394:	8d1d                	sub	a0,a0,a5
}
    1396:	00a03533          	snez	a0,a0
    139a:	8082                	ret

0000139c <flash_get_free_buf>:

int32_t flash_get_free_buf()
{
	int32_t idx = -1, tail;

	tail = (flash_prog.ctrl_tail + 1) % LOAD_BLK_NUM;
    139c:	200007b7          	lui	a5,0x20000
    13a0:	00078793          	mv	a5,a5
    13a4:	0157c503          	lbu	a0,21(a5) # 20000015 <flash_prog+0x15>
	if(tail != flash_prog.ctrl_head)  // buffer is not full
    13a8:	0147c703          	lbu	a4,20(a5)
	tail = (flash_prog.ctrl_tail + 1) % LOAD_BLK_NUM;
    13ac:	00150793          	add	a5,a0,1
    13b0:	8bbd                	and	a5,a5,15
	if(tail != flash_prog.ctrl_head)  // buffer is not full
    13b2:	00f71363          	bne	a4,a5,13b8 <flash_get_free_buf+0x1c>
	int32_t idx = -1, tail;
    13b6:	557d                	li	a0,-1
		idx = flash_prog.ctrl_tail;
	return idx;
}
    13b8:	8082                	ret

000013ba <flash_get_rdy_buf>:

int32_t flash_get_rdy_buf()
{
	int32_t idx = -1, head;
	if(flash_prog.ctrl_head != flash_prog.ctrl_tail) {
    13ba:	200007b7          	lui	a5,0x20000
    13be:	00078793          	mv	a5,a5
    13c2:	0147c703          	lbu	a4,20(a5) # 20000014 <flash_prog+0x14>
    13c6:	0157c783          	lbu	a5,21(a5)
	int32_t idx = -1, head;
    13ca:	557d                	li	a0,-1
	if(flash_prog.ctrl_head != flash_prog.ctrl_tail) {
    13cc:	00e78363          	beq	a5,a4,13d2 <flash_get_rdy_buf+0x18>
		idx = flash_prog.ctrl_head;
    13d0:	853a                	mv	a0,a4
	}
	return idx;
}
    13d2:	8082                	ret

000013d4 <flash_set_buf_rdy>:

void flash_set_buf_rdy()
{
	int32_t tail, idx;

	tail = (flash_prog.ctrl_tail + 1) % LOAD_BLK_NUM;
    13d4:	20000737          	lui	a4,0x20000
    13d8:	00070713          	mv	a4,a4
    13dc:	01574683          	lbu	a3,21(a4) # 20000015 <flash_prog+0x15>
    13e0:	00168793          	add	a5,a3,1
    13e4:	8bbd                	and	a5,a5,15
	if(tail != flash_prog.ctrl_head) { // buffer is not full
    13e6:	01474603          	lbu	a2,20(a4)
    13ea:	02f60163          	beq	a2,a5,140c <flash_set_buf_rdy+0x38>
		idx = flash_prog.data_ctrl[flash_prog.ctrl_tail].buf_idx;
    13ee:	20e6c6b3          	sh2add	a3,a3,a4
    13f2:	0186d683          	lhu	a3,24(a3)
		flash_prog.ctrl_tail = tail;
    13f6:	00f70aa3          	sb	a5,21(a4)
		flash_prog.data_ctrl[tail].buf_idx = (idx + 1) % (LOAD_BLK_NUM - 1); //update next buf_idx
    13fa:	20e7c7b3          	sh2add	a5,a5,a4
    13fe:	00168713          	add	a4,a3,1
    1402:	46bd                	li	a3,15
    1404:	02d76733          	rem	a4,a4,a3
    1408:	00e79c23          	sh	a4,24(a5)
	}
}
    140c:	8082                	ret

0000140e <flash_set_buf_free>:
}

void flash_set_buf_free()
{
    int32_t head, idx;
    if(flash_prog.ctrl_head != flash_prog.ctrl_tail) { // buffer is not empty
    140e:	20000737          	lui	a4,0x20000
    1412:	00070713          	mv	a4,a4
    1416:	01474783          	lbu	a5,20(a4) # 20000014 <flash_prog+0x14>
    141a:	01574683          	lbu	a3,21(a4)
    141e:	00f68a63          	beq	a3,a5,1432 <flash_set_buf_free+0x24>
    	idx = flash_prog.ctrl_head;
    	flash_prog.data_ctrl[idx].size = 0;
    1422:	20e7c6b3          	sh2add	a3,a5,a4
    	flash_prog.ctrl_head = (idx + 1) % LOAD_BLK_NUM;
    1426:	0785                	add	a5,a5,1
    1428:	8bbd                	and	a5,a5,15
    	flash_prog.data_ctrl[idx].size = 0;
    142a:	00069b23          	sh	zero,22(a3)
    	flash_prog.ctrl_head = (idx + 1) % LOAD_BLK_NUM;
    142e:	00f70a23          	sb	a5,20(a4)
    }
}
    1432:	8082                	ret

00001434 <_flash_mem_cpy>:

int32_t _flash_mem_cpy(void *data, int length)
{
    1434:	1101                	add	sp,sp,-32
    1436:	cc22                	sw	s0,24(sp)
    1438:	c64e                	sw	s3,12(sp)
    143a:	c452                	sw	s4,8(sp)
    143c:	ce06                	sw	ra,28(sp)
    143e:	ca26                	sw	s1,20(sp)
    1440:	c84a                	sw	s2,16(sp)
    1442:	c256                	sw	s5,4(sp)
    1444:	89aa                	mv	s3,a0
    1446:	8a2e                	mv	s4,a1
	int8_t* src = (int8_t*)data;
	int32_t remain, len = 0;

	int32_t idx = flash_get_free_buf();
    1448:	3f91                	jal	139c <flash_get_free_buf>
	int32_t remain, len = 0;
    144a:	4401                	li	s0,0
	data_ctrl_t *pbuf_cb = &flash_prog.data_ctrl[idx];
	int32_t buf_idx = pbuf_cb->buf_idx;

	if(idx >= 0) {  //free buffer is ready
    144c:	06054863          	bltz	a0,14bc <_flash_mem_cpy+0x88>
		remain = LOAD_BLK_SIZE - pbuf_cb->size;
    1450:	20000737          	lui	a4,0x20000
    1454:	00070713          	mv	a4,a4
    1458:	00450493          	add	s1,a0,4
    145c:	20e4c4b3          	sh2add	s1,s1,a4
	int32_t buf_idx = pbuf_cb->buf_idx;
    1460:	0084d783          	lhu	a5,8(s1)
		remain = LOAD_BLK_SIZE - pbuf_cb->size;
    1464:	0064d683          	lhu	a3,6(s1)
    1468:	6a85                	lui	s5,0x1
		len = length > remain ? remain : length;
		memcpy((flash_prog.load_base + buf_idx * LOAD_BLK_SIZE + pbuf_cb->size), src, len);
    146a:	07b2                	sll	a5,a5,0xc
    146c:	97b6                	add	a5,a5,a3
		remain = LOAD_BLK_SIZE - pbuf_cb->size;
    146e:	40da8433          	sub	s0,s5,a3
    1472:	892a                	mv	s2,a0
		memcpy((flash_prog.load_base + buf_idx * LOAD_BLK_SIZE + pbuf_cb->size), src, len);
    1474:	4b08                	lw	a0,16(a4)
		len = length > remain ? remain : length;
    1476:	0b444433          	min	s0,s0,s4
		memcpy((flash_prog.load_base + buf_idx * LOAD_BLK_SIZE + pbuf_cb->size), src, len);
    147a:	953e                	add	a0,a0,a5
    147c:	8622                	mv	a2,s0
    147e:	85ce                	mv	a1,s3
    1480:	5fa040ef          	jal	5a7a <memcpy>
		s_mem_remaining -= len;
    1484:	200007b7          	lui	a5,0x20000
    1488:	0f07a703          	lw	a4,240(a5) # 200000f0 <s_mem_remaining>
    148c:	8f01                	sub	a4,a4,s0
    148e:	0ee7a823          	sw	a4,240(a5)
		pbuf_cb->size += len;
    1492:	0064d783          	lhu	a5,6(s1)
    1496:	97a2                	add	a5,a5,s0
    1498:	0807c7b3          	zext.h	a5,a5
    149c:	00f49323          	sh	a5,6(s1)
		if(s_mem_remaining == 0 || pbuf_cb->size == LOAD_BLK_SIZE) {
    14a0:	c319                	beqz	a4,14a6 <_flash_mem_cpy+0x72>
    14a2:	01579d63          	bne	a5,s5,14bc <_flash_mem_cpy+0x88>
            BOOT_LOG("dat-%d-%d->\n", idx, buf_idx);

			if(flash_prog_in_process() == 0) {
    14a6:	3df9                	jal	1384 <flash_prog_in_process>
    14a8:	e909                	bnez	a0,14ba <_flash_mem_cpy+0x86>
			    process_post(&flash_prog_process,  PROCESS_EVENT_BUF_RDY, (void *)idx);  // send event to flash program
    14aa:	20000537          	lui	a0,0x20000
    14ae:	864a                	mv	a2,s2
    14b0:	45c5                	li	a1,17
    14b2:	07850513          	add	a0,a0,120 # 20000078 <flash_prog_process>
    14b6:	7d9010ef          	jal	348e <process_post>
			}
			flash_set_buf_rdy();
    14ba:	3f29                	jal	13d4 <flash_set_buf_rdy>
		}
	}

	return len;
}
    14bc:	8522                	mv	a0,s0
    14be:	40f2                	lw	ra,28(sp)
    14c0:	4462                	lw	s0,24(sp)
    14c2:	44d2                	lw	s1,20(sp)
    14c4:	4942                	lw	s2,16(sp)
    14c6:	49b2                	lw	s3,12(sp)
    14c8:	4a22                	lw	s4,8(sp)
    14ca:	4a92                	lw	s5,4(sp)
    14cc:	6105                	add	sp,sp,32
    14ce:	8082                	ret

000014d0 <flash_mem_cpy>:

int32_t flash_mem_cpy()
{
    14d0:	1141                	add	sp,sp,-16
    14d2:	c422                	sw	s0,8(sp)
    14d4:	c226                	sw	s1,4(sp)
	int32_t len;

    len = _flash_mem_cpy(s_mem_cpy_dat, s_mem_cpy_len);
    14d6:	d741a583          	lw	a1,-652(gp) # 2000065c <s_mem_cpy_len>
    14da:	d781a503          	lw	a0,-648(gp) # 20000660 <s_mem_cpy_dat>
{
    14de:	c606                	sw	ra,12(sp)
    len = _flash_mem_cpy(s_mem_cpy_dat, s_mem_cpy_len);
    14e0:	3f91                	jal	1434 <_flash_mem_cpy>
    if(len) {
    14e2:	c919                	beqz	a0,14f8 <flash_mem_cpy+0x28>
		s_mem_cpy_dat = (int32_t *)((char *)s_mem_cpy_dat + len);
    14e4:	d781a783          	lw	a5,-648(gp) # 20000660 <s_mem_cpy_dat>
    14e8:	97aa                	add	a5,a5,a0
    14ea:	d6f1ac23          	sw	a5,-648(gp) # 20000660 <s_mem_cpy_dat>
		s_mem_cpy_len -= len;
    14ee:	d741a783          	lw	a5,-652(gp) # 2000065c <s_mem_cpy_len>
    14f2:	8f89                	sub	a5,a5,a0
    14f4:	d6f1aa23          	sw	a5,-652(gp) # 2000065c <s_mem_cpy_len>
    }

    return len;
}
    14f8:	40b2                	lw	ra,12(sp)
    14fa:	4422                	lw	s0,8(sp)
    14fc:	4492                	lw	s1,4(sp)
    14fe:	0141                	add	sp,sp,16
    1500:	8082                	ret

00001502 <handle_mem_finish>:
// Execute Flag, Entry point Address
// Actually none of them is used for MEM_END!
esp_command_error
handle_mem_finish()
{
    esp_command_error res = s_mem_remaining > 0 ? ESP_NOT_ENOUGH_DATA : ESP_OK;
    1502:	200007b7          	lui	a5,0x20000
    1506:	0f07a503          	lw	a0,240(a5) # 200000f0 <s_mem_remaining>
    150a:	00152513          	slti	a0,a0,1
    150e:	40a00533          	neg	a0,a0
    BOOT_LOG("handle_mem_finish remain size is %d\n", s_mem_remaining);
    s_mem_remaining = 0x1;
    1512:	4705                	li	a4,1
    esp_command_error res = s_mem_remaining > 0 ? ESP_NOT_ENOUGH_DATA : ESP_OK;
    1514:	f3857513          	and	a0,a0,-200
    s_mem_remaining = 0x1;
    1518:	0ee7a823          	sw	a4,240(a5)
//    s_mem_offset = NULL;
    return res;
}
    151c:	0c850513          	add	a0,a0,200
    1520:	8082                	ret

00001522 <handle_flash_finish>:

esp_command_error
handle_flash_finish()
{
    esp_command_error res = s_mem_remaining > 0 ? ESP_NOT_ENOUGH_DATA : ESP_OK;
    1522:	200007b7          	lui	a5,0x20000
    1526:	0f07a503          	lw	a0,240(a5) # 200000f0 <s_mem_remaining>
    152a:	00152513          	slti	a0,a0,1
    BOOT_LOG("handle_flash_finish remain size is %d\n", s_mem_remaining);
    s_mem_remaining = 0x1;
    152e:	4705                	li	a4,1
    esp_command_error res = s_mem_remaining > 0 ? ESP_NOT_ENOUGH_DATA : ESP_OK;
    1530:	40a00533          	neg	a0,a0
    s_mem_remaining = 0x1;
    1534:	0ee7a823          	sw	a4,240(a5)
    esp_command_error res = s_mem_remaining > 0 ? ESP_NOT_ENOUGH_DATA : ESP_OK;
    1538:	f3857513          	and	a0,a0,-200
    s_mem_offset = NULL;
    153c:	d601a423          	sw	zero,-664(gp) # 20000650 <s_mem_offset>
    return res;
}
    1540:	0c850513          	add	a0,a0,200
    1544:	8082                	ret

00001546 <handle_flash_erase>:

esp_command_error
handle_flash_erase(uint32_t offset, uint32_t bytes)
{
    1546:	1141                	add	sp,sp,-16
    if(bytes == 0xCAFE000E) {
    1548:	cafe07b7          	lui	a5,0xcafe0
{
    154c:	c606                	sw	ra,12(sp)
    if(bytes == 0xCAFE000E) {
    154e:	07b9                	add	a5,a5,14 # cafe000e <_sp+0xaafd800e>
{
    1550:	862e                	mv	a2,a1
    1552:	20000737          	lui	a4,0x20000
    if(bytes == 0xCAFE000E) {
    1556:	00f59b63          	bne	a1,a5,156c <handle_flash_erase+0x26>
    } else {
        flash_prog.flash_offset = offset;
        flash_prog.total_size = bytes;
        flash_prog.erase_size = 0;
        flash_prog.cnt = bytes;
        process_post(&flash_prog_process,  PROCESS_EVENT_ERASE, NULL);
    155a:	45d1                	li	a1,20
    155c:	07870513          	add	a0,a4,120 # 20000078 <flash_prog_process>
    1560:	72f010ef          	jal	348e <process_post>
    }
	return ESP_OK;
}
    1564:	40b2                	lw	ra,12(sp)
    1566:	4501                	li	a0,0
    1568:	0141                	add	sp,sp,16
    156a:	8082                	ret
        flash_prog.flash_offset = offset;
    156c:	200007b7          	lui	a5,0x20000
    1570:	00078793          	mv	a5,a5
    1574:	c388                	sw	a0,0(a5)
        flash_prog.total_size = bytes;
    1576:	c3cc                	sw	a1,4(a5)
        flash_prog.erase_size = 0;
    1578:	0007a423          	sw	zero,8(a5) # 20000008 <flash_prog+0x8>
        flash_prog.cnt = bytes;
    157c:	c7cc                	sw	a1,12(a5)
        process_post(&flash_prog_process,  PROCESS_EVENT_ERASE, NULL);
    157e:	4601                	li	a2,0
    1580:	bfe9                	j	155a <handle_flash_erase+0x14>

00001582 <handle_read_reg>:

esp_command_error
handle_read_reg(uint32_t addr, uint32_t *value)
{
    1582:	87aa                	mv	a5,a0
	if(addr & 0x3) {
    1584:	890d                	and	a0,a0,3
    1586:	e501                	bnez	a0,158e <handle_read_reg+0xc>
		return ESP_INVALID_COMMAND;
	}
	*value = inw(addr);
    1588:	439c                	lw	a5,0(a5)
    158a:	c19c                	sw	a5,0(a1)
	return ESP_OK;
    158c:	8082                	ret
		return ESP_INVALID_COMMAND;
    158e:	0c300513          	li	a0,195
}
    1592:	8082                	ret

00001594 <handle_write_reg>:

esp_command_error
handle_write_reg(uint32_t addr, uint32_t value, uint32_t mask)
{
    1594:	87aa                	mv	a5,a0
	uint32_t org;
	if(addr & 0x3) {
    1596:	890d                	and	a0,a0,3
    1598:	e519                	bnez	a0,15a6 <handle_write_reg+0x12>
		return ESP_INVALID_COMMAND;
	}
	org = inw(addr);
    159a:	4398                	lw	a4,0(a5)
	outw(addr, (org & (~mask)) | (value & mask));
    159c:	8db9                	xor	a1,a1,a4
    159e:	8e6d                	and	a2,a2,a1
    15a0:	8e39                	xor	a2,a2,a4
    15a2:	c390                	sw	a2,0(a5)
	return ESP_OK;
    15a4:	8082                	ret
		return ESP_INVALID_COMMAND;
    15a6:	0c300513          	li	a0,195
}
    15aa:	8082                	ret

000015ac <calculate_checksum>:

uint8_t
calculate_checksum(uint8_t* buf, int length)
{
    15ac:	872a                	mv	a4,a0
    int i;
    uint8_t res = 0xef;
    for (i = 0; i < length; i++) {
    15ae:	4781                	li	a5,0
    uint8_t res = 0xef;
    15b0:	0ef00513          	li	a0,239
    for (i = 0; i < length; i++) {
    15b4:	00b7c363          	blt	a5,a1,15ba <calculate_checksum+0xe>
        res ^= buf[i];
    }
    return res;
}
    15b8:	8082                	ret
        res ^= buf[i];
    15ba:	00f706b3          	add	a3,a4,a5
    15be:	0006c683          	lbu	a3,0(a3)
    15c2:	8d35                	xor	a0,a0,a3
    for (i = 0; i < length; i++) {
    15c4:	0785                	add	a5,a5,1
    15c6:	b7fd                	j	15b4 <calculate_checksum+0x8>

000015c8 <handle_efuse_cmd_write_data>:
    IP_AON_CTRL->REG_AON_CLK_CTRL.bit.ENA_EFUSE_CLK = 0x0; \
} while(0)

esp_command_error
handle_efuse_cmd_write_data(void* data, uint32_t length)
{
    15c8:	7179                	add	sp,sp,-48
    15ca:	d422                	sw	s0,40(sp)
    struct efuse_item_info* efuse_info = (struct efuse_item_info *)data;

	if((length + efuse_info->addr) > (512)) {
    15cc:	00055403          	lhu	s0,0(a0)
{
    15d0:	d606                	sw	ra,44(sp)
    15d2:	d226                	sw	s1,36(sp)
    15d4:	d04a                	sw	s2,32(sp)
    15d6:	ce4e                	sw	s3,28(sp)
    15d8:	cc52                	sw	s4,24(sp)
	if((length + efuse_info->addr) > (512)) {
    15da:	95a2                	add	a1,a1,s0
    15dc:	20000793          	li	a5,512
    15e0:	10b7e463          	bltu	a5,a1,16e8 <handle_efuse_cmd_write_data+0x120>
    uint32_t *pdata = (uint32_t *)(efuse_info->data);
    uint32_t val_in, val_out;

	// use pclk for efuse
	// enable efuse
    __HAL_EFUSE_CLK_ENABLE();
    15e4:	450007b7          	lui	a5,0x45000
    15e8:	4bf8                	lw	a4,84(a5)
    15ea:	02076713          	or	a4,a4,32
    15ee:	cbf8                	sw	a4,84(a5)
    15f0:	4bf8                	lw	a4,84(a5)
    15f2:	04076713          	or	a4,a4,64
    15f6:	cbf8                	sw	a4,84(a5)

	// disable redundancy mode
	IP_EFUSE_CTRL->REG_CMD_CTL.bit.EFU_REDUNDANCY_ENA_B = 0x1;
    15f8:	455007b7          	lui	a5,0x45500
    15fc:	4798                	lw	a4,8(a5)
    15fe:	29671713          	bset	a4,a4,0x16
    1602:	c798                	sw	a4,8(a5)
	IP_EFUSE_CTRL->REG_CMD_CTL.bit.EFU_REDUNDANCY_ROW_SEL = 0x0;
    1604:	4798                	lw	a4,8(a5)
    1606:	49571713          	bclr	a4,a4,0x15
    160a:	892a                	mv	s2,a0
    uint8_t addr = (efuse_info->addr >> 2);
    160c:	8009                	srl	s0,s0,0x2
	IP_EFUSE_CTRL->REG_CMD_CTL.bit.EFU_REDUNDANCY_ROW_SEL = 0x0;
    160e:	c798                	sw	a4,8(a5)

	// read once before write
	efuse_read_word(0, &val_out);
    1610:	006c                	add	a1,sp,12
    1612:	4501                	li	a0,0
    uint8_t addr = (efuse_info->addr >> 2);
    1614:	0ff47413          	zext.b	s0,s0
	efuse_read_word(0, &val_out);
    1618:	d57fe0ef          	jal	36e <efuse_read_word>

    // write the values
    for(int i = 0; i < efuse_info->length; i += 4) {
    161c:	4481                	li	s1,0
    161e:	00295783          	lhu	a5,2(s2)
    1622:	02f4cb63          	blt	s1,a5,1658 <handle_efuse_cmd_write_data+0x90>
        addr++;
    }


    addr = (efuse_info->addr >> 2);
	efuse_program_ctrl(1);
    1626:	4505                	li	a0,1
    addr = (efuse_info->addr >> 2);
    1628:	00095483          	lhu	s1,0(s2)
	efuse_program_ctrl(1);
    162c:	d85fe0ef          	jal	3b0 <efuse_program_ctrl>
    if((efuse_info->perm & EFUSE_PERM_DISABLE_WRITE) == EFUSE_PERM_DISABLE_WRITE) {
    1630:	00492783          	lw	a5,4(s2)
    addr = (efuse_info->addr >> 2);
    1634:	8089                	srl	s1,s1,0x2
    if((efuse_info->perm & EFUSE_PERM_DISABLE_WRITE) == EFUSE_PERM_DISABLE_WRITE) {
    1636:	8b89                	and	a5,a5,2
    addr = (efuse_info->addr >> 2);
    1638:	0ff4f493          	zext.b	s1,s1
    if((efuse_info->perm & EFUSE_PERM_DISABLE_WRITE) == EFUSE_PERM_DISABLE_WRITE) {
    163c:	e7bd                	bnez	a5,16aa <handle_efuse_cmd_write_data+0xe2>
            efuse_write_bit(16, pos);
            bits--;
            pos++;
        }
    }
    if((efuse_info->perm & EFUSE_PERM_DISABLE_READ) == EFUSE_PERM_DISABLE_READ) {
    163e:	00492783          	lw	a5,4(s2)
    1642:	8b85                	and	a5,a5,1
    1644:	e3d9                	bnez	a5,16ca <handle_efuse_cmd_write_data+0x102>
            efuse_write_bit(17, pos);
            bits--;
            pos++;
        }
    }   
	efuse_program_ctrl(0);
    1646:	4501                	li	a0,0
    1648:	d69fe0ef          	jal	3b0 <efuse_program_ctrl>

	// read once again to have right read access
	efuse_read_word(0, &val_out);
    164c:	006c                	add	a1,sp,12
    164e:	4501                	li	a0,0
    1650:	d1ffe0ef          	jal	36e <efuse_read_word>

	// disable efuse
//	 __HAL_EFUSE_CLK_DISABLE();

    return ESP_OK;
    1654:	4501                	li	a0,0
    1656:	a02d                	j	1680 <handle_efuse_cmd_write_data+0xb8>
        val_in = *(pdata);
    1658:	009907b3          	add	a5,s2,s1
    	efuse_program_ctrl(1);
    165c:	4505                	li	a0,1
        val_in = *(pdata);
    165e:	0087aa03          	lw	s4,8(a5) # 45500008 <_sp+0x254f8008>
        val_out = 0;
    1662:	c602                	sw	zero,12(sp)
    	efuse_program_ctrl(1);
    1664:	d4dfe0ef          	jal	3b0 <efuse_program_ctrl>
        ret = efuse_write_word(addr, val_in);
    1668:	85d2                	mv	a1,s4
    166a:	8522                	mv	a0,s0
    166c:	da9fe0ef          	jal	414 <efuse_write_word>
    1670:	89aa                	mv	s3,a0
    	efuse_program_ctrl(0);
    1672:	4501                	li	a0,0
    1674:	d3dfe0ef          	jal	3b0 <efuse_program_ctrl>
        if(ret) {
    1678:	00098c63          	beqz	s3,1690 <handle_efuse_cmd_write_data+0xc8>
            return ESP_BAD_DATA_READBACK;
    167c:	0cb00513          	li	a0,203
}
    1680:	50b2                	lw	ra,44(sp)
    1682:	5422                	lw	s0,40(sp)
    1684:	5492                	lw	s1,36(sp)
    1686:	5902                	lw	s2,32(sp)
    1688:	49f2                	lw	s3,28(sp)
    168a:	4a62                	lw	s4,24(sp)
    168c:	6145                	add	sp,sp,48
    168e:	8082                	ret
        ret = efuse_read_word(addr, &val_out);
    1690:	006c                	add	a1,sp,12
    1692:	8522                	mv	a0,s0
    1694:	cdbfe0ef          	jal	36e <efuse_read_word>
        if(val_in != val_out || ret) {
    1698:	47b2                	lw	a5,12(sp)
    169a:	ff4791e3          	bne	a5,s4,167c <handle_efuse_cmd_write_data+0xb4>
    169e:	fd79                	bnez	a0,167c <handle_efuse_cmd_write_data+0xb4>
        addr++;
    16a0:	0405                	add	s0,s0,1
    16a2:	0ff47413          	zext.b	s0,s0
    for(int i = 0; i < efuse_info->length; i += 4) {
    16a6:	0491                	add	s1,s1,4
    16a8:	bf9d                	j	161e <handle_efuse_cmd_write_data+0x56>
        int bits = ((efuse_info->length - 1) >> 4) + 1;
    16aa:	00295403          	lhu	s0,2(s2)
        int pos = (addr >> 2);
    16ae:	0024d993          	srl	s3,s1,0x2
        int bits = ((efuse_info->length - 1) >> 4) + 1;
    16b2:	147d                	add	s0,s0,-1
    16b4:	8411                	sra	s0,s0,0x4
    16b6:	0405                	add	s0,s0,1
        while(bits > 0) {
    16b8:	d059                	beqz	s0,163e <handle_efuse_cmd_write_data+0x76>
            efuse_write_bit(16, pos);
    16ba:	0ff9f593          	zext.b	a1,s3
    16be:	4541                	li	a0,16
    16c0:	d0bfe0ef          	jal	3ca <efuse_write_bit>
            bits--;
    16c4:	147d                	add	s0,s0,-1
            pos++;
    16c6:	0985                	add	s3,s3,1
    16c8:	bfc5                	j	16b8 <handle_efuse_cmd_write_data+0xf0>
        int bits = ((efuse_info->length - 1) >> 4) + 1;
    16ca:	00295403          	lhu	s0,2(s2)
        int pos = (addr >> 2);
    16ce:	8089                	srl	s1,s1,0x2
        int bits = ((efuse_info->length - 1) >> 4) + 1;
    16d0:	147d                	add	s0,s0,-1
    16d2:	8411                	sra	s0,s0,0x4
    16d4:	0405                	add	s0,s0,1
        while(bits > 0) {
    16d6:	d825                	beqz	s0,1646 <handle_efuse_cmd_write_data+0x7e>
            efuse_write_bit(17, pos);
    16d8:	0ff4f593          	zext.b	a1,s1
    16dc:	4545                	li	a0,17
    16de:	cedfe0ef          	jal	3ca <efuse_write_bit>
            bits--;
    16e2:	147d                	add	s0,s0,-1
            pos++;
    16e4:	0485                	add	s1,s1,1
    16e6:	bfc5                	j	16d6 <handle_efuse_cmd_write_data+0x10e>
		return ESP_TOO_MUCH_DATA;
    16e8:	0c900513          	li	a0,201
    16ec:	bf51                	j	1680 <handle_efuse_cmd_write_data+0xb8>

000016ee <do_cmd>:
//     return ESP_OK;
// }

int32_t
do_cmd(uint8_t* buf, int32_t* len, comm_type comm)
{
    16ee:	7175                	add	sp,sp,-144
    16f0:	c326                	sw	s1,132(sp)
    16f2:	c14a                	sw	s2,128(sp)
    16f4:	dece                	sw	s3,124(sp)
    16f6:	dcd2                	sw	s4,120(sp)
    16f8:	c706                	sw	ra,140(sp)
    16fa:	c522                	sw	s0,136(sp)
    16fc:	dad6                	sw	s5,116(sp)
    16fe:	d8da                	sw	s6,112(sp)
    1700:	d6de                	sw	s7,108(sp)
    1702:	89aa                	mv	s3,a0
    1704:	8a2e                	mv	s4,a1
    1706:	8932                	mv	s2,a2
    1708:	84aa                	mv	s1,a0
    bool is_valid_cmd = true;
    esp_command_req_t* command = (esp_command_req_t*)buf;  //default value

    if (comm == COMM_TYPE_UART) {
    170a:	e609                	bnez	a2,1714 <do_cmd+0x26>
        //set value to ub.command, start to handle cmd
        ub.command = (esp_command_req_t*)ub.reading_buf;
    170c:	e3418793          	add	a5,gp,-460 # 2000071c <ub>
    1710:	4384                	lw	s1,0(a5)
    1712:	cb84                	sw	s1,16(a5)
    /* provide easy access for 32-bit data words */
    uint32_t* data_words = (uint32_t*)command->data_buf;
    /* response header */
    esp_command_response_t resp = {
        .resp = 1,
        .op_ret = command->op,
    1714:	0014c783          	lbu	a5,1(s1)
    esp_command_response_t resp = {
    1718:	4709                	li	a4,2
    esp_command_error error = ESP_CMD_NOT_IMPLEMENTED;
    int32_t bytes = 0, status = 0, ret = -1;
    uint8_t cs;
    uint32_t data_ext[17];	// __attribute__((aligned(4)));
    uint8_t* dbuf = command->data_buf + 16;
    int32_t dlen = command->data_len - 16;
    171a:	0024d403          	lhu	s0,2(s1)
    esp_command_response_t resp = {
    171e:	4b85                	li	s7,1
    1720:	00e11b23          	sh	a4,22(sp)
    1724:	01710a23          	sb	s7,20(sp)
    1728:	00f10aa3          	sb	a5,21(sp)
    172c:	cc02                	sw	zero,24(sp)

    /* First stage of command processing - before sending error/status */
    BOOT_LOG("cmd is 0x%02x, size is %d, checksum is 0x%x\n",
                command->op, command->data_len, command->checksum);
    switch (command->op) {
    172e:	02100713          	li	a4,33
    uint8_t* dbuf = command->data_buf + 16;
    1732:	01848a93          	add	s5,s1,24
    int32_t dlen = command->data_len - 16;
    1736:	ff040613          	add	a2,s0,-16
    switch (command->op) {
    173a:	02f76063          	bltu	a4,a5,175a <do_cmd+0x6c>
    173e:	cb95                	beqz	a5,1772 <do_cmd+0x84>
    1740:	17fd                	add	a5,a5,-1
    1742:	0ff7f793          	zext.b	a5,a5
    1746:	02000713          	li	a4,32
    174a:	02f76463          	bltu	a4,a5,1772 <do_cmd+0x84>
    174e:	8b818713          	add	a4,gp,-1864 # 200001a0 <memset_func+0x48>
    1752:	20e7c7b3          	sh2add	a5,a5,a4
    1756:	439c                	lw	a5,0(a5)
    1758:	8782                	jr	a5
    175a:	03200713          	li	a4,50
    175e:	1ae78b63          	beq	a5,a4,1914 <do_cmd+0x226>
    1762:	0d100713          	li	a4,209
    1766:	16e78063          	beq	a5,a4,18c6 <do_cmd+0x1d8>
    176a:	03100713          	li	a4,49
    176e:	18e78e63          	beq	a5,a4,190a <do_cmd+0x21c>
    1772:	0ff00413          	li	s0,255
    1776:	4a81                	li	s5,0
    1778:	a8a5                	j	17f0 <do_cmd+0x102>
    return (command->data_len == len) ? ESP_OK : ESP_BAD_DATA_LEN;
    177a:	47c1                	li	a5,16
        case ESP_MEM_BEGIN:
            error = verify_data_len(command, 16) || handle_mem_begin(data_words[0], data_words[3]);
    177c:	4505                	li	a0,1
    return (command->data_len == len) ? ESP_OK : ESP_BAD_DATA_LEN;
    177e:	02f41663          	bne	s0,a5,17aa <do_cmd+0xbc>
            error = verify_data_len(command, 16) || handle_mem_begin(data_words[0], data_words[3]);
    1782:	48cc                	lw	a1,20(s1)
    1784:	4488                	lw	a0,8(s1)
    1786:	ab7ff0ef          	jal	123c <handle_mem_begin>
				error = ESP_BAD_DATA_CHECKSUM;
			}
			BOOT_LOG("ESP_FLASH_DATA error code is %d\n", error);
        	break;
        case ESP_FLASH_END:
        	error = verify_data_len(command, 4) || handle_flash_finish();
    178a:	00a03533          	snez	a0,a0
    178e:	a831                	j	17aa <do_cmd+0xbc>
			cs = calculate_checksum(dbuf, dlen);
    1790:	85b2                	mv	a1,a2
    1792:	8556                	mv	a0,s5
    1794:	c632                	sw	a2,12(sp)
    1796:	3d19                	jal	15ac <calculate_checksum>
			if (cs == (uint8_t)command->checksum) {
    1798:	0044c783          	lbu	a5,4(s1)
    179c:	4632                	lw	a2,12(sp)
    179e:	1aa79d63          	bne	a5,a0,1958 <do_cmd+0x26a>
				error = handle_mem_data(dbuf, data_words[1], dlen);
    17a2:	44cc                	lw	a1,12(s1)
    17a4:	8556                	mv	a0,s5
    17a6:	b47ff0ef          	jal	12ec <handle_mem_data>
            extern FLASH_DEV flash_dev;
            flash_dev.addr_bytes = (command->data_buf[0] != 4) ? 3 : 4;
            if(flash_dev.addr_bytes == 4) {
            	IP_AON_CTRL->REG_FLASHC_ADDR_OFFSET.bit.FLASHC_ADR_OFFSET1 = 0x1000;
            }
            error = flash_init(&flash_dev, 0, 0);
    17aa:	842a                	mv	s0,a0
    int32_t bytes = 0, status = 0, ret = -1;
    17ac:	4b01                	li	s6,0
    17ae:	a83d                	j	17ec <do_cmd+0xfe>
    return (command->data_len == len) ? ESP_OK : ESP_BAD_DATA_LEN;
    17b0:	47a1                	li	a5,8
            error = verify_data_len(command, 8) || handle_mem_finish();
    17b2:	4505                	li	a0,1
    return (command->data_len == len) ? ESP_OK : ESP_BAD_DATA_LEN;
    17b4:	fef41be3          	bne	s0,a5,17aa <do_cmd+0xbc>
            error = verify_data_len(command, 8) || handle_mem_finish();
    17b8:	33a9                	jal	1502 <handle_mem_finish>
    17ba:	bfc1                	j	178a <do_cmd+0x9c>
    return (command->data_len == len) ? ESP_OK : ESP_BAD_DATA_LEN;
    17bc:	02400793          	li	a5,36
    17c0:	10f40163          	beq	s0,a5,18c2 <do_cmd+0x1d4>
    int32_t bytes = 0, status = 0, ret = -1;
    17c4:	4b81                	li	s7,0
    return (command->data_len == len) ? ESP_OK : ESP_BAD_DATA_LEN;
    17c6:	0c000413          	li	s0,192
	if(error != 0) {
		// if error occurs, status is supposed to set to 1
		status = 1;
	}

	if (comm == COMM_TYPE_UART) {
    17ca:	4a85                	li	s5,1
		status = 1;
    17cc:	8b56                	mv	s6,s5
	if (comm == COMM_TYPE_UART) {
    17ce:	0a090163          	beqz	s2,1870 <do_cmd+0x182>
    17d2:	a03d                	j	1800 <do_cmd+0x112>
    return (command->data_len == len) ? ESP_OK : ESP_BAD_DATA_LEN;
    17d4:	00803533          	snez	a0,s0
            status = rom_code_version;
    17d8:	200007b7          	lui	a5,0x20000
    return (command->data_len == len) ? ESP_OK : ESP_BAD_DATA_LEN;
    17dc:	40a00533          	neg	a0,a0
            status = rom_code_version;
    17e0:	0ec7ab03          	lw	s6,236(a5) # 200000ec <rom_code_version>
    return (command->data_len == len) ? ESP_OK : ESP_BAD_DATA_LEN;
    17e4:	0c057413          	and	s0,a0,192
            BOOT_LOG("ESP_READ_VERSION error code is %d, version is %d\n", error, rom_code_version);
    17e8:	0ec7a783          	lw	a5,236(a5)
    bool is_valid_cmd = true;
    17ec:	4a85                	li	s5,1
	if(error != 0) {
    17ee:	c011                	beqz	s0,17f2 <do_cmd+0x104>
		status = 1;
    17f0:	4b05                	li	s6,1
	if (comm == COMM_TYPE_UART) {
    17f2:	4b81                	li	s7,0
    17f4:	06090e63          	beqz	s2,1870 <do_cmd+0x182>
		SLIP_send_frame_delimiter();

		*len = SLIP_get_tx_size();
	}

    if(is_valid_cmd && (error == ESP_OK)) {
    17f8:	000a8463          	beqz	s5,1800 <do_cmd+0x112>
    17fc:	14040763          	beqz	s0,194a <do_cmd+0x25c>
    int32_t bytes = 0, status = 0, ret = -1;
    1800:	557d                	li	a0,-1
    	ret = command->op;
    }

    //return command id
    return ret;
}
    1802:	40ba                	lw	ra,140(sp)
    1804:	442a                	lw	s0,136(sp)
    1806:	449a                	lw	s1,132(sp)
    1808:	490a                	lw	s2,128(sp)
    180a:	59f6                	lw	s3,124(sp)
    180c:	5a66                	lw	s4,120(sp)
    180e:	5ad6                	lw	s5,116(sp)
    1810:	5b46                	lw	s6,112(sp)
    1812:	5bb6                	lw	s7,108(sp)
    1814:	6149                	add	sp,sp,144
    1816:	8082                	ret
    return (command->data_len == len) ? ESP_OK : ESP_BAD_DATA_LEN;
    1818:	47c1                	li	a5,16
        	error = verify_data_len(command, 16) || handle_flash_begin(data_words[0], data_words[3]);
    181a:	4505                	li	a0,1
    return (command->data_len == len) ? ESP_OK : ESP_BAD_DATA_LEN;
    181c:	f8f417e3          	bne	s0,a5,17aa <do_cmd+0xbc>
        	error = verify_data_len(command, 16) || handle_flash_begin(data_words[0], data_words[3]);
    1820:	48cc                	lw	a1,20(s1)
    1822:	4488                	lw	a0,8(s1)
    1824:	a37ff0ef          	jal	125a <handle_flash_begin>
    1828:	b78d                	j	178a <do_cmd+0x9c>
			cs = calculate_checksum(dbuf, dlen);
    182a:	85b2                	mv	a1,a2
    182c:	8556                	mv	a0,s5
    182e:	c632                	sw	a2,12(sp)
    1830:	3bb5                	jal	15ac <calculate_checksum>
			if (cs == (uint8_t)command->checksum) {
    1832:	0044c783          	lbu	a5,4(s1)
    1836:	4632                	lw	a2,12(sp)
    1838:	12a79063          	bne	a5,a0,1958 <do_cmd+0x26a>
				error = handle_flash_data(dbuf, data_words[1], dlen);
    183c:	44cc                	lw	a1,12(s1)
    183e:	8556                	mv	a0,s5
    1840:	afdff0ef          	jal	133c <handle_flash_data>
    1844:	b79d                	j	17aa <do_cmd+0xbc>
    return (command->data_len == len) ? ESP_OK : ESP_BAD_DATA_LEN;
    1846:	4791                	li	a5,4
        	error = verify_data_len(command, 4) || handle_flash_finish();
    1848:	4505                	li	a0,1
    return (command->data_len == len) ? ESP_OK : ESP_BAD_DATA_LEN;
    184a:	f6f410e3          	bne	s0,a5,17aa <do_cmd+0xbc>
        	error = verify_data_len(command, 4) || handle_flash_finish();
    184e:	39d1                	jal	1522 <handle_flash_finish>
    1850:	bf2d                	j	178a <do_cmd+0x9c>
        	error = mbedtls_md5_ret((uint8_t*)data_words[0] + AP_FLASH_BASE, data_words[1], (unsigned char*)data_ext);
    1852:	4488                	lw	a0,8(s1)
    1854:	300007b7          	lui	a5,0x30000
    1858:	0870                	add	a2,sp,28
    185a:	44cc                	lw	a1,12(s1)
    185c:	953e                	add	a0,a0,a5
    185e:	78f000ef          	jal	27ec <mbedtls_md5_ret>
			bytes = 16;
    1862:	4bc1                	li	s7,16
			if(error){
    1864:	e92d                	bnez	a0,18d6 <do_cmd+0x1e8>
	if (comm == COMM_TYPE_UART) {
    1866:	0e091263          	bnez	s2,194a <do_cmd+0x25c>
    186a:	4401                	li	s0,0
    186c:	4a85                	li	s5,1
    186e:	4b01                	li	s6,0
		SLIP_init((char*)buf, (char*)NULL);
    1870:	4581                	li	a1,0
    1872:	854e                	mv	a0,s3
		ub.error = error;
    1874:	e481a023          	sw	s0,-448(gp) # 20000728 <ub+0xc>
		SLIP_init((char*)buf, (char*)NULL);
    1878:	f44ff0ef          	jal	fbc <SLIP_init>
		SLIP_send_frame_delimiter();
    187c:	f70ff0ef          	jal	fec <SLIP_send_frame_delimiter>
		SLIP_send_frame_data_buf(&resp, sizeof(esp_command_response_t));
    1880:	45a1                	li	a1,8
    1882:	0848                	add	a0,sp,20
    1884:	f9aff0ef          	jal	101e <SLIP_send_frame_data_buf>
		SLIP_send_frame_data(error);
    1888:	0ff47513          	zext.b	a0,s0
    188c:	f66ff0ef          	jal	ff2 <SLIP_send_frame_data>
		SLIP_send_frame_data(status);
    1890:	0ffb7513          	zext.b	a0,s6
    1894:	f5eff0ef          	jal	ff2 <SLIP_send_frame_data>
		if(bytes) {
    1898:	000b8663          	beqz	s7,18a4 <do_cmd+0x1b6>
			SLIP_send_frame_data_buf(data_ext, bytes);
    189c:	45c1                	li	a1,16
    189e:	0868                	add	a0,sp,28
    18a0:	f7eff0ef          	jal	101e <SLIP_send_frame_data_buf>
		SLIP_send_frame_delimiter();
    18a4:	f48ff0ef          	jal	fec <SLIP_send_frame_delimiter>
		*len = SLIP_get_tx_size();
    18a8:	f26ff0ef          	jal	fce <SLIP_get_tx_size>
    18ac:	00aa2023          	sw	a0,0(s4) # 8000 <_data_lma+0x888>
    18b0:	b7a1                	j	17f8 <do_cmd+0x10a>
        	if(data_words[1] != cur_baud_rate) {
    18b2:	44d8                	lw	a4,12(s1)
    18b4:	81c1a783          	lw	a5,-2020(gp) # 20000104 <cur_baud_rate>
    18b8:	08f71c63          	bne	a4,a5,1950 <do_cmd+0x262>
        		nxt_baud_rate = data_words[0];
    18bc:	4498                	lw	a4,8(s1)
    18be:	80e1ac23          	sw	a4,-2024(gp) # 20000100 <nxt_baud_rate>
    int32_t bytes = 0, status = 0, ret = -1;
    18c2:	4b81                	li	s7,0
    18c4:	b74d                	j	1866 <do_cmd+0x178>
        	error = handle_flash_erase(data_words[0], data_words[1]);
    18c6:	44cc                	lw	a1,12(s1)
    18c8:	4488                	lw	a0,8(s1)
    18ca:	39b5                	jal	1546 <handle_flash_erase>
    18cc:	bdf9                	j	17aa <do_cmd+0xbc>
    return (command->data_len == len) ? ESP_OK : ESP_BAD_DATA_LEN;
    18ce:	4791                	li	a5,4
    18d0:	00f40663          	beq	s0,a5,18dc <do_cmd+0x1ee>
    int32_t bytes = 0, status = 0, ret = -1;
    18d4:	4b81                	li	s7,0
				error = ESP_IMG_UNKNOWN_ERROR;
    18d6:	0fe00413          	li	s0,254
    18da:	bdc5                	j	17ca <do_cmd+0xdc>
        	error = verify_data_len(command, 4) || handle_read_reg(data_words[0], &(resp.value));
    18dc:	082c                	add	a1,sp,24
    18de:	4488                	lw	a0,8(s1)
    18e0:	314d                	jal	1582 <handle_read_reg>
    18e2:	f96d                	bnez	a0,18d4 <do_cmd+0x1e6>
    18e4:	bff9                	j	18c2 <do_cmd+0x1d4>
        	error = handle_write_reg(data_words[0], data_words[1], data_words[2]);
    18e6:	4890                	lw	a2,16(s1)
    18e8:	44cc                	lw	a1,12(s1)
    18ea:	4488                	lw	a0,8(s1)
    18ec:	3165                	jal	1594 <handle_write_reg>
    18ee:	bd75                	j	17aa <do_cmd+0xbc>
			cs = calculate_checksum(dbuf, dlen);
    18f0:	85b2                	mv	a1,a2
    18f2:	8556                	mv	a0,s5
    18f4:	3965                	jal	15ac <calculate_checksum>
			if (cs == (uint8_t)command->checksum) {
    18f6:	0044c783          	lbu	a5,4(s1)
    18fa:	04a79f63          	bne	a5,a0,1958 <do_cmd+0x26a>
				error = handle_efuse_cmd_write_data(dbuf + 8, dlen - 8);
    18fe:	fe840593          	add	a1,s0,-24
    1902:	02048513          	add	a0,s1,32
    1906:	31c9                	jal	15c8 <handle_efuse_cmd_write_data>
    1908:	b54d                	j	17aa <do_cmd+0xbc>
        	pll_init(pClkDiv);
    190a:	00848513          	add	a0,s1,8
    190e:	fd4ff0ef          	jal	10e2 <pll_init>
        	break;
    1912:	bf45                	j	18c2 <do_cmd+0x1d4>
            flash_dev.addr_bytes = (command->data_buf[0] != 4) ? 3 : 4;
    1914:	20000537          	lui	a0,0x20000
    1918:	0084c703          	lbu	a4,8(s1)
    191c:	4691                	li	a3,4
    191e:	08850793          	add	a5,a0,136 # 20000088 <flash_dev>
    1922:	00d70c63          	beq	a4,a3,193a <do_cmd+0x24c>
    1926:	470d                	li	a4,3
    1928:	00e78623          	sb	a4,12(a5) # 3000000c <_sp+0xfff800c>
            error = flash_init(&flash_dev, 0, 0);
    192c:	4601                	li	a2,0
    192e:	4581                	li	a1,0
    1930:	08850513          	add	a0,a0,136
    1934:	45f040ef          	jal	6592 <flash_init>
    1938:	bd8d                	j	17aa <do_cmd+0xbc>
            flash_dev.addr_bytes = (command->data_buf[0] != 4) ? 3 : 4;
    193a:	00e78623          	sb	a4,12(a5)
            	IP_AON_CTRL->REG_FLASHC_ADDR_OFFSET.bit.FLASHC_ADR_OFFSET1 = 0x1000;
    193e:	450007b7          	lui	a5,0x45000
    1942:	6705                	lui	a4,0x1
    1944:	08e79f23          	sh	a4,158(a5) # 4500009e <_sp+0x24ff809e>
    1948:	b7d5                	j	192c <do_cmd+0x23e>
    	ret = command->op;
    194a:	0014c503          	lbu	a0,1(s1)
    return ret;
    194e:	bd55                	j	1802 <do_cmd+0x114>
    int32_t bytes = 0, status = 0, ret = -1;
    1950:	4b81                	li	s7,0
        		error = ESP_INVALID_COMMAND;
    1952:	0c300413          	li	s0,195
    1956:	bd95                	j	17ca <do_cmd+0xdc>
    int32_t bytes = 0, status = 0, ret = -1;
    1958:	4b81                	li	s7,0
				error = ESP_BAD_DATA_CHECKSUM;
    195a:	0c100413          	li	s0,193
    195e:	b5b5                	j	17ca <do_cmd+0xdc>

00001960 <set_resp_error>:
set_resp_error(uint8_t* buf, uint8_t error, comm_type comm)
{
    //FIXME, not think about slip, simply write fix location
    //buf[1 + sizeof(esp_command_response_t)] = error;

    uint32_t idx = sizeof(esp_command_response_t);
    1960:	00163613          	seqz	a2,a2
    1964:	0621                	add	a2,a2,8
    if (comm == COMM_TYPE_UART)
        idx++; //for SLIP delimiter

    //BSD: first error, then status?
    buf[idx] = error;
    1966:	9532                	add	a0,a0,a2
    1968:	00b50023          	sb	a1,0(a0)
    buf[idx + 1] = (error == ESP_OK ? 0 : 1); //status
    196c:	00b035b3          	snez	a1,a1
    1970:	00b500a3          	sb	a1,1(a0)
}
    1974:	8082                	ret

00001976 <UART_Send_Polling>:
static volatile uint32_t uart_time_out_max = 100;
static volatile uint32_t uart_send_wait_time = 2160;

__attribute__((optimize("O0")))
static int32_t UART_Send_Polling(void* handler, uint8_t *buf, uint32_t len)
{
    1976:	7179                	add	sp,sp,-48
    1978:	d606                	sw	ra,44(sp)
    197a:	d422                	sw	s0,40(sp)
    197c:	1800                	add	s0,sp,48
    197e:	fca42e23          	sw	a0,-36(s0)
    1982:	fcb42c23          	sw	a1,-40(s0)
    1986:	fcc42a23          	sw	a2,-44(s0)
    int i;
    for (i = 0; i < len; i++){
    198a:	fe042623          	sw	zero,-20(s0)
    198e:	a80d                	j	19c0 <UART_Send_Polling+0x4a>
        IP_UART0->REG_RXTX_BUFFER.all = buf[i];
    1990:	fec42783          	lw	a5,-20(s0)
    1994:	fd842703          	lw	a4,-40(s0)
    1998:	97ba                	add	a5,a5,a4
    199a:	0007c703          	lbu	a4,0(a5)
    199e:	438007b7          	lui	a5,0x43800
    19a2:	c798                	sw	a4,8(a5)
        while(!IP_UART0->REG_STATUS.bit.TX_FIFO_SPACE)
    19a4:	0001                	nop
    19a6:	438007b7          	lui	a5,0x43800
    19aa:	43dc                	lw	a5,4(a5)
    19ac:	83a1                	srl	a5,a5,0x8
    19ae:	8bfd                	and	a5,a5,31
    19b0:	0ff7f793          	zext.b	a5,a5
    19b4:	dbed                	beqz	a5,19a6 <UART_Send_Polling+0x30>
    for (i = 0; i < len; i++){
    19b6:	fec42783          	lw	a5,-20(s0)
    19ba:	0785                	add	a5,a5,1 # 43800001 <_sp+0x237f8001>
    19bc:	fef42623          	sw	a5,-20(s0)
    19c0:	fec42783          	lw	a5,-20(s0)
    19c4:	fd442703          	lw	a4,-44(s0)
    19c8:	fce7e4e3          	bltu	a5,a4,1990 <UART_Send_Polling+0x1a>
            ;
    }

    while(IP_UART0->REG_STATUS.bit.TX_FIFO_SPACE < 16)
    19cc:	0001                	nop
    19ce:	438007b7          	lui	a5,0x43800
    19d2:	43dc                	lw	a5,4(a5)
    19d4:	83a1                	srl	a5,a5,0x8
    19d6:	8bfd                	and	a5,a5,31
    19d8:	0ff7f713          	zext.b	a4,a5
    19dc:	47bd                	li	a5,15
    19de:	fee7f8e3          	bgeu	a5,a4,19ce <UART_Send_Polling+0x58>
        ;

    // delay 10us/bit * 9 for the last UART data out
    int n = uart_send_wait_time;
    19e2:	8101a783          	lw	a5,-2032(gp) # 200000f8 <uart_send_wait_time>
    19e6:	fef42423          	sw	a5,-24(s0)
    while(--n) {
    19ea:	a019                	j	19f0 <UART_Send_Polling+0x7a>
 * No Operation does nothing.
 * This instruction can be used for code alignment purposes.
 */
__STATIC_FORCEINLINE void __NOP(void)
{
    __ASM volatile("nop");
    19ec:	0001                	nop
}
    19ee:	0001                	nop
    19f0:	fe842783          	lw	a5,-24(s0)
    19f4:	17fd                	add	a5,a5,-1 # 437fffff <_sp+0x237f7fff>
    19f6:	fef42423          	sw	a5,-24(s0)
    19fa:	fe842783          	lw	a5,-24(s0)
    19fe:	f7fd                	bnez	a5,19ec <UART_Send_Polling+0x76>
        __NOP();
    }

    return 0;
    1a00:	4781                	li	a5,0
}
    1a02:	853e                	mv	a0,a5
    1a04:	50b2                	lw	ra,44(sp)
    1a06:	5422                	lw	s0,40(sp)
    1a08:	6145                	add	sp,sp,48
    1a0a:	8082                	ret

00001a0c <UART_EventCallback>:

void UART_EventCallback(uint32_t event, void* workspace)
{
    static int32_t usart_rx_event_complete = 0;

    switch(event) {
    1a0c:	4789                	li	a5,2
    1a0e:	04f50263          	beq	a0,a5,1a52 <UART_EventCallback+0x46>
    1a12:	04000793          	li	a5,64
    1a16:	00f50863          	beq	a0,a5,1a26 <UART_EventCallback+0x1a>
    1a1a:	4785                	li	a5,1
    1a1c:	04f51963          	bne	a0,a5,1a6e <UART_EventCallback+0x62>
    case CSK_UART_EVENT_SEND_COMPLETE:
        usart_tx_event_complete = event;
    1a20:	daa1a223          	sw	a0,-604(gp) # 2000068c <usart_tx_event_complete>
        break;
    1a24:	8082                	ret
{
    1a26:	1141                	add	sp,sp,-16
    1a28:	c426                	sw	s1,8(sp)
    1a2a:	c606                	sw	ra,12(sp)
    case CSK_UART_EVENT_RX_TIMEOUT:
        usart_rx_event_complete = event;
    1a2c:	d8a1aa23          	sw	a0,-620(gp) # 2000067c <usart_rx_event_complete.6>
        // ignore the rx timeout event if the queue is almost full
        if(process_nevents() < (PROCESS_CONF_NUMEVENTS >> 1))
    1a30:	253010ef          	jal	3482 <process_nevents>
    1a34:	47fd                	li	a5,31
    1a36:	02a7c863          	blt	a5,a0,1a66 <UART_EventCallback+0x5a>
            process_post(&uart_boot_process,  PROCESS_EVENT_UART_RXD, &usart_rx_event_complete);
    1a3a:	20000537          	lui	a0,0x20000
        process_post(&uart_boot_process,  PROCESS_EVENT_UART_RXD, &usart_rx_event_complete);
        break;
    default:
        break;
    }
}
    1a3e:	40b2                	lw	ra,12(sp)
            process_post(&uart_boot_process,  PROCESS_EVENT_UART_RXD, &usart_rx_event_complete);
    1a40:	d9418613          	add	a2,gp,-620 # 2000067c <usart_rx_event_complete.6>
    1a44:	45c1                	li	a1,16
}
    1a46:	44a2                	lw	s1,8(sp)
            process_post(&uart_boot_process,  PROCESS_EVENT_UART_RXD, &usart_rx_event_complete);
    1a48:	0b050513          	add	a0,a0,176 # 200000b0 <uart_boot_process>
}
    1a4c:	0141                	add	sp,sp,16
        process_post(&uart_boot_process,  PROCESS_EVENT_UART_RXD, &usart_rx_event_complete);
    1a4e:	2410106f          	j	348e <process_post>
        usart_rx_event_complete = event;
    1a52:	d8a1aa23          	sw	a0,-620(gp) # 2000067c <usart_rx_event_complete.6>
        process_post(&uart_boot_process,  PROCESS_EVENT_UART_RXD, &usart_rx_event_complete);
    1a56:	20000537          	lui	a0,0x20000
    1a5a:	d9418613          	add	a2,gp,-620 # 2000067c <usart_rx_event_complete.6>
    1a5e:	45c1                	li	a1,16
    1a60:	0b050513          	add	a0,a0,176 # 200000b0 <uart_boot_process>
    1a64:	b7ed                	j	1a4e <UART_EventCallback+0x42>
}
    1a66:	40b2                	lw	ra,12(sp)
    1a68:	44a2                	lw	s1,8(sp)
    1a6a:	0141                	add	sp,sp,16
    1a6c:	8082                	ret
    1a6e:	8082                	ret

00001a70 <UART_Rx_Timeout_Process>:
	if(uart_initialized == 0) {
    1a70:	da01a783          	lw	a5,-608(gp) # 20000688 <uart_initialized>
    1a74:	cfbd                	beqz	a5,1af2 <UART_Rx_Timeout_Process+0x82>
{
    1a76:	1101                	add	sp,sp,-32
    1a78:	cc26                	sw	s1,24(sp)
    UART_GetStatus(UART_Handler, &stat);
    1a7a:	006c                	add	a1,sp,12
    1a7c:	da81a503          	lw	a0,-600(gp) # 20000690 <UART_Handler>
{
    1a80:	ce06                	sw	ra,28(sp)
    1a82:	ca4a                	sw	s2,20(sp)
    UART_GetStatus(UART_Handler, &stat);
    1a84:	519030ef          	jal	579c <UART_GetStatus>
    uint32_t cnt = UART_GetRxCount(UART_Handler);
    1a88:	da81a503          	lw	a0,-600(gp) # 20000690 <UART_Handler>
    1a8c:	1bb030ef          	jal	5446 <UART_GetRxCount>
    if(stat.rx_busy) {  
    1a90:	47b2                	lw	a5,12(sp)
    1a92:	8b89                	and	a5,a5,2
    uint32_t cnt = UART_GetRxCount(UART_Handler);
    1a94:	84aa                	mv	s1,a0
    if(stat.rx_busy) {  
    1a96:	cf85                	beqz	a5,1ace <UART_Rx_Timeout_Process+0x5e>
        if(cnt > 0) {
    1a98:	c50d                	beqz	a0,1ac2 <UART_Rx_Timeout_Process+0x52>
            if(cnt == uart_rx_cnt_prev) {
    1a9a:	d981a783          	lw	a5,-616(gp) # 20000680 <uart_rx_cnt_prev.8>
    1a9e:	02a79063          	bne	a5,a0,1abe <UART_Rx_Timeout_Process+0x4e>
                if(process_nevents() < (PROCESS_CONF_NUMEVENTS >> 1)) {
    1aa2:	1e1010ef          	jal	3482 <process_nevents>
    1aa6:	47fd                	li	a5,31
    1aa8:	00a7cb63          	blt	a5,a0,1abe <UART_Rx_Timeout_Process+0x4e>
                    process_post(&uart_boot_process,  PROCESS_EVENT_UART_RXD, &uart_rx_event_timeout);
    1aac:	20000537          	lui	a0,0x20000
    1ab0:	80c18613          	add	a2,gp,-2036 # 200000f4 <uart_rx_event_timeout.7>
    1ab4:	45c1                	li	a1,16
    1ab6:	0b050513          	add	a0,a0,176 # 200000b0 <uart_boot_process>
    1aba:	1d5010ef          	jal	348e <process_post>
            uart_rx_cnt_prev = cnt;
    1abe:	d891ac23          	sw	s1,-616(gp) # 20000680 <uart_rx_cnt_prev.8>
}
    1ac2:	40f2                	lw	ra,28(sp)
    1ac4:	44e2                	lw	s1,24(sp)
    1ac6:	4952                	lw	s2,20(sp)
    return 0;
    1ac8:	4501                	li	a0,0
}
    1aca:	6105                	add	sp,sp,32
    1acc:	8082                	ret
        uart_rx_cnt_prev = 0;
    1ace:	d801ac23          	sw	zero,-616(gp) # 20000680 <uart_rx_cnt_prev.8>
        if(cnt > 0) {
    1ad2:	d965                	beqz	a0,1ac2 <UART_Rx_Timeout_Process+0x52>
			if(process_nevents() < (PROCESS_CONF_NUMEVENTS >> 1)) {
    1ad4:	1af010ef          	jal	3482 <process_nevents>
    1ad8:	47fd                	li	a5,31
    1ada:	fea7c4e3          	blt	a5,a0,1ac2 <UART_Rx_Timeout_Process+0x52>
				process_post(&uart_boot_process,  PROCESS_EVENT_UART_RXD, &uart_rx_event_timeout);
    1ade:	20000537          	lui	a0,0x20000
    1ae2:	80c18613          	add	a2,gp,-2036 # 200000f4 <uart_rx_event_timeout.7>
    1ae6:	45c1                	li	a1,16
    1ae8:	0b050513          	add	a0,a0,176 # 200000b0 <uart_boot_process>
    1aec:	1a3010ef          	jal	348e <process_post>
    1af0:	bfc9                	j	1ac2 <UART_Rx_Timeout_Process+0x52>
    1af2:	557d                	li	a0,-1
}
    1af4:	8082                	ret

00001af6 <uart_dev_init>:

void uart_dev_init(uint32_t baud_rate)
{
    1af6:	1141                	add	sp,sp,-16
    1af8:	c426                	sw	s1,8(sp)
    1afa:	c24a                	sw	s2,4(sp)
    UART_PowerControl(UART_Handler, CSK_POWER_OFF);
    1afc:	4581                	li	a1,0
{
    1afe:	892a                	mv	s2,a0
    UART_PowerControl(UART_Handler, CSK_POWER_OFF);
    1b00:	da81a503          	lw	a0,-600(gp) # 20000690 <UART_Handler>
{
    1b04:	c606                	sw	ra,12(sp)
    UART_PowerControl(UART_Handler, CSK_POWER_OFF);
    1b06:	716030ef          	jal	521c <UART_PowerControl>

    UART_Uninitialize(UART_Handler);
    1b0a:	da81a503          	lw	a0,-600(gp) # 20000690 <UART_Handler>
    1b0e:	686030ef          	jal	5194 <UART_Uninitialize>

    UART_Initialize(UART_Handler, UART_EventCallback, NULL);
    1b12:	6589                	lui	a1,0x2
    1b14:	4601                	li	a2,0
    1b16:	a0c58593          	add	a1,a1,-1524 # 1a0c <UART_EventCallback>
    1b1a:	da81a503          	lw	a0,-600(gp) # 20000690 <UART_Handler>
    1b1e:	602030ef          	jal	5120 <UART_Initialize>

    UART_PowerControl(UART_Handler, CSK_POWER_FULL);
    1b22:	4589                	li	a1,2
    1b24:	da81a503          	lw	a0,-600(gp) # 20000690 <UART_Handler>
    1b28:	6f4030ef          	jal	521c <UART_PowerControl>

    UART_Control(UART_Handler, CSK_UART_MODE_ASYNCHRONOUS |
    1b2c:	864a                	mv	a2,s2
    1b2e:	4585                	li	a1,1
    1b30:	da81a503          	lw	a0,-600(gp) # 20000690 <UART_Handler>
    1b34:	161030ef          	jal	5494 <UART_Control>
                        CSK_UART_STOP_BITS_1 |
                        CSK_UART_FLOW_CONTROL_NONE |
                        CSK_UART_Function_CONTROL_Dma |
                        CSK_UART_GPIO_CONTROL_DEFAULT, baud_rate);

    UART_Control(UART_Handler, CSK_UART_CONTROL_TX, 1);
    1b38:	4605                	li	a2,1
    1b3a:	45d5                	li	a1,21
    1b3c:	da81a503          	lw	a0,-600(gp) # 20000690 <UART_Handler>
    1b40:	155030ef          	jal	5494 <UART_Control>
    UART_Control(UART_Handler, CSK_UART_CONTROL_RX, 1);
    1b44:	da81a503          	lw	a0,-600(gp) # 20000690 <UART_Handler>
}
    1b48:	40b2                	lw	ra,12(sp)
    1b4a:	44a2                	lw	s1,8(sp)
    1b4c:	4912                	lw	s2,4(sp)
    UART_Control(UART_Handler, CSK_UART_CONTROL_RX, 1);
    1b4e:	4605                	li	a2,1
    1b50:	45d9                	li	a1,22
}
    1b52:	0141                	add	sp,sp,16
    UART_Control(UART_Handler, CSK_UART_CONTROL_RX, 1);
    1b54:	1410306f          	j	5494 <UART_Control>

00001b58 <process_thread_uart_boot_process>:
    } while(1);
    return 0;
}

PROCESS_THREAD(uart_boot_process, ev, data)
{
    1b58:	1101                	add	sp,sp,-32
    static int32_t n = 0, cmd_id, rdy, error = 0;
    static uint32_t verify_header_status;
    static uint8_t *cmd = (uint8_t *)SLIP_RX_BUF;

    PROCESS_BEGIN();
    1b5a:	00055783          	lhu	a5,0(a0)
{
    1b5e:	c652                	sw	s4,12(sp)
    1b60:	ce06                	sw	ra,28(sp)
    1b62:	cc26                	sw	s1,24(sp)
    1b64:	ca4a                	sw	s2,20(sp)
    1b66:	c84e                	sw	s3,16(sp)
    1b68:	c456                	sw	s5,8(sp)
    PROCESS_BEGIN();
    1b6a:	13000713          	li	a4,304
{
    1b6e:	8a2a                	mv	s4,a0
    PROCESS_BEGIN();
    1b70:	28e78b63          	beq	a5,a4,1e06 <process_thread_uart_boot_process+0x2ae>
    1b74:	02f76363          	bltu	a4,a5,1b9a <process_thread_uart_boot_process+0x42>
    1b78:	cba5                	beqz	a5,1be8 <process_thread_uart_boot_process+0x90>
    1b7a:	0ab00713          	li	a4,171
    1b7e:	04e78163          	beq	a5,a4,1bc0 <process_thread_uart_boot_process+0x68>
    1b82:	4781                	li	a5,0
    1b84:	450d                	li	a0,3
            } else if(cmd_id == ESP_FLASH_END) {
                do {
                    rdy = flash_prog_in_process();
                    BOOT_LOG("end- %d ->\n", rdy);
                    if(rdy) { // flash program in process
                        PROCESS_WAIT_EVENT();
    1b86:	00fa1023          	sh	a5,0(s4)
            n = 0;
        }
    }

    PROCESS_END();
}
    1b8a:	40f2                	lw	ra,28(sp)
    1b8c:	44e2                	lw	s1,24(sp)
    1b8e:	4952                	lw	s2,20(sp)
    1b90:	49c2                	lw	s3,16(sp)
    1b92:	4a32                	lw	s4,12(sp)
    1b94:	4aa2                	lw	s5,8(sp)
    1b96:	6105                	add	sp,sp,32
    1b98:	8082                	ret
    PROCESS_BEGIN();
    1b9a:	13c00713          	li	a4,316
    1b9e:	28e78c63          	beq	a5,a4,1e36 <process_thread_uart_boot_process+0x2de>
    1ba2:	14400713          	li	a4,324
    1ba6:	fce79ee3          	bne	a5,a4,1b82 <process_thread_uart_boot_process+0x2a>
                    if(ev == PROCESS_EVENT_PROG_OK) {
    1baa:	47d5                	li	a5,21
    1bac:	1af58d63          	beq	a1,a5,1d66 <process_thread_uart_boot_process+0x20e>
                    } else if(ev == PROCESS_EVENT_PROG_ERR) {
    1bb0:	47cd                	li	a5,19
    1bb2:	28f59e63          	bne	a1,a5,1e4e <process_thread_uart_boot_process+0x2f6>
                        error = ESP_FAILED_SPI_OP;  // set error flag
    1bb6:	0c400713          	li	a4,196
    1bba:	d8e1a623          	sw	a4,-628(gp) # 20000674 <error.3>
                        break;
    1bbe:	a265                	j	1d66 <process_thread_uart_boot_process+0x20e>
            if (ev == PROCESS_EVENT_UART_RXD) { // ignore other events
    1bc0:	47c1                	li	a5,16
    1bc2:	04f59563          	bne	a1,a5,1c0c <process_thread_uart_boot_process+0xb4>
        n = UART_GetRxCount(UART_Handler);
    1bc6:	da81a503          	lw	a0,-600(gp) # 20000690 <UART_Handler>
    1bca:	8932                	mv	s2,a2
    1bcc:	07b030ef          	jal	5446 <UART_GetRxCount>
    1bd0:	d8a1a823          	sw	a0,-624(gp) # 20000678 <n.5>
        if(0 == n && *((uint32_t *)data) == CSK_UART_EVENT_RX_TIMEOUT) {
    1bd4:	e521                	bnez	a0,1c1c <process_thread_uart_boot_process+0xc4>
    1bd6:	00092703          	lw	a4,0(s2)
    1bda:	04000793          	li	a5,64
    1bde:	02f71f63          	bne	a4,a5,1c1c <process_thread_uart_boot_process+0xc4>
        	n = 1;
    1be2:	4785                	li	a5,1
    1be4:	d8f1a823          	sw	a5,-624(gp) # 20000678 <n.5>
        if (! n) {
    1be8:	d901a783          	lw	a5,-624(gp) # 20000678 <n.5>
    1bec:	ef81                	bnez	a5,1c04 <process_thread_uart_boot_process+0xac>
            uart_time_out_acc = 0;
    1bee:	d801ae23          	sw	zero,-612(gp) # 20000684 <uart_time_out_acc>
            UART_Receive(UART_Handler, cmd, MAX_WRITE_BLOCK);
    1bf2:	6609                	lui	a2,0x2
    1bf4:	f8060613          	add	a2,a2,-128 # 1f80 <mbedtls_internal_md5_process+0xc0>
    1bf8:	200085b7          	lui	a1,0x20008
    1bfc:	da81a503          	lw	a0,-600(gp) # 20000690 <UART_Handler>
    1c00:	772030ef          	jal	5372 <UART_Receive>
            PROCESS_WAIT_EVENT();
    1c04:	0ab00793          	li	a5,171
    1c08:	4505                	li	a0,1
    1c0a:	bfb5                	j	1b86 <process_thread_uart_boot_process+0x2e>
            } else if(ev == PROCESS_EVENT_PROG_ERR) {
    1c0c:	47cd                	li	a5,19
    1c0e:	fef59be3          	bne	a1,a5,1c04 <process_thread_uart_boot_process+0xac>
                error = ESP_FAILED_SPI_OP;  // set error flag
    1c12:	0c400713          	li	a4,196
    1c16:	d8e1a623          	sw	a4,-628(gp) # 20000674 <error.3>
    1c1a:	b7ed                	j	1c04 <process_thread_uart_boot_process+0xac>
        ub_state_save();
    1c1c:	c7eff0ef          	jal	109a <ub_state_save>
        if (uart_receive_bytes(cmd, n)) {
    1c20:	d901a583          	lw	a1,-624(gp) # 20000678 <n.5>
    1c24:	20008537          	lui	a0,0x20008
    1c28:	d9cff0ef          	jal	11c4 <uart_receive_bytes>
    1c2c:	0e050363          	beqz	a0,1d12 <process_thread_uart_boot_process+0x1ba>
            if(ub.read < 4) {
    1c30:	e3418793          	add	a5,gp,-460 # 2000071c <ub>
    1c34:	43d4                	lw	a3,4(a5)
    1c36:	478d                	li	a5,3
    1c38:	e3418913          	add	s2,gp,-460 # 2000071c <ub>
    1c3c:	0ad7f863          	bgeu	a5,a3,1cec <process_thread_uart_boot_process+0x194>
            if(n >= MAX_WRITE_BLOCK) {
    1c40:	6709                	lui	a4,0x2
    1c42:	d901a783          	lw	a5,-624(gp) # 20000678 <n.5>
    1c46:	f7f70713          	add	a4,a4,-129 # 1f7f <mbedtls_internal_md5_process+0xbf>
    1c4a:	06f75f63          	bge	a4,a5,1cc8 <process_thread_uart_boot_process+0x170>
                error = ESP_TOO_MUCH_DATA; // set error flag
    1c4e:	0c900713          	li	a4,201
                error = ESP_BAD_BLOCKSIZE; // set error flag
    1c52:	d8e1a623          	sw	a4,-628(gp) # 20000674 <error.3>
			UART_Control(UART_Handler, CSK_UART_ABORT_RECEIVE, 1);
    1c56:	4605                	li	a2,1
    1c58:	45e5                	li	a1,25
    1c5a:	da81a503          	lw	a0,-600(gp) # 20000690 <UART_Handler>
    1c5e:	037030ef          	jal	5494 <UART_Control>
            if(ub.read < 2) {
    1c62:	00492703          	lw	a4,4(s2)
    1c66:	4785                	li	a5,1
    1c68:	00e7e763          	bltu	a5,a4,1c76 <process_thread_uart_boot_process+0x11e>
                cmd[2] = 0xFF; // set to unkown cmd if ub.read < 2
    1c6c:	200087b7          	lui	a5,0x20008
    1c70:	577d                	li	a4,-1
    1c72:	00e78123          	sb	a4,2(a5) # 20008002 <_sp+0x2>
			n = 0;
    1c76:	d801a823          	sw	zero,-624(gp) # 20000678 <n.5>
			ub.read = 0;
    1c7a:	00092223          	sw	zero,4(s2)
			ub.state = 0;
    1c7e:	00092423          	sw	zero,8(s2)
			cmd[0] = 0xC0; // start byte
    1c82:	200084b7          	lui	s1,0x20008
    1c86:	1c000793          	li	a5,448
    1c8a:	00f49023          	sh	a5,0(s1) # 20008000 <_sp>
            cmd[3] = 0x02; // length
    1c8e:	4789                	li	a5,2
    1c90:	00f4a1a3          	sw	a5,3(s1)
            cmd[7] = 0x00; // reserved
    1c94:	000493a3          	sh	zero,7(s1)
            cmd[9] = (uint8_t)error; // status
    1c98:	d8c1a783          	lw	a5,-628(gp) # 20000674 <error.3>
    1c9c:	00f484a3          	sb	a5,9(s1)
            cmd[10] = 0x01; // error
    1ca0:	77f1                	lui	a5,0xffffc
    1ca2:	0785                	add	a5,a5,1 # ffffc001 <_sp+0xdfff4001>
    1ca4:	00f49523          	sh	a5,10(s1)
			UART_Send_Polling(UART_Handler, cmd, 12);
    1ca8:	4631                	li	a2,12
    1caa:	85a6                	mv	a1,s1
    1cac:	da81a503          	lw	a0,-600(gp) # 20000690 <UART_Handler>
    1cb0:	31d9                	jal	1976 <UART_Send_Polling>
            error = 0;  // clear error flag
    1cb2:	d801a623          	sw	zero,-628(gp) # 20000674 <error.3>
                    memset(cmd, 0, MAX_WRITE_BLOCK);
    1cb6:	6609                	lui	a2,0x2
    1cb8:	f8060613          	add	a2,a2,-128 # 1f80 <mbedtls_internal_md5_process+0xc0>
    1cbc:	4581                	li	a1,0
    1cbe:	20008537          	lui	a0,0x20008
    1cc2:	511030ef          	jal	59d2 <memset>
                    continue;
    1cc6:	b70d                	j	1be8 <process_thread_uart_boot_process+0x90>
            if(ub.reading_buf[0] != 0x00) {
    1cc8:	00092783          	lw	a5,0(s2)
    1ccc:	0007c603          	lbu	a2,0(a5)
    1cd0:	c601                	beqz	a2,1cd8 <process_thread_uart_boot_process+0x180>
                error = ESP_INVALID_COMMAND; // set error flag
    1cd2:	0c300713          	li	a4,195
    1cd6:	bfb5                	j	1c52 <process_thread_uart_boot_process+0xfa>
            int len = ub.reading_buf[2] + (ub.reading_buf[3] << 8);
    1cd8:	0027d783          	lhu	a5,2(a5)
            if(len >= MAX_WRITE_BLOCK || ub.read > (len + 24)) {
    1cdc:	00f74563          	blt	a4,a5,1ce6 <process_thread_uart_boot_process+0x18e>
    1ce0:	07e1                	add	a5,a5,24
    1ce2:	00d7f563          	bgeu	a5,a3,1cec <process_thread_uart_boot_process+0x194>
                error = ESP_BAD_BLOCKSIZE; // set error flag
    1ce6:	0c200713          	li	a4,194
    1cea:	b7a5                	j	1c52 <process_thread_uart_boot_process+0xfa>
            uart_time_out_acc++;
    1cec:	d9c1a783          	lw	a5,-612(gp) # 20000684 <uart_time_out_acc>
    1cf0:	0785                	add	a5,a5,1
    1cf2:	d8f1ae23          	sw	a5,-612(gp) # 20000684 <uart_time_out_acc>
            if(uart_time_out_acc > uart_time_out_max) {
    1cf6:	8141a683          	lw	a3,-2028(gp) # 200000fc <uart_time_out_max>
    1cfa:	00f6f963          	bgeu	a3,a5,1d0c <process_thread_uart_boot_process+0x1b4>
                error = ESP_ERR_TIMEOUT; // set error flag
    1cfe:	0cd00693          	li	a3,205
    1d02:	d8d1a623          	sw	a3,-628(gp) # 20000674 <error.3>
                uart_time_out_acc = 0;
    1d06:	d801ae23          	sw	zero,-612(gp) # 20000684 <uart_time_out_acc>
                goto UART_PROCESS_ERROR;
    1d0a:	b7b1                	j	1c56 <process_thread_uart_boot_process+0xfe>
            ub_state_recovery();
    1d0c:	ba2ff0ef          	jal	10ae <ub_state_recovery>
            continue;
    1d10:	bde1                	j	1be8 <process_thread_uart_boot_process+0x90>
            UART_Control(UART_Handler, CSK_UART_ABORT_RECEIVE, 1);
    1d12:	4605                	li	a2,1
    1d14:	45e5                	li	a1,25
    1d16:	da81a503          	lw	a0,-600(gp) # 20000690 <UART_Handler>
    1d1a:	77a030ef          	jal	5494 <UART_Control>
            cmd_id = do_cmd(cmd, &n, COMM_TYPE_UART);
    1d1e:	4601                	li	a2,0
    1d20:	d9018593          	add	a1,gp,-624 # 20000678 <n.5>
    1d24:	20008537          	lui	a0,0x20008
    1d28:	9c7ff0ef          	jal	16ee <do_cmd>
            if(cmd_id == ESP_MEM_END) {
    1d2c:	4799                	li	a5,6
    1d2e:	06f51b63          	bne	a0,a5,1da4 <process_thread_uart_boot_process+0x24c>
                uint8_t * ap_base = (uint8_t *)s_mem_offset;
    1d32:	d681aa83          	lw	s5,-664(gp) # 20000650 <s_mem_offset>
				UART_Send_Polling(UART_Handler, cmd, n);
    1d36:	d901a603          	lw	a2,-624(gp) # 20000678 <n.5>
    1d3a:	200085b7          	lui	a1,0x20008
                s_mem_offset = NULL;
    1d3e:	d601a423          	sw	zero,-664(gp) # 20000650 <s_mem_offset>
				UART_Send_Polling(UART_Handler, cmd, n);
    1d42:	da81a503          	lw	a0,-600(gp) # 20000690 <UART_Handler>
				usart_tx_event_complete = 0;
    1d46:	da01a223          	sw	zero,-604(gp) # 2000068c <usart_tx_event_complete>
                verify_header_status = 0; //header_verify((uint8_t *)ap_base);
    1d4a:	d801a423          	sw	zero,-632(gp) # 20000670 <verify_header_status.1>
				UART_Send_Polling(UART_Handler, cmd, n);
    1d4e:	c29ff0ef          	jal	1976 <UART_Send_Polling>
				run_image((uint8_t *)ap_base);
    1d52:	8556                	mv	a0,s5
    1d54:	f47fe0ef          	jal	c9a <run_image>
				set_resp_error(cmd, verify_header_status, COMM_TYPE_UART); //ESP_CMD_NOT_IMPLEMENTED
    1d58:	4601                	li	a2,0
    1d5a:	d881c583          	lbu	a1,-632(gp) # 20000670 <verify_header_status.1>
    1d5e:	20008537          	lui	a0,0x20008
    1d62:	bffff0ef          	jal	1960 <set_resp_error>
            if(error) {
    1d66:	d8c1a583          	lw	a1,-628(gp) # 20000674 <error.3>
    1d6a:	c991                	beqz	a1,1d7e <process_thread_uart_boot_process+0x226>
                set_resp_error(cmd, error, COMM_TYPE_UART);
    1d6c:	4601                	li	a2,0
    1d6e:	0ff5f593          	zext.b	a1,a1
    1d72:	20008537          	lui	a0,0x20008
    1d76:	bebff0ef          	jal	1960 <set_resp_error>
                error = 0;  // clear error flag
    1d7a:	d801a623          	sw	zero,-628(gp) # 20000674 <error.3>
            UART_Send_Polling(UART_Handler, cmd, n);
    1d7e:	d901a603          	lw	a2,-624(gp) # 20000678 <n.5>
    1d82:	200085b7          	lui	a1,0x20008
    1d86:	da81a503          	lw	a0,-600(gp) # 20000690 <UART_Handler>
    1d8a:	bedff0ef          	jal	1976 <UART_Send_Polling>
            memset(cmd, 0, MAX_WRITE_BLOCK);
    1d8e:	6609                	lui	a2,0x2
    1d90:	f8060613          	add	a2,a2,-128 # 1f80 <mbedtls_internal_md5_process+0xc0>
    1d94:	4581                	li	a1,0
    1d96:	20008537          	lui	a0,0x20008
    1d9a:	439030ef          	jal	59d2 <memset>
            n = 0;
    1d9e:	d801a823          	sw	zero,-624(gp) # 20000678 <n.5>
    1da2:	b599                	j	1be8 <process_thread_uart_boot_process+0x90>
            } else if(cmd_id == ESP_SET_BAUD) {
    1da4:	47bd                	li	a5,15
    1da6:	04f51563          	bne	a0,a5,1df0 <process_thread_uart_boot_process+0x298>
                if(cur_baud_rate != nxt_baud_rate) {
    1daa:	81c1a703          	lw	a4,-2020(gp) # 20000104 <cur_baud_rate>
    1dae:	8181a783          	lw	a5,-2024(gp) # 20000100 <nxt_baud_rate>
    1db2:	faf70ae3          	beq	a4,a5,1d66 <process_thread_uart_boot_process+0x20e>
                    UART_Send_Polling(UART_Handler, cmd, n);
    1db6:	d901a603          	lw	a2,-624(gp) # 20000678 <n.5>
    1dba:	200085b7          	lui	a1,0x20008
    1dbe:	da81a503          	lw	a0,-600(gp) # 20000690 <UART_Handler>
                    usart_tx_event_complete = 0;
    1dc2:	da01a223          	sw	zero,-604(gp) # 2000068c <usart_tx_event_complete>
                    UART_Send_Polling(UART_Handler, cmd, n);
    1dc6:	bb1ff0ef          	jal	1976 <UART_Send_Polling>
                    n = 0;
    1dca:	d801a823          	sw	zero,-624(gp) # 20000678 <n.5>
                    uint32_t tick_curr = SysTick_Value();
    1dce:	270010ef          	jal	303e <SysTick_Value>
    1dd2:	84aa                	mv	s1,a0
                    while((SysTick_Value() - tick_curr) < 2)
    1dd4:	4985                	li	s3,1
    1dd6:	268010ef          	jal	303e <SysTick_Value>
    1dda:	409507b3          	sub	a5,a0,s1
    1dde:	fef9fce3          	bgeu	s3,a5,1dd6 <process_thread_uart_boot_process+0x27e>
                    cur_baud_rate = nxt_baud_rate;
    1de2:	8181a503          	lw	a0,-2024(gp) # 20000100 <nxt_baud_rate>
    1de6:	80a1ae23          	sw	a0,-2020(gp) # 20000104 <cur_baud_rate>
                    uart_dev_init(cur_baud_rate);
    1dea:	d0dff0ef          	jal	1af6 <uart_dev_init>
    1dee:	b5e1                	j	1cb6 <process_thread_uart_boot_process+0x15e>
            } else if(cmd_id == ESP_FLASH_END) {
    1df0:	4791                	li	a5,4
    1df2:	02f51563          	bne	a0,a5,1e1c <process_thread_uart_boot_process+0x2c4>
                    rdy = flash_prog_in_process();
    1df6:	d8eff0ef          	jal	1384 <flash_prog_in_process>
    1dfa:	d8a1a223          	sw	a0,-636(gp) # 2000066c <rdy.0>
                    if(rdy) { // flash program in process
    1dfe:	d525                	beqz	a0,1d66 <process_thread_uart_boot_process+0x20e>
    1e00:	13000793          	li	a5,304
    1e04:	b511                	j	1c08 <process_thread_uart_boot_process+0xb0>
                        if(ev == PROCESS_EVENT_PROG_ERR) {
    1e06:	47cd                	li	a5,19
    1e08:	00f59663          	bne	a1,a5,1e14 <process_thread_uart_boot_process+0x2bc>
                            error = ESP_FAILED_SPI_OP;  // set error flag
    1e0c:	0c400713          	li	a4,196
    1e10:	d8e1a623          	sw	a4,-628(gp) # 20000674 <error.3>
                } while(rdy);
    1e14:	d841a783          	lw	a5,-636(gp) # 2000066c <rdy.0>
    1e18:	fff9                	bnez	a5,1df6 <process_thread_uart_boot_process+0x29e>
    1e1a:	b7b1                	j	1d66 <process_thread_uart_boot_process+0x20e>
            } else if(cmd_id == ESP_FLASH_DATA) {
    1e1c:	478d                	li	a5,3
    1e1e:	02f51463          	bne	a0,a5,1e46 <process_thread_uart_boot_process+0x2ee>
                while(s_mem_cpy_len) {  // if the value is zero, do not need copy
    1e22:	d741a783          	lw	a5,-652(gp) # 2000065c <s_mem_cpy_len>
    1e26:	f40780e3          	beqz	a5,1d66 <process_thread_uart_boot_process+0x20e>
                    int32_t len = flash_mem_cpy();
    1e2a:	ea6ff0ef          	jal	14d0 <flash_mem_cpy>
                    if(len == 0) {  // no free buffer to copy
    1e2e:	f975                	bnez	a0,1e22 <process_thread_uart_boot_process+0x2ca>
    1e30:	13c00793          	li	a5,316
    1e34:	bbd1                	j	1c08 <process_thread_uart_boot_process+0xb0>
                        if(ev == PROCESS_EVENT_PROG_ERR) {
    1e36:	47cd                	li	a5,19
    1e38:	fef595e3          	bne	a1,a5,1e22 <process_thread_uart_boot_process+0x2ca>
                            error = ESP_FAILED_SPI_OP;  // set error flag
    1e3c:	0c400713          	li	a4,196
    1e40:	d8e1a623          	sw	a4,-628(gp) # 20000674 <error.3>
    1e44:	bff9                	j	1e22 <process_thread_uart_boot_process+0x2ca>
            } else if (cmd_id == ESP_ERASE_REGION) { // wait erase finish
    1e46:	0d100793          	li	a5,209
    1e4a:	f0f51ee3          	bne	a0,a5,1d66 <process_thread_uart_boot_process+0x20e>
                    PROCESS_WAIT_EVENT();
    1e4e:	14400793          	li	a5,324
    1e52:	bb5d                	j	1c08 <process_thread_uart_boot_process+0xb0>

00001e54 <uart_init>:
{
    1e54:	1141                	add	sp,sp,-16
    1e56:	c606                	sw	ra,12(sp)
    UART_Handler = UART0();
    1e58:	240030ef          	jal	5098 <UART0>
    1e5c:	daa1a423          	sw	a0,-600(gp) # 20000690 <UART_Handler>
    __HAL_CRM_UART0_CLK_ENABLE();
    1e60:	431007b7          	lui	a5,0x43100
    1e64:	4fd8                	lw	a4,28(a5)
    1e66:	00276713          	or	a4,a4,2
    1e6a:	cfd8                	sw	a4,28(a5)
    __HAL_CRM_CMNDMA_CLK_ENABLE();
    1e6c:	5bd8                	lw	a4,52(a5)
    1e6e:	00876713          	or	a4,a4,8
    memset((uint8_t*)SLIP_RX_BUF, 0, MAX_WRITE_BLOCK);
    1e72:	6609                	lui	a2,0x2
    __HAL_CRM_CMNDMA_CLK_ENABLE();
    1e74:	dbd8                	sw	a4,52(a5)
    memset((uint8_t*)SLIP_RX_BUF, 0, MAX_WRITE_BLOCK);
    1e76:	f8060613          	add	a2,a2,-128 # 1f80 <mbedtls_internal_md5_process+0xc0>
    1e7a:	4581                	li	a1,0
    1e7c:	20008537          	lui	a0,0x20008
    1e80:	353030ef          	jal	59d2 <memset>
    uart_dev_init(cur_baud_rate);
    1e84:	81c1a503          	lw	a0,-2020(gp) # 20000104 <cur_baud_rate>
    1e88:	c6fff0ef          	jal	1af6 <uart_dev_init>
    uart_initialized = 1;
    1e8c:	4705                	li	a4,1
    1e8e:	dae1a023          	sw	a4,-608(gp) # 20000688 <uart_initialized>
    ub_state_init();
    1e92:	a30ff0ef          	jal	10c2 <ub_state_init>
    process_start(&uart_boot_process, NULL);
    1e96:	20000537          	lui	a0,0x20000
    1e9a:	4581                	li	a1,0
    1e9c:	0b050513          	add	a0,a0,176 # 200000b0 <uart_boot_process>
    1ea0:	642010ef          	jal	34e2 <process_start>
}
    1ea4:	40b2                	lw	ra,12(sp)
    1ea6:	0141                	add	sp,sp,16
    flash_prog_init();
    1ea8:	9bffe06f          	j	866 <flash_prog_init>

00001eac <mbedtls_platform_zeroize>:
 * platform and needs.
 */
void * (* const volatile memset_func)( void *, int, size_t ) = memset;

void mbedtls_platform_zeroize( void *buf, size_t len )
{
    1eac:	862e                	mv	a2,a1
    memset_func( buf, 0, len );
    1eae:	8701a783          	lw	a5,-1936(gp) # 20000158 <memset_func>
    1eb2:	4581                	li	a1,0
    1eb4:	8782                	jr	a5

00001eb6 <mbedtls_md5_init>:
}
#endif

void mbedtls_md5_init( mbedtls_md5_context *ctx )
{
    memset( ctx, 0, sizeof( mbedtls_md5_context ) );
    1eb6:	05800613          	li	a2,88
    1eba:	4581                	li	a1,0
    1ebc:	3170306f          	j	59d2 <memset>

00001ec0 <mbedtls_internal_md5_process>:
#endif

#if !defined(MBEDTLS_MD5_PROCESS_ALT)
int mbedtls_internal_md5_process( mbedtls_md5_context *ctx,
                                  const unsigned char data[64] )
{
    1ec0:	7179                	add	sp,sp,-48
    1ec2:	d24a                	sw	s2,36(sp)
    1ec4:	d04e                	sw	s3,32(sp)
    1ec6:	c662                	sw	s8,12(sp)
    1ec8:	c26a                	sw	s10,4(sp)
    1eca:	c06e                	sw	s11,0(sp)
    1ecc:	d622                	sw	s0,44(sp)
    1ece:	d426                	sw	s1,40(sp)
    1ed0:	ce52                	sw	s4,28(sp)
    1ed2:	cc56                	sw	s5,24(sp)
    1ed4:	ca5a                	sw	s6,20(sp)
    1ed6:	c85e                	sw	s7,16(sp)
    1ed8:	c466                	sw	s9,8(sp)
    a += F(b,c,d) + X[k] + t; a = S(a,s) + b;           \
}

    A = ctx->state[0];
    B = ctx->state[1];
    C = ctx->state[2];
    1eda:	01052903          	lw	s2,16(a0)
    D = ctx->state[3];
    1ede:	01452983          	lw	s3,20(a0)
    1ee2:	d76aa737          	lui	a4,0xd76aa
    GET_UINT32_LE( X[ 0], data,  0 );
    1ee6:	0005ab83          	lw	s7,0(a1) # 20008000 <_sp>
    GET_UINT32_LE( X[ 1], data,  4 );
    1eea:	0045a283          	lw	t0,4(a1)
    GET_UINT32_LE( X[ 2], data,  8 );
    1eee:	0085a883          	lw	a7,8(a1)
    GET_UINT32_LE( X[ 3], data, 12 );
    1ef2:	45c0                	lw	s0,12(a1)
    GET_UINT32_LE( X[ 4], data, 16 );
    1ef4:	0105ae03          	lw	t3,16(a1)
    GET_UINT32_LE( X[ 5], data, 20 );
    1ef8:	0145aa03          	lw	s4,20(a1)
    GET_UINT32_LE( X[ 6], data, 24 );
    1efc:	0185af03          	lw	t5,24(a1)
    GET_UINT32_LE( X[ 7], data, 28 );
    1f00:	01c5ab03          	lw	s6,28(a1)
    GET_UINT32_LE( X[ 8], data, 32 );
    1f04:	0205af83          	lw	t6,32(a1)
    GET_UINT32_LE( X[ 9], data, 36 );
    1f08:	0245a803          	lw	a6,36(a1)
    GET_UINT32_LE( X[10], data, 40 );
    1f0c:	0285a383          	lw	t2,40(a1)
    GET_UINT32_LE( X[11], data, 44 );
    1f10:	02c5a303          	lw	t1,44(a1)
    GET_UINT32_LE( X[12], data, 48 );
    1f14:	5984                	lw	s1,48(a1)
    GET_UINT32_LE( X[13], data, 52 );
    1f16:	0345ae83          	lw	t4,52(a1)
    GET_UINT32_LE( X[14], data, 56 );
    1f1a:	0385aa83          	lw	s5,56(a1)
    GET_UINT32_LE( X[15], data, 60 );
    1f1e:	03c5ac83          	lw	s9,60(a1)
    A = ctx->state[0];
    1f22:	00852c03          	lw	s8,8(a0)
    B = ctx->state[1];
    1f26:	454c                	lw	a1,12(a0)

#define F(x,y,z) (z ^ (x & (y ^ z)))

    P( A, B, C, D,  0,  7, 0xD76AA478 );
    1f28:	013947b3          	xor	a5,s2,s3
    1f2c:	47870713          	add	a4,a4,1144 # d76aa478 <_sp+0xb76a2478>
    1f30:	9762                	add	a4,a4,s8
    1f32:	8fed                	and	a5,a5,a1
    1f34:	975e                	add	a4,a4,s7
    1f36:	0137c7b3          	xor	a5,a5,s3
    1f3a:	97ba                	add	a5,a5,a4
    1f3c:	6197d793          	ror	a5,a5,0x19
    1f40:	e8c7b737          	lui	a4,0xe8c7b
    1f44:	97ae                	add	a5,a5,a1
    P( D, A, B, C,  1, 12, 0xE8C7B756 );
    1f46:	0125c633          	xor	a2,a1,s2
    1f4a:	75670713          	add	a4,a4,1878 # e8c7b756 <_sp+0xc8c73756>
    1f4e:	974e                	add	a4,a4,s3
    1f50:	8e7d                	and	a2,a2,a5
    1f52:	9716                	add	a4,a4,t0
    1f54:	01264633          	xor	a2,a2,s2
    1f58:	963a                	add	a2,a2,a4
    1f5a:	61465613          	ror	a2,a2,0x14
    1f5e:	24207737          	lui	a4,0x24207
    1f62:	963e                	add	a2,a2,a5
    P( C, D, A, B,  2, 17, 0x242070DB );
    1f64:	00f5c6b3          	xor	a3,a1,a5
    1f68:	0db70713          	add	a4,a4,219 # 242070db <_sp+0x41ff0db>
    1f6c:	974a                	add	a4,a4,s2
    1f6e:	8ef1                	and	a3,a3,a2
    1f70:	9746                	add	a4,a4,a7
    1f72:	8ead                	xor	a3,a3,a1
    1f74:	96ba                	add	a3,a3,a4
    1f76:	60f6d693          	ror	a3,a3,0xf
    1f7a:	c1bddd37          	lui	s10,0xc1bdd
    1f7e:	96b2                	add	a3,a3,a2
    P( B, C, D, A,  3, 22, 0xC1BDCEEE );
    1f80:	00c7c733          	xor	a4,a5,a2
    1f84:	eeed0d13          	add	s10,s10,-274 # c1bdceee <_sp+0xa1bd4eee>
    1f88:	9d2e                	add	s10,s10,a1
    1f8a:	8f75                	and	a4,a4,a3
    1f8c:	9d22                	add	s10,s10,s0
    1f8e:	8f3d                	xor	a4,a4,a5
    1f90:	976a                	add	a4,a4,s10
    1f92:	f57c1d37          	lui	s10,0xf57c1
    1f96:	fafd0d13          	add	s10,s10,-81 # f57c0faf <_sp+0xd57b8faf>
    1f9a:	9d72                	add	s10,s10,t3
    1f9c:	60a75713          	ror	a4,a4,0xa
    1fa0:	9736                	add	a4,a4,a3
    P( A, B, C, D,  4,  7, 0xF57C0FAF );
    1fa2:	9d3e                	add	s10,s10,a5
    1fa4:	00d647b3          	xor	a5,a2,a3
    1fa8:	8ff9                	and	a5,a5,a4
    1faa:	8fb1                	xor	a5,a5,a2
    1fac:	97ea                	add	a5,a5,s10
    1fae:	4787cd37          	lui	s10,0x4787c
    1fb2:	62ad0d13          	add	s10,s10,1578 # 4787c62a <_sp+0x2787462a>
    1fb6:	9d52                	add	s10,s10,s4
    1fb8:	6197d793          	ror	a5,a5,0x19
    1fbc:	97ba                	add	a5,a5,a4
    P( D, A, B, C,  5, 12, 0x4787C62A );
    1fbe:	9d32                	add	s10,s10,a2
    1fc0:	00e6c633          	xor	a2,a3,a4
    1fc4:	8e7d                	and	a2,a2,a5
    1fc6:	8e35                	xor	a2,a2,a3
    1fc8:	966a                	add	a2,a2,s10
    1fca:	a8304d37          	lui	s10,0xa8304
    1fce:	613d0d13          	add	s10,s10,1555 # a8304613 <_sp+0x882fc613>
    1fd2:	9d7a                	add	s10,s10,t5
    1fd4:	61465613          	ror	a2,a2,0x14
    1fd8:	963e                	add	a2,a2,a5
    P( C, D, A, B,  6, 17, 0xA8304613 );
    1fda:	9d36                	add	s10,s10,a3
    1fdc:	00f746b3          	xor	a3,a4,a5
    1fe0:	8ef1                	and	a3,a3,a2
    1fe2:	8eb9                	xor	a3,a3,a4
    1fe4:	96ea                	add	a3,a3,s10
    1fe6:	fd469d37          	lui	s10,0xfd469
    1fea:	501d0d13          	add	s10,s10,1281 # fd469501 <_sp+0xdd461501>
    1fee:	9d5a                	add	s10,s10,s6
    1ff0:	60f6d693          	ror	a3,a3,0xf
    1ff4:	96b2                	add	a3,a3,a2
    P( B, C, D, A,  7, 22, 0xFD469501 );
    1ff6:	9d3a                	add	s10,s10,a4
    1ff8:	00c7c733          	xor	a4,a5,a2
    1ffc:	8f75                	and	a4,a4,a3
    1ffe:	8f3d                	xor	a4,a4,a5
    2000:	976a                	add	a4,a4,s10
    2002:	6980ad37          	lui	s10,0x6980a
    2006:	8d8d0d13          	add	s10,s10,-1832 # 698098d8 <_sp+0x498018d8>
    200a:	9d7e                	add	s10,s10,t6
    200c:	60a75713          	ror	a4,a4,0xa
    2010:	9736                	add	a4,a4,a3
    P( A, B, C, D,  8,  7, 0x698098D8 );
    2012:	9d3e                	add	s10,s10,a5
    2014:	00d647b3          	xor	a5,a2,a3
    2018:	8ff9                	and	a5,a5,a4
    201a:	8fb1                	xor	a5,a5,a2
    201c:	97ea                	add	a5,a5,s10
    201e:	8b44fd37          	lui	s10,0x8b44f
    2022:	7afd0d13          	add	s10,s10,1967 # 8b44f7af <_sp+0x6b4477af>
    2026:	9d42                	add	s10,s10,a6
    2028:	6197d793          	ror	a5,a5,0x19
    202c:	97ba                	add	a5,a5,a4
    P( D, A, B, C,  9, 12, 0x8B44F7AF );
    202e:	9d32                	add	s10,s10,a2
    2030:	00e6c633          	xor	a2,a3,a4
    2034:	8e7d                	and	a2,a2,a5
    2036:	8e35                	xor	a2,a2,a3
    2038:	966a                	add	a2,a2,s10
    203a:	7d59                	lui	s10,0xffff6
    203c:	bb1d0d13          	add	s10,s10,-1103 # ffff5bb1 <_sp+0xdffedbb1>
    2040:	9d1e                	add	s10,s10,t2
    2042:	61465613          	ror	a2,a2,0x14
    2046:	963e                	add	a2,a2,a5
    P( C, D, A, B, 10, 17, 0xFFFF5BB1 );
    2048:	9d36                	add	s10,s10,a3
    204a:	00f746b3          	xor	a3,a4,a5
    204e:	8ef1                	and	a3,a3,a2
    2050:	8eb9                	xor	a3,a3,a4
    2052:	96ea                	add	a3,a3,s10
    2054:	895cdd37          	lui	s10,0x895cd
    2058:	7bed0d13          	add	s10,s10,1982 # 895cd7be <_sp+0x695c57be>
    205c:	9d1a                	add	s10,s10,t1
    205e:	60f6d693          	ror	a3,a3,0xf
    2062:	96b2                	add	a3,a3,a2
    P( B, C, D, A, 11, 22, 0x895CD7BE );
    2064:	9d3a                	add	s10,s10,a4
    2066:	00c7c733          	xor	a4,a5,a2
    206a:	8f75                	and	a4,a4,a3
    206c:	8f3d                	xor	a4,a4,a5
    206e:	976a                	add	a4,a4,s10
    2070:	6b901d37          	lui	s10,0x6b901
    2074:	122d0d13          	add	s10,s10,290 # 6b901122 <_sp+0x4b8f9122>
    2078:	9d26                	add	s10,s10,s1
    207a:	60a75713          	ror	a4,a4,0xa
    207e:	9736                	add	a4,a4,a3
    P( A, B, C, D, 12,  7, 0x6B901122 );
    2080:	9d3e                	add	s10,s10,a5
    2082:	00d647b3          	xor	a5,a2,a3
    2086:	8ff9                	and	a5,a5,a4
    2088:	8fb1                	xor	a5,a5,a2
    208a:	97ea                	add	a5,a5,s10
    208c:	fd987d37          	lui	s10,0xfd987
    2090:	193d0d13          	add	s10,s10,403 # fd987193 <_sp+0xdd97f193>
    2094:	9d76                	add	s10,s10,t4
    2096:	6197d793          	ror	a5,a5,0x19
    209a:	97ba                	add	a5,a5,a4
    P( D, A, B, C, 13, 12, 0xFD987193 );
    209c:	9d32                	add	s10,s10,a2
    209e:	00e6c633          	xor	a2,a3,a4
    20a2:	8e7d                	and	a2,a2,a5
    20a4:	8e35                	xor	a2,a2,a3
    20a6:	966a                	add	a2,a2,s10
    20a8:	a6794d37          	lui	s10,0xa6794
    20ac:	38ed0d13          	add	s10,s10,910 # a679438e <_sp+0x8678c38e>
    20b0:	9d56                	add	s10,s10,s5
    20b2:	61465613          	ror	a2,a2,0x14
    20b6:	963e                	add	a2,a2,a5
    P( C, D, A, B, 14, 17, 0xA679438E );
    20b8:	9d36                	add	s10,s10,a3
    20ba:	00f746b3          	xor	a3,a4,a5
    20be:	8ef1                	and	a3,a3,a2
    20c0:	8eb9                	xor	a3,a3,a4
    20c2:	96ea                	add	a3,a3,s10
    20c4:	49b41d37          	lui	s10,0x49b41
    20c8:	821d0d13          	add	s10,s10,-2015 # 49b40821 <_sp+0x29b38821>
    20cc:	9d66                	add	s10,s10,s9
    20ce:	60f6d693          	ror	a3,a3,0xf
    20d2:	96b2                	add	a3,a3,a2
    P( B, C, D, A, 15, 22, 0x49B40821 );
    20d4:	9d3a                	add	s10,s10,a4
    20d6:	00c7c733          	xor	a4,a5,a2
    20da:	8f75                	and	a4,a4,a3
    20dc:	8f3d                	xor	a4,a4,a5
    20de:	976a                	add	a4,a4,s10
    20e0:	f61e2d37          	lui	s10,0xf61e2
    20e4:	60a75713          	ror	a4,a4,0xa
    20e8:	562d0d13          	add	s10,s10,1378 # f61e2562 <_sp+0xd61da562>
    20ec:	9736                	add	a4,a4,a3

#undef F

#define F(x,y,z) (y ^ (z & (x ^ y)))

    P( A, B, C, D,  1,  5, 0xF61E2562 );
    20ee:	9d16                	add	s10,s10,t0
    20f0:	9d3e                	add	s10,s10,a5
    20f2:	00e6c7b3          	xor	a5,a3,a4
    20f6:	8ff1                	and	a5,a5,a2
    20f8:	8fb5                	xor	a5,a5,a3
    20fa:	97ea                	add	a5,a5,s10
    20fc:	c040bd37          	lui	s10,0xc040b
    2100:	61b7d793          	ror	a5,a5,0x1b
    2104:	340d0d13          	add	s10,s10,832 # c040b340 <_sp+0xa0403340>
    2108:	97ba                	add	a5,a5,a4
    P( D, A, B, C,  6,  9, 0xC040B340 );
    210a:	9d7a                	add	s10,s10,t5
    210c:	9d32                	add	s10,s10,a2
    210e:	00f74633          	xor	a2,a4,a5
    2112:	8e75                	and	a2,a2,a3
    2114:	8e39                	xor	a2,a2,a4
    2116:	966a                	add	a2,a2,s10
    2118:	265e6d37          	lui	s10,0x265e6
    211c:	61765613          	ror	a2,a2,0x17
    2120:	a51d0d13          	add	s10,s10,-1455 # 265e5a51 <_sp+0x65dda51>
    2124:	963e                	add	a2,a2,a5
    P( C, D, A, B, 11, 14, 0x265E5A51 );
    2126:	9d1a                	add	s10,s10,t1
    2128:	9d36                	add	s10,s10,a3
    212a:	00c7c6b3          	xor	a3,a5,a2
    212e:	8ef9                	and	a3,a3,a4
    2130:	8ebd                	xor	a3,a3,a5
    2132:	96ea                	add	a3,a3,s10
    2134:	e9b6cd37          	lui	s10,0xe9b6c
    2138:	6126d693          	ror	a3,a3,0x12
    213c:	7aad0d13          	add	s10,s10,1962 # e9b6c7aa <_sp+0xc9b647aa>
    2140:	96b2                	add	a3,a3,a2
    P( B, C, D, A,  0, 20, 0xE9B6C7AA );
    2142:	9d5e                	add	s10,s10,s7
    2144:	9d3a                	add	s10,s10,a4
    2146:	00d64733          	xor	a4,a2,a3
    214a:	8f7d                	and	a4,a4,a5
    214c:	8f31                	xor	a4,a4,a2
    214e:	976a                	add	a4,a4,s10
    2150:	d62f1d37          	lui	s10,0xd62f1
    2154:	60c75713          	ror	a4,a4,0xc
    2158:	05dd0d13          	add	s10,s10,93 # d62f105d <_sp+0xb62e905d>
    215c:	9736                	add	a4,a4,a3
    P( A, B, C, D,  5,  5, 0xD62F105D );
    215e:	9d52                	add	s10,s10,s4
    2160:	9d3e                	add	s10,s10,a5
    2162:	00e6c7b3          	xor	a5,a3,a4
    2166:	8ff1                	and	a5,a5,a2
    2168:	8fb5                	xor	a5,a5,a3
    216a:	97ea                	add	a5,a5,s10
    216c:	02441d37          	lui	s10,0x2441
    2170:	61b7d793          	ror	a5,a5,0x1b
    2174:	453d0d13          	add	s10,s10,1107 # 2441453 <_data_lma+0x2439cdb>
    2178:	97ba                	add	a5,a5,a4
    P( D, A, B, C, 10,  9, 0x02441453 );
    217a:	9d1e                	add	s10,s10,t2
    217c:	9d32                	add	s10,s10,a2
    217e:	00f74633          	xor	a2,a4,a5
    2182:	8e75                	and	a2,a2,a3
    2184:	8e39                	xor	a2,a2,a4
    2186:	966a                	add	a2,a2,s10
    2188:	d8a1ed37          	lui	s10,0xd8a1e
    218c:	61765613          	ror	a2,a2,0x17
    2190:	681d0d13          	add	s10,s10,1665 # d8a1e681 <_sp+0xb8a16681>
    2194:	963e                	add	a2,a2,a5
    P( C, D, A, B, 15, 14, 0xD8A1E681 );
    2196:	9d66                	add	s10,s10,s9
    2198:	9d36                	add	s10,s10,a3
    219a:	00c7c6b3          	xor	a3,a5,a2
    219e:	8ef9                	and	a3,a3,a4
    21a0:	8ebd                	xor	a3,a3,a5
    21a2:	96ea                	add	a3,a3,s10
    21a4:	e7d40d37          	lui	s10,0xe7d40
    21a8:	6126d693          	ror	a3,a3,0x12
    21ac:	bc8d0d13          	add	s10,s10,-1080 # e7d3fbc8 <_sp+0xc7d37bc8>
    21b0:	96b2                	add	a3,a3,a2
    P( B, C, D, A,  4, 20, 0xE7D3FBC8 );
    21b2:	9d72                	add	s10,s10,t3
    21b4:	9d3a                	add	s10,s10,a4
    21b6:	00d64733          	xor	a4,a2,a3
    21ba:	8f7d                	and	a4,a4,a5
    21bc:	8f31                	xor	a4,a4,a2
    21be:	976a                	add	a4,a4,s10
    21c0:	21e1dd37          	lui	s10,0x21e1d
    21c4:	60c75713          	ror	a4,a4,0xc
    21c8:	de6d0d13          	add	s10,s10,-538 # 21e1cde6 <_sp+0x1e14de6>
    21cc:	9736                	add	a4,a4,a3
    P( A, B, C, D,  9,  5, 0x21E1CDE6 );
    21ce:	9d42                	add	s10,s10,a6
    21d0:	9d3e                	add	s10,s10,a5
    21d2:	00e6c7b3          	xor	a5,a3,a4
    21d6:	8ff1                	and	a5,a5,a2
    21d8:	8fb5                	xor	a5,a5,a3
    21da:	97ea                	add	a5,a5,s10
    21dc:	c3370d37          	lui	s10,0xc3370
    21e0:	61b7d793          	ror	a5,a5,0x1b
    21e4:	7d6d0d13          	add	s10,s10,2006 # c33707d6 <_sp+0xa33687d6>
    21e8:	97ba                	add	a5,a5,a4
    P( D, A, B, C, 14,  9, 0xC33707D6 );
    21ea:	9d56                	add	s10,s10,s5
    21ec:	9d32                	add	s10,s10,a2
    21ee:	00f74633          	xor	a2,a4,a5
    21f2:	8e75                	and	a2,a2,a3
    21f4:	8e39                	xor	a2,a2,a4
    21f6:	966a                	add	a2,a2,s10
    21f8:	f4d51d37          	lui	s10,0xf4d51
    21fc:	61765613          	ror	a2,a2,0x17
    2200:	d87d0d13          	add	s10,s10,-633 # f4d50d87 <_sp+0xd4d48d87>
    2204:	963e                	add	a2,a2,a5
    P( C, D, A, B,  3, 14, 0xF4D50D87 );
    2206:	9d22                	add	s10,s10,s0
    2208:	9d36                	add	s10,s10,a3
    220a:	00c7c6b3          	xor	a3,a5,a2
    220e:	8ef9                	and	a3,a3,a4
    2210:	8ebd                	xor	a3,a3,a5
    2212:	96ea                	add	a3,a3,s10
    2214:	455a1d37          	lui	s10,0x455a1
    2218:	6126d693          	ror	a3,a3,0x12
    221c:	4edd0d13          	add	s10,s10,1261 # 455a14ed <_sp+0x255994ed>
    2220:	96b2                	add	a3,a3,a2
    P( B, C, D, A,  8, 20, 0x455A14ED );
    2222:	9d7e                	add	s10,s10,t6
    2224:	9d3a                	add	s10,s10,a4
    2226:	00d64733          	xor	a4,a2,a3
    222a:	8f7d                	and	a4,a4,a5
    222c:	8f31                	xor	a4,a4,a2
    222e:	976a                	add	a4,a4,s10
    2230:	a9e3fd37          	lui	s10,0xa9e3f
    2234:	60c75713          	ror	a4,a4,0xc
    2238:	905d0d13          	add	s10,s10,-1787 # a9e3e905 <_sp+0x89e36905>
    223c:	9736                	add	a4,a4,a3
    P( A, B, C, D, 13,  5, 0xA9E3E905 );
    223e:	9d76                	add	s10,s10,t4
    2240:	9d3e                	add	s10,s10,a5
    2242:	00e6c7b3          	xor	a5,a3,a4
    2246:	8ff1                	and	a5,a5,a2
    2248:	8fb5                	xor	a5,a5,a3
    224a:	97ea                	add	a5,a5,s10
    224c:	fcefad37          	lui	s10,0xfcefa
    2250:	61b7d793          	ror	a5,a5,0x1b
    2254:	3f8d0d13          	add	s10,s10,1016 # fcefa3f8 <_sp+0xdcef23f8>
    2258:	97ba                	add	a5,a5,a4
    P( D, A, B, C,  2,  9, 0xFCEFA3F8 );
    225a:	9d46                	add	s10,s10,a7
    225c:	9d32                	add	s10,s10,a2
    225e:	00f74633          	xor	a2,a4,a5
    2262:	8e75                	and	a2,a2,a3
    2264:	8e39                	xor	a2,a2,a4
    2266:	966a                	add	a2,a2,s10
    2268:	676f0d37          	lui	s10,0x676f0
    226c:	61765613          	ror	a2,a2,0x17
    2270:	2d9d0d13          	add	s10,s10,729 # 676f02d9 <_sp+0x476e82d9>
    2274:	963e                	add	a2,a2,a5
    P( C, D, A, B,  7, 14, 0x676F02D9 );
    2276:	9d5a                	add	s10,s10,s6
    2278:	9d36                	add	s10,s10,a3
    227a:	00c7c6b3          	xor	a3,a5,a2
    227e:	8ef9                	and	a3,a3,a4
    2280:	8ebd                	xor	a3,a3,a5
    2282:	96ea                	add	a3,a3,s10
    2284:	6126d693          	ror	a3,a3,0x12
    2288:	8d2a5db7          	lui	s11,0x8d2a5
    228c:	96b2                	add	a3,a3,a2
    P( B, C, D, A, 12, 20, 0x8D2A4C8A );
    228e:	c8ad8d93          	add	s11,s11,-886 # 8d2a4c8a <_sp+0x6d29cc8a>
    2292:	00d64d33          	xor	s10,a2,a3
    2296:	9da6                	add	s11,s11,s1
    2298:	9dba                	add	s11,s11,a4
    229a:	00fd7733          	and	a4,s10,a5
    229e:	8f31                	xor	a4,a4,a2
    22a0:	976e                	add	a4,a4,s11
    22a2:	fffa4db7          	lui	s11,0xfffa4
    22a6:	60c75713          	ror	a4,a4,0xc
    22aa:	942d8d93          	add	s11,s11,-1726 # fffa3942 <_sp+0xdff9b942>
    22ae:	9736                	add	a4,a4,a3

#undef F

#define F(x,y,z) (x ^ y ^ z)

    P( A, B, C, D,  5,  4, 0xFFFA3942 );
    22b0:	9dd2                	add	s11,s11,s4
    22b2:	9dbe                	add	s11,s11,a5
    22b4:	00ed47b3          	xor	a5,s10,a4
    22b8:	8771fd37          	lui	s10,0x8771f
    22bc:	97ee                	add	a5,a5,s11
    22be:	681d0d13          	add	s10,s10,1665 # 8771f681 <_sp+0x67717681>
    22c2:	9d7e                	add	s10,s10,t6
    22c4:	61c7d793          	ror	a5,a5,0x1c
    22c8:	97ba                	add	a5,a5,a4
    P( D, A, B, C,  8, 11, 0x8771F681 );
    22ca:	966a                	add	a2,a2,s10
    22cc:	00e6cd33          	xor	s10,a3,a4
    22d0:	00fd4d33          	xor	s10,s10,a5
    22d4:	9d32                	add	s10,s10,a2
    22d6:	6d9d6637          	lui	a2,0x6d9d6
    22da:	12260613          	add	a2,a2,290 # 6d9d6122 <_sp+0x4d9ce122>
    22de:	961a                	add	a2,a2,t1
    22e0:	615d5d13          	ror	s10,s10,0x15
    22e4:	9d3e                	add	s10,s10,a5
    P( C, D, A, B, 11, 16, 0x6D9D6122 );
    22e6:	96b2                	add	a3,a3,a2
    22e8:	00f74633          	xor	a2,a4,a5
    22ec:	01a64633          	xor	a2,a2,s10
    22f0:	9636                	add	a2,a2,a3
    22f2:	fde546b7          	lui	a3,0xfde54
    22f6:	80c68693          	add	a3,a3,-2036 # fde5380c <_sp+0xdde4b80c>
    22fa:	96d6                	add	a3,a3,s5
    22fc:	61065613          	ror	a2,a2,0x10
    2300:	966a                	add	a2,a2,s10
    P( B, C, D, A, 14, 23, 0xFDE5380C );
    2302:	9736                	add	a4,a4,a3
    2304:	01a7c6b3          	xor	a3,a5,s10
    2308:	8eb1                	xor	a3,a3,a2
    230a:	96ba                	add	a3,a3,a4
    230c:	a4bef737          	lui	a4,0xa4bef
    2310:	6096d693          	ror	a3,a3,0x9
    2314:	a4470713          	add	a4,a4,-1468 # a4beea44 <_sp+0x84be6a44>
    2318:	96b2                	add	a3,a3,a2
    P( A, B, C, D,  1,  4, 0xA4BEEA44 );
    231a:	9716                	add	a4,a4,t0
    231c:	00cd4db3          	xor	s11,s10,a2
    2320:	97ba                	add	a5,a5,a4
    2322:	00ddcdb3          	xor	s11,s11,a3
    2326:	9dbe                	add	s11,s11,a5
    2328:	4bded7b7          	lui	a5,0x4bded
    232c:	61cddd93          	ror	s11,s11,0x1c
    2330:	fa978793          	add	a5,a5,-87 # 4bdecfa9 <_sp+0x2bde4fa9>
    2334:	9db6                	add	s11,s11,a3
    P( D, A, B, C,  4, 11, 0x4BDECFA9 );
    2336:	00d64733          	xor	a4,a2,a3
    233a:	97f2                	add	a5,a5,t3
    233c:	97ea                	add	a5,a5,s10
    233e:	01b74733          	xor	a4,a4,s11
    2342:	973e                	add	a4,a4,a5
    2344:	f6bb57b7          	lui	a5,0xf6bb5
    2348:	b6078793          	add	a5,a5,-1184 # f6bb4b60 <_sp+0xd6bacb60>
    234c:	97da                	add	a5,a5,s6
    234e:	61575713          	ror	a4,a4,0x15
    2352:	976e                	add	a4,a4,s11
    P( C, D, A, B,  7, 16, 0xF6BB4B60 );
    2354:	963e                	add	a2,a2,a5
    2356:	01b6c7b3          	xor	a5,a3,s11
    235a:	8fb9                	xor	a5,a5,a4
    235c:	97b2                	add	a5,a5,a2
    235e:	bebfc637          	lui	a2,0xbebfc
    2362:	c7060613          	add	a2,a2,-912 # bebfbc70 <_sp+0x9ebf3c70>
    2366:	961e                	add	a2,a2,t2
    2368:	6107d793          	ror	a5,a5,0x10
    236c:	97ba                	add	a5,a5,a4
    P( B, C, D, A, 10, 23, 0xBEBFBC70 );
    236e:	96b2                	add	a3,a3,a2
    2370:	00edc633          	xor	a2,s11,a4
    2374:	8e3d                	xor	a2,a2,a5
    2376:	9636                	add	a2,a2,a3
    2378:	289b8d37          	lui	s10,0x289b8
    237c:	60965613          	ror	a2,a2,0x9
    2380:	ec6d0d13          	add	s10,s10,-314 # 289b7ec6 <_sp+0x89afec6>
    2384:	963e                	add	a2,a2,a5
    P( A, B, C, D, 13,  4, 0x289B7EC6 );
    2386:	00f746b3          	xor	a3,a4,a5
    238a:	9d76                	add	s10,s10,t4
    238c:	9d6e                	add	s10,s10,s11
    238e:	8eb1                	xor	a3,a3,a2
    2390:	96ea                	add	a3,a3,s10
    2392:	eaa12d37          	lui	s10,0xeaa12
    2396:	7fad0d13          	add	s10,s10,2042 # eaa127fa <_sp+0xcaa0a7fa>
    239a:	9d5e                	add	s10,s10,s7
    239c:	61c6d693          	ror	a3,a3,0x1c
    23a0:	96b2                	add	a3,a3,a2
    P( D, A, B, C,  0, 11, 0xEAA127FA );
    23a2:	9d3a                	add	s10,s10,a4
    23a4:	00c7c733          	xor	a4,a5,a2
    23a8:	8f35                	xor	a4,a4,a3
    23aa:	976a                	add	a4,a4,s10
    23ac:	d4ef3d37          	lui	s10,0xd4ef3
    23b0:	085d0d13          	add	s10,s10,133 # d4ef3085 <_sp+0xb4eeb085>
    23b4:	9d22                	add	s10,s10,s0
    23b6:	61575713          	ror	a4,a4,0x15
    23ba:	9736                	add	a4,a4,a3
    P( C, D, A, B,  3, 16, 0xD4EF3085 );
    23bc:	97ea                	add	a5,a5,s10
    23be:	00d64d33          	xor	s10,a2,a3
    23c2:	00ed4d33          	xor	s10,s10,a4
    23c6:	9d3e                	add	s10,s10,a5
    23c8:	048827b7          	lui	a5,0x4882
    23cc:	d0578793          	add	a5,a5,-763 # 4881d05 <_data_lma+0x487a58d>
    23d0:	97fa                	add	a5,a5,t5
    23d2:	610d5d13          	ror	s10,s10,0x10
    23d6:	9d3a                	add	s10,s10,a4
    P( B, C, D, A,  6, 23, 0x04881D05 );
    23d8:	963e                	add	a2,a2,a5
    23da:	00e6c7b3          	xor	a5,a3,a4
    23de:	01a7c7b3          	xor	a5,a5,s10
    23e2:	97b2                	add	a5,a5,a2
    23e4:	d9d4d637          	lui	a2,0xd9d4d
    23e8:	03960613          	add	a2,a2,57 # d9d4d039 <_sp+0xb9d45039>
    23ec:	9642                	add	a2,a2,a6
    23ee:	6097d793          	ror	a5,a5,0x9
    23f2:	97ea                	add	a5,a5,s10
    P( A, B, C, D,  9,  4, 0xD9D4D039 );
    23f4:	9636                	add	a2,a2,a3
    23f6:	01a746b3          	xor	a3,a4,s10
    23fa:	8ebd                	xor	a3,a3,a5
    23fc:	96b2                	add	a3,a3,a2
    23fe:	e6dba637          	lui	a2,0xe6dba
    2402:	9e560613          	add	a2,a2,-1563 # e6db99e5 <_sp+0xc6db19e5>
    2406:	9626                	add	a2,a2,s1
    2408:	61c6d693          	ror	a3,a3,0x1c
    240c:	96be                	add	a3,a3,a5
    P( D, A, B, C, 12, 11, 0xE6DB99E5 );
    240e:	9732                	add	a4,a4,a2
    2410:	00fd4633          	xor	a2,s10,a5
    2414:	8e35                	xor	a2,a2,a3
    2416:	963a                	add	a2,a2,a4
    2418:	1fa28737          	lui	a4,0x1fa28
    241c:	cf870713          	add	a4,a4,-776 # 1fa27cf8 <_data_lma+0x1fa20580>
    2420:	9766                	add	a4,a4,s9
    2422:	61565613          	ror	a2,a2,0x15
    2426:	9636                	add	a2,a2,a3
    P( C, D, A, B, 15, 16, 0x1FA27CF8 );
    2428:	9d3a                	add	s10,s10,a4
    242a:	00d7c733          	xor	a4,a5,a3
    242e:	8f31                	xor	a4,a4,a2
    2430:	976a                	add	a4,a4,s10
    2432:	c4ac5d37          	lui	s10,0xc4ac5
    2436:	665d0d13          	add	s10,s10,1637 # c4ac5665 <_sp+0xa4abd665>
    243a:	9d46                	add	s10,s10,a7
    243c:	61075713          	ror	a4,a4,0x10
    2440:	9732                	add	a4,a4,a2
    P( B, C, D, A,  2, 23, 0xC4AC5665 );
    2442:	9d3e                	add	s10,s10,a5
    2444:	00c6c7b3          	xor	a5,a3,a2
    2448:	8fb9                	xor	a5,a5,a4
    244a:	97ea                	add	a5,a5,s10
    244c:	f4292d37          	lui	s10,0xf4292
    2450:	244d0d13          	add	s10,s10,580 # f4292244 <_sp+0xd428a244>
    2454:	6097d793          	ror	a5,a5,0x9
    2458:	97ba                	add	a5,a5,a4

#undef F

#define F(x,y,z) (y ^ (x | ~z))

    P( A, B, C, D,  0,  6, 0xF4292244 );
    245a:	9bea                	add	s7,s7,s10
    245c:	9bb6                	add	s7,s7,a3
    245e:	40c7e6b3          	orn	a3,a5,a2
    2462:	8eb9                	xor	a3,a3,a4
    2464:	9bb6                	add	s7,s7,a3
    2466:	432b06b7          	lui	a3,0x432b0
    246a:	f9768693          	add	a3,a3,-105 # 432aff97 <_sp+0x232a7f97>
    246e:	61abdb93          	ror	s7,s7,0x1a
    2472:	9bbe                	add	s7,s7,a5
    P( D, A, B, C,  7, 10, 0x432AFF97 );
    2474:	9b36                	add	s6,s6,a3
    2476:	9b32                	add	s6,s6,a2
    2478:	40ebe633          	orn	a2,s7,a4
    247c:	8e3d                	xor	a2,a2,a5
    247e:	965a                	add	a2,a2,s6
    2480:	61665613          	ror	a2,a2,0x16
    2484:	ab9426b7          	lui	a3,0xab942
    2488:	965e                	add	a2,a2,s7
    P( C, D, A, B, 14, 15, 0xAB9423A7 );
    248a:	3a768693          	add	a3,a3,935 # ab9423a7 <_sp+0x8b93a3a7>
    248e:	9ab6                	add	s5,s5,a3
    2490:	40f666b3          	orn	a3,a2,a5
    2494:	9aba                	add	s5,s5,a4
    2496:	0176c6b3          	xor	a3,a3,s7
    249a:	96d6                	add	a3,a3,s5
    249c:	6116d693          	ror	a3,a3,0x11
    24a0:	fc93a737          	lui	a4,0xfc93a
    24a4:	96b2                	add	a3,a3,a2
    P( B, C, D, A,  5, 21, 0xFC93A039 );
    24a6:	03970713          	add	a4,a4,57 # fc93a039 <_sp+0xdc932039>
    24aa:	9a3a                	add	s4,s4,a4
    24ac:	4176e733          	orn	a4,a3,s7
    24b0:	9a3e                	add	s4,s4,a5
    24b2:	8f31                	xor	a4,a4,a2
    24b4:	9752                	add	a4,a4,s4
    24b6:	60b75713          	ror	a4,a4,0xb
    24ba:	655b67b7          	lui	a5,0x655b6
    24be:	9736                	add	a4,a4,a3
    P( A, B, C, D, 12,  6, 0x655B59C3 );
    24c0:	9c378793          	add	a5,a5,-1597 # 655b59c3 <_sp+0x455ad9c3>
    24c4:	94be                	add	s1,s1,a5
    24c6:	40c767b3          	orn	a5,a4,a2
    24ca:	94de                	add	s1,s1,s7
    24cc:	8fb5                	xor	a5,a5,a3
    24ce:	97a6                	add	a5,a5,s1
    24d0:	8f0cd4b7          	lui	s1,0x8f0cd
    24d4:	c9248493          	add	s1,s1,-878 # 8f0ccc92 <_sp+0x6f0c4c92>
    24d8:	61a7d793          	ror	a5,a5,0x1a
    24dc:	97ba                	add	a5,a5,a4
    P( D, A, B, C,  3, 10, 0x8F0CCC92 );
    24de:	9426                	add	s0,s0,s1
    24e0:	9432                	add	s0,s0,a2
    24e2:	40d7e633          	orn	a2,a5,a3
    24e6:	8e39                	xor	a2,a2,a4
    24e8:	9622                	add	a2,a2,s0
    24ea:	ffeff437          	lui	s0,0xffeff
    24ee:	47d40413          	add	s0,s0,1149 # ffeff47d <_sp+0xdfef747d>
    24f2:	61665613          	ror	a2,a2,0x16
    24f6:	963e                	add	a2,a2,a5
    P( C, D, A, B, 10, 15, 0xFFEFF47D );
    24f8:	93a2                	add	t2,t2,s0
    24fa:	93b6                	add	t2,t2,a3
    24fc:	40e666b3          	orn	a3,a2,a4
    2500:	8ebd                	xor	a3,a3,a5
    2502:	969e                	add	a3,a3,t2
    2504:	858463b7          	lui	t2,0x85846
    2508:	6116d693          	ror	a3,a3,0x11
    250c:	dd138393          	add	t2,t2,-559 # 85845dd1 <_sp+0x6583ddd1>
    2510:	96b2                	add	a3,a3,a2
    P( B, C, D, A,  1, 21, 0x85845DD1 );
    2512:	929e                	add	t0,t0,t2
    2514:	92ba                	add	t0,t0,a4
    2516:	40f6e733          	orn	a4,a3,a5
    251a:	8f31                	xor	a4,a4,a2
    251c:	9716                	add	a4,a4,t0
    251e:	6fa882b7          	lui	t0,0x6fa88
    2522:	60b75713          	ror	a4,a4,0xb
    2526:	e4f28293          	add	t0,t0,-433 # 6fa87e4f <_sp+0x4fa7fe4f>
    252a:	9736                	add	a4,a4,a3
    P( A, B, C, D,  8,  6, 0x6FA87E4F );
    252c:	9f96                	add	t6,t6,t0
    252e:	9fbe                	add	t6,t6,a5
    2530:	40c767b3          	orn	a5,a4,a2
    2534:	8fb5                	xor	a5,a5,a3
    2536:	97fe                	add	a5,a5,t6
    2538:	fe2cefb7          	lui	t6,0xfe2ce
    253c:	6e0f8f93          	add	t6,t6,1760 # fe2ce6e0 <_sp+0xde2c66e0>
    2540:	61a7d793          	ror	a5,a5,0x1a
    2544:	97ba                	add	a5,a5,a4
    P( D, A, B, C, 15, 10, 0xFE2CE6E0 );
    2546:	9cfe                	add	s9,s9,t6
    2548:	9cb2                	add	s9,s9,a2
    254a:	40d7e633          	orn	a2,a5,a3
    254e:	8e39                	xor	a2,a2,a4
    2550:	9666                	add	a2,a2,s9
    2552:	a3014fb7          	lui	t6,0xa3014
    2556:	61665613          	ror	a2,a2,0x16
    255a:	314f8f93          	add	t6,t6,788 # a3014314 <_sp+0x8300c314>
    255e:	963e                	add	a2,a2,a5
    P( C, D, A, B,  6, 15, 0xA3014314 );
    2560:	9f7e                	add	t5,t5,t6
    2562:	9f36                	add	t5,t5,a3
    2564:	40e666b3          	orn	a3,a2,a4
    2568:	8ebd                	xor	a3,a3,a5
    256a:	96fa                	add	a3,a3,t5
    256c:	4e081f37          	lui	t5,0x4e081
    2570:	6116d693          	ror	a3,a3,0x11
    2574:	1a1f0f13          	add	t5,t5,417 # 4e0811a1 <_sp+0x2e0791a1>
    2578:	96b2                	add	a3,a3,a2
    P( B, C, D, A, 13, 21, 0x4E0811A1 );
    257a:	9efa                	add	t4,t4,t5
    257c:	9eba                	add	t4,t4,a4
    257e:	40f6e733          	orn	a4,a3,a5
    2582:	8f31                	xor	a4,a4,a2
    2584:	9776                	add	a4,a4,t4
    2586:	f7538eb7          	lui	t4,0xf7538
    258a:	60b75713          	ror	a4,a4,0xb
    258e:	e82e8e93          	add	t4,t4,-382 # f7537e82 <_sp+0xd752fe82>
    2592:	9736                	add	a4,a4,a3
    P( A, B, C, D,  4,  6, 0xF7537E82 );
    2594:	9e76                	add	t3,t3,t4
    2596:	9e3e                	add	t3,t3,a5
    2598:	40c767b3          	orn	a5,a4,a2
    259c:	8fb5                	xor	a5,a5,a3
    259e:	97f2                	add	a5,a5,t3
    25a0:	bd3afe37          	lui	t3,0xbd3af
    25a4:	61a7d793          	ror	a5,a5,0x1a
    25a8:	235e0e13          	add	t3,t3,565 # bd3af235 <_sp+0x9d3a7235>
    25ac:	97ba                	add	a5,a5,a4
    P( D, A, B, C, 11, 10, 0xBD3AF235 );
    25ae:	9372                	add	t1,t1,t3
    25b0:	9332                	add	t1,t1,a2
    25b2:	40d7e633          	orn	a2,a5,a3
    25b6:	8e39                	xor	a2,a2,a4
    25b8:	961a                	add	a2,a2,t1
    25ba:	2ad7d337          	lui	t1,0x2ad7d
    25be:	61665613          	ror	a2,a2,0x16
    25c2:	2bb30313          	add	t1,t1,699 # 2ad7d2bb <_sp+0xad752bb>
    25c6:	963e                	add	a2,a2,a5
    P( C, D, A, B,  2, 15, 0x2AD7D2BB );
    25c8:	989a                	add	a7,a7,t1
    25ca:	98b6                	add	a7,a7,a3
    25cc:	40e666b3          	orn	a3,a2,a4
    25d0:	8ebd                	xor	a3,a3,a5
    25d2:	96c6                	add	a3,a3,a7
    25d4:	6116d693          	ror	a3,a3,0x11
    25d8:	eb86d8b7          	lui	a7,0xeb86d
    25dc:	96b2                	add	a3,a3,a2
    P( B, C, D, A,  9, 21, 0xEB86D391 );
    25de:	39188893          	add	a7,a7,913 # eb86d391 <_sp+0xcb865391>

#undef F

    ctx->state[0] += A;
    25e2:	9c3e                	add	s8,s8,a5
    25e4:	9846                	add	a6,a6,a7
    P( B, C, D, A,  9, 21, 0xEB86D391 );
    25e6:	40f6e7b3          	orn	a5,a3,a5
    25ea:	983a                	add	a6,a6,a4
    25ec:	8fb1                	xor	a5,a5,a2
    25ee:	97c2                	add	a5,a5,a6
    25f0:	60b7d793          	ror	a5,a5,0xb
    ctx->state[1] += B;
    25f4:	95b6                	add	a1,a1,a3
    ctx->state[2] += C;
    25f6:	9936                	add	s2,s2,a3
    ctx->state[3] += D;
    25f8:	99b2                	add	s3,s3,a2
    ctx->state[1] += B;
    25fa:	97ae                	add	a5,a5,a1
    ctx->state[0] += A;
    25fc:	01852423          	sw	s8,8(a0)
    ctx->state[2] += C;
    2600:	01252823          	sw	s2,16(a0)
    ctx->state[3] += D;
    2604:	01352a23          	sw	s3,20(a0)
    ctx->state[1] += B;
    2608:	c55c                	sw	a5,12(a0)

    return( 0 );
}
    260a:	5432                	lw	s0,44(sp)
    260c:	54a2                	lw	s1,40(sp)
    260e:	5912                	lw	s2,36(sp)
    2610:	5982                	lw	s3,32(sp)
    2612:	4a72                	lw	s4,28(sp)
    2614:	4ae2                	lw	s5,24(sp)
    2616:	4b52                	lw	s6,20(sp)
    2618:	4bc2                	lw	s7,16(sp)
    261a:	4c32                	lw	s8,12(sp)
    261c:	4ca2                	lw	s9,8(sp)
    261e:	4d12                	lw	s10,4(sp)
    2620:	4d82                	lw	s11,0(sp)
    2622:	4501                	li	a0,0
    2624:	6145                	add	sp,sp,48
    2626:	8082                	ret

00002628 <mbedtls_md5_update_ret>:
{
    int ret;
    size_t fill;
    uint32_t left;

    if( ilen == 0 )
    2628:	c25d                	beqz	a2,26ce <mbedtls_md5_update_ret+0xa6>
{
    262a:	7179                	add	sp,sp,-48
        return( 0 );

    left = ctx->total[0] & 0x3F;
    262c:	411c                	lw	a5,0(a0)
{
    262e:	d422                	sw	s0,40(sp)
    2630:	d226                	sw	s1,36(sp)
    2632:	d04a                	sw	s2,32(sp)
    2634:	ce4e                	sw	s3,28(sp)
    2636:	d606                	sw	ra,44(sp)
    2638:	cc52                	sw	s4,24(sp)
    263a:	ca56                	sw	s5,20(sp)
    263c:	00c78733          	add	a4,a5,a2
    fill = 64 - left;

    ctx->total[0] += (uint32_t) ilen;
    2640:	c118                	sw	a4,0(a0)
    2642:	84aa                	mv	s1,a0
    2644:	892e                	mv	s2,a1
    2646:	8432                	mv	s0,a2
    left = ctx->total[0] & 0x3F;
    2648:	03f7f993          	and	s3,a5,63
    ctx->total[0] &= 0xFFFFFFFF;

    if( ctx->total[0] < (uint32_t) ilen )
    264c:	00f77563          	bgeu	a4,a5,2656 <mbedtls_md5_update_ret+0x2e>
        ctx->total[1]++;
    2650:	415c                	lw	a5,4(a0)
    2652:	0785                	add	a5,a5,1
    2654:	c15c                	sw	a5,4(a0)

    if( left && ilen >= fill )
    2656:	02098b63          	beqz	s3,268c <mbedtls_md5_update_ret+0x64>
    fill = 64 - left;
    265a:	04000a13          	li	s4,64
    265e:	413a0a33          	sub	s4,s4,s3
    if( left && ilen >= fill )
    2662:	03446563          	bltu	s0,s4,268c <mbedtls_md5_update_ret+0x64>
    {
        memcpy( (void *) (ctx->buffer + left), input, fill );
    2666:	01848a93          	add	s5,s1,24
    266a:	85ca                	mv	a1,s2
    266c:	8652                	mv	a2,s4
    266e:	013a8533          	add	a0,s5,s3
    2672:	408030ef          	jal	5a7a <memcpy>
        if( ( ret = mbedtls_internal_md5_process( ctx, ctx->buffer ) ) != 0 )
    2676:	85d6                	mv	a1,s5
    2678:	8526                	mv	a0,s1
    267a:	847ff0ef          	jal	1ec0 <mbedtls_internal_md5_process>
    267e:	ed1d                	bnez	a0,26bc <mbedtls_md5_update_ret+0x94>
            return( ret );

        input += fill;
    2680:	01340633          	add	a2,s0,s3
    2684:	9952                	add	s2,s2,s4
        ilen  -= fill;
    2686:	fc060413          	add	s0,a2,-64
        left = 0;
    268a:	4981                	li	s3,0
    268c:	8622                	mv	a2,s0
    268e:	9922                	add	s2,s2,s0
    }

    while( ilen >= 64 )
    2690:	03f00413          	li	s0,63
    2694:	a809                	j	26a6 <mbedtls_md5_update_ret+0x7e>
    {
        if( ( ret = mbedtls_internal_md5_process( ctx, input ) ) != 0 )
    2696:	8526                	mv	a0,s1
    2698:	c632                	sw	a2,12(sp)
    269a:	827ff0ef          	jal	1ec0 <mbedtls_internal_md5_process>
    269e:	ed19                	bnez	a0,26bc <mbedtls_md5_update_ret+0x94>
            return( ret );

        input += 64;
        ilen  -= 64;
    26a0:	4632                	lw	a2,12(sp)
    26a2:	fc060613          	add	a2,a2,-64
    26a6:	40c905b3          	sub	a1,s2,a2
    while( ilen >= 64 )
    26aa:	fec466e3          	bltu	s0,a2,2696 <mbedtls_md5_update_ret+0x6e>
    }

    if( ilen > 0 )
    26ae:	c611                	beqz	a2,26ba <mbedtls_md5_update_ret+0x92>
    {
        memcpy( (void *) (ctx->buffer + left), input, ilen );
    26b0:	01848513          	add	a0,s1,24
    26b4:	954e                	add	a0,a0,s3
    26b6:	3c4030ef          	jal	5a7a <memcpy>
        return( 0 );
    26ba:	4501                	li	a0,0
    }

    return( 0 );
}
    26bc:	50b2                	lw	ra,44(sp)
    26be:	5422                	lw	s0,40(sp)
    26c0:	5492                	lw	s1,36(sp)
    26c2:	5902                	lw	s2,32(sp)
    26c4:	49f2                	lw	s3,28(sp)
    26c6:	4a62                	lw	s4,24(sp)
    26c8:	4ad2                	lw	s5,20(sp)
    26ca:	6145                	add	sp,sp,48
    26cc:	8082                	ret
        return( 0 );
    26ce:	4501                	li	a0,0
}
    26d0:	8082                	ret

000026d2 <mbedtls_md5_finish_ret>:
/*
 * MD5 final digest
 */
int mbedtls_md5_finish_ret( mbedtls_md5_context *ctx,
                            unsigned char output[16] )
{
    26d2:	1141                	add	sp,sp,-16
    uint32_t high, low;

    /*
     * Add padding: 0x80 then 0x00 until 8 bytes remain for the length
     */
    used = ctx->total[0] & 0x3F;
    26d4:	411c                	lw	a5,0(a0)
{
    26d6:	c422                	sw	s0,8(sp)
    used = ctx->total[0] & 0x3F;
    26d8:	03f7f793          	and	a5,a5,63
{
    26dc:	842a                	mv	s0,a0
    26de:	c226                	sw	s1,4(sp)
    26e0:	c04a                	sw	s2,0(sp)
    26e2:	c606                	sw	ra,12(sp)

    ctx->buffer[used++] = 0x80;
    26e4:	00178513          	add	a0,a5,1
    26e8:	f8000713          	li	a4,-128
    26ec:	97a2                	add	a5,a5,s0
    26ee:	00e78c23          	sb	a4,24(a5)

    if( used <= 56 )
    26f2:	03800613          	li	a2,56
{
    26f6:	84ae                	mv	s1,a1
    26f8:	01840913          	add	s2,s0,24
    if( used <= 56 )
    26fc:	0aa66763          	bltu	a2,a0,27aa <mbedtls_md5_finish_ret+0xd8>
    {
        /* Enough room for padding + length in current block */
        memset( ctx->buffer + used, 0, 56 - used );
    2700:	8e09                	sub	a2,a2,a0
    2702:	4581                	li	a1,0
    2704:	954a                	add	a0,a0,s2
        memset( ctx->buffer + used, 0, 64 - used );

        if( ( ret = mbedtls_internal_md5_process( ctx, ctx->buffer ) ) != 0 )
            return( ret );

        memset( ctx->buffer, 0, 56 );
    2706:	2cc030ef          	jal	59d2 <memset>
    }

    /*
     * Add message length
     */
    high = ( ctx->total[0] >> 29 )
    270a:	4018                	lw	a4,0(s0)
         | ( ctx->total[1] <<  3 );
    270c:	405c                	lw	a5,4(s0)
    high = ( ctx->total[0] >> 29 )
    270e:	01d75693          	srl	a3,a4,0x1d
         | ( ctx->total[1] <<  3 );
    2712:	078e                	sll	a5,a5,0x3
    high = ( ctx->total[0] >> 29 )
    2714:	8fd5                	or	a5,a5,a3
    low  = ( ctx->total[0] <<  3 );
    2716:	070e                	sll	a4,a4,0x3

    PUT_UINT32_LE( low,  ctx->buffer, 56 );
    2718:	c838                	sw	a4,80(s0)
    PUT_UINT32_LE( high, ctx->buffer, 60 );
    271a:	c87c                	sw	a5,84(s0)

    if( ( ret = mbedtls_internal_md5_process( ctx, ctx->buffer ) ) != 0 )
    271c:	85ca                	mv	a1,s2
    271e:	8522                	mv	a0,s0
    2720:	fa0ff0ef          	jal	1ec0 <mbedtls_internal_md5_process>
    2724:	ed2d                	bnez	a0,279e <mbedtls_md5_finish_ret+0xcc>
        return( ret );

    /*
     * Output final state
     */
    PUT_UINT32_LE( ctx->state[0], output,  0 );
    2726:	441c                	lw	a5,8(s0)
    2728:	00f48023          	sb	a5,0(s1)
    272c:	441c                	lw	a5,8(s0)
    272e:	83a1                	srl	a5,a5,0x8
    2730:	00f480a3          	sb	a5,1(s1)
    2734:	00a45783          	lhu	a5,10(s0)
    2738:	00f48123          	sb	a5,2(s1)
    273c:	00b44783          	lbu	a5,11(s0)
    2740:	00f481a3          	sb	a5,3(s1)
    PUT_UINT32_LE( ctx->state[1], output,  4 );
    2744:	445c                	lw	a5,12(s0)
    2746:	00f48223          	sb	a5,4(s1)
    274a:	445c                	lw	a5,12(s0)
    274c:	83a1                	srl	a5,a5,0x8
    274e:	00f482a3          	sb	a5,5(s1)
    2752:	00e45783          	lhu	a5,14(s0)
    2756:	00f48323          	sb	a5,6(s1)
    275a:	00f44783          	lbu	a5,15(s0)
    275e:	00f483a3          	sb	a5,7(s1)
    PUT_UINT32_LE( ctx->state[2], output,  8 );
    2762:	481c                	lw	a5,16(s0)
    2764:	00f48423          	sb	a5,8(s1)
    2768:	481c                	lw	a5,16(s0)
    276a:	83a1                	srl	a5,a5,0x8
    276c:	00f484a3          	sb	a5,9(s1)
    2770:	01245783          	lhu	a5,18(s0)
    2774:	00f48523          	sb	a5,10(s1)
    2778:	01344783          	lbu	a5,19(s0)
    277c:	00f485a3          	sb	a5,11(s1)
    PUT_UINT32_LE( ctx->state[3], output, 12 );
    2780:	485c                	lw	a5,20(s0)
    2782:	00f48623          	sb	a5,12(s1)
    2786:	485c                	lw	a5,20(s0)
    2788:	83a1                	srl	a5,a5,0x8
    278a:	00f486a3          	sb	a5,13(s1)
    278e:	01645783          	lhu	a5,22(s0)
    2792:	00f48723          	sb	a5,14(s1)
    2796:	01744783          	lbu	a5,23(s0)
    279a:	00f487a3          	sb	a5,15(s1)

    return( 0 );
}
    279e:	40b2                	lw	ra,12(sp)
    27a0:	4422                	lw	s0,8(sp)
    27a2:	4492                	lw	s1,4(sp)
    27a4:	4902                	lw	s2,0(sp)
    27a6:	0141                	add	sp,sp,16
    27a8:	8082                	ret
        memset( ctx->buffer + used, 0, 64 - used );
    27aa:	04000793          	li	a5,64
    27ae:	00a90733          	add	a4,s2,a0
    27b2:	40a78533          	sub	a0,a5,a0
    27b6:	4791                	li	a5,4
    27b8:	00f56663          	bltu	a0,a5,27c4 <mbedtls_md5_finish_ret+0xf2>
    27bc:	00072023          	sw	zero,0(a4)
    27c0:	1571                	add	a0,a0,-4
    27c2:	973e                	add	a4,a4,a5
    27c4:	4789                	li	a5,2
    27c6:	00f56663          	bltu	a0,a5,27d2 <mbedtls_md5_finish_ret+0x100>
    27ca:	00071023          	sh	zero,0(a4)
    27ce:	1579                	add	a0,a0,-2
    27d0:	973e                	add	a4,a4,a5
    27d2:	c119                	beqz	a0,27d8 <mbedtls_md5_finish_ret+0x106>
    27d4:	00070023          	sb	zero,0(a4)
        if( ( ret = mbedtls_internal_md5_process( ctx, ctx->buffer ) ) != 0 )
    27d8:	85ca                	mv	a1,s2
    27da:	8522                	mv	a0,s0
    27dc:	ee4ff0ef          	jal	1ec0 <mbedtls_internal_md5_process>
    27e0:	fd5d                	bnez	a0,279e <mbedtls_md5_finish_ret+0xcc>
        memset( ctx->buffer, 0, 56 );
    27e2:	03800613          	li	a2,56
    27e6:	4581                	li	a1,0
    27e8:	854a                	mv	a0,s2
    27ea:	bf31                	j	2706 <mbedtls_md5_finish_ret+0x34>

000027ec <mbedtls_md5_ret>:
 * output = MD5( input buffer )
 */
int mbedtls_md5_ret( const unsigned char *input,
                     size_t ilen,
                     unsigned char output[16] )
{
    27ec:	7159                	add	sp,sp,-112
    27ee:	d4a2                	sw	s0,104(sp)
    27f0:	842a                	mv	s0,a0
    int ret;
    mbedtls_md5_context ctx;

    mbedtls_md5_init( &ctx );
    27f2:	0028                	add	a0,sp,8
{
    27f4:	d2a6                	sw	s1,100(sp)
    27f6:	d0ca                	sw	s2,96(sp)
    27f8:	d686                	sw	ra,108(sp)
    27fa:	892e                	mv	s2,a1
    27fc:	84b2                	mv	s1,a2
    mbedtls_md5_init( &ctx );
    27fe:	eb8ff0ef          	jal	1eb6 <mbedtls_md5_init>
    ctx->state[0] = 0x67452301;
    2802:	674527b7          	lui	a5,0x67452
    2806:	30178793          	add	a5,a5,769 # 67452301 <_sp+0x4744a301>
    280a:	c83e                	sw	a5,16(sp)
    ctx->state[1] = 0xEFCDAB89;
    280c:	efcdb7b7          	lui	a5,0xefcdb
    2810:	b8978793          	add	a5,a5,-1143 # efcdab89 <_sp+0xcfcd2b89>
    2814:	ca3e                	sw	a5,20(sp)
    ctx->state[2] = 0x98BADCFE;
    2816:	98bae7b7          	lui	a5,0x98bae
    281a:	cfe78793          	add	a5,a5,-770 # 98badcfe <_sp+0x78ba5cfe>
    281e:	cc3e                	sw	a5,24(sp)
    ctx->state[3] = 0x10325476;
    2820:	103257b7          	lui	a5,0x10325
    2824:	47678793          	add	a5,a5,1142 # 10325476 <_data_lma+0x1031dcfe>

    if( ( ret = mbedtls_md5_starts_ret( &ctx ) ) != 0 )
        goto exit;

    if( ( ret = mbedtls_md5_update_ret( &ctx, input, ilen ) ) != 0 )
    2828:	864a                	mv	a2,s2
    282a:	85a2                	mv	a1,s0
    282c:	0028                	add	a0,sp,8
    ctx->total[0] = 0;
    282e:	c402                	sw	zero,8(sp)
    ctx->total[1] = 0;
    2830:	c602                	sw	zero,12(sp)
    ctx->state[3] = 0x10325476;
    2832:	ce3e                	sw	a5,28(sp)
    if( ( ret = mbedtls_md5_update_ret( &ctx, input, ilen ) ) != 0 )
    2834:	3bd5                	jal	2628 <mbedtls_md5_update_ret>
    2836:	e501                	bnez	a0,283e <mbedtls_md5_ret+0x52>
        goto exit;

    if( ( ret = mbedtls_md5_finish_ret( &ctx, output ) ) != 0 )
    2838:	85a6                	mv	a1,s1
    283a:	0028                	add	a0,sp,8
    283c:	3d59                	jal	26d2 <mbedtls_md5_finish_ret>
    283e:	842a                	mv	s0,a0
    mbedtls_platform_zeroize( ctx, sizeof( mbedtls_md5_context ) );
    2840:	05800593          	li	a1,88
    2844:	0028                	add	a0,sp,8
    2846:	e66ff0ef          	jal	1eac <mbedtls_platform_zeroize>

exit:
    mbedtls_md5_free( &ctx );

    return( ret );
}
    284a:	8522                	mv	a0,s0
    284c:	50b6                	lw	ra,108(sp)
    284e:	5426                	lw	s0,104(sp)
    2850:	5496                	lw	s1,100(sp)
    2852:	5906                	lw	s2,96(sp)
    2854:	6165                	add	sp,sp,112
    2856:	8082                	ret

00002858 <MCMutex_Lock>:
 */
__STATIC_FORCEINLINE uint32_t __AMOSWAP_W(volatile uint32_t *addr, uint32_t newval)
{
    uint32_t result;

    __ASM volatile ("amoswap.w %0, %2, %1" : \
    2858:	4d4357b7          	lui	a5,0x4d435
    285c:	d0178793          	add	a5,a5,-767 # 4d434d01 <_sp+0x2d42cd01>
    2860:	08f5272f          	amoswap.w	a4,a5,(a0)
{
    assert(mc_mutex != NULL);
    uint32_t oldval;
    do {
        oldval = __AMOSWAP_W(mc_mutex, MCMTX_LOCKED_VAL);
    } while (oldval == MCMTX_LOCKED_VAL);
    2864:	fef70ee3          	beq	a4,a5,2860 <MCMutex_Lock+0x8>
    return 0;
}
    2868:	4501                	li	a0,0
    286a:	8082                	ret

0000286c <MCMutex_Unlock>:
    286c:	4d4307b7          	lui	a5,0x4d430
    2870:	08f527af          	amoswap.w	a5,a5,(a0)
{
    assert(mc_mutex != NULL);
    uint32_t oldval = __AMOSWAP_W(mc_mutex, MCMTX_UNLOCKED_VAL);

    //TODO: return error if not locked before or always return 0?
    return (oldval == MCMTX_LOCKED_VAL);
    2874:	b2bcb737          	lui	a4,0xb2bcb
    2878:	2ff70713          	add	a4,a4,767 # b2bcb2ff <_sp+0x92bc32ff>
    287c:	00e78533          	add	a0,a5,a4
    //return 0;
}
    2880:	00153513          	seqz	a0,a0
    2884:	8082                	ret

00002886 <MCMutex_Init>:
///
//-----------------------------------------------------------------------------
int32_t MCMutex_Init(volatile uint32_t *mc_mutex)
{
    assert(mc_mutex != NULL);
    if (mc_mutex == NULL)
    2886:	c511                	beqz	a0,2892 <MCMutex_Init+0xc>
        return -1;
    *mc_mutex = MCMTX_UNLOCKED_VAL;
    2888:	4d4307b7          	lui	a5,0x4d430
    288c:	c11c                	sw	a5,0(a0)
    return 0;
    288e:	4501                	li	a0,0
    2890:	8082                	ret
        return -1;
    2892:	557d                	li	a0,-1
}
    2894:	8082                	ret

00002896 <SystemInit_Copy>:
void SystemInit_Copy(void){
    2896:	1141                	add	sp,sp,-16
    2898:	c606                	sw	ra,12(sp)
    289a:	c422                	sw	s0,8(sp)
    289c:	c226                	sw	s1,4(sp)
    pCpyItem = &__copy_table_start__;
    289e:	db818793          	add	a5,gp,-584 # 200006a0 <__copy_table_start__>
        while (pCpyItem < pCpyEnd) {
    28a2:	db418713          	add	a4,gp,-588 # 2000069c <__copy_table_end__>
    28a6:	00e7ed63          	bltu	a5,a4,28c0 <SystemInit_Copy+0x2a>
    pCpyItem = &__zero_table_start__;
    28aa:	db018413          	add	s0,gp,-592 # 20000698 <__zero_table_start__>
        while (pCpyItem < pCpyEnd) {
    28ae:	dac18793          	add	a5,gp,-596 # 20000694 <__zero_table_end__>
    28b2:	02f46763          	bltu	s0,a5,28e0 <SystemInit_Copy+0x4a>
}
    28b6:	40b2                	lw	ra,12(sp)
    28b8:	4422                	lw	s0,8(sp)
    28ba:	4492                	lw	s1,4(sp)
    28bc:	0141                	add	sp,sp,16
    28be:	8082                	ret
            pSrc = (uint32_t*)(*pCpyItem++);
    28c0:	4394                	lw	a3,0(a5)
            pDst = (uint32_t*)(*pCpyItem++);
    28c2:	43d8                	lw	a4,4(a5)
            pEnd = (uint32_t*)(*pCpyItem++);
    28c4:	07b1                	add	a5,a5,12 # 4d43000c <_sp+0x2d42800c>
            if (pDst != pSrc) {
    28c6:	fcd70ee3          	beq	a4,a3,28a2 <SystemInit_Copy+0xc>
            pEnd = (uint32_t*)(*pCpyItem++);
    28ca:	ffc7a583          	lw	a1,-4(a5)
    28ce:	8e99                	sub	a3,a3,a4
    28d0:	00d70533          	add	a0,a4,a3
                for (;pDst < pEnd;)
    28d4:	fcb777e3          	bgeu	a4,a1,28a2 <SystemInit_Copy+0xc>
                    *pDst++ = *pSrc++;
    28d8:	4108                	lw	a0,0(a0)
    28da:	c308                	sw	a0,0(a4)
    28dc:	0711                	add	a4,a4,4
    28de:	bfcd                	j	28d0 <SystemInit_Copy+0x3a>
            pSrc = (uint32_t*)(*pCpyItem++);
    28e0:	4008                	lw	a0,0(s0)
                *pSrc++ = 0;
    28e2:	ffd50713          	add	a4,a0,-3
            pEnd = (uint32_t*)(*pCpyItem++);
    28e6:	405c                	lw	a5,4(s0)
    28e8:	0421                	add	s0,s0,8
                *pSrc++ = 0;
    28ea:	4601                	li	a2,0
    28ec:	00e7e663          	bltu	a5,a4,28f8 <SystemInit_Copy+0x62>
    28f0:	8f89                	sub	a5,a5,a0
    28f2:	078d                	add	a5,a5,3
    28f4:	ffc7f613          	and	a2,a5,-4
    28f8:	4581                	li	a1,0
    28fa:	0d8030ef          	jal	59d2 <memset>
    28fe:	bf45                	j	28ae <SystemInit_Copy+0x18>

00002900 <Exception_DumpFrame>:
{
    2900:	715d                	add	sp,sp,-80
    2902:	c0ca                	sw	s2,64(sp)
    2904:	de4e                	sw	s3,60(sp)
    2906:	c686                	sw	ra,76(sp)
    2908:	c4a2                	sw	s0,72(sp)
    290a:	c2a6                	sw	s1,68(sp)
    CLOGD("ra: 0x%lx, tp: 0x%lx, t0: 0x%lx, t1: 0x%lx, t2: 0x%lx, t3: 0x%lx, t4: 0x%lx, t5: 0x%lx, t6: 0x%lx\n" \
    290c:	8301a783          	lw	a5,-2000(gp) # 20000118 <cloglvl>
    2910:	498d                	li	s3,3
    2912:	06f9fa63          	bgeu	s3,a5,2986 <Exception_DumpFrame+0x86>
    2916:	84ae                	mv	s1,a1
    2918:	590c                	lw	a1,48(a0)
    291a:	04452883          	lw	a7,68(a0)
    291e:	04052803          	lw	a6,64(a0)
    2922:	491c                	lw	a5,16(a0)
    2924:	4558                	lw	a4,12(a0)
    2926:	4514                	lw	a3,8(a0)
    2928:	4150                	lw	a2,4(a0)
    292a:	d62e                	sw	a1,44(sp)
    292c:	554c                	lw	a1,44(a0)
    292e:	d42e                	sw	a1,40(sp)
    2930:	5d4c                	lw	a1,60(a0)
    2932:	d22e                	sw	a1,36(sp)
    2934:	5d0c                	lw	a1,56(a0)
    2936:	d02e                	sw	a1,32(sp)
    2938:	550c                	lw	a1,40(a0)
    293a:	ce2e                	sw	a1,28(sp)
    293c:	514c                	lw	a1,36(a0)
    293e:	cc2e                	sw	a1,24(sp)
    2940:	510c                	lw	a1,32(a0)
    2942:	ca2e                	sw	a1,20(sp)
    2944:	4d4c                	lw	a1,28(a0)
    2946:	c82e                	sw	a1,16(sp)
    2948:	4d0c                	lw	a1,24(a0)
    294a:	c62e                	sw	a1,12(sp)
    294c:	494c                	lw	a1,20(a0)
    294e:	c42e                	sw	a1,8(sp)
    2950:	456c                	lw	a1,76(a0)
    2952:	c22e                	sw	a1,4(sp)
    2954:	452c                	lw	a1,72(a0)
    2956:	c02e                	sw	a1,0(sp)
    2958:	842a                	mv	s0,a0
    295a:	410c                	lw	a1,0(a0)
    295c:	95018513          	add	a0,gp,-1712 # 20000238 <memset_func+0xe0>
    2960:	0be010ef          	jal	3a1e <logDbg>
    if (PRV_M == mode) {
    2964:	03349163          	bne	s1,s3,2986 <Exception_DumpFrame+0x86>
        CLOGD("msubm: 0x%lx\n", exc_frame->msubm);
    2968:	8301a783          	lw	a5,-2000(gp) # 20000118 <cloglvl>
    296c:	00f4fd63          	bgeu	s1,a5,2986 <Exception_DumpFrame+0x86>
    2970:	584c                	lw	a1,52(s0)
}
    2972:	4426                	lw	s0,72(sp)
    2974:	40b6                	lw	ra,76(sp)
    2976:	4496                	lw	s1,68(sp)
    2978:	4906                	lw	s2,64(sp)
    297a:	59f2                	lw	s3,60(sp)
        CLOGD("msubm: 0x%lx\n", exc_frame->msubm);
    297c:	a2818513          	add	a0,gp,-1496 # 20000310 <memset_func+0x1b8>
}
    2980:	6161                	add	sp,sp,80
        CLOGD("msubm: 0x%lx\n", exc_frame->msubm);
    2982:	09c0106f          	j	3a1e <logDbg>
}
    2986:	40b6                	lw	ra,76(sp)
    2988:	4426                	lw	s0,72(sp)
    298a:	4496                	lw	s1,68(sp)
    298c:	4906                	lw	s2,64(sp)
    298e:	59f2                	lw	s3,60(sp)
    2990:	6161                	add	sp,sp,80
    2992:	8082                	ret

00002994 <system_default_exception_handler>:
{
    2994:	1141                	add	sp,sp,-16
    2996:	c422                	sw	s0,8(sp)
    2998:	842e                	mv	s0,a1
    CLOG("MCAUSE : 0x%lx\r\n", mcause);
    299a:	85aa                	mv	a1,a0
    299c:	a3c18513          	add	a0,gp,-1476 # 20000324 <memset_func+0x1cc>
{
    29a0:	c606                	sw	ra,12(sp)
    CLOG("MCAUSE : 0x%lx\r\n", mcause);
    29a2:	07c010ef          	jal	3a1e <logDbg>
    CLOG("MDCAUSE: 0x%lx\r\n", __RV_CSR_READ(CSR_MDCAUSE));
    29a6:	7c9025f3          	csrr	a1,mdcause
    29aa:	a5018513          	add	a0,gp,-1456 # 20000338 <memset_func+0x1e0>
    29ae:	070010ef          	jal	3a1e <logDbg>
    CLOG("MEPC   : 0x%lx\r\n", __RV_CSR_READ(CSR_MEPC));
    29b2:	341025f3          	csrr	a1,mepc
    29b6:	a6418513          	add	a0,gp,-1436 # 2000034c <memset_func+0x1f4>
    29ba:	064010ef          	jal	3a1e <logDbg>
    CLOG("MTVAL  : 0x%lx\r\n", __RV_CSR_READ(CSR_MTVAL));
    29be:	343025f3          	csrr	a1,mtval
    29c2:	a7818513          	add	a0,gp,-1416 # 20000360 <memset_func+0x208>
    29c6:	058010ef          	jal	3a1e <logDbg>
    CLOG("HARTID : %u\r\n", (__RV_CSR_READ(CSR_MHARTID) & 0xFF));
    29ca:	f14025f3          	csrr	a1,mhartid
    29ce:	0ff5f593          	zext.b	a1,a1
    29d2:	a8c18513          	add	a0,gp,-1396 # 20000374 <memset_func+0x21c>
    29d6:	048010ef          	jal	3a1e <logDbg>
    Exception_DumpFrame(sp, PRV_M);
    29da:	458d                	li	a1,3
    29dc:	8522                	mv	a0,s0
    29de:	370d                	jal	2900 <Exception_DumpFrame>
    while (1);
    29e0:	a001                	j	29e0 <system_default_exception_handler+0x4c>

000029e2 <core_exception_handler>:
    uint32_t EXCn = (uint32_t)(mcause & 0X00000fff);
    29e2:	6785                	lui	a5,0x1
    if (EXCn < MAX_SYSTEM_EXCEPTION_NUM) {
    29e4:	00455693          	srl	a3,a0,0x4
    uint32_t EXCn = (uint32_t)(mcause & 0X00000fff);
    29e8:	17fd                	add	a5,a5,-1 # fff <SLIP_send_frame_data+0xd>
    if (EXCn < MAX_SYSTEM_EXCEPTION_NUM) {
    29ea:	0ff6f693          	zext.b	a3,a3
    uint32_t EXCn = (uint32_t)(mcause & 0X00000fff);
    29ee:	00f57733          	and	a4,a0,a5
    if (EXCn < MAX_SYSTEM_EXCEPTION_NUM) {
    29f2:	ea89                	bnez	a3,2a04 <core_exception_handler+0x22>
        exc_handler = (EXC_HANDLER)SystemExceptionHandlers[EXCn];
    29f4:	e4818793          	add	a5,gp,-440 # 20000730 <SystemExceptionHandlers>
    29f8:	20f74733          	sh2add	a4,a4,a5
    29fc:	431c                	lw	a5,0(a4)
    if (exc_handler != NULL) {
    29fe:	ef81                	bnez	a5,2a16 <core_exception_handler+0x34>
}
    2a00:	4501                	li	a0,0
    2a02:	8082                	ret
    } else if (EXCn == NMI_EXCn) {
    2a04:	00f71663          	bne	a4,a5,2a10 <core_exception_handler+0x2e>
        exc_handler = (EXC_HANDLER)SystemExceptionHandlers[MAX_SYSTEM_EXCEPTION_NUM];
    2a08:	e4818793          	add	a5,gp,-440 # 20000730 <SystemExceptionHandlers>
    2a0c:	43bc                	lw	a5,64(a5)
    2a0e:	bfc5                	j	29fe <core_exception_handler+0x1c>
        exc_handler = (EXC_HANDLER)system_default_exception_handler;
    2a10:	678d                	lui	a5,0x3
    2a12:	99478793          	add	a5,a5,-1644 # 2994 <system_default_exception_handler>
{
    2a16:	1141                	add	sp,sp,-16
    2a18:	c606                	sw	ra,12(sp)
        exc_handler(mcause, sp);
    2a1a:	9782                	jalr	a5
}
    2a1c:	40b2                	lw	ra,12(sp)
    2a1e:	4501                	li	a0,0
    2a20:	0141                	add	sp,sp,16
    2a22:	8082                	ret

00002a24 <ECLIC_Init>:
    ECLIC->MTH = mth;
    2a24:	e00207b7          	lui	a5,0xe0020
    2a28:	000785a3          	sb	zero,11(a5) # e002000b <_sp+0xc001800b>
    ECLIC->CFG &= ~CLIC_CLICCFG_NLBIT_Msk;
    2a2c:	0007c703          	lbu	a4,0(a5)
    2a30:	0e177713          	and	a4,a4,225
    2a34:	00e78023          	sb	a4,0(a5)
    ECLIC->CFG |= (uint8_t)((nlbits <<CLIC_CLICCFG_NLBIT_Pos) & CLIC_CLICCFG_NLBIT_Msk);
    2a38:	0007c703          	lbu	a4,0(a5)
    2a3c:	00676713          	or	a4,a4,6
    2a40:	00e78023          	sb	a4,0(a5)
}
    2a44:	8082                	ret

00002a46 <_postmain_fini>:
void _postmain_fini(int status)
{
    /* TODO: Add your own finishing code here, called after main */
//    extern void simulation_exit(int status);
//    simulation_exit(status);
}
    2a46:	8082                	ret

00002a48 <_init>:
 * Please use \ref _premain_init function now
 */
void _init(void)
{
    /* Don't put any code here, please use _premain_init now */
}
    2a48:	8082                	ret

00002a4a <_fini>:
 * user need to implement this function, otherwise when link it will
 * error fini.c:(.text.__libc_fini_array+0x28): undefined reference to `_fini'
 * \note
 * Please use \ref _postmain_fini function now
 */
void _fini(void)
    2a4a:	8082                	ret

00002a4c <irq_vectors_init>:
}


void irq_vectors_init(void)
{
    OS_CPU_Vector_Table[SysTimerSW_IRQn] = &eclic_msip_handler;
    2a4c:	f1818793          	add	a5,gp,-232 # 20000800 <OS_CPU_Vector_Table>
    2a50:	00000713          	li	a4,0
    2a54:	c7d8                	sw	a4,12(a5)
    OS_CPU_Vector_Table[SysTimer_IRQn] = &eclic_mtip_handler;
    2a56:	00000713          	li	a4,0
    2a5a:	cfd8                	sw	a4,28(a5)
}
    2a5c:	8082                	ret

00002a5e <SystemInit>:
{
    2a5e:	1141                	add	sp,sp,-16
    2a60:	c606                	sw	ra,12(sp)
    SystemInit_Copy();
    2a62:	3d15                	jal	2896 <SystemInit_Copy>
    SystemCoreClock = SYSTEM_CLOCK;
    2a64:	016e37b7          	lui	a5,0x16e3
    2a68:	60078793          	add	a5,a5,1536 # 16e3600 <_data_lma+0x16dbe88>
    2a6c:	82f1a023          	sw	a5,-2016(gp) # 20000108 <SystemCoreClock>
    __HAL_CRM_MTIME_CLK_ENABLE();
    2a70:	43100737          	lui	a4,0x43100
    2a74:	4f1c                	lw	a5,24(a4)
    2a76:	29379793          	bset	a5,a5,0x13
    2a7a:	cf1c                	sw	a5,24(a4)
}
    2a7c:	40b2                	lw	ra,12(sp)
    2a7e:	0141                	add	sp,sp,16
    irq_vectors_init();
    2a80:	b7f1                	j	2a4c <irq_vectors_init>

00002a82 <register_ISR>:


// Register ISR into Interrupt Vector Table
void register_ISR(uint32_t irq_no, ISR isr, ISR* isr_old)
{
    if (irq_no >= IRQ_MAX)   return;
    2a82:	04400793          	li	a5,68
    2a86:	0ea7e463          	bltu	a5,a0,2b6e <register_ISR+0xec>
 * \sa
 * - \ref ECLIC_GetShvIRQ
 */
__STATIC_FORCEINLINE void __ECLIC_SetShvIRQ(IRQn_Type IRQn, uint32_t shv)
{
    ECLIC->CTRL[IRQn].INTATTR &= ~CLIC_INTATTR_SHV_Msk;
    2a8a:	e00207b7          	lui	a5,0xe0020
    2a8e:	00251693          	sll	a3,a0,0x2
    2a92:	20f54533          	sh2add	a0,a0,a5
    2a96:	6785                	lui	a5,0x1
    2a98:	97aa                	add	a5,a5,a0
    2a9a:	0027c703          	lbu	a4,2(a5) # 1002 <__HEAP_SIZE+0x2>
    2a9e:	0fe77713          	and	a4,a4,254
    2aa2:	00e78123          	sb	a4,2(a5)
    ECLIC->CTRL[IRQn].INTATTR |= (uint8_t)(shv << CLIC_INTATTR_SHV_Pos);
    2aa6:	0027c703          	lbu	a4,2(a5)
    2aaa:	0ff77713          	zext.b	a4,a4
    2aae:	00e78123          	sb	a4,2(a5)
    ECLIC->CTRL[IRQn].INTATTR &= ~CLIC_INTATTR_TRIG_Msk;
    2ab2:	0027c703          	lbu	a4,2(a5)
    2ab6:	0f977713          	and	a4,a4,249
    2aba:	00e78123          	sb	a4,2(a5)
    ECLIC->CTRL[IRQn].INTATTR |= (uint8_t)(trig << CLIC_INTATTR_TRIG_Pos);
    2abe:	0027c703          	lbu	a4,2(a5)
    2ac2:	0ff77713          	zext.b	a4,a4
    2ac6:	00e78123          	sb	a4,2(a5)

    ECLIC_SetShvIRQ(irq_no, ECLIC_NON_VECTOR_INTERRUPT);
    /* set interrupt trigger mode */
    ECLIC_SetTrigIRQ(irq_no, ECLIC_LEVEL_TRIGGER);

    if (isr_old) *isr_old = (ISR)(OS_CPU_Vector_Table[irq_no]);
    2aca:	f1818793          	add	a5,gp,-232 # 20000800 <OS_CPU_Vector_Table>
    2ace:	c609                	beqz	a2,2ad8 <register_ISR+0x56>
    2ad0:	00d78733          	add	a4,a5,a3
    2ad4:	4318                	lw	a4,0(a4)
    2ad6:	c218                	sw	a4,0(a2)
    OS_CPU_Vector_Table[irq_no] = isr;
    2ad8:	97b6                	add	a5,a5,a3
    2ada:	c38c                	sw	a1,0(a5)
    return ((uint32_t)((ECLIC->CFG & CLIC_CLICCFG_NLBIT_Msk) >> CLIC_CLICCFG_NLBIT_Pos));
    2adc:	e00207b7          	lui	a5,0xe0020
    2ae0:	0007c703          	lbu	a4,0(a5) # e0020000 <_sp+0xc0018000>
    2ae4:	8305                	srl	a4,a4,0x1
    2ae6:	8b3d                	and	a4,a4,15
 */
__STATIC_FORCEINLINE uint8_t __ECLIC_GetPriorityIRQ(IRQn_Type IRQn)
{
    uint8_t nlbits = __ECLIC_GetCfgNlbits();
    uint8_t intctlbits = (uint8_t)__ECLIC_INTCTLBITS;
    if (nlbits < intctlbits) {
    2ae8:	4789                	li	a5,2
    2aea:	00e7ee63          	bltu	a5,a4,2b06 <register_ISR+0x84>
    return (ECLIC->CTRL[IRQn].INTCTRL);
    2aee:	6785                	lui	a5,0x1
    2af0:	97aa                	add	a5,a5,a0
    2af2:	0037c783          	lbu	a5,3(a5) # 1003 <__HEAP_SIZE+0x3>
        uint8_t cur_ctrl = __ECLIC_GetCtrlIRQ(IRQn);
        uint8_t pri = cur_ctrl << nlbits;
    2af6:	00e797b3          	sll	a5,a5,a4
        pri = pri >> nlbits;
    2afa:	0ff7f793          	zext.b	a5,a5
    2afe:	40e7d7b3          	sra	a5,a5,a4
        pri = pri >> (ECLIC_MAX_NLBITS - intctlbits);
    2b02:	8795                	sra	a5,a5,0x5
    // default interrupt priority is 0, we assume that
    // 0 indicates the interrupt has not been initialized before...
    if (ECLIC_GetPriorityIRQ(irq_no) == 0){
    2b04:	e7ad                	bnez	a5,2b6e <register_ISR+0xec>
    return ((uint32_t)((ECLIC->CFG & CLIC_CLICCFG_NLBIT_Msk) >> CLIC_CLICCFG_NLBIT_Pos));
    2b06:	e00207b7          	lui	a5,0xe0020
    2b0a:	0007c703          	lbu	a4,0(a5) # e0020000 <_sp+0xc0018000>
    2b0e:	0ff77793          	zext.b	a5,a4
    2b12:	8305                	srl	a4,a4,0x1
    2b14:	8b3d                	and	a4,a4,15
    if (nlbits == 0) {
    2b16:	c315                	beqz	a4,2b3a <register_ISR+0xb8>
    if (nlbits > intctlbits) {
    2b18:	8be1                	and	a5,a5,24
    2b1a:	c391                	beqz	a5,2b1e <register_ISR+0x9c>
    2b1c:	470d                	li	a4,3
    return (ECLIC->CTRL[IRQn].INTCTRL);
    2b1e:	6685                	lui	a3,0x1
    2b20:	96aa                	add	a3,a3,a0
    2b22:	0036c783          	lbu	a5,3(a3) # 1003 <__HEAP_SIZE+0x3>
    cur_ctrl = cur_ctrl << nlbits;
    2b26:	00e797b3          	sll	a5,a5,a4
    cur_ctrl = cur_ctrl >> nlbits;
    2b2a:	0ff7f793          	zext.b	a5,a5
    2b2e:	40e7d7b3          	sra	a5,a5,a4
    2b32:	0ff7f793          	zext.b	a5,a5
    ECLIC->CTRL[IRQn].INTCTRL = intctrl;
    2b36:	00f681a3          	sb	a5,3(a3)
    return ((uint32_t)((ECLIC->CFG & CLIC_CLICCFG_NLBIT_Msk) >> CLIC_CLICCFG_NLBIT_Pos));
    2b3a:	e00207b7          	lui	a5,0xe0020
    2b3e:	0007c703          	lbu	a4,0(a5) # e0020000 <_sp+0xc0018000>
    2b42:	8305                	srl	a4,a4,0x1
    2b44:	8b3d                	and	a4,a4,15
    if (nlbits < intctlbits) {
    2b46:	4789                	li	a5,2
    2b48:	02e7e363          	bltu	a5,a4,2b6e <register_ISR+0xec>
    return (ECLIC->CTRL[IRQn].INTCTRL);
    2b4c:	6785                	lui	a5,0x1
    2b4e:	953e                	add	a0,a0,a5
        cur_ctrl = cur_ctrl >> (ECLIC_MAX_NLBITS - nlbits);
    2b50:	46a1                	li	a3,8
    return (ECLIC->CTRL[IRQn].INTCTRL);
    2b52:	00354783          	lbu	a5,3(a0)
        cur_ctrl = cur_ctrl >> (ECLIC_MAX_NLBITS - nlbits);
    2b56:	40e68733          	sub	a4,a3,a4
    2b5a:	40e7d7b3          	sra	a5,a5,a4
        cur_ctrl = cur_ctrl << (ECLIC_MAX_NLBITS - nlbits);
    2b5e:	00e797b3          	sll	a5,a5,a4
        __ECLIC_SetCtrlIRQ(IRQn, (cur_ctrl | pri));
    2b62:	01f7e793          	or	a5,a5,31
    2b66:	0ff7f793          	zext.b	a5,a5
    ECLIC->CTRL[IRQn].INTCTRL = intctrl;
    2b6a:	00f501a3          	sb	a5,3(a0)
        /* set interrupt level */
        ECLIC_SetLevelIRQ(irq_no, 0);
        /* set interrupt priority */
        ECLIC_SetPriorityIRQ(irq_no, 0);
    }
}
    2b6e:	8082                	ret

00002b70 <non_cacheable_region_enable>:
 * \param [in] data   Value to count the tailing zeros
 * \return            number of tailing zeros in value
 */
__STATIC_FORCEINLINE unsigned long __CTZ(unsigned long data)
{
    unsigned long ret = 0;
    2b70:	4781                	li	a5,0

    while (!(data & 1UL)) {
    2b72:	0015f713          	and	a4,a1,1
    2b76:	cf19                	beqz	a4,2b94 <non_cacheable_region_enable+0x24>

void non_cacheable_region_enable(uint32_t base_addr, uint32_t len){

    uint32_t pos = __CTZ(len);

    uint32_t mnocm = ~((1 << pos) - 1);
    2b78:	28f017b3          	bset	a5,zero,a5
    2b7c:	40f00733          	neg	a4,a5

    mnocm |= (base_addr & ((1 << pos) - 1));
    2b80:	17fd                	add	a5,a5,-1 # fff <SLIP_send_frame_data+0xd>
    2b82:	8fe9                	and	a5,a5,a0
    2b84:	8fd9                	or	a5,a5,a4

    // Set cache region mask
    __RV_CSR_WRITE(CSR_MNOCM, mnocm);
    2b86:	7f679073          	csrw	mattri1_mask,a5
    // Set base physical address and enable
    __RV_CSR_WRITE(CSR_MNOCB, base_addr | 0x1);
    2b8a:	00156513          	or	a0,a0,1
    2b8e:	7f551073          	csrw	mattri1_base,a0
}
    2b92:	8082                	ret
        ret++;
    2b94:	0785                	add	a5,a5,1
        data = data >> 1;
    2b96:	8185                	srl	a1,a1,0x1
    2b98:	bfe9                	j	2b72 <non_cacheable_region_enable+0x2>

00002b9a <_premain_init>:
{
    2b9a:	1141                	add	sp,sp,-16
    2b9c:	c606                	sw	ra,12(sp)
    2b9e:	c422                	sw	s0,8(sp)
    unsigned long hartid = __RV_CSR_READ(CSR_MHARTID) & 0xFF;
    2ba0:	f1402473          	csrr	s0,mhartid
    2ba4:	0ff47413          	zext.b	s0,s0
    if (__RV_CSR_READ(CSR_MCFG_INFO) & MCFG_INFO_ICACHE) {
    2ba8:	fc2027f3          	csrr	a5,mcfg_info
    2bac:	2007f793          	and	a5,a5,512
    2bb0:	c399                	beqz	a5,2bb6 <_premain_init+0x1c>
    __RV_CSR_SET(CSR_MCACHE_CTL, MCACHE_CTL_IC_EN);
    2bb2:	7ca0e073          	csrs	mcache_ctl,1
    if (__RV_CSR_READ(CSR_MCFG_INFO) & MCFG_INFO_DCACHE) {
    2bb6:	fc2027f3          	csrr	a5,mcfg_info
    non_cacheable_region_enable(0x20000000, 0x00080000); // 512KB
    2bba:	000805b7          	lui	a1,0x80
    2bbe:	20000537          	lui	a0,0x20000
    2bc2:	377d                	jal	2b70 <non_cacheable_region_enable>
    __RV_CSR_READ_SET(CSR_MMISC_CTL, (1 << 17));
    2bc4:	000207b7          	lui	a5,0x20
    2bc8:	7d07a7f3          	csrrs	a5,mmisc_ctl,a5
    __RWMB();
    2bcc:	0ff0000f          	fence
    __ASM volatile("fence.i");
    2bd0:	0000100f          	fence.i
    if (hartid == BOOT_HARTID) { // only required for boot hartid
    2bd4:	ec19                	bnez	s0,2bf2 <_premain_init+0x58>
    2bd6:	e4818793          	add	a5,gp,-440 # 20000730 <SystemExceptionHandlers>
    2bda:	04078613          	add	a2,a5,64 # 20040 <_data_lma+0x188c8>
    2bde:	e4818713          	add	a4,gp,-440 # 20000730 <SystemExceptionHandlers>
        SystemExceptionHandlers[i] = (unsigned long)system_default_exception_handler;
    2be2:	658d                	lui	a1,0x3
    2be4:	99458693          	add	a3,a1,-1644 # 2994 <system_default_exception_handler>
    2be8:	c394                	sw	a3,0(a5)
    for (int i = 0; i < MAX_SYSTEM_EXCEPTION_NUM; i++) {
    2bea:	0791                	add	a5,a5,4
    2bec:	fec79ce3          	bne	a5,a2,2be4 <_premain_init+0x4a>
    SystemExceptionHandlers[MAX_SYSTEM_EXCEPTION_NUM] = (unsigned long)system_default_exception_handler;
    2bf0:	c334                	sw	a3,64(a4)
        ECLIC_Init();
    2bf2:	3d0d                	jal	2a24 <ECLIC_Init>
    2bf4:	30046073          	csrs	mstatus,8
}
    2bf8:	40b2                	lw	ra,12(sp)
    2bfa:	4422                	lw	s0,8(sp)
    2bfc:	0141                	add	sp,sp,16
    2bfe:	8082                	ret

00002c00 <Interrupt1_Handler>:
    }


// define interrupt handler functions
DEFINE_INTERRUPT_HANDLER(0);
DEFINE_INTERRUPT_HANDLER(1);
    2c00:	f1818793          	add	a5,gp,-232 # 20000800 <OS_CPU_Vector_Table>
    2c04:	43dc                	lw	a5,4(a5)
    2c06:	c391                	beqz	a5,2c0a <Interrupt1_Handler+0xa>
    2c08:	8782                	jr	a5
    2c0a:	5290206f          	j	5932 <default_intexc_handler>

00002c0e <Interrupt2_Handler>:
DEFINE_INTERRUPT_HANDLER(2);
    2c0e:	f1818793          	add	a5,gp,-232 # 20000800 <OS_CPU_Vector_Table>
    2c12:	479c                	lw	a5,8(a5)
    2c14:	c391                	beqz	a5,2c18 <Interrupt2_Handler+0xa>
    2c16:	8782                	jr	a5
    2c18:	51b0206f          	j	5932 <default_intexc_handler>

00002c1c <Interrupt3_Handler>:
DEFINE_INTERRUPT_HANDLER(3);
    2c1c:	f1818793          	add	a5,gp,-232 # 20000800 <OS_CPU_Vector_Table>
    2c20:	47dc                	lw	a5,12(a5)
    2c22:	c391                	beqz	a5,2c26 <Interrupt3_Handler+0xa>
    2c24:	8782                	jr	a5
    2c26:	50d0206f          	j	5932 <default_intexc_handler>

00002c2a <Interrupt4_Handler>:
DEFINE_INTERRUPT_HANDLER(4);
    2c2a:	f1818793          	add	a5,gp,-232 # 20000800 <OS_CPU_Vector_Table>
    2c2e:	4b9c                	lw	a5,16(a5)
    2c30:	c391                	beqz	a5,2c34 <Interrupt4_Handler+0xa>
    2c32:	8782                	jr	a5
    2c34:	4ff0206f          	j	5932 <default_intexc_handler>

00002c38 <Interrupt5_Handler>:
DEFINE_INTERRUPT_HANDLER(5);
    2c38:	f1818793          	add	a5,gp,-232 # 20000800 <OS_CPU_Vector_Table>
    2c3c:	4bdc                	lw	a5,20(a5)
    2c3e:	c391                	beqz	a5,2c42 <Interrupt5_Handler+0xa>
    2c40:	8782                	jr	a5
    2c42:	4f10206f          	j	5932 <default_intexc_handler>

00002c46 <Interrupt6_Handler>:
DEFINE_INTERRUPT_HANDLER(6);
    2c46:	f1818793          	add	a5,gp,-232 # 20000800 <OS_CPU_Vector_Table>
    2c4a:	4f9c                	lw	a5,24(a5)
    2c4c:	c391                	beqz	a5,2c50 <Interrupt6_Handler+0xa>
    2c4e:	8782                	jr	a5
    2c50:	4e30206f          	j	5932 <default_intexc_handler>

00002c54 <Interrupt7_Handler>:
DEFINE_INTERRUPT_HANDLER(7);
    2c54:	f1818793          	add	a5,gp,-232 # 20000800 <OS_CPU_Vector_Table>
    2c58:	4fdc                	lw	a5,28(a5)
    2c5a:	c391                	beqz	a5,2c5e <Interrupt7_Handler+0xa>
    2c5c:	8782                	jr	a5
    2c5e:	4d50206f          	j	5932 <default_intexc_handler>

00002c62 <Interrupt8_Handler>:
DEFINE_INTERRUPT_HANDLER(8);
    2c62:	f1818793          	add	a5,gp,-232 # 20000800 <OS_CPU_Vector_Table>
    2c66:	539c                	lw	a5,32(a5)
    2c68:	c391                	beqz	a5,2c6c <Interrupt8_Handler+0xa>
    2c6a:	8782                	jr	a5
    2c6c:	4c70206f          	j	5932 <default_intexc_handler>

00002c70 <Interrupt9_Handler>:
DEFINE_INTERRUPT_HANDLER(9);
    2c70:	f1818793          	add	a5,gp,-232 # 20000800 <OS_CPU_Vector_Table>
    2c74:	53dc                	lw	a5,36(a5)
    2c76:	c391                	beqz	a5,2c7a <Interrupt9_Handler+0xa>
    2c78:	8782                	jr	a5
    2c7a:	4b90206f          	j	5932 <default_intexc_handler>

00002c7e <Interrupt10_Handler>:
DEFINE_INTERRUPT_HANDLER(10);
    2c7e:	f1818793          	add	a5,gp,-232 # 20000800 <OS_CPU_Vector_Table>
    2c82:	579c                	lw	a5,40(a5)
    2c84:	c391                	beqz	a5,2c88 <Interrupt10_Handler+0xa>
    2c86:	8782                	jr	a5
    2c88:	4ab0206f          	j	5932 <default_intexc_handler>

00002c8c <Interrupt11_Handler>:
DEFINE_INTERRUPT_HANDLER(11);
    2c8c:	f1818793          	add	a5,gp,-232 # 20000800 <OS_CPU_Vector_Table>
    2c90:	57dc                	lw	a5,44(a5)
    2c92:	c391                	beqz	a5,2c96 <Interrupt11_Handler+0xa>
    2c94:	8782                	jr	a5
    2c96:	49d0206f          	j	5932 <default_intexc_handler>

00002c9a <Interrupt12_Handler>:
DEFINE_INTERRUPT_HANDLER(12);
    2c9a:	f1818793          	add	a5,gp,-232 # 20000800 <OS_CPU_Vector_Table>
    2c9e:	5b9c                	lw	a5,48(a5)
    2ca0:	c391                	beqz	a5,2ca4 <Interrupt12_Handler+0xa>
    2ca2:	8782                	jr	a5
    2ca4:	48f0206f          	j	5932 <default_intexc_handler>

00002ca8 <Interrupt13_Handler>:
DEFINE_INTERRUPT_HANDLER(13);
    2ca8:	f1818793          	add	a5,gp,-232 # 20000800 <OS_CPU_Vector_Table>
    2cac:	5bdc                	lw	a5,52(a5)
    2cae:	c391                	beqz	a5,2cb2 <Interrupt13_Handler+0xa>
    2cb0:	8782                	jr	a5
    2cb2:	4810206f          	j	5932 <default_intexc_handler>

00002cb6 <Interrupt14_Handler>:
DEFINE_INTERRUPT_HANDLER(14);
    2cb6:	f1818793          	add	a5,gp,-232 # 20000800 <OS_CPU_Vector_Table>
    2cba:	5f9c                	lw	a5,56(a5)
    2cbc:	c391                	beqz	a5,2cc0 <Interrupt14_Handler+0xa>
    2cbe:	8782                	jr	a5
    2cc0:	4730206f          	j	5932 <default_intexc_handler>

00002cc4 <Interrupt15_Handler>:
DEFINE_INTERRUPT_HANDLER(15);
    2cc4:	f1818793          	add	a5,gp,-232 # 20000800 <OS_CPU_Vector_Table>
    2cc8:	5fdc                	lw	a5,60(a5)
    2cca:	c391                	beqz	a5,2cce <Interrupt15_Handler+0xa>
    2ccc:	8782                	jr	a5
    2cce:	4650206f          	j	5932 <default_intexc_handler>

00002cd2 <Interrupt16_Handler>:
DEFINE_INTERRUPT_HANDLER(16);
    2cd2:	f1818793          	add	a5,gp,-232 # 20000800 <OS_CPU_Vector_Table>
    2cd6:	43bc                	lw	a5,64(a5)
    2cd8:	c391                	beqz	a5,2cdc <Interrupt16_Handler+0xa>
    2cda:	8782                	jr	a5
    2cdc:	4570206f          	j	5932 <default_intexc_handler>

00002ce0 <Interrupt17_Handler>:
DEFINE_INTERRUPT_HANDLER(17);
    2ce0:	f1818793          	add	a5,gp,-232 # 20000800 <OS_CPU_Vector_Table>
    2ce4:	43fc                	lw	a5,68(a5)
    2ce6:	c391                	beqz	a5,2cea <Interrupt17_Handler+0xa>
    2ce8:	8782                	jr	a5
    2cea:	4490206f          	j	5932 <default_intexc_handler>

00002cee <Interrupt18_Handler>:
DEFINE_INTERRUPT_HANDLER(18);
    2cee:	f1818793          	add	a5,gp,-232 # 20000800 <OS_CPU_Vector_Table>
    2cf2:	47bc                	lw	a5,72(a5)
    2cf4:	c391                	beqz	a5,2cf8 <Interrupt18_Handler+0xa>
    2cf6:	8782                	jr	a5
    2cf8:	43b0206f          	j	5932 <default_intexc_handler>

00002cfc <Interrupt19_Handler>:
DEFINE_INTERRUPT_HANDLER(19);
    2cfc:	f1818793          	add	a5,gp,-232 # 20000800 <OS_CPU_Vector_Table>
    2d00:	47fc                	lw	a5,76(a5)
    2d02:	c391                	beqz	a5,2d06 <Interrupt19_Handler+0xa>
    2d04:	8782                	jr	a5
    2d06:	42d0206f          	j	5932 <default_intexc_handler>

00002d0a <Interrupt20_Handler>:
DEFINE_INTERRUPT_HANDLER(20);
    2d0a:	f1818793          	add	a5,gp,-232 # 20000800 <OS_CPU_Vector_Table>
    2d0e:	4bbc                	lw	a5,80(a5)
    2d10:	c391                	beqz	a5,2d14 <Interrupt20_Handler+0xa>
    2d12:	8782                	jr	a5
    2d14:	41f0206f          	j	5932 <default_intexc_handler>

00002d18 <Interrupt21_Handler>:
DEFINE_INTERRUPT_HANDLER(21);
    2d18:	f1818793          	add	a5,gp,-232 # 20000800 <OS_CPU_Vector_Table>
    2d1c:	4bfc                	lw	a5,84(a5)
    2d1e:	c391                	beqz	a5,2d22 <Interrupt21_Handler+0xa>
    2d20:	8782                	jr	a5
    2d22:	4110206f          	j	5932 <default_intexc_handler>

00002d26 <Interrupt22_Handler>:
DEFINE_INTERRUPT_HANDLER(22);
    2d26:	f1818793          	add	a5,gp,-232 # 20000800 <OS_CPU_Vector_Table>
    2d2a:	4fbc                	lw	a5,88(a5)
    2d2c:	c391                	beqz	a5,2d30 <Interrupt22_Handler+0xa>
    2d2e:	8782                	jr	a5
    2d30:	4030206f          	j	5932 <default_intexc_handler>

00002d34 <Interrupt23_Handler>:
DEFINE_INTERRUPT_HANDLER(23);
    2d34:	f1818793          	add	a5,gp,-232 # 20000800 <OS_CPU_Vector_Table>
    2d38:	4ffc                	lw	a5,92(a5)
    2d3a:	c391                	beqz	a5,2d3e <Interrupt23_Handler+0xa>
    2d3c:	8782                	jr	a5
    2d3e:	3f50206f          	j	5932 <default_intexc_handler>

00002d42 <Interrupt24_Handler>:
DEFINE_INTERRUPT_HANDLER(24);
    2d42:	f1818793          	add	a5,gp,-232 # 20000800 <OS_CPU_Vector_Table>
    2d46:	53bc                	lw	a5,96(a5)
    2d48:	c391                	beqz	a5,2d4c <Interrupt24_Handler+0xa>
    2d4a:	8782                	jr	a5
    2d4c:	3e70206f          	j	5932 <default_intexc_handler>

00002d50 <Interrupt25_Handler>:
DEFINE_INTERRUPT_HANDLER(25);
    2d50:	f1818793          	add	a5,gp,-232 # 20000800 <OS_CPU_Vector_Table>
    2d54:	53fc                	lw	a5,100(a5)
    2d56:	c391                	beqz	a5,2d5a <Interrupt25_Handler+0xa>
    2d58:	8782                	jr	a5
    2d5a:	3d90206f          	j	5932 <default_intexc_handler>

00002d5e <Interrupt26_Handler>:
DEFINE_INTERRUPT_HANDLER(26);
    2d5e:	f1818793          	add	a5,gp,-232 # 20000800 <OS_CPU_Vector_Table>
    2d62:	57bc                	lw	a5,104(a5)
    2d64:	c391                	beqz	a5,2d68 <Interrupt26_Handler+0xa>
    2d66:	8782                	jr	a5
    2d68:	3cb0206f          	j	5932 <default_intexc_handler>

00002d6c <Interrupt27_Handler>:
DEFINE_INTERRUPT_HANDLER(27);
    2d6c:	f1818793          	add	a5,gp,-232 # 20000800 <OS_CPU_Vector_Table>
    2d70:	57fc                	lw	a5,108(a5)
    2d72:	c391                	beqz	a5,2d76 <Interrupt27_Handler+0xa>
    2d74:	8782                	jr	a5
    2d76:	3bd0206f          	j	5932 <default_intexc_handler>

00002d7a <Interrupt28_Handler>:
DEFINE_INTERRUPT_HANDLER(28);
    2d7a:	f1818793          	add	a5,gp,-232 # 20000800 <OS_CPU_Vector_Table>
    2d7e:	5bbc                	lw	a5,112(a5)
    2d80:	c391                	beqz	a5,2d84 <Interrupt28_Handler+0xa>
    2d82:	8782                	jr	a5
    2d84:	3af0206f          	j	5932 <default_intexc_handler>

00002d88 <Interrupt29_Handler>:
DEFINE_INTERRUPT_HANDLER(29);
    2d88:	f1818793          	add	a5,gp,-232 # 20000800 <OS_CPU_Vector_Table>
    2d8c:	5bfc                	lw	a5,116(a5)
    2d8e:	c391                	beqz	a5,2d92 <Interrupt29_Handler+0xa>
    2d90:	8782                	jr	a5
    2d92:	3a10206f          	j	5932 <default_intexc_handler>

00002d96 <Interrupt30_Handler>:
DEFINE_INTERRUPT_HANDLER(30);
    2d96:	f1818793          	add	a5,gp,-232 # 20000800 <OS_CPU_Vector_Table>
    2d9a:	5fbc                	lw	a5,120(a5)
    2d9c:	c391                	beqz	a5,2da0 <Interrupt30_Handler+0xa>
    2d9e:	8782                	jr	a5
    2da0:	3930206f          	j	5932 <default_intexc_handler>

00002da4 <Interrupt31_Handler>:
DEFINE_INTERRUPT_HANDLER(31);
    2da4:	f1818793          	add	a5,gp,-232 # 20000800 <OS_CPU_Vector_Table>
    2da8:	5ffc                	lw	a5,124(a5)
    2daa:	c391                	beqz	a5,2dae <Interrupt31_Handler+0xa>
    2dac:	8782                	jr	a5
    2dae:	3850206f          	j	5932 <default_intexc_handler>

00002db2 <Interrupt32_Handler>:
DEFINE_INTERRUPT_HANDLER(32);
    2db2:	f981a783          	lw	a5,-104(gp) # 20000880 <OS_CPU_Vector_Table+0x80>
    2db6:	c391                	beqz	a5,2dba <Interrupt32_Handler+0x8>
    2db8:	8782                	jr	a5
    2dba:	3790206f          	j	5932 <default_intexc_handler>

00002dbe <Interrupt33_Handler>:
DEFINE_INTERRUPT_HANDLER(33);
    2dbe:	f9c1a783          	lw	a5,-100(gp) # 20000884 <OS_CPU_Vector_Table+0x84>
    2dc2:	c391                	beqz	a5,2dc6 <Interrupt33_Handler+0x8>
    2dc4:	8782                	jr	a5
    2dc6:	36d0206f          	j	5932 <default_intexc_handler>

00002dca <Interrupt34_Handler>:
DEFINE_INTERRUPT_HANDLER(34);
    2dca:	fa01a783          	lw	a5,-96(gp) # 20000888 <OS_CPU_Vector_Table+0x88>
    2dce:	c391                	beqz	a5,2dd2 <Interrupt34_Handler+0x8>
    2dd0:	8782                	jr	a5
    2dd2:	3610206f          	j	5932 <default_intexc_handler>

00002dd6 <Interrupt35_Handler>:
DEFINE_INTERRUPT_HANDLER(35);
    2dd6:	fa41a783          	lw	a5,-92(gp) # 2000088c <OS_CPU_Vector_Table+0x8c>
    2dda:	c391                	beqz	a5,2dde <Interrupt35_Handler+0x8>
    2ddc:	8782                	jr	a5
    2dde:	3550206f          	j	5932 <default_intexc_handler>

00002de2 <Interrupt36_Handler>:
DEFINE_INTERRUPT_HANDLER(36);
    2de2:	fa81a783          	lw	a5,-88(gp) # 20000890 <OS_CPU_Vector_Table+0x90>
    2de6:	c391                	beqz	a5,2dea <Interrupt36_Handler+0x8>
    2de8:	8782                	jr	a5
    2dea:	3490206f          	j	5932 <default_intexc_handler>

00002dee <Interrupt37_Handler>:
DEFINE_INTERRUPT_HANDLER(37);
    2dee:	fac1a783          	lw	a5,-84(gp) # 20000894 <OS_CPU_Vector_Table+0x94>
    2df2:	c391                	beqz	a5,2df6 <Interrupt37_Handler+0x8>
    2df4:	8782                	jr	a5
    2df6:	33d0206f          	j	5932 <default_intexc_handler>

00002dfa <Interrupt38_Handler>:
DEFINE_INTERRUPT_HANDLER(38);
    2dfa:	fb01a783          	lw	a5,-80(gp) # 20000898 <OS_CPU_Vector_Table+0x98>
    2dfe:	c391                	beqz	a5,2e02 <Interrupt38_Handler+0x8>
    2e00:	8782                	jr	a5
    2e02:	3310206f          	j	5932 <default_intexc_handler>

00002e06 <Interrupt39_Handler>:
DEFINE_INTERRUPT_HANDLER(39);
    2e06:	fb41a783          	lw	a5,-76(gp) # 2000089c <OS_CPU_Vector_Table+0x9c>
    2e0a:	c391                	beqz	a5,2e0e <Interrupt39_Handler+0x8>
    2e0c:	8782                	jr	a5
    2e0e:	3250206f          	j	5932 <default_intexc_handler>

00002e12 <Interrupt40_Handler>:
DEFINE_INTERRUPT_HANDLER(40);
    2e12:	fb81a783          	lw	a5,-72(gp) # 200008a0 <OS_CPU_Vector_Table+0xa0>
    2e16:	c391                	beqz	a5,2e1a <Interrupt40_Handler+0x8>
    2e18:	8782                	jr	a5
    2e1a:	3190206f          	j	5932 <default_intexc_handler>

00002e1e <Interrupt41_Handler>:
DEFINE_INTERRUPT_HANDLER(41);
    2e1e:	fbc1a783          	lw	a5,-68(gp) # 200008a4 <OS_CPU_Vector_Table+0xa4>
    2e22:	c391                	beqz	a5,2e26 <Interrupt41_Handler+0x8>
    2e24:	8782                	jr	a5
    2e26:	30d0206f          	j	5932 <default_intexc_handler>

00002e2a <Interrupt42_Handler>:
DEFINE_INTERRUPT_HANDLER(42);
    2e2a:	fc01a783          	lw	a5,-64(gp) # 200008a8 <OS_CPU_Vector_Table+0xa8>
    2e2e:	c391                	beqz	a5,2e32 <Interrupt42_Handler+0x8>
    2e30:	8782                	jr	a5
    2e32:	3010206f          	j	5932 <default_intexc_handler>

00002e36 <Interrupt43_Handler>:
DEFINE_INTERRUPT_HANDLER(43);
    2e36:	fc41a783          	lw	a5,-60(gp) # 200008ac <OS_CPU_Vector_Table+0xac>
    2e3a:	c391                	beqz	a5,2e3e <Interrupt43_Handler+0x8>
    2e3c:	8782                	jr	a5
    2e3e:	2f50206f          	j	5932 <default_intexc_handler>

00002e42 <Interrupt44_Handler>:
DEFINE_INTERRUPT_HANDLER(44);
    2e42:	fc81a783          	lw	a5,-56(gp) # 200008b0 <OS_CPU_Vector_Table+0xb0>
    2e46:	c391                	beqz	a5,2e4a <Interrupt44_Handler+0x8>
    2e48:	8782                	jr	a5
    2e4a:	2e90206f          	j	5932 <default_intexc_handler>

00002e4e <Interrupt45_Handler>:
DEFINE_INTERRUPT_HANDLER(45);
    2e4e:	fcc1a783          	lw	a5,-52(gp) # 200008b4 <OS_CPU_Vector_Table+0xb4>
    2e52:	c391                	beqz	a5,2e56 <Interrupt45_Handler+0x8>
    2e54:	8782                	jr	a5
    2e56:	2dd0206f          	j	5932 <default_intexc_handler>

00002e5a <Interrupt46_Handler>:
DEFINE_INTERRUPT_HANDLER(46);
    2e5a:	fd01a783          	lw	a5,-48(gp) # 200008b8 <OS_CPU_Vector_Table+0xb8>
    2e5e:	c391                	beqz	a5,2e62 <Interrupt46_Handler+0x8>
    2e60:	8782                	jr	a5
    2e62:	2d10206f          	j	5932 <default_intexc_handler>

00002e66 <Interrupt47_Handler>:
DEFINE_INTERRUPT_HANDLER(47);
    2e66:	fd41a783          	lw	a5,-44(gp) # 200008bc <OS_CPU_Vector_Table+0xbc>
    2e6a:	c391                	beqz	a5,2e6e <Interrupt47_Handler+0x8>
    2e6c:	8782                	jr	a5
    2e6e:	2c50206f          	j	5932 <default_intexc_handler>

00002e72 <Interrupt48_Handler>:
DEFINE_INTERRUPT_HANDLER(48);
    2e72:	fd81a783          	lw	a5,-40(gp) # 200008c0 <OS_CPU_Vector_Table+0xc0>
    2e76:	c391                	beqz	a5,2e7a <Interrupt48_Handler+0x8>
    2e78:	8782                	jr	a5
    2e7a:	2b90206f          	j	5932 <default_intexc_handler>

00002e7e <Interrupt49_Handler>:
DEFINE_INTERRUPT_HANDLER(49);
    2e7e:	fdc1a783          	lw	a5,-36(gp) # 200008c4 <OS_CPU_Vector_Table+0xc4>
    2e82:	c391                	beqz	a5,2e86 <Interrupt49_Handler+0x8>
    2e84:	8782                	jr	a5
    2e86:	2ad0206f          	j	5932 <default_intexc_handler>

00002e8a <Interrupt50_Handler>:
DEFINE_INTERRUPT_HANDLER(50);
    2e8a:	fe01a783          	lw	a5,-32(gp) # 200008c8 <OS_CPU_Vector_Table+0xc8>
    2e8e:	c391                	beqz	a5,2e92 <Interrupt50_Handler+0x8>
    2e90:	8782                	jr	a5
    2e92:	2a10206f          	j	5932 <default_intexc_handler>

00002e96 <Interrupt51_Handler>:
DEFINE_INTERRUPT_HANDLER(51);
    2e96:	fe41a783          	lw	a5,-28(gp) # 200008cc <OS_CPU_Vector_Table+0xcc>
    2e9a:	c391                	beqz	a5,2e9e <Interrupt51_Handler+0x8>
    2e9c:	8782                	jr	a5
    2e9e:	2950206f          	j	5932 <default_intexc_handler>

00002ea2 <Interrupt52_Handler>:
DEFINE_INTERRUPT_HANDLER(52);
    2ea2:	fe81a783          	lw	a5,-24(gp) # 200008d0 <OS_CPU_Vector_Table+0xd0>
    2ea6:	c391                	beqz	a5,2eaa <Interrupt52_Handler+0x8>
    2ea8:	8782                	jr	a5
    2eaa:	2890206f          	j	5932 <default_intexc_handler>

00002eae <Interrupt53_Handler>:
DEFINE_INTERRUPT_HANDLER(53);
    2eae:	fec1a783          	lw	a5,-20(gp) # 200008d4 <OS_CPU_Vector_Table+0xd4>
    2eb2:	c391                	beqz	a5,2eb6 <Interrupt53_Handler+0x8>
    2eb4:	8782                	jr	a5
    2eb6:	27d0206f          	j	5932 <default_intexc_handler>

00002eba <Interrupt54_Handler>:
DEFINE_INTERRUPT_HANDLER(54);
    2eba:	ff01a783          	lw	a5,-16(gp) # 200008d8 <OS_CPU_Vector_Table+0xd8>
    2ebe:	c391                	beqz	a5,2ec2 <Interrupt54_Handler+0x8>
    2ec0:	8782                	jr	a5
    2ec2:	2710206f          	j	5932 <default_intexc_handler>

00002ec6 <Interrupt55_Handler>:
DEFINE_INTERRUPT_HANDLER(55);
    2ec6:	ff41a783          	lw	a5,-12(gp) # 200008dc <OS_CPU_Vector_Table+0xdc>
    2eca:	c391                	beqz	a5,2ece <Interrupt55_Handler+0x8>
    2ecc:	8782                	jr	a5
    2ece:	2650206f          	j	5932 <default_intexc_handler>

00002ed2 <Interrupt56_Handler>:
DEFINE_INTERRUPT_HANDLER(56);
    2ed2:	ff81a783          	lw	a5,-8(gp) # 200008e0 <OS_CPU_Vector_Table+0xe0>
    2ed6:	c391                	beqz	a5,2eda <Interrupt56_Handler+0x8>
    2ed8:	8782                	jr	a5
    2eda:	2590206f          	j	5932 <default_intexc_handler>

00002ede <Interrupt57_Handler>:
DEFINE_INTERRUPT_HANDLER(57);
    2ede:	ffc1a783          	lw	a5,-4(gp) # 200008e4 <OS_CPU_Vector_Table+0xe4>
    2ee2:	c391                	beqz	a5,2ee6 <Interrupt57_Handler+0x8>
    2ee4:	8782                	jr	a5
    2ee6:	24d0206f          	j	5932 <default_intexc_handler>

00002eea <Interrupt58_Handler>:
DEFINE_INTERRUPT_HANDLER(58);
    2eea:	0001a783          	lw	a5,0(gp) # 200008e8 <__global_pointer$>
    2eee:	c391                	beqz	a5,2ef2 <Interrupt58_Handler+0x8>
    2ef0:	8782                	jr	a5
    2ef2:	2410206f          	j	5932 <default_intexc_handler>

00002ef6 <Interrupt59_Handler>:
DEFINE_INTERRUPT_HANDLER(59);
    2ef6:	0041a783          	lw	a5,4(gp) # 200008ec <__global_pointer$+0x4>
    2efa:	c391                	beqz	a5,2efe <Interrupt59_Handler+0x8>
    2efc:	8782                	jr	a5
    2efe:	2350206f          	j	5932 <default_intexc_handler>

00002f02 <Interrupt60_Handler>:
DEFINE_INTERRUPT_HANDLER(60);
    2f02:	0081a783          	lw	a5,8(gp) # 200008f0 <__global_pointer$+0x8>
    2f06:	c391                	beqz	a5,2f0a <Interrupt60_Handler+0x8>
    2f08:	8782                	jr	a5
    2f0a:	2290206f          	j	5932 <default_intexc_handler>

00002f0e <Interrupt61_Handler>:
DEFINE_INTERRUPT_HANDLER(61);
    2f0e:	00c1a783          	lw	a5,12(gp) # 200008f4 <__global_pointer$+0xc>
    2f12:	c391                	beqz	a5,2f16 <Interrupt61_Handler+0x8>
    2f14:	8782                	jr	a5
    2f16:	21d0206f          	j	5932 <default_intexc_handler>

00002f1a <Interrupt62_Handler>:
DEFINE_INTERRUPT_HANDLER(62);
    2f1a:	0101a783          	lw	a5,16(gp) # 200008f8 <__global_pointer$+0x10>
    2f1e:	c391                	beqz	a5,2f22 <Interrupt62_Handler+0x8>
    2f20:	8782                	jr	a5
    2f22:	2110206f          	j	5932 <default_intexc_handler>

00002f26 <Interrupt63_Handler>:
DEFINE_INTERRUPT_HANDLER(63);
    2f26:	0141a783          	lw	a5,20(gp) # 200008fc <__global_pointer$+0x14>
    2f2a:	c391                	beqz	a5,2f2e <Interrupt63_Handler+0x8>
    2f2c:	8782                	jr	a5
    2f2e:	2050206f          	j	5932 <default_intexc_handler>

00002f32 <Interrupt64_Handler>:
DEFINE_INTERRUPT_HANDLER(64);
    2f32:	0181a783          	lw	a5,24(gp) # 20000900 <__global_pointer$+0x18>
    2f36:	c391                	beqz	a5,2f3a <Interrupt64_Handler+0x8>
    2f38:	8782                	jr	a5
    2f3a:	1f90206f          	j	5932 <default_intexc_handler>

00002f3e <Interrupt65_Handler>:
DEFINE_INTERRUPT_HANDLER(65);
    2f3e:	01c1a783          	lw	a5,28(gp) # 20000904 <__global_pointer$+0x1c>
    2f42:	c391                	beqz	a5,2f46 <Interrupt65_Handler+0x8>
    2f44:	8782                	jr	a5
    2f46:	1ed0206f          	j	5932 <default_intexc_handler>

00002f4a <Interrupt66_Handler>:
DEFINE_INTERRUPT_HANDLER(66);
    2f4a:	0201a783          	lw	a5,32(gp) # 20000908 <__global_pointer$+0x20>
    2f4e:	c391                	beqz	a5,2f52 <Interrupt66_Handler+0x8>
    2f50:	8782                	jr	a5
    2f52:	1e10206f          	j	5932 <default_intexc_handler>

00002f56 <SysTick_Handler>:

extern int32_t UART_Rx_Timeout_Process();
static uint32_t timeout_cnt = 0;
void SysTick_Handler(void)
{
	sys_tick_ms++;
    2f56:	dc41a783          	lw	a5,-572(gp) # 200006ac <sys_tick_ms>
    2f5a:	0785                	add	a5,a5,1
    2f5c:	dcf1a223          	sw	a5,-572(gp) # 200006ac <sys_tick_ms>
{
    2f60:	1101                	add	sp,sp,-32

	static uint32_t acc_tick = 0;
	acc_tick++;
    2f62:	dbc1a783          	lw	a5,-580(gp) # 200006a4 <acc_tick.0>
{
    2f66:	ce06                	sw	ra,28(sp)
    2f68:	cc22                	sw	s0,24(sp)
	acc_tick++;
    2f6a:	0785                	add	a5,a5,1
	if(acc_tick >= (1000 / CLOCK_SECOND)) {
    2f6c:	46f9                	li	a3,30
    2f6e:	08f6e963          	bltu	a3,a5,3000 <SysTick_Handler+0xaa>
	acc_tick++;
    2f72:	daf1ae23          	sw	a5,-580(gp) # 200006a4 <acc_tick.0>
		tm_count++;
		if(etimer_pending()) {
			etimer_request_poll();
		}
	}
	SysTick_Reload(systick_clk_freq / systick_pre_second);
    2f76:	8281a703          	lw	a4,-2008(gp) # 20000110 <systick_clk_freq>
    2f7a:	82c1a783          	lw	a5,-2004(gp) # 20000114 <systick_pre_second>
    __ASM volatile ("lw %0, 0(%1)" : "=r" (result) : "r" (addr));
    2f7e:	e0030637          	lui	a2,0xe0030
    2f82:	02f75733          	divu	a4,a4,a5
    2f86:	00460793          	add	a5,a2,4 # e0030004 <_sp+0xc0028004>
    2f8a:	438c                	lw	a1,0(a5)
    uint64_t full;
    uint8_t *addr;

    addr = (uint8_t *)(&(SysTimer->MTIMER));

    high0 = __LW(addr + 4);
    2f8c:	f9010693          	add	a3,sp,-112
    2f90:	daec                	sw	a1,116(a3)
    2f92:	420c                	lw	a1,0(a2)
    low = __LW(addr);
    2f94:	deac                	sw	a1,120(a3)
    2f96:	439c                	lw	a5,0(a5)
    high = __LW(addr + 4);
    2f98:	defc                	sw	a5,124(a3)
    if (high0 != high) {
    2f9a:	5aec                	lw	a1,116(a3)
    2f9c:	5efc                	lw	a5,124(a3)
    2f9e:	00f58463          	beq	a1,a5,2fa6 <SysTick_Handler+0x50>
    2fa2:	4210                	lw	a2,0(a2)
        low = __LW(addr);
    2fa4:	c432                	sw	a2,8(sp)
    }
    full = (((uint64_t)high) << 32) | low;
    2fa6:	4632                	lw	a2,12(sp)
    2fa8:	45a2                	lw	a1,8(sp)
 * - \ref SysTimer_SetLoadValue
 */
__STATIC_FORCEINLINE uint32_t SysTick_Reload(uint64_t ticks)
{
    uint64_t cur_ticks = SysTimer_GetLoadValue();
    uint64_t reload_ticks = ticks + cur_ticks;
    2faa:	00b706b3          	add	a3,a4,a1
    2fae:	00e6b7b3          	sltu	a5,a3,a4
    2fb2:	97b2                	add	a5,a5,a2

    if (__USUALLY(reload_ticks > cur_ticks)) {
    2fb4:	00f66663          	bltu	a2,a5,2fc0 <SysTick_Handler+0x6a>
    2fb8:	04c79f63          	bne	a5,a2,3016 <SysTick_Handler+0xc0>
    2fbc:	04d5fd63          	bgeu	a1,a3,3016 <SysTick_Handler+0xc0>
    id = __RV_CSR_READ(CSR_MHARTID);
    2fc0:	f1402773          	csrr	a4,mhartid
    __ASM volatile ("sw %0, 0(%1)" : : "r" (val), "r" (addr));
    2fc4:	e0030737          	lui	a4,0xe0030
    2fc8:	0721                	add	a4,a4,8 # e0030008 <_sp+0xc0028008>
    2fca:	567d                	li	a2,-1
    2fcc:	c310                	sw	a2,0(a4)
    2fce:	e0030637          	lui	a2,0xe0030
    2fd2:	0631                	add	a2,a2,12 # e003000c <_sp+0xc002800c>
    2fd4:	c21c                	sw	a5,0(a2)
    2fd6:	c314                	sw	a3,0(a4)
	if((timeout_cnt % timeout_threshhold) == 0) {
    2fd8:	8241a703          	lw	a4,-2012(gp) # 2000010c <timeout_threshhold>
    2fdc:	dc01a783          	lw	a5,-576(gp) # 200006a8 <timeout_cnt>
    2fe0:	02e7f7b3          	remu	a5,a5,a4
    2fe4:	e789                	bnez	a5,2fee <SysTick_Handler+0x98>
		timeout_cnt = 0;
    2fe6:	dc01a023          	sw	zero,-576(gp) # 200006a8 <timeout_cnt>
		UART_Rx_Timeout_Process();
    2fea:	a87fe0ef          	jal	1a70 <UART_Rx_Timeout_Process>
	}
	timeout_cnt++;
    2fee:	dc01a783          	lw	a5,-576(gp) # 200006a8 <timeout_cnt>
    2ff2:	0785                	add	a5,a5,1
    2ff4:	dcf1a023          	sw	a5,-576(gp) # 200006a8 <timeout_cnt>
}
    2ff8:	40f2                	lw	ra,28(sp)
    2ffa:	4462                	lw	s0,24(sp)
    2ffc:	6105                	add	sp,sp,32
    2ffe:	8082                	ret
		acc_tick = 0;
    3000:	da01ae23          	sw	zero,-580(gp) # 200006a4 <acc_tick.0>
		tm_count++;
    3004:	dc81a783          	lw	a5,-568(gp) # 200006b0 <tm_count>
    3008:	0785                	add	a5,a5,1
    300a:	dcf1a423          	sw	a5,-568(gp) # 200006b0 <tm_count>
		if(etimer_pending()) {
    300e:	2479                	jal	329c <etimer_pending>
    3010:	d13d                	beqz	a0,2f76 <SysTick_Handler+0x20>
			etimer_request_poll();
    3012:	2299                	jal	3158 <etimer_request_poll>
    3014:	b78d                	j	2f76 <SysTick_Handler+0x20>
    3016:	4681                	li	a3,0
    3018:	e0030637          	lui	a2,0xe0030
    301c:	c214                	sw	a3,0(a2)
    301e:	00460793          	add	a5,a2,4 # e0030004 <_sp+0xc0028004>
    3022:	c394                	sw	a3,0(a5)
    3024:	c214                	sw	a3,0(a2)
    id = __RV_CSR_READ(CSR_MHARTID);
    3026:	f14027f3          	csrr	a5,mhartid
    __ASM volatile ("sw %0, 0(%1)" : : "r" (val), "r" (addr));
    302a:	00860793          	add	a5,a2,8
    302e:	567d                	li	a2,-1
    3030:	c390                	sw	a2,0(a5)
    3032:	e0030637          	lui	a2,0xe0030
    3036:	0631                	add	a2,a2,12 # e003000c <_sp+0xc002800c>
    3038:	c214                	sw	a3,0(a2)
    303a:	c398                	sw	a4,0(a5)
}
    303c:	bf71                	j	2fd8 <SysTick_Handler+0x82>

0000303e <SysTick_Value>:
	return sys_tick_ms;
    303e:	dc41a503          	lw	a0,-572(gp) # 200006ac <sys_tick_ms>
}
    3042:	8082                	ret

00003044 <clock_init>:
/*---------------------------------------------------------------------------*/
void
clock_init(void)
{
	tm_count = 0;
	register_ISR(IRQ_Timer_VECTOR, SysTick_Handler, NULL);
    3044:	658d                	lui	a1,0x3
{
    3046:	1101                	add	sp,sp,-32
	register_ISR(IRQ_Timer_VECTOR, SysTick_Handler, NULL);
    3048:	4601                	li	a2,0
    304a:	f5658593          	add	a1,a1,-170 # 2f56 <SysTick_Handler>
    304e:	451d                	li	a0,7
{
    3050:	ce06                	sw	ra,28(sp)
	tm_count = 0;
    3052:	dc01a423          	sw	zero,-568(gp) # 200006b0 <tm_count>
	register_ISR(IRQ_Timer_VECTOR, SysTick_Handler, NULL);
    3056:	a2dff0ef          	jal	2a82 <register_ISR>
	SysTick_Config(systick_clk_freq / systick_pre_second);
    305a:	8281a783          	lw	a5,-2008(gp) # 20000110 <systick_clk_freq>
    __ASM volatile ("lw %0, 0(%1)" : "=r" (result) : "r" (addr));
    305e:	e0030637          	lui	a2,0xe0030
    3062:	82c1a703          	lw	a4,-2004(gp) # 20000114 <systick_pre_second>
    3066:	02e7d7b3          	divu	a5,a5,a4
    306a:	00460713          	add	a4,a2,4 # e0030004 <_sp+0xc0028004>
    306e:	430c                	lw	a1,0(a4)
    high0 = __LW(addr + 4);
    3070:	f9010693          	add	a3,sp,-112
    3074:	daec                	sw	a1,116(a3)
    3076:	420c                	lw	a1,0(a2)
    low = __LW(addr);
    3078:	deac                	sw	a1,120(a3)
    307a:	4318                	lw	a4,0(a4)
    high = __LW(addr + 4);
    307c:	def8                	sw	a4,124(a3)
    if (high0 != high) {
    307e:	5aec                	lw	a1,116(a3)
    3080:	5ef8                	lw	a4,124(a3)
    3082:	00e58463          	beq	a1,a4,308a <clock_init+0x46>
    3086:	4210                	lw	a2,0(a2)
        low = __LW(addr);
    3088:	c432                	sw	a2,8(sp)
    full = (((uint64_t)high) << 32) | low;
    308a:	46b2                	lw	a3,12(sp)
    308c:	4722                	lw	a4,8(sp)
    SysTimer_SetCompareValue(ticks + loadticks);
    308e:	97ba                	add	a5,a5,a4
    3090:	00e7b733          	sltu	a4,a5,a4
    3094:	9736                	add	a4,a4,a3
    id = __RV_CSR_READ(CSR_MHARTID);
    3096:	f14026f3          	csrr	a3,mhartid
    __ASM volatile ("sw %0, 0(%1)" : : "r" (val), "r" (addr));
    309a:	e00306b7          	lui	a3,0xe0030
    309e:	06a1                	add	a3,a3,8 # e0030008 <_sp+0xc0028008>
    30a0:	567d                	li	a2,-1
    30a2:	c290                	sw	a2,0(a3)
    30a4:	e0030637          	lui	a2,0xe0030
    30a8:	0631                	add	a2,a2,12 # e003000c <_sp+0xc002800c>
    30aa:	c218                	sw	a4,0(a2)
    30ac:	c29c                	sw	a5,0(a3)
    ECLIC->CTRL[IRQn].INTATTR &= ~CLIC_INTATTR_SHV_Msk;
    30ae:	e00217b7          	lui	a5,0xe0021
    30b2:	01e7c703          	lbu	a4,30(a5) # e002101e <_sp+0xc001901e>
    30b6:	0fe77713          	and	a4,a4,254
    30ba:	00e78f23          	sb	a4,30(a5)
    ECLIC->CTRL[IRQn].INTATTR |= (uint8_t)(shv << CLIC_INTATTR_SHV_Pos);
    30be:	01e7c703          	lbu	a4,30(a5)
    30c2:	0ff77713          	zext.b	a4,a4
    30c6:	00e78f23          	sb	a4,30(a5)
    return ((uint32_t)((ECLIC->CFG & CLIC_CLICCFG_NLBIT_Msk) >> CLIC_CLICCFG_NLBIT_Pos));
    30ca:	e00207b7          	lui	a5,0xe0020
    30ce:	0007c703          	lbu	a4,0(a5) # e0020000 <_sp+0xc0018000>
    30d2:	0ff77793          	zext.b	a5,a4
    30d6:	8305                	srl	a4,a4,0x1
    30d8:	8b3d                	and	a4,a4,15
    if (nlbits == 0) {
    30da:	c315                	beqz	a4,30fe <clock_init+0xba>
    if (nlbits > intctlbits) {
    30dc:	8be1                	and	a5,a5,24
    30de:	c391                	beqz	a5,30e2 <clock_init+0x9e>
    30e0:	470d                	li	a4,3
    return (ECLIC->CTRL[IRQn].INTCTRL);
    30e2:	e00216b7          	lui	a3,0xe0021
    30e6:	01f6c783          	lbu	a5,31(a3) # e002101f <_sp+0xc001901f>
    cur_ctrl = cur_ctrl << nlbits;
    30ea:	00e797b3          	sll	a5,a5,a4
    cur_ctrl = cur_ctrl >> nlbits;
    30ee:	0ff7f793          	zext.b	a5,a5
    30f2:	40e7d7b3          	sra	a5,a5,a4
    30f6:	0ff7f793          	zext.b	a5,a5
    ECLIC->CTRL[IRQn].INTCTRL = intctrl;
    30fa:	00f68fa3          	sb	a5,31(a3)
    ECLIC->CTRL[IRQn].INTIE |= CLIC_INTIE_IE_Msk;
    30fe:	e0021737          	lui	a4,0xe0021
    3102:	01d74783          	lbu	a5,29(a4) # e002101d <_sp+0xc001901d>
    3106:	0017e793          	or	a5,a5,1
    310a:	00f70ea3          	sb	a5,29(a4)
}
    310e:	40f2                	lw	ra,28(sp)
    3110:	6105                	add	sp,sp,32
    3112:	8082                	ret

00003114 <clock_time>:
/*---------------------------------------------------------------------------*/
clock_time_t
clock_time(void)
{
  return (clock_time_t)(tm_count);
    3114:	dc81a503          	lw	a0,-568(gp) # 200006b0 <tm_count>
}
    3118:	8082                	ret

0000311a <update_time>:

PROCESS(etimer_process, "Event timer");
/*---------------------------------------------------------------------------*/
static void
update_time(void)
{
    311a:	1141                	add	sp,sp,-16
    311c:	c422                	sw	s0,8(sp)
    311e:	c606                	sw	ra,12(sp)
  clock_time_t tdist;
  clock_time_t now;
  struct etimer *t;

  if(timerlist == NULL) {
    3120:	dd01a783          	lw	a5,-560(gp) # 200006b8 <timerlist>
    3124:	4501                	li	a0,0
    3126:	cf81                	beqz	a5,313e <update_time+0x24>
    next_expiration = 0;
  } else {
    now = clock_time();
    3128:	fedff0ef          	jal	3114 <clock_time>
    t = timerlist;
    312c:	dd01a703          	lw	a4,-560(gp) # 200006b8 <timerlist>
    /* Must calculate distance to next time into account due to wraps */
    tdist = t->timer.start + t->timer.interval - now;
    3130:	431c                	lw	a5,0(a4)
    3132:	4354                	lw	a3,4(a4)
    3134:	97b6                	add	a5,a5,a3
    3136:	8f89                	sub	a5,a5,a0
    for(t = t->next; t != NULL; t = t->next) {
    3138:	4718                	lw	a4,8(a4)
    313a:	eb01                	bnez	a4,314a <update_time+0x30>
      if(t->timer.start + t->timer.interval - now < tdist) {
        tdist = t->timer.start + t->timer.interval - now;
      }
    }
    next_expiration = now + tdist;
    313c:	953e                	add	a0,a0,a5
  }
}
    313e:	40b2                	lw	ra,12(sp)
    3140:	4422                	lw	s0,8(sp)
    next_expiration = 0;
    3142:	dca1a623          	sw	a0,-564(gp) # 200006b4 <next_expiration>
}
    3146:	0141                	add	sp,sp,16
    3148:	8082                	ret
      if(t->timer.start + t->timer.interval - now < tdist) {
    314a:	4314                	lw	a3,0(a4)
    314c:	4350                	lw	a2,4(a4)
    314e:	96b2                	add	a3,a3,a2
    3150:	8e89                	sub	a3,a3,a0
    3152:	0ad7d7b3          	minu	a5,a5,a3
    3156:	b7cd                	j	3138 <update_time+0x1e>

00003158 <etimer_request_poll>:
}
/*---------------------------------------------------------------------------*/
void
etimer_request_poll(void)
{
  process_poll(&etimer_process);
    3158:	20000537          	lui	a0,0x20000
    315c:	0c050513          	add	a0,a0,192 # 200000c0 <etimer_process>
    3160:	ae45                	j	3510 <process_poll>

00003162 <process_thread_etimer_process>:
{
    3162:	1101                	add	sp,sp,-32
  PROCESS_BEGIN();
    3164:	00055783          	lhu	a5,0(a0)
{
    3168:	ca26                	sw	s1,20(sp)
    316a:	ce06                	sw	ra,28(sp)
    316c:	cc22                	sw	s0,24(sp)
    316e:	c84a                	sw	s2,16(sp)
    3170:	c64e                	sw	s3,12(sp)
    3172:	84aa                	mv	s1,a0
  PROCESS_BEGIN();
    3174:	c38d                	beqz	a5,3196 <process_thread_etimer_process+0x34>
    3176:	05900713          	li	a4,89
    317a:	0ae79463          	bne	a5,a4,3222 <process_thread_etimer_process+0xc0>
    if(ev == PROCESS_EVENT_EXITED) {
    317e:	08700793          	li	a5,135
    3182:	04f59b63          	bne	a1,a5,31d8 <process_thread_etimer_process+0x76>
    3186:	dd01a783          	lw	a5,-560(gp) # 200006b8 <timerlist>
    318a:	4681                	li	a3,0
      while(timerlist != NULL && timerlist->p == p) {
    318c:	e795                	bnez	a5,31b8 <process_thread_etimer_process+0x56>
    318e:	c691                	beqz	a3,319a <process_thread_etimer_process+0x38>
    3190:	dc01a823          	sw	zero,-560(gp) # 200006b8 <timerlist>
      if(timerlist != NULL) {
    3194:	a019                	j	319a <process_thread_etimer_process+0x38>
  timerlist = NULL;
    3196:	dc01a823          	sw	zero,-560(gp) # 200006b8 <timerlist>
    PROCESS_YIELD();
    319a:	05900793          	li	a5,89
    319e:	4505                	li	a0,1
    31a0:	00f49023          	sh	a5,0(s1)
}
    31a4:	40f2                	lw	ra,28(sp)
    31a6:	4462                	lw	s0,24(sp)
    31a8:	44d2                	lw	s1,20(sp)
    31aa:	4942                	lw	s2,16(sp)
    31ac:	49b2                	lw	s3,12(sp)
    31ae:	6105                	add	sp,sp,32
    31b0:	8082                	ret
        timerlist = timerlist->next;
    31b2:	479c                	lw	a5,8(a5)
    31b4:	4685                	li	a3,1
    31b6:	bfd9                	j	318c <process_thread_etimer_process+0x2a>
      while(timerlist != NULL && timerlist->p == p) {
    31b8:	47cc                	lw	a1,12(a5)
    31ba:	fec58ce3          	beq	a1,a2,31b2 <process_thread_etimer_process+0x50>
    31be:	c299                	beqz	a3,31c4 <process_thread_etimer_process+0x62>
    31c0:	dcf1a823          	sw	a5,-560(gp) # 200006b8 <timerlist>
        timerlist = timerlist->next;
    31c4:	873e                	mv	a4,a5
        while(t->next != NULL) {
    31c6:	87ba                	mv	a5,a4
    31c8:	4718                	lw	a4,8(a4)
    31ca:	db61                	beqz	a4,319a <process_thread_etimer_process+0x38>
          if(t->next->p == p) {
    31cc:	4754                	lw	a3,12(a4)
    31ce:	fec69ce3          	bne	a3,a2,31c6 <process_thread_etimer_process+0x64>
            t->next = t->next->next;
    31d2:	4718                	lw	a4,8(a4)
    31d4:	c798                	sw	a4,8(a5)
    31d6:	b7fd                	j	31c4 <process_thread_etimer_process+0x62>
    } else if(ev != PROCESS_EVENT_POLL) {
    31d8:	08200793          	li	a5,130
    31dc:	faf59fe3          	bne	a1,a5,319a <process_thread_etimer_process+0x38>
    for(t = timerlist; t != NULL; t = t->next) {
    31e0:	dd01a403          	lw	s0,-560(gp) # 200006b8 <timerlist>
    u = NULL;
    31e4:	4901                	li	s2,0
    for(t = timerlist; t != NULL; t = t->next) {
    31e6:	d855                	beqz	s0,319a <process_thread_etimer_process+0x38>
      if(timer_expired(&t->timer)) {
    31e8:	8522                	mv	a0,s0
    31ea:	2ea9                	jal	3544 <timer_expired>
    31ec:	c905                	beqz	a0,321c <process_thread_etimer_process+0xba>
        if(process_post(t->p, PROCESS_EVENT_TIMER, t) == PROCESS_ERR_OK) {
    31ee:	8622                	mv	a2,s0
    31f0:	08800593          	li	a1,136
    31f4:	4448                	lw	a0,12(s0)
    31f6:	2c61                	jal	348e <process_post>
    31f8:	e105                	bnez	a0,3218 <process_thread_etimer_process+0xb6>
          t->p = PROCESS_NONE;
    31fa:	00042623          	sw	zero,12(s0)
            u->next = t->next;
    31fe:	441c                	lw	a5,8(s0)
          if(u != NULL) {
    3200:	00090963          	beqz	s2,3212 <process_thread_etimer_process+0xb0>
            u->next = t->next;
    3204:	00f92423          	sw	a5,8(s2)
          t->next = NULL;
    3208:	00042423          	sw	zero,8(s0)
          update_time();
    320c:	f0fff0ef          	jal	311a <update_time>
          goto again;
    3210:	bfc1                	j	31e0 <process_thread_etimer_process+0x7e>
            timerlist = t->next;
    3212:	dcf1a823          	sw	a5,-560(gp) # 200006b8 <timerlist>
    3216:	bfcd                	j	3208 <process_thread_etimer_process+0xa6>
          etimer_request_poll();
    3218:	f41ff0ef          	jal	3158 <etimer_request_poll>
      u = t;
    321c:	8922                	mv	s2,s0
    for(t = timerlist; t != NULL; t = t->next) {
    321e:	4400                	lw	s0,8(s0)
    3220:	b7d9                	j	31e6 <process_thread_etimer_process+0x84>
  PROCESS_BEGIN();
    3222:	4781                	li	a5,0
    3224:	450d                	li	a0,3
    3226:	bfad                	j	31a0 <process_thread_etimer_process+0x3e>

00003228 <add_timer>:
}
/*---------------------------------------------------------------------------*/
static void
add_timer(struct etimer *timer)
{
    3228:	1141                	add	sp,sp,-16
    322a:	c422                	sw	s0,8(sp)
    322c:	c606                	sw	ra,12(sp)
    322e:	842a                	mv	s0,a0
  struct etimer *t;

  etimer_request_poll();
    3230:	f29ff0ef          	jal	3158 <etimer_request_poll>

  if(timer->p != PROCESS_NONE) {
    3234:	445c                	lw	a5,12(s0)
    3236:	c781                	beqz	a5,323e <add_timer+0x16>
    for(t = timerlist; t != NULL; t = t->next) {
    3238:	dd01a783          	lw	a5,-560(gp) # 200006b8 <timerlist>
    323c:	eb91                	bnez	a5,3250 <add_timer+0x28>
      }
    }
  }

  /* Timer not on list. */
  timer->p = PROCESS_CURRENT();
    323e:	dd81a783          	lw	a5,-552(gp) # 200006c0 <process_current>
    3242:	c45c                	sw	a5,12(s0)
  timer->next = timerlist;
    3244:	dd01a783          	lw	a5,-560(gp) # 200006b8 <timerlist>
    3248:	c41c                	sw	a5,8(s0)
  timerlist = timer;
    324a:	dc81a823          	sw	s0,-560(gp) # 200006b8 <timerlist>
    324e:	a031                	j	325a <add_timer+0x32>
      if(t == timer) {
    3250:	00879a63          	bne	a5,s0,3264 <add_timer+0x3c>
        timer->p = PROCESS_CURRENT();
    3254:	dd81a703          	lw	a4,-552(gp) # 200006c0 <process_current>
    3258:	c7d8                	sw	a4,12(a5)

  update_time();
}
    325a:	4422                	lw	s0,8(sp)
    325c:	40b2                	lw	ra,12(sp)
    325e:	0141                	add	sp,sp,16
  update_time();
    3260:	ebbff06f          	j	311a <update_time>
    for(t = timerlist; t != NULL; t = t->next) {
    3264:	479c                	lw	a5,8(a5)
    3266:	bfd9                	j	323c <add_timer+0x14>

00003268 <etimer_set>:
/*---------------------------------------------------------------------------*/
void
etimer_set(struct etimer *et, clock_time_t interval)
{
    3268:	1141                	add	sp,sp,-16
    326a:	c422                	sw	s0,8(sp)
    326c:	c606                	sw	ra,12(sp)
    326e:	842a                	mv	s0,a0
  timer_set(&et->timer, interval);
    3270:	2c75                	jal	352c <timer_set>
  add_timer(et);
    3272:	8522                	mv	a0,s0
}
    3274:	4422                	lw	s0,8(sp)
    3276:	40b2                	lw	ra,12(sp)
    3278:	0141                	add	sp,sp,16
  add_timer(et);
    327a:	fafff06f          	j	3228 <add_timer>

0000327e <etimer_reset>:
  add_timer(et);
}
/*---------------------------------------------------------------------------*/
void
etimer_reset(struct etimer *et)
{
    327e:	1141                	add	sp,sp,-16
    3280:	c422                	sw	s0,8(sp)
    3282:	c606                	sw	ra,12(sp)
    3284:	842a                	mv	s0,a0
  timer_reset(&et->timer);
    3286:	24c5                	jal	3566 <timer_reset>
  add_timer(et);
    3288:	8522                	mv	a0,s0
}
    328a:	4422                	lw	s0,8(sp)
    328c:	40b2                	lw	ra,12(sp)
    328e:	0141                	add	sp,sp,16
  add_timer(et);
    3290:	f99ff06f          	j	3228 <add_timer>

00003294 <etimer_expired>:
}
/*---------------------------------------------------------------------------*/
int
etimer_expired(struct etimer *et)
{
  return et->p == PROCESS_NONE;
    3294:	4548                	lw	a0,12(a0)
}
    3296:	00153513          	seqz	a0,a0
    329a:	8082                	ret

0000329c <etimer_pending>:
}
/*---------------------------------------------------------------------------*/
int
etimer_pending(void)
{
  return timerlist != NULL;
    329c:	dd01a503          	lw	a0,-560(gp) # 200006b8 <timerlist>
}
    32a0:	00a03533          	snez	a0,a0
    32a4:	8082                	ret

000032a6 <call_process.part.0>:
    printf("process: process '%s' called again with event %d\n", PROCESS_NAME_STRING(p), ev);
  }
#endif /* DEBUG */

  if((p->state & PROCESS_STATE_RUNNING) &&
     p->thread != NULL) {
    32a6:	451c                	lw	a5,8(a0)
  if((p->state & PROCESS_STATE_RUNNING) &&
    32a8:	c7a1                	beqz	a5,32f0 <call_process.part.0+0x4a>
call_process(struct process *p, process_event_t ev, process_data_t data)
    32aa:	1141                	add	sp,sp,-16
    32ac:	c422                	sw	s0,8(sp)
    32ae:	c226                	sw	s1,4(sp)
    PRINTF("process: calling process '%s' with event %d\n", PROCESS_NAME_STRING(p), ev);
    process_current = p;
    32b0:	dca1ac23          	sw	a0,-552(gp) # 200006c0 <process_current>
call_process(struct process *p, process_event_t ev, process_data_t data)
    32b4:	c606                	sw	ra,12(sp)
    p->state = PROCESS_STATE_CALLED;
    32b6:	4709                	li	a4,2
    32b8:	00e50723          	sb	a4,14(a0)
    32bc:	842a                	mv	s0,a0
    ret = p->thread(&p->pt, ev, data);
    32be:	0531                	add	a0,a0,12
    32c0:	84ae                	mv	s1,a1
    32c2:	9782                	jalr	a5
    if(ret == PT_EXITED ||
    32c4:	1579                	add	a0,a0,-2
    32c6:	4785                	li	a5,1
    32c8:	00a7f663          	bgeu	a5,a0,32d4 <call_process.part.0+0x2e>
       ret == PT_ENDED ||
    32cc:	08300713          	li	a4,131
    32d0:	00e49963          	bne	s1,a4,32e2 <call_process.part.0+0x3c>
       ev == PROCESS_EVENT_EXIT) {
      exit_process(p, p);
    32d4:	85a2                	mv	a1,s0
    32d6:	8522                	mv	a0,s0
    } else {
      p->state = PROCESS_STATE_RUNNING;
    }
  }
}
    32d8:	4422                	lw	s0,8(sp)
    32da:	40b2                	lw	ra,12(sp)
    32dc:	4492                	lw	s1,4(sp)
    32de:	0141                	add	sp,sp,16
      exit_process(p, p);
    32e0:	a005                	j	3300 <exit_process>
      p->state = PROCESS_STATE_RUNNING;
    32e2:	00f40723          	sb	a5,14(s0)
}
    32e6:	40b2                	lw	ra,12(sp)
    32e8:	4422                	lw	s0,8(sp)
    32ea:	4492                	lw	s1,4(sp)
    32ec:	0141                	add	sp,sp,16
    32ee:	8082                	ret
    32f0:	8082                	ret

000032f2 <call_process>:
  if((p->state & PROCESS_STATE_RUNNING) &&
    32f2:	00e54783          	lbu	a5,14(a0)
    32f6:	8b85                	and	a5,a5,1
    32f8:	c399                	beqz	a5,32fe <call_process+0xc>
    32fa:	fadff06f          	j	32a6 <call_process.part.0>
}
    32fe:	8082                	ret

00003300 <exit_process>:
{
    3300:	1101                	add	sp,sp,-32
    3302:	c64e                	sw	s3,12(sp)
    3304:	ca26                	sw	s1,20(sp)
  for(q = process_list; q != p && q != NULL; q = q->next);
    3306:	ddc1a483          	lw	s1,-548(gp) # 200006c4 <process_list>
{
    330a:	cc22                	sw	s0,24(sp)
    330c:	c452                	sw	s4,8(sp)
    330e:	ce06                	sw	ra,28(sp)
    3310:	c84a                	sw	s2,16(sp)
    3312:	c256                	sw	s5,4(sp)
    3314:	842a                	mv	s0,a0
    3316:	8a2e                	mv	s4,a1
  for(q = process_list; q != p && q != NULL; q = q->next);
    3318:	87a6                	mv	a5,s1
    331a:	00878e63          	beq	a5,s0,3336 <exit_process+0x36>
    331e:	eb91                	bnez	a5,3332 <exit_process+0x32>
}
    3320:	40f2                	lw	ra,28(sp)
    3322:	4462                	lw	s0,24(sp)
    3324:	44d2                	lw	s1,20(sp)
    3326:	4942                	lw	s2,16(sp)
    3328:	49b2                	lw	s3,12(sp)
    332a:	4a22                	lw	s4,8(sp)
    332c:	4a92                	lw	s5,4(sp)
    332e:	6105                	add	sp,sp,32
    3330:	8082                	ret
  for(q = process_list; q != p && q != NULL; q = q->next);
    3332:	439c                	lw	a5,0(a5)
    3334:	b7dd                	j	331a <exit_process+0x1a>
  if(q == NULL) {
    3336:	d46d                	beqz	s0,3320 <exit_process+0x20>
  if(process_is_running(p)) {
    3338:	00e44783          	lbu	a5,14(s0)
  struct process *old_current = process_current;
    333c:	dd81aa83          	lw	s5,-552(gp) # 200006c0 <process_current>
  if(process_is_running(p)) {
    3340:	c385                	beqz	a5,3360 <exit_process+0x60>
    p->state = PROCESS_STATE_NONE;
    3342:	00040723          	sb	zero,14(s0)
    for(q = process_list; q != NULL; q = q->next) {
    3346:	e49d                	bnez	s1,3374 <exit_process+0x74>
    if(p->thread != NULL && p != fromprocess) {
    3348:	441c                	lw	a5,8(s0)
    334a:	cb99                	beqz	a5,3360 <exit_process+0x60>
    334c:	01440a63          	beq	s0,s4,3360 <exit_process+0x60>
      process_current = p;
    3350:	dc81ac23          	sw	s0,-552(gp) # 200006c0 <process_current>
      p->thread(&p->pt, PROCESS_EVENT_EXIT, NULL);
    3354:	4601                	li	a2,0
    3356:	08300593          	li	a1,131
    335a:	00c40513          	add	a0,s0,12
    335e:	9782                	jalr	a5
  if(p == process_list) {
    3360:	ddc1a783          	lw	a5,-548(gp) # 200006c4 <process_list>
    3364:	02879363          	bne	a5,s0,338a <exit_process+0x8a>
    process_list = process_list->next;
    3368:	401c                	lw	a5,0(s0)
    336a:	dcf1ae23          	sw	a5,-548(gp) # 200006c4 <process_list>
  process_current = old_current;
    336e:	dd51ac23          	sw	s5,-552(gp) # 200006c0 <process_current>
    3372:	b77d                	j	3320 <exit_process+0x20>
      if(p != q) {
    3374:	00848863          	beq	s1,s0,3384 <exit_process+0x84>
        call_process(q, PROCESS_EVENT_EXITED, (process_data_t)p);
    3378:	8622                	mv	a2,s0
    337a:	08700593          	li	a1,135
    337e:	8526                	mv	a0,s1
    3380:	f73ff0ef          	jal	32f2 <call_process>
    for(q = process_list; q != NULL; q = q->next) {
    3384:	4084                	lw	s1,0(s1)
    3386:	b7c1                	j	3346 <exit_process+0x46>
    for(q = process_list; q != NULL; q = q->next) {
    3388:	87ba                	mv	a5,a4
    338a:	d3f5                	beqz	a5,336e <exit_process+0x6e>
      if(q->next == p) {
    338c:	4398                	lw	a4,0(a5)
    338e:	fe871de3          	bne	a4,s0,3388 <exit_process+0x88>
        q->next = p->next;
    3392:	4018                	lw	a4,0(s0)
    3394:	c398                	sw	a4,0(a5)
        break;
    3396:	bfe1                	j	336e <exit_process+0x6e>

00003398 <do_poll>:
 * Call each process' poll handler.
 */
/*---------------------------------------------------------------------------*/
static void
do_poll(void)
{
    3398:	1141                	add	sp,sp,-16
  struct process *p;

  poll_requested = 0;
    339a:	dc018a23          	sb	zero,-556(gp) # 200006bc <poll_requested>
{
    339e:	c422                	sw	s0,8(sp)
    33a0:	c226                	sw	s1,4(sp)
    33a2:	c606                	sw	ra,12(sp)
  /* Call the processes that needs to be polled. */
  for(p = process_list; p != NULL; p = p->next) {
    33a4:	ddc1a403          	lw	s0,-548(gp) # 200006c4 <process_list>
    if(p->needspoll) {
      p->state = PROCESS_STATE_RUNNING;
    33a8:	4485                	li	s1,1
  for(p = process_list; p != NULL; p = p->next) {
    33aa:	e411                	bnez	s0,33b6 <do_poll+0x1e>
      p->needspoll = 0;
      call_process(p, PROCESS_EVENT_POLL, NULL);
    }
  }
}
    33ac:	40b2                	lw	ra,12(sp)
    33ae:	4422                	lw	s0,8(sp)
    33b0:	4492                	lw	s1,4(sp)
    33b2:	0141                	add	sp,sp,16
    33b4:	8082                	ret
    if(p->needspoll) {
    33b6:	00f44783          	lbu	a5,15(s0)
    33ba:	cb89                	beqz	a5,33cc <do_poll+0x34>
      p->state = PROCESS_STATE_RUNNING;
    33bc:	00941723          	sh	s1,14(s0)
  if((p->state & PROCESS_STATE_RUNNING) &&
    33c0:	4601                	li	a2,0
    33c2:	08200593          	li	a1,130
    33c6:	8522                	mv	a0,s0
    33c8:	edfff0ef          	jal	32a6 <call_process.part.0>
  for(p = process_list; p != NULL; p = p->next) {
    33cc:	4000                	lw	s0,0(s0)
    33ce:	bff1                	j	33aa <do_poll+0x12>

000033d0 <process_init>:
  lastevent = PROCESS_EVENT_MAX;
    33d0:	f8a00713          	li	a4,-118
    33d4:	dce18ba3          	sb	a4,-553(gp) # 200006bf <lastevent>
  nevents = fevent = 0;
    33d8:	dc018aa3          	sb	zero,-555(gp) # 200006bd <fevent>
    33dc:	dc018b23          	sb	zero,-554(gp) # 200006be <nevents>
  process_current = process_list = NULL;
    33e0:	dc01ae23          	sw	zero,-548(gp) # 200006c4 <process_list>
    33e4:	dc01ac23          	sw	zero,-552(gp) # 200006c0 <process_current>
}
    33e8:	8082                	ret

000033ea <process_run>:
  }
}
/*---------------------------------------------------------------------------*/
int
process_run(void)
{
    33ea:	1101                	add	sp,sp,-32
    33ec:	c84a                	sw	s2,16(sp)
    33ee:	ce06                	sw	ra,28(sp)
    33f0:	cc22                	sw	s0,24(sp)
    33f2:	ca26                	sw	s1,20(sp)
    33f4:	c64e                	sw	s3,12(sp)
    33f6:	c452                	sw	s4,8(sp)
  /* Process poll events. */
  if(poll_requested) {
    33f8:	dd41c783          	lbu	a5,-556(gp) # 200006bc <poll_requested>
    33fc:	c399                	beqz	a5,3402 <process_run+0x18>
    do_poll();
    33fe:	f9bff0ef          	jal	3398 <do_poll>
  if(nevents > 0) {
    3402:	dd61c683          	lbu	a3,-554(gp) # 200006be <nevents>
    3406:	ca8d                	beqz	a3,3438 <process_run+0x4e>
    ev = events[fevent].ev;
    3408:	dd51c703          	lbu	a4,-555(gp) # 200006bd <fevent>
    340c:	02c18793          	add	a5,gp,44 # 20000914 <events>
    3410:	45b1                	li	a1,12
    3412:	c4b717ff          	maddr32	a5,a4,a1
    fevent = (fevent + 1) % PROCESS_CONF_NUMEVENTS;
    3416:	0705                	add	a4,a4,1
    3418:	03f77713          	and	a4,a4,63
    --nevents;
    341c:	16fd                	add	a3,a3,-1
    receiver = events[fevent].p;
    341e:	4788                	lw	a0,8(a5)
    fevent = (fevent + 1) % PROCESS_CONF_NUMEVENTS;
    3420:	dce18aa3          	sb	a4,-555(gp) # 200006bd <fevent>
    --nevents;
    3424:	dcd18b23          	sb	a3,-554(gp) # 200006be <nevents>
    ev = events[fevent].ev;
    3428:	0007c983          	lbu	s3,0(a5)
    data = events[fevent].data;
    342c:	0047aa03          	lw	s4,4(a5)
    if(receiver == PROCESS_BROADCAST) {
    3430:	ed0d                	bnez	a0,346a <process_run+0x80>
      for(p = process_list; p != NULL; p = p->next) {
    3432:	ddc1a403          	lw	s0,-548(gp) # 200006c4 <process_list>
    3436:	ec11                	bnez	s0,3452 <process_run+0x68>
  }

  /* Process one event from the queue */
  do_event();

  return nevents + poll_requested;
    3438:	dd41c783          	lbu	a5,-556(gp) # 200006bc <poll_requested>
    343c:	dd61c503          	lbu	a0,-554(gp) # 200006be <nevents>
}
    3440:	40f2                	lw	ra,28(sp)
    3442:	4462                	lw	s0,24(sp)
    3444:	44d2                	lw	s1,20(sp)
    3446:	4942                	lw	s2,16(sp)
    3448:	49b2                	lw	s3,12(sp)
    344a:	4a22                	lw	s4,8(sp)
    344c:	953e                	add	a0,a0,a5
    344e:	6105                	add	sp,sp,32
    3450:	8082                	ret
        if(poll_requested) {
    3452:	dd41c783          	lbu	a5,-556(gp) # 200006bc <poll_requested>
    3456:	c399                	beqz	a5,345c <process_run+0x72>
          do_poll();
    3458:	f41ff0ef          	jal	3398 <do_poll>
        call_process(p, ev, data);
    345c:	8522                	mv	a0,s0
    345e:	8652                	mv	a2,s4
    3460:	85ce                	mv	a1,s3
    3462:	e91ff0ef          	jal	32f2 <call_process>
      for(p = process_list; p != NULL; p = p->next) {
    3466:	4000                	lw	s0,0(s0)
    3468:	b7f9                	j	3436 <process_run+0x4c>
      if(ev == PROCESS_EVENT_INIT) {
    346a:	08100793          	li	a5,129
    346e:	00f99563          	bne	s3,a5,3478 <process_run+0x8e>
        receiver->state = PROCESS_STATE_RUNNING;
    3472:	4785                	li	a5,1
    3474:	00f50723          	sb	a5,14(a0)
      call_process(receiver, ev, data);
    3478:	8652                	mv	a2,s4
    347a:	85ce                	mv	a1,s3
    347c:	e77ff0ef          	jal	32f2 <call_process>
    3480:	bf65                	j	3438 <process_run+0x4e>

00003482 <process_nevents>:
/*---------------------------------------------------------------------------*/
int
process_nevents(void)
{
  return nevents + poll_requested;
    3482:	dd41c783          	lbu	a5,-556(gp) # 200006bc <poll_requested>
    3486:	dd61c503          	lbu	a0,-554(gp) # 200006be <nevents>
}
    348a:	953e                	add	a0,a0,a5
    348c:	8082                	ret

0000348e <process_post>:
    PRINTF("process_post: Process '%s' posts event %d to process '%s', nevents %d\n",
           PROCESS_NAME_STRING(PROCESS_CURRENT()), ev,
           p == PROCESS_BROADCAST ? "<broadcast>" : PROCESS_NAME_STRING(p), nevents);
  }

  if(nevents == PROCESS_CONF_NUMEVENTS) {
    348e:	dd61c703          	lbu	a4,-554(gp) # 200006be <nevents>
    3492:	04000793          	li	a5,64
    3496:	02f70563          	beq	a4,a5,34c0 <process_post+0x32>
    }
#endif /* DEBUG */
    return PROCESS_ERR_FULL;
  }

  snum = (process_num_events_t)(fevent + nevents) % PROCESS_CONF_NUMEVENTS;
    349a:	dd51c683          	lbu	a3,-555(gp) # 200006bd <fevent>
    349e:	96ba                	add	a3,a3,a4
  events[snum].ev = ev;
    34a0:	03f6f693          	and	a3,a3,63
    34a4:	48b1                	li	a7,12
    34a6:	02c18793          	add	a5,gp,44 # 20000914 <events>
    34aa:	c51697ff          	maddr32	a5,a3,a7
  events[snum].data = data;
  events[snum].p = p;
  ++nevents;
    34ae:	0705                	add	a4,a4,1
  events[snum].p = p;
    34b0:	c788                	sw	a0,8(a5)
  events[snum].ev = ev;
    34b2:	00b78023          	sb	a1,0(a5)
  events[snum].data = data;
    34b6:	c3d0                	sw	a2,4(a5)
  ++nevents;
    34b8:	dce18b23          	sb	a4,-554(gp) # 200006be <nevents>
  if(nevents > process_maxevents) {
    process_maxevents = nevents;
  }
#endif /* PROCESS_CONF_STATS */

  return PROCESS_ERR_OK;
    34bc:	4501                	li	a0,0
    34be:	8082                	ret
    return PROCESS_ERR_FULL;
    34c0:	4505                	li	a0,1
}
    34c2:	8082                	ret

000034c4 <process_post_synch>:
/*---------------------------------------------------------------------------*/
void
process_post_synch(struct process *p, process_event_t ev, process_data_t data)
{
    34c4:	1141                	add	sp,sp,-16
    34c6:	c422                	sw	s0,8(sp)
    34c8:	c226                	sw	s1,4(sp)
    34ca:	c606                	sw	ra,12(sp)
  struct process *caller = process_current;
    34cc:	dd81a483          	lw	s1,-552(gp) # 200006c0 <process_current>

  call_process(p, ev, data);
    34d0:	e23ff0ef          	jal	32f2 <call_process>
  process_current = caller;
}
    34d4:	40b2                	lw	ra,12(sp)
  process_current = caller;
    34d6:	dc91ac23          	sw	s1,-552(gp) # 200006c0 <process_current>
}
    34da:	4422                	lw	s0,8(sp)
    34dc:	4492                	lw	s1,4(sp)
    34de:	0141                	add	sp,sp,16
    34e0:	8082                	ret

000034e2 <process_start>:
  for(q = process_list; q != p && q != NULL; q = q->next);
    34e2:	ddc1a683          	lw	a3,-548(gp) # 200006c4 <process_list>
{
    34e6:	862e                	mv	a2,a1
  for(q = process_list; q != p && q != NULL; q = q->next);
    34e8:	87b6                	mv	a5,a3
    34ea:	02a78263          	beq	a5,a0,350e <process_start+0x2c>
    34ee:	ef91                	bnez	a5,350a <process_start+0x28>
  if(q == p) {
    34f0:	cd19                	beqz	a0,350e <process_start+0x2c>
  p->state = PROCESS_STATE_RUNNING;
    34f2:	4785                	li	a5,1
  p->next = process_list;
    34f4:	c114                	sw	a3,0(a0)
  p->state = PROCESS_STATE_RUNNING;
    34f6:	00f50723          	sb	a5,14(a0)
  PT_INIT(&p->pt);
    34fa:	00051623          	sh	zero,12(a0)
  process_post_synch(p, PROCESS_EVENT_INIT, data);
    34fe:	08100593          	li	a1,129
  process_list = p;
    3502:	dca1ae23          	sw	a0,-548(gp) # 200006c4 <process_list>
  process_post_synch(p, PROCESS_EVENT_INIT, data);
    3506:	fbfff06f          	j	34c4 <process_post_synch>
  for(q = process_list; q != p && q != NULL; q = q->next);
    350a:	439c                	lw	a5,0(a5)
    350c:	bff9                	j	34ea <process_start+0x8>
}
    350e:	8082                	ret

00003510 <process_poll>:
/*---------------------------------------------------------------------------*/
void
process_poll(struct process *p)
{
  if(p != NULL) {
    3510:	cd09                	beqz	a0,352a <process_poll+0x1a>
    if(p->state == PROCESS_STATE_RUNNING ||
    3512:	00e54783          	lbu	a5,14(a0)
    3516:	17fd                	add	a5,a5,-1
    3518:	0ff7f793          	zext.b	a5,a5
    351c:	4705                	li	a4,1
    351e:	00f76663          	bltu	a4,a5,352a <process_poll+0x1a>
       p->state == PROCESS_STATE_CALLED) {
      p->needspoll = 1;
    3522:	00e507a3          	sb	a4,15(a0)
      poll_requested = 1;
    3526:	dce18a23          	sb	a4,-556(gp) # 200006bc <poll_requested>
    }
  }
}
    352a:	8082                	ret

0000352c <timer_set>:
 * \param interval The interval before the timer expires.
 *
 */
void
timer_set(struct timer *t, clock_time_t interval)
{
    352c:	1141                	add	sp,sp,-16
    352e:	c422                	sw	s0,8(sp)
    3530:	c606                	sw	ra,12(sp)
  t->interval = interval;
    3532:	c14c                	sw	a1,4(a0)
{
    3534:	842a                	mv	s0,a0
  t->start = clock_time();
    3536:	bdfff0ef          	jal	3114 <clock_time>
    353a:	c008                	sw	a0,0(s0)
}
    353c:	40b2                	lw	ra,12(sp)
    353e:	4422                	lw	s0,8(sp)
    3540:	0141                	add	sp,sp,16
    3542:	8082                	ret

00003544 <timer_expired>:
 * \return Non-zero if the timer has expired, zero otherwise.
 *
 */
int
timer_expired(struct timer *t)
{
    3544:	1141                	add	sp,sp,-16
    3546:	c422                	sw	s0,8(sp)
    3548:	c606                	sw	ra,12(sp)
    354a:	842a                	mv	s0,a0
  /* Note: Can not return diff >= t->interval so we add 1 to diff and return
     t->interval < diff - required to avoid an internal error in mspgcc. */
  clock_time_t diff = (clock_time() - t->start) + 1;
    354c:	bc9ff0ef          	jal	3114 <clock_time>
    3550:	401c                	lw	a5,0(s0)
    3552:	40f507b3          	sub	a5,a0,a5
  return t->interval < diff;

}
    3556:	40b2                	lw	ra,12(sp)
  return t->interval < diff;
    3558:	4048                	lw	a0,4(s0)
  clock_time_t diff = (clock_time() - t->start) + 1;
    355a:	0785                	add	a5,a5,1
}
    355c:	4422                	lw	s0,8(sp)
    355e:	00f53533          	sltu	a0,a0,a5
    3562:	0141                	add	sp,sp,16
    3564:	8082                	ret

00003566 <timer_reset>:
{
    3566:	1141                	add	sp,sp,-16
    3568:	c422                	sw	s0,8(sp)
    356a:	c606                	sw	ra,12(sp)
    356c:	842a                	mv	s0,a0
  if(timer_expired(t)) {
    356e:	fd7ff0ef          	jal	3544 <timer_expired>
    3572:	c509                	beqz	a0,357c <timer_reset+0x16>
    t->start += t->interval;
    3574:	401c                	lw	a5,0(s0)
    3576:	4058                	lw	a4,4(s0)
    3578:	97ba                	add	a5,a5,a4
    357a:	c01c                	sw	a5,0(s0)
}
    357c:	40b2                	lw	ra,12(sp)
    357e:	4422                	lw	s0,8(sp)
    3580:	0141                	add	sp,sp,16
    3582:	8082                	ret

00003584 <CRM_InitSyspllCore>:
}

// Initializes the system SYSPLL CORE clock with a specified divider.
// Returns CSK_DRIVER_OK on success, CSK_DRIVER_ERROR_PARAMETER if divider is invalid.
int32_t CRM_InitSyspllCore(clock_src_syspllcore_div div){
    if (div > 14){
    3584:	47b9                	li	a5,14
    3586:	02a7e863          	bltu	a5,a0,35b6 <CRM_InitSyspllCore+0x32>
        return CSK_DRIVER_ERROR_PARAMETER;
    }
    IP_CMN_BUSCFG->REG_SYSPLL_CFG2.bit.SYSPLL_POSTDIV_SYSTEM_LOAD = 0x0;
    358a:	430007b7          	lui	a5,0x43000
    358e:	4b98                	lw	a4,16(a5)
    3590:	49771713          	bclr	a4,a4,0x17
    3594:	cb98                	sw	a4,16(a5)
    IP_CMN_BUSCFG->REG_SYSPLL_CFG1.bit.SYSPLL_POSTDIV_SYSTEM_DIV_SEL = div;
    3596:	47d8                	lw	a4,12(a5)
    3598:	893d                	and	a0,a0,15
    359a:	0506                	sll	a0,a0,0x1
    359c:	9b05                	and	a4,a4,-31
    359e:	8f49                	or	a4,a4,a0
    35a0:	c7d8                	sw	a4,12(a5)
    IP_CMN_BUSCFG->REG_SYSPLL_CFG0.bit.SYSPLL_POSTDIV_SYSTEM_EN = 0x1;
    35a2:	4798                	lw	a4,8(a5)
    35a4:	29771713          	bset	a4,a4,0x17
    35a8:	c798                	sw	a4,8(a5)
    MemBarrier();
    IP_CMN_BUSCFG->REG_SYSPLL_CFG2.bit.SYSPLL_POSTDIV_SYSTEM_LOAD = 0x1;
    35aa:	4b98                	lw	a4,16(a5)
    35ac:	29771713          	bset	a4,a4,0x17
    35b0:	cb98                	sw	a4,16(a5)
    return CSK_DRIVER_OK;
    35b2:	4501                	li	a0,0
    35b4:	8082                	ret
        return CSK_DRIVER_ERROR_PARAMETER;
    35b6:	556d                	li	a0,-5
}
    35b8:	8082                	ret

000035ba <CRM_InitSyspllPeri>:
}

// Initializes the system SYSPLL PERI clock with a specified divider.
// Returns CSK_DRIVER_OK on success, CSK_DRIVER_ERROR_PARAMETER if divider is invalid.
int32_t CRM_InitSyspllPeri(clock_src_syspllperi_div div){
    if (div > 10){
    35ba:	47a9                	li	a5,10
    35bc:	02a7e263          	bltu	a5,a0,35e0 <CRM_InitSyspllPeri+0x26>
        return CSK_DRIVER_ERROR_PARAMETER;
    }
    IP_CMN_BUSCFG->REG_SYSPLL_CFG1.bit.SYSPLL_POSTDIV_PERI_DIV_SEL = div;
    35c0:	43000737          	lui	a4,0x43000
    35c4:	76c5                	lui	a3,0xffff1
    35c6:	475c                	lw	a5,12(a4)
    35c8:	16fd                	add	a3,a3,-1 # ffff0fff <_sp+0xdffe8fff>
    35ca:	893d                	and	a0,a0,15
    35cc:	0532                	sll	a0,a0,0xc
    35ce:	8ff5                	and	a5,a5,a3
    35d0:	8fc9                	or	a5,a5,a0
    35d2:	c75c                	sw	a5,12(a4)
    IP_CMN_BUSCFG->REG_SYSPLL_CFG0.bit.SYSPLL_POSTDIV_PERI_EN = 0x1;
    35d4:	471c                	lw	a5,8(a4)
    35d6:	29a79793          	bset	a5,a5,0x1a
    35da:	c71c                	sw	a5,8(a4)
    return CSK_DRIVER_OK;
    35dc:	4501                	li	a0,0
    35de:	8082                	ret
        return CSK_DRIVER_ERROR_PARAMETER;
    35e0:	556d                	li	a0,-5
}
    35e2:	8082                	ret

000035e4 <CRM_InitSyspllFlash>:
}

// Initializes the system SYSPLL FLASH clock with a specified divider.
// Returns CSK_DRIVER_OK on success, CSK_DRIVER_ERROR_PARAMETER if divider is invalid.
int32_t CRM_InitSyspllFlash(clock_src_syspllflash_div div){
    if (div > 7){
    35e4:	479d                	li	a5,7
    35e6:	02a7eb63          	bltu	a5,a0,361c <CRM_InitSyspllFlash+0x38>
        return CSK_DRIVER_ERROR_PARAMETER;
    }
    IP_CMN_BUSCFG->REG_SYSPLL_CFG2.bit.SYSPLL_POSTDIV_FLASH_LOAD = 0x0;
    35ea:	430007b7          	lui	a5,0x43000
    35ee:	4b98                	lw	a4,16(a5)
    35f0:	49671713          	bclr	a4,a4,0x16
    35f4:	cb98                	sw	a4,16(a5)
    IP_CMN_BUSCFG->REG_SYSPLL_CFG1.bit.SYSPLL_POSTDIV_FLASH_DIV_SEL = div;
    35f6:	47d8                	lw	a4,12(a5)
    35f8:	891d                	and	a0,a0,7
    35fa:	9ff77713          	and	a4,a4,-1537
    35fe:	0526                	sll	a0,a0,0x9
    3600:	48b71713          	bclr	a4,a4,0xb
    3604:	8f49                	or	a4,a4,a0
    3606:	c7d8                	sw	a4,12(a5)
    IP_CMN_BUSCFG->REG_SYSPLL_CFG0.bit.SYSPLL_POSTDIV_FLASH_EN = 0x1;
    3608:	4798                	lw	a4,8(a5)
    360a:	29b71713          	bset	a4,a4,0x1b
    360e:	c798                	sw	a4,8(a5)
    MemBarrier();
    IP_CMN_BUSCFG->REG_SYSPLL_CFG2.bit.SYSPLL_POSTDIV_FLASH_LOAD = 0x1;
    3610:	4b98                	lw	a4,16(a5)
    3612:	29671713          	bset	a4,a4,0x16
    3616:	cb98                	sw	a4,16(a5)

    return CSK_DRIVER_OK;
    3618:	4501                	li	a0,0
    361a:	8082                	ret
        return CSK_DRIVER_ERROR_PARAMETER;
    361c:	556d                	li	a0,-5
}
    361e:	8082                	ret

00003620 <CRM_GetSrcFreq>:
}

// Retrieves the frequency of a specified clock source.
// Returns the frequency based on the source, or 0 for unsupported sources.
uint32_t CRM_GetSrcFreq(clock_src_name_t src){
    switch (src){
    3620:	157d                	add	a0,a0,-1
    3622:	47b5                	li	a5,13
    3624:	0aa7ee63          	bltu	a5,a0,36e0 <CRM_GetSrcFreq+0xc0>
    3628:	aa818793          	add	a5,gp,-1368 # 20000390 <memset_func+0x238>
    362c:	20f54533          	sh2add	a0,a0,a5
    3630:	411c                	lw	a5,0(a0)
    3632:	8782                	jr	a5
    
    case CRM_IpSrcSyspllAud:
        return CRM_GetSyspllAudFreq();
    
    case CRM_IpSrcUsbUtmi:
        return CRM_GetUsbUtmiFreq();
    3634:	01c9c537          	lui	a0,0x1c9c
    3638:	38050513          	add	a0,a0,896 # 1c9c380 <_data_lma+0x1c94c08>
    363c:	8082                	ret
    uint32_t src = IP_AON_CTRL->REG_AON_CLK_CTRL.bit.SEL_32KDIV_SRC;
    363e:	450007b7          	lui	a5,0x45000
    3642:	4bfc                	lw	a5,84(a5)
        return CRM_GetRC032KFreq();
    3644:	6521                	lui	a0,0x8
        return CRM_GetCORE32KFreq();
    3646:	8082                	ret
    uint32_t src = IP_CMN_SYSCFG->REG_PERI_CLK_CFG7.bit.SEL_24M_SRC;
    3648:	431007b7          	lui	a5,0x43100
    364c:	5bdc                	lw	a5,52(a5)
        return CRM_GetRC024MFreq();
    364e:	016e3537          	lui	a0,0x16e3
    3652:	60050513          	add	a0,a0,1536 # 16e3600 <_data_lma+0x16dbe88>
        return CRM_GetCORE24MFreq();
    3656:	8082                	ret
    if (!IP_CMN_BUSCFG->REG_SYSPLL_CFG0.bit.SYSPLL_POSTDIV_SYSTEM_EN){
    3658:	430007b7          	lui	a5,0x43000
    365c:	4798                	lw	a4,8(a5)
    365e:	00871693          	sll	a3,a4,0x8
    3662:	4501                	li	a0,0
    3664:	0606df63          	bgez	a3,36e2 <CRM_GetSrcFreq+0xc2>
    div = IP_CMN_BUSCFG->REG_SYSPLL_CFG1.bit.SYSPLL_POSTDIV_SYSTEM_DIV_SEL + 3;
    3668:	47dc                	lw	a5,12(a5)
    366a:	8385                	srl	a5,a5,0x1
    div = IP_CMN_BUSCFG->REG_SYSPLL_CFG2.bit.SYSPLL_POSTDIV_PSRAM_DIV_SEL + 3;
    366c:	8bbd                	and	a5,a5,15
    div = IP_CMN_BUSCFG->REG_SYSPLL_CFG1.bit.SYSPLL_POSTDIV_SDIO_DIV_SEL + 3;
    366e:	078d                	add	a5,a5,3 # 43000003 <_sp+0x22ff8003>
    3670:	a829                	j	368a <CRM_GetSrcFreq+0x6a>
    if (!IP_CMN_BUSCFG->REG_SYSPLL_CFG0.bit.SYSPLL_POSTDIV_PERI_EN){
    3672:	430007b7          	lui	a5,0x43000
    3676:	4798                	lw	a4,8(a5)
    3678:	00571693          	sll	a3,a4,0x5
    367c:	4501                	li	a0,0
    367e:	0606d263          	bgez	a3,36e2 <CRM_GetSrcFreq+0xc2>
    div = IP_CMN_BUSCFG->REG_SYSPLL_CFG1.bit.SYSPLL_POSTDIV_PERI_DIV_SEL + 6;
    3682:	47dc                	lw	a5,12(a5)
    3684:	83b1                	srl	a5,a5,0xc
    3686:	8bbd                	and	a5,a5,15
    3688:	0799                	add	a5,a5,6 # 43000006 <_sp+0x22ff8006>
    freq = BOARD_BOOTCLOCKRUN_SYSPLL_CLK / div;
    368a:	47869537          	lui	a0,0x47869
    368e:	c0050513          	add	a0,a0,-1024 # 47868c00 <_sp+0x27860c00>
    3692:	02f55533          	divu	a0,a0,a5
    return freq;
    3696:	8082                	ret
    if (!IP_CMN_BUSCFG->REG_SYSPLL_CFG0.bit.SYSPLL_POSTDIV_FLASH_EN){
    3698:	430007b7          	lui	a5,0x43000
    369c:	4798                	lw	a4,8(a5)
    369e:	00471693          	sll	a3,a4,0x4
    36a2:	4501                	li	a0,0
    36a4:	0206df63          	bgez	a3,36e2 <CRM_GetSrcFreq+0xc2>
    div = IP_CMN_BUSCFG->REG_SYSPLL_CFG1.bit.SYSPLL_POSTDIV_FLASH_DIV_SEL + 8;
    36a8:	47dc                	lw	a5,12(a5)
    36aa:	83a5                	srl	a5,a5,0x9
    36ac:	8b9d                	and	a5,a5,7
    36ae:	07a1                	add	a5,a5,8 # 43000008 <_sp+0x22ff8008>
    36b0:	bfe9                	j	368a <CRM_GetSrcFreq+0x6a>
    if (!IP_CMN_BUSCFG->REG_SYSPLL_CFG0.bit.SYSPLL_POSTDIV_PSRAM_EN){
    36b2:	430007b7          	lui	a5,0x43000
    36b6:	4798                	lw	a4,8(a5)
    36b8:	00671693          	sll	a3,a4,0x6
    36bc:	4501                	li	a0,0
    36be:	0206d263          	bgez	a3,36e2 <CRM_GetSrcFreq+0xc2>
    div = IP_CMN_BUSCFG->REG_SYSPLL_CFG2.bit.SYSPLL_POSTDIV_PSRAM_DIV_SEL + 3;
    36c2:	4b9c                	lw	a5,16(a5)
    36c4:	83c5                	srl	a5,a5,0x11
    36c6:	b75d                	j	366c <CRM_GetSrcFreq+0x4c>
    if (!IP_CMN_BUSCFG->REG_SYSPLL_CFG0.bit.SYSPLL_POSTDIV_SDIO_EN){
    36c8:	430007b7          	lui	a5,0x43000
    36cc:	4798                	lw	a4,8(a5)
    36ce:	00771693          	sll	a3,a4,0x7
    36d2:	4501                	li	a0,0
    36d4:	0006d763          	bgez	a3,36e2 <CRM_GetSrcFreq+0xc2>
    div = IP_CMN_BUSCFG->REG_SYSPLL_CFG1.bit.SYSPLL_POSTDIV_SDIO_DIV_SEL + 3;
    36d8:	47dc                	lw	a5,12(a5)
    36da:	83f1                	srl	a5,a5,0x1c
    36dc:	8b9d                	and	a5,a5,7
    36de:	bf41                	j	366e <CRM_GetSrcFreq+0x4e>
    switch (src){
    36e0:	4501                	li	a0,0
        return CRM_GetVicPixelFreq();
    
    default:
        return 0;
    }
}
    36e2:	8082                	ret

000036e4 <HAL_CRM_SetSysclkClkSrc>:
  *         @arg 1: SYSCLK using RC024M to source clock
  *         @arg 2: SYSCLK using SyspllCore to source clock
  * @return CSK HAL status
  */
int32_t HAL_CRM_SetSysclkClkSrc(clock_src_name_t src){
    if (src == CRM_IpSrcCORE24M){
    36e4:	4799                	li	a5,6
    36e6:	00f51963          	bne	a0,a5,36f8 <HAL_CRM_SetSysclkClkSrc+0x14>
        IP_CMN_BUSCFG->REG_BUS_CLK_CFG0.bit.SEL_HCLK = 0;
    36ea:	43000737          	lui	a4,0x43000
    36ee:	431c                	lw	a5,0(a4)
    36f0:	9bf1                	and	a5,a5,-4
    }if (src == CRM_IpSrcRC024M){
        IP_CMN_BUSCFG->REG_BUS_CLK_CFG0.bit.SEL_HCLK = 1;
    }if (src == CRM_IpSrcSyspllCore){
        IP_CMN_BUSCFG->REG_BUS_CLK_CFG0.bit.SEL_HCLK = 2;
    36f2:	c31c                	sw	a5,0(a4)
    }
    return CSK_DRIVER_OK;
}
    36f4:	4501                	li	a0,0
    36f6:	8082                	ret
    }if (src == CRM_IpSrcRC024M){
    36f8:	478d                	li	a5,3
    36fa:	00f51963          	bne	a0,a5,370c <HAL_CRM_SetSysclkClkSrc+0x28>
        IP_CMN_BUSCFG->REG_BUS_CLK_CFG0.bit.SEL_HCLK = 1;
    36fe:	43000737          	lui	a4,0x43000
    3702:	431c                	lw	a5,0(a4)
    3704:	9bf1                	and	a5,a5,-4
    3706:	0017e793          	or	a5,a5,1
    370a:	b7e5                	j	36f2 <HAL_CRM_SetSysclkClkSrc+0xe>
    }if (src == CRM_IpSrcSyspllCore){
    370c:	479d                	li	a5,7
    370e:	fef513e3          	bne	a0,a5,36f4 <HAL_CRM_SetSysclkClkSrc+0x10>
        IP_CMN_BUSCFG->REG_BUS_CLK_CFG0.bit.SEL_HCLK = 2;
    3712:	43000737          	lui	a4,0x43000
    3716:	431c                	lw	a5,0(a4)
    3718:	9bf1                	and	a5,a5,-4
    371a:	0027e793          	or	a5,a5,2
    371e:	bfd1                	j	36f2 <HAL_CRM_SetSysclkClkSrc+0xe>

00003720 <HAL_CRM_SetHclkClkDiv>:
  * @param div_n must less than or equal to 15
  * @param div_m must less than or equal to 31
  */
int32_t HAL_CRM_SetHclkClkDiv(
    uint32_t div_n, uint32_t div_m){
    IP_CMN_BUSCFG->REG_BUS_CLK_CFG0.bit.DIV_HCLK_LD = 0x0;
    3720:	430007b7          	lui	a5,0x43000
    3724:	4398                	lw	a4,0(a5)
    3726:	49971713          	bclr	a4,a4,0x19
    372a:	c398                	sw	a4,0(a5)
    if (div_n > 15){
    372c:	473d                	li	a4,15
    372e:	00a77463          	bgeu	a4,a0,3736 <HAL_CRM_SetHclkClkDiv+0x16>
        return CSK_DRIVER_ERROR_PARAMETER;
    3732:	556d                	li	a0,-5
    3734:	8082                	ret
    }
    IP_CMN_BUSCFG->REG_BUS_CLK_CFG0.bit.DIV_HCLK_N = div_n;
    3736:	fe2006b7          	lui	a3,0xfe200
    373a:	4398                	lw	a4,0(a5)
    373c:	893d                	and	a0,a0,15
    373e:	16fd                	add	a3,a3,-1 # fe1fffff <_sp+0xde1f7fff>
    3740:	0556                	sll	a0,a0,0x15
    3742:	8f75                	and	a4,a4,a3
    3744:	8f49                	or	a4,a4,a0
    3746:	c398                	sw	a4,0(a5)
    
    if (div_m > 31){
    3748:	477d                	li	a4,31
    374a:	feb764e3          	bltu	a4,a1,3732 <HAL_CRM_SetHclkClkDiv+0x12>
        return CSK_DRIVER_ERROR_PARAMETER;
    }
    IP_CMN_BUSCFG->REG_BUS_CLK_CFG0.bit.DIV_HCLK_M = div_m;
    374e:	ffe106b7          	lui	a3,0xffe10
    3752:	8df9                	and	a1,a1,a4
    3754:	16fd                	add	a3,a3,-1 # ffe0ffff <_sp+0xdfe07fff>
    3756:	4398                	lw	a4,0(a5)
    3758:	05c2                	sll	a1,a1,0x10
    375a:	8f75                	and	a4,a4,a3
    375c:	8f4d                	or	a4,a4,a1
    375e:	c398                	sw	a4,0(a5)
    

    IP_CMN_BUSCFG->REG_BUS_CLK_CFG0.bit.DIV_HCLK_LD = 0x1;
    3760:	4398                	lw	a4,0(a5)
    3762:	29971713          	bset	a4,a4,0x19
    3766:	c398                	sw	a4,0(a5)
    return CSK_DRIVER_OK;
    3768:	4501                	li	a0,0
}
    376a:	8082                	ret

0000376c <HAL_CRM_SetCmn_pclkClkDiv>:
  * @param div_n must less than or equal to 15
  * @param div_m must less than or equal to 31
  */
int32_t HAL_CRM_SetCmn_pclkClkDiv(
    uint32_t div_n, uint32_t div_m){
    IP_CMN_BUSCFG->REG_BUS_CLK_CFG1.bit.DIV_CMN_PERI_PCLK_LD = 0x0;
    376c:	430007b7          	lui	a5,0x43000
    3770:	43d8                	lw	a4,4(a5)
    3772:	dff77713          	and	a4,a4,-513
    3776:	c3d8                	sw	a4,4(a5)
    if (div_n > 15){
    3778:	473d                	li	a4,15
    377a:	00a77463          	bgeu	a4,a0,3782 <HAL_CRM_SetCmn_pclkClkDiv+0x16>
        return CSK_DRIVER_ERROR_PARAMETER;
    377e:	556d                	li	a0,-5
    3780:	8082                	ret
    }
    IP_CMN_BUSCFG->REG_BUS_CLK_CFG1.bit.DIV_CMN_PERI_PCLK_N = div_n;
    3782:	43d8                	lw	a4,4(a5)
    3784:	893d                	and	a0,a0,15
    3786:	0516                	sll	a0,a0,0x5
    3788:	e1f77713          	and	a4,a4,-481
    378c:	8f49                	or	a4,a4,a0
    378e:	c3d8                	sw	a4,4(a5)
    
    if (div_m > 31){
    3790:	477d                	li	a4,31
    3792:	feb766e3          	bltu	a4,a1,377e <HAL_CRM_SetCmn_pclkClkDiv+0x12>
        return CSK_DRIVER_ERROR_PARAMETER;
    }
    IP_CMN_BUSCFG->REG_BUS_CLK_CFG1.bit.DIV_CMN_PERI_PCLK_M = div_m;
    3796:	8df9                	and	a1,a1,a4
    3798:	43d8                	lw	a4,4(a5)
    379a:	9b01                	and	a4,a4,-32
    379c:	8f4d                	or	a4,a4,a1
    379e:	c3d8                	sw	a4,4(a5)
    

    IP_CMN_BUSCFG->REG_BUS_CLK_CFG1.bit.DIV_CMN_PERI_PCLK_LD = 0x1;
    37a0:	43d8                	lw	a4,4(a5)
    37a2:	20076713          	or	a4,a4,512
    37a6:	c3d8                	sw	a4,4(a5)
    return CSK_DRIVER_OK;
    37a8:	4501                	li	a0,0
}
    37aa:	8082                	ret

000037ac <HAL_CRM_SetAon_cfg_pclkClkDiv>:
  * @param div_n must less than or equal to 31
  * @param div_m must less than or equal to 63
  */
int32_t HAL_CRM_SetAon_cfg_pclkClkDiv(
    uint32_t div_n, uint32_t div_m){
    IP_CMN_BUSCFG->REG_BUS_CLK_CFG1.bit.DIV_AON_CFG_PCLK_LD = 0x0;
    37ac:	430007b7          	lui	a5,0x43000
    37b0:	43d8                	lw	a4,4(a5)
    37b2:	49b71713          	bclr	a4,a4,0x1b
    37b6:	c3d8                	sw	a4,4(a5)
    if (div_n > 31){
    37b8:	477d                	li	a4,31
    37ba:	00a77463          	bgeu	a4,a0,37c2 <HAL_CRM_SetAon_cfg_pclkClkDiv+0x16>
        return CSK_DRIVER_ERROR_PARAMETER;
    37be:	556d                	li	a0,-5
    37c0:	8082                	ret
    }
    IP_CMN_BUSCFG->REG_BUS_CLK_CFG1.bit.DIV_AON_CFG_PCLK_N = div_n;
    37c2:	f84006b7          	lui	a3,0xf8400
    37c6:	43d8                	lw	a4,4(a5)
    37c8:	897d                	and	a0,a0,31
    37ca:	16fd                	add	a3,a3,-1 # f83fffff <_sp+0xd83f7fff>
    37cc:	055a                	sll	a0,a0,0x16
    37ce:	8f75                	and	a4,a4,a3
    37d0:	8f49                	or	a4,a4,a0
    37d2:	c3d8                	sw	a4,4(a5)
    
    if (div_m > 63){
    37d4:	03f00713          	li	a4,63
    37d8:	feb763e3          	bltu	a4,a1,37be <HAL_CRM_SetAon_cfg_pclkClkDiv+0x12>
        return CSK_DRIVER_ERROR_PARAMETER;
    }
    IP_CMN_BUSCFG->REG_BUS_CLK_CFG1.bit.DIV_AON_CFG_PCLK_M = div_m;
    37dc:	ffc106b7          	lui	a3,0xffc10
    37e0:	8df9                	and	a1,a1,a4
    37e2:	16fd                	add	a3,a3,-1 # ffc0ffff <_sp+0xdfc07fff>
    37e4:	43d8                	lw	a4,4(a5)
    37e6:	05c2                	sll	a1,a1,0x10
    37e8:	8f75                	and	a4,a4,a3
    37ea:	8f4d                	or	a4,a4,a1
    37ec:	c3d8                	sw	a4,4(a5)
    

    IP_CMN_BUSCFG->REG_BUS_CLK_CFG1.bit.DIV_AON_CFG_PCLK_LD = 0x1;
    37ee:	43d8                	lw	a4,4(a5)
    37f0:	29b71713          	bset	a4,a4,0x1b
    37f4:	c3d8                	sw	a4,4(a5)
    return CSK_DRIVER_OK;
    37f6:	4501                	li	a0,0
}
    37f8:	8082                	ret

000037fa <HAL_CRM_SetFlashClkDiv>:
  * @brief  Function to configure the FLASH clock divider
  * @param div_m must less than or equal to 31
  */
int32_t HAL_CRM_SetFlashClkDiv(
    uint32_t div_m){
    IP_CMN_SYSCFG->REG_PERI_CLK_CFG0.bit.DIV_FLASHC_CLK_LD = 0x0;
    37fa:	431007b7          	lui	a5,0x43100
    37fe:	4f98                	lw	a4,24(a5)
    3800:	f7f77713          	and	a4,a4,-129
    3804:	cf98                	sw	a4,24(a5)
    if (div_m > 31){
    3806:	477d                	li	a4,31
    3808:	00a76f63          	bltu	a4,a0,3826 <HAL_CRM_SetFlashClkDiv+0x2c>
        return CSK_DRIVER_ERROR_PARAMETER;
    }
    IP_CMN_SYSCFG->REG_PERI_CLK_CFG0.bit.DIV_FLASHC_CLK_M = div_m;
    380c:	8d79                	and	a0,a0,a4
    380e:	4f98                	lw	a4,24(a5)
    3810:	050a                	sll	a0,a0,0x2
    3812:	f8377713          	and	a4,a4,-125
    3816:	8f49                	or	a4,a4,a0
    3818:	cf98                	sw	a4,24(a5)
    

    IP_CMN_SYSCFG->REG_PERI_CLK_CFG0.bit.DIV_FLASHC_CLK_LD = 0x1;
    381a:	4f98                	lw	a4,24(a5)
    381c:	08076713          	or	a4,a4,128
    3820:	cf98                	sw	a4,24(a5)
    return CSK_DRIVER_OK;
    3822:	4501                	li	a0,0
    3824:	8082                	ret
        return CSK_DRIVER_ERROR_PARAMETER;
    3826:	556d                	li	a0,-5
}
    3828:	8082                	ret

0000382a <HAL_CRM_SetFlashClkSrc>:
  *         @arg 0: FLASH using CORE24M to source clock
  *         @arg 1: FLASH using SyspllFlash to source clock
  * @return CSK HAL status
  */
int32_t HAL_CRM_SetFlashClkSrc(clock_src_name_t src){
    if (src == CRM_IpSrcCORE24M){
    382a:	4799                	li	a5,6
    382c:	00f51963          	bne	a0,a5,383e <HAL_CRM_SetFlashClkSrc+0x14>
        IP_CMN_SYSCFG->REG_PERI_CLK_CFG0.bit.SEL_FLASHC_CLK = 0;
    3830:	43100737          	lui	a4,0x43100
    3834:	4f1c                	lw	a5,24(a4)
    3836:	9bf9                	and	a5,a5,-2
    }if (src == CRM_IpSrcSyspllFlash){
        IP_CMN_SYSCFG->REG_PERI_CLK_CFG0.bit.SEL_FLASHC_CLK = 1;
    3838:	cf1c                	sw	a5,24(a4)
    }
    return CSK_DRIVER_OK;
}
    383a:	4501                	li	a0,0
    383c:	8082                	ret
    }if (src == CRM_IpSrcSyspllFlash){
    383e:	47a5                	li	a5,9
    3840:	fef51de3          	bne	a0,a5,383a <HAL_CRM_SetFlashClkSrc+0x10>
        IP_CMN_SYSCFG->REG_PERI_CLK_CFG0.bit.SEL_FLASHC_CLK = 1;
    3844:	43100737          	lui	a4,0x43100
    3848:	4f1c                	lw	a5,24(a4)
    384a:	0017e793          	or	a5,a5,1
    384e:	b7ed                	j	3838 <HAL_CRM_SetFlashClkSrc+0xe>

00003850 <HAL_CRM_SetUart0ClkDiv>:
  * @param div_n must less than or equal to 511
  * @param div_m must less than or equal to 1023
  */
int32_t HAL_CRM_SetUart0ClkDiv(
    uint32_t div_n, uint32_t div_m){
    IP_CMN_SYSCFG->REG_PERI_CLK_CFG1.bit.DIV_UART0_CLK_LD = 0x0;
    3850:	431007b7          	lui	a5,0x43100
    3854:	4fd8                	lw	a4,28(a5)
    3856:	49571713          	bclr	a4,a4,0x15
    385a:	cfd8                	sw	a4,28(a5)
    if (div_n > 511){
    385c:	1ff00713          	li	a4,511
    3860:	00a77463          	bgeu	a4,a0,3868 <HAL_CRM_SetUart0ClkDiv+0x18>
        return CSK_DRIVER_ERROR_PARAMETER;
    3864:	556d                	li	a0,-5
    3866:	8082                	ret
    }
    IP_CMN_SYSCFG->REG_PERI_CLK_CFG1.bit.DIV_UART0_CLK_N = div_n;
    3868:	ffe016b7          	lui	a3,0xffe01
    386c:	4fd8                	lw	a4,28(a5)
    386e:	1ff57513          	and	a0,a0,511
    3872:	16fd                	add	a3,a3,-1 # ffe00fff <_sp+0xdfdf8fff>
    3874:	0532                	sll	a0,a0,0xc
    3876:	8f75                	and	a4,a4,a3
    3878:	8f49                	or	a4,a4,a0
    387a:	cfd8                	sw	a4,28(a5)
    
    if (div_m > 1023){
    387c:	3ff00713          	li	a4,1023
    3880:	feb762e3          	bltu	a4,a1,3864 <HAL_CRM_SetUart0ClkDiv+0x14>
        return CSK_DRIVER_ERROR_PARAMETER;
    }
    IP_CMN_SYSCFG->REG_PERI_CLK_CFG1.bit.DIV_UART0_CLK_M = div_m;
    3884:	8df9                	and	a1,a1,a4
    3886:	4fd8                	lw	a4,28(a5)
    3888:	80377713          	and	a4,a4,-2045
    388c:	058a                	sll	a1,a1,0x2
    388e:	48b71713          	bclr	a4,a4,0xb
    3892:	8f4d                	or	a4,a4,a1
    3894:	cfd8                	sw	a4,28(a5)
    

    IP_CMN_SYSCFG->REG_PERI_CLK_CFG1.bit.DIV_UART0_CLK_LD = 0x1;
    3896:	4fd8                	lw	a4,28(a5)
    3898:	29571713          	bset	a4,a4,0x15
    389c:	cfd8                	sw	a4,28(a5)
    return CSK_DRIVER_OK;
    389e:	4501                	li	a0,0
}
    38a0:	8082                	ret

000038a2 <CRM_GetUart0Freq>:
/**
 * @brief Checks if the UART0 clock is enabled.
 * @return 1 if enabled, 0 if disabled.
 */
static inline uint8_t HAL_CRM_Uart0ClkIsEnabled(){
    return IP_CMN_SYSCFG->REG_PERI_CLK_CFG1.bit.ENA_UART0_CLK;
    38a2:	431007b7          	lui	a5,0x43100
    38a6:	4fd8                	lw	a4,28(a5)
    38a8:	48175713          	bext	a4,a4,0x1
// Returns 0 if UART0 is disabled, otherwise calculates frequency based on source and dividers.
uint32_t CRM_GetUart0Freq(void){
    uint32_t freq = 0;
    uint32_t div_n = 1;
    uint32_t div_m = 1;
    if (!HAL_CRM_Uart0ClkIsEnabled()){
    38ac:	cf0d                	beqz	a4,38e6 <CRM_GetUart0Freq+0x44>
 * @param div_n Pointer to store the divider value (N).
 * @param div_m Pointer to store the divider value (M).
 */
static inline void HAL_CRM_GetUart0ClkConfig(clock_src_name_t *src,uint32_t *div_n, uint32_t *div_m){
    uint32_t src_t;
    src_t = IP_CMN_SYSCFG->REG_PERI_CLK_CFG1.bit.SEL_UART0_CLK;
    38ae:	4fc8                	lw	a0,28(a5)
    38b0:	8905                	and	a0,a0,1
uint32_t CRM_GetUart0Freq(void){
    38b2:	1141                	add	sp,sp,-16
    if (src_t == 0){
        *src = CRM_IpSrcCORE24M;
    }if (src_t == 1){
        *src = CRM_IpSrcSyspllPeri;
    38b4:	157d                	add	a0,a0,-1
    38b6:	c422                	sw	s0,8(sp)
    38b8:	9979                	and	a0,a0,-2
    }
    *div_n = IP_CMN_SYSCFG->REG_PERI_CLK_CFG1.bit.DIV_UART0_CLK_N;
    38ba:	4fc0                	lw	s0,28(a5)
    38bc:	c226                	sw	s1,4(sp)
    38be:	8031                	srl	s0,s0,0xc
    *div_m = IP_CMN_SYSCFG->REG_PERI_CLK_CFG1.bit.DIV_UART0_CLK_M;
    38c0:	4fc4                	lw	s1,28(a5)
        return 0;
    }
    clock_src_name_t src = 0;
    HAL_CRM_GetUart0ClkConfig(&src,&div_n, &div_m);    
    freq = CRM_GetSrcFreq(src);
    38c2:	0521                	add	a0,a0,8
uint32_t CRM_GetUart0Freq(void){
    38c4:	c606                	sw	ra,12(sp)
    *div_n = IP_CMN_SYSCFG->REG_PERI_CLK_CFG1.bit.DIV_UART0_CLK_N;
    38c6:	1ff47413          	and	s0,s0,511
    freq = CRM_GetSrcFreq(src);
    38ca:	d57ff0ef          	jal	3620 <CRM_GetSrcFreq>
    *div_m = IP_CMN_SYSCFG->REG_PERI_CLK_CFG1.bit.DIV_UART0_CLK_M;
    38ce:	8089                	srl	s1,s1,0x2
    38d0:	3ff4f493          	and	s1,s1,1023

    return freq*div_n/div_m;
    38d4:	02a40533          	mul	a0,s0,a0
}
    38d8:	40b2                	lw	ra,12(sp)
    38da:	4422                	lw	s0,8(sp)
    return freq*div_n/div_m;
    38dc:	02955533          	divu	a0,a0,s1
}
    38e0:	4492                	lw	s1,4(sp)
    38e2:	0141                	add	sp,sp,16
    38e4:	8082                	ret
    38e6:	4501                	li	a0,0
    38e8:	8082                	ret

000038ea <HAL_CRM_SetUart1ClkDiv>:
  * @param div_n must less than or equal to 511
  * @param div_m must less than or equal to 1023
  */
int32_t HAL_CRM_SetUart1ClkDiv(
    uint32_t div_n, uint32_t div_m){
    IP_CMN_SYSCFG->REG_PERI_CLK_CFG2.bit.DIV_UART1_CLK_LD = 0x0;
    38ea:	431007b7          	lui	a5,0x43100
    38ee:	5398                	lw	a4,32(a5)
    38f0:	49571713          	bclr	a4,a4,0x15
    38f4:	d398                	sw	a4,32(a5)
    if (div_n > 511){
    38f6:	1ff00713          	li	a4,511
    38fa:	00a77463          	bgeu	a4,a0,3902 <HAL_CRM_SetUart1ClkDiv+0x18>
        return CSK_DRIVER_ERROR_PARAMETER;
    38fe:	556d                	li	a0,-5
    3900:	8082                	ret
    }
    IP_CMN_SYSCFG->REG_PERI_CLK_CFG2.bit.DIV_UART1_CLK_N = div_n;
    3902:	ffe016b7          	lui	a3,0xffe01
    3906:	5398                	lw	a4,32(a5)
    3908:	1ff57513          	and	a0,a0,511
    390c:	16fd                	add	a3,a3,-1 # ffe00fff <_sp+0xdfdf8fff>
    390e:	0532                	sll	a0,a0,0xc
    3910:	8f75                	and	a4,a4,a3
    3912:	8f49                	or	a4,a4,a0
    3914:	d398                	sw	a4,32(a5)
    
    if (div_m > 1023){
    3916:	3ff00713          	li	a4,1023
    391a:	feb762e3          	bltu	a4,a1,38fe <HAL_CRM_SetUart1ClkDiv+0x14>
        return CSK_DRIVER_ERROR_PARAMETER;
    }
    IP_CMN_SYSCFG->REG_PERI_CLK_CFG2.bit.DIV_UART1_CLK_M = div_m;
    391e:	8df9                	and	a1,a1,a4
    3920:	5398                	lw	a4,32(a5)
    3922:	80377713          	and	a4,a4,-2045
    3926:	058a                	sll	a1,a1,0x2
    3928:	48b71713          	bclr	a4,a4,0xb
    392c:	8f4d                	or	a4,a4,a1
    392e:	d398                	sw	a4,32(a5)
    

    IP_CMN_SYSCFG->REG_PERI_CLK_CFG2.bit.DIV_UART1_CLK_LD = 0x1;
    3930:	5398                	lw	a4,32(a5)
    3932:	29571713          	bset	a4,a4,0x15
    3936:	d398                	sw	a4,32(a5)
    return CSK_DRIVER_OK;
    3938:	4501                	li	a0,0
}
    393a:	8082                	ret

0000393c <CRM_GetUart1Freq>:
/**
 * @brief Checks if the UART1 clock is enabled.
 * @return 1 if enabled, 0 if disabled.
 */
static inline uint8_t HAL_CRM_Uart1ClkIsEnabled(){
    return IP_CMN_SYSCFG->REG_PERI_CLK_CFG2.bit.ENA_UART1_CLK;
    393c:	431007b7          	lui	a5,0x43100
    3940:	5398                	lw	a4,32(a5)
    3942:	48175713          	bext	a4,a4,0x1
// Returns 0 if UART1 is disabled, otherwise calculates frequency based on source and dividers.
uint32_t CRM_GetUart1Freq(void){
    uint32_t freq = 0;
    uint32_t div_n = 1;
    uint32_t div_m = 1;
    if (!HAL_CRM_Uart1ClkIsEnabled()){
    3946:	cf0d                	beqz	a4,3980 <CRM_GetUart1Freq+0x44>
 * @param div_n Pointer to store the divider value (N).
 * @param div_m Pointer to store the divider value (M).
 */
static inline void HAL_CRM_GetUart1ClkConfig(clock_src_name_t *src,uint32_t *div_n, uint32_t *div_m){
    uint32_t src_t;
    src_t = IP_CMN_SYSCFG->REG_PERI_CLK_CFG2.bit.SEL_UART1_CLK;
    3948:	5388                	lw	a0,32(a5)
    394a:	8905                	and	a0,a0,1
uint32_t CRM_GetUart1Freq(void){
    394c:	1141                	add	sp,sp,-16
    if (src_t == 0){
        *src = CRM_IpSrcCORE24M;
    }if (src_t == 1){
        *src = CRM_IpSrcSyspllPeri;
    394e:	157d                	add	a0,a0,-1
    3950:	c422                	sw	s0,8(sp)
    3952:	9979                	and	a0,a0,-2
    }
    *div_n = IP_CMN_SYSCFG->REG_PERI_CLK_CFG2.bit.DIV_UART1_CLK_N;
    3954:	5380                	lw	s0,32(a5)
    3956:	c226                	sw	s1,4(sp)
    3958:	8031                	srl	s0,s0,0xc
    *div_m = IP_CMN_SYSCFG->REG_PERI_CLK_CFG2.bit.DIV_UART1_CLK_M;
    395a:	5384                	lw	s1,32(a5)
        return 0;
    }
    clock_src_name_t src = 0;
    HAL_CRM_GetUart1ClkConfig(&src,&div_n, &div_m);    
    freq = CRM_GetSrcFreq(src);
    395c:	0521                	add	a0,a0,8
uint32_t CRM_GetUart1Freq(void){
    395e:	c606                	sw	ra,12(sp)
    *div_n = IP_CMN_SYSCFG->REG_PERI_CLK_CFG2.bit.DIV_UART1_CLK_N;
    3960:	1ff47413          	and	s0,s0,511
    freq = CRM_GetSrcFreq(src);
    3964:	cbdff0ef          	jal	3620 <CRM_GetSrcFreq>
    *div_m = IP_CMN_SYSCFG->REG_PERI_CLK_CFG2.bit.DIV_UART1_CLK_M;
    3968:	8089                	srl	s1,s1,0x2
    396a:	3ff4f493          	and	s1,s1,1023

    return freq*div_n/div_m;
    396e:	02a40533          	mul	a0,s0,a0
}
    3972:	40b2                	lw	ra,12(sp)
    3974:	4422                	lw	s0,8(sp)
    return freq*div_n/div_m;
    3976:	02955533          	divu	a0,a0,s1
}
    397a:	4492                	lw	s1,4(sp)
    397c:	0141                	add	sp,sp,16
    397e:	8082                	ret
    3980:	4501                	li	a0,0
    3982:	8082                	ret

00003984 <HAL_CRM_SetUart2ClkDiv>:
  * @param div_n must less than or equal to 511
  * @param div_m must less than or equal to 1023
  */
int32_t HAL_CRM_SetUart2ClkDiv(
    uint32_t div_n, uint32_t div_m){
    IP_CMN_SYSCFG->REG_PERI_CLK_CFG3.bit.DIV_UART2_CLK_LD = 0x0;
    3984:	431007b7          	lui	a5,0x43100
    3988:	53d8                	lw	a4,36(a5)
    398a:	49571713          	bclr	a4,a4,0x15
    398e:	d3d8                	sw	a4,36(a5)
    if (div_n > 511){
    3990:	1ff00713          	li	a4,511
    3994:	00a77463          	bgeu	a4,a0,399c <HAL_CRM_SetUart2ClkDiv+0x18>
        return CSK_DRIVER_ERROR_PARAMETER;
    3998:	556d                	li	a0,-5
    399a:	8082                	ret
    }
    IP_CMN_SYSCFG->REG_PERI_CLK_CFG3.bit.DIV_UART2_CLK_N = div_n;
    399c:	ffe016b7          	lui	a3,0xffe01
    39a0:	53d8                	lw	a4,36(a5)
    39a2:	1ff57513          	and	a0,a0,511
    39a6:	16fd                	add	a3,a3,-1 # ffe00fff <_sp+0xdfdf8fff>
    39a8:	0532                	sll	a0,a0,0xc
    39aa:	8f75                	and	a4,a4,a3
    39ac:	8f49                	or	a4,a4,a0
    39ae:	d3d8                	sw	a4,36(a5)
    
    if (div_m > 1023){
    39b0:	3ff00713          	li	a4,1023
    39b4:	feb762e3          	bltu	a4,a1,3998 <HAL_CRM_SetUart2ClkDiv+0x14>
        return CSK_DRIVER_ERROR_PARAMETER;
    }
    IP_CMN_SYSCFG->REG_PERI_CLK_CFG3.bit.DIV_UART2_CLK_M = div_m;
    39b8:	8df9                	and	a1,a1,a4
    39ba:	53d8                	lw	a4,36(a5)
    39bc:	80377713          	and	a4,a4,-2045
    39c0:	058a                	sll	a1,a1,0x2
    39c2:	48b71713          	bclr	a4,a4,0xb
    39c6:	8f4d                	or	a4,a4,a1
    39c8:	d3d8                	sw	a4,36(a5)
    

    IP_CMN_SYSCFG->REG_PERI_CLK_CFG3.bit.DIV_UART2_CLK_LD = 0x1;
    39ca:	53d8                	lw	a4,36(a5)
    39cc:	29571713          	bset	a4,a4,0x15
    39d0:	d3d8                	sw	a4,36(a5)
    return CSK_DRIVER_OK;
    39d2:	4501                	li	a0,0
}
    39d4:	8082                	ret

000039d6 <CRM_GetUart2Freq>:
/**
 * @brief Checks if the UART2 clock is enabled.
 * @return 1 if enabled, 0 if disabled.
 */
static inline uint8_t HAL_CRM_Uart2ClkIsEnabled(){
    return IP_CMN_SYSCFG->REG_PERI_CLK_CFG3.bit.ENA_UART2_CLK;
    39d6:	431007b7          	lui	a5,0x43100
    39da:	53d8                	lw	a4,36(a5)
    39dc:	48175713          	bext	a4,a4,0x1
// Returns 0 if UART2 is disabled, otherwise calculates frequency based on source and dividers.
uint32_t CRM_GetUart2Freq(void){
    uint32_t freq = 0;
    uint32_t div_n = 1;
    uint32_t div_m = 1;
    if (!HAL_CRM_Uart2ClkIsEnabled()){
    39e0:	cf0d                	beqz	a4,3a1a <CRM_GetUart2Freq+0x44>
 * @param div_n Pointer to store the divider value (N).
 * @param div_m Pointer to store the divider value (M).
 */
static inline void HAL_CRM_GetUart2ClkConfig(clock_src_name_t *src,uint32_t *div_n, uint32_t *div_m){
    uint32_t src_t;
    src_t = IP_CMN_SYSCFG->REG_PERI_CLK_CFG3.bit.SEL_UART2_CLK;
    39e2:	53c8                	lw	a0,36(a5)
    39e4:	8905                	and	a0,a0,1
uint32_t CRM_GetUart2Freq(void){
    39e6:	1141                	add	sp,sp,-16
    if (src_t == 0){
        *src = CRM_IpSrcCORE24M;
    }if (src_t == 1){
        *src = CRM_IpSrcSyspllPeri;
    39e8:	157d                	add	a0,a0,-1
    39ea:	c422                	sw	s0,8(sp)
    39ec:	9979                	and	a0,a0,-2
    }
    *div_n = IP_CMN_SYSCFG->REG_PERI_CLK_CFG3.bit.DIV_UART2_CLK_N;
    39ee:	53c0                	lw	s0,36(a5)
    39f0:	c226                	sw	s1,4(sp)
    39f2:	8031                	srl	s0,s0,0xc
    *div_m = IP_CMN_SYSCFG->REG_PERI_CLK_CFG3.bit.DIV_UART2_CLK_M;
    39f4:	53c4                	lw	s1,36(a5)
        return 0;
    }
    clock_src_name_t src = 0;
    HAL_CRM_GetUart2ClkConfig(&src,&div_n, &div_m);    
    freq = CRM_GetSrcFreq(src);
    39f6:	0521                	add	a0,a0,8
uint32_t CRM_GetUart2Freq(void){
    39f8:	c606                	sw	ra,12(sp)
    *div_n = IP_CMN_SYSCFG->REG_PERI_CLK_CFG3.bit.DIV_UART2_CLK_N;
    39fa:	1ff47413          	and	s0,s0,511
    freq = CRM_GetSrcFreq(src);
    39fe:	c23ff0ef          	jal	3620 <CRM_GetSrcFreq>
    *div_m = IP_CMN_SYSCFG->REG_PERI_CLK_CFG3.bit.DIV_UART2_CLK_M;
    3a02:	8089                	srl	s1,s1,0x2
    3a04:	3ff4f493          	and	s1,s1,1023

    return freq*div_n/div_m;
    3a08:	02a40533          	mul	a0,s0,a0
}
    3a0c:	40b2                	lw	ra,12(sp)
    3a0e:	4422                	lw	s0,8(sp)
    return freq*div_n/div_m;
    3a10:	02955533          	divu	a0,a0,s1
}
    3a14:	4492                	lw	s1,4(sp)
    3a16:	0141                	add	sp,sp,16
    3a18:	8082                	ret
    3a1a:	4501                	li	a0,0
    3a1c:	8082                	ret

00003a1e <logDbg>:
{
    logd_close_flag = logD_on_off;
    return;
}
void logDbg(char* format, ...)
{
    3a1e:	7139                	add	sp,sp,-64
    3a20:	da3e                	sw	a5,52(sp)
    3a22:	d83a                	sw	a4,48(sp)
    3a24:	ce06                	sw	ra,28(sp)
    va_list ap;
    if (logd_close_flag == 1)
    3a26:	de01c703          	lbu	a4,-544(gp) # 200006c8 <logd_close_flag>
{
    3a2a:	d22e                	sw	a1,36(sp)
    3a2c:	d432                	sw	a2,40(sp)
    3a2e:	d636                	sw	a3,44(sp)
    3a30:	dc42                	sw	a6,56(sp)
    3a32:	de46                	sw	a7,60(sp)
    if (logd_close_flag == 1)
    3a34:	4785                	li	a5,1
    3a36:	00f70563          	beq	a4,a5,3a40 <logDbg+0x22>
    {
        return;
    }
    va_start(ap, format);
    3a3a:	104c                	add	a1,sp,36
    3a3c:	c62e                	sw	a1,12(sp)

#ifdef CONFIG_USE_RTT
#include "SEGGER_RTT.h"
    SEGGER_RTT_vprintf(0, format, &ap);
#else
    tfp_vprintf(format, ap);
    3a3e:	2321                	jal	3f46 <tfp_vprintf>
#endif    
    va_end(ap);
}
    3a40:	40f2                	lw	ra,28(sp)
    3a42:	6121                	add	sp,sp,64
    3a44:	8082                	ret

00003a46 <ulli2a>:


#ifdef PRINTF_LONG_LONG_SUPPORT
static void _TFP_GCC_NO_INLINE_ ulli2a(
    unsigned long long int num, struct param *p)
{
    3a46:	7139                	add	sp,sp,-64
    3a48:	dc22                	sw	s0,56(sp)
    3a4a:	da26                	sw	s1,52(sp)
    3a4c:	d84a                	sw	s2,48(sp)
    3a4e:	d64e                	sw	s3,44(sp)
    3a50:	d452                	sw	s4,40(sp)
    3a52:	d256                	sw	s5,36(sp)
    3a54:	d05a                	sw	s6,32(sp)
    3a56:	ce5e                	sw	s7,28(sp)
    3a58:	de06                	sw	ra,60(sp)
    3a5a:	cc62                	sw	s8,24(sp)
    3a5c:	ca66                	sw	s9,20(sp)
    3a5e:	c86a                	sw	s10,16(sp)
    3a60:	c66e                	sw	s11,12(sp)
    3a62:	892a                	mv	s2,a0
    3a64:	89ae                	mv	s3,a1
    3a66:	8a32                	mv	s4,a2
    int n = 0;
    unsigned long long int d = 1;
    char *bf = p->bf;
    3a68:	01062b03          	lw	s6,16(a2)
    while (num / d >= p->base)
    3a6c:	00c62a83          	lw	s5,12(a2)
    3a70:	4b81                	li	s7,0
    unsigned long long int d = 1;
    3a72:	4485                	li	s1,1
    3a74:	4401                	li	s0,0
    while (num / d >= p->base)
    3a76:	8626                	mv	a2,s1
    3a78:	86a2                	mv	a3,s0
    3a7a:	854a                	mv	a0,s2
    3a7c:	85ce                	mv	a1,s3
    3a7e:	196020ef          	jal	5c14 <__udivdi3>
    3a82:	02bb9a63          	bne	s7,a1,3ab6 <ulli2a+0x70>
    3a86:	03557863          	bgeu	a0,s5,3ab6 <ulli2a+0x70>
    int n = 0;
    3a8a:	4b81                	li	s7,0
    while (d != 0) {
        int dgt = num / d;
        num %= d;
        d /= p->base;
        if (n || dgt > 0 || d == 0) {
            *bf++ = dgt + (dgt < 10 ? '0' : (p->uc ? 'A' : 'a') - 10);
    3a8c:	4ca5                	li	s9,9
    while (d != 0) {
    3a8e:	0084e7b3          	or	a5,s1,s0
    3a92:	eb95                	bnez	a5,3ac6 <ulli2a+0x80>
            ++n;
        }
    }
    *bf = 0;
    3a94:	000b0023          	sb	zero,0(s6)
}
    3a98:	50f2                	lw	ra,60(sp)
    3a9a:	5462                	lw	s0,56(sp)
    3a9c:	54d2                	lw	s1,52(sp)
    3a9e:	5942                	lw	s2,48(sp)
    3aa0:	59b2                	lw	s3,44(sp)
    3aa2:	5a22                	lw	s4,40(sp)
    3aa4:	5a92                	lw	s5,36(sp)
    3aa6:	5b02                	lw	s6,32(sp)
    3aa8:	4bf2                	lw	s7,28(sp)
    3aaa:	4c62                	lw	s8,24(sp)
    3aac:	4cd2                	lw	s9,20(sp)
    3aae:	4d42                	lw	s10,16(sp)
    3ab0:	4db2                	lw	s11,12(sp)
    3ab2:	6121                	add	sp,sp,64
    3ab4:	8082                	ret
        d *= p->base;
    3ab6:	035407b3          	mul	a5,s0,s5
    3aba:	0354b433          	mulhu	s0,s1,s5
    3abe:	943e                	add	s0,s0,a5
    3ac0:	035484b3          	mul	s1,s1,s5
    3ac4:	bf4d                	j	3a76 <ulli2a+0x30>
        int dgt = num / d;
    3ac6:	8626                	mv	a2,s1
    3ac8:	86a2                	mv	a3,s0
    3aca:	854a                	mv	a0,s2
    3acc:	85ce                	mv	a1,s3
    3ace:	146020ef          	jal	5c14 <__udivdi3>
        num %= d;
    3ad2:	8626                	mv	a2,s1
    3ad4:	86a2                	mv	a3,s0
    3ad6:	85ce                	mv	a1,s3
        int dgt = num / d;
    3ad8:	8aaa                	mv	s5,a0
    3ada:	8d2a                	mv	s10,a0
        num %= d;
    3adc:	854a                	mv	a0,s2
    3ade:	474020ef          	jal	5f52 <__umoddi3>
        d /= p->base;
    3ae2:	00ca2c03          	lw	s8,12(s4)
        num %= d;
    3ae6:	892a                	mv	s2,a0
    3ae8:	89ae                	mv	s3,a1
        d /= p->base;
    3aea:	8662                	mv	a2,s8
    3aec:	4681                	li	a3,0
    3aee:	8526                	mv	a0,s1
    3af0:	85a2                	mv	a1,s0
    3af2:	122020ef          	jal	5c14 <__udivdi3>
        if (n || dgt > 0 || d == 0) {
    3af6:	000b9a63          	bnez	s7,3b0a <ulli2a+0xc4>
    3afa:	01504863          	bgtz	s5,3b0a <ulli2a+0xc4>
    3afe:	e019                	bnez	s0,3b04 <ulli2a+0xbe>
    3b00:	0384e863          	bltu	s1,s8,3b30 <ulli2a+0xea>
            *bf++ = dgt + (dgt < 10 ? '0' : (p->uc ? 'A' : 'a') - 10);
    3b04:	84aa                	mv	s1,a0
    3b06:	842e                	mv	s0,a1
    3b08:	b759                	j	3a8e <ulli2a+0x48>
    3b0a:	03000793          	li	a5,48
    3b0e:	01acdb63          	bge	s9,s10,3b24 <ulli2a+0xde>
    3b12:	000a4783          	lbu	a5,0(s4)
    3b16:	4827d793          	bext	a5,a5,0x2
    3b1a:	17fd                	add	a5,a5,-1 # 430fffff <_sp+0x230f7fff>
    3b1c:	0207f793          	and	a5,a5,32
    3b20:	03778793          	add	a5,a5,55
    3b24:	97d6                	add	a5,a5,s5
    3b26:	00fb0023          	sb	a5,0(s6)
            ++n;
    3b2a:	0b85                	add	s7,s7,1
            *bf++ = dgt + (dgt < 10 ? '0' : (p->uc ? 'A' : 'a') - 10);
    3b2c:	0b05                	add	s6,s6,1
    3b2e:	bfd9                	j	3b04 <ulli2a+0xbe>
    3b30:	03000793          	li	a5,48
    3b34:	bfc5                	j	3b24 <ulli2a+0xde>

00003b36 <ui2a>:
#ifdef PRINTF_LONG_SUPPORT
static void uli2a(unsigned long int num, struct param *p)
{
    int n = 0;
    unsigned long int d = 1;
    char *bf = p->bf;
    3b36:	4998                	lw	a4,16(a1)
    while (num / d >= p->base)
    3b38:	45d4                	lw	a3,12(a1)
    unsigned long int d = 1;
    3b3a:	4785                	li	a5,1
    while (num / d >= p->base)
    3b3c:	02f55633          	divu	a2,a0,a5
    3b40:	00d67863          	bgeu	a2,a3,3b50 <ui2a+0x1a>
    int n = 0;
    3b44:	4681                	li	a3,0
    while (d != 0) {
        int dgt = num / d;
        num %= d;
        d /= p->base;
        if (n || dgt > 0 || d == 0) {
            *bf++ = dgt + (dgt < 10 ? '0' : (p->uc ? 'A' : 'a') - 10);
    3b46:	48a5                	li	a7,9
    while (d != 0) {
    3b48:	e799                	bnez	a5,3b56 <ui2a+0x20>
            ++n;
        }
    }
    *bf = 0;
    3b4a:	00070023          	sb	zero,0(a4) # 43100000 <_sp+0x230f8000>
}
    3b4e:	8082                	ret
        d *= p->base;
    3b50:	02d787b3          	mul	a5,a5,a3
    3b54:	b7e5                	j	3b3c <ui2a+0x6>
        d /= p->base;
    3b56:	00c5a803          	lw	a6,12(a1)
        int dgt = num / d;
    3b5a:	02f55633          	divu	a2,a0,a5
        d /= p->base;
    3b5e:	0307d333          	divu	t1,a5,a6
        num %= d;
    3b62:	02f57533          	remu	a0,a0,a5
        if (n || dgt > 0 || d == 0) {
    3b66:	e699                	bnez	a3,3b74 <ui2a+0x3e>
    3b68:	00c04663          	bgtz	a2,3b74 <ui2a+0x3e>
    3b6c:	0307e763          	bltu	a5,a6,3b9a <ui2a+0x64>
            *bf++ = dgt + (dgt < 10 ? '0' : (p->uc ? 'A' : 'a') - 10);
    3b70:	879a                	mv	a5,t1
    3b72:	bfd9                	j	3b48 <ui2a+0x12>
    3b74:	03000793          	li	a5,48
    3b78:	00c8db63          	bge	a7,a2,3b8e <ui2a+0x58>
    3b7c:	0005c783          	lbu	a5,0(a1)
    3b80:	4827d793          	bext	a5,a5,0x2
    3b84:	17fd                	add	a5,a5,-1
    3b86:	0207f793          	and	a5,a5,32
    3b8a:	03778793          	add	a5,a5,55
    3b8e:	97b2                	add	a5,a5,a2
    3b90:	00f70023          	sb	a5,0(a4)
            ++n;
    3b94:	0685                	add	a3,a3,1
            *bf++ = dgt + (dgt < 10 ? '0' : (p->uc ? 'A' : 'a') - 10);
    3b96:	0705                	add	a4,a4,1
    3b98:	bfe1                	j	3b70 <ui2a+0x3a>
    3b9a:	03000793          	li	a5,48
    3b9e:	bfc5                	j	3b8e <ui2a+0x58>

00003ba0 <putchw>:
    *nump = num;
    return ch;
}

static void putchw(void *putp, putcf putf, struct param *p)
{
    3ba0:	1101                	add	sp,sp,-32
    3ba2:	cc22                	sw	s0,24(sp)
    3ba4:	ca26                	sw	s1,20(sp)
    3ba6:	c84a                	sw	s2,16(sp)
    3ba8:	c64e                	sw	s3,12(sp)
    3baa:	ce06                	sw	ra,28(sp)
    3bac:	c452                	sw	s4,8(sp)
    3bae:	892a                	mv	s2,a0
    3bb0:	89ae                	mv	s3,a1
    3bb2:	84b2                	mv	s1,a2
    char ch;
    int n = p->width;
    3bb4:	4240                	lw	s0,4(a2)
    char *bf = p->bf;
    3bb6:	4a1c                	lw	a5,16(a2)

    /* Number of filling characters */
    while (*bf++ && n > 0)
    3bb8:	0007c703          	lbu	a4,0(a5)
    3bbc:	0785                	add	a5,a5,1
    3bbe:	c319                	beqz	a4,3bc4 <putchw+0x24>
    3bc0:	08804a63          	bgtz	s0,3c54 <putchw+0xb4>
        n--;
    if (p->sign)
    3bc4:	0084c783          	lbu	a5,8(s1)
        n--;
    3bc8:	00f037b3          	snez	a5,a5
    3bcc:	8c1d                	sub	s0,s0,a5
    if (p->alt && p->base == 16)
    3bce:	0004c783          	lbu	a5,0(s1)
    3bd2:	8b89                	and	a5,a5,2
    3bd4:	c791                	beqz	a5,3be0 <putchw+0x40>
    3bd6:	44dc                	lw	a5,12(s1)
    3bd8:	4741                	li	a4,16
    3bda:	06e79f63          	bne	a5,a4,3c58 <putchw+0xb8>
        n -= 2;
    3bde:	1479                	add	s0,s0,-2
    else if (p->alt && p->base == 8)
        n--;

    /* Fill with space to align to the right, before alternate or sign */
    if (!p->lz && !p->align_left) {
    3be0:	409c                	lw	a5,0(s1)
    3be2:	8ba5                	and	a5,a5,9
    3be4:	8a22                	mv	s4,s0
    3be6:	c3d9                	beqz	a5,3c6c <putchw+0xcc>
        while (n-- > 0)
            putf(putp, ' ');
    }

    /* print sign */
    if (p->sign)
    3be8:	0084c583          	lbu	a1,8(s1)
    3bec:	c199                	beqz	a1,3bf2 <putchw+0x52>
        putf(putp, p->sign);
    3bee:	854a                	mv	a0,s2
    3bf0:	9982                	jalr	s3

    /* Alternate */
    if (p->alt && p->base == 16) {
    3bf2:	0004c783          	lbu	a5,0(s1)
    3bf6:	8b89                	and	a5,a5,2
    3bf8:	c785                	beqz	a5,3c20 <putchw+0x80>
    3bfa:	44dc                	lw	a5,12(s1)
    3bfc:	4741                	li	a4,16
    3bfe:	08e79063          	bne	a5,a4,3c7e <putchw+0xde>
        putf(putp, '0');
    3c02:	03000593          	li	a1,48
    3c06:	854a                	mv	a0,s2
    3c08:	9982                	jalr	s3
        putf(putp, (p->uc ? 'X' : 'x'));
    3c0a:	0004c583          	lbu	a1,0(s1)
    3c0e:	4825d593          	bext	a1,a1,0x2
    3c12:	15fd                	add	a1,a1,-1
    3c14:	0205f593          	and	a1,a1,32
    3c18:	05858593          	add	a1,a1,88
    } else if (p->alt && p->base == 8) {
        putf(putp, '0');
    3c1c:	854a                	mv	a0,s2
    3c1e:	9982                	jalr	s3
    }

    /* Fill with zeros, after alternate or sign */
    if (p->lz) {
    3c20:	0004c783          	lbu	a5,0(s1)
    3c24:	8b85                	and	a5,a5,1
    3c26:	8a22                	mv	s4,s0
    3c28:	e7b5                	bnez	a5,3c94 <putchw+0xf4>
        while (n-- > 0)
            putf(putp, '0');
    }

    /* Put actual buffer */
    bf = p->bf;
    3c2a:	0104aa03          	lw	s4,16(s1)
    while ((ch = *bf++))
    3c2e:	000a4583          	lbu	a1,0(s4)
    3c32:	0a05                	add	s4,s4,1
    3c34:	e9ad                	bnez	a1,3ca6 <putchw+0x106>
        putf(putp, ch);

    /* Fill with space to align to the left, after string */
    if (!p->lz && p->align_left) {
    3c36:	409c                	lw	a5,0(s1)
    3c38:	8ba5                	and	a5,a5,9
    3c3a:	4721                	li	a4,8
    3c3c:	00e79463          	bne	a5,a4,3c44 <putchw+0xa4>
        while (n-- > 0)
    3c40:	06804663          	bgtz	s0,3cac <putchw+0x10c>
            putf(putp, ' ');
    }
}
    3c44:	40f2                	lw	ra,28(sp)
    3c46:	4462                	lw	s0,24(sp)
    3c48:	44d2                	lw	s1,20(sp)
    3c4a:	4942                	lw	s2,16(sp)
    3c4c:	49b2                	lw	s3,12(sp)
    3c4e:	4a22                	lw	s4,8(sp)
    3c50:	6105                	add	sp,sp,32
    3c52:	8082                	ret
        n--;
    3c54:	147d                	add	s0,s0,-1
    3c56:	b78d                	j	3bb8 <putchw+0x18>
        n--;
    3c58:	17e1                	add	a5,a5,-8
    3c5a:	0017b793          	seqz	a5,a5
    3c5e:	8c1d                	sub	s0,s0,a5
    3c60:	b741                	j	3be0 <putchw+0x40>
            putf(putp, ' ');
    3c62:	02000593          	li	a1,32
    3c66:	854a                	mv	a0,s2
    3c68:	9982                	jalr	s3
    3c6a:	1a7d                	add	s4,s4,-1
        while (n-- > 0)
    3c6c:	ff404be3          	bgtz	s4,3c62 <putchw+0xc2>
    3c70:	fff40793          	add	a5,s0,-1
    3c74:	0a046433          	max	s0,s0,zero
    3c78:	40878433          	sub	s0,a5,s0
    3c7c:	b7b5                	j	3be8 <putchw+0x48>
    } else if (p->alt && p->base == 8) {
    3c7e:	4721                	li	a4,8
    3c80:	fae790e3          	bne	a5,a4,3c20 <putchw+0x80>
        putf(putp, '0');
    3c84:	03000593          	li	a1,48
    3c88:	bf51                	j	3c1c <putchw+0x7c>
            putf(putp, '0');
    3c8a:	03000593          	li	a1,48
    3c8e:	854a                	mv	a0,s2
    3c90:	9982                	jalr	s3
    3c92:	1a7d                	add	s4,s4,-1
        while (n-- > 0)
    3c94:	ff404be3          	bgtz	s4,3c8a <putchw+0xea>
    3c98:	fff40793          	add	a5,s0,-1
    3c9c:	0a046433          	max	s0,s0,zero
    3ca0:	40878433          	sub	s0,a5,s0
    3ca4:	b759                	j	3c2a <putchw+0x8a>
        putf(putp, ch);
    3ca6:	854a                	mv	a0,s2
    3ca8:	9982                	jalr	s3
    3caa:	b751                	j	3c2e <putchw+0x8e>
            putf(putp, ' ');
    3cac:	02000593          	li	a1,32
    3cb0:	854a                	mv	a0,s2
    3cb2:	9982                	jalr	s3
    3cb4:	147d                	add	s0,s0,-1
    3cb6:	b769                	j	3c40 <putchw+0xa0>

00003cb8 <tfp_format>:

void tfp_format(void *putp, putcf putf, const char *fmt, va_list va)
{
    3cb8:	711d                	add	sp,sp,-96
    3cba:	c4d2                	sw	s4,72(sp)
    char bf[23];  /* long = 64b on some architectures */
#else
    char bf[12];  /* int = 32b on some architectures */
#endif
    char ch;
    p.bf = bf;
    3cbc:	01810a13          	add	s4,sp,24
{
    3cc0:	cca2                	sw	s0,88(sp)
    3cc2:	c8ca                	sw	s2,80(sp)
    3cc4:	c6ce                	sw	s3,76(sp)
    3cc6:	c2d6                	sw	s5,68(sp)
    3cc8:	c0da                	sw	s6,64(sp)
    3cca:	de5e                	sw	s7,60(sp)
    3ccc:	dc62                	sw	s8,56(sp)
    3cce:	ce86                	sw	ra,92(sp)
    3cd0:	caa6                	sw	s1,84(sp)
    3cd2:	da66                	sw	s9,52(sp)
    3cd4:	892a                	mv	s2,a0
    3cd6:	89ae                	mv	s3,a1
    3cd8:	8436                	mv	s0,a3
    p.bf = bf;
    3cda:	ca52                	sw	s4,20(sp)

    while ((ch = *(fmt++))) {
    	if(ch == '\0')
    		break;

        if (ch != '%') {
    3cdc:	02500a93          	li	s5,37
            p.align_left = 0;
            p.sign = 0;

            /* Flags */
            while ((ch = *(fmt++))) {
                switch (ch) {
    3ce0:	02d00b13          	li	s6,45
    3ce4:	03000b93          	li	s7,48
    3ce8:	02300c13          	li	s8,35
    while ((ch = *(fmt++))) {
    3cec:	00064583          	lbu	a1,0(a2)
    3cf0:	00160493          	add	s1,a2,1
    3cf4:	ed91                	bnez	a1,3d10 <tfp_format+0x58>
                break;
            }
        }
    }
 abort:;
}
    3cf6:	40f6                	lw	ra,92(sp)
    3cf8:	4466                	lw	s0,88(sp)
    3cfa:	44d6                	lw	s1,84(sp)
    3cfc:	4946                	lw	s2,80(sp)
    3cfe:	49b6                	lw	s3,76(sp)
    3d00:	4a26                	lw	s4,72(sp)
    3d02:	4a96                	lw	s5,68(sp)
    3d04:	4b06                	lw	s6,64(sp)
    3d06:	5bf2                	lw	s7,60(sp)
    3d08:	5c62                	lw	s8,56(sp)
    3d0a:	5cd2                	lw	s9,52(sp)
    3d0c:	6125                	add	sp,sp,96
    3d0e:	8082                	ret
        if (ch != '%') {
    3d10:	01558563          	beq	a1,s5,3d1a <tfp_format+0x62>
                putf(putp, ch);
    3d14:	854a                	mv	a0,s2
    3d16:	9982                	jalr	s3
    3d18:	aa21                	j	3e30 <tfp_format+0x178>
            p.lz = 0;
    3d1a:	00414783          	lbu	a5,4(sp)
    3d1e:	9bd1                	and	a5,a5,-12
            p.width = 0;
    3d20:	c402                	sw	zero,8(sp)
            p.lz = 0;
    3d22:	00f10223          	sb	a5,4(sp)
            p.sign = 0;
    3d26:	00010623          	sb	zero,12(sp)
            while ((ch = *(fmt++))) {
    3d2a:	0004c583          	lbu	a1,0(s1)
    3d2e:	0485                	add	s1,s1,1
    3d30:	ed99                	bnez	a1,3d4e <tfp_format+0x96>
            if (ch == 'l') {
    3d32:	06c00713          	li	a4,108
            char lng = 0;  /* 1 for long, 2 for long long */
    3d36:	4781                	li	a5,0
            if (ch == 'l') {
    3d38:	0ce59a63          	bne	a1,a4,3e0c <tfp_format+0x154>
                ch = *(fmt++);
    3d3c:	0004c583          	lbu	a1,0(s1)
                if (ch == 'l') {
    3d40:	0ce59463          	bne	a1,a4,3e08 <tfp_format+0x150>
                  ch = *(fmt++);
    3d44:	0014c583          	lbu	a1,1(s1)
                  lng = 2;
    3d48:	4789                	li	a5,2
                  ch = *(fmt++);
    3d4a:	0489                	add	s1,s1,2
    3d4c:	a0c1                	j	3e0c <tfp_format+0x154>
                switch (ch) {
    3d4e:	03658263          	beq	a1,s6,3d72 <tfp_format+0xba>
    3d52:	03758763          	beq	a1,s7,3d80 <tfp_format+0xc8>
    3d56:	03858a63          	beq	a1,s8,3d8a <tfp_format+0xd2>
            if (ch >= '0' && ch <= '9') {
    3d5a:	fd058713          	add	a4,a1,-48
    3d5e:	0ff77713          	zext.b	a4,a4
    3d62:	47a5                	li	a5,9
    3d64:	06e7e863          	bltu	a5,a4,3dd4 <tfp_format+0x11c>
    unsigned int num = 0;
    3d68:	4681                	li	a3,0
    if (ch >= '0' && ch <= '9')
    3d6a:	873e                	mv	a4,a5
    else if (ch >= 'a' && ch <= 'f')
    3d6c:	4615                	li	a2,5
        if (digit > base)
    3d6e:	4529                	li	a0,10
    3d70:	a091                	j	3db4 <tfp_format+0xfc>
                    p.align_left = 1;
    3d72:	00414783          	lbu	a5,4(sp)
    3d76:	0087e793          	or	a5,a5,8
                    p.alt = 1;
    3d7a:	00f10223          	sb	a5,4(sp)
                    continue;
    3d7e:	b775                	j	3d2a <tfp_format+0x72>
                    p.lz = 1;
    3d80:	00414783          	lbu	a5,4(sp)
    3d84:	0017e793          	or	a5,a5,1
    3d88:	bfcd                	j	3d7a <tfp_format+0xc2>
                    p.alt = 1;
    3d8a:	00414783          	lbu	a5,4(sp)
    3d8e:	0027e793          	or	a5,a5,2
    3d92:	b7e5                	j	3d7a <tfp_format+0xc2>
    else if (ch >= 'A' && ch <= 'F')
    3d94:	fbf58793          	add	a5,a1,-65
    3d98:	0ff7f793          	zext.b	a5,a5
    3d9c:	02f66b63          	bltu	a2,a5,3dd2 <tfp_format+0x11a>
        return ch - 'A' + 10;
    3da0:	fc958793          	add	a5,a1,-55
        if (digit > base)
    3da4:	02a79763          	bne	a5,a0,3dd2 <tfp_format+0x11a>
        num = num * base + digit;
    3da8:	c4a697ff          	maddr32	a5,a3,a0
        ch = *p++;
    3dac:	0485                	add	s1,s1,1
        num = num * base + digit;
    3dae:	86be                	mv	a3,a5
        ch = *p++;
    3db0:	fff4c583          	lbu	a1,-1(s1)
    if (ch >= '0' && ch <= '9')
    3db4:	fd058793          	add	a5,a1,-48
    3db8:	0ff7f813          	zext.b	a6,a5
    3dbc:	ff0776e3          	bgeu	a4,a6,3da8 <tfp_format+0xf0>
    else if (ch >= 'a' && ch <= 'f')
    3dc0:	f9f58793          	add	a5,a1,-97
    3dc4:	0ff7f793          	zext.b	a5,a5
    3dc8:	fcf666e3          	bltu	a2,a5,3d94 <tfp_format+0xdc>
        return ch - 'a' + 10;
    3dcc:	fa958793          	add	a5,a1,-87
    3dd0:	bfd1                	j	3da4 <tfp_format+0xec>
    *nump = num;
    3dd2:	c436                	sw	a3,8(sp)
            if (ch == '.') {
    3dd4:	02e00793          	li	a5,46
    3dd8:	02f59263          	bne	a1,a5,3dfc <tfp_format+0x144>
              p.lz = 1;  /* zero-padding */
    3ddc:	00414783          	lbu	a5,4(sp)
    3de0:	0017e793          	or	a5,a5,1
    3de4:	00f10223          	sb	a5,4(sp)
              } while ((ch >= '0') && (ch <= '9'));
    3de8:	4725                	li	a4,9
                ch = *(fmt++);
    3dea:	0004c583          	lbu	a1,0(s1)
              } while ((ch >= '0') && (ch <= '9'));
    3dee:	fd058793          	add	a5,a1,-48
    3df2:	0ff7f793          	zext.b	a5,a5
                ch = *(fmt++);
    3df6:	0485                	add	s1,s1,1
              } while ((ch >= '0') && (ch <= '9'));
    3df8:	fef779e3          	bgeu	a4,a5,3dea <tfp_format+0x132>
            if (ch == 'z') {
    3dfc:	07a00793          	li	a5,122
    3e00:	f2f599e3          	bne	a1,a5,3d32 <tfp_format+0x7a>
                ch = *(fmt++);
    3e04:	0004c583          	lbu	a1,0(s1)
                ch = *(fmt++);
    3e08:	0485                	add	s1,s1,1
                lng = 1;
    3e0a:	4785                	li	a5,1
            switch (ch) {
    3e0c:	07800713          	li	a4,120
    3e10:	02b76063          	bltu	a4,a1,3e30 <tfp_format+0x178>
    3e14:	06200713          	li	a4,98
    3e18:	00b76e63          	bltu	a4,a1,3e34 <tfp_format+0x17c>
    3e1c:	02500713          	li	a4,37
    3e20:	eee58ae3          	beq	a1,a4,3d14 <tfp_format+0x5c>
    3e24:	05800713          	li	a4,88
    3e28:	0ae58863          	beq	a1,a4,3ed8 <tfp_format+0x220>
    3e2c:	ec0585e3          	beqz	a1,3cf6 <tfp_format+0x3e>
                ui2a(va_arg(va, unsigned int), &p);
    3e30:	8626                	mv	a2,s1
    3e32:	bd6d                	j	3cec <tfp_format+0x34>
            switch (ch) {
    3e34:	f9d58713          	add	a4,a1,-99
    3e38:	0ff77713          	zext.b	a4,a4
    3e3c:	46d5                	li	a3,21
    3e3e:	fee6e9e3          	bltu	a3,a4,3e30 <tfp_format+0x178>
    3e42:	ae018693          	add	a3,gp,-1312 # 200003c8 <memset_func+0x270>
    3e46:	20d74733          	sh2add	a4,a4,a3
    3e4a:	4318                	lw	a4,0(a4)
    3e4c:	8702                	jr	a4
                p.base = 10;
    3e4e:	4729                	li	a4,10
    3e50:	c83a                	sw	a4,16(sp)
                if (2 == lng)
    3e52:	4709                	li	a4,2
    3e54:	0ae79063          	bne	a5,a4,3ef4 <tfp_format+0x23c>
                    ulli2a(va_arg(va, unsigned long long int), &p);
    3e58:	00740793          	add	a5,s0,7
    3e5c:	9be1                	and	a5,a5,-8
    3e5e:	00878413          	add	s0,a5,8
    3e62:	0050                	add	a2,sp,4
    3e64:	4388                	lw	a0,0(a5)
    3e66:	43cc                	lw	a1,4(a5)
    3e68:	a81d                	j	3e9e <tfp_format+0x1e6>
                p.base = 10;
    3e6a:	4729                	li	a4,10
    3e6c:	c83a                	sw	a4,16(sp)
                if (2 == lng)
    3e6e:	4709                	li	a4,2
    3e70:	02e79f63          	bne	a5,a4,3eae <tfp_format+0x1f6>
                    lli2a(va_arg(va, long long int), &p);
    3e74:	00740793          	add	a5,s0,7
    3e78:	9be1                	and	a5,a5,-8
    3e7a:	43cc                	lw	a1,4(a5)
    3e7c:	00878413          	add	s0,a5,8
    3e80:	4388                	lw	a0,0(a5)
    if (num < 0) {
    3e82:	0005dd63          	bgez	a1,3e9c <tfp_format+0x1e4>
        num = -num;
    3e86:	00a037b3          	snez	a5,a0
    3e8a:	40b005b3          	neg	a1,a1
    3e8e:	8d9d                	sub	a1,a1,a5
        p->sign = '-';
    3e90:	02d00793          	li	a5,45
        num = -num;
    3e94:	40a00533          	neg	a0,a0
        p->sign = '-';
    3e98:	00f10623          	sb	a5,12(sp)
    ulli2a(num, p);
    3e9c:	0050                	add	a2,sp,4
                    ulli2a(va_arg(va, unsigned long long int), &p);
    3e9e:	ba9ff0ef          	jal	3a46 <ulli2a>
                putchw(putp, putf, &p);
    3ea2:	0050                	add	a2,sp,4
    3ea4:	85ce                	mv	a1,s3
    3ea6:	854a                	mv	a0,s2
    3ea8:	cf9ff0ef          	jal	3ba0 <putchw>
                break;
    3eac:	b751                	j	3e30 <tfp_format+0x178>
                    li2a(va_arg(va, long int), &p);
    3eae:	4008                	lw	a0,0(s0)
    if (num < 0) {
    3eb0:	00055863          	bgez	a0,3ec0 <tfp_format+0x208>
        p->sign = '-';
    3eb4:	02d00793          	li	a5,45
        num = -num;
    3eb8:	40a00533          	neg	a0,a0
        p->sign = '-';
    3ebc:	00f10623          	sb	a5,12(sp)
    uli2a(num, p);
    3ec0:	004c                	add	a1,sp,4
                    uli2a(va_arg(va, unsigned long int), &p);
    3ec2:	c75ff0ef          	jal	3b36 <ui2a>
                    uli2a(va_arg(va, unsigned long int), &p);
    3ec6:	0411                	add	s0,s0,4
    3ec8:	bfe9                	j	3ea2 <tfp_format+0x1ea>
                p.alt = 1;
    3eca:	00414783          	lbu	a5,4(sp)
    3ece:	0027e793          	or	a5,a5,2
    3ed2:	00f10223          	sb	a5,4(sp)
                lng = 0;
    3ed6:	4781                	li	a5,0
                p.base = 16;
    3ed8:	4741                	li	a4,16
                p.uc = (ch == 'X')?1:0;
    3eda:	fa858593          	add	a1,a1,-88
                p.base = 16;
    3ede:	c83a                	sw	a4,16(sp)
                p.uc = (ch == 'X')?1:0;
    3ee0:	0015b593          	seqz	a1,a1
    3ee4:	00414703          	lbu	a4,4(sp)
    3ee8:	058a                	sll	a1,a1,0x2
    3eea:	9b6d                	and	a4,a4,-5
    3eec:	8f4d                	or	a4,a4,a1
    3eee:	00e10223          	sb	a4,4(sp)
    3ef2:	b785                	j	3e52 <tfp_format+0x19a>
                  if (1 == lng)
    3ef4:	4705                	li	a4,1
                    li2a(va_arg(va, long int), &p);
    3ef6:	4008                	lw	a0,0(s0)
                    uli2a(va_arg(va, unsigned long int), &p);
    3ef8:	004c                	add	a1,sp,4
                  if (1 == lng)
    3efa:	fce784e3          	beq	a5,a4,3ec2 <tfp_format+0x20a>
                    ui2a(va_arg(va, unsigned int), &p);
    3efe:	c39ff0ef          	jal	3b36 <ui2a>
    3f02:	b7d1                	j	3ec6 <tfp_format+0x20e>
                p.base = 8;
    3f04:	47a1                	li	a5,8
                ui2a(va_arg(va, unsigned int), &p);
    3f06:	004c                	add	a1,sp,4
    3f08:	4008                	lw	a0,0(s0)
                p.base = 8;
    3f0a:	c83e                	sw	a5,16(sp)
                ui2a(va_arg(va, unsigned int), &p);
    3f0c:	c2bff0ef          	jal	3b36 <ui2a>
                putchw(putp, putf, &p);
    3f10:	0050                	add	a2,sp,4
    3f12:	85ce                	mv	a1,s3
    3f14:	854a                	mv	a0,s2
                ui2a(va_arg(va, unsigned int), &p);
    3f16:	00440c93          	add	s9,s0,4
                putchw(putp, putf, &p);
    3f1a:	c87ff0ef          	jal	3ba0 <putchw>
                p.bf = va_arg(va, char *);
    3f1e:	8466                	mv	s0,s9
                break;
    3f20:	bf01                	j	3e30 <tfp_format+0x178>
                putf(putp, (char)(va_arg(va, int)));
    3f22:	00044583          	lbu	a1,0(s0)
    3f26:	854a                	mv	a0,s2
    3f28:	00440c93          	add	s9,s0,4
    3f2c:	9982                	jalr	s3
                break;
    3f2e:	bfc5                	j	3f1e <tfp_format+0x266>
                p.bf = va_arg(va, char *);
    3f30:	401c                	lw	a5,0(s0)
                putchw(putp, putf, &p);
    3f32:	0050                	add	a2,sp,4
    3f34:	85ce                	mv	a1,s3
    3f36:	854a                	mv	a0,s2
                p.bf = va_arg(va, char *);
    3f38:	ca3e                	sw	a5,20(sp)
    3f3a:	00440c93          	add	s9,s0,4
                putchw(putp, putf, &p);
    3f3e:	c63ff0ef          	jal	3ba0 <putchw>
                p.bf = bf;
    3f42:	ca52                	sw	s4,20(sp)
    3f44:	bfe9                	j	3f1e <tfp_format+0x266>

00003f46 <tfp_vprintf>:
    stdout_putf = putf;
    stdout_putp = putp;
}

void tfp_vprintf(const char *fmt, va_list ap)
{
    3f46:	86ae                	mv	a3,a1
    if(stdout_putf == NULL)
    3f48:	de81a583          	lw	a1,-536(gp) # 200006d0 <stdout_putf>
{
    3f4c:	862a                	mv	a2,a0
    if(stdout_putf == NULL)
    3f4e:	c589                	beqz	a1,3f58 <tfp_vprintf+0x12>
        return;
    tfp_format(stdout_putp, stdout_putf, fmt, ap);
    3f50:	de41a503          	lw	a0,-540(gp) # 200006cc <stdout_putp>
    3f54:	d65ff06f          	j	3cb8 <tfp_format>
}
    3f58:	8082                	ret

00003f5a <set_channel_active_flag>:
   - \b -1: function failed
*/
_FAST_TEXT static int32_t set_channel_active_flag (uint8_t ch)
{
  int32_t ret = 0;
  uint32_t ch_bit = 1U << ch;
    3f5a:	28a01533          	bset	a0,zero,a0

  if (channel_active & ch_bit)
    3f5e:	df41a703          	lw	a4,-524(gp) # 200006dc <channel_active>
    3f62:	8f69                	and	a4,a4,a0
    3f64:	e719                	bnez	a4,3f72 <set_channel_active_flag+0x18>
 */
__STATIC_FORCEINLINE int32_t __AMOOR_W(volatile int32_t *addr, int32_t value)
{
    int32_t result;

    __ASM volatile ("amoor.w %0, %2, %1" : \
    3f66:	df418793          	add	a5,gp,-524 # 200006dc <channel_active>
    3f6a:	40a7a52f          	amoor.w	a0,a0,(a5)
  ATM_Or(&channel_active, ch_bit);

//  MCMutex_Unock(&mc_mtx_dma);
//  if (gie) { enable_GINT(); }

  return ret;
    3f6e:	4501                	li	a0,0
    3f70:	8082                	ret
      return -1;
    3f72:	557d                	li	a0,-1
}
    3f74:	8082                	ret

00003f76 <clear_channel_active_flag>:
  \brief       Protected clear of channel active flag
  \param[in]   ch        Channel number (0..7 or 4)
*/
_FAST_TEXT static void clear_channel_active_flag (uint8_t ch)
{
  uint32_t ch_bit = 1U << ch;
    3f76:	28a01533          	bset	a0,zero,a0
  // or else it may cause dead lock in the reverse order...
//  if (gie) { disable_GINT(); }
//  MCMutex_Lock(&mc_mtx_dma);

  //BSD: only non_reserved channel can be clear active flag...
  if ((channel_reserved & ch_bit) == 0)
    3f7a:	df01a783          	lw	a5,-528(gp) # 200006d8 <channel_reserved>
    3f7e:	8fe9                	and	a5,a5,a0
    3f80:	eb89                	bnez	a5,3f92 <clear_channel_active_flag+0x1c>
      //channel_active &= ~ch_bit;
      ATM_And(&channel_active, ~ch_bit);
    3f82:	fff54513          	not	a0,a0
    __ASM volatile ("amoand.w %0, %2, %1" : \
    3f86:	df418713          	add	a4,gp,-524 # 200006dc <channel_active>
    3f8a:	60a7252f          	amoand.w	a0,a0,(a4)
    return *addr;
    3f8e:	df41a783          	lw	a5,-524(gp) # 200006dc <channel_active>

  //channel_info[ch].flags = 0; // clear to 0

//  MCMutex_Unock(&mc_mtx_dma);
//  if (gie) { enable_GINT(); }
}
    3f92:	8082                	ret

00003f94 <clear_all_interrupts>:
}

__inline static void clear_all_interrupts(uint32_t ch_bits)
{
    // Clear all DMA interrupt flags of specified channels
    CSK_DMA->CLEAR.XFER = ch_bits;
    3f94:	400007b7          	lui	a5,0x40000
    3f98:	30078793          	add	a5,a5,768 # 40000300 <_sp+0x1fff8300>
    3f9c:	df88                	sw	a0,56(a5)
    CSK_DMA->CLEAR.BLOCK = ch_bits;
    3f9e:	c3a8                	sw	a0,64(a5)
    CSK_DMA->CLEAR.SRC_TRAN = ch_bits;
    3fa0:	c7a8                	sw	a0,72(a5)
    CSK_DMA->CLEAR.DST_TRAN = ch_bits;
    3fa2:	cba8                	sw	a0,80(a5)
    CSK_DMA->CLEAR.ERROR = ch_bits;
    3fa4:	cfa8                	sw	a0,88(a5)
}
    3fa6:	8082                	ret

00003fa8 <dma_channel_configure_internal>:
    DMA_CHANNEL_REG *dma_ch;
    DMA_Channel_Info *ch_info;
    uint32_t ch_bit;

    ch_bit = 0x1U << ch;
    dma_ch = DMA_CHANNEL(ch);
    3fa8:	05800e13          	li	t3,88
    3fac:	40000337          	lui	t1,0x40000
    3fb0:	c5c5137f          	maddr32	t1,a0,t3
    ch_info = &channel_info[ch];

    if (en_int == 0) {
        ch_info->flags |= DMA_FLAG_POLLING; // polling, no interrupt
    3fb4:	02c00f13          	li	t5,44
    3fb8:	44c18e13          	add	t3,gp,1100 # 20000d34 <channel_info>
    3fbc:	c5e51e7f          	maddr32	t3,a0,t5
    ch_bit = 0x1U << ch;
    3fc0:	28a01fb3          	bset	t6,zero,a0
        ch_info->flags |= DMA_FLAG_POLLING; // polling, no interrupt
    3fc4:	00be4e03          	lbu	t3,11(t3)
    3fc8:	44c18e93          	add	t4,gp,1100 # 20000d34 <channel_info>
    if (en_int == 0) {
    3fcc:	e9c1                	bnez	a1,405c <dma_channel_configure_internal+0xb4>
        ch_info->flags |= DMA_FLAG_POLLING; // polling, no interrupt
    3fce:	002e6e13          	or	t3,t3,2
        control &= ~DMA_CH_CTLL_INT_EN; // Disable interrupt
    3fd2:	9bf9                	and	a5,a5,-2
    3fd4:	02c00f13          	li	t5,44
    3fd8:	82f6                	mv	t0,t4
    3fda:	c5e512ff          	maddr32	t0,a0,t5
    CSK_DMA->MASK.XFER = (ch_bits << 8);
    3fde:	40000f37          	lui	t5,0x40000
    3fe2:	01c285a3          	sb	t3,11(t0)
    3fe6:	008f9e13          	sll	t3,t6,0x8
    3fea:	31cf2823          	sw	t3,784(t5) # 40000310 <_sp+0x1fff8310>
    CSK_DMA->MASK.BLOCK = (ch_bits << 8);
    3fee:	31cf2c23          	sw	t3,792(t5)
    CSK_DMA->MASK.SRC_TRAN = (ch_bits << 8);
    3ff2:	33cf2023          	sw	t3,800(t5)
    CSK_DMA->MASK.DST_TRAN = (ch_bits << 8);
    3ff6:	33cf2423          	sw	t3,808(t5)
    CSK_DMA->MASK.ERROR = (ch_bits << 8);
    3ffa:	33cf2823          	sw	t3,816(t5)
    disable_all_interrupts(ch_bit);

    // Max block transfer size is MAX_BLK_TS (BLOCK_TS holds n bits)
    assert(size <= MAX_BLK_TS);
    // Set CTLx.BLOCK_TS = size and cTLx.Done = 0
    dma_ch->CTL_HI = (size & DMA_CH_CTLH_BLOCK_TS_MASK);
    3ffe:	00e32e23          	sw	a4,28(t1) # 4000001c <_sp+0x1fff801c>

    // Set Source and Destination address
    dma_ch->SAR = src_addr;
    4002:	00c32023          	sw	a2,0(t1)
    dma_ch->DAR = dst_addr;
    4006:	00d32423          	sw	a3,8(t1)

    // Write control & configuration etc. registers
    dma_ch->CTL_LO = control;
    400a:	00f32c23          	sw	a5,24(t1)
    dma_ch->CFG_LO = config_low;
    400e:	05032023          	sw	a6,64(t1)
    dma_ch->CFG_HI = config_high;
    4012:	05132223          	sw	a7,68(t1)

    // Reset LLP, if NOT use HW LLP (single block or SW LLP, a.k.a. mock BLOCK transfer
    dma_ch->LLP = 0;

    // Reset scatter/gather etc. registers
    dma_ch->SGR = (control & DMA_CH_CTLL_S_GATH_EN ? ch_info->src_gath : 0);
    4016:	00020737          	lui	a4,0x20
    dma_ch->LLP = 0;
    401a:	00032823          	sw	zero,16(t1)
    dma_ch->SGR = (control & DMA_CH_CTLL_S_GATH_EN ? ch_info->src_gath : 0);
    401e:	8f7d                	and	a4,a4,a5
    4020:	c319                	beqz	a4,4026 <dma_channel_configure_internal+0x7e>
    4022:	00c2a703          	lw	a4,12(t0)
    4026:	04e32423          	sw	a4,72(t1)
    dma_ch->DSR = (control & DMA_CH_CTLL_D_SCAT_EN ? ch_info->dst_scat : 0);
    402a:	00040737          	lui	a4,0x40
    402e:	8ff9                	and	a5,a5,a4
    4030:	c799                	beqz	a5,403e <dma_channel_configure_internal+0x96>
    4032:	02c00793          	li	a5,44
    4036:	c4f51eff          	maddr32	t4,a0,a5
    403a:	010ea783          	lw	a5,16(t4)
    403e:	04f32823          	sw	a5,80(t1)

    // Enable DMA XFER and ERROR interrupts (no BLOCK & TRANS interrupts)
    if (en_int == 0) {
    4042:	40000737          	lui	a4,0x40000
    CSK_DMA->MASK.XFER = (ch_bits << 8) | ch_bits;
    4046:	01cfe7b3          	or	a5,t6,t3
    if (en_int == 0) {
    404a:	ed91                	bnez	a1,4066 <dma_channel_configure_internal+0xbe>
    CSK_DMA->MASK.XFER = (ch_bits << 8);
    404c:	31c72823          	sw	t3,784(a4) # 40000310 <_sp+0x1fff8310>
    CSK_DMA->MASK.ERROR = (ch_bits << 8);
    4050:	33c72823          	sw	t3,816(a4)
        enable_xfer_interrupts(ch_bit);
        enable_error_interrupts(ch_bit);
    }

    // Enable DMA Channel to trigger data transfer
    CSK_DMA->CH_EN = (ch_bit << 8) | ch_bit;
    4054:	3af72023          	sw	a5,928(a4)

    // Enable DMA Controller
    //CSK_DMA->CFG = 0x1;

    return 0;
}
    4058:	4501                	li	a0,0
    405a:	8082                	ret
        ch_info->flags &= ~DMA_FLAG_POLLING; // use interrupt
    405c:	0fde7e13          	and	t3,t3,253
        control |= DMA_CH_CTLL_INT_EN; // Enable interrupt
    4060:	0017e793          	or	a5,a5,1
    4064:	bf85                	j	3fd4 <dma_channel_configure_internal+0x2c>
    CSK_DMA->MASK.XFER = (ch_bits << 8) | ch_bits;
    4066:	30f72823          	sw	a5,784(a4)
    CSK_DMA->MASK.ERROR = (ch_bits << 8) | ch_bits;
    406a:	32f72823          	sw	a5,816(a4)
}
    406e:	b7dd                	j	4054 <dma_channel_configure_internal+0xac>

00004070 <update_next_xfer_addr>:
    if (ch_info == NULL || size == 0)
    4070:	c741                	beqz	a4,40f8 <update_next_xfer_addr+0x88>
    if (!(control & DMA_CH_CTLL_SRC_FIX)) {
    4072:	4005f793          	and	a5,a1,1024
    4076:	ef95                	bnez	a5,40b2 <update_next_xfer_addr+0x42>
        bytes = ( size / sg_cnt * (sg_cnt + sg_int) + size % sg_cnt ) << ch_info->width_shift;
    4078:	00954883          	lbu	a7,9(a0)
    if (control & DMA_CH_CTLL_S_GATH_EN) {
    407c:	00e59813          	sll	a6,a1,0xe
        bytes = size << ch_info->width_shift;
    4080:	011717b3          	sll	a5,a4,a7
    if (control & DMA_CH_CTLL_S_GATH_EN) {
    4084:	02085263          	bgez	a6,40a8 <update_next_xfer_addr+0x38>
        sg_cnt = SG_COUNT(ch_info->src_gath);
    4088:	00c52803          	lw	a6,12(a0)
    408c:	01485793          	srl	a5,a6,0x14
        sg_int = SG_INTERVAL(ch_info->src_gath);
    4090:	0832                	sll	a6,a6,0xc
    4092:	00c85813          	srl	a6,a6,0xc
        bytes = ( size / sg_cnt * (sg_cnt + sg_int) + size % sg_cnt ) << ch_info->width_shift;
    4096:	02f75333          	divu	t1,a4,a5
    409a:	983e                	add	a6,a6,a5
    409c:	02f777b3          	remu	a5,a4,a5
    40a0:	c46817ff          	maddr32	a5,a6,t1
    40a4:	011797b3          	sll	a5,a5,a7
        if (control & DMA_CH_CTLL_SRC_DEC) {
    40a8:	2005f813          	and	a6,a1,512
    40ac:	04080763          	beqz	a6,40fa <update_next_xfer_addr+0x8a>
            src_addr -=  bytes;
    40b0:	8e1d                	sub	a2,a2,a5
    if (!(control & DMA_CH_CTLL_DST_FIX)) {
    40b2:	1005f793          	and	a5,a1,256
    40b6:	ef9d                	bnez	a5,40f4 <update_next_xfer_addr+0x84>
        dst_size = (size << ch_info->width_shift) >> ch_info->dst_wid_shift;
    40b8:	00954783          	lbu	a5,9(a0)
    40bc:	00f71733          	sll	a4,a4,a5
    if (control & DMA_CH_CTLL_D_SCAT_EN) {
    40c0:	00d59793          	sll	a5,a1,0xd
    40c4:	0207d463          	bgez	a5,40ec <update_next_xfer_addr+0x7c>
        dst_size = (size << ch_info->width_shift) >> ch_info->dst_wid_shift;
    40c8:	00a54883          	lbu	a7,10(a0)
        sg_cnt = SG_COUNT(ch_info->dst_scat);
    40cc:	491c                	lw	a5,16(a0)
    40ce:	0147d813          	srl	a6,a5,0x14
        dst_size = (size << ch_info->width_shift) >> ch_info->dst_wid_shift;
    40d2:	01175733          	srl	a4,a4,a7
        bytes = ( dst_size / sg_cnt * (sg_cnt + sg_int) + dst_size % sg_cnt ) << ch_info->dst_wid_shift;
    40d6:	03075333          	divu	t1,a4,a6
        sg_int = SG_INTERVAL(ch_info->dst_scat);
    40da:	07b2                	sll	a5,a5,0xc
    40dc:	83b1                	srl	a5,a5,0xc
        bytes = ( dst_size / sg_cnt * (sg_cnt + sg_int) + dst_size % sg_cnt ) << ch_info->dst_wid_shift;
    40de:	97c2                	add	a5,a5,a6
    40e0:	03077733          	remu	a4,a4,a6
    40e4:	c467977f          	maddr32	a4,a5,t1
    40e8:	01171733          	sll	a4,a4,a7
        if (control & DMA_CH_CTLL_DST_DEC)
    40ec:	0805f593          	and	a1,a1,128
    40f0:	c599                	beqz	a1,40fe <update_next_xfer_addr+0x8e>
            dst_addr -= bytes;
    40f2:	8e99                	sub	a3,a3,a4
    ch_info->SrcAddr = src_addr;
    40f4:	d150                	sw	a2,36(a0)
    ch_info->DstAddr = dst_addr;
    40f6:	d514                	sw	a3,40(a0)
}
    40f8:	8082                	ret
            src_addr += bytes;
    40fa:	963e                	add	a2,a2,a5
    40fc:	bf5d                	j	40b2 <update_next_xfer_addr+0x42>
            dst_addr += bytes;
    40fe:	96ba                	add	a3,a3,a4
    4100:	bfd5                	j	40f4 <update_next_xfer_addr+0x84>

00004102 <dma_channel_release_pipo>:
static void dma_channel_release_pipo(DMA_Channel_Info * pchi)
{
    assert(pchi != NULL);

    // release LLI items only if PingPong transfer
    if (!(pchi->flags & DMA_FLAG_PIPO))
    4102:	00b54783          	lbu	a5,11(a0)
    4106:	8b91                	and	a5,a5,4
    4108:	cbb1                	beqz	a5,415c <dma_channel_release_pipo+0x5a>
        return;

    // PIPO cleanup
    DMA_LLP cur, pre, first = pchi->llp;
    410a:	4d50                	lw	a2,28(a0)
    pchi->llp = NULL;
    410c:	00052e23          	sw	zero,28(a0)

    if (first == NULL)
    4110:	c631                	beqz	a2,415c <dma_channel_release_pipo+0x5a>
    return ((__RV_CSR_READ(CSR_MSTATUS) & MSTATUS_MIE) == MSTATUS_MIE);
    4112:	300026f3          	csrr	a3,mstatus
    4116:	8aa1                	and	a3,a3,8
        return;

    uint8_t gie = GINT_enabled();
    if (gie) { disable_GINT(); }
    4118:	c299                	beqz	a3,411e <dma_channel_release_pipo+0x1c>
	__RV_CSR_CLEAR(CSR_MSTATUS, MSTATUS_MIE);
    411a:	30047073          	csrc	mstatus,8
{
    411e:	87b2                	mv	a5,a2

    cur = first;
    do {
        uint32_t i = ((uint32_t)cur - (uint32_t)&ll_items[0]) / sizeof (DMA_LLI);
    4120:	4361                	li	t1,24
    4122:	32c18713          	add	a4,gp,812 # 20000c14 <ll_items>
    4126:	40e78733          	sub	a4,a5,a4
    412a:	02675733          	divu	a4,a4,t1
        assert(i < 32);
        ll_item_bits &= ~(0x1 << i);
    412e:	dec1a583          	lw	a1,-532(gp) # 200006d4 <ll_item_bits>
        cur->LLP = 0;
    4132:	0007a423          	sw	zero,8(a5)
        ll_item_bits &= ~(0x1 << i);
    4136:	48e59733          	bclr	a4,a1,a4
    413a:	dee1a623          	sw	a4,-532(gp) # 200006d4 <ll_item_bits>

        //NOTE: use preLLP to traverse all items used by a DMA channel
        pre = cur->preLLP;
    413e:	873e                	mv	a4,a5
    4140:	4bdc                	lw	a5,20(a5)
        cur->preLLP = NULL;
    4142:	00072a23          	sw	zero,20(a4)
        cur = pre;
    } while (cur != NULL && cur != first);
    4146:	c399                	beqz	a5,414c <dma_channel_release_pipo+0x4a>
    4148:	fcf61de3          	bne	a2,a5,4122 <dma_channel_release_pipo+0x20>

    if (gie) { enable_GINT(); }
    414c:	c299                	beqz	a3,4152 <dma_channel_release_pipo+0x50>
	__RV_CSR_SET(CSR_MSTATUS, MSTATUS_MIE);
    414e:	30046073          	csrs	mstatus,8

    pchi->flags &= ~DMA_FLAG_PIPO;
    4152:	00b54783          	lbu	a5,11(a0)
    4156:	9bed                	and	a5,a5,-5
    4158:	00f505a3          	sb	a5,11(a0)
}
    415c:	8082                	ret

0000415e <dma_get_free_channel>:
{
    415e:	1141                	add	sp,sp,-16
    4160:	c226                	sw	s1,4(sp)
    4162:	c606                	sw	ra,12(sp)
    4164:	c422                	sw	s0,8(sp)
    4166:	c04a                	sw	s2,0(sp)
    4168:	84aa                	mv	s1,a0
    return ((__RV_CSR_READ(CSR_MSTATUS) & MSTATUS_MIE) == MSTATUS_MIE);
    416a:	30002473          	csrr	s0,mstatus
    416e:	8821                	and	s0,s0,8
    if (gie) { disable_GINT(); }
    4170:	c019                	beqz	s0,4176 <dma_get_free_channel+0x18>
	__RV_CSR_CLEAR(CSR_MSTATUS, MSTATUS_MIE);
    4172:	30047073          	csrc	mstatus,8
    MCMutex_Lock(&mc_mtx_dma);
    4176:	df818513          	add	a0,gp,-520 # 200006e0 <mc_mtx_dma>
    417a:	edefe0ef          	jal	2858 <MCMutex_Lock>
        if ((channel_active & (1U << i)) == 0) {
    417e:	df41a783          	lw	a5,-524(gp) # 200006dc <channel_active>
    4182:	8b85                	and	a5,a5,1
    4184:	c3b1                	beqz	a5,41c8 <dma_get_free_channel+0x6a>
    4186:	4785                	li	a5,1
    for (i=0; i<DMA_NUMBER_OF_CHANNELS; i++) {
    4188:	4699                	li	a3,6
    418a:	00d79463          	bne	a5,a3,4192 <dma_get_free_channel+0x34>
    uint8_t gie, i, found = 0;
    418e:	4481                	li	s1,0
    4190:	a829                	j	41aa <dma_get_free_channel+0x4c>
        if ((channel_active & (1U << i)) == 0) {
    4192:	df41a583          	lw	a1,-524(gp) # 200006dc <channel_active>
    4196:	48f5d533          	bext	a0,a1,a5
    419a:	00178613          	add	a2,a5,1
    419e:	e51d                	bnez	a0,41cc <dma_get_free_channel+0x6e>
    41a0:	0ff7f793          	zext.b	a5,a5
            *pch = i;
    41a4:	00f48023          	sb	a5,0(s1)
            found = 1;
    41a8:	4485                	li	s1,1
    MCMutex_Unlock(&mc_mtx_dma);
    41aa:	df818513          	add	a0,gp,-520 # 200006e0 <mc_mtx_dma>
    41ae:	ebefe0ef          	jal	286c <MCMutex_Unlock>
    if (gie) { enable_GINT(); }
    41b2:	c019                	beqz	s0,41b8 <dma_get_free_channel+0x5a>
	__RV_CSR_SET(CSR_MSTATUS, MSTATUS_MIE);
    41b4:	30046073          	csrs	mstatus,8
}
    41b8:	40b2                	lw	ra,12(sp)
    41ba:	4422                	lw	s0,8(sp)
    41bc:	fff48513          	add	a0,s1,-1
    41c0:	4902                	lw	s2,0(sp)
    41c2:	4492                	lw	s1,4(sp)
    41c4:	0141                	add	sp,sp,16
    41c6:	8082                	ret
    for (i=0; i<DMA_NUMBER_OF_CHANNELS; i++) {
    41c8:	4781                	li	a5,0
    41ca:	bfe9                	j	41a4 <dma_get_free_channel+0x46>
    41cc:	87b2                	mv	a5,a2
    41ce:	bf75                	j	418a <dma_get_free_channel+0x2c>

000041d0 <dma_channel_irq_handler>:
    CIDU_ResetFirstClaimMode(DMA_CH_INTR_ID(ch));
#endif
}

#if SHARE_CH_ISR
_FAST_TEXT void dma_channel_irq_handler (void) {
    41d0:	7139                	add	sp,sp,-64
    41d2:	de06                	sw	ra,60(sp)
    41d4:	dc22                	sw	s0,56(sp)
    41d6:	da26                	sw	s1,52(sp)
    41d8:	d84a                	sw	s2,48(sp)
    41da:	d64e                	sw	s3,44(sp)
    41dc:	d452                	sw	s4,40(sp)
// Return IRQ# if Interrupt context, Exception Code if Exception context, and
//  -1 in other cases.
//-----------------------------------------------------------------------------
__STATIC_FORCEINLINE int32_t HAL_GetRunningIRQ()
{
    CSR_MSUBM_Type msubm_val = (CSR_MSUBM_Type)__RV_CSR_READ(CSR_MSUBM);
    41de:	7c4027f3          	csrr	a5,msubm
    if (msubm_val.b.typ != EXCTX_INTERRUPT && msubm_val.b.typ != EXCTX_EXECEPTION)
    41e2:	0c07f793          	and	a5,a5,192
    41e6:	fc078793          	add	a5,a5,-64
    41ea:	fbf7f793          	and	a5,a5,-65
    41ee:	547d                	li	s0,-1
    41f0:	e789                	bnez	a5,41fa <dma_channel_irq_handler+0x2a>
        return -1;
    CSR_MCAUSE_Type mcause_val = (CSR_MCAUSE_Type)__RV_CSR_READ(CSR_MCAUSE);
    41f2:	34202473          	csrr	s0,mcause
    return mcause_val.b.exccode;
    41f6:	0452                	sll	s0,s0,0x14
    41f8:	8051                	srl	s0,s0,0x14
    DMA_CHANNEL_REG *dma_ch = DMA_CHANNEL(ch);
    41fa:	400007b7          	lui	a5,0x40000
    int32_t irq_no = HAL_GetRunningIRQ();
    assert(irq_no != -1 &&
           irq_no >= IRQ_DMAC_VECTOR &&
           irq_no < IRQ_DMAC_VECTOR + DMA_NUMBER_OF_CHANNELS);

    uint8_t ch = irq_no - IRQ_DMAC_VECTOR;
    41fe:	fd540413          	add	s0,s0,-43
    4202:	0ff47413          	zext.b	s0,s0
    DMA_CHANNEL_REG *dma_ch = DMA_CHANNEL(ch);
    4206:	05800713          	li	a4,88
    420a:	84be                	mv	s1,a5
    420c:	c4e414ff          	maddr32	s1,s0,a4
    uint32_t ch_bit = 0x1 << ch;
    4210:	28801933          	bset	s2,zero,s0
    if (CSK_DMA->STATUS.ERROR & ch_bit) { // & CSK_DMA->MASK.ERROR
    4214:	3087a703          	lw	a4,776(a5) # 40000308 <_sp+0x1fff8308>
    4218:	00e97733          	and	a4,s2,a4
    421c:	c751                	beqz	a4,42a8 <dma_channel_irq_handler+0xd8>
    CSK_DMA->CLEAR.ERROR = ch_bits;
    421e:	3527ac23          	sw	s2,856(a5)
        if (CSK_DMA->STATUS.XFER & ch_bit)
    4222:	2e87a703          	lw	a4,744(a5)
    4226:	00e97733          	and	a4,s2,a4
    422a:	c319                	beqz	a4,4230 <dma_channel_irq_handler+0x60>
    CSK_DMA->CLEAR.XFER = ch_bits;
    422c:	3327ac23          	sw	s2,824(a5)
        if (CSK_DMA->STATUS.BLOCK & ch_bit)
    4230:	40000737          	lui	a4,0x40000
    4234:	2f072783          	lw	a5,752(a4) # 400002f0 <_sp+0x1fff82f0>
    4238:	00f977b3          	and	a5,s2,a5
    423c:	c399                	beqz	a5,4242 <dma_channel_irq_handler+0x72>
    CSK_DMA->CLEAR.BLOCK = ch_bits;
    423e:	35272023          	sw	s2,832(a4)
        ch_info->SizeXfered += size;
    4242:	44c18713          	add	a4,gp,1100 # 20000d34 <channel_info>
    4246:	02c00613          	li	a2,44
    424a:	c4c4177f          	maddr32	a4,s0,a2
        size = dma_ch->CTL_HI & DMA_CH_CTLH_BLOCK_TS_MASK;
    424e:	4cdc                	lw	a5,28(s1)
    4250:	07b2                	sll	a5,a5,0xc
        ch_info->SizeXfered += size;
    4252:	4b54                	lw	a3,20(a4)
        size = dma_ch->CTL_HI & DMA_CH_CTLH_BLOCK_TS_MASK;
    4254:	83b1                	srl	a5,a5,0xc
        ch_info->SizeXfered += size;
    4256:	96be                	add	a3,a3,a5
    4258:	cb54                	sw	a3,20(a4)
        if (ch_info->SizeToXfer > size)
    425a:	4f14                	lw	a3,24(a4)
    425c:	44c18993          	add	s3,gp,1100 # 20000d34 <channel_info>
            ch_info->SizeToXfer = 0;
    4260:	4701                	li	a4,0
        if (ch_info->SizeToXfer > size)
    4262:	00d7f463          	bgeu	a5,a3,426a <dma_channel_irq_handler+0x9a>
            ch_info->SizeToXfer -= size;
    4266:	40f68733          	sub	a4,a3,a5
    426a:	c4c419ff          	maddr32	s3,s0,a2
        clear_channel_active_flag (ch);
    426e:	8522                	mv	a0,s0
    4270:	00e9ac23          	sw	a4,24(s3)
        dma_ch->CTL_LO = 0U;
    4274:	0004ac23          	sw	zero,24(s1)
        dma_ch->CTL_HI = 0U;
    4278:	0004ae23          	sw	zero,28(s1)
        dma_ch->CFG_LO = 0U;
    427c:	0404a023          	sw	zero,64(s1)
        dma_ch->CFG_HI = 0U;
    4280:	0404a223          	sw	zero,68(s1)
        clear_channel_active_flag (ch);
    4284:	cf3ff0ef          	jal	3f76 <clear_channel_active_flag>
        if (ch_info->cb_event) {
    4288:	0009a783          	lw	a5,0(s3)
    428c:	cf91                	beqz	a5,42a8 <dma_channel_irq_handler+0xd8>
                    ch_info->SizeXfered << ch_info->width_shift,
    428e:	0099c703          	lbu	a4,9(s3)
            ch_info->cb_event(
    4292:	0149a583          	lw	a1,20(s3)
                    (ch << 8) | DMA_EVENT_ERROR,
    4296:	00841513          	sll	a0,s0,0x8
            ch_info->cb_event(
    429a:	0049a603          	lw	a2,4(s3)
    429e:	00e595b3          	sll	a1,a1,a4
    42a2:	00456513          	or	a0,a0,4
    42a6:	9782                	jalr	a5
    if (CSK_DMA->STATUS.BLOCK & ch_bit) { // & CSK_DMA->MASK.BLOCK
    42a8:	40000737          	lui	a4,0x40000
    42ac:	2f072783          	lw	a5,752(a4) # 400002f0 <_sp+0x1fff82f0>
    42b0:	00f977b3          	and	a5,s2,a5
    42b4:	c3dd                	beqz	a5,435a <dma_channel_irq_handler+0x18a>
    CSK_DMA->CLEAR.BLOCK = ch_bits;
    42b6:	35272023          	sw	s2,832(a4)
        if (ch_info->flags & DMA_FLAG_PIPO)
    42ba:	02c00693          	li	a3,44
    42be:	44c18713          	add	a4,gp,1100 # 20000d34 <channel_info>
    42c2:	c4d4177f          	maddr32	a4,s0,a3
    42c6:	44c18793          	add	a5,gp,1100 # 20000d34 <channel_info>
    42ca:	00b74703          	lbu	a4,11(a4)
    42ce:	8b11                	and	a4,a4,4
    42d0:	cb25                	beqz	a4,4340 <dma_channel_irq_handler+0x170>
    mark = (DMA_LLP)dma_ch->LLP;
    42d2:	4898                	lw	a4,16(s1)
    return ((__RV_CSR_READ(CSR_MSTATUS) & MSTATUS_MIE) == MSTATUS_MIE);
    42d4:	300026f3          	csrr	a3,mstatus
    42d8:	8aa1                	and	a3,a3,8
    if (gie) { disable_GINT(); }
    42da:	c299                	beqz	a3,42e0 <dma_channel_irq_handler+0x110>
	__RV_CSR_CLEAR(CSR_MSTATUS, MSTATUS_MIE);
    42dc:	30047073          	csrc	mstatus,8
    bool last_two = false, last_blk = false;
    42e0:	4601                	li	a2,0
    if (mark == NULL) {
    42e2:	e70d                	bnez	a4,430c <dma_channel_irq_handler+0x13c>
        cur = pchi->llp;
    42e4:	873e                	mv	a4,a5
    42e6:	02c00613          	li	a2,44
    42ea:	c4c4177f          	maddr32	a4,s0,a2
    42ee:	4f58                	lw	a4,28(a4)
        while (cur->LLP != 0)
    42f0:	4710                	lw	a2,8(a4)
    42f2:	e27d                	bnez	a2,43d8 <dma_channel_irq_handler+0x208>
        if (pchi->last_llp == cur->preLLP) {
    42f4:	02c00593          	li	a1,44
    42f8:	863e                	mv	a2,a5
    42fa:	c4b4167f          	maddr32	a2,s0,a1
        mark = cur->preLLP; // second to last by default
    42fe:	4b58                	lw	a4,20(a4)
        if (pchi->last_llp == cur->preLLP) {
    4300:	520c                	lw	a1,32(a2)
    bool last_two = false, last_blk = false;
    4302:	4601                	li	a2,0
        if (pchi->last_llp == cur->preLLP) {
    4304:	00b71463          	bne	a4,a1,430c <dma_channel_irq_handler+0x13c>
            mark = (DMA_LLP)mark->LLP; // last one
    4308:	4718                	lw	a4,8(a4)
            last_blk = true;
    430a:	4605                	li	a2,1
    pchi->last_llp = mark;
    430c:	85be                	mv	a1,a5
    430e:	02c00513          	li	a0,44
    4312:	c4a415ff          	maddr32	a1,s0,a0
    4316:	d198                	sw	a4,32(a1)
    xfer_cnt += mark->u.CTL_HI & DMA_CH_CTLH_BLOCK_TS_MASK;
    4318:	4b18                	lw	a4,16(a4)
    431a:	0732                	sll	a4,a4,0xc
    431c:	8331                	srl	a4,a4,0xc
    if (last_blk)
    431e:	c611                	beqz	a2,432a <dma_channel_irq_handler+0x15a>
        dma_ch->CTL_HI &= ~DMA_CH_CTLH_BLOCK_TS_MASK; // clear BLOCK_TS
    4320:	4cd0                	lw	a2,28(s1)
    4322:	fff005b7          	lui	a1,0xfff00
    4326:	8e6d                	and	a2,a2,a1
    4328:	ccd0                	sw	a2,28(s1)
    if (gie) { enable_GINT(); }
    432a:	c299                	beqz	a3,4330 <dma_channel_irq_handler+0x160>
	__RV_CSR_SET(CSR_MSTATUS, MSTATUS_MIE);
    432c:	30046073          	csrs	mstatus,8
            ch_info->SizeXfered += update_pipo_block_xferred_count(ch);
    4330:	02c00693          	li	a3,44
    4334:	863e                	mv	a2,a5
    4336:	c4d4167f          	maddr32	a2,s0,a3
    433a:	4a54                	lw	a3,20(a2)
    433c:	9736                	add	a4,a4,a3
    433e:	ca58                	sw	a4,20(a2)
        if (ch_info->cb_event) {
    4340:	02c00713          	li	a4,44
    4344:	c4e417ff          	maddr32	a5,s0,a4
    4348:	4398                	lw	a4,0(a5)
    434a:	cb01                	beqz	a4,435a <dma_channel_irq_handler+0x18a>
                    (ch << 8) | DMA_EVENT_BLOCK_COMPLETE,
    434c:	00841513          	sll	a0,s0,0x8
            ch_info->cb_event(
    4350:	43d0                	lw	a2,4(a5)
    4352:	4581                	li	a1,0
    4354:	00256513          	or	a0,a0,2
    4358:	9702                	jalr	a4
    if (CSK_DMA->STATUS.XFER & ch_bit) { // & CSK_DMA->MASK.XFER
    435a:	40000737          	lui	a4,0x40000
    435e:	2e872783          	lw	a5,744(a4) # 400002e8 <_sp+0x1fff82e8>
    4362:	00f977b3          	and	a5,s2,a5
    4366:	c3fd                	beqz	a5,444c <dma_channel_irq_handler+0x27c>
    DMA_Channel_Info *ch_info = &channel_info[ch];
    4368:	02c00693          	li	a3,44
    436c:	44c18513          	add	a0,gp,1100 # 20000d34 <channel_info>
    4370:	c4d4157f          	maddr32	a0,s0,a3
    CSK_DMA->CLEAR.XFER = ch_bits;
    4374:	33272c23          	sw	s2,824(a4)
        if (ch_info->flags & DMA_FLAG_HW_LLP) { // HW LLP
    4378:	00b54703          	lbu	a4,11(a0)
    437c:	00177693          	and	a3,a4,1
    4380:	44c18993          	add	s3,gp,1100 # 20000d34 <channel_info>
    4384:	cea1                	beqz	a3,43dc <dma_channel_irq_handler+0x20c>
            if (!(ch_info->flags & DMA_FLAG_PIPO)) { // non-PingPong
    4386:	8b11                	and	a4,a4,4
    4388:	e709                	bnez	a4,4392 <dma_channel_irq_handler+0x1c2>
                ch_info->SizeXfered = ch_info->SizeToXfer;
    438a:	4d1c                	lw	a5,24(a0)
    438c:	c95c                	sw	a5,20(a0)
                ch_info->SizeToXfer = 0;
    438e:	00052c23          	sw	zero,24(a0)
            dma_ch->CTL_HI &= ~DMA_CH_CTLH_BLOCK_TS_MASK; // clear BLOCK_TS
    4392:	4cdc                	lw	a5,28(s1)
    4394:	fff00737          	lui	a4,0xfff00
    4398:	8ff9                	and	a5,a5,a4
    439a:	ccdc                	sw	a5,28(s1)
            dma_channel_release_pipo(ch_info);
    439c:	d67ff0ef          	jal	4102 <dma_channel_release_pipo>
            clear_channel_active_flag (ch);
    43a0:	8522                	mv	a0,s0
    43a2:	bd5ff0ef          	jal	3f76 <clear_channel_active_flag>
            if (ch_info->cb_event) {
    43a6:	02c00713          	li	a4,44
    43aa:	87ce                	mv	a5,s3
    43ac:	c4e417ff          	maddr32	a5,s0,a4
    43b0:	4398                	lw	a4,0(a5)
    43b2:	cf49                	beqz	a4,444c <dma_channel_irq_handler+0x27c>
                        ch_info->SizeXfered << ch_info->width_shift,
    43b4:	0097c683          	lbu	a3,9(a5)
                ch_info->cb_event(
    43b8:	4bcc                	lw	a1,20(a5)
                        (ch << 8) | DMA_EVENT_TRANSFER_COMPLETE,
    43ba:	00841513          	sll	a0,s0,0x8
    __dma_ch_isr (ch);
}
    43be:	5462                	lw	s0,56(sp)
    43c0:	50f2                	lw	ra,60(sp)
    43c2:	54d2                	lw	s1,52(sp)
    43c4:	5942                	lw	s2,48(sp)
    43c6:	59b2                	lw	s3,44(sp)
    43c8:	5a22                	lw	s4,40(sp)
                ch_info->cb_event(
    43ca:	43d0                	lw	a2,4(a5)
    43cc:	00d595b3          	sll	a1,a1,a3
    43d0:	00156513          	or	a0,a0,1
}
    43d4:	6121                	add	sp,sp,64
                ch_info->cb_event(
    43d6:	8702                	jr	a4
            cur = (DMA_LLP)cur->LLP;
    43d8:	8732                	mv	a4,a2
    43da:	bf19                	j	42f0 <dma_channel_irq_handler+0x120>
            size = dma_ch->CTL_HI & DMA_CH_CTLH_BLOCK_TS_MASK;
    43dc:	4cdc                	lw	a5,28(s1)
    43de:	07b2                	sll	a5,a5,0xc
            ch_info->SizeXfered += size;
    43e0:	4958                	lw	a4,20(a0)
            size = dma_ch->CTL_HI & DMA_CH_CTLH_BLOCK_TS_MASK;
    43e2:	83b1                	srl	a5,a5,0xc
            ch_info->SizeXfered += size;
    43e4:	973e                	add	a4,a4,a5
    43e6:	c958                	sw	a4,20(a0)
            dma_ch->CTL_HI &= ~DMA_CH_CTLH_BLOCK_TS_MASK; // clear BLOCK_TS
    43e8:	fff006b7          	lui	a3,0xfff00
    43ec:	4cd8                	lw	a4,28(s1)
    43ee:	8f75                	and	a4,a4,a3
    43f0:	ccd8                	sw	a4,28(s1)
            if (ch_info->SizeToXfer > size)
    43f2:	4d14                	lw	a3,24(a0)
                ch_info->SizeToXfer = 0;
    43f4:	4701                	li	a4,0
            if (ch_info->SizeToXfer > size)
    43f6:	00d7f463          	bgeu	a5,a3,43fe <dma_channel_irq_handler+0x22e>
                ch_info->SizeToXfer -= size;
    43fa:	40f68733          	sub	a4,a3,a5
    43fe:	87ce                	mv	a5,s3
    4400:	02c00693          	li	a3,44
    4404:	c4d417ff          	maddr32	a5,s0,a3
            control = dma_ch->CTL_LO;
    4408:	4c8c                	lw	a1,24(s1)
    440a:	cf98                	sw	a4,24(a5)
            config_low = dma_ch->CFG_LO;
    440c:	0404a803          	lw	a6,64(s1)
            config_high = dma_ch->CFG_HI;
    4410:	0444a883          	lw	a7,68(s1)
            if (size > 0) { // current LLI/block is not done
    4414:	c721                	beqz	a4,445c <dma_channel_irq_handler+0x28c>
            size = ch_info->SizeToXfer > MAX_BLK_TS ? MAX_BLK_TS : ch_info->SizeToXfer;
    4416:	001006b7          	lui	a3,0x100
                src_addr = ch_info->SrcAddr;
    441a:	0247aa03          	lw	s4,36(a5)
                dst_addr = ch_info->DstAddr;
    441e:	0287a983          	lw	s3,40(a5)
            size = ch_info->SizeToXfer > MAX_BLK_TS ? MAX_BLK_TS : ch_info->SizeToXfer;
    4422:	16fd                	add	a3,a3,-1 # fffff <_data_lma+0xf8887>
    4424:	0ad75433          	minu	s0,a4,a3
                update_next_xfer_addr(ch_info, control, src_addr, dst_addr, size);
    4428:	8652                	mv	a2,s4
    442a:	8722                	mv	a4,s0
    442c:	86ce                	mv	a3,s3
    442e:	c43ff0ef          	jal	4070 <update_next_xfer_addr>
    dma_ch->CTL_HI = (size & DMA_CH_CTLH_BLOCK_TS_MASK);
    4432:	ccc0                	sw	s0,28(s1)
    dma_ch->SAR = src_addr;
    4434:	0144a023          	sw	s4,0(s1)
    CSK_DMA->CH_EN = (ch_bit << 8) | ch_bit;
    4438:	00891793          	sll	a5,s2,0x8
    dma_ch->DAR = dst_addr;
    443c:	0134a423          	sw	s3,8(s1)
    CSK_DMA->CH_EN = (ch_bit << 8) | ch_bit;
    4440:	0127e7b3          	or	a5,a5,s2
    4444:	40000737          	lui	a4,0x40000
    4448:	3af72023          	sw	a5,928(a4) # 400003a0 <_sp+0x1fff83a0>
}
    444c:	50f2                	lw	ra,60(sp)
    444e:	5462                	lw	s0,56(sp)
    4450:	54d2                	lw	s1,52(sp)
    4452:	5942                	lw	s2,48(sp)
    4454:	59b2                	lw	s3,44(sp)
    4456:	5a22                	lw	s4,40(sp)
    4458:	6121                	add	sp,sp,64
    445a:	8082                	ret
    445c:	ce46                	sw	a7,28(sp)
    445e:	cc42                	sw	a6,24(sp)
                if (ch_info->llp != NULL) { // next LLI/block
    4460:	4fd4                	lw	a3,28(a5)
    4462:	de8d                	beqz	a3,439c <dma_channel_irq_handler+0x1cc>
                    ch_info->llp = (DMA_LLP)cur->LLP;
    4464:	4698                	lw	a4,8(a3)
    4466:	cfd8                	sw	a4,28(a5)
                    ch_info->SizeToXfer = cur->u.SIZE;
    4468:	4a98                	lw	a4,16(a3)
    446a:	cf98                	sw	a4,24(a5)
                    size = cur->u.SIZE > MAX_BLK_TS ? MAX_BLK_TS : cur->u.SIZE;
    446c:	001007b7          	lui	a5,0x100
    4470:	17fd                	add	a5,a5,-1 # fffff <_data_lma+0xf8887>
    4472:	0af75733          	minu	a4,a4,a5
                    update_next_xfer_addr(ch_info, cur->CTL_LO, cur->SAR, cur->DAR, size);
    4476:	46dc                	lw	a5,12(a3)
    4478:	4290                	lw	a2,0(a3)
    447a:	85be                	mv	a1,a5
    447c:	42d4                	lw	a3,4(a3)
    447e:	ca3a                	sw	a4,20(sp)
    4480:	c836                	sw	a3,16(sp)
    4482:	c632                	sw	a2,12(sp)
    4484:	c43e                	sw	a5,8(sp)
    4486:	bebff0ef          	jal	4070 <update_next_xfer_addr>
                   dma_channel_configure_internal(ch, 1, cur->SAR, cur->DAR, size,
    448a:	8522                	mv	a0,s0
}
    448c:	5462                	lw	s0,56(sp)
                   dma_channel_configure_internal(ch, 1, cur->SAR, cur->DAR, size,
    448e:	48f2                	lw	a7,28(sp)
    4490:	4862                	lw	a6,24(sp)
    4492:	47a2                	lw	a5,8(sp)
    4494:	4752                	lw	a4,20(sp)
    4496:	46c2                	lw	a3,16(sp)
    4498:	4632                	lw	a2,12(sp)
}
    449a:	50f2                	lw	ra,60(sp)
    449c:	54d2                	lw	s1,52(sp)
    449e:	5942                	lw	s2,48(sp)
    44a0:	59b2                	lw	s3,44(sp)
    44a2:	5a22                	lw	s4,40(sp)
                   dma_channel_configure_internal(ch, 1, cur->SAR, cur->DAR, size,
    44a4:	4585                	li	a1,1
}
    44a6:	6121                	add	sp,sp,64
                   dma_channel_configure_internal(ch, 1, cur->SAR, cur->DAR, size,
    44a8:	b01ff06f          	j	3fa8 <dma_channel_configure_internal>

000044ac <dma_initialize>:
{
    44ac:	1101                	add	sp,sp,-32
    44ae:	cc22                	sw	s0,24(sp)
    44b0:	ce06                	sw	ra,28(sp)
    44b2:	ca26                	sw	s1,20(sp)
    44b4:	c84a                	sw	s2,16(sp)
    44b6:	c64e                	sw	s3,12(sp)
    44b8:	c452                	sw	s4,8(sp)
    __ASM volatile ("amoadd.w %0, %2, %1" : \
    44ba:	4405                	li	s0,1
    44bc:	dfc18713          	add	a4,gp,-516 # 200006e4 <init_cnt>
    44c0:	0087272f          	amoadd.w	a4,s0,(a4)
    return *addr;
    44c4:	dfc1a783          	lw	a5,-516(gp) # 200006e4 <init_cnt>
  if (ATM_Add(&init_cnt, 1) > 1U) { return 0; }
    44c8:	08f46563          	bltu	s0,a5,4552 <dma_initialize+0xa6>
  MCMutex_Init(&mc_mtx_dma);
    44cc:	df818513          	add	a0,gp,-520 # 200006e0 <mc_mtx_dma>
    44d0:	bb6fe0ef          	jal	2886 <MCMutex_Init>
  memset(channel_info, 0, sizeof(channel_info));
    44d4:	10800613          	li	a2,264
    44d8:	4581                	li	a1,0
    44da:	44c18513          	add	a0,gp,1100 # 20000d34 <channel_info>
    44de:	4f4010ef          	jal	59d2 <memset>
  gDmaReg = CSK_DMA;
    44e2:	40000737          	lui	a4,0x40000
    44e6:	82e1aa23          	sw	a4,-1996(gp) # 2000011c <gDmaReg>
    IP_SYSCTRL->REG_PERI_CLK_CFG7.bit.ENA_CMNDMAC_CLK = 1;
    44ea:	43100737          	lui	a4,0x43100
    44ee:	5b5c                	lw	a5,52(a4)
    44f0:	0087e793          	or	a5,a5,8
    44f4:	db5c                	sw	a5,52(a4)
  CSK_DMA->CFG = 0x1;
    44f6:	400007b7          	lui	a5,0x40000
    44fa:	38078793          	add	a5,a5,896 # 40000380 <_sp+0x1fff8380>
  CSK_DMA->CH_EN = 0xFF00;
    44fe:	6741                	lui	a4,0x10
  CSK_DMA->CFG = 0x1;
    4500:	cf80                	sw	s0,24(a5)
  CSK_DMA->CH_EN = 0xFF00;
    4502:	f0070713          	add	a4,a4,-256 # ff00 <_data_lma+0x8788>
    4506:	d398                	sw	a4,32(a5)
  CSK_DMA->CLEAR.XFER = 0xFFFF;
    4508:	6741                	lui	a4,0x10
    450a:	400007b7          	lui	a5,0x40000
    450e:	177d                	add	a4,a4,-1 # ffff <_data_lma+0x8887>
    4510:	30078793          	add	a5,a5,768 # 40000300 <_sp+0x1fff8300>
    4514:	df98                	sw	a4,56(a5)
  CSK_DMA->CLEAR.BLOCK = 0xFFFF;
    4516:	c3b8                	sw	a4,64(a5)
  CSK_DMA->CLEAR.SRC_TRAN = 0xFFFF;
    4518:	c7b8                	sw	a4,72(a5)
  CSK_DMA->CLEAR.DST_TRAN = 0xFFFF;
    451a:	cbb8                	sw	a4,80(a5)
  CSK_DMA->CLEAR.ERROR = 0xFFFF;
    451c:	cfb8                	sw	a4,88(a5)
  for(uint32_t irq_no = IRQ_DMAC_VECTOR; irq_no < IRQ_DMAC_VECTOR + DMA_NUMBER_OF_CHANNELS; irq_no++) {
    451e:	02b00413          	li	s0,43
      register_ISR(irq_no, (ISR)dma_channel_irq_handler, NULL);  // Register ISR of each DMA channel
    4522:	6a11                	lui	s4,0x4
    4524:	e00209b7          	lui	s3,0xe0020
    4528:	6905                	lui	s2,0x1
  for(uint32_t irq_no = IRQ_DMAC_VECTOR; irq_no < IRQ_DMAC_VECTOR + DMA_NUMBER_OF_CHANNELS; irq_no++) {
    452a:	03100493          	li	s1,49
      register_ISR(irq_no, (ISR)dma_channel_irq_handler, NULL);  // Register ISR of each DMA channel
    452e:	8522                	mv	a0,s0
    4530:	4601                	li	a2,0
    4532:	1d0a0593          	add	a1,s4,464 # 41d0 <dma_channel_irq_handler>
    4536:	d4cfe0ef          	jal	2a82 <register_ISR>
    453a:	213447b3          	sh2add	a5,s0,s3
    453e:	97ca                	add	a5,a5,s2
    4540:	0017c703          	lbu	a4,1(a5)
    4544:	00176713          	or	a4,a4,1
    4548:	00e780a3          	sb	a4,1(a5)
  for(uint32_t irq_no = IRQ_DMAC_VECTOR; irq_no < IRQ_DMAC_VECTOR + DMA_NUMBER_OF_CHANNELS; irq_no++) {
    454c:	0405                	add	s0,s0,1
    454e:	fe9410e3          	bne	s0,s1,452e <dma_initialize+0x82>
}
    4552:	40f2                	lw	ra,28(sp)
    4554:	4462                	lw	s0,24(sp)
    4556:	44d2                	lw	s1,20(sp)
    4558:	4942                	lw	s2,16(sp)
    455a:	49b2                	lw	s3,12(sp)
    455c:	4a22                	lw	s4,8(sp)
    455e:	4501                	li	a0,0
    4560:	6105                	add	sp,sp,32
    4562:	8082                	ret

00004564 <dma_uninitialize>:
  if (init_cnt == 0U) { return -1; }
    4564:	dfc1a683          	lw	a3,-516(gp) # 200006e4 <init_cnt>
    4568:	577d                	li	a4,-1
    456a:	c2d1                	beqz	a3,45ee <dma_uninitialize+0x8a>
    __ASM volatile ("amoadd.w %0, %2, %1" : \
    456c:	dfc18693          	add	a3,gp,-516 # 200006e4 <init_cnt>
    4570:	00e6a72f          	amoadd.w	a4,a4,(a3)
    return *addr;
    4574:	dfc1a783          	lw	a5,-516(gp) # 200006e4 <init_cnt>
  if (ATM_Add(&init_cnt, -1) != 0U) { return 0; }
    4578:	c399                	beqz	a5,457e <dma_uninitialize+0x1a>
    457a:	4501                	li	a0,0
}
    457c:	8082                	ret
int32_t dma_uninitialize (void) {
    457e:	1101                	add	sp,sp,-32
  CSK_DMA->CH_EN = 0xFF00;
    4580:	67c1                	lui	a5,0x10
int32_t dma_uninitialize (void) {
    4582:	ce06                	sw	ra,28(sp)
    4584:	cc22                	sw	s0,24(sp)
    4586:	ca26                	sw	s1,20(sp)
    4588:	c84a                	sw	s2,16(sp)
    458a:	c64e                	sw	s3,12(sp)
  CSK_DMA->CH_EN = 0xFF00;
    458c:	40000737          	lui	a4,0x40000
    4590:	f0078793          	add	a5,a5,-256 # ff00 <_data_lma+0x8788>
    4594:	3af72023          	sw	a5,928(a4) # 400003a0 <_sp+0x1fff83a0>
  CSK_DMA->CFG = 0x0;
    4598:	38072c23          	sw	zero,920(a4)
  while (CSK_DMA->CFG & 0x1) { }
    459c:	39872783          	lw	a5,920(a4)
    45a0:	8b85                	and	a5,a5,1
    45a2:	ffed                	bnez	a5,459c <dma_uninitialize+0x38>
    IP_SYSCTRL->REG_PERI_CLK_CFG7.bit.ENA_CMNDMAC_CLK = 0;
    45a4:	43100737          	lui	a4,0x43100
    45a8:	5b5c                	lw	a5,52(a4)
    45aa:	9bdd                	and	a5,a5,-9
    45ac:	db5c                	sw	a5,52(a4)
  for(uint32_t irq_no = IRQ_DMAC_VECTOR; irq_no < IRQ_DMAC_VECTOR + DMA_NUMBER_OF_CHANNELS; irq_no++) {
    45ae:	02b00413          	li	s0,43
    45b2:	e00209b7          	lui	s3,0xe0020
    ECLIC->CTRL[IRQn].INTIE &= ~CLIC_INTIE_IE_Msk;
    45b6:	6905                	lui	s2,0x1
    45b8:	03100493          	li	s1,49
    45bc:	213447b3          	sh2add	a5,s0,s3
    45c0:	97ca                	add	a5,a5,s2
    45c2:	0017c703          	lbu	a4,1(a5)
    45c6:	0fe77713          	and	a4,a4,254
      register_ISR(irq_no, NULL, NULL);  // Unregister ISR of each DMA channel
    45ca:	8522                	mv	a0,s0
    45cc:	00e780a3          	sb	a4,1(a5)
    45d0:	4601                	li	a2,0
    45d2:	4581                	li	a1,0
  for(uint32_t irq_no = IRQ_DMAC_VECTOR; irq_no < IRQ_DMAC_VECTOR + DMA_NUMBER_OF_CHANNELS; irq_no++) {
    45d4:	0405                	add	s0,s0,1
      register_ISR(irq_no, NULL, NULL);  // Unregister ISR of each DMA channel
    45d6:	cacfe0ef          	jal	2a82 <register_ISR>
  for(uint32_t irq_no = IRQ_DMAC_VECTOR; irq_no < IRQ_DMAC_VECTOR + DMA_NUMBER_OF_CHANNELS; irq_no++) {
    45da:	fe9411e3          	bne	s0,s1,45bc <dma_uninitialize+0x58>
}
    45de:	40f2                	lw	ra,28(sp)
    45e0:	4462                	lw	s0,24(sp)
    45e2:	44d2                	lw	s1,20(sp)
    45e4:	4942                	lw	s2,16(sp)
    45e6:	49b2                	lw	s3,12(sp)
  if (ATM_Add(&init_cnt, -1) != 0U) { return 0; }
    45e8:	4501                	li	a0,0
}
    45ea:	6105                	add	sp,sp,32
    45ec:	8082                	ret
    45ee:	853a                	mv	a0,a4
    45f0:	8082                	ret

000045f2 <dma_channel_select>:
{
    45f2:	7179                	add	sp,sp,-48
    45f4:	d422                	sw	s0,40(sp)
    45f6:	d226                	sw	s1,36(sp)
    45f8:	ce4e                	sw	s3,28(sp)
    45fa:	cc52                	sw	s4,24(sp)
    45fc:	d606                	sw	ra,44(sp)
    45fe:	d04a                	sw	s2,32(sp)
    4600:	ca56                	sw	s5,20(sp)
    4602:	842a                	mv	s0,a0
    4604:	8a2e                	mv	s4,a1
    4606:	89b2                	mv	s3,a2
    4608:	84b6                	mv	s1,a3
    if (pch == NULL || *pch == DMA_CHANNEL_ANY) {
    460a:	c519                	beqz	a0,4618 <dma_channel_select+0x26>
    460c:	00054783          	lbu	a5,0(a0)
    4610:	0ff00713          	li	a4,255
    4614:	02e79463          	bne	a5,a4,463c <dma_channel_select+0x4a>
        if (dma_get_free_channel(&ch) != 0)
    4618:	00f10513          	add	a0,sp,15
    461c:	b43ff0ef          	jal	415e <dma_get_free_channel>
        dynamic_ch = 1;
    4620:	4a85                	li	s5,1
        if (dma_get_free_channel(&ch) != 0)
    4622:	c515                	beqz	a0,464e <dma_channel_select+0x5c>
            return DMA_CHANNEL_ANY;
    4624:	0ff00913          	li	s2,255
}
    4628:	50b2                	lw	ra,44(sp)
    462a:	5422                	lw	s0,40(sp)
    462c:	854a                	mv	a0,s2
    462e:	5492                	lw	s1,36(sp)
    4630:	5902                	lw	s2,32(sp)
    4632:	49f2                	lw	s3,28(sp)
    4634:	4a62                	lw	s4,24(sp)
    4636:	4ad2                	lw	s5,20(sp)
    4638:	6145                	add	sp,sp,48
    463a:	8082                	ret
        *pch = DMA_CHANNEL_ANY; // No free channel
    463c:	577d                	li	a4,-1
    463e:	00e50023          	sb	a4,0(a0)
        ch = *pch;
    4642:	00f107a3          	sb	a5,15(sp)
        if (ch >= DMA_NUMBER_OF_CHANNELS)
    4646:	4715                	li	a4,5
    4648:	fcf76ee3          	bltu	a4,a5,4624 <dma_channel_select+0x32>
    uint8_t ch, dynamic_ch = 0;
    464c:	4a81                	li	s5,0
    if (set_channel_active_flag(ch) == -1) {
    464e:	00f14503          	lbu	a0,15(sp)
    4652:	909ff0ef          	jal	3f5a <set_channel_active_flag>
    4656:	57fd                	li	a5,-1
    4658:	892a                	mv	s2,a0
    465a:	02f50a63          	beq	a0,a5,468e <dma_channel_select+0x9c>
        *pch = ch;
    465e:	00f14903          	lbu	s2,15(sp)
    if (pch != NULL)
    4662:	e421                	bnez	s0,46aa <dma_channel_select+0xb8>
    ch_info = &channel_info[ch];
    4664:	02c00713          	li	a4,44
    4668:	44c18793          	add	a5,gp,1100 # 20000d34 <channel_info>
    466c:	c4e917ff          	maddr32	a5,s2,a4
    memset(ch_info, 0, sizeof(DMA_Channel_Info));
    4670:	863a                	mv	a2,a4
    4672:	4581                	li	a1,0
    4674:	853e                	mv	a0,a5
    4676:	35c010ef          	jal	59d2 <memset>
    if (cache_sync >= DMA_CACHE_SYNC_COUNT)
    467a:	4711                	li	a4,4
    467c:	0ae4d4b3          	minu	s1,s1,a4
    ch_info->cb_event = cb_event;
    4680:	01452023          	sw	s4,0(a0)
    ch_info->usr_param = usr_param;
    4684:	01352223          	sw	s3,4(a0)
    ch_info->cache_sync = cache_sync;
    4688:	00950423          	sb	s1,8(a0)
    return ch;
    468c:	bf71                	j	4628 <dma_channel_select+0x36>
        if (dynamic_ch)
    468e:	f80a9be3          	bnez	s5,4624 <dma_channel_select+0x32>
        if (dma_get_free_channel(&ch) != 0)
    4692:	00f10513          	add	a0,sp,15
    4696:	ac9ff0ef          	jal	415e <dma_get_free_channel>
    469a:	f549                	bnez	a0,4624 <dma_channel_select+0x32>
        if (set_channel_active_flag(ch) == -1)
    469c:	00f14503          	lbu	a0,15(sp)
    46a0:	8bbff0ef          	jal	3f5a <set_channel_active_flag>
    46a4:	fb251de3          	bne	a0,s2,465e <dma_channel_select+0x6c>
    46a8:	bfb5                	j	4624 <dma_channel_select+0x32>
        *pch = ch;
    46aa:	01240023          	sb	s2,0(s0)
    46ae:	bf5d                	j	4664 <dma_channel_select+0x72>

000046b0 <dma_channel_configure_wrapper>:
{
    46b0:	7179                	add	sp,sp,-48
    46b2:	d226                	sw	s1,36(sp)
    46b4:	ca56                	sw	s5,20(sp)
    46b6:	c85a                	sw	s6,16(sp)
    46b8:	8abe                	mv	s5,a5
    46ba:	d606                	sw	ra,44(sp)
    46bc:	d422                	sw	s0,40(sp)
    46be:	d04a                	sw	s2,32(sp)
    46c0:	ce4e                	sw	s3,28(sp)
    46c2:	cc52                	sw	s4,24(sp)
    if (ch >= DMA_NUMBER_OF_CHANNELS)
    46c4:	4795                	li	a5,5
{
    46c6:	84b2                	mv	s1,a2
    46c8:	8b3a                	mv	s6,a4
    46ca:	5642                	lw	a2,48(sp)
    46cc:	5752                	lw	a4,52(sp)
    if (ch >= DMA_NUMBER_OF_CHANNELS)
    46ce:	0ca7ed63          	bltu	a5,a0,47a8 <dma_channel_configure_wrapper+0xf8>
    if ((CSK_DMA->CH_EN & ch_bit) || !(channel_active & ch_bit))
    46d2:	400007b7          	lui	a5,0x40000
    46d6:	8a2a                	mv	s4,a0
    46d8:	3a07a783          	lw	a5,928(a5) # 400003a0 <_sp+0x1fff83a0>
    ch_bit = 0x1U << ch;
    46dc:	28a01533          	bset	a0,zero,a0
    if ((CSK_DMA->CH_EN & ch_bit) || !(channel_active & ch_bit))
    46e0:	8fe9                	and	a5,a5,a0
    46e2:	e3f9                	bnez	a5,47a8 <dma_channel_configure_wrapper+0xf8>
    46e4:	df41a783          	lw	a5,-524(gp) # 200006dc <channel_active>
    46e8:	8fe9                	and	a5,a5,a0
    46ea:	cfdd                	beqz	a5,47a8 <dma_channel_configure_wrapper+0xf8>
    if (control & DMA_CH_CTLL_S_GATH_EN) {
    46ec:	00ea9793          	sll	a5,s5,0xe
    46f0:	89ae                	mv	s3,a1
    46f2:	8936                	mv	s2,a3
    46f4:	0007d563          	bgez	a5,46fe <dma_channel_configure_wrapper+0x4e>
        if (SG_COUNT(src_gath) == 0)
    46f8:	01465793          	srl	a5,a2,0x14
    46fc:	c7d5                	beqz	a5,47a8 <dma_channel_configure_wrapper+0xf8>
    if (control & DMA_CH_CTLL_D_SCAT_EN) {
    46fe:	00da9793          	sll	a5,s5,0xd
    4702:	0007d563          	bgez	a5,470c <dma_channel_configure_wrapper+0x5c>
        if (SG_COUNT(dst_scat) == 0)
    4706:	01475793          	srl	a5,a4,0x14
    470a:	cfd9                	beqz	a5,47a8 <dma_channel_configure_wrapper+0xf8>
    ch_info = &channel_info[ch];
    470c:	02c00793          	li	a5,44
    4710:	44c18413          	add	s0,gp,1100 # 20000d34 <channel_info>
    width = (control & DMA_CH_CTLL_DST_WIDTH_MASK) >> DMA_CH_CTLL_DST_WIDTH_POS;
    4714:	001ad693          	srl	a3,s5,0x1
    ch_info = &channel_info[ch];
    4718:	c4fa147f          	maddr32	s0,s4,a5
    471c:	c646                	sw	a7,12(sp)
    471e:	c442                	sw	a6,8(sp)
    width = (control & DMA_CH_CTLL_DST_WIDTH_MASK) >> DMA_CH_CTLL_DST_WIDTH_POS;
    4720:	8a9d                	and	a3,a3,7
    if (width > DMA_WIDTH_MAX) {
    4722:	4789                	li	a5,2
    4724:	08d7e263          	bltu	a5,a3,47a8 <dma_channel_configure_wrapper+0xf8>
    ch_info->dst_wid_shift = width; // dst width shift
    4728:	00d40523          	sb	a3,10(s0)
    width = (control & DMA_CH_CTLL_SRC_WIDTH_MASK) >> DMA_CH_CTLL_SRC_WIDTH_POS;
    472c:	004ad693          	srl	a3,s5,0x4
    4730:	8a9d                	and	a3,a3,7
    if (width > DMA_WIDTH_MAX) {
    4732:	06d7eb63          	bltu	a5,a3,47a8 <dma_channel_configure_wrapper+0xf8>
    ch_info->width_shift = width; // src width shift
    4736:	00d404a3          	sb	a3,9(s0)
    ch_info->src_gath = src_gath;
    473a:	c450                	sw	a2,12(s0)
    ch_info->dst_scat = dst_scat;
    473c:	c818                	sw	a4,16(s0)
    ch_info->SizeToXfer = total_size;
    473e:	01642c23          	sw	s6,24(s0)
    ch_info->SizeXfered = 0;
    4742:	00042a23          	sw	zero,20(s0)
    ch_info->llp = 0;
    4746:	00042e23          	sw	zero,28(s0)
    ch_info->SrcAddr = 0;
    474a:	02042223          	sw	zero,36(s0)
    ch_info->DstAddr = 0;
    474e:	02042423          	sw	zero,40(s0)
    clear_all_interrupts(ch_bit);
    4752:	843ff0ef          	jal	3f94 <clear_all_interrupts>
    size = total_size > MAX_BLK_TS ? MAX_BLK_TS : total_size;
    4756:	001006b7          	lui	a3,0x100
    475a:	16fd                	add	a3,a3,-1 # fffff <_data_lma+0xf8887>
    475c:	0adb5733          	minu	a4,s6,a3
    update_next_xfer_addr(ch_info, control, src_addr, dst_addr, size);
    4760:	8626                	mv	a2,s1
    4762:	86ca                	mv	a3,s2
    4764:	85d6                	mv	a1,s5
    4766:	8522                	mv	a0,s0
    4768:	c23a                	sw	a4,4(sp)
    476a:	907ff0ef          	jal	4070 <update_next_xfer_addr>
    ch_info->flags &= ~DMA_FLAG_HW_LLP;
    476e:	00b44683          	lbu	a3,11(s0)
    4772:	9af9                	and	a3,a3,-2
    return dma_channel_configure_internal(ch, en_int, src_addr, dst_addr, size, control, config_low, config_high);
    4774:	fffaf793          	and	a5,s5,-1
    ch_info->flags &= ~DMA_FLAG_HW_LLP;
    4778:	00d405a3          	sb	a3,11(s0)
    return dma_channel_configure_internal(ch, en_int, src_addr, dst_addr, size, control, config_low, config_high);
    477c:	49b79793          	bclr	a5,a5,0x1b
}
    4780:	5422                	lw	s0,40(sp)
    return dma_channel_configure_internal(ch, en_int, src_addr, dst_addr, size, control, config_low, config_high);
    4782:	48b2                	lw	a7,12(sp)
    4784:	4822                	lw	a6,8(sp)
    4786:	4712                	lw	a4,4(sp)
}
    4788:	50b2                	lw	ra,44(sp)
    478a:	4ad2                	lw	s5,20(sp)
    478c:	4b42                	lw	s6,16(sp)
    return dma_channel_configure_internal(ch, en_int, src_addr, dst_addr, size, control, config_low, config_high);
    478e:	86ca                	mv	a3,s2
    4790:	8626                	mv	a2,s1
}
    4792:	5902                	lw	s2,32(sp)
    4794:	5492                	lw	s1,36(sp)
    return dma_channel_configure_internal(ch, en_int, src_addr, dst_addr, size, control, config_low, config_high);
    4796:	85ce                	mv	a1,s3
    4798:	8552                	mv	a0,s4
}
    479a:	49f2                	lw	s3,28(sp)
    479c:	4a62                	lw	s4,24(sp)
    return dma_channel_configure_internal(ch, en_int, src_addr, dst_addr, size, control, config_low, config_high);
    479e:	49c79793          	bclr	a5,a5,0x1c
}
    47a2:	6145                	add	sp,sp,48
    return dma_channel_configure_internal(ch, en_int, src_addr, dst_addr, size, control, config_low, config_high);
    47a4:	805ff06f          	j	3fa8 <dma_channel_configure_internal>
}
    47a8:	50b2                	lw	ra,44(sp)
    47aa:	5422                	lw	s0,40(sp)
    47ac:	5492                	lw	s1,36(sp)
    47ae:	5902                	lw	s2,32(sp)
    47b0:	49f2                	lw	s3,28(sp)
    47b2:	4a62                	lw	s4,24(sp)
    47b4:	4ad2                	lw	s5,20(sp)
    47b6:	4b42                	lw	s6,16(sp)
    47b8:	557d                	li	a0,-1
    47ba:	6145                	add	sp,sp,48
    47bc:	8082                	ret

000047be <dma_channel_suspend>:
    if (ch >= DMA_NUMBER_OF_CHANNELS)
    47be:	4795                	li	a5,5
{
    47c0:	872a                	mv	a4,a0
    if (ch >= DMA_NUMBER_OF_CHANNELS)
    47c2:	02a7ed63          	bltu	a5,a0,47fc <dma_channel_suspend+0x3e>
    if ((CSK_DMA->CH_EN & ch_bit) == 0)
    47c6:	400007b7          	lui	a5,0x40000
    47ca:	3a07a683          	lw	a3,928(a5) # 400003a0 <_sp+0x1fff83a0>
    47ce:	48a6d6b3          	bext	a3,a3,a0
        return -1;
    47d2:	557d                	li	a0,-1
    if ((CSK_DMA->CH_EN & ch_bit) == 0)
    47d4:	c68d                	beqz	a3,47fe <dma_channel_suspend+0x40>
    value = DMA_CHANNEL(ch)->CFG_LO;
    47d6:	05800693          	li	a3,88
    47da:	c4d717ff          	maddr32	a5,a4,a3
    47de:	43b8                	lw	a4,64(a5)
    if ((value & DMA_CH_CFGL_CH_SUSP) == 0) {
    47e0:	10077693          	and	a3,a4,256
    47e4:	c299                	beqz	a3,47ea <dma_channel_suspend+0x2c>
    return 0;
    47e6:	4501                	li	a0,0
    47e8:	8082                	ret
        value |= DMA_CH_CFGL_CH_SUSP;
    47ea:	10076713          	or	a4,a4,256
        DMA_CHANNEL(ch)->CFG_LO = value;
    47ee:	c3b8                	sw	a4,64(a5)
        if (wait_done) {
    47f0:	d9fd                	beqz	a1,47e6 <dma_channel_suspend+0x28>
            while ((DMA_CHANNEL(ch)->CFG_LO & DMA_CH_CFGL_FIFO_EMPTY) == 0) { }
    47f2:	43b8                	lw	a4,64(a5)
    47f4:	20077713          	and	a4,a4,512
    47f8:	df6d                	beqz	a4,47f2 <dma_channel_suspend+0x34>
    47fa:	b7f5                	j	47e6 <dma_channel_suspend+0x28>
        return -1;
    47fc:	557d                	li	a0,-1
}
    47fe:	8082                	ret

00004800 <dma_channel_disable>:
    if (ch >= DMA_NUMBER_OF_CHANNELS)
    4800:	4795                	li	a5,5
    4802:	06a7ee63          	bltu	a5,a0,487e <dma_channel_disable+0x7e>
    if (CSK_DMA->CH_EN & ch_bit) {
    4806:	400007b7          	lui	a5,0x40000
{
    480a:	1141                	add	sp,sp,-16
    uint32_t ch_bit = 1U << ch;
    480c:	28a01733          	bset	a4,zero,a0
    if (CSK_DMA->CH_EN & ch_bit) {
    4810:	3a07a683          	lw	a3,928(a5) # 400003a0 <_sp+0x1fff83a0>
{
    4814:	c422                	sw	s0,8(sp)
    4816:	c606                	sw	ra,12(sp)
    if (CSK_DMA->CH_EN & ch_bit) {
    4818:	8ef9                	and	a3,a3,a4
    481a:	842a                	mv	s0,a0
    481c:	ce85                	beqz	a3,4854 <dma_channel_disable+0x54>
        uint32_t value = DMA_CHANNEL(ch)->CFG_LO;
    481e:	05800693          	li	a3,88
    4822:	c4d517ff          	maddr32	a5,a0,a3
    4826:	43b4                	lw	a3,64(a5)
        if ((value & DMA_CH_CFGL_CH_SUSP) == 0) {
    4828:	1006f613          	and	a2,a3,256
    482c:	ea09                	bnez	a2,483e <dma_channel_disable+0x3e>
             value |= DMA_CH_CFGL_CH_SUSP;
    482e:	1006e693          	or	a3,a3,256
            DMA_CHANNEL(ch)->CFG_LO = value;
    4832:	c3b4                	sw	a3,64(a5)
            if (wait_done) {
    4834:	c589                	beqz	a1,483e <dma_channel_disable+0x3e>
                while ((DMA_CHANNEL(ch)->CFG_LO & DMA_CH_CFGL_FIFO_EMPTY) == 0) { }
    4836:	43b4                	lw	a3,64(a5)
    4838:	2006f693          	and	a3,a3,512
    483c:	deed                	beqz	a3,4836 <dma_channel_disable+0x36>
        CSK_DMA->CH_EN = (ch_bit << 8);
    483e:	00871793          	sll	a5,a4,0x8
    4842:	400006b7          	lui	a3,0x40000
    4846:	3af6a023          	sw	a5,928(a3) # 400003a0 <_sp+0x1fff83a0>
        if (wait_done) {
    484a:	c589                	beqz	a1,4854 <dma_channel_disable+0x54>
            while (CSK_DMA->CH_EN & ch_bit) { }
    484c:	3a06a783          	lw	a5,928(a3)
    4850:	8ff9                	and	a5,a5,a4
    4852:	ffed                	bnez	a5,484c <dma_channel_disable+0x4c>
    if (channel_active & ch_bit) {
    4854:	df41a783          	lw	a5,-524(gp) # 200006dc <channel_active>
    4858:	8ff9                	and	a5,a5,a4
    485a:	e791                	bnez	a5,4866 <dma_channel_disable+0x66>
}
    485c:	40b2                	lw	ra,12(sp)
    485e:	4422                	lw	s0,8(sp)
    return 0;
    4860:	4501                	li	a0,0
}
    4862:	0141                	add	sp,sp,16
    4864:	8082                	ret
        dma_channel_release_pipo(&channel_info[ch]);
    4866:	02c00793          	li	a5,44
    486a:	44c18513          	add	a0,gp,1100 # 20000d34 <channel_info>
    486e:	c4f4157f          	maddr32	a0,s0,a5
    4872:	891ff0ef          	jal	4102 <dma_channel_release_pipo>
        clear_channel_active_flag (ch);
    4876:	8522                	mv	a0,s0
    4878:	efeff0ef          	jal	3f76 <clear_channel_active_flag>
    487c:	b7c5                	j	485c <dma_channel_disable+0x5c>
        return -1;
    487e:	557d                	li	a0,-1
}
    4880:	8082                	ret

00004882 <dma_channel_get_count>:
    if (ch >= DMA_NUMBER_OF_CHANNELS) return 0;
    4882:	4795                	li	a5,5
    4884:	02a7ed63          	bltu	a5,a0,48be <dma_channel_get_count+0x3c>
    return ((__RV_CSR_READ(CSR_MSTATUS) & MSTATUS_MIE) == MSTATUS_MIE);
    4888:	30002773          	csrr	a4,mstatus
    488c:	8b21                	and	a4,a4,8
    if (gie) disable_GINT();
    488e:	c319                	beqz	a4,4894 <dma_channel_get_count+0x12>
	__RV_CSR_CLEAR(CSR_MSTATUS, MSTATUS_MIE);
    4890:	30047073          	csrc	mstatus,8
    uint32_t count = channel_info[ch].SizeXfered;
    4894:	02c00693          	li	a3,44
    4898:	44c18793          	add	a5,gp,1100 # 20000d34 <channel_info>
    489c:	c4d517ff          	maddr32	a5,a0,a3
    count += (DMA_CHANNEL(ch)->CTL_HI & DMA_CH_CTLH_BLOCK_TS_MASK);
    48a0:	05800613          	li	a2,88
    uint32_t count = channel_info[ch].SizeXfered;
    48a4:	4bd4                	lw	a3,20(a5)
    count += (DMA_CHANNEL(ch)->CTL_HI & DMA_CH_CTLH_BLOCK_TS_MASK);
    48a6:	400007b7          	lui	a5,0x40000
    48aa:	c4c517ff          	maddr32	a5,a0,a2
    48ae:	4fc8                	lw	a0,28(a5)
    48b0:	0532                	sll	a0,a0,0xc
    48b2:	8131                	srl	a0,a0,0xc
    48b4:	9536                	add	a0,a0,a3
    if (gie) enable_GINT();
    48b6:	c709                	beqz	a4,48c0 <dma_channel_get_count+0x3e>
	__RV_CSR_SET(CSR_MSTATUS, MSTATUS_MIE);
    48b8:	30046073          	csrs	mstatus,8
}
    48bc:	8082                	ret
    if (ch >= DMA_NUMBER_OF_CHANNELS) return 0;
    48be:	4501                	li	a0,0
}
    48c0:	8082                	ret

000048c2 <gpio_set_intr_mode>:
// **************************************************

static void
gpio_set_intr_mode(GPIO_RESOURCES* gpio, uint32_t intr_mode, uint32_t pin_mask){
    uint32_t i = 0;
    for(i = 0; i < gpio->max_num; i++){
    48c2:	00c52e03          	lw	t3,12(a0)
    48c6:	4681                	li	a3,0
    48c8:	4781                	li	a5,0
        if(pin_mask & (0x1 << i)){

            if((i >= 0) && (i < 8)){
    48ca:	471d                	li	a4,7
            else if((i >= 24) && (i < 32)){
                gpio->reg->REG_INTRMODE3.all &= ~(7 << ((i-24) * 4));
                gpio->reg->REG_INTRMODE3.all |= (intr_mode << ((i-24) * 4));
            }

            ((_GPIO_*)gpio->info->gpio_info + i)->int_mode = intr_mode;
    48cc:	4eb1                	li	t4,12
    for(i = 0; i < gpio->max_num; i++){
    48ce:	00fe1363          	bne	t3,a5,48d4 <gpio_set_intr_mode+0x12>
        }
    }
}
    48d2:	8082                	ret
        if(pin_mask & (0x1 << i)){
    48d4:	48f65833          	bext	a6,a2,a5
    48d8:	02080e63          	beqz	a6,4914 <gpio_set_intr_mode+0x52>
            if((i >= 0) && (i < 8)){
    48dc:	02f76f63          	bltu	a4,a5,491a <gpio_set_intr_mode+0x58>
                gpio->reg->REG_INTRMODE0.all &= ~(7 << (i * 4));
    48e0:	00052803          	lw	a6,0(a0)
    48e4:	05482303          	lw	t1,84(a6)
    48e8:	00d718b3          	sll	a7,a4,a3
    48ec:	411378b3          	andn	a7,t1,a7
    48f0:	05182a23          	sw	a7,84(a6)
                gpio->reg->REG_INTRMODE0.all |= (intr_mode << (i * 4));
    48f4:	05482303          	lw	t1,84(a6)
    48f8:	00d598b3          	sll	a7,a1,a3
    48fc:	0068e8b3          	or	a7,a7,t1
    4900:	05182a23          	sw	a7,84(a6)
            ((_GPIO_*)gpio->info->gpio_info + i)->int_mode = intr_mode;
    4904:	01052803          	lw	a6,16(a0)
    4908:	00882803          	lw	a6,8(a6)
    490c:	c5d7987f          	maddr32	a6,a5,t4
    4910:	00b82423          	sw	a1,8(a6)
    for(i = 0; i < gpio->max_num; i++){
    4914:	0785                	add	a5,a5,1 # 40000001 <_sp+0x1fff8001>
    4916:	0691                	add	a3,a3,4
    4918:	bf5d                	j	48ce <gpio_set_intr_mode+0xc>
            else if((i >= 8) && (i < 16)){
    491a:	ff878813          	add	a6,a5,-8
    491e:	03076763          	bltu	a4,a6,494c <gpio_set_intr_mode+0x8a>
                gpio->reg->REG_INTRMODE1.all &= ~(7 << ((i-8) * 4));
    4922:	00052883          	lw	a7,0(a0)
    4926:	fe068813          	add	a6,a3,-32
    492a:	0588af03          	lw	t5,88(a7)
    492e:	01071333          	sll	t1,a4,a6
    4932:	406f7333          	andn	t1,t5,t1
    4936:	0468ac23          	sw	t1,88(a7)
                gpio->reg->REG_INTRMODE1.all |= (intr_mode << ((i-8) * 4));
    493a:	0588a303          	lw	t1,88(a7)
    493e:	01059833          	sll	a6,a1,a6
    4942:	00686833          	or	a6,a6,t1
    4946:	0508ac23          	sw	a6,88(a7)
    494a:	bf6d                	j	4904 <gpio_set_intr_mode+0x42>
            else if((i >= 16) && (i < 24)){
    494c:	ff078813          	add	a6,a5,-16
    4950:	03076763          	bltu	a4,a6,497e <gpio_set_intr_mode+0xbc>
                gpio->reg->REG_INTRMODE2.all &= ~(7 << ((i-16) * 4));
    4954:	00052883          	lw	a7,0(a0)
    4958:	fc068813          	add	a6,a3,-64
    495c:	05c8af03          	lw	t5,92(a7)
    4960:	01071333          	sll	t1,a4,a6
    4964:	406f7333          	andn	t1,t5,t1
    4968:	0468ae23          	sw	t1,92(a7)
                gpio->reg->REG_INTRMODE2.all |= (intr_mode << ((i-16) * 4));
    496c:	05c8a303          	lw	t1,92(a7)
    4970:	01059833          	sll	a6,a1,a6
    4974:	00686833          	or	a6,a6,t1
    4978:	0508ae23          	sw	a6,92(a7)
    497c:	b761                	j	4904 <gpio_set_intr_mode+0x42>
            else if((i >= 24) && (i < 32)){
    497e:	fe878813          	add	a6,a5,-24
    4982:	f90761e3          	bltu	a4,a6,4904 <gpio_set_intr_mode+0x42>
                gpio->reg->REG_INTRMODE3.all &= ~(7 << ((i-24) * 4));
    4986:	00052883          	lw	a7,0(a0)
    498a:	fa068813          	add	a6,a3,-96
    498e:	0608af03          	lw	t5,96(a7)
    4992:	01071333          	sll	t1,a4,a6
    4996:	406f7333          	andn	t1,t5,t1
    499a:	0668a023          	sw	t1,96(a7)
                gpio->reg->REG_INTRMODE3.all |= (intr_mode << ((i-24) * 4));
    499e:	0608a303          	lw	t1,96(a7)
    49a2:	01059833          	sll	a6,a1,a6
    49a6:	00686833          	or	a6,a6,t1
    49aa:	0708a023          	sw	a6,96(a7)
    49ae:	bf99                	j	4904 <gpio_set_intr_mode+0x42>

000049b0 <gpio_set_pull_mode>:

static void
gpio_set_pull_mode(GPIO_RESOURCES* gpio, uint32_t pull_mode, uint32_t pin_mask){
    uint32_t i = 0;
    for(i = 0; i < gpio->max_num; i++){
    49b0:	4554                	lw	a3,12(a0)
    49b2:	4781                	li	a5,0
        if(pin_mask & (0x1 << i)){
            gpio->info->gpio_info[i].mode = pull_mode;
    49b4:	4831                	li	a6,12
    for(i = 0; i < gpio->max_num; i++){
    49b6:	00f69363          	bne	a3,a5,49bc <gpio_set_pull_mode+0xc>
        }
    }
}
    49ba:	8082                	ret
        if(pin_mask & (0x1 << i)){
    49bc:	48f65733          	bext	a4,a2,a5
    49c0:	c711                	beqz	a4,49cc <gpio_set_pull_mode+0x1c>
            gpio->info->gpio_info[i].mode = pull_mode;
    49c2:	4918                	lw	a4,16(a0)
    49c4:	4718                	lw	a4,8(a4)
    49c6:	c507977f          	maddr32	a4,a5,a6
    49ca:	c34c                	sw	a1,4(a4)
    for(i = 0; i < gpio->max_num; i++){
    49cc:	0785                	add	a5,a5,1
    49ce:	b7e5                	j	49b6 <gpio_set_pull_mode+0x6>

000049d0 <GPIO_IRQ_Handler>:
}

static void
GPIO_IRQ_Handler(GPIO_RESOURCES* gpio){
    uint32_t iir;
    iir = gpio->reg->REG_INTRSTATUS.all;
    49d0:	4118                	lw	a4,0(a0)
GPIO_IRQ_Handler(GPIO_RESOURCES* gpio){
    49d2:	87aa                	mv	a5,a0
    iir = gpio->reg->REG_INTRSTATUS.all;
    49d4:	5368                	lw	a0,100(a4)
    // clear gpio interrupt status
    gpio->reg->REG_INTRSTATUS.all = iir;
    49d6:	d368                	sw	a0,100(a4)

    if(gpio->info->cb_event)
    49d8:	4b98                	lw	a4,16(a5)
    49da:	431c                	lw	a5,0(a4)
    49dc:	c399                	beqz	a5,49e2 <GPIO_IRQ_Handler+0x12>
    	gpio->info->cb_event(iir, gpio->info->workspace);
    49de:	434c                	lw	a1,4(a4)
    49e0:	8782                	jr	a5
}
    49e2:	8082                	ret

000049e4 <GPIOA_IRQ_Handler>:

static void
GPIOA_IRQ_Handler(void){
    GPIO_IRQ_Handler(&gpioa_resources);
    49e4:	b4c18513          	add	a0,gp,-1204 # 20000434 <gpioa_resources>
    49e8:	fe9ff06f          	j	49d0 <GPIO_IRQ_Handler>

000049ec <GPIOB_IRQ_Handler>:
}

static void
GPIOB_IRQ_Handler(void){
    GPIO_IRQ_Handler(&gpiob_resources);
    49ec:	b3818513          	add	a0,gp,-1224 # 20000420 <gpiob_resources>
    49f0:	fe1ff06f          	j	49d0 <GPIO_IRQ_Handler>

000049f4 <GPIOA>:
}
    49f4:	b4c18513          	add	a0,gp,-1204 # 20000434 <gpioa_resources>
    49f8:	8082                	ret

000049fa <GPIOB>:
}
    49fa:	b3818513          	add	a0,gp,-1224 # 20000420 <gpiob_resources>
    49fe:	8082                	ret

00004a00 <GPIO_Initialize>:
GPIO_Initialize(void *res, CSK_GPIO_SignalEvent_t cb_event, void* workspace){
    4a00:	1141                	add	sp,sp,-16
    4a02:	c422                	sw	s0,8(sp)
    4a04:	c606                	sw	ra,12(sp)
    CHECK_RESOURCES(res);
    4a06:	b4c18793          	add	a5,gp,-1204 # 20000434 <gpioa_resources>
GPIO_Initialize(void *res, CSK_GPIO_SignalEvent_t cb_event, void* workspace){
    4a0a:	842a                	mv	s0,a0
    CHECK_RESOURCES(res);
    4a0c:	00f50b63          	beq	a0,a5,4a22 <GPIO_Initialize+0x22>
    4a10:	b3818793          	add	a5,gp,-1224 # 20000420 <gpiob_resources>
    4a14:	556d                	li	a0,-5
    4a16:	04f40863          	beq	s0,a5,4a66 <GPIO_Initialize+0x66>
}
    4a1a:	40b2                	lw	ra,12(sp)
    4a1c:	4422                	lw	s0,8(sp)
    4a1e:	0141                	add	sp,sp,16
    4a20:	8082                	ret
    	__HAL_CRM_GPIO0_CLK_ENABLE();
    4a22:	43100737          	lui	a4,0x43100
    4a26:	5b5c                	lw	a5,52(a4)
    4a28:	0207e793          	or	a5,a5,32
    	__HAL_CRM_GPIO1_CLK_ENABLE();
    4a2c:	db5c                	sw	a5,52(a4)
    gpio->info->cb_event = cb_event;
    4a2e:	481c                	lw	a5,16(s0)
    4a30:	c38c                	sw	a1,0(a5)
    gpio->info->workspace = workspace;
    4a32:	c3d0                	sw	a2,4(a5)
    register_ISR(gpio->irq_num, gpio->irq_handler, NULL);
    4a34:	440c                	lw	a1,8(s0)
    4a36:	4601                	li	a2,0
    4a38:	4048                	lw	a0,4(s0)
    4a3a:	848fe0ef          	jal	2a82 <register_ISR>
    ECLIC->CTRL[IRQn].INTIE |= CLIC_INTIE_IE_Msk;
    4a3e:	405c                	lw	a5,4(s0)
    4a40:	e0020737          	lui	a4,0xe0020
    4a44:	20e7c7b3          	sh2add	a5,a5,a4
    4a48:	6705                	lui	a4,0x1
    4a4a:	97ba                	add	a5,a5,a4
    4a4c:	0017c703          	lbu	a4,1(a5)
    4a50:	00176713          	or	a4,a4,1
    4a54:	00e780a3          	sb	a4,1(a5)
    for(i = 0; i < gpio->max_num; i++){
    4a58:	4454                	lw	a3,12(s0)
    4a5a:	4701                	li	a4,0
        ((_GPIO_*)gpio->info->gpio_info + i)->dir = csk_gpio_dir_input;
    4a5c:	4631                	li	a2,12
    for(i = 0; i < gpio->max_num; i++){
    4a5e:	00e69a63          	bne	a3,a4,4a72 <GPIO_Initialize+0x72>
    return CSK_DRIVER_OK;
    4a62:	4501                	li	a0,0
    4a64:	bf5d                	j	4a1a <GPIO_Initialize+0x1a>
    	__HAL_CRM_GPIO1_CLK_ENABLE();
    4a66:	43100737          	lui	a4,0x43100
    4a6a:	5b5c                	lw	a5,52(a4)
    4a6c:	0407e793          	or	a5,a5,64
    4a70:	bf75                	j	4a2c <GPIO_Initialize+0x2c>
        ((_GPIO_*)gpio->info->gpio_info + i)->dir = csk_gpio_dir_input;
    4a72:	481c                	lw	a5,16(s0)
    4a74:	479c                	lw	a5,8(a5)
    4a76:	c4c717ff          	maddr32	a5,a4,a2
    for(i = 0; i < gpio->max_num; i++){
    4a7a:	0705                	add	a4,a4,1 # 43100001 <_sp+0x230f8001>
        ((_GPIO_*)gpio->info->gpio_info + i)->dir = csk_gpio_dir_input;
    4a7c:	0007a023          	sw	zero,0(a5)
        ((_GPIO_*)gpio->info->gpio_info + i)->mode = csk_gpio_mode_none_pull;
    4a80:	0007a223          	sw	zero,4(a5)
        ((_GPIO_*)gpio->info->gpio_info + i)->int_mode = _csk_gpio_int_mode_none_;
    4a84:	0007a423          	sw	zero,8(a5)
    for(i = 0; i < gpio->max_num; i++){
    4a88:	bfd9                	j	4a5e <GPIO_Initialize+0x5e>

00004a8a <GPIO_Control>:
GPIO_Control(void* res, uint32_t control, uint32_t arg){
    4a8a:	1141                	add	sp,sp,-16
    4a8c:	c422                	sw	s0,8(sp)
    4a8e:	c226                	sw	s1,4(sp)
    4a90:	c04a                	sw	s2,0(sp)
    4a92:	c606                	sw	ra,12(sp)
    CHECK_RESOURCES(res);
    4a94:	b4c18793          	add	a5,gp,-1204 # 20000434 <gpioa_resources>
GPIO_Control(void* res, uint32_t control, uint32_t arg){
    4a98:	84aa                	mv	s1,a0
    4a9a:	892e                	mv	s2,a1
    4a9c:	8432                	mv	s0,a2
    CHECK_RESOURCES(res);
    4a9e:	00f50763          	beq	a0,a5,4aac <GPIO_Control+0x22>
    4aa2:	b3818793          	add	a5,gp,-1224 # 20000420 <gpiob_resources>
    4aa6:	556d                	li	a0,-5
    4aa8:	00f49c63          	bne	s1,a5,4ac0 <GPIO_Control+0x36>
    switch (control & CSK_GPIO_CONTROL_Mask){
    4aac:	01491793          	sll	a5,s2,0x14
    4ab0:	0007de63          	bgez	a5,4acc <GPIO_Control+0x42>
        gpio->reg->REG_DEBOUNCECTRL.bit.DBPRESCALE = (arg & 0xff);
    4ab4:	409c                	lw	a5,0(s1)
    4ab6:	0ff47413          	zext.b	s0,s0
    4aba:	06878a23          	sb	s0,116(a5)
        return CSK_DRIVER_OK;
    4abe:	4501                	li	a0,0
}
    4ac0:	40b2                	lw	ra,12(sp)
    4ac2:	4422                	lw	s0,8(sp)
    4ac4:	4492                	lw	s1,4(sp)
    4ac6:	4902                	lw	s2,0(sp)
    4ac8:	0141                	add	sp,sp,16
    4aca:	8082                	ret
    switch (control & CSK_GPIO_INTR_Mask){
    4acc:	00397793          	and	a5,s2,3
    4ad0:	4705                	li	a4,1
    4ad2:	06e78d63          	beq	a5,a4,4b4c <GPIO_Control+0xc2>
    4ad6:	4709                	li	a4,2
    4ad8:	00e79663          	bne	a5,a4,4ae4 <GPIO_Control+0x5a>
        gpio->reg->REG_INTREN.all |= arg;
    4adc:	4098                	lw	a4,0(s1)
    4ade:	4b3c                	lw	a5,80(a4)
    4ae0:	8fc1                	or	a5,a5,s0
        gpio->reg->REG_INTREN.all &= (~arg);
    4ae2:	cb3c                	sw	a5,80(a4)
    switch (control & CSK_GPIO_SET_INTR_Mask){
    4ae4:	01c97793          	and	a5,s2,28
    4ae8:	4731                	li	a4,12
    4aea:	08e78863          	beq	a5,a4,4b7a <GPIO_Control+0xf0>
    4aee:	06f76463          	bltu	a4,a5,4b56 <GPIO_Control+0xcc>
    4af2:	4711                	li	a4,4
    4af4:	06e78a63          	beq	a5,a4,4b68 <GPIO_Control+0xde>
    4af8:	4721                	li	a4,8
    4afa:	06e78d63          	beq	a5,a4,4b74 <GPIO_Control+0xea>
    switch (control & CSK_GPIO_MODE_Mask){
    4afe:	06097793          	and	a5,s2,96
    4b02:	04000713          	li	a4,64
    4b06:	08e78063          	beq	a5,a4,4b86 <GPIO_Control+0xfc>
    4b0a:	06000713          	li	a4,96
    4b0e:	08e78a63          	beq	a5,a4,4ba2 <GPIO_Control+0x118>
    4b12:	02000713          	li	a4,32
    4b16:	0ae78063          	beq	a5,a4,4bb6 <GPIO_Control+0x12c>
    switch (control & CSK_GPIO_DEBOUNCE_CLK_Mask){
    4b1a:	18097793          	and	a5,s2,384
    4b1e:	08000713          	li	a4,128
    4b22:	0ae78263          	beq	a5,a4,4bc6 <GPIO_Control+0x13c>
    4b26:	10000713          	li	a4,256
    4b2a:	0ae78463          	beq	a5,a4,4bd2 <GPIO_Control+0x148>
    switch (control & CSK_GPIO_DEBOUNCE_Mask){
    4b2e:	60097913          	and	s2,s2,1536
    4b32:	20000793          	li	a5,512
    4b36:	0af90363          	beq	s2,a5,4bdc <GPIO_Control+0x152>
    4b3a:	40000793          	li	a5,1024
    4b3e:	f8f910e3          	bne	s2,a5,4abe <GPIO_Control+0x34>
        gpio->reg->REG_DEBOUNCEEN.all |= arg;
    4b42:	4098                	lw	a4,0(s1)
    4b44:	5b3c                	lw	a5,112(a4)
    4b46:	8fc1                	or	a5,a5,s0
    4b48:	db3c                	sw	a5,112(a4)
        break;
    4b4a:	bf95                	j	4abe <GPIO_Control+0x34>
        gpio->reg->REG_INTREN.all &= (~arg);
    4b4c:	4098                	lw	a4,0(s1)
    4b4e:	4b3c                	lw	a5,80(a4)
    4b50:	4087f7b3          	andn	a5,a5,s0
    4b54:	b779                	j	4ae2 <GPIO_Control+0x58>
    switch (control & CSK_GPIO_SET_INTR_Mask){
    4b56:	4741                	li	a4,16
    4b58:	02e78463          	beq	a5,a4,4b80 <GPIO_Control+0xf6>
    4b5c:	4751                	li	a4,20
    4b5e:	fae790e3          	bne	a5,a4,4afe <GPIO_Control+0x74>
        gpio_set_intr_mode(gpio, csk_gpio_int_mode_dual_level, arg);
    4b62:	8622                	mv	a2,s0
    4b64:	459d                	li	a1,7
    4b66:	a019                	j	4b6c <GPIO_Control+0xe2>
        gpio_set_intr_mode(gpio, csk_gpio_int_mode_low_level, arg);
    4b68:	8622                	mv	a2,s0
    4b6a:	458d                	li	a1,3
        gpio_set_intr_mode(gpio, csk_gpio_int_mode_dual_level, arg);
    4b6c:	8526                	mv	a0,s1
    4b6e:	d55ff0ef          	jal	48c2 <gpio_set_intr_mode>
        break;
    4b72:	b771                	j	4afe <GPIO_Control+0x74>
        gpio_set_intr_mode(gpio, csk_gpio_int_mode_high_level, arg);
    4b74:	8622                	mv	a2,s0
    4b76:	4589                	li	a1,2
    4b78:	bfd5                	j	4b6c <GPIO_Control+0xe2>
        gpio_set_intr_mode(gpio, csk_gpio_int_mode_negative_level, arg);
    4b7a:	8622                	mv	a2,s0
    4b7c:	4595                	li	a1,5
    4b7e:	b7fd                	j	4b6c <GPIO_Control+0xe2>
        gpio_set_intr_mode(gpio, csk_gpio_int_mode_positive_level, arg);
    4b80:	8622                	mv	a2,s0
    4b82:	4599                	li	a1,6
    4b84:	b7e5                	j	4b6c <GPIO_Control+0xe2>
        gpio->reg->REG_PULLEN.all |= arg;
    4b86:	409c                	lw	a5,0(s1)
    4b88:	43b8                	lw	a4,64(a5)
    4b8a:	8f41                	or	a4,a4,s0
    4b8c:	c3b8                	sw	a4,64(a5)
        gpio->reg->REG_PULLTYPE.all &= (~arg);
    4b8e:	43f8                	lw	a4,68(a5)
    4b90:	40877733          	andn	a4,a4,s0
    4b94:	c3f8                	sw	a4,68(a5)
        gpio_set_pull_mode(gpio, csk_gpio_mode_pull_up, arg);
    4b96:	8622                	mv	a2,s0
    4b98:	4585                	li	a1,1
        gpio_set_pull_mode(gpio, csk_gpio_mode_none_pull, arg);
    4b9a:	8526                	mv	a0,s1
    4b9c:	e15ff0ef          	jal	49b0 <gpio_set_pull_mode>
        break;
    4ba0:	bfad                	j	4b1a <GPIO_Control+0x90>
        gpio->reg->REG_PULLEN.all |= arg;
    4ba2:	409c                	lw	a5,0(s1)
    4ba4:	43b8                	lw	a4,64(a5)
    4ba6:	8f41                	or	a4,a4,s0
    4ba8:	c3b8                	sw	a4,64(a5)
        gpio->reg->REG_PULLTYPE.all |= arg;
    4baa:	43f8                	lw	a4,68(a5)
    4bac:	8f41                	or	a4,a4,s0
    4bae:	c3f8                	sw	a4,68(a5)
        gpio_set_pull_mode(gpio, csk_gpio_mode_pull_down, arg);
    4bb0:	8622                	mv	a2,s0
    4bb2:	4589                	li	a1,2
    4bb4:	b7dd                	j	4b9a <GPIO_Control+0x110>
        gpio->reg->REG_PULLEN.all &= (~arg);
    4bb6:	4098                	lw	a4,0(s1)
    4bb8:	433c                	lw	a5,64(a4)
    4bba:	4087f7b3          	andn	a5,a5,s0
    4bbe:	c33c                	sw	a5,64(a4)
        gpio_set_pull_mode(gpio, csk_gpio_mode_none_pull, arg);
    4bc0:	8622                	mv	a2,s0
    4bc2:	4581                	li	a1,0
    4bc4:	bfd9                	j	4b9a <GPIO_Control+0x110>
        gpio->reg->REG_DEBOUNCECTRL.bit.DBCLKSEL = 0x0;
    4bc6:	4098                	lw	a4,0(s1)
    4bc8:	5b7c                	lw	a5,116(a4)
    4bca:	49f79793          	bclr	a5,a5,0x1f
        gpio->reg->REG_DEBOUNCECTRL.bit.DBCLKSEL = 0x1;
    4bce:	db7c                	sw	a5,116(a4)
        break;
    4bd0:	bfb9                	j	4b2e <GPIO_Control+0xa4>
        gpio->reg->REG_DEBOUNCECTRL.bit.DBCLKSEL = 0x1;
    4bd2:	4098                	lw	a4,0(s1)
    4bd4:	5b7c                	lw	a5,116(a4)
    4bd6:	29f79793          	bset	a5,a5,0x1f
    4bda:	bfd5                	j	4bce <GPIO_Control+0x144>
        gpio->reg->REG_DEBOUNCEEN.all &= (~arg);
    4bdc:	409c                	lw	a5,0(s1)
    4bde:	5bb8                	lw	a4,112(a5)
    4be0:	40877433          	andn	s0,a4,s0
    4be4:	dba0                	sw	s0,112(a5)
        break;
    4be6:	bde1                	j	4abe <GPIO_Control+0x34>

00004be8 <GPIO_PinWrite>:
    CHECK_RESOURCES(res);
    4be8:	b4c18713          	add	a4,gp,-1204 # 20000434 <gpioa_resources>
{
    4bec:	87aa                	mv	a5,a0
    CHECK_RESOURCES(res);
    4bee:	00e50763          	beq	a0,a4,4bfc <GPIO_PinWrite+0x14>
    4bf2:	b3818713          	add	a4,gp,-1224 # 20000420 <gpiob_resources>
    4bf6:	556d                	li	a0,-5
    4bf8:	00e79963          	bne	a5,a4,4c0a <GPIO_PinWrite+0x22>
    	gpio->reg->REG_DOUTSET.all = pin_mask;
    4bfc:	439c                	lw	a5,0(a5)
    if(val)
    4bfe:	c601                	beqz	a2,4c06 <GPIO_PinWrite+0x1e>
    	gpio->reg->REG_DOUTSET.all = pin_mask;
    4c00:	db8c                	sw	a1,48(a5)
    return CSK_DRIVER_OK;
    4c02:	4501                	li	a0,0
    4c04:	8082                	ret
    	gpio->reg->REG_DOUTCLEAR.all = pin_mask;
    4c06:	d7cc                	sw	a1,44(a5)
    4c08:	bfed                	j	4c02 <GPIO_PinWrite+0x1a>
}
    4c0a:	8082                	ret

00004c0c <GPIO_PinRead>:
    CHECK_RESOURCES(res);
    4c0c:	b4c18713          	add	a4,gp,-1204 # 20000434 <gpioa_resources>
GPIO_PinRead(void* res, uint32_t pin_mask){
    4c10:	87aa                	mv	a5,a0
    CHECK_RESOURCES(res);
    4c12:	00e50763          	beq	a0,a4,4c20 <GPIO_PinRead+0x14>
    4c16:	b3818713          	add	a4,gp,-1224 # 20000420 <gpiob_resources>
    4c1a:	556d                	li	a0,-5
    4c1c:	00e79763          	bne	a5,a4,4c2a <GPIO_PinRead+0x1e>
    return (gpio->reg->REG_DATAIN.all & pin_mask) ? 1 : 0;
    4c20:	439c                	lw	a5,0(a5)
    4c22:	5388                	lw	a0,32(a5)
    4c24:	8d6d                	and	a0,a0,a1
    4c26:	00a03533          	snez	a0,a0
}
    4c2a:	8082                	ret

00004c2c <GPIO_SetDir>:
    CHECK_RESOURCES(res);
    4c2c:	b4c18713          	add	a4,gp,-1204 # 20000434 <gpioa_resources>
GPIO_SetDir(void* res, uint32_t pin_mask, uint32_t dir){
    4c30:	87aa                	mv	a5,a0
    CHECK_RESOURCES(res);
    4c32:	00e50763          	beq	a0,a4,4c40 <GPIO_SetDir+0x14>
    4c36:	b3818713          	add	a4,gp,-1224 # 20000420 <gpiob_resources>
    4c3a:	556d                	li	a0,-5
    4c3c:	00e79d63          	bne	a5,a4,4c56 <GPIO_SetDir+0x2a>
    dir ? (gpio->reg->REG_CHANNELDIR.all |= pin_mask) : (gpio->reg->REG_CHANNELDIR.all &= (~pin_mask));
    4c40:	4398                	lw	a4,0(a5)
    4c42:	5714                	lw	a3,40(a4)
    4c44:	ca11                	beqz	a2,4c58 <GPIO_SetDir+0x2c>
    4c46:	8ecd                	or	a3,a3,a1
    4c48:	d714                	sw	a3,40(a4)
    for(i = 0; i < gpio->max_num; i++){
    4c4a:	47c8                	lw	a0,12(a5)
    4c4c:	4701                	li	a4,0
            gpio->info->gpio_info[i].dir = dir;
    4c4e:	4831                	li	a6,12
    for(i = 0; i < gpio->max_num; i++){
    4c50:	00a71763          	bne	a4,a0,4c5e <GPIO_SetDir+0x32>
    return CSK_DRIVER_OK;
    4c54:	4501                	li	a0,0
}
    4c56:	8082                	ret
    dir ? (gpio->reg->REG_CHANNELDIR.all |= pin_mask) : (gpio->reg->REG_CHANNELDIR.all &= (~pin_mask));
    4c58:	40b6f6b3          	andn	a3,a3,a1
    4c5c:	b7f5                	j	4c48 <GPIO_SetDir+0x1c>
        if(pin_mask & (0x1 << i)){
    4c5e:	48e5d6b3          	bext	a3,a1,a4
    4c62:	c691                	beqz	a3,4c6e <GPIO_SetDir+0x42>
            gpio->info->gpio_info[i].dir = dir;
    4c64:	4b94                	lw	a3,16(a5)
    4c66:	4694                	lw	a3,8(a3)
    4c68:	c50716ff          	maddr32	a3,a4,a6
    4c6c:	c290                	sw	a2,0(a3)
    for(i = 0; i < gpio->max_num; i++){
    4c6e:	0705                	add	a4,a4,1
    4c70:	b7c5                	j	4c50 <GPIO_SetDir+0x24>

00004c72 <AON_IOMuxManager_PinConfigure>:
	}

	return CSK_DRIVER_OK;
}

int32_t AON_IOMuxManager_PinConfigure(uint8_t pad, uint8_t pin_num, uint32_t pin_cfg) {
    4c72:	1141                	add	sp,sp,-16
	volatile uint32_t* volatile aon_pin_base = NULL;
    4c74:	c602                	sw	zero,12(sp)

	switch(pad) {
    4c76:	4785                	li	a5,1
    4c78:	02f51763          	bne	a0,a5,4ca6 <AON_IOMuxManager_PinConfigure+0x34>
	case CSK_IOMUX_PAD_A:
		// Un-support PAD_A
		return CSK_DRIVER_ERROR_PARAMETER;

	case CSK_IOMUX_PAD_B:
		if(pin_num > CSK_IOMUX_PAD_B_MAX_PIN) {
    4c7c:	4795                	li	a5,5
		return CSK_DRIVER_ERROR_PARAMETER;
    4c7e:	556d                	li	a0,-5
		if(pin_num > CSK_IOMUX_PAD_B_MAX_PIN) {
    4c80:	02b7e163          	bltu	a5,a1,4ca2 <AON_IOMuxManager_PinConfigure+0x30>
			return CSK_DRIVER_ERROR_PARAMETER;
		}

		aon_pin_base = &(IP_AON_IOMUX->REG_PAD_AON_GPIOB_00.all) + pin_num;
    4c84:	451007b7          	lui	a5,0x45100
    4c88:	20f5c5b3          	sh2add	a1,a1,a5
    4c8c:	c62e                	sw	a1,12(sp)
	default:
		return CSK_DRIVER_ERROR_PARAMETER;
	}

	/* Clear function select field and set value */
	*aon_pin_base &= ~0x1f;
    4c8e:	4732                	lw	a4,12(sp)
    4c90:	431c                	lw	a5,0(a4)
    4c92:	9b81                	and	a5,a5,-32
    4c94:	c31c                	sw	a5,0(a4)
	*aon_pin_base |= (pin_cfg & 0x1f);
    4c96:	47b2                	lw	a5,12(sp)
    4c98:	4398                	lw	a4,0(a5)
    4c9a:	8a7d                	and	a2,a2,31
    4c9c:	8e59                	or	a2,a2,a4
    4c9e:	c390                	sw	a2,0(a5)
	return CSK_DRIVER_OK;
    4ca0:	4501                	li	a0,0
}
    4ca2:	0141                	add	sp,sp,16
    4ca4:	8082                	ret
		return CSK_DRIVER_ERROR_PARAMETER;
    4ca6:	556d                	li	a0,-5
    4ca8:	bfed                	j	4ca2 <AON_IOMuxManager_PinConfigure+0x30>

00004caa <IOMuxManager_PinConfigure>:
int32_t IOMuxManager_PinConfigure(uint8_t pad, uint8_t pin_num, uint32_t pin_cfg) {
    4caa:	1101                	add	sp,sp,-32
    4cac:	ce06                	sw	ra,28(sp)
    4cae:	cc22                	sw	s0,24(sp)
    4cb0:	ca26                	sw	s1,20(sp)
	volatile uint32_t* volatile pin_base = NULL;
    4cb2:	c602                	sw	zero,12(sp)
	if(pin_cfg > CSK_IOMUX_FUNC_ALTER22) {
    4cb4:	47d9                	li	a5,22
    4cb6:	06c7e863          	bltu	a5,a2,4d26 <IOMuxManager_PinConfigure+0x7c>
	switch(pad) {
    4cba:	4785                	li	a5,1
    4cbc:	842e                	mv	s0,a1
    4cbe:	84b2                	mv	s1,a2
    4cc0:	02f50e63          	beq	a0,a5,4cfc <IOMuxManager_PinConfigure+0x52>
    4cc4:	4789                	li	a5,2
    4cc6:	04f50763          	beq	a0,a5,4d14 <IOMuxManager_PinConfigure+0x6a>
    4cca:	57ed                	li	a5,-5
    4ccc:	e115                	bnez	a0,4cf0 <IOMuxManager_PinConfigure+0x46>
		if(pin_num > CSK_IOMUX_PAD_A_MAX_PIN) {
    4cce:	477d                	li	a4,31
    4cd0:	02b76063          	bltu	a4,a1,4cf0 <IOMuxManager_PinConfigure+0x46>
		pin_base = &(IP_CORE_IOMUX->REG_PAD_GPIOA_00.all) + pin_num;
    4cd4:	441007b7          	lui	a5,0x44100
		pin_base = &(IP_CORE_IOMUX->REG_PAD_GPIOC_00.all) + pin_num;
    4cd8:	20f44433          	sh2add	s0,s0,a5
    4cdc:	c622                	sw	s0,12(sp)
	*pin_base &= ~0x1f;
    4cde:	4732                	lw	a4,12(sp)
    4ce0:	431c                	lw	a5,0(a4)
    4ce2:	9b81                	and	a5,a5,-32
    4ce4:	c31c                	sw	a5,0(a4)
	*pin_base |= (pin_cfg & 0x1f);
    4ce6:	4732                	lw	a4,12(sp)
    4ce8:	431c                	lw	a5,0(a4)
    4cea:	8fc5                	or	a5,a5,s1
    4cec:	c31c                	sw	a5,0(a4)
	return CSK_DRIVER_OK;
    4cee:	4781                	li	a5,0
}
    4cf0:	40f2                	lw	ra,28(sp)
    4cf2:	4462                	lw	s0,24(sp)
    4cf4:	44d2                	lw	s1,20(sp)
    4cf6:	853e                	mv	a0,a5
    4cf8:	6105                	add	sp,sp,32
    4cfa:	8082                	ret
		if(pin_num > CSK_IOMUX_PAD_B_MAX_PIN) {
    4cfc:	4715                	li	a4,5
    4cfe:	57ed                	li	a5,-5
    4d00:	feb768e3          	bltu	a4,a1,4cf0 <IOMuxManager_PinConfigure+0x46>
		AON_IOMuxManager_PinConfigure(pad, pin_num, CSK_AON_IOMUX_FUNC_NORMAL);
    4d04:	4619                	li	a2,6
    4d06:	f6dff0ef          	jal	4c72 <AON_IOMuxManager_PinConfigure>
		pin_base = &(IP_CORE_IOMUX->REG_PAD_GPIOB_00.all) + pin_num;
    4d0a:	441007b7          	lui	a5,0x44100
    4d0e:	08078793          	add	a5,a5,128 # 44100080 <_sp+0x240f8080>
    4d12:	b7d9                	j	4cd8 <IOMuxManager_PinConfigure+0x2e>
		if(pin_num > CSK_IOMUX_PAD_C_MAX_PIN) {
    4d14:	470d                	li	a4,3
    4d16:	57ed                	li	a5,-5
    4d18:	fcb76ce3          	bltu	a4,a1,4cf0 <IOMuxManager_PinConfigure+0x46>
		pin_base = &(IP_CORE_IOMUX->REG_PAD_GPIOC_00.all) + pin_num;
    4d1c:	441007b7          	lui	a5,0x44100
    4d20:	09878793          	add	a5,a5,152 # 44100098 <_sp+0x240f8098>
    4d24:	bf55                	j	4cd8 <IOMuxManager_PinConfigure+0x2e>
    4d26:	57ed                	li	a5,-5
    4d28:	b7e1                	j	4cf0 <IOMuxManager_PinConfigure+0x46>

00004d2a <UART_IRQ_Handler>:

    return event;
}

static void UART_IRQ_Handler(UART_RESOURCES *uart)
{
    4d2a:	1141                	add	sp,sp,-16
    uint32_t iir, imsk, val, i, event = 0;
    // Get interrupt status

    iir = uart->reg->REG_IRQ_CAUSE.all;
    4d2c:	4114                	lw	a3,0(a0)
{
    4d2e:	c422                	sw	s0,8(sp)
    iir = uart->reg->REG_IRQ_CAUSE.all;
    4d30:	4a98                	lw	a4,16(a3)
{
    4d32:	842a                	mv	s0,a0
    imsk = uart->reg->REG_IRQ_MASK.all;
    4d34:	46c8                	lw	a0,12(a3)
{
    4d36:	c606                	sw	ra,12(sp)
    4d38:	c226                	sw	s1,4(sp)
    4d3a:	c04a                	sw	s2,0(sp)

	// Transmit holding register empty, It depend on threshold
	if ((imsk & UART_TX_DATA_NEEDED) && (iir & UART_TX_DATA_NEEDED)) {
    4d3c:	00457793          	and	a5,a0,4
    4d40:	ebf9                	bnez	a5,4e16 <UART_IRQ_Handler+0xec>
    uint32_t iir, imsk, val, i, event = 0;
    4d42:	4481                	li	s1,0
			// Set send complete event
			event |= CSK_UART_EVENT_SEND_COMPLETE;
		}
	}
	// Receive line status, Only trigger line status
	if ((imsk & UART_RX_DATA_AVAILABLE) || (imsk & UART_RX_TIMEOUT)) {
    4d44:	8929                	and	a0,a0,10
    4d46:	12050663          	beqz	a0,4e72 <UART_IRQ_Handler+0x148>
		if(iir & UART_RX_LINE_ERR) {
    4d4a:	01077793          	and	a5,a4,16
        uart->info->rx_status.rx_overflow = 1U;
    4d4e:	4c10                	lw	a2,24(s0)
		if(iir & UART_RX_LINE_ERR) {
    4d50:	cfb1                	beqz	a5,4dac <UART_IRQ_Handler+0x82>
    lsr = uart->reg->REG_STATUS.all;
    4d52:	42cc                	lw	a1,4(a3)
    if (lsr & UART_RX_OVERFLOW_ERR) {         // RX overflow error
    4d54:	67c1                	lui	a5,0x10
    4d56:	8fed                	and	a5,a5,a1
    4d58:	c791                	beqz	a5,4d64 <UART_IRQ_Handler+0x3a>
        uart->info->rx_status.rx_overflow = 1U;
    4d5a:	4785                	li	a5,1
    4d5c:	00f602a3          	sb	a5,5(a2)
        event |= CSK_UART_EVENT_RX_OVERFLOW;
    4d60:	02000793          	li	a5,32
    if (lsr & UART_RX_PARITY_ERR) {          // Parity error
    4d64:	00d59513          	sll	a0,a1,0xd
    4d68:	00055763          	bgez	a0,4d76 <UART_IRQ_Handler+0x4c>
        uart->info->rx_status.rx_parity_error = 1U;
    4d6c:	4505                	li	a0,1
    4d6e:	00a60423          	sb	a0,8(a2)
        event |= CSK_UART_EVENT_RX_PARITY_ERROR;
    4d72:	2007e793          	or	a5,a5,512
    if (lsr & UART_RX_BREAK_INT) {           // Break detected
    4d76:	00b59513          	sll	a0,a1,0xb
    4d7a:	00055763          	bgez	a0,4d88 <UART_IRQ_Handler+0x5e>
        uart->info->rx_status.rx_break = 1U;
    4d7e:	4505                	li	a0,1
    4d80:	00a60323          	sb	a0,6(a2)
        event |= CSK_UART_EVENT_RX_BREAK;
    4d84:	0807e793          	or	a5,a5,128
    if (lsr & UART_RX_FRAMING_ERR) {          // Framing error
    4d88:	00c59513          	sll	a0,a1,0xc
    4d8c:	00055763          	bgez	a0,4d9a <UART_IRQ_Handler+0x70>
		uart->info->rx_status.rx_framing_error = 1U;
    4d90:	4505                	li	a0,1
    4d92:	00a603a3          	sb	a0,7(a2)
		event |= CSK_UART_EVENT_RX_FRAMING_ERROR;
    4d96:	1007e793          	or	a5,a5,256
    if (lsr & UART_TX_OVERFLOW_ERR) {    // tx overflow error
    4d9a:	00e59513          	sll	a0,a1,0xe
    4d9e:	00055463          	bgez	a0,4da6 <UART_IRQ_Handler+0x7c>
		event |= CSK_UART_EVENT_TX_OVERFLOW;
    4da2:	0047e793          	or	a5,a5,4
    uart->reg->REG_STATUS.all = 1;
    4da6:	4585                	li	a1,1
    4da8:	c2cc                	sw	a1,4(a3)
			event |= uart_rxline_irq_handler(uart);
    4daa:	8cdd                	or	s1,s1,a5
		}
		// Receive data available and Character time-out indicator interrupt
		if(iir & (UART_RX_DATA_AVAILABLE | UART_RX_TIMEOUT)) {
    4dac:	00a77793          	and	a5,a4,10
    4db0:	c7b9                	beqz	a5,4dfe <UART_IRQ_Handler+0xd4>
			// Read RX FIFO residue
			val = uart->reg->REG_STATUS.bit.RX_FIFO_LEVEL;
    4db2:	42d4                	lw	a3,4(a3)
    4db4:	07f6f693          	and	a3,a3,127
			if(val + uart->info->xfer.rx_cnt < uart->info->xfer.rx_num) {
    4db8:	4e5c                	lw	a5,28(a2)
    4dba:	464c                	lw	a1,12(a2)
    4dbc:	00d78533          	add	a0,a5,a3
    4dc0:	08b57e63          	bgeu	a0,a1,4e5c <UART_IRQ_Handler+0x132>
				// got partial data
				if(uart->info->timeout) { // timeout enabled
    4dc4:	04064603          	lbu	a2,64(a2)
    4dc8:	c609                	beqz	a2,4dd2 <UART_IRQ_Handler+0xa8>
					if(iir & UART_RX_TIMEOUT) { // timeout occur
    4dca:	8b21                	and	a4,a4,8
    4dcc:	c751                	beqz	a4,4e58 <UART_IRQ_Handler+0x12e>
						event |= CSK_UART_EVENT_RX_TIMEOUT;
    4dce:	0404e493          	or	s1,s1,64
					} else { // not occur, reserve a byte for timeout trigger
						val--;
					}
				}
				val += uart->info->xfer.rx_cnt;
    4dd2:	00d785b3          	add	a1,a5,a3
			} else {
				val = uart->info->xfer.rx_num;
				event |= CSK_UART_EVENT_RECEIVE_COMPLETE;
			}
			// copy data
			for(i = uart->info->xfer.rx_cnt; i < val; i++) {
    4dd6:	873e                	mv	a4,a5
				uart->info->xfer.rx_buf[i] = (uint8_t)hal_GetByte(uart->reg);
    4dd8:	4c14                	lw	a3,24(s0)
			for(i = uart->info->xfer.rx_cnt; i < val; i++) {
    4dda:	08b76463          	bltu	a4,a1,4e62 <UART_IRQ_Handler+0x138>
			}
			uart->info->xfer.rx_cnt = i;
    4dde:	4701                	li	a4,0
    4de0:	00f5e463          	bltu	a1,a5,4de8 <UART_IRQ_Handler+0xbe>
    4de4:	40f58733          	sub	a4,a1,a5
    4de8:	973e                	add	a4,a4,a5
    4dea:	ced8                	sw	a4,28(a3)
			// finish this receive
			if(event & (CSK_UART_EVENT_RECEIVE_COMPLETE)) {
    4dec:	0024f793          	and	a5,s1,2
    4df0:	c799                	beqz	a5,4dfe <UART_IRQ_Handler+0xd4>
				uart->reg->REG_IRQ_MASK.all &= ~(UART_RX_DATA_AVAILABLE | UART_RX_TIMEOUT | UART_RX_LINE_ERR);
    4df2:	4018                	lw	a4,0(s0)
    4df4:	475c                	lw	a5,12(a4)
    4df6:	9b95                	and	a5,a5,-27
    4df8:	c75c                	sw	a5,12(a4)
				// Clear RX busy flag and set receive transfer complete event
				uart->info->rx_status.rx_busy = 0U;
    4dfa:	00068223          	sb	zero,4(a3)
		event |= CSK_UART_EVENT_RX_TIMEOUT;
		// Clear RX busy status
		uart->info->rx_status.rx_busy = 0U;
	}
	// call back
	if ((uart->info->cb_event) && (event != 0U)) {
    4dfe:	4c18                	lw	a4,24(s0)
    4e00:	431c                	lw	a5,0(a4)
    4e02:	cbe5                	beqz	a5,4ef2 <UART_IRQ_Handler+0x1c8>
    4e04:	c4fd                	beqz	s1,4ef2 <UART_IRQ_Handler+0x1c8>
		uart->info->cb_event(event, uart->info->workspace);
	}
}
    4e06:	4422                	lw	s0,8(sp)
    4e08:	40b2                	lw	ra,12(sp)
    4e0a:	4902                	lw	s2,0(sp)
		uart->info->cb_event(event, uart->info->workspace);
    4e0c:	5f4c                	lw	a1,60(a4)
    4e0e:	8526                	mv	a0,s1
}
    4e10:	4492                	lw	s1,4(sp)
    4e12:	0141                	add	sp,sp,16
		uart->info->cb_event(event, uart->info->workspace);
    4e14:	8782                	jr	a5
	if ((imsk & UART_TX_DATA_NEEDED) && (iir & UART_TX_DATA_NEEDED)) {
    4e16:	00477793          	and	a5,a4,4
    4e1a:	d785                	beqz	a5,4d42 <UART_IRQ_Handler+0x18>
		val = uart->reg->REG_STATUS.bit.TX_FIFO_SPACE;  //for debug -2
    4e1c:	42dc                	lw	a5,4(a3)
    4e1e:	83a1                	srl	a5,a5,0x8
		while ((val) && (uart->info->xfer.tx_cnt < uart->info->xfer.tx_num)) {
    4e20:	4c0c                	lw	a1,24(s0)
		val = uart->reg->REG_STATUS.bit.TX_FIFO_SPACE;  //for debug -2
    4e22:	8bfd                	and	a5,a5,31
		while ((val) && (uart->info->xfer.tx_cnt < uart->info->xfer.tx_num)) {
    4e24:	0105a883          	lw	a7,16(a1) # fff00010 <_sp+0xdfef8010>
    4e28:	5190                	lw	a2,32(a1)
    4e2a:	c399                	beqz	a5,4e30 <UART_IRQ_Handler+0x106>
    4e2c:	01166b63          	bltu	a2,a7,4e42 <UART_IRQ_Handler+0x118>
		if (uart->info->xfer.tx_num == uart->info->xfer.tx_cnt) {
    4e30:	f11619e3          	bne	a2,a7,4d42 <UART_IRQ_Handler+0x18>
			uart->reg->REG_IRQ_MASK.bit.TX_DATA_NEEDED = 0;
    4e34:	46dc                	lw	a5,12(a3)
    4e36:	9bed                	and	a5,a5,-5
    4e38:	c6dc                	sw	a5,12(a3)
			uart->info->xfer.send_active = 0U;
    4e3a:	02058423          	sb	zero,40(a1)
			event |= CSK_UART_EVENT_SEND_COMPLETE;
    4e3e:	4485                	li	s1,1
    4e40:	b711                	j	4d44 <UART_IRQ_Handler+0x1a>
			hal_SendByte(uart->reg, uart->info->xfer.tx_buf[uart->info->xfer.tx_cnt]);
    4e42:	0185a803          	lw	a6,24(a1)
    4e46:	9832                	add	a6,a6,a2
    4e48:	00084803          	lbu	a6,0(a6)
    4e4c:	0106a423          	sw	a6,8(a3)
			uart->info->xfer.tx_cnt++;
    4e50:	0605                	add	a2,a2,1
    4e52:	d190                	sw	a2,32(a1)
			val--;
    4e54:	17fd                	add	a5,a5,-1 # ffff <_data_lma+0x8887>
    4e56:	bfc9                	j	4e28 <UART_IRQ_Handler+0xfe>
						val--;
    4e58:	16fd                	add	a3,a3,-1
    4e5a:	bfa5                	j	4dd2 <UART_IRQ_Handler+0xa8>
				event |= CSK_UART_EVENT_RECEIVE_COMPLETE;
    4e5c:	0024e493          	or	s1,s1,2
    4e60:	bf9d                	j	4dd6 <UART_IRQ_Handler+0xac>
				uart->info->xfer.rx_buf[i] = (uint8_t)hal_GetByte(uart->reg);
    4e62:	4010                	lw	a2,0(s0)
    4e64:	4ad4                	lw	a3,20(a3)
    4e66:	96ba                	add	a3,a3,a4
    4e68:	4610                	lw	a2,8(a2)
    4e6a:	00c68023          	sb	a2,0(a3)
			for(i = uart->info->xfer.rx_cnt; i < val; i++) {
    4e6e:	0705                	add	a4,a4,1
    4e70:	b7a5                	j	4dd8 <UART_IRQ_Handler+0xae>
	} else if(iir & UART_RX_DMA_TIMEOUT) { // rx dma timeout
    4e72:	08077713          	and	a4,a4,128
    4e76:	d741                	beqz	a4,4dfe <UART_IRQ_Handler+0xd4>
		dma_channel_suspend(uart->dma_rx->channel, 1);
    4e78:	485c                	lw	a5,20(s0)
    4e7a:	4585                	li	a1,1
    4e7c:	0007c503          	lbu	a0,0(a5)
    4e80:	93fff0ef          	jal	47be <dma_channel_suspend>
		uart->info->xfer.rx_cnt = dma_channel_get_count(uart->dma_rx->channel);
    4e84:	485c                	lw	a5,20(s0)
    4e86:	0007c503          	lbu	a0,0(a5)
    4e8a:	01842903          	lw	s2,24(s0)
    4e8e:	9f5ff0ef          	jal	4882 <dma_channel_get_count>
		dma_channel_disable(uart->dma_rx->channel, 1);
    4e92:	485c                	lw	a5,20(s0)
		uart->info->xfer.rx_cnt = dma_channel_get_count(uart->dma_rx->channel);
    4e94:	00a92e23          	sw	a0,28(s2) # 101c <__HEAP_SIZE+0x1c>
		dma_channel_disable(uart->dma_rx->channel, 1);
    4e98:	4585                	li	a1,1
    4e9a:	0007c503          	lbu	a0,0(a5)
    4e9e:	963ff0ef          	jal	4800 <dma_channel_disable>
		val = uart->reg->REG_STATUS.bit.RX_FIFO_LEVEL + uart->info->xfer.rx_cnt;
    4ea2:	401c                	lw	a5,0(s0)
    4ea4:	43dc                	lw	a5,4(a5)
    4ea6:	4c18                	lw	a4,24(s0)
    4ea8:	07f7f793          	and	a5,a5,127
    4eac:	4f4c                	lw	a1,28(a4)
    4eae:	00b78833          	add	a6,a5,a1
    4eb2:	00f83533          	sltu	a0,a6,a5
		for(i = uart->info->xfer.rx_cnt; i < val; i++) {
    4eb6:	86ae                	mv	a3,a1
			uart->info->xfer.rx_buf[i] = (uint8_t)hal_GetByte(uart->reg);
    4eb8:	4018                	lw	a4,0(s0)
    4eba:	4c10                	lw	a2,24(s0)
		for(i = uart->info->xfer.rx_cnt; i < val; i++) {
    4ebc:	0306e363          	bltu	a3,a6,4ee2 <UART_IRQ_Handler+0x1b8>
		uart->info->xfer.rx_cnt = i;
    4ec0:	fff50693          	add	a3,a0,-1
    4ec4:	8ff5                	and	a5,a5,a3
    4ec6:	97ae                	add	a5,a5,a1
    4ec8:	ce5c                	sw	a5,28(a2)
		uart->reg->REG_IRQ_CAUSE.all = UART_RX_DMA_TIMEOUT;
    4eca:	08000793          	li	a5,128
    4ece:	cb1c                	sw	a5,16(a4)
		uart->reg->REG_IRQ_MASK.all &= ~(UART_RX_DMA_TIMEOUT | UART_RX_LINE_ERR);
    4ed0:	475c                	lw	a5,12(a4)
    4ed2:	f6f7f793          	and	a5,a5,-145
    4ed6:	c75c                	sw	a5,12(a4)
		event |= CSK_UART_EVENT_RX_TIMEOUT;
    4ed8:	0404e493          	or	s1,s1,64
		uart->info->rx_status.rx_busy = 0U;
    4edc:	00060223          	sb	zero,4(a2)
    4ee0:	bf39                	j	4dfe <UART_IRQ_Handler+0xd4>
			uart->info->xfer.rx_buf[i] = (uint8_t)hal_GetByte(uart->reg);
    4ee2:	00872883          	lw	a7,8(a4)
    4ee6:	4a58                	lw	a4,20(a2)
    4ee8:	9736                	add	a4,a4,a3
    4eea:	01170023          	sb	a7,0(a4)
		for(i = uart->info->xfer.rx_cnt; i < val; i++) {
    4eee:	0685                	add	a3,a3,1
    4ef0:	b7e1                	j	4eb8 <UART_IRQ_Handler+0x18e>
}
    4ef2:	40b2                	lw	ra,12(sp)
    4ef4:	4422                	lw	s0,8(sp)
    4ef6:	4492                	lw	s1,4(sp)
    4ef8:	4902                	lw	s2,0(sp)
    4efa:	0141                	add	sp,sp,16
    4efc:	8082                	ret

00004efe <UART0_IRQ_Handler>:
static void UART0_DMA_RX_Handler(uint32_t event, uint32_t xfer_bytes, uint32_t usr_param){
    UART_DMA_RX_Handler((event & 0xFF), &uart0_resources);
}
static void UART0_IRQ_Handler(void)
{
    UART_IRQ_Handler(&uart0_resources);
    4efe:	ba018513          	add	a0,gp,-1120 # 20000488 <uart0_resources>
    4f02:	e29ff06f          	j	4d2a <UART_IRQ_Handler>

00004f06 <UART1_IRQ_Handler>:
static void UART1_DMA_RX_Handler(uint32_t event, uint32_t xfer_bytes, uint32_t usr_param){
    UART_DMA_RX_Handler((event & 0xFF), &uart1_resources);
}
static void UART1_IRQ_Handler(void)
{
    UART_IRQ_Handler(&uart1_resources);
    4f06:	b8018513          	add	a0,gp,-1152 # 20000468 <uart1_resources>
    4f0a:	e21ff06f          	j	4d2a <UART_IRQ_Handler>

00004f0e <UART2_IRQ_Handler>:
static void UART2_DMA_RX_Handler(uint32_t event, uint32_t xfer_bytes, uint32_t usr_param){
    UART_DMA_RX_Handler((event & 0xFF), &uart2_resources);
}
static void UART2_IRQ_Handler(void)
{
    UART_IRQ_Handler(&uart2_resources);
    4f0e:	b6018513          	add	a0,gp,-1184 # 20000448 <uart2_resources>
    4f12:	e19ff06f          	j	4d2a <UART_IRQ_Handler>

00004f16 <UART_DMA_TX_Handler>:
    switch (event) {
    4f16:	4785                	li	a5,1
    4f18:	00f51d63          	bne	a0,a5,4f32 <UART_DMA_TX_Handler+0x1c>
        uart->info->xfer.tx_cnt = uart->info->xfer.tx_num;
    4f1c:	4d9c                	lw	a5,24(a1)
    4f1e:	4b94                	lw	a3,16(a5)
        uart->info->xfer.send_active = 0U;
    4f20:	02078423          	sb	zero,40(a5)
        uart->info->xfer.tx_cnt = uart->info->xfer.tx_num;
    4f24:	d394                	sw	a3,32(a5)
        uart->reg->REG_IRQ_CAUSE.all = 1;
    4f26:	4194                	lw	a3,0(a1)
    4f28:	ca88                	sw	a0,16(a3)
        if (uart->info->cb_event) {
    4f2a:	4398                	lw	a4,0(a5)
    4f2c:	c319                	beqz	a4,4f32 <UART_DMA_TX_Handler+0x1c>
            uart->info->cb_event(CSK_UART_EVENT_SEND_COMPLETE, uart->info->workspace);
    4f2e:	5fcc                	lw	a1,60(a5)
    4f30:	8702                	jr	a4
}
    4f32:	8082                	ret

00004f34 <UART0_DMA_TX_Handler>:
    UART_DMA_TX_Handler((event & 0xFF), &uart0_resources);
    4f34:	ba018593          	add	a1,gp,-1120 # 20000488 <uart0_resources>
    4f38:	0ff57513          	zext.b	a0,a0
    4f3c:	fdbff06f          	j	4f16 <UART_DMA_TX_Handler>

00004f40 <UART1_DMA_TX_Handler>:
    UART_DMA_TX_Handler((event & 0xFF), &uart1_resources);
    4f40:	b8018593          	add	a1,gp,-1152 # 20000468 <uart1_resources>
    4f44:	0ff57513          	zext.b	a0,a0
    4f48:	fcfff06f          	j	4f16 <UART_DMA_TX_Handler>

00004f4c <UART2_DMA_TX_Handler>:
    UART_DMA_TX_Handler((event & 0xFF), &uart2_resources);
    4f4c:	b6018593          	add	a1,gp,-1184 # 20000448 <uart2_resources>
    4f50:	0ff57513          	zext.b	a0,a0
    4f54:	fc3ff06f          	j	4f16 <UART_DMA_TX_Handler>

00004f58 <UART_DMA_RX_Handler>:
    switch (event ) {
    4f58:	4785                	li	a5,1
    4f5a:	00f51e63          	bne	a0,a5,4f76 <UART_DMA_RX_Handler+0x1e>
        uart->info->xfer.rx_cnt = uart->info->xfer.rx_num;
    4f5e:	4d9c                	lw	a5,24(a1)
    4f60:	47d8                	lw	a4,12(a5)
        uart->info->rx_status.rx_busy = 0U;
    4f62:	00078223          	sb	zero,4(a5)
        uart->info->xfer.rx_cnt = uart->info->xfer.rx_num;
    4f66:	cfd8                	sw	a4,28(a5)
        uart->reg->REG_IRQ_CAUSE.all = 1;
    4f68:	4198                	lw	a4,0(a1)
    4f6a:	cb08                	sw	a0,16(a4)
        if (uart->info->cb_event) {
    4f6c:	4398                	lw	a4,0(a5)
    4f6e:	c701                	beqz	a4,4f76 <UART_DMA_RX_Handler+0x1e>
            uart->info->cb_event(CSK_UART_EVENT_RECEIVE_COMPLETE, uart->info->workspace);
    4f70:	5fcc                	lw	a1,60(a5)
    4f72:	4509                	li	a0,2
    4f74:	8702                	jr	a4
}
    4f76:	8082                	ret

00004f78 <UART0_DMA_RX_Handler>:
    UART_DMA_RX_Handler((event & 0xFF), &uart0_resources);
    4f78:	ba018593          	add	a1,gp,-1120 # 20000488 <uart0_resources>
    4f7c:	0ff57513          	zext.b	a0,a0
    4f80:	fd9ff06f          	j	4f58 <UART_DMA_RX_Handler>

00004f84 <UART1_DMA_RX_Handler>:
    UART_DMA_RX_Handler((event & 0xFF), &uart1_resources);
    4f84:	b8018593          	add	a1,gp,-1152 # 20000468 <uart1_resources>
    4f88:	0ff57513          	zext.b	a0,a0
    4f8c:	fcdff06f          	j	4f58 <UART_DMA_RX_Handler>

00004f90 <UART2_DMA_RX_Handler>:
    UART_DMA_RX_Handler((event & 0xFF), &uart2_resources);
    4f90:	b6018593          	add	a1,gp,-1184 # 20000448 <uart2_resources>
    4f94:	0ff57513          	zext.b	a0,a0
    4f98:	fc1ff06f          	j	4f58 <UART_DMA_RX_Handler>

00004f9c <__uart_compute_div>:
{
    4f9c:	1101                	add	sp,sp,-32
    4f9e:	c64e                	sw	s3,12(sp)
    4fa0:	c452                	sw	s4,8(sp)
    4fa2:	c256                	sw	s5,4(sp)
    4fa4:	ce06                	sw	ra,28(sp)
    4fa6:	cc22                	sw	s0,24(sp)
    4fa8:	ca26                	sw	s1,20(sp)
    4faa:	c84a                	sw	s2,16(sp)
    if((uint32_t)UART0() == (uint32_t)res){
    4fac:	ba018793          	add	a5,gp,-1120 # 20000488 <uart0_resources>
{
    4fb0:	8a32                	mv	s4,a2
    4fb2:	8ab6                	mv	s5,a3
	tmp = div * baudrate;
    4fb4:	02b709b3          	mul	s3,a4,a1
    if((uint32_t)UART0() == (uint32_t)res){
    4fb8:	08f51863          	bne	a0,a5,5048 <__uart_compute_div+0xac>
    	uart_clk = CRM_GetUart0Freq();
    4fbc:	8e7fe0ef          	jal	38a2 <CRM_GetUart0Freq>
        uart_clk = CRM_GetUart2Freq();
    4fc0:	84aa                	mv	s1,a0
    while(c != 0) {
    4fc2:	87ce                	mv	a5,s3
    4fc4:	842a                	mv	s0,a0
    4fc6:	ebd9                	bnez	a5,505c <__uart_compute_div+0xc0>
	m = uart_clk / gcd;
    4fc8:	0284d933          	divu	s2,s1,s0
			ret = -1;
    4fcc:	557d                	li	a0,-1
	n = tmp / gcd;
    4fce:	0289d433          	divu	s0,s3,s0
		if(n * 2 > m) {  // n/m must less equal than 1/2
    4fd2:	00141793          	sll	a5,s0,0x1
    4fd6:	0af96863          	bltu	s2,a5,5086 <__uart_compute_div+0xea>
		if(m > MAX_VALUE_M) {
    4fda:	40000793          	li	a5,1024
    4fde:	0527f163          	bgeu	a5,s2,5020 <__uart_compute_div+0x84>
	n = (uint64_t)m * n1 / m1;
    4fe2:	00a41793          	sll	a5,s0,0xa
    4fe6:	40878533          	sub	a0,a5,s0
    4fea:	00a7b7b3          	sltu	a5,a5,a0
    4fee:	01645593          	srl	a1,s0,0x16
    4ff2:	8d9d                	sub	a1,a1,a5
    4ff4:	864a                	mv	a2,s2
    4ff6:	4681                	li	a3,0
    4ff8:	41d000ef          	jal	5c14 <__udivdi3>
    4ffc:	87aa                	mv	a5,a0
			ret = -1;
    4ffe:	557d                	li	a0,-1
	if(n) {
    5000:	c3d9                	beqz	a5,5086 <__uart_compute_div+0xea>
			err0 = (uint64_t)m * n1 - (uint64_t)m1 * n;
    5002:	3ff00713          	li	a4,1023
    5006:	02e40433          	mul	s0,s0,a4
    500a:	c6f9147f          	msubr32	s0,s2,a5
	int32_t err0 = 0, err1 = 1 << 30;
    500e:	40000737          	lui	a4,0x40000
		for(; n < m; n++) {
    5012:	3fe00693          	li	a3,1022
    5016:	04f6f863          	bgeu	a3,a5,5066 <__uart_compute_div+0xca>
				*pn = n;
    501a:	843e                	mv	s0,a5
    501c:	3ff00913          	li	s2,1023
				*pm = MAX_VALUE_M-1;
    5020:	012a2023          	sw	s2,0(s4)
				*pn = n;
    5024:	008aa023          	sw	s0,0(s5) # 1000 <__HEAP_SIZE>
	ret = (int64_t)tmp - (int64_t)((uint64_t)*pn * (uint64_t)uart_clk / (uint64_t)*pm);
    5028:	029435b3          	mulhu	a1,s0,s1
    502c:	000a2603          	lw	a2,0(s4)
    5030:	4681                	li	a3,0
    5032:	02940533          	mul	a0,s0,s1
    5036:	3df000ef          	jal	5c14 <__udivdi3>
    503a:	40a987b3          	sub	a5,s3,a0
    if (ret < 0){
    503e:	41350533          	sub	a0,a0,s3
    5042:	0aa7e533          	max	a0,a5,a0
	error_ret:
    5046:	a081                	j	5086 <__uart_compute_div+0xea>
    } else if ((uint32_t)UART1() == (uint32_t)res){
    5048:	b8018793          	add	a5,gp,-1152 # 20000468 <uart1_resources>
    504c:	00f51563          	bne	a0,a5,5056 <__uart_compute_div+0xba>
    	uart_clk = CRM_GetUart1Freq();
    5050:	8edfe0ef          	jal	393c <CRM_GetUart1Freq>
    5054:	b7b5                	j	4fc0 <__uart_compute_div+0x24>
        uart_clk = CRM_GetUart2Freq();
    5056:	981fe0ef          	jal	39d6 <CRM_GetUart2Freq>
    505a:	b79d                	j	4fc0 <__uart_compute_div+0x24>
    	t = a % c;
    505c:	02f47733          	remu	a4,s0,a5
        a = c;
    5060:	843e                	mv	s0,a5
        c = t;
    5062:	87ba                	mv	a5,a4
    5064:	b78d                	j	4fc6 <__uart_compute_div+0x2a>
			err0 = (uint64_t)m * n1 - (uint64_t)m1 * n;
    5066:	8622                	mv	a2,s0
			if(err0 <= 0) break;
    5068:	00805763          	blez	s0,5076 <__uart_compute_div+0xda>
		for(; n < m; n++) {
    506c:	0785                	add	a5,a5,1
    506e:	41240433          	sub	s0,s0,s2
			else err1 = err0;
    5072:	8732                	mv	a4,a2
    5074:	b74d                	j	5016 <__uart_compute_div+0x7a>
		if(err0) {
    5076:	d055                	beqz	s0,501a <__uart_compute_div+0x7e>
			err0 = -err0;   // change to positive number
    5078:	40800433          	neg	s0,s0
			n = err0 <= err1 ? n : (n - 1);
    507c:	f8875fe3          	bge	a4,s0,501a <__uart_compute_div+0x7e>
    5080:	17fd                	add	a5,a5,-1
			ret = -1;
    5082:	557d                	li	a0,-1
			if(n) {
    5084:	fbd9                	bnez	a5,501a <__uart_compute_div+0x7e>
}
    5086:	40f2                	lw	ra,28(sp)
    5088:	4462                	lw	s0,24(sp)
    508a:	44d2                	lw	s1,20(sp)
    508c:	4942                	lw	s2,16(sp)
    508e:	49b2                	lw	s3,12(sp)
    5090:	4a22                	lw	s4,8(sp)
    5092:	4a92                	lw	s5,4(sp)
    5094:	6105                	add	sp,sp,32
    5096:	8082                	ret

00005098 <UART0>:
}
    5098:	ba018513          	add	a0,gp,-1120 # 20000488 <uart0_resources>
    509c:	8082                	ret

0000509e <uart_compute_div>:
{
    509e:	7179                	add	sp,sp,-48
    50a0:	d226                	sw	s1,36(sp)
    50a2:	84ba                	mv	s1,a4
        err = __uart_compute_div(res, baudrate, &m_4, &n_4, 4);
    50a4:	4711                	li	a4,4
{
    50a6:	d04a                	sw	s2,32(sp)
    50a8:	ce4e                	sw	s3,28(sp)
    50aa:	8936                	mv	s2,a3
    50ac:	89b2                	mv	s3,a2
        err = __uart_compute_div(res, baudrate, &m_4, &n_4, 4);
    50ae:	00e106b3          	add	a3,sp,a4
    50b2:	860a                	mv	a2,sp
{
    50b4:	d606                	sw	ra,44(sp)
    50b6:	d422                	sw	s0,40(sp)
    50b8:	cc52                	sw	s4,24(sp)
    50ba:	ca56                	sw	s5,20(sp)
    50bc:	8a2a                	mv	s4,a0
    50be:	8aae                	mv	s5,a1
        err = __uart_compute_div(res, baudrate, &m_4, &n_4, 4);
    50c0:	eddff0ef          	jal	4f9c <__uart_compute_div>
    50c4:	842a                	mv	s0,a0
        err1 = __uart_compute_div(res, baudrate, &m_16, &n_16, 16);
    50c6:	4741                	li	a4,16
    50c8:	0074                	add	a3,sp,12
    50ca:	0030                	add	a2,sp,8
    50cc:	85d6                	mv	a1,s5
    50ce:	8552                	mv	a0,s4
    50d0:	ecdff0ef          	jal	4f9c <__uart_compute_div>
    50d4:	87aa                	mv	a5,a0
        if (err == -1 && err1 == -1){
    50d6:	577d                	li	a4,-1
    50d8:	8d61                	and	a0,a0,s0
    50da:	02e50263          	beq	a0,a4,50fe <uart_compute_div+0x60>
            err = ((uint32_t)err & 0x7FFFFFFF);
    50de:	80000737          	lui	a4,0x80000
    50e2:	177d                	add	a4,a4,-1 # 7fffffff <_sp+0x5fff7fff>
    50e4:	8c79                	and	s0,s0,a4
            err1 = ((uint32_t)err1 & 0x7FFFFFFF);
    50e6:	8ff9                	and	a5,a5,a4
        if (err > err1){
    50e8:	0287d463          	bge	a5,s0,5110 <uart_compute_div+0x72>
            *pm = m_16;
    50ec:	47a2                	lw	a5,8(sp)
    50ee:	00f9a023          	sw	a5,0(s3) # e0020000 <_sp+0xc0018000>
            *pn = n_16;
    50f2:	47b2                	lw	a5,12(sp)
    50f4:	00f92023          	sw	a5,0(s2)
            *pdiv = 16;
    50f8:	47c1                	li	a5,16
            *pdiv = 4;
    50fa:	c09c                	sw	a5,0(s1)
	int32_t ret = 0;
    50fc:	4501                	li	a0,0
}
    50fe:	50b2                	lw	ra,44(sp)
    5100:	5422                	lw	s0,40(sp)
    5102:	5492                	lw	s1,36(sp)
    5104:	5902                	lw	s2,32(sp)
    5106:	49f2                	lw	s3,28(sp)
    5108:	4a62                	lw	s4,24(sp)
    510a:	4ad2                	lw	s5,20(sp)
    510c:	6145                	add	sp,sp,48
    510e:	8082                	ret
            *pm = m_4;
    5110:	4782                	lw	a5,0(sp)
    5112:	00f9a023          	sw	a5,0(s3)
            *pn = n_4;
    5116:	4792                	lw	a5,4(sp)
    5118:	00f92023          	sw	a5,0(s2)
            *pdiv = 4;
    511c:	4791                	li	a5,4
    511e:	bff1                	j	50fa <uart_compute_div+0x5c>

00005120 <UART_Initialize>:
    CHECK_RESOURCES(res);
    5120:	ba018713          	add	a4,gp,-1120 # 20000488 <uart0_resources>
{
    5124:	87aa                	mv	a5,a0
    CHECK_RESOURCES(res);
    5126:	00e50b63          	beq	a0,a4,513c <UART_Initialize+0x1c>
    512a:	b8018713          	add	a4,gp,-1152 # 20000468 <uart1_resources>
    512e:	00e50763          	beq	a0,a4,513c <UART_Initialize+0x1c>
    5132:	b6018713          	add	a4,gp,-1184 # 20000448 <uart2_resources>
    5136:	556d                	li	a0,-5
    5138:	04e79d63          	bne	a5,a4,5192 <UART_Initialize+0x72>
    if (uart->info->flags & UART_FLAG_INITIALIZED) {
    513c:	4f9c                	lw	a5,24(a5)
    513e:	0397c703          	lbu	a4,57(a5)
    5142:	8b05                	and	a4,a4,1
    5144:	e731                	bnez	a4,5190 <UART_Initialize+0x70>
    uart->info->tx_trig_lvl = UART_TX_TRIG_LVL;
    5146:	4721                	li	a4,8
    5148:	d7d8                	sw	a4,44(a5)
    uart->info->rx_trig_lvl = UART_RX_TRIG_LVL;
    514a:	02000713          	li	a4,32
    514e:	db98                	sw	a4,48(a5)
    uart->info->mode = 0U;
    5150:	10000713          	li	a4,256
    uart->info->cb_event = cb_event;
    5154:	c38c                	sw	a1,0(a5)
    uart->info->workspace = workspace;
    5156:	dfd0                	sw	a2,60(a5)
    uart->info->rx_status.rx_busy = 0U;
    5158:	0007a223          	sw	zero,4(a5)
    uart->info->rx_status.rx_parity_error = 0U;
    515c:	00078423          	sb	zero,8(a5)
    uart->info->xfer.send_active = 0U;
    5160:	02078423          	sb	zero,40(a5)
    uart->info->xfer.tx_def_val = 0U;
    5164:	0207a223          	sw	zero,36(a5)
    uart->info->xfer.rx_num = 0U;
    5168:	0007a623          	sw	zero,12(a5)
    uart->info->xfer.tx_num = 0U;
    516c:	0007a823          	sw	zero,16(a5)
    uart->info->xfer.rx_buf = NULL;
    5170:	0007aa23          	sw	zero,20(a5)
    uart->info->xfer.tx_buf = NULL;
    5174:	0007ac23          	sw	zero,24(a5)
    uart->info->xfer.rx_cnt = 0U;
    5178:	0007ae23          	sw	zero,28(a5)
    uart->info->xfer.tx_cnt = 0U;
    517c:	0207a023          	sw	zero,32(a5)
    uart->info->timeout = 0U;
    5180:	04078023          	sb	zero,64(a5)
    uart->info->baudrate = 0U;
    5184:	0207aa23          	sw	zero,52(a5)
    uart->info->mode = 0U;
    5188:	02e79c23          	sh	a4,56(a5)
    uart->info->inter_en = 0U;
    518c:	02078d23          	sb	zero,58(a5)
        return CSK_DRIVER_OK;
    5190:	4501                	li	a0,0
}
    5192:	8082                	ret

00005194 <UART_Uninitialize>:
{
    5194:	1141                	add	sp,sp,-16
    5196:	c422                	sw	s0,8(sp)
    5198:	c606                	sw	ra,12(sp)
    CHECK_RESOURCES(res);
    519a:	ba018793          	add	a5,gp,-1120 # 20000488 <uart0_resources>
{
    519e:	842a                	mv	s0,a0
    CHECK_RESOURCES(res);
    51a0:	00f50b63          	beq	a0,a5,51b6 <UART_Uninitialize+0x22>
    51a4:	b8018793          	add	a5,gp,-1152 # 20000468 <uart1_resources>
    51a8:	00f50763          	beq	a0,a5,51b6 <UART_Uninitialize+0x22>
    51ac:	b6018793          	add	a5,gp,-1184 # 20000448 <uart2_resources>
    51b0:	556d                	li	a0,-5
    51b2:	06f41163          	bne	s0,a5,5214 <UART_Uninitialize+0x80>
    if (uart->info->flags == 0) {
    51b6:	4c1c                	lw	a5,24(s0)
    51b8:	0397c703          	lbu	a4,57(a5)
    51bc:	cb39                	beqz	a4,5212 <UART_Uninitialize+0x7e>
    if (!uart->info->inter_en) {
    51be:	03a7c783          	lbu	a5,58(a5)
    51c2:	e399                	bnez	a5,51c8 <UART_Uninitialize+0x34>
        dma_uninitialize();
    51c4:	ba0ff0ef          	jal	4564 <dma_uninitialize>
    uart->info->cb_event = NULL;
    51c8:	4c1c                	lw	a5,24(s0)
    uart->info->workspace = NULL;
    51ca:	0207ae23          	sw	zero,60(a5)
    uart->info->cb_event = NULL;
    51ce:	0007a023          	sw	zero,0(a5)
    uart->info->rx_status.rx_busy = 0U;
    51d2:	0007a223          	sw	zero,4(a5)
    uart->info->rx_status.rx_parity_error = 0U;
    51d6:	00078423          	sb	zero,8(a5)
    uart->info->xfer.send_active = 0U;
    51da:	02078423          	sb	zero,40(a5)
    uart->info->xfer.tx_def_val = 0U;
    51de:	0207a223          	sw	zero,36(a5)
    uart->info->xfer.rx_num = 0U;
    51e2:	0007a623          	sw	zero,12(a5)
    uart->info->xfer.tx_num = 0U;
    51e6:	0007a823          	sw	zero,16(a5)
    uart->info->xfer.rx_buf = NULL;
    51ea:	0007aa23          	sw	zero,20(a5)
    uart->info->xfer.tx_buf = NULL;
    51ee:	0007ac23          	sw	zero,24(a5)
    uart->info->xfer.rx_cnt = 0U;
    51f2:	0007ae23          	sw	zero,28(a5)
    uart->info->xfer.tx_cnt = 0U;
    51f6:	0207a023          	sw	zero,32(a5)
    uart->info->timeout = 0U;
    51fa:	04078023          	sb	zero,64(a5)
    uart->info->tx_trig_lvl = 0;
    51fe:	0207a623          	sw	zero,44(a5)
    uart->info->rx_trig_lvl = 0;
    5202:	0207a823          	sw	zero,48(a5)
    uart->info->baudrate = 0U;
    5206:	0207aa23          	sw	zero,52(a5)
    uart->info->mode = 0U;
    520a:	02079c23          	sh	zero,56(a5)
    uart->info->inter_en = 0U;
    520e:	02078d23          	sb	zero,58(a5)
        return CSK_DRIVER_OK;
    5212:	4501                	li	a0,0
}
    5214:	40b2                	lw	ra,12(sp)
    5216:	4422                	lw	s0,8(sp)
    5218:	0141                	add	sp,sp,16
    521a:	8082                	ret

0000521c <UART_PowerControl>:
{
    521c:	1141                	add	sp,sp,-16
    521e:	c422                	sw	s0,8(sp)
    5220:	c606                	sw	ra,12(sp)
    5222:	ba018793          	add	a5,gp,-1120 # 20000488 <uart0_resources>
    5226:	842a                	mv	s0,a0
    CHECK_RESOURCES(res);
    5228:	00f50b63          	beq	a0,a5,523e <UART_PowerControl+0x22>
    522c:	b8018713          	add	a4,gp,-1152 # 20000468 <uart1_resources>
    5230:	00e50763          	beq	a0,a4,523e <UART_PowerControl+0x22>
    5234:	b6018713          	add	a4,gp,-1184 # 20000448 <uart2_resources>
    5238:	556d                	li	a0,-5
    523a:	00e41b63          	bne	s0,a4,5250 <UART_PowerControl+0x34>
    switch (state)
    523e:	4705                	li	a4,1
        return CSK_DRIVER_ERROR_UNSUPPORTED;
    5240:	5571                	li	a0,-4
    switch (state)
    5242:	00e58763          	beq	a1,a4,5250 <UART_PowerControl+0x34>
    5246:	4709                	li	a4,2
    5248:	08e58963          	beq	a1,a4,52da <UART_PowerControl+0xbe>
    524c:	c591                	beqz	a1,5258 <UART_PowerControl+0x3c>
{
    524e:	4501                	li	a0,0
}
    5250:	40b2                	lw	ra,12(sp)
    5252:	4422                	lw	s0,8(sp)
    5254:	0141                	add	sp,sp,16
    5256:	8082                	ret
    	uart->reg->REG_CTRL.all= 0;
    5258:	401c                	lw	a5,0(s0)
        disable_IRQ(uart->irq_num);
    525a:	4048                	lw	a0,4(s0)
    	uart->reg->REG_CTRL.all= 0;
    525c:	0007a023          	sw	zero,0(a5)
    ECLIC->CTRL[IRQn].INTIE &= ~CLIC_INTIE_IE_Msk;
    5260:	e00207b7          	lui	a5,0xe0020
    5264:	20f547b3          	sh2add	a5,a0,a5
    5268:	6705                	lui	a4,0x1
    526a:	97ba                	add	a5,a5,a4
    526c:	0017c703          	lbu	a4,1(a5) # e0020001 <_sp+0xc0018001>
    5270:	0fe77713          	and	a4,a4,254
    5274:	00e780a3          	sb	a4,1(a5)
        uart->info->rx_status.rx_busy = 0U;
    5278:	4c1c                	lw	a5,24(s0)
        uart->info->flags &= ~UART_FLAG_POWERED;
    527a:	0397c703          	lbu	a4,57(a5)
    527e:	9b75                	and	a4,a4,-3
    5280:	02e78ca3          	sb	a4,57(a5)
        uart->info->rx_status.rx_busy = 0U;
    5284:	0007a223          	sw	zero,4(a5)
        uart->info->rx_status.rx_parity_error = 0U;
    5288:	00078423          	sb	zero,8(a5)
        uart->info->xfer.send_active = 0U;
    528c:	02078423          	sb	zero,40(a5)
        register_ISR(uart->irq_num, NULL, NULL);
    5290:	4601                	li	a2,0
    5292:	4581                	li	a1,0
    5294:	feefd0ef          	jal	2a82 <register_ISR>
        if ((uart->info->flags & UART_FLAG_INITIALIZED) == 0U) {
    5298:	4c1c                	lw	a5,24(s0)
    529a:	0397c703          	lbu	a4,57(a5)
    529e:	8b05                	and	a4,a4,1
    52a0:	e319                	bnez	a4,52a6 <UART_PowerControl+0x8a>
            return CSK_DRIVER_ERROR;
    52a2:	557d                	li	a0,-1
    52a4:	b775                	j	5250 <UART_PowerControl+0x34>
        if (!(uart->info->inter_en) && (uart->info->xfer.send_active != 0U)){
    52a6:	03a7c703          	lbu	a4,58(a5)
    52aa:	eb11                	bnez	a4,52be <UART_PowerControl+0xa2>
    52ac:	0287c783          	lbu	a5,40(a5)
    52b0:	c799                	beqz	a5,52be <UART_PowerControl+0xa2>
            dma_channel_disable(uart->dma_tx->channel, 0);
    52b2:	481c                	lw	a5,16(s0)
    52b4:	4581                	li	a1,0
    52b6:	0007c503          	lbu	a0,0(a5)
    52ba:	d46ff0ef          	jal	4800 <dma_channel_disable>
        if (!(uart->info->inter_en) && (uart->info->rx_status.rx_busy)){
    52be:	4c1c                	lw	a5,24(s0)
    52c0:	03a7c703          	lbu	a4,58(a5)
    52c4:	f749                	bnez	a4,524e <UART_PowerControl+0x32>
    52c6:	0047c783          	lbu	a5,4(a5)
    52ca:	d3d1                	beqz	a5,524e <UART_PowerControl+0x32>
            dma_channel_disable(uart->dma_rx->channel, 0);
    52cc:	485c                	lw	a5,20(s0)
    52ce:	4581                	li	a1,0
    52d0:	0007c503          	lbu	a0,0(a5)
    52d4:	d2cff0ef          	jal	4800 <dma_channel_disable>
    52d8:	bf9d                	j	524e <UART_PowerControl+0x32>
        if ((uart->info->flags & UART_FLAG_INITIALIZED) == 0U) {
    52da:	4c14                	lw	a3,24(s0)
    52dc:	0396c703          	lbu	a4,57(a3)
    52e0:	00177613          	and	a2,a4,1
    52e4:	de5d                	beqz	a2,52a2 <UART_PowerControl+0x86>
        if ((uart->info->flags & UART_FLAG_POWERED) != 0U) {
    52e6:	8b09                	and	a4,a4,2
    52e8:	f33d                	bnez	a4,524e <UART_PowerControl+0x32>
        if (uart == &uart0_resources){
    52ea:	04f41763          	bne	s0,a5,5338 <UART_PowerControl+0x11c>
            __HAL_CRM_UART0_CLK_ENABLE();
    52ee:	431007b7          	lui	a5,0x43100
    52f2:	4fd8                	lw	a4,28(a5)
    52f4:	00276713          	or	a4,a4,2
    52f8:	cfd8                	sw	a4,28(a5)
        	__HAL_PMU_UART0_RST_ENABLE();
    52fa:	4bd8                	lw	a4,20(a5)
    52fc:	00176713          	or	a4,a4,1
            __HAL_PMU_UART2_RST_ENABLE();
    5300:	cbd8                	sw	a4,20(a5)
        uart->reg->REG_CTRL.all= 0;
    5302:	401c                	lw	a5,0(s0)
    5304:	0007a023          	sw	zero,0(a5) # 43100000 <_sp+0x230f8000>
        uart->reg->REG_IRQ_MASK.all = 0;
    5308:	0007a623          	sw	zero,12(a5)
        uart->info->flags = UART_FLAG_POWERED | UART_FLAG_INITIALIZED;
    530c:	478d                	li	a5,3
    530e:	02f68ca3          	sb	a5,57(a3)
        register_ISR(uart->irq_num, uart->irq_handler, NULL);
    5312:	4601                	li	a2,0
    5314:	440c                	lw	a1,8(s0)
    5316:	4048                	lw	a0,4(s0)
    5318:	f6afd0ef          	jal	2a82 <register_ISR>
    ECLIC->CTRL[IRQn].INTIE |= CLIC_INTIE_IE_Msk;
    531c:	405c                	lw	a5,4(s0)
    531e:	e0020737          	lui	a4,0xe0020
    5322:	20e7c7b3          	sh2add	a5,a5,a4
    5326:	6705                	lui	a4,0x1
    5328:	97ba                	add	a5,a5,a4
    532a:	0017c703          	lbu	a4,1(a5)
    532e:	00176713          	or	a4,a4,1
    5332:	00e780a3          	sb	a4,1(a5)
}

static inline void enable_IRQ(uint32_t irq_no)
{
	ECLIC_EnableIRQ(irq_no);
}
    5336:	bf21                	j	524e <UART_PowerControl+0x32>
        }else if (uart == &uart1_resources){
    5338:	b8018793          	add	a5,gp,-1152 # 20000468 <uart1_resources>
    533c:	00f41c63          	bne	s0,a5,5354 <UART_PowerControl+0x138>
            __HAL_CRM_UART1_CLK_ENABLE();
    5340:	431007b7          	lui	a5,0x43100
    5344:	5398                	lw	a4,32(a5)
    5346:	00276713          	or	a4,a4,2
    534a:	d398                	sw	a4,32(a5)
        	__HAL_PMU_UART1_RST_ENABLE();
    534c:	4bd8                	lw	a4,20(a5)
    534e:	00276713          	or	a4,a4,2
    5352:	b77d                	j	5300 <UART_PowerControl+0xe4>
        }else if (uart == &uart2_resources){
    5354:	b6018793          	add	a5,gp,-1184 # 20000448 <uart2_resources>
    CHECK_RESOURCES(res);
    5358:	556d                	li	a0,-5
        }else if (uart == &uart2_resources){
    535a:	eef41be3          	bne	s0,a5,5250 <UART_PowerControl+0x34>
            __HAL_CRM_UART2_CLK_ENABLE();
    535e:	431007b7          	lui	a5,0x43100
    5362:	53d8                	lw	a4,36(a5)
    5364:	00276713          	or	a4,a4,2
    5368:	d3d8                	sw	a4,36(a5)
            __HAL_PMU_UART2_RST_ENABLE();
    536a:	4bd8                	lw	a4,20(a5)
    536c:	00476713          	or	a4,a4,4
    5370:	bf41                	j	5300 <UART_PowerControl+0xe4>

00005372 <UART_Receive>:
{
    5372:	1101                	add	sp,sp,-32
    5374:	cc22                	sw	s0,24(sp)
    5376:	ce06                	sw	ra,28(sp)
    5378:	ca26                	sw	s1,20(sp)
    CHECK_RESOURCES(res);
    537a:	ba018793          	add	a5,gp,-1120 # 20000488 <uart0_resources>
{
    537e:	842a                	mv	s0,a0
    CHECK_RESOURCES(res);
    5380:	00f50b63          	beq	a0,a5,5396 <UART_Receive+0x24>
    5384:	b8018793          	add	a5,gp,-1152 # 20000468 <uart1_resources>
    5388:	00f50763          	beq	a0,a5,5396 <UART_Receive+0x24>
    538c:	b6018793          	add	a5,gp,-1184 # 20000448 <uart2_resources>
    5390:	556d                	li	a0,-5
    5392:	00f41b63          	bne	s0,a5,53a8 <UART_Receive+0x36>
    5396:	556d                	li	a0,-5
    if ((data == NULL) || (num == 0U)) {
    5398:	c981                	beqz	a1,53a8 <UART_Receive+0x36>
    539a:	c619                	beqz	a2,53a8 <UART_Receive+0x36>
    if ((uart->info->flags & UART_FLAG_CONFIGURED) == 0U) {
    539c:	4c1c                	lw	a5,24(s0)
    539e:	0397c703          	lbu	a4,57(a5) # 43100039 <_sp+0x230f8039>
    53a2:	8b11                	and	a4,a4,4
    53a4:	e719                	bnez	a4,53b2 <UART_Receive+0x40>
        return CSK_DRIVER_ERROR;
    53a6:	557d                	li	a0,-1
}
    53a8:	40f2                	lw	ra,28(sp)
    53aa:	4462                	lw	s0,24(sp)
    53ac:	44d2                	lw	s1,20(sp)
    53ae:	6105                	add	sp,sp,32
    53b0:	8082                	ret
    if (uart->info->rx_status.rx_busy == 1U) {
    53b2:	0047c703          	lbu	a4,4(a5)
    53b6:	4485                	li	s1,1
        return CSK_DRIVER_ERROR_BUSY;
    53b8:	5579                	li	a0,-2
    if (uart->info->rx_status.rx_busy == 1U) {
    53ba:	fe9707e3          	beq	a4,s1,53a8 <UART_Receive+0x36>
    uart->info->xfer.rx_num = num;
    53be:	c7d0                	sw	a2,12(a5)
    uart->info->rx_status.rx_busy = 1U;
    53c0:	c3c4                	sw	s1,4(a5)
    uart->info->rx_status.rx_parity_error = 0U;
    53c2:	00078423          	sb	zero,8(a5)
    uart->info->xfer.rx_buf = (uint8_t *) data;
    53c6:	cbcc                	sw	a1,20(a5)
    uart->info->xfer.rx_cnt = 0U;
    53c8:	0007ae23          	sw	zero,28(a5)
    if (!uart->info->inter_en){
    53cc:	03a7c703          	lbu	a4,58(a5)
    53d0:	ef39                	bnez	a4,542e <UART_Receive+0xbc>
        dma_channel_select(&uart->dma_rx->channel, uart->dma_rx->cb_event,
    53d2:	4848                	lw	a0,20(s0)
    53d4:	4689                	li	a3,2
    53d6:	4601                	li	a2,0
    53d8:	414c                	lw	a1,4(a0)
    53da:	a18ff0ef          	jal	45f2 <dma_channel_select>
        if (uart->dma_rx->channel == DMA_CHANNEL_ANY) {
    53de:	4858                	lw	a4,20(s0)
    53e0:	00074503          	lbu	a0,0(a4) # 1000 <__HEAP_SIZE>
    53e4:	0ff00793          	li	a5,255
    53e8:	faf50fe3          	beq	a0,a5,53a6 <UART_Receive+0x34>
        stat = dma_channel_configure (uart->dma_rx->channel,
    53ec:	4c1c                	lw	a5,24(s0)
    53ee:	00174883          	lbu	a7,1(a4)
    53f2:	4bd4                	lw	a3,20(a5)
    53f4:	47d8                	lw	a4,12(a5)
    53f6:	4010                	lw	a2,0(s0)
    53f8:	002007b7          	lui	a5,0x200
    53fc:	40178793          	add	a5,a5,1025 # 200401 <_data_lma+0x1f8c89>
    5400:	c202                	sw	zero,4(sp)
    5402:	c002                	sw	zero,0(sp)
    5404:	089e                	sll	a7,a7,0x7
    5406:	02000813          	li	a6,32
    540a:	0621                	add	a2,a2,8
    540c:	85a6                	mv	a1,s1
    540e:	aa2ff0ef          	jal	46b0 <dma_channel_configure_wrapper>
        if(stat == -1){
    5412:	57fd                	li	a5,-1
    5414:	f8f509e3          	beq	a0,a5,53a6 <UART_Receive+0x34>
        if(uart->info->timeout) {
    5418:	4c1c                	lw	a5,24(s0)
    541a:	0407c783          	lbu	a5,64(a5)
    541e:	c791                	beqz	a5,542a <UART_Receive+0xb8>
			uart->reg->REG_IRQ_MASK.all |= UART_RX_DMA_TIMEOUT;
    5420:	4018                	lw	a4,0(s0)
    5422:	475c                	lw	a5,12(a4)
    5424:	0807e793          	or	a5,a5,128
			uart->reg->REG_IRQ_MASK.all |= UART_RX_LINE_ERR | UART_RX_DATA_AVAILABLE;
    5428:	c75c                	sw	a5,12(a4)
    return CSK_DRIVER_OK;
    542a:	4501                	li	a0,0
    542c:	bfb5                	j	53a8 <UART_Receive+0x36>
    	if(uart->info->timeout) {
    542e:	0407c783          	lbu	a5,64(a5)
			uart->reg->REG_IRQ_MASK.all |= UART_RX_TIMEOUT | UART_RX_LINE_ERR | UART_RX_DATA_AVAILABLE;
    5432:	4018                	lw	a4,0(s0)
    	if(uart->info->timeout) {
    5434:	c789                	beqz	a5,543e <UART_Receive+0xcc>
			uart->reg->REG_IRQ_MASK.all |= UART_RX_TIMEOUT | UART_RX_LINE_ERR | UART_RX_DATA_AVAILABLE;
    5436:	475c                	lw	a5,12(a4)
    5438:	01a7e793          	or	a5,a5,26
    543c:	b7f5                	j	5428 <UART_Receive+0xb6>
			uart->reg->REG_IRQ_MASK.all |= UART_RX_LINE_ERR | UART_RX_DATA_AVAILABLE;
    543e:	475c                	lw	a5,12(a4)
    5440:	0127e793          	or	a5,a5,18
    5444:	b7d5                	j	5428 <UART_Receive+0xb6>

00005446 <UART_GetRxCount>:
{
    5446:	1141                	add	sp,sp,-16
    5448:	c422                	sw	s0,8(sp)
    544a:	c606                	sw	ra,12(sp)
    544c:	c226                	sw	s1,4(sp)
    CHECK_RESOURCES(res);
    544e:	ba018793          	add	a5,gp,-1120 # 20000488 <uart0_resources>
{
    5452:	842a                	mv	s0,a0
    CHECK_RESOURCES(res);
    5454:	00f50b63          	beq	a0,a5,546a <UART_GetRxCount+0x24>
    5458:	b8018793          	add	a5,gp,-1152 # 20000468 <uart1_resources>
    545c:	00f50763          	beq	a0,a5,546a <UART_GetRxCount+0x24>
    5460:	b6018793          	add	a5,gp,-1184 # 20000448 <uart2_resources>
    5464:	556d                	li	a0,-5
    5466:	02f41263          	bne	s0,a5,548a <UART_GetRxCount+0x44>
    if ((!uart->info->inter_en) && uart->dma_rx && uart->info->rx_status.rx_busy) {
    546a:	4c04                	lw	s1,24(s0)
    546c:	03a4c783          	lbu	a5,58(s1)
    5470:	eb99                	bnez	a5,5486 <UART_GetRxCount+0x40>
    5472:	485c                	lw	a5,20(s0)
    5474:	cb89                	beqz	a5,5486 <UART_GetRxCount+0x40>
    5476:	0044c703          	lbu	a4,4(s1)
    547a:	c711                	beqz	a4,5486 <UART_GetRxCount+0x40>
        uart->info->xfer.rx_cnt = dma_channel_get_count(uart->dma_rx->channel);
    547c:	0007c503          	lbu	a0,0(a5)
    5480:	c02ff0ef          	jal	4882 <dma_channel_get_count>
    5484:	ccc8                	sw	a0,28(s1)
    return uart->info->xfer.rx_cnt;
    5486:	4c1c                	lw	a5,24(s0)
    5488:	4fc8                	lw	a0,28(a5)
}
    548a:	40b2                	lw	ra,12(sp)
    548c:	4422                	lw	s0,8(sp)
    548e:	4492                	lw	s1,4(sp)
    5490:	0141                	add	sp,sp,16
    5492:	8082                	ret

00005494 <UART_Control>:
{    
    5494:	7179                	add	sp,sp,-48
    5496:	ce4e                	sw	s3,28(sp)
    5498:	d422                	sw	s0,40(sp)
    549a:	d226                	sw	s1,36(sp)
    549c:	cc52                	sw	s4,24(sp)
    549e:	d606                	sw	ra,44(sp)
    54a0:	d04a                	sw	s2,32(sp)
    54a2:	ba018993          	add	s3,gp,-1120 # 20000488 <uart0_resources>
    54a6:	842a                	mv	s0,a0
    54a8:	84ae                	mv	s1,a1
    54aa:	8a32                	mv	s4,a2
    CHECK_RESOURCES(res);
    54ac:	01350b63          	beq	a0,s3,54c2 <UART_Control+0x2e>
    54b0:	b8018793          	add	a5,gp,-1152 # 20000468 <uart1_resources>
    54b4:	00f50763          	beq	a0,a5,54c2 <UART_Control+0x2e>
    54b8:	b6018793          	add	a5,gp,-1184 # 20000448 <uart2_resources>
    54bc:	556d                	li	a0,-5
    54be:	0ef41863          	bne	s0,a5,55ae <UART_Control+0x11a>
    if ((uart->info->flags & UART_FLAG_POWERED) == 0U) {
    54c2:	4c14                	lw	a3,24(s0)
    54c4:	0396c703          	lbu	a4,57(a3)
    54c8:	00277793          	and	a5,a4,2
        return CSK_DRIVER_ERROR;
    54cc:	557d                	li	a0,-1
    if ((uart->info->flags & UART_FLAG_POWERED) == 0U) {
    54ce:	c3e5                	beqz	a5,55ae <UART_Control+0x11a>
    switch (control & CSK_UART_CONTROL_Msk) {
    54d0:	0ff4f913          	zext.b	s2,s1
    54d4:	47e5                	li	a5,25
    54d6:	10f90c63          	beq	s2,a5,55ee <UART_Control+0x15a>
    54da:	0927e263          	bltu	a5,s2,555e <UART_Control+0xca>
    54de:	4659                	li	a2,22
    54e0:	401c                	lw	a5,0(s0)
    54e2:	05266763          	bltu	a2,s2,5530 <UART_Control+0x9c>
    54e6:	4651                	li	a2,20
    54e8:	09266663          	bltu	a2,s2,5574 <UART_Control+0xe0>
        switch (control & CSK_UART_Function_CONTROL_Msk) {
    54ec:	00d49713          	sll	a4,s1,0xd
    54f0:	401c                	lw	a5,0(s0)
    54f2:	12074663          	bltz	a4,561e <UART_Control+0x18a>
            	uart->reg->REG_CTRL.bit.DMA_MODE = 1;
    54f6:	4398                	lw	a4,0(a5)
    54f8:	29671713          	bset	a4,a4,0x16
    54fc:	c398                	sw	a4,0(a5)
                uart->info->inter_en = 0;
    54fe:	02068d23          	sb	zero,58(a3)
                dma_initialize();
    5502:	fabfe0ef          	jal	44ac <dma_initialize>
                uart->reg->REG_TRIGGERS.bit.RX_TRIGGER = 0;   // reserve a byte for timeout interrupt
    5506:	4018                	lw	a4,0(s0)
    5508:	4b5c                	lw	a5,20(a4)
    550a:	fc07f793          	and	a5,a5,-64
    550e:	cb5c                	sw	a5,20(a4)
                uart->reg->REG_TRIGGERS.bit.TX_TRIGGER = 1;
    5510:	4b5c                	lw	a5,20(a4)
    5512:	8ff7f793          	and	a5,a5,-1793
    5516:	48b79793          	bclr	a5,a5,0xb
    551a:	1007e793          	or	a5,a5,256
    551e:	cb5c                	sw	a5,20(a4)
        switch (control & CSK_UART_CONTROL_Msk) {
    5520:	4785                	li	a5,1
    5522:	12f90263          	beq	s2,a5,5646 <UART_Control+0x1b2>
    5526:	4709                	li	a4,2
    5528:	1ae90763          	beq	s2,a4,56d6 <UART_Control+0x242>
				return CSK_DRIVER_ERROR_UNSUPPORTED;
    552c:	5571                	li	a0,-4
    552e:	a041                	j	55ae <UART_Control+0x11a>
    switch (control & CSK_UART_CONTROL_Msk) {
    5530:	4761                	li	a4,24
    5532:	fae91de3          	bne	s2,a4,54ec <UART_Control+0x58>
			uart->reg->REG_IRQ_MASK.all &= ~(UART_TX_MODEM_STATUS | UART_TX_DATA_NEEDED | UART_TX_DMA_DONE);
    5536:	47d8                	lw	a4,12(a5)
    5538:	fda77713          	and	a4,a4,-38
    553c:	c7d8                	sw	a4,12(a5)
			if ((!uart->info->inter_en) && (uart->info->xfer.send_active != 0U)) {
    553e:	03a6c783          	lbu	a5,58(a3)
    5542:	eb91                	bnez	a5,5556 <UART_Control+0xc2>
    5544:	0286c783          	lbu	a5,40(a3)
    5548:	c799                	beqz	a5,5556 <UART_Control+0xc2>
				dma_channel_disable(uart->dma_tx->channel, 1);
    554a:	481c                	lw	a5,16(s0)
    554c:	4585                	li	a1,1
    554e:	0007c503          	lbu	a0,0(a5)
    5552:	aaeff0ef          	jal	4800 <dma_channel_disable>
			uart->info->xfer.send_active = 0U;
    5556:	4c1c                	lw	a5,24(s0)
    5558:	02078423          	sb	zero,40(a5)
			return CSK_DRIVER_OK;
    555c:	a881                	j	55ac <UART_Control+0x118>
    switch (control & CSK_UART_CONTROL_Msk) {
    555e:	02000793          	li	a5,32
    5562:	f8f915e3          	bne	s2,a5,54ec <UART_Control+0x58>
            if (arg) {
    5566:	0a0a0963          	beqz	s4,5618 <UART_Control+0x184>
                uart->info->flags |= UART_FLAG_DIS_TX_INT;
    556a:	04076713          	or	a4,a4,64
                uart->info->flags &= ~UART_FLAG_DIS_TX_INT;
    556e:	02e68ca3          	sb	a4,57(a3)
    5572:	a82d                	j	55ac <UART_Control+0x118>
    		if (arg) {
    5574:	4655                	li	a2,21
    5576:	040a0463          	beqz	s4,55be <UART_Control+0x12a>
					uart->info->flags |= UART_FLAG_RX_ENABLED;
    557a:	01076593          	or	a1,a4,16
    			if((control & CSK_UART_CONTROL_Msk) == CSK_UART_CONTROL_TX) {
    557e:	00c91463          	bne	s2,a2,5586 <UART_Control+0xf2>
    				uart->info->flags |= UART_FLAG_TX_ENABLED;
    5582:	00876593          	or	a1,a4,8
    5586:	02b68ca3          	sb	a1,57(a3)
    			if(!uart->reg->REG_CTRL.bit.ENABLE) {
    558a:	4398                	lw	a4,0(a5)
    558c:	8b05                	and	a4,a4,1
    558e:	ef19                	bnez	a4,55ac <UART_Control+0x118>
    				uart->reg->REG_CTRL.bit.ENABLE = 1;          // enable uart
    5590:	4398                	lw	a4,0(a5)
    5592:	00176713          	or	a4,a4,1
    5596:	c398                	sw	a4,0(a5)
    				uart->reg->REG_CMD_SET.bit.TX_FIFO_RESET = 1; // reset tx fifo
    5598:	4f98                	lw	a4,24(a5)
    559a:	08076713          	or	a4,a4,128
    559e:	cf98                	sw	a4,24(a5)
					uart->reg->REG_CMD_SET.bit.RX_FIFO_RESET = 1; // reset rx fifo
    55a0:	4f98                	lw	a4,24(a5)
    55a2:	04076713          	or	a4,a4,64
    55a6:	cf98                	sw	a4,24(a5)
					uart->reg->REG_STATUS.all = 1;                    // clear line error bits
    55a8:	4705                	li	a4,1
    55aa:	c3d8                	sw	a4,4(a5)
			return CSK_DRIVER_OK;
    55ac:	4501                	li	a0,0
}
    55ae:	50b2                	lw	ra,44(sp)
    55b0:	5422                	lw	s0,40(sp)
    55b2:	5492                	lw	s1,36(sp)
    55b4:	5902                	lw	s2,32(sp)
    55b6:	49f2                	lw	s3,28(sp)
    55b8:	4a62                	lw	s4,24(sp)
    55ba:	6145                	add	sp,sp,48
    55bc:	8082                	ret
				if((control & CSK_UART_CONTROL_Msk) == CSK_UART_CONTROL_TX) {
    55be:	02c91163          	bne	s2,a2,55e0 <UART_Control+0x14c>
					uart->info->flags &= ~UART_FLAG_TX_ENABLED;
    55c2:	9b5d                	and	a4,a4,-9
    55c4:	02e68ca3          	sb	a4,57(a3)
					uart->reg->REG_IRQ_MASK.all &= ~(UART_TX_MODEM_STATUS | UART_TX_DATA_NEEDED | UART_TX_DMA_DONE);
    55c8:	47d8                	lw	a4,12(a5)
    55ca:	fda77713          	and	a4,a4,-38
					uart->reg->REG_IRQ_MASK.all &= ~(UART_RX_DATA_AVAILABLE | UART_RX_TIMEOUT
    55ce:	c7d8                	sw	a4,12(a5)
				if((uart->info->flags & (UART_FLAG_TX_ENABLED | UART_FLAG_RX_ENABLED)) == 0) {
    55d0:	0396c703          	lbu	a4,57(a3)
    55d4:	8b61                	and	a4,a4,24
    55d6:	fb79                	bnez	a4,55ac <UART_Control+0x118>
					uart->reg->REG_CTRL.bit.ENABLE = 0;
    55d8:	4398                	lw	a4,0(a5)
    55da:	9b79                	and	a4,a4,-2
    55dc:	c398                	sw	a4,0(a5)
    55de:	b7f9                	j	55ac <UART_Control+0x118>
					uart->info->flags &= ~UART_FLAG_RX_ENABLED;
    55e0:	9b3d                	and	a4,a4,-17
    55e2:	02e68ca3          	sb	a4,57(a3)
					uart->reg->REG_IRQ_MASK.all &= ~(UART_RX_DATA_AVAILABLE | UART_RX_TIMEOUT
    55e6:	47d8                	lw	a4,12(a5)
    55e8:	f2577713          	and	a4,a4,-219
    55ec:	b7cd                	j	55ce <UART_Control+0x13a>
			uart->reg->REG_IRQ_MASK.all &= ~(UART_RX_DATA_AVAILABLE | UART_RX_TIMEOUT
    55ee:	4018                	lw	a4,0(s0)
    55f0:	475c                	lw	a5,12(a4)
    55f2:	f257f793          	and	a5,a5,-219
    55f6:	c75c                	sw	a5,12(a4)
			if ((!uart->info->inter_en) && (uart->info->rx_status.rx_busy)) {
    55f8:	03a6c783          	lbu	a5,58(a3)
    55fc:	eb91                	bnez	a5,5610 <UART_Control+0x17c>
    55fe:	0046c783          	lbu	a5,4(a3)
    5602:	c799                	beqz	a5,5610 <UART_Control+0x17c>
				dma_channel_disable(uart->dma_rx->channel, 1);
    5604:	485c                	lw	a5,20(s0)
    5606:	4585                	li	a1,1
    5608:	0007c503          	lbu	a0,0(a5)
    560c:	9f4ff0ef          	jal	4800 <dma_channel_disable>
			uart->info->rx_status.rx_busy = 0U;
    5610:	4c1c                	lw	a5,24(s0)
    5612:	00078223          	sb	zero,4(a5)
			return CSK_DRIVER_OK;
    5616:	bf59                	j	55ac <UART_Control+0x118>
                uart->info->flags &= ~UART_FLAG_DIS_TX_INT;
    5618:	fbf77713          	and	a4,a4,-65
    561c:	bf89                	j	556e <UART_Control+0xda>
            	uart->reg->REG_CTRL.bit.DMA_MODE = 0;
    561e:	4398                	lw	a4,0(a5)
    5620:	49671713          	bclr	a4,a4,0x16
    5624:	c398                	sw	a4,0(a5)
                uart->info->inter_en = 1;
    5626:	4705                	li	a4,1
    5628:	02e68d23          	sb	a4,58(a3)
				uart->reg->REG_TRIGGERS.bit.RX_TRIGGER = 0;
    562c:	4bd8                	lw	a4,20(a5)
    562e:	fc077713          	and	a4,a4,-64
    5632:	cbd8                	sw	a4,20(a5)
				uart->reg->REG_TRIGGERS.bit.TX_TRIGGER = UART_TX_TRIG_LVL;
    5634:	4bd8                	lw	a4,20(a5)
    5636:	8ff77713          	and	a4,a4,-1793
    563a:	48b71713          	bclr	a4,a4,0xb
    563e:	28b71713          	bset	a4,a4,0xb
    5642:	cbd8                	sw	a4,20(a5)
                break;
    5644:	bdf1                	j	5520 <UART_Control+0x8c>
				uart->info->timeout = 0;
    5646:	4c1c                	lw	a5,24(s0)
    5648:	04079023          	sh	zero,64(a5)
			if((uint32_t)UART0() == (uint32_t)res) {
    564c:	08899963          	bne	s3,s0,56de <UART_Control+0x24a>
				HAL_CRM_SetUart0ClkDiv(1, 1);
    5650:	4585                	li	a1,1
    5652:	852e                	mv	a0,a1
    5654:	9fcfe0ef          	jal	3850 <HAL_CRM_SetUart0ClkDiv>
			if(uart_compute_div(res, arg, &m, &n, &div) < 0) {
    5658:	0078                	add	a4,sp,12
    565a:	0034                	add	a3,sp,8
    565c:	0050                	add	a2,sp,4
    565e:	85d2                	mv	a1,s4
    5660:	8522                	mv	a0,s0
    5662:	a3dff0ef          	jal	509e <uart_compute_div>
    5666:	ec0543e3          	bltz	a0,552c <UART_Control+0x98>
			if(div == 16) {
    566a:	46b2                	lw	a3,12(sp)
    566c:	4741                	li	a4,16
				uart->reg->REG_CTRL.bit.DIVISOR_MODE = 1;  //0: sclk/4; 1: sclk/16
    566e:	401c                	lw	a5,0(s0)
			if(div == 16) {
    5670:	08e69363          	bne	a3,a4,56f6 <UART_Control+0x262>
				uart->reg->REG_CTRL.bit.DIVISOR_MODE = 1;  //0: sclk/4; 1: sclk/16
    5674:	4398                	lw	a4,0(a5)
    5676:	29471713          	bset	a4,a4,0x14
				uart->reg->REG_CTRL.bit.DIVISOR_MODE = 0;
    567a:	c398                	sw	a4,0(a5)
				HAL_CRM_SetUart0ClkDiv(n, m);
    567c:	4522                	lw	a0,8(sp)
    567e:	4592                	lw	a1,4(sp)
			if((uint32_t)UART0() == (uint32_t)res) {
    5680:	06899f63          	bne	s3,s0,56fe <UART_Control+0x26a>
				HAL_CRM_SetUart0ClkDiv(n, m);
    5684:	9ccfe0ef          	jal	3850 <HAL_CRM_SetUart0ClkDiv>
    switch (control & CSK_UART_DATA_BITS_Msk) {
    5688:	7004f793          	and	a5,s1,1792
    568c:	c3d9                	beqz	a5,5712 <UART_Control+0x27e>
    568e:	70000713          	li	a4,1792
    5692:	555d                	li	a0,-9
    5694:	f0e79de3          	bne	a5,a4,55ae <UART_Control+0x11a>
			uart->reg->REG_CTRL.bit.DATA_BITS = 0;
    5698:	4018                	lw	a4,0(s0)
    569a:	431c                	lw	a5,0(a4)
    569c:	9bf5                	and	a5,a5,-3
			uart->reg->REG_CTRL.bit.DATA_BITS = 1;
    569e:	c31c                	sw	a5,0(a4)
    switch (control & CSK_UART_PARITY_Msk) {
    56a0:	678d                	lui	a5,0x3
    56a2:	8fe5                	and	a5,a5,s1
    56a4:	6705                	lui	a4,0x1
    56a6:	06e78b63          	beq	a5,a4,571c <UART_Control+0x288>
    56aa:	6709                	lui	a4,0x2
    56ac:	08e78363          	beq	a5,a4,5732 <UART_Control+0x29e>
    56b0:	5559                	li	a0,-10
    56b2:	ee079ee3          	bnez	a5,55ae <UART_Control+0x11a>
			uart->reg->REG_CTRL.bit.PARITY_ENABLE = 0;
    56b6:	4018                	lw	a4,0(s0)
    56b8:	431c                	lw	a5,0(a4)
    56ba:	9bdd                	and	a5,a5,-9
			uart->reg->REG_CTRL.bit.PARITY_SELECT = 1;
    56bc:	c31c                	sw	a5,0(a4)
    switch (control & CSK_UART_STOP_BITS_Msk) {
    56be:	67b1                	lui	a5,0xc
    56c0:	8fe5                	and	a5,a5,s1
    56c2:	c3d1                	beqz	a5,5746 <UART_Control+0x2b2>
    56c4:	6711                	lui	a4,0x4
    56c6:	5555                	li	a0,-11
    56c8:	eee793e3          	bne	a5,a4,55ae <UART_Control+0x11a>
			uart->reg->REG_CTRL.bit.TX_STOP_BITS = 1;
    56cc:	4018                	lw	a4,0(s0)
    56ce:	431c                	lw	a5,0(a4)
    56d0:	0047e793          	or	a5,a5,4
    56d4:	a8a5                	j	574c <UART_Control+0x2b8>
				uart->info->timeout = 1;
    56d6:	4c18                	lw	a4,24(s0)
    56d8:	04f71023          	sh	a5,64(a4) # 4040 <dma_channel_configure_internal+0x98>
        if(mode) {
    56dc:	bf85                	j	564c <UART_Control+0x1b8>
				HAL_CRM_SetUart1ClkDiv(1, 1);
    56de:	4585                	li	a1,1
			} else if ((uint32_t)UART1() == (uint32_t)res){
    56e0:	b8018793          	add	a5,gp,-1152 # 20000468 <uart1_resources>
				HAL_CRM_SetUart1ClkDiv(1, 1);
    56e4:	852e                	mv	a0,a1
			} else if ((uint32_t)UART1() == (uint32_t)res){
    56e6:	00f41563          	bne	s0,a5,56f0 <UART_Control+0x25c>
				HAL_CRM_SetUart1ClkDiv(1, 1);
    56ea:	a00fe0ef          	jal	38ea <HAL_CRM_SetUart1ClkDiv>
    56ee:	b7ad                	j	5658 <UART_Control+0x1c4>
                HAL_CRM_SetUart2ClkDiv(1, 1);
    56f0:	a94fe0ef          	jal	3984 <HAL_CRM_SetUart2ClkDiv>
    56f4:	b795                	j	5658 <UART_Control+0x1c4>
				uart->reg->REG_CTRL.bit.DIVISOR_MODE = 0;
    56f6:	4398                	lw	a4,0(a5)
    56f8:	49471713          	bclr	a4,a4,0x14
    56fc:	bfbd                	j	567a <UART_Control+0x1e6>
			}  else if ((uint32_t)UART1() == (uint32_t)res){
    56fe:	b8018793          	add	a5,gp,-1152 # 20000468 <uart1_resources>
    5702:	00f41563          	bne	s0,a5,570c <UART_Control+0x278>
				HAL_CRM_SetUart1ClkDiv(n, m);
    5706:	9e4fe0ef          	jal	38ea <HAL_CRM_SetUart1ClkDiv>
    570a:	bfbd                	j	5688 <UART_Control+0x1f4>
                HAL_CRM_SetUart2ClkDiv(n, m);
    570c:	a78fe0ef          	jal	3984 <HAL_CRM_SetUart2ClkDiv>
    5710:	bfa5                	j	5688 <UART_Control+0x1f4>
			uart->reg->REG_CTRL.bit.DATA_BITS = 1;
    5712:	4018                	lw	a4,0(s0)
    5714:	431c                	lw	a5,0(a4)
    5716:	0027e793          	or	a5,a5,2
    571a:	b751                	j	569e <UART_Control+0x20a>
			uart->reg->REG_CTRL.bit.PARITY_ENABLE = 1;
    571c:	4018                	lw	a4,0(s0)
    571e:	431c                	lw	a5,0(a4)
    5720:	0087e793          	or	a5,a5,8
    5724:	c31c                	sw	a5,0(a4)
			uart->reg->REG_CTRL.bit.PARITY_SELECT = 1;
    5726:	431c                	lw	a5,0(a4)
    5728:	fcf7f793          	and	a5,a5,-49
    572c:	0107e793          	or	a5,a5,16
    5730:	b771                	j	56bc <UART_Control+0x228>
			uart->reg->REG_CTRL.bit.PARITY_ENABLE = 1;
    5732:	401c                	lw	a5,0(s0)
    5734:	4398                	lw	a4,0(a5)
    5736:	00876713          	or	a4,a4,8
    573a:	c398                	sw	a4,0(a5)
			uart->reg->REG_CTRL.bit.PARITY_SELECT = 0;
    573c:	4398                	lw	a4,0(a5)
    573e:	fcf77713          	and	a4,a4,-49
    5742:	c398                	sw	a4,0(a5)
			break;
    5744:	bfad                	j	56be <UART_Control+0x22a>
			uart->reg->REG_CTRL.bit.TX_STOP_BITS = 0;
    5746:	4018                	lw	a4,0(s0)
    5748:	431c                	lw	a5,0(a4)
    574a:	9bed                	and	a5,a5,-5
			uart->reg->REG_CTRL.bit.TX_STOP_BITS = 1;
    574c:	c31c                	sw	a5,0(a4)
        switch (control & CSK_UART_FLOW_CONTROL_Msk) {
    574e:	000307b7          	lui	a5,0x30
    5752:	8cfd                	and	s1,s1,a5
    5754:	c09d                	beqz	s1,577a <UART_Control+0x2e6>
    5756:	5551                	li	a0,-12
    5758:	e4f49be3          	bne	s1,a5,55ae <UART_Control+0x11a>
				uart->reg->REG_CTRL.bit.AUTO_FLOW_CONTROL = 1;
    575c:	401c                	lw	a5,0(s0)
    575e:	4398                	lw	a4,0(a5)
    5760:	29771713          	bset	a4,a4,0x17
    5764:	c398                	sw	a4,0(a5)
				uart->reg->REG_CMD_SET.bit.RX_RTS = 1;
    5766:	4f98                	lw	a4,24(a5)
    5768:	02076713          	or	a4,a4,32
    576c:	cf98                	sw	a4,24(a5)
				uart->reg->REG_TRIGGERS.bit.AFC_LEVEL = 63;
    576e:	4bd8                	lw	a4,20(a5)
    5770:	003f06b7          	lui	a3,0x3f0
    5774:	8f55                	or	a4,a4,a3
    5776:	cbd8                	sw	a4,20(a5)
				break;
    5778:	a811                	j	578c <UART_Control+0x2f8>
				uart->reg->REG_CTRL.bit.AUTO_FLOW_CONTROL = 0;
    577a:	401c                	lw	a5,0(s0)
    577c:	4398                	lw	a4,0(a5)
    577e:	49771713          	bclr	a4,a4,0x17
    5782:	c398                	sw	a4,0(a5)
				uart->reg->REG_CMD_CLR.bit.RX_CPU_RTS = 1;
    5784:	4fd8                	lw	a4,28(a5)
    5786:	02076713          	or	a4,a4,32
    578a:	cfd8                	sw	a4,28(a5)
    uart->info->flags |= UART_FLAG_CONFIGURED;
    578c:	4c18                	lw	a4,24(s0)
    578e:	03974783          	lbu	a5,57(a4)
    5792:	0047e793          	or	a5,a5,4
    5796:	02f70ca3          	sb	a5,57(a4)
    return CSK_DRIVER_OK;
    579a:	bd09                	j	55ac <UART_Control+0x118>

0000579c <UART_GetStatus>:
    CHECK_RESOURCES(res);
    579c:	ba018793          	add	a5,gp,-1120 # 20000488 <uart0_resources>
{
    57a0:	872a                	mv	a4,a0
    CHECK_RESOURCES(res);
    57a2:	00f50b63          	beq	a0,a5,57b8 <UART_GetStatus+0x1c>
    57a6:	b8018793          	add	a5,gp,-1152 # 20000468 <uart1_resources>
    57aa:	00f50763          	beq	a0,a5,57b8 <UART_GetStatus+0x1c>
    57ae:	b6018793          	add	a5,gp,-1184 # 20000448 <uart2_resources>
    57b2:	556d                	li	a0,-5
    57b4:	04f71a63          	bne	a4,a5,5808 <UART_GetStatus+0x6c>
    stat->tx_busy = uart->reg->REG_STATUS.bit.TX_ACTIVE;
    57b8:	431c                	lw	a5,0(a4)
    stat->rx_busy = uart->info->rx_status.rx_busy;
    57ba:	4f18                	lw	a4,24(a4)
    stat->tx_busy = uart->reg->REG_STATUS.bit.TX_ACTIVE;
    57bc:	00474683          	lbu	a3,4(a4)
    57c0:	43dc                	lw	a5,4(a5)
    57c2:	0686                	sll	a3,a3,0x1
    57c4:	8a89                	and	a3,a3,2
    57c6:	48e7d793          	bext	a5,a5,0xe
    57ca:	8fd5                	or	a5,a5,a3
    57cc:	00574683          	lbu	a3,5(a4)
    57d0:	068e                	sll	a3,a3,0x3
    57d2:	8aa1                	and	a3,a3,8
    57d4:	8fd5                	or	a5,a5,a3
    57d6:	00674683          	lbu	a3,6(a4)
    57da:	0692                	sll	a3,a3,0x4
    57dc:	8ac1                	and	a3,a3,16
    57de:	8fd5                	or	a5,a5,a3
    57e0:	00774683          	lbu	a3,7(a4)
    57e4:	0696                	sll	a3,a3,0x5
    57e6:	00874703          	lbu	a4,8(a4)
    57ea:	0206f693          	and	a3,a3,32
    57ee:	071a                	sll	a4,a4,0x6
    57f0:	04077713          	and	a4,a4,64
    57f4:	8fd5                	or	a5,a5,a3
    57f6:	8fd9                	or	a5,a5,a4
    57f8:	0005c703          	lbu	a4,0(a1)
    57fc:	f8077713          	and	a4,a4,-128
    5800:	8fd9                	or	a5,a5,a4
    5802:	00f58023          	sb	a5,0(a1)
    return CSK_DRIVER_OK;
    5806:	4501                	li	a0,0
}
    5808:	8082                	ret
	...

00005840 <exc_entry>:
.align 6
.global exc_entry
.weak exc_entry
exc_entry:
    /* Save the caller saving registers (context) */
    SAVE_CONTEXT
    5840:	715d                	add	sp,sp,-80
    5842:	c006                	sw	ra,0(sp)
    5844:	c212                	sw	tp,4(sp)
    5846:	c416                	sw	t0,8(sp)
    5848:	c61a                	sw	t1,12(sp)
    584a:	c81e                	sw	t2,16(sp)
    584c:	ca2a                	sw	a0,20(sp)
    584e:	cc2e                	sw	a1,24(sp)
    5850:	ce32                	sw	a2,28(sp)
    5852:	d036                	sw	a3,32(sp)
    5854:	d23a                	sw	a4,36(sp)
    5856:	d43e                	sw	a5,40(sp)
    5858:	dc42                	sw	a6,56(sp)
    585a:	de46                	sw	a7,60(sp)
    585c:	c0f2                	sw	t3,64(sp)
    585e:	c2f6                	sw	t4,68(sp)
    5860:	c4fa                	sw	t5,72(sp)
    5862:	c6fe                	sw	t6,76(sp)
    /* Save the necessary CSR registers */
    SAVE_CSR_CONTEXT
    5864:	7ee5d073          	csrw	pushmcause,11
    5868:	7ef65073          	csrw	pushmepc,12
    586c:	7eb6d073          	csrw	pushmsubm,13
    /*
     * Set the exception handler function arguments
     * argument 1: mcause value
     * argument 2: current stack point(SP) value
     */
    csrr a0, mcause
    5870:	34202573          	csrr	a0,mcause
    mv a1, sp
    5874:	858a                	mv	a1,sp
    /*
     * TODO: Call the exception handler function
     * By default, the function template is provided in
     * system_Device.c, you can adjust it as you want
     */
    call core_exception_handler
    5876:	96cfd0ef          	jal	29e2 <core_exception_handler>

    /* Restore the necessary CSR registers */
    RESTORE_CSR_CONTEXT
    587a:	52d2                	lw	t0,52(sp)
    587c:	7c429073          	csrw	msubm,t0
    5880:	52c2                	lw	t0,48(sp)
    5882:	34129073          	csrw	mepc,t0
    5886:	52b2                	lw	t0,44(sp)
    5888:	34229073          	csrw	mcause,t0
    /* Restore the caller saving registers (context) */
    RESTORE_CONTEXT
    588c:	4082                	lw	ra,0(sp)
    588e:	4212                	lw	tp,4(sp)
    5890:	42a2                	lw	t0,8(sp)
    5892:	4332                	lw	t1,12(sp)
    5894:	43c2                	lw	t2,16(sp)
    5896:	4552                	lw	a0,20(sp)
    5898:	45e2                	lw	a1,24(sp)
    589a:	4672                	lw	a2,28(sp)
    589c:	5682                	lw	a3,32(sp)
    589e:	5712                	lw	a4,36(sp)
    58a0:	57a2                	lw	a5,40(sp)
    58a2:	5862                	lw	a6,56(sp)
    58a4:	58f2                	lw	a7,60(sp)
    58a6:	4e06                	lw	t3,64(sp)
    58a8:	4e96                	lw	t4,68(sp)
    58aa:	4f26                	lw	t5,72(sp)
    58ac:	4fb6                	lw	t6,76(sp)
    58ae:	6161                	add	sp,sp,80

    /* Return to regular code */
    mret
    58b0:	30200073          	mret
	...

000058c0 <irq_entry>:
.global irq_entry
.weak irq_entry
/* This label will be set to MTVT2 register */
irq_entry:
    /* Save the caller saving registers (context) */
    SAVE_CONTEXT
    58c0:	715d                	add	sp,sp,-80
    58c2:	c006                	sw	ra,0(sp)
    58c4:	c212                	sw	tp,4(sp)
    58c6:	c416                	sw	t0,8(sp)
    58c8:	c61a                	sw	t1,12(sp)
    58ca:	c81e                	sw	t2,16(sp)
    58cc:	ca2a                	sw	a0,20(sp)
    58ce:	cc2e                	sw	a1,24(sp)
    58d0:	ce32                	sw	a2,28(sp)
    58d2:	d036                	sw	a3,32(sp)
    58d4:	d23a                	sw	a4,36(sp)
    58d6:	d43e                	sw	a5,40(sp)
    58d8:	dc42                	sw	a6,56(sp)
    58da:	de46                	sw	a7,60(sp)
    58dc:	c0f2                	sw	t3,64(sp)
    58de:	c2f6                	sw	t4,68(sp)
    58e0:	c4fa                	sw	t5,72(sp)
    58e2:	c6fe                	sw	t6,76(sp)
    /* Save the necessary CSR registers */
    SAVE_CSR_CONTEXT
    58e4:	7ee5d073          	csrw	pushmcause,11
    58e8:	7ef65073          	csrw	pushmepc,12
    58ec:	7eb6d073          	csrw	pushmsubm,13
    /* This special CSR read/write operation, which is actually
     * claim the CLIC to find its pending highest ID, if the ID
     * is not 0, then automatically enable the mstatus.MIE, and
     * jump to its vector-entry-label, and update the link register
     */
    csrrw ra, CSR_JALMNXTI, ra
    58f0:	7ed090f3          	csrrw	ra,jalmnxti,ra

    /* Critical section with interrupts disabled */
    DISABLE_MIE
    58f4:	30047073          	csrc	mstatus,8

    /* Restore the necessary CSR registers */
    RESTORE_CSR_CONTEXT
    58f8:	52d2                	lw	t0,52(sp)
    58fa:	7c429073          	csrw	msubm,t0
    58fe:	52c2                	lw	t0,48(sp)
    5900:	34129073          	csrw	mepc,t0
    5904:	52b2                	lw	t0,44(sp)
    5906:	34229073          	csrw	mcause,t0
    /* Restore the caller saving registers (context) */
    RESTORE_CONTEXT
    590a:	4082                	lw	ra,0(sp)
    590c:	4212                	lw	tp,4(sp)
    590e:	42a2                	lw	t0,8(sp)
    5910:	4332                	lw	t1,12(sp)
    5912:	43c2                	lw	t2,16(sp)
    5914:	4552                	lw	a0,20(sp)
    5916:	45e2                	lw	a1,24(sp)
    5918:	4672                	lw	a2,28(sp)
    591a:	5682                	lw	a3,32(sp)
    591c:	5712                	lw	a4,36(sp)
    591e:	57a2                	lw	a5,40(sp)
    5920:	5862                	lw	a6,56(sp)
    5922:	58f2                	lw	a7,60(sp)
    5924:	4e06                	lw	t3,64(sp)
    5926:	4e96                	lw	t4,68(sp)
    5928:	4f26                	lw	t5,72(sp)
    592a:	4fb6                	lw	t6,76(sp)
    592c:	6161                	add	sp,sp,80

    /* Return to regular code */
    mret
    592e:	30200073          	mret

00005932 <default_intexc_handler>:
.global default_intexc_handler
.weak default_intexc_handler
Undef_Handler:
default_intexc_handler:
1:
    j 1b
    5932:	a001                	j	5932 <default_intexc_handler>
	...

00005936 <atexit>:
    5936:	85aa                	mv	a1,a0
    5938:	4681                	li	a3,0
    593a:	4601                	li	a2,0
    593c:	4501                	li	a0,0
    593e:	a415                	j	5b62 <__register_exitproc>

00005940 <__libc_init_array>:
    5940:	1141                	add	sp,sp,-16
    5942:	c422                	sw	s0,8(sp)
    5944:	c226                	sw	s1,4(sp)
    5946:	00002417          	auipc	s0,0x2
    594a:	e2c40413          	add	s0,s0,-468 # 7772 <_etext>
    594e:	00002497          	auipc	s1,0x2
    5952:	e2448493          	add	s1,s1,-476 # 7772 <_etext>
    5956:	8c81                	sub	s1,s1,s0
    5958:	c04a                	sw	s2,0(sp)
    595a:	c606                	sw	ra,12(sp)
    595c:	8489                	sra	s1,s1,0x2
    595e:	4901                	li	s2,0
    5960:	02991563          	bne	s2,s1,598a <__libc_init_array+0x4a>
    5964:	00002417          	auipc	s0,0x2
    5968:	e0e40413          	add	s0,s0,-498 # 7772 <_etext>
    596c:	00002497          	auipc	s1,0x2
    5970:	e0648493          	add	s1,s1,-506 # 7772 <_etext>
    5974:	8c81                	sub	s1,s1,s0
    5976:	8489                	sra	s1,s1,0x2
    5978:	4901                	li	s2,0
    597a:	00991d63          	bne	s2,s1,5994 <__libc_init_array+0x54>
    597e:	40b2                	lw	ra,12(sp)
    5980:	4422                	lw	s0,8(sp)
    5982:	4492                	lw	s1,4(sp)
    5984:	4902                	lw	s2,0(sp)
    5986:	0141                	add	sp,sp,16
    5988:	8082                	ret
    598a:	401c                	lw	a5,0(s0)
    598c:	9782                	jalr	a5
    598e:	0905                	add	s2,s2,1
    5990:	0411                	add	s0,s0,4
    5992:	b7f9                	j	5960 <__libc_init_array+0x20>
    5994:	401c                	lw	a5,0(s0)
    5996:	9782                	jalr	a5
    5998:	0905                	add	s2,s2,1
    599a:	0411                	add	s0,s0,4
    599c:	bff9                	j	597a <__libc_init_array+0x3a>

0000599e <__libc_fini_array>:
    599e:	1141                	add	sp,sp,-16
    59a0:	c422                	sw	s0,8(sp)
    59a2:	c226                	sw	s1,4(sp)
    59a4:	00002417          	auipc	s0,0x2
    59a8:	dce40413          	add	s0,s0,-562 # 7772 <_etext>
    59ac:	00002497          	auipc	s1,0x2
    59b0:	dc648493          	add	s1,s1,-570 # 7772 <_etext>
    59b4:	8c05                	sub	s0,s0,s1
    59b6:	c606                	sw	ra,12(sp)
    59b8:	8409                	sra	s0,s0,0x2
    59ba:	e411                	bnez	s0,59c6 <__libc_fini_array+0x28>
    59bc:	40b2                	lw	ra,12(sp)
    59be:	4422                	lw	s0,8(sp)
    59c0:	4492                	lw	s1,4(sp)
    59c2:	0141                	add	sp,sp,16
    59c4:	8082                	ret
    59c6:	147d                	add	s0,s0,-1
    59c8:	209447b3          	sh2add	a5,s0,s1
    59cc:	439c                	lw	a5,0(a5)
    59ce:	9782                	jalr	a5
    59d0:	b7ed                	j	59ba <__libc_fini_array+0x1c>

000059d2 <memset>:
    59d2:	433d                	li	t1,15
    59d4:	872a                	mv	a4,a0
    59d6:	02c37363          	bgeu	t1,a2,59fc <memset+0x2a>
    59da:	00f77793          	and	a5,a4,15
    59de:	efbd                	bnez	a5,5a5c <memset+0x8a>
    59e0:	e5ad                	bnez	a1,5a4a <memset+0x78>
    59e2:	ff067693          	and	a3,a2,-16
    59e6:	8a3d                	and	a2,a2,15
    59e8:	96ba                	add	a3,a3,a4
    59ea:	c30c                	sw	a1,0(a4)
    59ec:	c34c                	sw	a1,4(a4)
    59ee:	c70c                	sw	a1,8(a4)
    59f0:	c74c                	sw	a1,12(a4)
    59f2:	0741                	add	a4,a4,16
    59f4:	fed76be3          	bltu	a4,a3,59ea <memset+0x18>
    59f8:	e211                	bnez	a2,59fc <memset+0x2a>
    59fa:	8082                	ret
    59fc:	40c306b3          	sub	a3,t1,a2
    5a00:	068a                	sll	a3,a3,0x2
    5a02:	00000297          	auipc	t0,0x0
    5a06:	9696                	add	a3,a3,t0
    5a08:	00a68067          	jr	10(a3) # 3f000a <_data_lma+0x3e8892>
    5a0c:	00b70723          	sb	a1,14(a4)
    5a10:	00b706a3          	sb	a1,13(a4)
    5a14:	00b70623          	sb	a1,12(a4)
    5a18:	00b705a3          	sb	a1,11(a4)
    5a1c:	00b70523          	sb	a1,10(a4)
    5a20:	00b704a3          	sb	a1,9(a4)
    5a24:	00b70423          	sb	a1,8(a4)
    5a28:	00b703a3          	sb	a1,7(a4)
    5a2c:	00b70323          	sb	a1,6(a4)
    5a30:	00b702a3          	sb	a1,5(a4)
    5a34:	00b70223          	sb	a1,4(a4)
    5a38:	00b701a3          	sb	a1,3(a4)
    5a3c:	00b70123          	sb	a1,2(a4)
    5a40:	00b700a3          	sb	a1,1(a4)
    5a44:	00b70023          	sb	a1,0(a4)
    5a48:	8082                	ret
    5a4a:	0ff5f593          	zext.b	a1,a1
    5a4e:	00859693          	sll	a3,a1,0x8
    5a52:	8dd5                	or	a1,a1,a3
    5a54:	01059693          	sll	a3,a1,0x10
    5a58:	8dd5                	or	a1,a1,a3
    5a5a:	b761                	j	59e2 <memset+0x10>
    5a5c:	00279693          	sll	a3,a5,0x2
    5a60:	00000297          	auipc	t0,0x0
    5a64:	9696                	add	a3,a3,t0
    5a66:	8286                	mv	t0,ra
    5a68:	fa8680e7          	jalr	-88(a3)
    5a6c:	8096                	mv	ra,t0
    5a6e:	17c1                	add	a5,a5,-16 # 2fff0 <_data_lma+0x28878>
    5a70:	8f1d                	sub	a4,a4,a5
    5a72:	963e                	add	a2,a2,a5
    5a74:	f8c374e3          	bgeu	t1,a2,59fc <memset+0x2a>
    5a78:	b7a5                	j	59e0 <memset+0xe>

00005a7a <memcpy>:
    5a7a:	00a5c7b3          	xor	a5,a1,a0
    5a7e:	8b8d                	and	a5,a5,3
    5a80:	00c506b3          	add	a3,a0,a2
    5a84:	e781                	bnez	a5,5a8c <memcpy+0x12>
    5a86:	478d                	li	a5,3
    5a88:	00c7ef63          	bltu	a5,a2,5aa6 <memcpy+0x2c>
    5a8c:	87aa                	mv	a5,a0
    5a8e:	00d56963          	bltu	a0,a3,5aa0 <memcpy+0x26>
    5a92:	8082                	ret
    5a94:	0005c703          	lbu	a4,0(a1)
    5a98:	0785                	add	a5,a5,1
    5a9a:	0585                	add	a1,a1,1
    5a9c:	fee78fa3          	sb	a4,-1(a5)
    5aa0:	fed79ae3          	bne	a5,a3,5a94 <memcpy+0x1a>
    5aa4:	8082                	ret
    5aa6:	00357793          	and	a5,a0,3
    5aaa:	e7b1                	bnez	a5,5af6 <memcpy+0x7c>
    5aac:	87aa                	mv	a5,a0
    5aae:	ffc6f713          	and	a4,a3,-4
    5ab2:	40f70833          	sub	a6,a4,a5
    5ab6:	02000613          	li	a2,32
    5aba:	09064863          	blt	a2,a6,5b4a <memcpy+0xd0>
    5abe:	863e                	mv	a2,a5
    5ac0:	882e                	mv	a6,a1
    5ac2:	08e66963          	bltu	a2,a4,5b54 <memcpy+0xda>
    5ac6:	ffd78813          	add	a6,a5,-3
    5aca:	4601                	li	a2,0
    5acc:	01076663          	bltu	a4,a6,5ad8 <memcpy+0x5e>
    5ad0:	070d                	add	a4,a4,3
    5ad2:	8f1d                	sub	a4,a4,a5
    5ad4:	ffc77613          	and	a2,a4,-4
    5ad8:	97b2                	add	a5,a5,a2
    5ada:	95b2                	add	a1,a1,a2
    5adc:	fcd7e2e3          	bltu	a5,a3,5aa0 <memcpy+0x26>
    5ae0:	8082                	ret
    5ae2:	0005c703          	lbu	a4,0(a1)
    5ae6:	0785                	add	a5,a5,1
    5ae8:	0585                	add	a1,a1,1
    5aea:	fee78fa3          	sb	a4,-1(a5)
    5aee:	0037f713          	and	a4,a5,3
    5af2:	fb65                	bnez	a4,5ae2 <memcpy+0x68>
    5af4:	bf6d                	j	5aae <memcpy+0x34>
    5af6:	87aa                	mv	a5,a0
    5af8:	bfdd                	j	5aee <memcpy+0x74>
    5afa:	0005a383          	lw	t2,0(a1)
    5afe:	0045a283          	lw	t0,4(a1)
    5b02:	0085af83          	lw	t6,8(a1)
    5b06:	00c5af03          	lw	t5,12(a1)
    5b0a:	0105ae83          	lw	t4,16(a1)
    5b0e:	0145ae03          	lw	t3,20(a1)
    5b12:	0185a303          	lw	t1,24(a1)
    5b16:	01c5a883          	lw	a7,28(a1)
    5b1a:	0077a023          	sw	t2,0(a5)
    5b1e:	0057a223          	sw	t0,4(a5)
    5b22:	01f7a423          	sw	t6,8(a5)
    5b26:	01e7a623          	sw	t5,12(a5)
    5b2a:	01d7a823          	sw	t4,16(a5)
    5b2e:	01c7aa23          	sw	t3,20(a5)
    5b32:	0067ac23          	sw	t1,24(a5)
    5b36:	0117ae23          	sw	a7,28(a5)
    5b3a:	0205a803          	lw	a6,32(a1)
    5b3e:	02458593          	add	a1,a1,36
    5b42:	02478793          	add	a5,a5,36
    5b46:	ff07ae23          	sw	a6,-4(a5)
    5b4a:	40f70833          	sub	a6,a4,a5
    5b4e:	fb0646e3          	blt	a2,a6,5afa <memcpy+0x80>
    5b52:	b7b5                	j	5abe <memcpy+0x44>
    5b54:	00082883          	lw	a7,0(a6)
    5b58:	01162023          	sw	a7,0(a2)
    5b5c:	0811                	add	a6,a6,4
    5b5e:	0611                	add	a2,a2,4
    5b60:	b78d                	j	5ac2 <memcpy+0x48>

00005b62 <__register_exitproc>:
    5b62:	1101                	add	sp,sp,-32
    5b64:	c452                	sw	s4,8(sp)
    5b66:	86818a13          	add	s4,gp,-1944 # 20000150 <__atexit_recursive_mutex>
    5b6a:	cc22                	sw	s0,24(sp)
    5b6c:	842a                	mv	s0,a0
    5b6e:	000a2503          	lw	a0,0(s4)
    5b72:	ca26                	sw	s1,20(sp)
    5b74:	c84a                	sw	s2,16(sp)
    5b76:	c64e                	sw	s3,12(sp)
    5b78:	8936                	mv	s2,a3
    5b7a:	ce06                	sw	ra,28(sp)
    5b7c:	84ae                	mv	s1,a1
    5b7e:	89b2                	mv	s3,a2
    5b80:	2841                	jal	5c10 <__retarget_lock_acquire_recursive>
    5b82:	e0018693          	add	a3,gp,-512 # 200006e8 <__atexit>
    5b86:	4298                	lw	a4,0(a3)
    5b88:	e305                	bnez	a4,5ba8 <__register_exitproc+0x46>
    5b8a:	1fffb797          	auipc	a5,0x1fffb
    5b8e:	58e78793          	add	a5,a5,1422 # 20001118 <__atexit0>
    5b92:	c29c                	sw	a5,0(a3)
    5b94:	00000713          	li	a4,0
    5b98:	c701                	beqz	a4,5ba0 <__register_exitproc+0x3e>
    5b9a:	4318                	lw	a4,0(a4)
    5b9c:	08e7a423          	sw	a4,136(a5)
    5ba0:	1fffb717          	auipc	a4,0x1fffb
    5ba4:	57870713          	add	a4,a4,1400 # 20001118 <__atexit0>
    5ba8:	435c                	lw	a5,4(a4)
    5baa:	46fd                	li	a3,31
    5bac:	000a2503          	lw	a0,0(s4)
    5bb0:	00f6dc63          	bge	a3,a5,5bc8 <__register_exitproc+0x66>
    5bb4:	28b9                	jal	5c12 <__retarget_lock_release_recursive>
    5bb6:	557d                	li	a0,-1
    5bb8:	40f2                	lw	ra,28(sp)
    5bba:	4462                	lw	s0,24(sp)
    5bbc:	44d2                	lw	s1,20(sp)
    5bbe:	4942                	lw	s2,16(sp)
    5bc0:	49b2                	lw	s3,12(sp)
    5bc2:	4a22                	lw	s4,8(sp)
    5bc4:	6105                	add	sp,sp,32
    5bc6:	8082                	ret
    5bc8:	c81d                	beqz	s0,5bfe <__register_exitproc+0x9c>
    5bca:	08872803          	lw	a6,136(a4)
    5bce:	fe0803e3          	beqz	a6,5bb4 <__register_exitproc+0x52>
    5bd2:	2107c633          	sh2add	a2,a5,a6
    5bd6:	01362023          	sw	s3,0(a2)
    5bda:	10082683          	lw	a3,256(a6)
    5bde:	28f696b3          	bset	a3,a3,a5
    5be2:	10d82023          	sw	a3,256(a6)
    5be6:	09262023          	sw	s2,128(a2)
    5bea:	4689                	li	a3,2
    5bec:	28f015b3          	bset	a1,zero,a5
    5bf0:	00d41763          	bne	s0,a3,5bfe <__register_exitproc+0x9c>
    5bf4:	10482683          	lw	a3,260(a6)
    5bf8:	8ecd                	or	a3,a3,a1
    5bfa:	10d82223          	sw	a3,260(a6)
    5bfe:	00178693          	add	a3,a5,1
    5c02:	c354                	sw	a3,4(a4)
    5c04:	20e7c7b3          	sh2add	a5,a5,a4
    5c08:	c784                	sw	s1,8(a5)
    5c0a:	2021                	jal	5c12 <__retarget_lock_release_recursive>
    5c0c:	4501                	li	a0,0
    5c0e:	b76d                	j	5bb8 <__register_exitproc+0x56>

00005c10 <__retarget_lock_acquire_recursive>:
    5c10:	8082                	ret

00005c12 <__retarget_lock_release_recursive>:
    5c12:	8082                	ret

00005c14 <__udivdi3>:
    5c14:	88aa                	mv	a7,a0
    5c16:	832e                	mv	t1,a1
    5c18:	8732                	mv	a4,a2
    5c1a:	882a                	mv	a6,a0
    5c1c:	87ae                	mv	a5,a1
    5c1e:	1e069f63          	bnez	a3,5e1c <__udivdi3+0x208>
    5c22:	bc018593          	add	a1,gp,-1088 # 200004a8 <__clz_tab>
    5c26:	0ac37f63          	bgeu	t1,a2,5ce4 <__udivdi3+0xd0>
    5c2a:	66c1                	lui	a3,0x10
    5c2c:	0ad67563          	bgeu	a2,a3,5cd6 <__udivdi3+0xc2>
    5c30:	10063693          	sltiu	a3,a2,256
    5c34:	0016b693          	seqz	a3,a3
    5c38:	068e                	sll	a3,a3,0x3
    5c3a:	00d65533          	srl	a0,a2,a3
    5c3e:	95aa                	add	a1,a1,a0
    5c40:	0005c583          	lbu	a1,0(a1)
    5c44:	96ae                	add	a3,a3,a1
    5c46:	02000513          	li	a0,32
    5c4a:	40d505b3          	sub	a1,a0,a3
    5c4e:	00d50b63          	beq	a0,a3,5c64 <__udivdi3+0x50>
    5c52:	00b317b3          	sll	a5,t1,a1
    5c56:	00d8d6b3          	srl	a3,a7,a3
    5c5a:	00b61733          	sll	a4,a2,a1
    5c5e:	8fd5                	or	a5,a5,a3
    5c60:	00b89833          	sll	a6,a7,a1
    5c64:	01075593          	srl	a1,a4,0x10
    5c68:	02b7d333          	divu	t1,a5,a1
    5c6c:	08074633          	zext.h	a2,a4
    5c70:	02b7f7b3          	remu	a5,a5,a1
    5c74:	851a                	mv	a0,t1
    5c76:	026608b3          	mul	a7,a2,t1
    5c7a:	01079693          	sll	a3,a5,0x10
    5c7e:	01085793          	srl	a5,a6,0x10
    5c82:	8fd5                	or	a5,a5,a3
    5c84:	0117fc63          	bgeu	a5,a7,5c9c <__udivdi3+0x88>
    5c88:	97ba                	add	a5,a5,a4
    5c8a:	fff30513          	add	a0,t1,-1
    5c8e:	00e7e763          	bltu	a5,a4,5c9c <__udivdi3+0x88>
    5c92:	0117f563          	bgeu	a5,a7,5c9c <__udivdi3+0x88>
    5c96:	ffe30513          	add	a0,t1,-2
    5c9a:	97ba                	add	a5,a5,a4
    5c9c:	411787b3          	sub	a5,a5,a7
    5ca0:	02b7d8b3          	divu	a7,a5,a1
    5ca4:	08084833          	zext.h	a6,a6
    5ca8:	02b7f7b3          	remu	a5,a5,a1
    5cac:	031606b3          	mul	a3,a2,a7
    5cb0:	07c2                	sll	a5,a5,0x10
    5cb2:	00f86833          	or	a6,a6,a5
    5cb6:	87c6                	mv	a5,a7
    5cb8:	00d87b63          	bgeu	a6,a3,5cce <__udivdi3+0xba>
    5cbc:	983a                	add	a6,a6,a4
    5cbe:	fff88793          	add	a5,a7,-1
    5cc2:	00e86663          	bltu	a6,a4,5cce <__udivdi3+0xba>
    5cc6:	00d87463          	bgeu	a6,a3,5cce <__udivdi3+0xba>
    5cca:	ffe88793          	add	a5,a7,-2
    5cce:	0542                	sll	a0,a0,0x10
    5cd0:	8d5d                	or	a0,a0,a5
    5cd2:	4581                	li	a1,0
    5cd4:	8082                	ret
    5cd6:	01000537          	lui	a0,0x1000
    5cda:	46e1                	li	a3,24
    5cdc:	f4a67fe3          	bgeu	a2,a0,5c3a <__udivdi3+0x26>
    5ce0:	46c1                	li	a3,16
    5ce2:	bfa1                	j	5c3a <__udivdi3+0x26>
    5ce4:	4681                	li	a3,0
    5ce6:	ca09                	beqz	a2,5cf8 <__udivdi3+0xe4>
    5ce8:	67c1                	lui	a5,0x10
    5cea:	08f67d63          	bgeu	a2,a5,5d84 <__udivdi3+0x170>
    5cee:	10063693          	sltiu	a3,a2,256
    5cf2:	0016b693          	seqz	a3,a3
    5cf6:	068e                	sll	a3,a3,0x3
    5cf8:	00d657b3          	srl	a5,a2,a3
    5cfc:	95be                	add	a1,a1,a5
    5cfe:	0005c783          	lbu	a5,0(a1)
    5d02:	97b6                	add	a5,a5,a3
    5d04:	02000693          	li	a3,32
    5d08:	40f685b3          	sub	a1,a3,a5
    5d0c:	08f69363          	bne	a3,a5,5d92 <__udivdi3+0x17e>
    5d10:	40c307b3          	sub	a5,t1,a2
    5d14:	4585                	li	a1,1
    5d16:	01075893          	srl	a7,a4,0x10
    5d1a:	0317de33          	divu	t3,a5,a7
    5d1e:	08074633          	zext.h	a2,a4
    5d22:	01085693          	srl	a3,a6,0x10
    5d26:	0317f7b3          	remu	a5,a5,a7
    5d2a:	8572                	mv	a0,t3
    5d2c:	03c60333          	mul	t1,a2,t3
    5d30:	07c2                	sll	a5,a5,0x10
    5d32:	8fd5                	or	a5,a5,a3
    5d34:	0067fc63          	bgeu	a5,t1,5d4c <__udivdi3+0x138>
    5d38:	97ba                	add	a5,a5,a4
    5d3a:	fffe0513          	add	a0,t3,-1
    5d3e:	00e7e763          	bltu	a5,a4,5d4c <__udivdi3+0x138>
    5d42:	0067f563          	bgeu	a5,t1,5d4c <__udivdi3+0x138>
    5d46:	ffee0513          	add	a0,t3,-2
    5d4a:	97ba                	add	a5,a5,a4
    5d4c:	406787b3          	sub	a5,a5,t1
    5d50:	0317d333          	divu	t1,a5,a7
    5d54:	08084833          	zext.h	a6,a6
    5d58:	0317f7b3          	remu	a5,a5,a7
    5d5c:	026606b3          	mul	a3,a2,t1
    5d60:	07c2                	sll	a5,a5,0x10
    5d62:	00f86833          	or	a6,a6,a5
    5d66:	879a                	mv	a5,t1
    5d68:	00d87b63          	bgeu	a6,a3,5d7e <__udivdi3+0x16a>
    5d6c:	983a                	add	a6,a6,a4
    5d6e:	fff30793          	add	a5,t1,-1
    5d72:	00e86663          	bltu	a6,a4,5d7e <__udivdi3+0x16a>
    5d76:	00d87463          	bgeu	a6,a3,5d7e <__udivdi3+0x16a>
    5d7a:	ffe30793          	add	a5,t1,-2
    5d7e:	0542                	sll	a0,a0,0x10
    5d80:	8d5d                	or	a0,a0,a5
    5d82:	8082                	ret
    5d84:	010007b7          	lui	a5,0x1000
    5d88:	46e1                	li	a3,24
    5d8a:	f6f677e3          	bgeu	a2,a5,5cf8 <__udivdi3+0xe4>
    5d8e:	46c1                	li	a3,16
    5d90:	b7a5                	j	5cf8 <__udivdi3+0xe4>
    5d92:	00b61733          	sll	a4,a2,a1
    5d96:	00f356b3          	srl	a3,t1,a5
    5d9a:	01075513          	srl	a0,a4,0x10
    5d9e:	00b31333          	sll	t1,t1,a1
    5da2:	00f8d7b3          	srl	a5,a7,a5
    5da6:	0067e7b3          	or	a5,a5,t1
    5daa:	02a6d333          	divu	t1,a3,a0
    5dae:	08074633          	zext.h	a2,a4
    5db2:	00b89833          	sll	a6,a7,a1
    5db6:	02a6f6b3          	remu	a3,a3,a0
    5dba:	026608b3          	mul	a7,a2,t1
    5dbe:	01069593          	sll	a1,a3,0x10
    5dc2:	0107d693          	srl	a3,a5,0x10
    5dc6:	8ecd                	or	a3,a3,a1
    5dc8:	859a                	mv	a1,t1
    5dca:	0116fc63          	bgeu	a3,a7,5de2 <__udivdi3+0x1ce>
    5dce:	96ba                	add	a3,a3,a4
    5dd0:	fff30593          	add	a1,t1,-1
    5dd4:	00e6e763          	bltu	a3,a4,5de2 <__udivdi3+0x1ce>
    5dd8:	0116f563          	bgeu	a3,a7,5de2 <__udivdi3+0x1ce>
    5ddc:	ffe30593          	add	a1,t1,-2
    5de0:	96ba                	add	a3,a3,a4
    5de2:	411686b3          	sub	a3,a3,a7
    5de6:	02a6d8b3          	divu	a7,a3,a0
    5dea:	0807c7b3          	zext.h	a5,a5
    5dee:	02a6f6b3          	remu	a3,a3,a0
    5df2:	03160633          	mul	a2,a2,a7
    5df6:	06c2                	sll	a3,a3,0x10
    5df8:	8fd5                	or	a5,a5,a3
    5dfa:	86c6                	mv	a3,a7
    5dfc:	00c7fc63          	bgeu	a5,a2,5e14 <__udivdi3+0x200>
    5e00:	97ba                	add	a5,a5,a4
    5e02:	fff88693          	add	a3,a7,-1
    5e06:	00e7e763          	bltu	a5,a4,5e14 <__udivdi3+0x200>
    5e0a:	00c7f563          	bgeu	a5,a2,5e14 <__udivdi3+0x200>
    5e0e:	ffe88693          	add	a3,a7,-2
    5e12:	97ba                	add	a5,a5,a4
    5e14:	05c2                	sll	a1,a1,0x10
    5e16:	8f91                	sub	a5,a5,a2
    5e18:	8dd5                	or	a1,a1,a3
    5e1a:	bdf5                	j	5d16 <__udivdi3+0x102>
    5e1c:	12d5e863          	bltu	a1,a3,5f4c <__udivdi3+0x338>
    5e20:	67c1                	lui	a5,0x10
    5e22:	02f6fd63          	bgeu	a3,a5,5e5c <__udivdi3+0x248>
    5e26:	1006b793          	sltiu	a5,a3,256
    5e2a:	0017b793          	seqz	a5,a5
    5e2e:	078e                	sll	a5,a5,0x3
    5e30:	00f6d5b3          	srl	a1,a3,a5
    5e34:	bc018713          	add	a4,gp,-1088 # 200004a8 <__clz_tab>
    5e38:	972e                	add	a4,a4,a1
    5e3a:	00074703          	lbu	a4,0(a4)
    5e3e:	973e                	add	a4,a4,a5
    5e40:	02000793          	li	a5,32
    5e44:	40e785b3          	sub	a1,a5,a4
    5e48:	02e79163          	bne	a5,a4,5e6a <__udivdi3+0x256>
    5e4c:	4505                	li	a0,1
    5e4e:	e866e3e3          	bltu	a3,t1,5cd4 <__udivdi3+0xc0>
    5e52:	00c8b533          	sltu	a0,a7,a2
    5e56:	00153513          	seqz	a0,a0
    5e5a:	8082                	ret
    5e5c:	01000737          	lui	a4,0x1000
    5e60:	47e1                	li	a5,24
    5e62:	fce6f7e3          	bgeu	a3,a4,5e30 <__udivdi3+0x21c>
    5e66:	47c1                	li	a5,16
    5e68:	b7e1                	j	5e30 <__udivdi3+0x21c>
    5e6a:	00e65533          	srl	a0,a2,a4
    5e6e:	00b696b3          	sll	a3,a3,a1
    5e72:	00e357b3          	srl	a5,t1,a4
    5e76:	8d55                	or	a0,a0,a3
    5e78:	00b31333          	sll	t1,t1,a1
    5e7c:	00e8d733          	srl	a4,a7,a4
    5e80:	00676733          	or	a4,a4,t1
    5e84:	01055313          	srl	t1,a0,0x10
    5e88:	0267deb3          	divu	t4,a5,t1
    5e8c:	08054833          	zext.h	a6,a0
    5e90:	01075693          	srl	a3,a4,0x10
    5e94:	00b61633          	sll	a2,a2,a1
    5e98:	0267f7b3          	remu	a5,a5,t1
    5e9c:	03d80e33          	mul	t3,a6,t4
    5ea0:	07c2                	sll	a5,a5,0x10
    5ea2:	8edd                	or	a3,a3,a5
    5ea4:	87f6                	mv	a5,t4
    5ea6:	01c6fc63          	bgeu	a3,t3,5ebe <__udivdi3+0x2aa>
    5eaa:	96aa                	add	a3,a3,a0
    5eac:	fffe8793          	add	a5,t4,-1
    5eb0:	00a6e763          	bltu	a3,a0,5ebe <__udivdi3+0x2aa>
    5eb4:	01c6f563          	bgeu	a3,t3,5ebe <__udivdi3+0x2aa>
    5eb8:	ffee8793          	add	a5,t4,-2
    5ebc:	96aa                	add	a3,a3,a0
    5ebe:	41c686b3          	sub	a3,a3,t3
    5ec2:	0266de33          	divu	t3,a3,t1
    5ec6:	08074733          	zext.h	a4,a4
    5eca:	0266f6b3          	remu	a3,a3,t1
    5ece:	03c80833          	mul	a6,a6,t3
    5ed2:	06c2                	sll	a3,a3,0x10
    5ed4:	8f55                	or	a4,a4,a3
    5ed6:	86f2                	mv	a3,t3
    5ed8:	01077c63          	bgeu	a4,a6,5ef0 <__udivdi3+0x2dc>
    5edc:	972a                	add	a4,a4,a0
    5ede:	fffe0693          	add	a3,t3,-1
    5ee2:	00a76763          	bltu	a4,a0,5ef0 <__udivdi3+0x2dc>
    5ee6:	01077563          	bgeu	a4,a6,5ef0 <__udivdi3+0x2dc>
    5eea:	ffee0693          	add	a3,t3,-2
    5eee:	972a                	add	a4,a4,a0
    5ef0:	07c2                	sll	a5,a5,0x10
    5ef2:	00d7e533          	or	a0,a5,a3
    5ef6:	08064333          	zext.h	t1,a2
    5efa:	0806c6b3          	zext.h	a3,a3
    5efe:	41070733          	sub	a4,a4,a6
    5f02:	01055813          	srl	a6,a0,0x10
    5f06:	02668e33          	mul	t3,a3,t1
    5f0a:	8241                	srl	a2,a2,0x10
    5f0c:	02680333          	mul	t1,a6,t1
    5f10:	010e5793          	srl	a5,t3,0x10
    5f14:	8e9a                	mv	t4,t1
    5f16:	c4c69eff          	maddr32	t4,a3,a2
    5f1a:	97f6                	add	a5,a5,t4
    5f1c:	02c80833          	mul	a6,a6,a2
    5f20:	0067f463          	bgeu	a5,t1,5f28 <__udivdi3+0x314>
    5f24:	66c1                	lui	a3,0x10
    5f26:	9836                	add	a6,a6,a3
    5f28:	0107d693          	srl	a3,a5,0x10
    5f2c:	96c2                	add	a3,a3,a6
    5f2e:	00d76d63          	bltu	a4,a3,5f48 <__udivdi3+0x334>
    5f32:	dad710e3          	bne	a4,a3,5cd2 <__udivdi3+0xbe>
    5f36:	07c2                	sll	a5,a5,0x10
    5f38:	080e4e33          	zext.h	t3,t3
    5f3c:	00b898b3          	sll	a7,a7,a1
    5f40:	97f2                	add	a5,a5,t3
    5f42:	4581                	li	a1,0
    5f44:	d8f8f8e3          	bgeu	a7,a5,5cd4 <__udivdi3+0xc0>
    5f48:	157d                	add	a0,a0,-1 # ffffff <_data_lma+0xff8887>
    5f4a:	b361                	j	5cd2 <__udivdi3+0xbe>
    5f4c:	4581                	li	a1,0
    5f4e:	4501                	li	a0,0
    5f50:	8082                	ret

00005f52 <__umoddi3>:
    5f52:	8832                	mv	a6,a2
    5f54:	87aa                	mv	a5,a0
    5f56:	872e                	mv	a4,a1
    5f58:	18069d63          	bnez	a3,60f2 <__umoddi3+0x1a0>
    5f5c:	bc018893          	add	a7,gp,-1088 # 200004a8 <__clz_tab>
    5f60:	0ac5f563          	bgeu	a1,a2,600a <__umoddi3+0xb8>
    5f64:	66c1                	lui	a3,0x10
    5f66:	08d67b63          	bgeu	a2,a3,5ffc <__umoddi3+0xaa>
    5f6a:	10063693          	sltiu	a3,a2,256
    5f6e:	0016b693          	seqz	a3,a3
    5f72:	068e                	sll	a3,a3,0x3
    5f74:	00d65333          	srl	t1,a2,a3
    5f78:	989a                	add	a7,a7,t1
    5f7a:	0008c883          	lbu	a7,0(a7)
    5f7e:	96c6                	add	a3,a3,a7
    5f80:	02000313          	li	t1,32
    5f84:	40d308b3          	sub	a7,t1,a3
    5f88:	00d30b63          	beq	t1,a3,5f9e <__umoddi3+0x4c>
    5f8c:	01159733          	sll	a4,a1,a7
    5f90:	00d556b3          	srl	a3,a0,a3
    5f94:	01161833          	sll	a6,a2,a7
    5f98:	8f55                	or	a4,a4,a3
    5f9a:	011517b3          	sll	a5,a0,a7
    5f9e:	01085613          	srl	a2,a6,0x10
    5fa2:	02c756b3          	divu	a3,a4,a2
    5fa6:	08084533          	zext.h	a0,a6
    5faa:	02c77733          	remu	a4,a4,a2
    5fae:	02a686b3          	mul	a3,a3,a0
    5fb2:	01071593          	sll	a1,a4,0x10
    5fb6:	0107d713          	srl	a4,a5,0x10
    5fba:	8f4d                	or	a4,a4,a1
    5fbc:	00d77863          	bgeu	a4,a3,5fcc <__umoddi3+0x7a>
    5fc0:	9742                	add	a4,a4,a6
    5fc2:	01076563          	bltu	a4,a6,5fcc <__umoddi3+0x7a>
    5fc6:	00d77363          	bgeu	a4,a3,5fcc <__umoddi3+0x7a>
    5fca:	9742                	add	a4,a4,a6
    5fcc:	8f15                	sub	a4,a4,a3
    5fce:	02c756b3          	divu	a3,a4,a2
    5fd2:	02c77733          	remu	a4,a4,a2
    5fd6:	02a686b3          	mul	a3,a3,a0
    5fda:	0742                	sll	a4,a4,0x10
    5fdc:	0807c7b3          	zext.h	a5,a5
    5fe0:	8fd9                	or	a5,a5,a4
    5fe2:	00d7f863          	bgeu	a5,a3,5ff2 <__umoddi3+0xa0>
    5fe6:	97c2                	add	a5,a5,a6
    5fe8:	0107e563          	bltu	a5,a6,5ff2 <__umoddi3+0xa0>
    5fec:	00d7f363          	bgeu	a5,a3,5ff2 <__umoddi3+0xa0>
    5ff0:	97c2                	add	a5,a5,a6
    5ff2:	8f95                	sub	a5,a5,a3
    5ff4:	0117d533          	srl	a0,a5,a7
    5ff8:	4581                	li	a1,0
    5ffa:	8082                	ret
    5ffc:	01000337          	lui	t1,0x1000
    6000:	46e1                	li	a3,24
    6002:	f66679e3          	bgeu	a2,t1,5f74 <__umoddi3+0x22>
    6006:	46c1                	li	a3,16
    6008:	b7b5                	j	5f74 <__umoddi3+0x22>
    600a:	4681                	li	a3,0
    600c:	ca09                	beqz	a2,601e <__umoddi3+0xcc>
    600e:	6741                	lui	a4,0x10
    6010:	06e67363          	bgeu	a2,a4,6076 <__umoddi3+0x124>
    6014:	10063693          	sltiu	a3,a2,256
    6018:	0016b693          	seqz	a3,a3
    601c:	068e                	sll	a3,a3,0x3
    601e:	00d65733          	srl	a4,a2,a3
    6022:	98ba                	add	a7,a7,a4
    6024:	0008c703          	lbu	a4,0(a7)
    6028:	9736                	add	a4,a4,a3
    602a:	02000693          	li	a3,32
    602e:	40e688b3          	sub	a7,a3,a4
    6032:	04e69963          	bne	a3,a4,6084 <__umoddi3+0x132>
    6036:	40c58733          	sub	a4,a1,a2
    603a:	01085593          	srl	a1,a6,0x10
    603e:	02b75633          	divu	a2,a4,a1
    6042:	08084533          	zext.h	a0,a6
    6046:	0107d693          	srl	a3,a5,0x10
    604a:	02b77733          	remu	a4,a4,a1
    604e:	02a60633          	mul	a2,a2,a0
    6052:	0742                	sll	a4,a4,0x10
    6054:	8f55                	or	a4,a4,a3
    6056:	00c77863          	bgeu	a4,a2,6066 <__umoddi3+0x114>
    605a:	9742                	add	a4,a4,a6
    605c:	01076563          	bltu	a4,a6,6066 <__umoddi3+0x114>
    6060:	00c77363          	bgeu	a4,a2,6066 <__umoddi3+0x114>
    6064:	9742                	add	a4,a4,a6
    6066:	8f11                	sub	a4,a4,a2
    6068:	02b756b3          	divu	a3,a4,a1
    606c:	02b77733          	remu	a4,a4,a1
    6070:	02a686b3          	mul	a3,a3,a0
    6074:	b79d                	j	5fda <__umoddi3+0x88>
    6076:	01000737          	lui	a4,0x1000
    607a:	46e1                	li	a3,24
    607c:	fae671e3          	bgeu	a2,a4,601e <__umoddi3+0xcc>
    6080:	46c1                	li	a3,16
    6082:	bf71                	j	601e <__umoddi3+0xcc>
    6084:	01161833          	sll	a6,a2,a7
    6088:	00e5d6b3          	srl	a3,a1,a4
    608c:	011517b3          	sll	a5,a0,a7
    6090:	011595b3          	sll	a1,a1,a7
    6094:	00e55733          	srl	a4,a0,a4
    6098:	01085513          	srl	a0,a6,0x10
    609c:	8f4d                	or	a4,a4,a1
    609e:	02a6d5b3          	divu	a1,a3,a0
    60a2:	08084333          	zext.h	t1,a6
    60a6:	02a6f6b3          	remu	a3,a3,a0
    60aa:	026585b3          	mul	a1,a1,t1
    60ae:	01069613          	sll	a2,a3,0x10
    60b2:	01075693          	srl	a3,a4,0x10
    60b6:	8ed1                	or	a3,a3,a2
    60b8:	00b6f863          	bgeu	a3,a1,60c8 <__umoddi3+0x176>
    60bc:	96c2                	add	a3,a3,a6
    60be:	0106e563          	bltu	a3,a6,60c8 <__umoddi3+0x176>
    60c2:	00b6f363          	bgeu	a3,a1,60c8 <__umoddi3+0x176>
    60c6:	96c2                	add	a3,a3,a6
    60c8:	8e8d                	sub	a3,a3,a1
    60ca:	02a6d633          	divu	a2,a3,a0
    60ce:	08074733          	zext.h	a4,a4
    60d2:	02a6f6b3          	remu	a3,a3,a0
    60d6:	02660633          	mul	a2,a2,t1
    60da:	06c2                	sll	a3,a3,0x10
    60dc:	8f55                	or	a4,a4,a3
    60de:	00c77863          	bgeu	a4,a2,60ee <__umoddi3+0x19c>
    60e2:	9742                	add	a4,a4,a6
    60e4:	01076563          	bltu	a4,a6,60ee <__umoddi3+0x19c>
    60e8:	00c77363          	bgeu	a4,a2,60ee <__umoddi3+0x19c>
    60ec:	9742                	add	a4,a4,a6
    60ee:	8f11                	sub	a4,a4,a2
    60f0:	b7a9                	j	603a <__umoddi3+0xe8>
    60f2:	16d5e263          	bltu	a1,a3,6256 <__umoddi3+0x304>
    60f6:	6841                	lui	a6,0x10
    60f8:	0506f563          	bgeu	a3,a6,6142 <__umoddi3+0x1f0>
    60fc:	1006b813          	sltiu	a6,a3,256
    6100:	00183813          	seqz	a6,a6
    6104:	080e                	sll	a6,a6,0x3
    6106:	0106d333          	srl	t1,a3,a6
    610a:	bc018893          	add	a7,gp,-1088 # 200004a8 <__clz_tab>
    610e:	989a                	add	a7,a7,t1
    6110:	0008c883          	lbu	a7,0(a7)
    6114:	98c2                	add	a7,a7,a6
    6116:	02000313          	li	t1,32
    611a:	41130833          	sub	a6,t1,a7
    611e:	03131963          	bne	t1,a7,6150 <__umoddi3+0x1fe>
    6122:	00b6e463          	bltu	a3,a1,612a <__umoddi3+0x1d8>
    6126:	00c56b63          	bltu	a0,a2,613c <__umoddi3+0x1ea>
    612a:	40c50633          	sub	a2,a0,a2
    612e:	40d586b3          	sub	a3,a1,a3
    6132:	00c53733          	sltu	a4,a0,a2
    6136:	87b2                	mv	a5,a2
    6138:	40e68733          	sub	a4,a3,a4
    613c:	853e                	mv	a0,a5
    613e:	85ba                	mv	a1,a4
    6140:	8082                	ret
    6142:	010008b7          	lui	a7,0x1000
    6146:	4861                	li	a6,24
    6148:	fb16ffe3          	bgeu	a3,a7,6106 <__umoddi3+0x1b4>
    614c:	4841                	li	a6,16
    614e:	bf65                	j	6106 <__umoddi3+0x1b4>
    6150:	011657b3          	srl	a5,a2,a7
    6154:	010696b3          	sll	a3,a3,a6
    6158:	8edd                	or	a3,a3,a5
    615a:	0115d733          	srl	a4,a1,a7
    615e:	0106d313          	srl	t1,a3,0x10
    6162:	02675f33          	divu	t5,a4,t1
    6166:	0806ce33          	zext.h	t3,a3
    616a:	010597b3          	sll	a5,a1,a6
    616e:	011555b3          	srl	a1,a0,a7
    6172:	8ddd                	or	a1,a1,a5
    6174:	0105d793          	srl	a5,a1,0x10
    6178:	01061633          	sll	a2,a2,a6
    617c:	01051533          	sll	a0,a0,a6
    6180:	02677733          	remu	a4,a4,t1
    6184:	03ee0eb3          	mul	t4,t3,t5
    6188:	0742                	sll	a4,a4,0x10
    618a:	8fd9                	or	a5,a5,a4
    618c:	877a                	mv	a4,t5
    618e:	01d7fc63          	bgeu	a5,t4,61a6 <__umoddi3+0x254>
    6192:	97b6                	add	a5,a5,a3
    6194:	ffff0713          	add	a4,t5,-1
    6198:	00d7e763          	bltu	a5,a3,61a6 <__umoddi3+0x254>
    619c:	01d7f563          	bgeu	a5,t4,61a6 <__umoddi3+0x254>
    61a0:	ffef0713          	add	a4,t5,-2
    61a4:	97b6                	add	a5,a5,a3
    61a6:	41d787b3          	sub	a5,a5,t4
    61aa:	0267deb3          	divu	t4,a5,t1
    61ae:	0805c5b3          	zext.h	a1,a1
    61b2:	0267f7b3          	remu	a5,a5,t1
    61b6:	8376                	mv	t1,t4
    61b8:	03de0e33          	mul	t3,t3,t4
    61bc:	07c2                	sll	a5,a5,0x10
    61be:	8ddd                	or	a1,a1,a5
    61c0:	01c5fc63          	bgeu	a1,t3,61d8 <__umoddi3+0x286>
    61c4:	95b6                	add	a1,a1,a3
    61c6:	fffe8313          	add	t1,t4,-1
    61ca:	00d5e763          	bltu	a1,a3,61d8 <__umoddi3+0x286>
    61ce:	01c5f563          	bgeu	a1,t3,61d8 <__umoddi3+0x286>
    61d2:	ffee8313          	add	t1,t4,-2
    61d6:	95b6                	add	a1,a1,a3
    61d8:	01071793          	sll	a5,a4,0x10
    61dc:	0067e7b3          	or	a5,a5,t1
    61e0:	83c1                	srl	a5,a5,0x10
    61e2:	08034333          	zext.h	t1,t1
    61e6:	41c585b3          	sub	a1,a1,t3
    61ea:	08064e33          	zext.h	t3,a2
    61ee:	03c30eb3          	mul	t4,t1,t3
    61f2:	01065713          	srl	a4,a2,0x10
    61f6:	03c78e33          	mul	t3,a5,t3
    61fa:	8f72                	mv	t5,t3
    61fc:	c4e31f7f          	maddr32	t5,t1,a4
    6200:	02e787b3          	mul	a5,a5,a4
    6204:	010ed713          	srl	a4,t4,0x10
    6208:	977a                	add	a4,a4,t5
    620a:	01c77463          	bgeu	a4,t3,6212 <__umoddi3+0x2c0>
    620e:	6341                	lui	t1,0x10
    6210:	979a                	add	a5,a5,t1
    6212:	01075313          	srl	t1,a4,0x10
    6216:	080eceb3          	zext.h	t4,t4
    621a:	0742                	sll	a4,a4,0x10
    621c:	979a                	add	a5,a5,t1
    621e:	9776                	add	a4,a4,t4
    6220:	00f5e663          	bltu	a1,a5,622c <__umoddi3+0x2da>
    6224:	00f59b63          	bne	a1,a5,623a <__umoddi3+0x2e8>
    6228:	00e57963          	bgeu	a0,a4,623a <__umoddi3+0x2e8>
    622c:	40c70633          	sub	a2,a4,a2
    6230:	00c73333          	sltu	t1,a4,a2
    6234:	969a                	add	a3,a3,t1
    6236:	8732                	mv	a4,a2
    6238:	8f95                	sub	a5,a5,a3
    623a:	40e50733          	sub	a4,a0,a4
    623e:	00e53533          	sltu	a0,a0,a4
    6242:	8d9d                	sub	a1,a1,a5
    6244:	8d89                	sub	a1,a1,a0
    6246:	011598b3          	sll	a7,a1,a7
    624a:	01075733          	srl	a4,a4,a6
    624e:	00e8e533          	or	a0,a7,a4
    6252:	0105d5b3          	srl	a1,a1,a6
    6256:	8082                	ret

00006258 <platform_init>:
extern int mxic_enable_dc(FLASH_DEV *dev);
extern int mxic_disable_dc(FLASH_DEV *dev);
extern int mxic_get_dc(FLASH_DEV *dev, unsigned char *dc);

_EXT_RAM int platform_init(FLASH_DEV *dev, unsigned char udc0, unsigned char udc1)
{
    6258:	7179                	add	sp,sp,-48
    625a:	d226                	sw	s1,36(sp)
	int ret = 0;
	unsigned long base = dev->base_addr, usr_cfg;
    625c:	4104                	lw	s1,0(a0)
{
    625e:	d422                	sw	s0,40(sp)
    6260:	d04a                	sw	s2,32(sp)
    6262:	d606                	sw	ra,44(sp)
	unsigned int RetData, SCLK_DIV = dev->sclk_div;  //0xff;	//SCLK is the same as the SPI clock source
	unsigned char val;

	// reset the user config to the default one
	usr_cfg = 0xf5000000;
	outw(base + 0x80, usr_cfg);
    6264:	08048793          	add	a5,s1,128
    6268:	f50006b7          	lui	a3,0xf5000
	unsigned int RetData, SCLK_DIV = dev->sclk_div;  //0xff;	//SCLK is the same as the SPI clock source
    626c:	00554703          	lbu	a4,5(a0)
	outw(base + 0x80, usr_cfg);
    6270:	c394                	sw	a3,0(a5)
    outw(SPIB_REG_DATA(base), data);
}

_EXT_RAM unsigned int spib_get_regtiming(unsigned long base)
{
    return inw(SPIB_REG_REGTIMING(base));
    6272:	40bc                	lw	a5,64(s1)
	RetData = (spib_get_regtiming(base) & (~0xFF));
    6274:	f007f793          	and	a5,a5,-256
	spib_set_regtiming(base, RetData | SCLK_DIV);
    6278:	8fd9                	or	a5,a5,a4
}

_EXT_RAM void spib_set_regtiming(unsigned long base, unsigned int data)
{
    outw(SPIB_REG_REGTIMING(base), data);
    627a:	c0bc                	sw	a5,64(s1)
	if(dev->addr_auto) {
    627c:	00d54783          	lbu	a5,13(a0)
{
    6280:	842a                	mv	s0,a0
    6282:	892e                	mv	s2,a1
	if(dev->addr_auto) {
    6284:	cbad                	beqz	a5,62f6 <platform_init+0x9e>
    outw(SPIB_REG_IFSET(base), reg);
    6286:	000207b7          	lui	a5,0x20
    628a:	78078793          	add	a5,a5,1920 # 20780 <_data_lma+0x19008>
    628e:	c89c                	sw	a5,16(s1)
        if((FLASH_SPI_RELEASE_DPD & udc0) == FLASH_SPI_RELEASE_DPD) {
    6290:	0405f793          	and	a5,a1,64
    6294:	c789                	beqz	a5,629e <platform_init+0x46>
            udc0 &= (~FLASH_SPI_RELEASE_DPD);
    6296:	0bf5f913          	and	s2,a1,191
            mxic_release_deep_power_down(dev);
    629a:	412010ef          	jal	76ac <mxic_release_deep_power_down>
		ret = spirom_cmd_send(dev, SPIROM_CMD_READ_SFDP, 0x0, sizeof(sfdp), (unsigned int*)&sfdp, NULL);
    629e:	4781                	li	a5,0
    62a0:	0818                	add	a4,sp,16
    62a2:	46c1                	li	a3,16
    62a4:	4601                	li	a2,0
    62a6:	45d9                	li	a1,22
    62a8:	8522                	mv	a0,s0
    62aa:	2649                	jal	662c <spirom_cmd_send>
		if(ret)
    62ac:	ed45                	bnez	a0,6364 <platform_init+0x10c>
		if(sfdp.sig[0] == 'S' && sfdp.sig[1] == 'F' && sfdp.sig[2] == 'D' && sfdp.sig[3] == 'P') {
    62ae:	6791                	lui	a5,0x4
    62b0:	01015703          	lhu	a4,16(sp)
    62b4:	65378793          	add	a5,a5,1619 # 4653 <dma_channel_select+0x61>
    62b8:	02f71f63          	bne	a4,a5,62f6 <platform_init+0x9e>
    62bc:	6795                	lui	a5,0x5
    62be:	01215703          	lhu	a4,18(sp)
    62c2:	04478793          	add	a5,a5,68 # 5044 <__uart_compute_div+0xa8>
    62c6:	02f71863          	bne	a4,a5,62f6 <platform_init+0x9e>
			ret = spirom_cmd_send(dev, SPIROM_CMD_READ_SFDP, sfdp.ptp_0, sizeof(jedec), (unsigned int*)&jedec, NULL);
    62ca:	01c15603          	lhu	a2,28(sp)
    62ce:	4781                	li	a5,0
    62d0:	0038                	add	a4,sp,8
    62d2:	46a1                	li	a3,8
    62d4:	45d9                	li	a1,22
    62d6:	8522                	mv	a0,s0
    62d8:	2e91                	jal	662c <spirom_cmd_send>
			if(ret)
    62da:	e549                	bnez	a0,6364 <platform_init+0x10c>
			if(jedec.JEDEC_ADDRESS_BYTES == 0b10 || jedec.JEDEC_ADDRESS_BYTES == 0b01) {
    62dc:	00060737          	lui	a4,0x60
    62e0:	47a2                	lw	a5,8(sp)
    62e2:	8ff9                	and	a5,a5,a4
    62e4:	7701                	lui	a4,0xfffe0
    62e6:	97ba                	add	a5,a5,a4
    62e8:	49179793          	bclr	a5,a5,0x11
				dev->addr_bytes = 4;
    62ec:	0017b793          	seqz	a5,a5
    62f0:	078d                	add	a5,a5,3
    62f2:	00f40623          	sb	a5,12(s0)
	dev->addr_bytes = (dev->addr_bytes == 4 ? 4 : 3);
    62f6:	00c44703          	lbu	a4,12(s0)
    62fa:	4791                	li	a5,4
    62fc:	00f70363          	beq	a4,a5,6302 <platform_init+0xaa>
    6300:	470d                	li	a4,3
	RetData = ((dev->addr_bytes - 1) << SPIB_IF_ADDLEN_OFFSET) & SPIB_IF_ADDLEN_MASK;
    6302:	fff70793          	add	a5,a4,-1 # fffdffff <_sp+0xdffd7fff>
    6306:	07c2                	sll	a5,a5,0x10
	RetData |= ((7 << SPIB_IF_DATALEN_OFFSET) & SPIB_IF_DATALEN_MASK) |
    6308:	7807e793          	or	a5,a5,1920
	dev->addr_bytes = (dev->addr_bytes == 4 ? 4 : 3);
    630c:	00e40623          	sb	a4,12(s0)
    outw(SPIB_REG_IFSET(base), reg);
    6310:	c89c                	sw	a5,16(s1)
		if(dev->d_width == 4) {
    6312:	00444683          	lbu	a3,4(s0)
    6316:	4791                	li	a5,4
    6318:	04f69c63          	bne	a3,a5,6370 <platform_init+0x118>
			if((FLASH_SPI_IGNORE_QE & udc0) == FLASH_SPI_IGNORE_QE) {
    631c:	60491913          	sext.b	s2,s2
				ret = (mxic_qd_bit(dev) == 1 ? 0 : 1);
    6320:	8522                	mv	a0,s0
			if((FLASH_SPI_IGNORE_QE & udc0) == FLASH_SPI_IGNORE_QE) {
    6322:	02095163          	bgez	s2,6344 <platform_init+0xec>
				ret = (mxic_qd_bit(dev) == 1 ? 0 : 1);
    6326:	022010ef          	jal	7348 <mxic_qd_bit>
    632a:	87aa                	mv	a5,a0
            if(ret) {
    632c:	4505                	li	a0,1
    632e:	00a79e63          	bne	a5,a0,634a <platform_init+0xf2>
			outw(SPIB_REG_MEMACCESS(base), dev->addr_bytes == 4 ? 13 : 5);  //set spi read mode as Quad mode
    6332:	00c44683          	lbu	a3,12(s0)
    6336:	4711                	li	a4,4
    6338:	4795                	li	a5,5
    633a:	00e69363          	bne	a3,a4,6340 <platform_init+0xe8>
    633e:	47b5                	li	a5,13
			outw(SPIB_REG_MEMACCESS(base), dev->addr_bytes == 4 ? 12 : 4);  //set spi read mode as Dual mode
    6340:	c8bc                	sw	a5,80(s1)
    6342:	a005                	j	6362 <platform_init+0x10a>
				ret = mxic_enable_qd(dev);  //let flash support quad mode
    6344:	024010ef          	jal	7368 <mxic_enable_qd>
            if(ret) {
    6348:	d56d                	beqz	a0,6332 <platform_init+0xda>
                dev->d_width = 1;  //roll back to spi mode if quad mode not enabled
    634a:	4785                	li	a5,1
    634c:	00f40223          	sb	a5,4(s0)
                outw(SPIB_REG_MEMACCESS(base), dev->addr_bytes == 4 ? 9 : 1);
    6350:	00c44683          	lbu	a3,12(s0)
    6354:	4711                	li	a4,4
    6356:	00e69363          	bne	a3,a4,635c <platform_init+0x104>
    635a:	47a5                	li	a5,9
    635c:	c8bc                	sw	a5,80(s1)
                if(FLASH_SPI_IGNORE_QE & udc0)
    635e:	00095363          	bgez	s2,6364 <platform_init+0x10c>
			outw(SPIB_REG_MEMACCESS(base), dev->addr_bytes == 4 ? 9 : 1);
    6362:	4501                	li	a0,0
}
    6364:	50b2                	lw	ra,44(sp)
    6366:	5422                	lw	s0,40(sp)
    6368:	5492                	lw	s1,36(sp)
    636a:	5902                	lw	s2,32(sp)
    636c:	6145                	add	sp,sp,48
    636e:	8082                	ret
		} else if(dev->d_width == 2) {
    6370:	4609                	li	a2,2
    6372:	00c69663          	bne	a3,a2,637e <platform_init+0x126>
			outw(SPIB_REG_MEMACCESS(base), dev->addr_bytes == 4 ? 12 : 4);  //set spi read mode as Dual mode
    6376:	fcf715e3          	bne	a4,a5,6340 <platform_init+0xe8>
    637a:	47b1                	li	a5,12
    637c:	b7d1                	j	6340 <platform_init+0xe8>
			outw(SPIB_REG_MEMACCESS(base), dev->addr_bytes == 4 ? 9 : 1);
    637e:	4685                	li	a3,1
    6380:	00f71363          	bne	a4,a5,6386 <platform_init+0x12e>
    6384:	46a5                	li	a3,9
    6386:	c8b4                	sw	a3,80(s1)
    6388:	bfe9                	j	6362 <platform_init+0x10a>

0000638a <spib_get_ifset>:
    unsigned int reg = inw(SPIB_REG_IFSET(base));
    638a:	4908                	lw	a0,16(a0)
}
    638c:	8082                	ret

0000638e <spib_set_ifset>:
    outw(SPIB_REG_IFSET(base), reg);
    638e:	c90c                	sw	a1,16(a0)
}
    6390:	8082                	ret

00006392 <spib_get_pio>:
    unsigned int reg = inw(SPIB_REG_PIO(base));
    6392:	4948                	lw	a0,20(a0)
}
    6394:	8082                	ret

00006396 <spib_set_pio>:
    outw(SPIB_REG_PIO(base), reg);
    6396:	c94c                	sw	a1,20(a0)
}
    6398:	8082                	ret

0000639a <spib_get_ctrl>:
    unsigned int reg = inw(SPIB_REG_CTRL(base));
    639a:	5908                	lw	a0,48(a0)
}
    639c:	8082                	ret

0000639e <spib_set_ctrl>:
    outw(SPIB_REG_CTRL(base), reg);
    639e:	d90c                	sw	a1,48(a0)
}
    63a0:	8082                	ret

000063a2 <spib_get_fifost>:
    unsigned int reg = inw(SPIB_REG_FIFOST(base));
    63a2:	5948                	lw	a0,52(a0)
}
    63a4:	8082                	ret

000063a6 <spib_get_inten>:
    unsigned int reg = inw(SPIB_REG_INTEN(base));
    63a6:	5d08                	lw	a0,56(a0)
}
    63a8:	8082                	ret

000063aa <spib_set_inten>:
    outw(SPIB_REG_INTEN(base), reg);
    63aa:	dd0c                	sw	a1,56(a0)
}
    63ac:	8082                	ret

000063ae <spib_get_intst>:
    unsigned int reg = inw(SPIB_REG_INTST(base));
    63ae:	5d48                	lw	a0,60(a0)
}
    63b0:	8082                	ret

000063b2 <spib_set_intst>:
    outw(SPIB_REG_INTST(base), reg);
    63b2:	dd4c                	sw	a1,60(a0)
}
    63b4:	8082                	ret

000063b6 <spib_get_dctrl>:
    unsigned int reg = inw(SPIB_REG_DCTRL(base));
    63b6:	5108                	lw	a0,32(a0)
}
    63b8:	8082                	ret

000063ba <spib_set_dctrl>:
    outw(SPIB_REG_DCTRL(base), reg);
    63ba:	d10c                	sw	a1,32(a0)
}
    63bc:	8082                	ret

000063be <spib_get_cmd>:
    return inw(SPIB_REG_CMD(base));
    63be:	5148                	lw	a0,36(a0)
}
    63c0:	8082                	ret

000063c2 <spib_set_cmd>:
    outw(SPIB_REG_CMD(base), cmd);
    63c2:	d14c                	sw	a1,36(a0)
}
    63c4:	8082                	ret

000063c6 <spib_get_addr>:
    return inw(SPIB_REG_ADDR(base));
    63c6:	5508                	lw	a0,40(a0)
}
    63c8:	8082                	ret

000063ca <spib_set_addr>:
    outw(SPIB_REG_ADDR(base), addr);
    63ca:	d50c                	sw	a1,40(a0)
}
    63cc:	8082                	ret

000063ce <spib_get_data>:
    return inw(SPIB_REG_DATA(base));
    63ce:	5548                	lw	a0,44(a0)
}
    63d0:	8082                	ret

000063d2 <spib_set_data>:
    outw(SPIB_REG_DATA(base), data);
    63d2:	d54c                	sw	a1,44(a0)
}
    63d4:	8082                	ret

000063d6 <spib_get_regtiming>:
    return inw(SPIB_REG_REGTIMING(base));
    63d6:	4128                	lw	a0,64(a0)
}
    63d8:	8082                	ret

000063da <spib_set_regtiming>:
    outw(SPIB_REG_REGTIMING(base), data);
    63da:	c12c                	sw	a1,64(a0)
}
    63dc:	8082                	ret

000063de <spib_prepare_dctrl>:
{
    unsigned int v[8];
    unsigned int i;
    unsigned int dctrl = 0x0;

    v[0] = ((cmden << SPIB_DCTRL_CMDEN_OFFSET) & SPIB_DCTRL_CMDEN_MASK);
    63de:	057a                	sll	a0,a0,0x1e
    63e0:	40000837          	lui	a6,0x40000
{
    63e4:	1101                	add	sp,sp,-32
    v[0] = ((cmden << SPIB_DCTRL_CMDEN_OFFSET) & SPIB_DCTRL_CMDEN_MASK);
    63e6:	01057533          	and	a0,a0,a6
    63ea:	c02a                	sw	a0,0(sp)
    v[1] = ((addren << SPIB_DCTRL_ADDREN_OFFSET) & SPIB_DCTRL_ADDREN_MASK);
    63ec:	05f6                	sll	a1,a1,0x1d
    63ee:	20000537          	lui	a0,0x20000
    63f2:	8de9                	and	a1,a1,a0
    63f4:	c22e                	sw	a1,4(sp)
    v[2] = ((tm << SPIB_DCTRL_TRAMODE_OFFSET) & SPIB_DCTRL_TRAMODE_MASK);
    63f6:	0662                	sll	a2,a2,0x18
    63f8:	0f0005b7          	lui	a1,0xf000
    63fc:	8e6d                	and	a2,a2,a1
    63fe:	c432                	sw	a2,8(sp)
    v[3] = ((wcnt << SPIB_DCTRL_WCNT_OFFSET) & SPIB_DCTRL_WCNT_MASK);
    6400:	06b2                	sll	a3,a3,0xc
    6402:	001ff637          	lui	a2,0x1ff
    v[4] = ((dycnt << SPIB_DCTRL_DYCNT_OFFSET) & SPIB_DCTRL_DYCNT_MASK);
    6406:	0726                	sll	a4,a4,0x9
    6408:	60077713          	and	a4,a4,1536
    v[5] = ((rcnt << SPIB_DCTRL_RCNT_OFFSET) & SPIB_DCTRL_RCNT_MASK);
    640c:	1ff7f793          	and	a5,a5,511
    v[3] = ((wcnt << SPIB_DCTRL_WCNT_OFFSET) & SPIB_DCTRL_WCNT_MASK);
    6410:	8ef1                	and	a3,a3,a2
    v[4] = ((dycnt << SPIB_DCTRL_DYCNT_OFFSET) & SPIB_DCTRL_DYCNT_MASK);
    6412:	c83a                	sw	a4,16(sp)
    v[5] = ((rcnt << SPIB_DCTRL_RCNT_OFFSET) & SPIB_DCTRL_RCNT_MASK);
    6414:	ca3e                	sw	a5,20(sp)
    v[3] = ((wcnt << SPIB_DCTRL_WCNT_OFFSET) & SPIB_DCTRL_WCNT_MASK);
    6416:	c636                	sw	a3,12(sp)

    for(i = 0; i < 6; i++)
    6418:	878a                	mv	a5,sp
    641a:	0838                	add	a4,sp,24
    unsigned int dctrl = 0x0;
    641c:	4501                	li	a0,0
        dctrl |= v[i];
    641e:	4394                	lw	a3,0(a5)
    for(i = 0; i < 6; i++)
    6420:	0791                	add	a5,a5,4
        dctrl |= v[i];
    6422:	8d55                	or	a0,a0,a3
    for(i = 0; i < 6; i++)
    6424:	fee79de3          	bne	a5,a4,641e <spib_prepare_dctrl+0x40>
    // printf("dctrl = %x\n", dctrl);
    return dctrl;
}
    6428:	6105                	add	sp,sp,32
    642a:	8082                	ret

0000642c <spib_prepare_dctrl2>:
{
    unsigned int v[9];
    unsigned int i;
    unsigned int dctrl = 0x0;

    v[0] = ((cmden << SPIB_DCTRL_CMDEN_OFFSET) & SPIB_DCTRL_CMDEN_MASK);
    642c:	057a                	sll	a0,a0,0x1e
    642e:	40000337          	lui	t1,0x40000
{
    6432:	7179                	add	sp,sp,-48
    v[0] = ((cmden << SPIB_DCTRL_CMDEN_OFFSET) & SPIB_DCTRL_CMDEN_MASK);
    6434:	00657533          	and	a0,a0,t1
    v[1] = ((addren << SPIB_DCTRL_ADDREN_OFFSET) & SPIB_DCTRL_ADDREN_MASK);
    v[2] = ((tm << SPIB_DCTRL_TRAMODE_OFFSET) & SPIB_DCTRL_TRAMODE_MASK);
    v[3] = ((wcnt << SPIB_DCTRL_WCNT_OFFSET) & SPIB_DCTRL_WCNT_MASK);
    v[4] = ((dycnt << SPIB_DCTRL_DYCNT_OFFSET) & SPIB_DCTRL_DYCNT_MASK);
    v[5] = ((rcnt << SPIB_DCTRL_RCNT_OFFSET) & SPIB_DCTRL_RCNT_MASK);
    6438:	1ff7f793          	and	a5,a5,511
    v[0] = ((cmden << SPIB_DCTRL_CMDEN_OFFSET) & SPIB_DCTRL_CMDEN_MASK);
    643c:	c62a                	sw	a0,12(sp)
    v[1] = ((addren << SPIB_DCTRL_ADDREN_OFFSET) & SPIB_DCTRL_ADDREN_MASK);
    643e:	05f6                	sll	a1,a1,0x1d
    6440:	20000537          	lui	a0,0x20000
    6444:	8de9                	and	a1,a1,a0
    v[5] = ((rcnt << SPIB_DCTRL_RCNT_OFFSET) & SPIB_DCTRL_RCNT_MASK);
    6446:	d03e                	sw	a5,32(sp)
    v[6] = (addrfmt << SPIB_DCTRL_ADDRFMT_OFFSET) & SPIB_DCTRL_ADDRFMT_MASK;
    6448:	0872                	sll	a6,a6,0x1c
    644a:	100007b7          	lui	a5,0x10000
    644e:	00f87833          	and	a6,a6,a5
    v[1] = ((addren << SPIB_DCTRL_ADDREN_OFFSET) & SPIB_DCTRL_ADDREN_MASK);
    6452:	c82e                	sw	a1,16(sp)
    v[7] = (datafmt << SPIB_DCTRL_DATAFMT_OFFSET) & SPIB_DCTRL_DATAFMT_MASK;
    6454:	00c007b7          	lui	a5,0xc00
    v[2] = ((tm << SPIB_DCTRL_TRAMODE_OFFSET) & SPIB_DCTRL_TRAMODE_MASK);
    6458:	0662                	sll	a2,a2,0x18
    645a:	0f0005b7          	lui	a1,0xf000
    v[4] = ((dycnt << SPIB_DCTRL_DYCNT_OFFSET) & SPIB_DCTRL_DYCNT_MASK);
    645e:	0726                	sll	a4,a4,0x9
    v[7] = (datafmt << SPIB_DCTRL_DATAFMT_OFFSET) & SPIB_DCTRL_DATAFMT_MASK;
    6460:	08da                	sll	a7,a7,0x16
    v[2] = ((tm << SPIB_DCTRL_TRAMODE_OFFSET) & SPIB_DCTRL_TRAMODE_MASK);
    6462:	8e6d                	and	a2,a2,a1
    v[4] = ((dycnt << SPIB_DCTRL_DYCNT_OFFSET) & SPIB_DCTRL_DYCNT_MASK);
    6464:	60077713          	and	a4,a4,1536
    v[7] = (datafmt << SPIB_DCTRL_DATAFMT_OFFSET) & SPIB_DCTRL_DATAFMT_MASK;
    6468:	00f8f8b3          	and	a7,a7,a5
    v[8] = (tokenen << SPIB_DCTRL_TOKENEN_OFFSET) & SPIB_DCTRL_TOKENEN_MASK;
    646c:	57c2                	lw	a5,48(sp)
    v[2] = ((tm << SPIB_DCTRL_TRAMODE_OFFSET) & SPIB_DCTRL_TRAMODE_MASK);
    646e:	ca32                	sw	a2,20(sp)
    v[3] = ((wcnt << SPIB_DCTRL_WCNT_OFFSET) & SPIB_DCTRL_WCNT_MASK);
    6470:	06b2                	sll	a3,a3,0xc
    6472:	001ff637          	lui	a2,0x1ff
    v[4] = ((dycnt << SPIB_DCTRL_DYCNT_OFFSET) & SPIB_DCTRL_DYCNT_MASK);
    6476:	ce3a                	sw	a4,28(sp)
    v[8] = (tokenen << SPIB_DCTRL_TOKENEN_OFFSET) & SPIB_DCTRL_TOKENEN_MASK;
    6478:	07d6                	sll	a5,a5,0x15
    647a:	00200737          	lui	a4,0x200
    647e:	8ff9                	and	a5,a5,a4
    v[3] = ((wcnt << SPIB_DCTRL_WCNT_OFFSET) & SPIB_DCTRL_WCNT_MASK);
    6480:	8ef1                	and	a3,a3,a2
    v[8] = (tokenen << SPIB_DCTRL_TOKENEN_OFFSET) & SPIB_DCTRL_TOKENEN_MASK;
    6482:	d63e                	sw	a5,44(sp)
    v[3] = ((wcnt << SPIB_DCTRL_WCNT_OFFSET) & SPIB_DCTRL_WCNT_MASK);
    6484:	cc36                	sw	a3,24(sp)
    v[6] = (addrfmt << SPIB_DCTRL_ADDRFMT_OFFSET) & SPIB_DCTRL_ADDRFMT_MASK;
    6486:	d242                	sw	a6,36(sp)
    v[7] = (datafmt << SPIB_DCTRL_DATAFMT_OFFSET) & SPIB_DCTRL_DATAFMT_MASK;
    6488:	d446                	sw	a7,40(sp)

    for(i = 0; i < 9; i++)
    648a:	007c                	add	a5,sp,12
    unsigned int dctrl = 0x0;
    648c:	4501                	li	a0,0
        dctrl |= v[i];
    648e:	4398                	lw	a4,0(a5)
    6490:	8d59                	or	a0,a0,a4
    for(i = 0; i < 9; i++)
    6492:	0791                	add	a5,a5,4 # c00004 <_data_lma+0xbf888c>
    6494:	1818                	add	a4,sp,48
    6496:	fef71ce3          	bne	a4,a5,648e <spib_prepare_dctrl2+0x62>
    // printf("dctrl = %x\n", dctrl);
    return dctrl;
}
    649a:	6145                	add	sp,sp,48
    649c:	8082                	ret

0000649e <spib_get_version>:

_EXT_RAM unsigned int spib_get_version(unsigned long base)
{
    unsigned int reg = inw(SPIB_REG_VER(base));
    649e:	4108                	lw	a0,0(a0)
    return reg;
}
    64a0:	8082                	ret

000064a2 <spib_get_busy>:

_EXT_RAM unsigned int spib_get_busy(unsigned long base)
{
    unsigned int reg = inw(SPIB_REG_FIFOST(base));
    64a2:	5948                	lw	a0,52(a0)
    // printf("spib_get_busy ===0x%08x\n", reg);
    return (reg & SPIB_FIFOST_SPIBSY_MASK);
}
    64a4:	8905                	and	a0,a0,1
    64a6:	8082                	ret

000064a8 <spib_wait_spi>:

_EXT_RAM int spib_wait_spi(unsigned long base)
{
    64a8:	3e700793          	li	a5,999
    unsigned int reg = inw(SPIB_REG_FIFOST(base));
    64ac:	5958                	lw	a4,52(a0)
    return (reg & SPIB_FIFOST_SPIBSY_MASK);
    64ae:	8b05                	and	a4,a4,1
    unsigned int i;
    unsigned int timeout = 1000;

    for(i = 1; i < timeout; i++) {
        if(spib_get_busy(base) == 0)
    64b0:	c709                	beqz	a4,64ba <spib_wait_spi+0x12>
    for(i = 1; i < timeout; i++) {
    64b2:	17fd                	add	a5,a5,-1
    64b4:	ffe5                	bnez	a5,64ac <spib_wait_spi+0x4>
            return 0;
    }
    return -1;
    64b6:	557d                	li	a0,-1
    64b8:	8082                	ret
            return 0;
    64ba:	4501                	li	a0,0
}
    64bc:	8082                	ret

000064be <spib_get_rx_empty>:

_EXT_RAM unsigned int spib_get_rx_empty(unsigned long base)
{
    unsigned int reg = inw(SPIB_REG_FIFOST(base));
    64be:	5948                	lw	a0,52(a0)
    return (reg & SPIB_FIFOST_RXFEM_MASK);
}
    64c0:	6791                	lui	a5,0x4
    64c2:	8d7d                	and	a0,a0,a5
    64c4:	8082                	ret

000064c6 <spib_wait_rx_empty>:

_EXT_RAM int spib_wait_rx_empty(unsigned long base)
{
    64c6:	3e700793          	li	a5,999
    unsigned int reg = inw(SPIB_REG_FIFOST(base));
    64ca:	5958                	lw	a4,52(a0)
	unsigned int i;
	unsigned int timeout = 1000;

	for(i = 1; i < timeout; i++) {
		if(spib_get_rx_empty(base) == 0)
    64cc:	01171693          	sll	a3,a4,0x11
    64d0:	0006d663          	bgez	a3,64dc <spib_wait_rx_empty+0x16>
	for(i = 1; i < timeout; i++) {
    64d4:	17fd                	add	a5,a5,-1 # 3fff <dma_channel_configure_internal+0x57>
    64d6:	fbf5                	bnez	a5,64ca <spib_wait_rx_empty+0x4>
			return 0;
	}
	return -1;
    64d8:	557d                	li	a0,-1
    64da:	8082                	ret
			return 0;
    64dc:	4501                	li	a0,0
}
    64de:	8082                	ret

000064e0 <spib_get_rx_entries>:

_EXT_RAM unsigned int spib_get_rx_entries(unsigned long base)
{
    unsigned int reg = inw(SPIB_REG_FIFOST(base));
    64e0:	5948                	lw	a0,52(a0)
    unsigned int RetData;

    RetData = ((reg & SPIB_FIFOST_RXFVE_MASK) >> SPIB_FIFOST_RXFVE_OFFSET);
    64e2:	8121                	srl	a0,a0,0x8
    return (RetData);
}
    64e4:	897d                	and	a0,a0,31
    64e6:	8082                	ret

000064e8 <spib_clr_fifo>:

_EXT_RAM void spib_clr_fifo(unsigned long base)
{
    unsigned int spib_ctrl = inw(SPIB_REG_CTRL(base));
    64e8:	591c                	lw	a5,48(a0)
    spib_ctrl |= (SPIB_CTRL_TXFRST_MASK | SPIB_CTRL_RXFRST_MASK);
    64ea:	0067e793          	or	a5,a5,6
    outw(SPIB_REG_CTRL(base), reg);
    64ee:	d91c                	sw	a5,48(a0)
    spib_set_ctrl(base, spib_ctrl);
}
    64f0:	8082                	ret

000064f2 <spib_exe_cmmd>:
    outw(SPIB_REG_DATA(base), data);
    64f2:	d54c                	sw	a1,44(a0)
    outw(SPIB_REG_DCTRL(base), reg);
    64f4:	d110                	sw	a2,32(a0)
    outw(SPIB_REG_CMD(base), cmd);
    64f6:	02052223          	sw	zero,36(a0) # 20000024 <flash_prog+0x24>
    if(guiWithMultiout == 0) {
        spib_set_data(base, op_addr);     /*-- push flash command into tx fifo --*/
        spib_set_dctrl(base, spib_dctrl); /*-- set dctrl --*/
        spib_set_cmd(base, 0x0);          /*-- set dummy command to trigger transation start --*/
    }
}
    64fa:	8082                	ret

000064fc <spib_exe_cmmd2>:
    outw(SPIB_REG_DCTRL(base), reg);
    64fc:	d114                	sw	a3,32(a0)
    outw(SPIB_REG_ADDR(base), addr);
    64fe:	d510                	sw	a2,40(a0)
    outw(SPIB_REG_CMD(base), cmd);
    6500:	d14c                	sw	a1,36(a0)
{
    /*-- execute command --*/
	spib_set_dctrl(base, spib_dctrl);
	spib_set_addr(base, addr);
	spib_set_cmd(base, op);
}
    6502:	8082                	ret

00006504 <spib_rx_data>:

_EXT_RAM void spib_rx_data(unsigned long base, unsigned int* pRxdata, int RxBytes)
{
    6504:	1101                	add	sp,sp,-32
    6506:	cc22                	sw	s0,24(sp)
    6508:	c84a                	sw	s2,16(sp)
    650a:	c64e                	sw	s3,12(sp)
    650c:	ce06                	sw	ra,28(sp)
    650e:	ca26                	sw	s1,20(sp)
    6510:	842a                	mv	s0,a0
    6512:	892e                	mv	s2,a1
    return (reg & SPIB_FIFOST_RXFEM_MASK);
    6514:	6991                	lui	s3,0x4
    unsigned int reg = inw(SPIB_REG_FIFOST(base));
    6516:	5844                	lw	s1,52(s0)
    return (reg & SPIB_FIFOST_SPIBSY_MASK);
    6518:	8885                	and	s1,s1,1
    unsigned int i, RxWords = 0;
    unsigned int* p_dst_buffer = (unsigned int*)pRxdata;

    if(guiWithMultiout == 0) {
        /*-- wait completion --*/
        while(spib_get_busy(base) != 0) {
    651a:	ec81                	bnez	s1,6532 <spib_rx_data+0x2e>
                for(i = 0; i < RxWords; i++) {
                    *p_dst_buffer++ = inw(SPIB_REG_DATA(base));
                }
            }
        }
        RxWords = spib_get_rx_entries(base);
    651c:	8522                	mv	a0,s0
    651e:	37c9                	jal	64e0 <spib_get_rx_entries>
        for(i = 0; i < RxWords; i++) {
    6520:	02a49a63          	bne	s1,a0,6554 <spib_rx_data+0x50>
            *p_dst_buffer++ = inw(SPIB_REG_DATA(base));
        }
    }
}
    6524:	40f2                	lw	ra,28(sp)
    6526:	4462                	lw	s0,24(sp)
    6528:	44d2                	lw	s1,20(sp)
    652a:	4942                	lw	s2,16(sp)
    652c:	49b2                	lw	s3,12(sp)
    652e:	6105                	add	sp,sp,32
    6530:	8082                	ret
    unsigned int reg = inw(SPIB_REG_FIFOST(base));
    6532:	5844                	lw	s1,52(s0)
    return (reg & SPIB_FIFOST_RXFEM_MASK);
    6534:	0134f4b3          	and	s1,s1,s3
            if(spib_get_rx_empty(base) == 0) {
    6538:	fcf9                	bnez	s1,6516 <spib_rx_data+0x12>
                RxWords = spib_get_rx_entries(base);
    653a:	8522                	mv	a0,s0
    653c:	3755                	jal	64e0 <spib_get_rx_entries>
                for(i = 0; i < RxWords; i++) {
    653e:	00249793          	sll	a5,s1,0x2
    6542:	00a49463          	bne	s1,a0,654a <spib_rx_data+0x46>
    6546:	993e                	add	s2,s2,a5
    6548:	b7f9                	j	6516 <spib_rx_data+0x12>
                    *p_dst_buffer++ = inw(SPIB_REG_DATA(base));
    654a:	5458                	lw	a4,44(s0)
    654c:	97ca                	add	a5,a5,s2
    654e:	c398                	sw	a4,0(a5)
                for(i = 0; i < RxWords; i++) {
    6550:	0485                	add	s1,s1,1
    6552:	b7f5                	j	653e <spib_rx_data+0x3a>
            *p_dst_buffer++ = inw(SPIB_REG_DATA(base));
    6554:	2124c7b3          	sh2add	a5,s1,s2
    6558:	5458                	lw	a4,44(s0)
    655a:	c398                	sw	a4,0(a5)
        for(i = 0; i < RxWords; i++) {
    655c:	0485                	add	s1,s1,1
    655e:	b7c9                	j	6520 <spib_rx_data+0x1c>

00006560 <spib_tx_data>:

_EXT_RAM void spib_tx_data(unsigned long base, void* pTxdata, int TxBytes)
{
    unsigned int i, j, data;
    unsigned int TxWords = (TxBytes + 3) / 4;
    6560:	060d                	add	a2,a2,3 # 1ff003 <_data_lma+0x1f788b>
    6562:	4791                	li	a5,4
    6564:	02f64633          	div	a2,a2,a5
    unsigned int* p_src_buffer = (unsigned int*)pTxdata;
    unsigned int timeout = 8000;
    unsigned int spib_tx_full;

    if(guiWithMultiout == 0) {
        for(i = 0; i < TxWords; i++) {
    6568:	4701                	li	a4,0
    656a:	00c71363          	bne	a4,a2,6570 <spib_tx_data+0x10>
            spib_set_data(base, *p_src_buffer);

            p_src_buffer++;
        }
    }
}
    656e:	8082                	ret
    6570:	6789                	lui	a5,0x2
    6572:	f4078793          	add	a5,a5,-192 # 1f40 <mbedtls_internal_md5_process+0x80>
    unsigned int reg = inw(SPIB_REG_FIFOST(base));
    6576:	5954                	lw	a3,52(a0)
                if(spib_tx_full == 0) {
    6578:	00869813          	sll	a6,a3,0x8
    657c:	00085563          	bgez	a6,6586 <spib_tx_data+0x26>
            for(j = 0; j < timeout; j++) {
    6580:	17fd                	add	a5,a5,-1
    6582:	fbf5                	bnez	a5,6576 <spib_tx_data+0x16>
    6584:	8082                	ret
            spib_set_data(base, *p_src_buffer);
    6586:	20b747b3          	sh2add	a5,a4,a1
    658a:	439c                	lw	a5,0(a5)
    outw(SPIB_REG_DATA(base), data);
    658c:	d55c                	sw	a5,44(a0)
        for(i = 0; i < TxWords; i++) {
    658e:	0705                	add	a4,a4,1 # 200001 <_data_lma+0x1f8889>
    6590:	bfe9                	j	656a <spib_tx_data+0xa>

00006592 <flash_init>:
static int mxic_wr_rdy(FLASH_DEV *dev);
static int mxic_id_rems(FLASH_DEV *dev, unsigned short *id_rems);

// udx: user defined
_EXT_RAM int flash_init(FLASH_DEV *dev, unsigned char ud0, unsigned char ud1)
{
    6592:	1101                	add	sp,sp,-32
    6594:	cc22                	sw	s0,24(sp)
	int ret;

	dev->w_protect = true;
    6596:	4785                	li	a5,1
{
    6598:	ce06                	sw	ra,28(sp)
	dev->w_protect = true;
    659a:	00f503a3          	sb	a5,7(a0)
	if(dev->timeout == 0) {
    659e:	451c                	lw	a5,8(a0)
{
    65a0:	842a                	mv	s0,a0
	if(dev->timeout == 0) {
    65a2:	e791                	bnez	a5,65ae <flash_init+0x1c>
		dev->timeout = FLASH_RETRY_TIMES;
    65a4:	001b77b7          	lui	a5,0x1b7
    65a8:	74078793          	add	a5,a5,1856 # 1b7740 <_data_lma+0x1affc8>
    65ac:	c51c                	sw	a5,8(a0)
	}
	if(RUN_WITHOUT_INT == dev->run_mod) {
    65ae:	00644783          	lbu	a5,6(s0)
    65b2:	eb81                	bnez	a5,65c2 <flash_init+0x30>
		if(dev->interrupt_disable != NULL) {
    65b4:	485c                	lw	a5,20(s0)
    65b6:	c791                	beqz	a5,65c2 <flash_init+0x30>
    65b8:	c632                	sw	a2,12(sp)
    65ba:	c42e                	sw	a1,8(sp)
			dev->interrupt_disable();
    65bc:	9782                	jalr	a5
    65be:	4632                	lw	a2,12(sp)
    65c0:	45a2                	lw	a1,8(sp)
		}
	}

	ret = platform_init(dev, ud0, ud1);
    65c2:	8522                	mv	a0,s0
    65c4:	c95ff0ef          	jal	6258 <platform_init>
	if(RUN_WITHOUT_INT == dev->run_mod) {
    65c8:	00644783          	lbu	a5,6(s0)
    65cc:	e791                	bnez	a5,65d8 <flash_init+0x46>
		if(dev->interrupt_enable != NULL) {
    65ce:	481c                	lw	a5,16(s0)
    65d0:	c781                	beqz	a5,65d8 <flash_init+0x46>
    65d2:	c42a                	sw	a0,8(sp)
			dev->interrupt_enable();
    65d4:	9782                	jalr	a5
    65d6:	4522                	lw	a0,8(sp)
		}
	}

	return ret;
}
    65d8:	40f2                	lw	ra,28(sp)
    65da:	4462                	lw	s0,24(sp)
    65dc:	6105                	add	sp,sp,32
    65de:	8082                	ret

000065e0 <flash_write_protection_set>:

_EXT_RAM int flash_write_protection_set(FLASH_DEV *dev, bool enable)
{
	int ret = -1;

	if(dev) {
    65e0:	c509                	beqz	a0,65ea <flash_write_protection_set+0xa>
		((FLASH_DEV *)dev)->w_protect = enable;
    65e2:	00b503a3          	sb	a1,7(a0)
		    outw(FLASHCACHE_BASE, 0x40);
            outw(FLASHCACHE_BASE, 0x41);
            while(!(inw(FLASHCACHE_BASE + 0x4)&0x2));
		}
#endif
		ret = 0;
    65e6:	4501                	li	a0,0
    65e8:	8082                	ret
	int ret = -1;
    65ea:	557d                	li	a0,-1
	}
	return ret;
}
    65ec:	8082                	ret

000065ee <flash_get_write_block_size>:

_EXT_RAM size_t flash_get_write_block_size(FLASH_DEV *dev)
{
	return -1;
}
    65ee:	557d                	li	a0,-1
    65f0:	8082                	ret

000065f2 <flash_get_page_info_by_offs>:

_EXT_RAM int flash_get_page_info_by_offs(FLASH_DEV *dev, off_t offset, struct flash_pages_info *info)
{
	info->index = offset / SPIROM_SECTOR_SIZE;
    65f2:	6785                	lui	a5,0x1
    65f4:	02f5c733          	div	a4,a1,a5
	info->size = SPIROM_SECTOR_SIZE;
	info->start_offset = offset & (~(SPIROM_SECTOR_SIZE - 1));
    65f8:	8005f593          	and	a1,a1,-2048
    65fc:	48b59593          	bclr	a1,a1,0xb
	info->size = SPIROM_SECTOR_SIZE;
    6600:	c25c                	sw	a5,4(a2)
	info->start_offset = offset & (~(SPIROM_SECTOR_SIZE - 1));
    6602:	c20c                	sw	a1,0(a2)
	return 0;
}
    6604:	4501                	li	a0,0
	info->index = offset / SPIROM_SECTOR_SIZE;
    6606:	c618                	sw	a4,8(a2)
}
    6608:	8082                	ret

0000660a <spirom_prepare_cmd>:
}

_EXT_RAM unsigned int spirom_prepare_cmd(unsigned int cmd, unsigned int addr)
{
    unsigned int b0 = (cmd & 0xff);
    unsigned int b1 = (((addr >> 16) & 0xff) << 8);
    660a:	0105d793          	srl	a5,a1,0x10
    unsigned int b2 = (((addr >> 8) & 0xff) << 16);
    unsigned int b3 = ((addr & 0xff) << 24);
    660e:	01859713          	sll	a4,a1,0x18
    unsigned int b1 = (((addr >> 16) & 0xff) << 8);
    6612:	07a2                	sll	a5,a5,0x8
    unsigned int b0 = (cmd & 0xff);
    6614:	0ff57513          	zext.b	a0,a0
    unsigned int b1 = (((addr >> 16) & 0xff) << 8);
    6618:	0807c7b3          	zext.h	a5,a5
    unsigned int word = (b0 | b1 | b2 | b3);
    661c:	8d59                	or	a0,a0,a4
    661e:	8d5d                	or	a0,a0,a5
    unsigned int b2 = (((addr >> 8) & 0xff) << 16);
    6620:	05a2                	sll	a1,a1,0x8
    6622:	00ff07b7          	lui	a5,0xff0
    6626:	8dfd                	and	a1,a1,a5
    return word;
}
    6628:	8d4d                	or	a0,a0,a1
    662a:	8082                	ret

0000662c <spirom_cmd_send>:

_EXT_RAM int
spirom_cmd_send(FLASH_DEV *dev, unsigned int cmd, unsigned int addr, unsigned int bytes, unsigned int* pdata, unsigned int* Retdata)
{
    662c:	715d                	add	sp,sp,-80
    662e:	c4a2                	sw	s0,72(sp)
    unsigned int spib_dctrl;
    unsigned int op_addr, op;
    unsigned int data = 0;
    unsigned int spib_busy = 0;
    unsigned long spib_rx_empty = 0, base = dev->base_addr;
    6630:	4100                	lw	s0,0(a0)
{
    6632:	d85a                	sw	s6,48(sp)
    6634:	8b2a                	mv	s6,a0
    /*-- wait if there is active transaction --*/
    spib_busy = spib_wait_spi(base);
    6636:	8522                	mv	a0,s0
{
    6638:	c2a6                	sw	s1,68(sp)
    663a:	c0ca                	sw	s2,64(sp)
    663c:	de4e                	sw	s3,60(sp)
    663e:	dc52                	sw	s4,56(sp)
    6640:	da56                	sw	s5,52(sp)
    6642:	c686                	sw	ra,76(sp)
    6644:	d65e                	sw	s7,44(sp)
    6646:	84ae                	mv	s1,a1
    6648:	8932                	mv	s2,a2
    664a:	8a36                	mv	s4,a3
    664c:	8aba                	mv	s5,a4
    664e:	89be                	mv	s3,a5
    spib_busy = spib_wait_spi(base);
    6650:	e59ff0ef          	jal	64a8 <spib_wait_spi>
    if(spib_busy != 0) {
    6654:	e549                	bnez	a0,66de <spirom_cmd_send+0xb2>
        return -1;
    }
    /*-- clear tx/rx fifo --*/
    spib_clr_fifo(base);
    6656:	8522                	mv	a0,s0
    6658:	e91ff0ef          	jal	64e8 <spib_clr_fifo>

    /*-- prepare opcode and address --*/
    switch(cmd) {
    665c:	47c1                	li	a5,16
    665e:	24f48c63          	beq	s1,a5,68b6 <spirom_cmd_send+0x28a>
    6662:	0a97e063          	bltu	a5,s1,6702 <spirom_cmd_send+0xd6>
    6666:	4b99                	li	s7,6
    6668:	29748463          	beq	s1,s7,68f0 <spirom_cmd_send+0x2c4>
    666c:	029bed63          	bltu	s7,s1,66a6 <spirom_cmd_send+0x7a>
    6670:	460d                	li	a2,3
    6672:	1ec48b63          	beq	s1,a2,6868 <spirom_cmd_send+0x23c>
    6676:	00966a63          	bltu	a2,s1,668a <spirom_cmd_send+0x5e>
    667a:	4785                	li	a5,1
    667c:	2cf48663          	beq	s1,a5,6948 <spirom_cmd_send+0x31c>
    6680:	4789                	li	a5,2
    6682:	14f49163          	bne	s1,a5,67c4 <spirom_cmd_send+0x198>
    	break;
    case SPIROM_CMD_RDST:
	case SPIROM_CMD_RDST2:
	case SPIROM_CMD_RDST3:
		if(cmd == SPIROM_CMD_RDST) {
			op_addr = SPIROM_OP_RDSR;
    6686:	4495                	li	s1,5
    6688:	a04d                	j	672a <spirom_cmd_send+0xfe>
    switch(cmd) {
    668a:	4791                	li	a5,4
    668c:	1ef49c63          	bne	s1,a5,6884 <spirom_cmd_send+0x258>
		spib_dctrl = spib_prepare_dctrl(0x0, 0x0, SPIB_TM_WRonly, 0, 0, 0);
    6690:	4781                	li	a5,0
    6692:	4701                	li	a4,0
    6694:	4681                	li	a3,0
		spib_dctrl = spib_prepare_dctrl(0x0, 0x0, SPIB_TM_WRonly, 3, 0, 0);
    6696:	4605                	li	a2,1
    6698:	4581                	li	a1,0
    669a:	4501                	li	a0,0
    669c:	d43ff0ef          	jal	63de <spib_prepare_dctrl>
    66a0:	862a                	mv	a2,a0
		spib_exe_cmmd(base, op_addr, spib_dctrl);
    66a2:	85a6                	mv	a1,s1
    66a4:	aae1                	j	687c <spirom_cmd_send+0x250>
    switch(cmd) {
    66a6:	47a9                	li	a5,10
    66a8:	2ef48163          	beq	s1,a5,698a <spirom_cmd_send+0x35e>
    66ac:	0297e163          	bltu	a5,s1,66ce <spirom_cmd_send+0xa2>
    66b0:	47a1                	li	a5,8
    66b2:	2cf48863          	beq	s1,a5,6982 <spirom_cmd_send+0x356>
    66b6:	47a5                	li	a5,9
    66b8:	2cf49163          	bne	s1,a5,697a <spirom_cmd_send+0x34e>
		// spib_dctrl = spib_prepare_dctrl (0x0, 0x0, SPIB_TM_WRonly, 0, 0, 0);
		spib_dctrl = spib_prepare_dctrl(0x0, 0x0, SPIB_TM_WRonly, 3, 0, 0);
		spib_exe_cmmd(base, op_addr, spib_dctrl);
		break;
    case SPIROM_CMD_RDBLOCK:
    	op_addr = spirom_prepare_cmd(SPIROM_OP_RDBLOCK, addr);
    66bc:	85ca                	mv	a1,s2
    66be:	03c00513          	li	a0,60
    66c2:	37a1                	jal	660a <spirom_prepare_cmd>
    66c4:	84aa                	mv	s1,a0
		spib_dctrl = spib_prepare_dctrl(0x0, 0x0, SPIB_TM_WR_RD, 3, 0, 0);
    66c6:	4781                	li	a5,0
    66c8:	4701                	li	a4,0
    66ca:	468d                	li	a3,3
    66cc:	a095                	j	6730 <spirom_cmd_send+0x104>
    switch(cmd) {
    66ce:	47b5                	li	a5,13
    66d0:	30f48463          	beq	s1,a5,69d8 <spirom_cmd_send+0x3ac>
    66d4:	0297e163          	bltu	a5,s1,66f6 <spirom_cmd_send+0xca>
    66d8:	47b1                	li	a5,12
    66da:	2cf48463          	beq	s1,a5,69a2 <spirom_cmd_send+0x376>
    unsigned int data = 0;
    66de:	557d                	li	a0,-1
    if(spib_busy || spib_rx_empty) {
    	return -1;
    }
    *Retdata = data;
    return 0;
}
    66e0:	40b6                	lw	ra,76(sp)
    66e2:	4426                	lw	s0,72(sp)
    66e4:	4496                	lw	s1,68(sp)
    66e6:	4906                	lw	s2,64(sp)
    66e8:	59f2                	lw	s3,60(sp)
    66ea:	5a62                	lw	s4,56(sp)
    66ec:	5ad2                	lw	s5,52(sp)
    66ee:	5b42                	lw	s6,48(sp)
    66f0:	5bb2                	lw	s7,44(sp)
    66f2:	6161                	add	sp,sp,80
    66f4:	8082                	ret
    switch(cmd) {
    66f6:	47b9                	li	a5,14
    66f8:	2cf49163          	bne	s1,a5,69ba <spirom_cmd_send+0x38e>
			op_addr = SPIROM_OP_RDSR2;
    66fc:	03500493          	li	s1,53
    6700:	a02d                	j	672a <spirom_cmd_send+0xfe>
    switch(cmd) {
    6702:	47e1                	li	a5,24
    6704:	32f48463          	beq	s1,a5,6a2c <spirom_cmd_send+0x400>
    6708:	0697e063          	bltu	a5,s1,6768 <spirom_cmd_send+0x13c>
    670c:	47d5                	li	a5,21
    670e:	2cf48d63          	beq	s1,a5,69e8 <spirom_cmd_send+0x3bc>
    6712:	0297e763          	bltu	a5,s1,6740 <spirom_cmd_send+0x114>
    6716:	47cd                	li	a5,19
    6718:	2cf48463          	beq	s1,a5,69e0 <spirom_cmd_send+0x3b4>
    671c:	47d1                	li	a5,20
    671e:	1cf48063          	beq	s1,a5,68de <spirom_cmd_send+0x2b2>
    6722:	47c5                	li	a5,17
    6724:	1af48363          	beq	s1,a5,68ca <spirom_cmd_send+0x29e>
			op_addr = SPIROM_OP_RDSR3;
    6728:	44d5                	li	s1,21
		spib_dctrl = spib_prepare_dctrl(0x0, 0x0, SPIB_TM_WR_RD, 0, 0, 0);
    672a:	4781                	li	a5,0
    672c:	4701                	li	a4,0
    672e:	4681                	li	a3,0
    6730:	460d                	li	a2,3
    6732:	4581                	li	a1,0
    6734:	4501                	li	a0,0
    6736:	ca9ff0ef          	jal	63de <spib_prepare_dctrl>
    673a:	862a                	mv	a2,a0
		spib_exe_cmmd(base, op_addr, spib_dctrl);
    673c:	85a6                	mv	a1,s1
    673e:	ac39                	j	695c <spirom_cmd_send+0x330>
    switch(cmd) {
    6740:	4759                	li	a4,22
    6742:	fffa0793          	add	a5,s4,-1
    6746:	2ce49463          	bne	s1,a4,6a0e <spirom_cmd_send+0x3e2>
		spib_dctrl = spib_prepare_dctrl2(0x1, 0x1, SPIB_TM_DY_RD, 0, 0, bytes - 1, 0, 0, 0);
    674a:	4585                	li	a1,1
    674c:	4681                	li	a3,0
    674e:	4625                	li	a2,9
    6750:	852e                	mv	a0,a1
    6752:	c002                	sw	zero,0(sp)
    6754:	4881                	li	a7,0
    6756:	4801                	li	a6,0
    6758:	4701                	li	a4,0
    675a:	cd3ff0ef          	jal	642c <spib_prepare_dctrl2>
    675e:	86aa                	mv	a3,a0
		spib_exe_cmmd2(base, op_addr, addr, spib_dctrl);
    6760:	864a                	mv	a2,s2
    6762:	05a00593          	li	a1,90
    6766:	a849                	j	67f8 <spirom_cmd_send+0x1cc>
    switch(cmd) {
    6768:	47f1                	li	a5,28
    676a:	32f48363          	beq	s1,a5,6a90 <spirom_cmd_send+0x464>
    676e:	0297e463          	bltu	a5,s1,6796 <spirom_cmd_send+0x16a>
    6772:	47e9                	li	a5,26
    6774:	2ef48d63          	beq	s1,a5,6a6e <spirom_cmd_send+0x442>
    6778:	47ed                	li	a5,27
    677a:	2cf49a63          	bne	s1,a5,6a4e <spirom_cmd_send+0x422>
    	spib_dctrl = spib_prepare_dctrl(0x0, 0x0, SPIB_TM_WRonly, 0, 0, 0);
    677e:	4605                	li	a2,1
    6780:	4581                	li	a1,0
    6782:	4781                	li	a5,0
    6784:	4701                	li	a4,0
    6786:	4681                	li	a3,0
    6788:	4501                	li	a0,0
    678a:	c55ff0ef          	jal	63de <spib_prepare_dctrl>
    678e:	862a                	mv	a2,a0
    	spib_exe_cmmd(base, op, spib_dctrl);
    6790:	0b900593          	li	a1,185
    6794:	a0e5                	j	687c <spirom_cmd_send+0x250>
    switch(cmd) {
    6796:	47f5                	li	a5,29
    6798:	30f48863          	beq	s1,a5,6aa8 <spirom_cmd_send+0x47c>
    679c:	47f9                	li	a5,30
    679e:	f4f490e3          	bne	s1,a5,66de <spirom_cmd_send+0xb2>
        spib_dctrl = spib_prepare_dctrl2(0x1, 0x1, SPIB_TM_RDonly, 0, 0, bytes - 1, 0, 0, 0);
    67a2:	4585                	li	a1,1
    67a4:	4681                	li	a3,0
    67a6:	4609                	li	a2,2
    67a8:	852e                	mv	a0,a1
    67aa:	c002                	sw	zero,0(sp)
    67ac:	4881                	li	a7,0
    67ae:	4801                	li	a6,0
    67b0:	fffa0793          	add	a5,s4,-1
    67b4:	4701                	li	a4,0
    67b6:	c77ff0ef          	jal	642c <spib_prepare_dctrl2>
    67ba:	86aa                	mv	a3,a0
        spib_exe_cmmd2(base, op, addr, spib_dctrl);
    67bc:	864a                	mv	a2,s2
    67be:	09000593          	li	a1,144
    67c2:	a81d                	j	67f8 <spirom_cmd_send+0x1cc>
    	if(dev->d_width == 4) {
    67c4:	004b4703          	lbu	a4,4(s6)
    67c8:	4691                	li	a3,4
			spib_dctrl = spib_prepare_dctrl2(0x1, 0x1, SPIB_TM_DY_RD, 0, 1, bytes - 1, 1, 2, 1);
    67ca:	fffa0793          	add	a5,s4,-1
    	if(dev->d_width == 4) {
    67ce:	04d71863          	bne	a4,a3,681e <spirom_cmd_send+0x1f2>
			spib_dctrl = spib_prepare_dctrl2(0x1, 0x1, SPIB_TM_DY_RD, 0, 1, bytes - 1, 1, 2, 1);
    67d2:	4805                	li	a6,1
    67d4:	85c2                	mv	a1,a6
    67d6:	c042                	sw	a6,0(sp)
    67d8:	4889                	li	a7,2
    67da:	8742                	mv	a4,a6
    67dc:	4681                	li	a3,0
    67de:	4625                	li	a2,9
    67e0:	8542                	mv	a0,a6
    67e2:	c4bff0ef          	jal	642c <spib_prepare_dctrl2>
			op = dev->addr_bytes == 4 ? SPIROM_OP_QFAST_READA4 : SPIROM_OP_QFAST_READ;
    67e6:	00cb4583          	lbu	a1,12(s6)
    67ea:	15f1                	add	a1,a1,-4 # efffffc <_data_lma+0xeff8884>
    67ec:	0015b593          	seqz	a1,a1
    67f0:	0eb58593          	add	a1,a1,235
    	spib_exe_cmmd2(base, op, addr, spib_dctrl);
    67f4:	86aa                	mv	a3,a0
    67f6:	864a                	mv	a2,s2
    67f8:	8522                	mv	a0,s0
    67fa:	d03ff0ef          	jal	64fc <spib_exe_cmmd2>
		spib_rx_data(base, pdata, bytes);
    67fe:	8652                	mv	a2,s4
    6800:	85d6                	mv	a1,s5
    6802:	8522                	mv	a0,s0
    6804:	d01ff0ef          	jal	6504 <spib_rx_data>
    unsigned long spib_rx_empty = 0, base = dev->base_addr;
    6808:	4481                	li	s1,0
    unsigned int data = 0;
    680a:	4901                	li	s2,0
	spib_busy = spib_wait_spi(base);
    680c:	8522                	mv	a0,s0
    680e:	c9bff0ef          	jal	64a8 <spib_wait_spi>
    if(spib_busy || spib_rx_empty) {
    6812:	8d45                	or	a0,a0,s1
    6814:	ec0515e3          	bnez	a0,66de <spirom_cmd_send+0xb2>
    *Retdata = data;
    6818:	0129a023          	sw	s2,0(s3) # 4000 <dma_channel_configure_internal+0x58>
    return 0;
    681c:	b5d1                	j	66e0 <spirom_cmd_send+0xb4>
    	} else if(dev->d_width == 2) {
    681e:	4689                	li	a3,2
    		spib_dctrl = spib_prepare_dctrl2(0x1, 0x1, SPIB_TM_DY_RD, 0, 0, bytes - 1, 1, 1, 0);
    6820:	c002                	sw	zero,0(sp)
    	} else if(dev->d_width == 2) {
    6822:	02d71363          	bne	a4,a3,6848 <spirom_cmd_send+0x21c>
    		spib_dctrl = spib_prepare_dctrl2(0x1, 0x1, SPIB_TM_DY_RD, 0, 0, bytes - 1, 1, 1, 0);
    6826:	4885                	li	a7,1
    6828:	85c6                	mv	a1,a7
    682a:	8846                	mv	a6,a7
    682c:	4701                	li	a4,0
    682e:	4681                	li	a3,0
    6830:	4625                	li	a2,9
    6832:	8546                	mv	a0,a7
    6834:	bf9ff0ef          	jal	642c <spib_prepare_dctrl2>
    		op = dev->addr_bytes == 4 ? SPIROM_OP_DFAST_READA4 : SPIROM_OP_DFAST_READ;
    6838:	00cb4583          	lbu	a1,12(s6)
    683c:	15f1                	add	a1,a1,-4
    683e:	0015b593          	seqz	a1,a1
    6842:	0bb58593          	add	a1,a1,187
    6846:	b77d                	j	67f4 <spirom_cmd_send+0x1c8>
    		spib_dctrl = spib_prepare_dctrl2(0x1, 0x1, SPIB_TM_DY_RD, 0, 0, bytes - 1, 0, 0, 0);
    6848:	4585                	li	a1,1
    684a:	852e                	mv	a0,a1
    684c:	4881                	li	a7,0
    684e:	4801                	li	a6,0
    6850:	4701                	li	a4,0
    6852:	4681                	li	a3,0
    6854:	4625                	li	a2,9
    6856:	bd7ff0ef          	jal	642c <spib_prepare_dctrl2>
    		op = dev->addr_bytes == 4 ? SPIROM_OP_FAST_READA4 : SPIROM_OP_FAST_READ;
    685a:	00cb4583          	lbu	a1,12(s6)
    685e:	15f1                	add	a1,a1,-4
    6860:	0015b593          	seqz	a1,a1
    6864:	05ad                	add	a1,a1,11
    6866:	b779                	j	67f4 <spirom_cmd_send+0x1c8>
		spib_dctrl = spib_prepare_dctrl(0x0, 0x0, SPIB_TM_WRonly, 0, 0, 0);
    6868:	4605                	li	a2,1
    686a:	4581                	li	a1,0
    686c:	4781                	li	a5,0
    686e:	4701                	li	a4,0
    6870:	4681                	li	a3,0
    6872:	4501                	li	a0,0
    6874:	b6bff0ef          	jal	63de <spib_prepare_dctrl>
    6878:	862a                	mv	a2,a0
		spib_exe_cmmd(base, op_addr, spib_dctrl);
    687a:	85de                	mv	a1,s7
    687c:	8522                	mv	a0,s0
    687e:	c75ff0ef          	jal	64f2 <spib_exe_cmmd>
    6882:	b759                	j	6808 <spirom_cmd_send+0x1dc>
    	op = dev->addr_bytes == 4 ? SPIROM_OP_SEA4 : SPIROM_OP_SE;
    6884:	00cb4483          	lbu	s1,12(s6)
    6888:	14f1                	add	s1,s1,-4
    688a:	0014b493          	seqz	s1,s1
    688e:	02048493          	add	s1,s1,32
		spib_dctrl = spib_prepare_dctrl2(0x1, 0x1, SPIB_TM_NONE, 0, 0, 0, 0, 0, 0);
    6892:	4585                	li	a1,1
    6894:	4681                	li	a3,0
    6896:	461d                	li	a2,7
    6898:	852e                	mv	a0,a1
    689a:	c002                	sw	zero,0(sp)
    689c:	4881                	li	a7,0
    689e:	4801                	li	a6,0
    68a0:	4781                	li	a5,0
    68a2:	4701                	li	a4,0
    68a4:	b89ff0ef          	jal	642c <spib_prepare_dctrl2>
    68a8:	86aa                	mv	a3,a0
		spib_exe_cmmd2(base, op, addr, spib_dctrl);
    68aa:	864a                	mv	a2,s2
    68ac:	85a6                	mv	a1,s1
		spib_exe_cmmd2(base, op, addr, spib_dctrl);
    68ae:	8522                	mv	a0,s0
    68b0:	c4dff0ef          	jal	64fc <spib_exe_cmmd2>
    	break;
    68b4:	bf91                	j	6808 <spirom_cmd_send+0x1dc>
    	op = dev->addr_bytes == 4 ? SPIROM_OP_BEA4 : SPIROM_OP_BE;
    68b6:	00cb4703          	lbu	a4,12(s6)
    68ba:	4791                	li	a5,4
    68bc:	05200493          	li	s1,82
    68c0:	fcf719e3          	bne	a4,a5,6892 <spirom_cmd_send+0x266>
    68c4:	05c00493          	li	s1,92
		spib_dctrl = spib_prepare_dctrl2(0x1, 0x1, SPIB_TM_NONE, 0, 0, 0, 0, 0, 0);
    68c8:	b7e9                	j	6892 <spirom_cmd_send+0x266>
    	op = dev->addr_bytes == 4 ? SPIROM_OP_BE2A4 : SPIROM_OP_BE2;
    68ca:	00cb4703          	lbu	a4,12(s6)
    68ce:	4791                	li	a5,4
    68d0:	0d800493          	li	s1,216
    68d4:	faf71fe3          	bne	a4,a5,6892 <spirom_cmd_send+0x266>
    68d8:	0dc00493          	li	s1,220
    68dc:	bf5d                	j	6892 <spirom_cmd_send+0x266>
    	op_addr = spirom_prepare_cmd(SPIROM_OP_PE, addr);
    68de:	85ca                	mv	a1,s2
    68e0:	08100513          	li	a0,129
    68e4:	331d                	jal	660a <spirom_prepare_cmd>
    68e6:	84aa                	mv	s1,a0
		spib_dctrl = spib_prepare_dctrl(0x0, 0x0, SPIB_TM_WRonly, 3, 0, 0);
    68e8:	4781                	li	a5,0
    68ea:	4701                	li	a4,0
    68ec:	468d                	li	a3,3
    68ee:	b365                	j	6696 <spirom_cmd_send+0x6a>
    	if(dev->d_width == 4) {
    68f0:	004b4603          	lbu	a2,4(s6)
    68f4:	4791                	li	a5,4
    	op = dev->addr_bytes == 4 ? SPIROM_OP_SEA4 : SPIROM_OP_SE;
    68f6:	00cb4703          	lbu	a4,12(s6)
    68fa:	fffa0693          	add	a3,s4,-1
    	if(dev->d_width == 4) {
    68fe:	02f61e63          	bne	a2,a5,693a <spirom_cmd_send+0x30e>
    		op = dev->addr_bytes == 4 ? SPIROM_OP_QPPA4 : SPIROM_OP_QPP;
    6902:	03200493          	li	s1,50
    6906:	00c71463          	bne	a4,a2,690e <spirom_cmd_send+0x2e2>
    690a:	03400493          	li	s1,52
    		spib_dctrl = spib_prepare_dctrl2(0x1, 0x1, SPIB_TM_WRonly, bytes - 1, 0, 0, 0, 2, 0);
    690e:	c002                	sw	zero,0(sp)
    6910:	4889                	li	a7,2
    		spib_dctrl = spib_prepare_dctrl2(0x1, 0x1, SPIB_TM_WRonly, bytes - 1, 0, 0, 0, 0, 0);
    6912:	4605                	li	a2,1
    6914:	85b2                	mv	a1,a2
    6916:	8532                	mv	a0,a2
    6918:	4801                	li	a6,0
    691a:	4781                	li	a5,0
    691c:	4701                	li	a4,0
    691e:	b0fff0ef          	jal	642c <spib_prepare_dctrl2>
    6922:	86aa                	mv	a3,a0
    	spib_exe_cmmd2(base, op, addr, spib_dctrl);
    6924:	864a                	mv	a2,s2
    6926:	85a6                	mv	a1,s1
    	spib_exe_cmmd2(base, op, addr, spib_dctrl);
    6928:	8522                	mv	a0,s0
    692a:	bd3ff0ef          	jal	64fc <spib_exe_cmmd2>
		spib_tx_data(base, pdata, bytes);
    692e:	8652                	mv	a2,s4
    6930:	85d6                	mv	a1,s5
    6932:	8522                	mv	a0,s0
    6934:	c2dff0ef          	jal	6560 <spib_tx_data>
    	break;
    6938:	bdc1                	j	6808 <spirom_cmd_send+0x1dc>
    		op = dev->addr_bytes == 4 ? SPIROM_OP_PPA4 : SPIROM_OP_PP;
    693a:	4489                	li	s1,2
    693c:	00f71363          	bne	a4,a5,6942 <spirom_cmd_send+0x316>
    6940:	44c9                	li	s1,18
    		spib_dctrl = spib_prepare_dctrl2(0x1, 0x1, SPIB_TM_WRonly, bytes - 1, 0, 0, 0, 0, 0);
    6942:	c002                	sw	zero,0(sp)
    6944:	4881                	li	a7,0
    6946:	b7f1                	j	6912 <spirom_cmd_send+0x2e6>
		spib_dctrl = spib_prepare_dctrl(0x0, 0x0, SPIB_TM_WR_RD, 0, 0, 2);
    6948:	4581                	li	a1,0
    694a:	4789                	li	a5,2
    694c:	4701                	li	a4,0
    694e:	4681                	li	a3,0
    6950:	4501                	li	a0,0
    6952:	a8dff0ef          	jal	63de <spib_prepare_dctrl>
    6956:	862a                	mv	a2,a0
		spib_exe_cmmd(base, op_addr, spib_dctrl);
    6958:	09f00593          	li	a1,159
		spib_exe_cmmd(base, op_addr, spib_dctrl);
    695c:	8522                	mv	a0,s0
    695e:	b95ff0ef          	jal	64f2 <spib_exe_cmmd>
		spib_rx_empty = spib_wait_rx_empty(base);
    6962:	8522                	mv	a0,s0
    6964:	b63ff0ef          	jal	64c6 <spib_wait_rx_empty>
    6968:	84aa                	mv	s1,a0
    unsigned int data = 0;
    696a:	4901                	li	s2,0
		if(spib_rx_empty == 0) {
    696c:	ea0510e3          	bnez	a0,680c <spirom_cmd_send+0x1e0>
			data = spib_get_data(base);
    6970:	8522                	mv	a0,s0
    6972:	a5dff0ef          	jal	63ce <spib_get_data>
    6976:	892a                	mv	s2,a0
    6978:	bd51                	j	680c <spirom_cmd_send+0x1e0>
    	op_addr = spirom_prepare_cmd(SPIROM_OP_SBLK, addr);
    697a:	85ca                	mv	a1,s2
    697c:	03600513          	li	a0,54
    6980:	b795                	j	68e4 <spirom_cmd_send+0x2b8>
    	op_addr = spirom_prepare_cmd(SPIROM_OP_SBULK, addr);
    6982:	85ca                	mv	a1,s2
    6984:	03900513          	li	a0,57
    6988:	bfb1                	j	68e4 <spirom_cmd_send+0x2b8>
		spib_dctrl = spib_prepare_dctrl(0x0, 0x0, SPIB_TM_WR_RD, 0, 0, 0);
    698a:	460d                	li	a2,3
    698c:	4581                	li	a1,0
    698e:	4781                	li	a5,0
    6990:	4701                	li	a4,0
    6992:	4681                	li	a3,0
    6994:	4501                	li	a0,0
    6996:	a49ff0ef          	jal	63de <spib_prepare_dctrl>
    699a:	862a                	mv	a2,a0
		spib_exe_cmmd(base, op_addr, spib_dctrl);
    699c:	02b00593          	li	a1,43
    69a0:	bf75                	j	695c <spirom_cmd_send+0x330>
		spib_dctrl = spib_prepare_dctrl(0x0, 0x0, SPIB_TM_WRonly, 0, 0, 0);
    69a2:	4605                	li	a2,1
    69a4:	4581                	li	a1,0
    69a6:	4781                	li	a5,0
    69a8:	4701                	li	a4,0
    69aa:	4681                	li	a3,0
    69ac:	4501                	li	a0,0
    69ae:	a31ff0ef          	jal	63de <spib_prepare_dctrl>
    69b2:	862a                	mv	a2,a0
		spib_exe_cmmd(base, op_addr, spib_dctrl);
    69b4:	09800593          	li	a1,152
    69b8:	b5d1                	j	687c <spirom_cmd_send+0x250>
			op_addr = (SPIROM_OP_WRSR | (addr << 8));
    69ba:	0922                	sll	s2,s2,0x8
			op_addr = (SPIROM_OP_WRSR2 | (addr << 8));
    69bc:	03196913          	or	s2,s2,49
		spib_dctrl = spib_prepare_dctrl(0x0, 0x0, SPIB_TM_WRonly, bytes + 1, 0, 0);
    69c0:	4605                	li	a2,1
    69c2:	4581                	li	a1,0
    69c4:	4781                	li	a5,0
    69c6:	4701                	li	a4,0
    69c8:	001a0693          	add	a3,s4,1
    69cc:	4501                	li	a0,0
    69ce:	a11ff0ef          	jal	63de <spib_prepare_dctrl>
    69d2:	862a                	mv	a2,a0
		spib_exe_cmmd(base, op_addr, spib_dctrl);
    69d4:	85ca                	mv	a1,s2
    69d6:	b55d                	j	687c <spirom_cmd_send+0x250>
			op_addr = (SPIROM_OP_WRSR | (addr << 8));
    69d8:	0922                	sll	s2,s2,0x8
    69da:	00196913          	or	s2,s2,1
    69de:	b7cd                	j	69c0 <spirom_cmd_send+0x394>
    69e0:	0922                	sll	s2,s2,0x8
			op_addr = (SPIROM_OP_WRSR3 | (addr << 8));
    69e2:	01196913          	or	s2,s2,17
    69e6:	bfe9                	j	69c0 <spirom_cmd_send+0x394>
		spib_dctrl = spib_prepare_dctrl(0x1, 0x0, SPIB_TM_NONE, 0, 0, 0);
    69e8:	4781                	li	a5,0
    69ea:	4701                	li	a4,0
    69ec:	4681                	li	a3,0
    69ee:	461d                	li	a2,7
    69f0:	4581                	li	a1,0
    69f2:	4505                	li	a0,1
    69f4:	9ebff0ef          	jal	63de <spib_prepare_dctrl>
    69f8:	862a                	mv	a2,a0
		spib_exe_cmmd(base, op_addr, spib_dctrl);
    69fa:	ce2a                	sw	a0,28(sp)
    69fc:	06600593          	li	a1,102
    6a00:	8522                	mv	a0,s0
    6a02:	af1ff0ef          	jal	64f2 <spib_exe_cmmd>
		spib_exe_cmmd(base, op_addr, spib_dctrl);
    6a06:	4672                	lw	a2,28(sp)
    6a08:	09900593          	li	a1,153
    6a0c:	bd85                	j	687c <spirom_cmd_send+0x250>
		spib_dctrl = spib_prepare_dctrl2(0x1, 0, SPIB_TM_DY_RD, 0, 3, bytes - 1, 0 ,0, 0); //4 dummy cycle
    6a0e:	4681                	li	a3,0
    6a10:	4625                	li	a2,9
    6a12:	4581                	li	a1,0
    6a14:	c002                	sw	zero,0(sp)
    6a16:	4881                	li	a7,0
    6a18:	4801                	li	a6,0
    6a1a:	470d                	li	a4,3
    6a1c:	4505                	li	a0,1
    6a1e:	a0fff0ef          	jal	642c <spib_prepare_dctrl2>
    6a22:	86aa                	mv	a3,a0
		spib_exe_cmmd2(base, op_addr, addr, spib_dctrl);
    6a24:	864a                	mv	a2,s2
    6a26:	04b00593          	li	a1,75
    6a2a:	b3f9                	j	67f8 <spirom_cmd_send+0x1cc>
    	spib_dctrl = spib_prepare_dctrl2(0x1, 0x1, SPIB_TM_WRonly, bytes - 1, 0, 0, 0, 0, 0);
    6a2c:	4605                	li	a2,1
    6a2e:	85b2                	mv	a1,a2
    6a30:	fffa0693          	add	a3,s4,-1
    6a34:	8532                	mv	a0,a2
    6a36:	c002                	sw	zero,0(sp)
    6a38:	4881                	li	a7,0
    6a3a:	4801                	li	a6,0
    6a3c:	4781                	li	a5,0
    6a3e:	4701                	li	a4,0
    6a40:	9edff0ef          	jal	642c <spib_prepare_dctrl2>
    6a44:	86aa                	mv	a3,a0
    	spib_exe_cmmd2(base, op, addr, spib_dctrl);
    6a46:	864a                	mv	a2,s2
    6a48:	04200593          	li	a1,66
    6a4c:	bdf1                	j	6928 <spirom_cmd_send+0x2fc>
		spib_dctrl = spib_prepare_dctrl2(0x1, 0x1, SPIB_TM_NONE, 0, 0, 0, 0, 0, 0);
    6a4e:	4585                	li	a1,1
    6a50:	4681                	li	a3,0
    6a52:	461d                	li	a2,7
    6a54:	852e                	mv	a0,a1
    6a56:	c002                	sw	zero,0(sp)
    6a58:	4881                	li	a7,0
    6a5a:	4801                	li	a6,0
    6a5c:	4781                	li	a5,0
    6a5e:	4701                	li	a4,0
    6a60:	9cdff0ef          	jal	642c <spib_prepare_dctrl2>
    6a64:	86aa                	mv	a3,a0
		spib_exe_cmmd2(base, op, addr, spib_dctrl);
    6a66:	864a                	mv	a2,s2
    6a68:	04400593          	li	a1,68
    6a6c:	b589                	j	68ae <spirom_cmd_send+0x282>
    	spib_dctrl = spib_prepare_dctrl2(0x1, 0x1, SPIB_TM_DY_RD, 0, 0, bytes - 1, 0, 0, 0);
    6a6e:	4585                	li	a1,1
    6a70:	4681                	li	a3,0
    6a72:	4625                	li	a2,9
    6a74:	852e                	mv	a0,a1
    6a76:	c002                	sw	zero,0(sp)
    6a78:	4881                	li	a7,0
    6a7a:	4801                	li	a6,0
    6a7c:	fffa0793          	add	a5,s4,-1
    6a80:	4701                	li	a4,0
    6a82:	9abff0ef          	jal	642c <spib_prepare_dctrl2>
    6a86:	86aa                	mv	a3,a0
    	spib_exe_cmmd2(base, op, addr, spib_dctrl);
    6a88:	864a                	mv	a2,s2
    6a8a:	04800593          	li	a1,72
    6a8e:	b3ad                	j	67f8 <spirom_cmd_send+0x1cc>
    	spib_dctrl = spib_prepare_dctrl(0x0, 0x0, SPIB_TM_WRonly, 0, 0, 0);
    6a90:	4605                	li	a2,1
    6a92:	4581                	li	a1,0
    6a94:	4781                	li	a5,0
    6a96:	4701                	li	a4,0
    6a98:	4681                	li	a3,0
    6a9a:	4501                	li	a0,0
    6a9c:	943ff0ef          	jal	63de <spib_prepare_dctrl>
    6aa0:	862a                	mv	a2,a0
    	spib_exe_cmmd(base, op, spib_dctrl);
    6aa2:	0ab00593          	li	a1,171
    6aa6:	bbd9                	j	687c <spirom_cmd_send+0x250>
        spib_dctrl = spib_prepare_dctrl(0x0, 0x0, SPIB_TM_WRonly, 0, 0, 0);
    6aa8:	4605                	li	a2,1
    6aaa:	4581                	li	a1,0
    6aac:	4781                	li	a5,0
    6aae:	4701                	li	a4,0
    6ab0:	4681                	li	a3,0
    6ab2:	4501                	li	a0,0
    6ab4:	92bff0ef          	jal	63de <spib_prepare_dctrl>
    6ab8:	862a                	mv	a2,a0
        spib_exe_cmmd(base, op_addr, spib_dctrl);
    6aba:	06000593          	li	a1,96
    6abe:	bb7d                	j	687c <spirom_cmd_send+0x250>

00006ac0 <flash_status_register_get>:
{
    6ac0:	1141                	add	sp,sp,-16
    6ac2:	c606                	sw	ra,12(sp)
    6ac4:	c422                	sw	s0,8(sp)
    6ac6:	c226                	sw	s1,4(sp)
    6ac8:	c04a                	sw	s2,0(sp)
    6aca:	842a                	mv	s0,a0
    6acc:	84b2                	mv	s1,a2
	if(reg_addr == 1) {
    6ace:	4789                	li	a5,2
    6ad0:	00f58a63          	beq	a1,a5,6ae4 <flash_status_register_get+0x24>
    6ad4:	478d                	li	a5,3
    6ad6:	00f58963          	beq	a1,a5,6ae8 <flash_status_register_get+0x28>
    6ada:	4785                	li	a5,1
    6adc:	04f59263          	bne	a1,a5,6b20 <flash_status_register_get+0x60>
{
    6ae0:	4909                	li	s2,2
    6ae2:	a021                	j	6aea <flash_status_register_get+0x2a>
    6ae4:	4939                	li	s2,14
    6ae6:	a011                	j	6aea <flash_status_register_get+0x2a>
    6ae8:	4949                	li	s2,18
	if(RUN_WITHOUT_INT == dev->run_mod) {
    6aea:	00644783          	lbu	a5,6(s0)
    6aee:	e781                	bnez	a5,6af6 <flash_status_register_get+0x36>
		if(dev->interrupt_disable != NULL) {
    6af0:	485c                	lw	a5,20(s0)
    6af2:	c391                	beqz	a5,6af6 <flash_status_register_get+0x36>
			dev->interrupt_disable();
    6af4:	9782                	jalr	a5
		result = spirom_cmd_send(dev, cmd_rd, 0x0, 0, NULL, (unsigned int*)data_out);
    6af6:	87a6                	mv	a5,s1
    6af8:	4701                	li	a4,0
    6afa:	4681                	li	a3,0
    6afc:	4601                	li	a2,0
    6afe:	85ca                	mv	a1,s2
    6b00:	8522                	mv	a0,s0
    6b02:	362d                	jal	662c <spirom_cmd_send>
    6b04:	84aa                	mv	s1,a0
	if(RUN_WITHOUT_INT == dev->run_mod) {
    6b06:	00644783          	lbu	a5,6(s0)
    6b0a:	e781                	bnez	a5,6b12 <flash_status_register_get+0x52>
		if(dev->interrupt_enable != NULL) {
    6b0c:	481c                	lw	a5,16(s0)
    6b0e:	c391                	beqz	a5,6b12 <flash_status_register_get+0x52>
			dev->interrupt_enable();
    6b10:	9782                	jalr	a5
}
    6b12:	8526                	mv	a0,s1
    6b14:	40b2                	lw	ra,12(sp)
    6b16:	4422                	lw	s0,8(sp)
    6b18:	4492                	lw	s1,4(sp)
    6b1a:	4902                	lw	s2,0(sp)
    6b1c:	0141                	add	sp,sp,16
    6b1e:	8082                	ret
{
    6b20:	54fd                	li	s1,-1
    6b22:	bfc5                	j	6b12 <flash_status_register_get+0x52>

00006b24 <mxic_wr_en>:

_EXT_RAM static int mxic_wr_en(FLASH_DEV *dev)
{
    6b24:	1101                	add	sp,sp,-32
	unsigned int result, RetData, j;

	result = spirom_cmd_send(dev, SPIROM_CMD_WREN, 0x0, 0, NULL, &RetData);
    6b26:	007c                	add	a5,sp,12
    6b28:	4701                	li	a4,0
    6b2a:	4681                	li	a3,0
    6b2c:	4601                	li	a2,0
    6b2e:	458d                	li	a1,3
{
    6b30:	cc22                	sw	s0,24(sp)
    6b32:	ca26                	sw	s1,20(sp)
    6b34:	ce06                	sw	ra,28(sp)
    6b36:	842a                	mv	s0,a0
	result = spirom_cmd_send(dev, SPIROM_CMD_WREN, 0x0, 0, NULL, &RetData);
    6b38:	3cd5                	jal	662c <spirom_cmd_send>
	if(result != 0) {
    6b3a:	4485                	li	s1,1
    6b3c:	c901                	beqz	a0,6b4c <mxic_wr_en+0x28>
		printf("mxic_program: (program) page %d enable write fail\n", i);
		return -1;
    6b3e:	557d                	li	a0,-1
	if((RetData & SPIROM_SR_WEL_MASK) == 0) {
		printf("mxic_program: (program) page %d, write enable is not set (status %x)\n", i, RetData);
		return -1;
	}
	return 0;
}
    6b40:	40f2                	lw	ra,28(sp)
    6b42:	4462                	lw	s0,24(sp)
    6b44:	44d2                	lw	s1,20(sp)
    6b46:	6105                	add	sp,sp,32
    6b48:	8082                	ret
	for(j = 1; j < dev->timeout; j++) {
    6b4a:	0485                	add	s1,s1,1
    6b4c:	441c                	lw	a5,8(s0)
    6b4e:	00f4fd63          	bgeu	s1,a5,6b68 <mxic_wr_en+0x44>
		result = spirom_cmd_send(dev, SPIROM_CMD_RDST, 0x0, 0, NULL, &RetData);
    6b52:	007c                	add	a5,sp,12
    6b54:	4701                	li	a4,0
    6b56:	4681                	li	a3,0
    6b58:	4601                	li	a2,0
    6b5a:	4589                	li	a1,2
    6b5c:	8522                	mv	a0,s0
    6b5e:	34f9                	jal	662c <spirom_cmd_send>
		if(result != 0) {
    6b60:	fd79                	bnez	a0,6b3e <mxic_wr_en+0x1a>
		if(RetData & SPIROM_SR_WEL_MASK)
    6b62:	47b2                	lw	a5,12(sp)
    6b64:	8b89                	and	a5,a5,2
    6b66:	d3f5                	beqz	a5,6b4a <mxic_wr_en+0x26>
	if((RetData & SPIROM_SR_WEL_MASK) == 0) {
    6b68:	4532                	lw	a0,12(sp)
    6b6a:	00254513          	xor	a0,a0,2
    6b6e:	48155513          	bext	a0,a0,0x1
    6b72:	40a00533          	neg	a0,a0
    6b76:	b7e9                	j	6b40 <mxic_wr_en+0x1c>

00006b78 <mxic_wr_rdy>:

_EXT_RAM static int mxic_wr_rdy(FLASH_DEV *dev)
{
    6b78:	1101                	add	sp,sp,-32
    6b7a:	cc22                	sw	s0,24(sp)
    6b7c:	ca26                	sw	s1,20(sp)
    6b7e:	ce06                	sw	ra,28(sp)
    6b80:	842a                	mv	s0,a0
	unsigned int result, RetData = 0, j;
    6b82:	c602                	sw	zero,12(sp)

	for(j = 1; j < dev->timeout; j++) {
    6b84:	4485                	li	s1,1
    6b86:	441c                	lw	a5,8(s0)
    6b88:	00f4fd63          	bgeu	s1,a5,6ba2 <mxic_wr_rdy+0x2a>
		result = spirom_cmd_send(dev, SPIROM_CMD_RDST, 0x0, 0, NULL, &RetData);
    6b8c:	007c                	add	a5,sp,12
    6b8e:	4701                	li	a4,0
    6b90:	4681                	li	a3,0
    6b92:	4601                	li	a2,0
    6b94:	4589                	li	a1,2
    6b96:	8522                	mv	a0,s0
    6b98:	3c51                	jal	662c <spirom_cmd_send>
		if(result != 0) {
    6b9a:	e10d                	bnez	a0,6bbc <mxic_wr_rdy+0x44>
			printf("mxic_program: get (program) page %d write enable status fail\n", i);
			return -1;
		}
		if((RetData & (SPIROM_SR_WIP_MASK | SPIROM_SR_WEL_MASK)) == 0)
    6b9c:	47b2                	lw	a5,12(sp)
    6b9e:	8b8d                	and	a5,a5,3
    6ba0:	ef81                	bnez	a5,6bb8 <mxic_wr_rdy+0x40>
			break;
	}
	if((RetData & (SPIROM_SR_WIP_MASK | SPIROM_SR_WEL_MASK)) != 0) {
    6ba2:	4532                	lw	a0,12(sp)
    6ba4:	890d                	and	a0,a0,3
    6ba6:	00a03533          	snez	a0,a0
    6baa:	40a00533          	neg	a0,a0
		printf("mxic_program: (program) page %d, write enable is not clear (status %x)\n", i, RetData);
		return -1;
	}
	return 0;
}
    6bae:	40f2                	lw	ra,28(sp)
    6bb0:	4462                	lw	s0,24(sp)
    6bb2:	44d2                	lw	s1,20(sp)
    6bb4:	6105                	add	sp,sp,32
    6bb6:	8082                	ret
	for(j = 1; j < dev->timeout; j++) {
    6bb8:	0485                	add	s1,s1,1
    6bba:	b7f1                	j	6b86 <mxic_wr_rdy+0xe>
			return -1;
    6bbc:	557d                	li	a0,-1
    6bbe:	bfc5                	j	6bae <mxic_wr_rdy+0x36>

00006bc0 <flash_status_register_set>:
{
    6bc0:	7179                	add	sp,sp,-48
    6bc2:	d606                	sw	ra,44(sp)
    6bc4:	d226                	sw	s1,36(sp)
	if(dev && dev->w_protect == false) {
    6bc6:	c545                	beqz	a0,6c6e <flash_status_register_set+0xae>
    6bc8:	d422                	sw	s0,40(sp)
    6bca:	d04a                	sw	s2,32(sp)
    6bcc:	ce4e                	sw	s3,28(sp)
    6bce:	842a                	mv	s0,a0
    6bd0:	8932                	mv	s2,a2
    6bd2:	89b6                	mv	s3,a3
    6bd4:	00754783          	lbu	a5,7(a0)
    6bd8:	efc9                	bnez	a5,6c72 <flash_status_register_set+0xb2>
    6bda:	cc52                	sw	s4,24(sp)
    6bdc:	ca56                	sw	s5,20(sp)
		if(reg_addr == 1) {
    6bde:	4789                	li	a5,2
    6be0:	00f58f63          	beq	a1,a5,6bfe <flash_status_register_set+0x3e>
    6be4:	478d                	li	a5,3
    6be6:	00f58f63          	beq	a1,a5,6c04 <flash_status_register_set+0x44>
    6bea:	4785                	li	a5,1
    6bec:	04f58463          	beq	a1,a5,6c34 <flash_status_register_set+0x74>
			return ret;
    6bf0:	54fd                	li	s1,-1
    6bf2:	5422                	lw	s0,40(sp)
    6bf4:	5902                	lw	s2,32(sp)
    6bf6:	49f2                	lw	s3,28(sp)
    6bf8:	4a62                	lw	s4,24(sp)
    6bfa:	4ad2                	lw	s5,20(sp)
    6bfc:	a069                	j	6c86 <flash_status_register_set+0xc6>
	if(dev && dev->w_protect == false) {
    6bfe:	4a3d                	li	s4,15
    6c00:	4ab9                	li	s5,14
    6c02:	a019                	j	6c08 <flash_status_register_set+0x48>
    6c04:	4a4d                	li	s4,19
    6c06:	4ac9                	li	s5,18
		if(RUN_WITHOUT_INT == dev->run_mod) {
    6c08:	00644783          	lbu	a5,6(s0)
    6c0c:	e781                	bnez	a5,6c14 <flash_status_register_set+0x54>
			if(dev->interrupt_disable != NULL) {
    6c0e:	485c                	lw	a5,20(s0)
    6c10:	c391                	beqz	a5,6c14 <flash_status_register_set+0x54>
				dev->interrupt_disable();
    6c12:	9782                	jalr	a5
			result = mxic_wr_en(dev);
    6c14:	8522                	mv	a0,s0
    6c16:	3739                	jal	6b24 <mxic_wr_en>
    6c18:	84aa                	mv	s1,a0
			if(result) break;
    6c1a:	c105                	beqz	a0,6c3a <flash_status_register_set+0x7a>
		if(RUN_WITHOUT_INT == dev->run_mod) {
    6c1c:	00644783          	lbu	a5,6(s0)
    6c20:	efb1                	bnez	a5,6c7c <flash_status_register_set+0xbc>
			if(dev->interrupt_enable != NULL) {
    6c22:	481c                	lw	a5,16(s0)
    6c24:	c7b5                	beqz	a5,6c90 <flash_status_register_set+0xd0>
				dev->interrupt_enable();
    6c26:	9782                	jalr	a5
    6c28:	5422                	lw	s0,40(sp)
    6c2a:	5902                	lw	s2,32(sp)
    6c2c:	49f2                	lw	s3,28(sp)
    6c2e:	4a62                	lw	s4,24(sp)
    6c30:	4ad2                	lw	s5,20(sp)
    6c32:	a891                	j	6c86 <flash_status_register_set+0xc6>
	if(dev && dev->w_protect == false) {
    6c34:	4a35                	li	s4,13
    6c36:	4a89                	li	s5,2
    6c38:	bfc1                	j	6c08 <flash_status_register_set+0x48>
			result = spirom_cmd_send(dev, cmd_wr, data_in, 0, NULL, &buf_out);
    6c3a:	007c                	add	a5,sp,12
    6c3c:	4701                	li	a4,0
    6c3e:	4681                	li	a3,0
    6c40:	864a                	mv	a2,s2
    6c42:	85d2                	mv	a1,s4
    6c44:	8522                	mv	a0,s0
    6c46:	32dd                	jal	662c <spirom_cmd_send>
    6c48:	84aa                	mv	s1,a0
			if(result) break;
    6c4a:	f969                	bnez	a0,6c1c <flash_status_register_set+0x5c>
			result = mxic_wr_rdy(dev);
    6c4c:	8522                	mv	a0,s0
    6c4e:	372d                	jal	6b78 <mxic_wr_rdy>
    6c50:	84aa                	mv	s1,a0
			if(result) break;
    6c52:	f569                	bnez	a0,6c1c <flash_status_register_set+0x5c>
			result = spirom_cmd_send(dev, cmd_rd, 0x0, 0, NULL, &buf_out);
    6c54:	007c                	add	a5,sp,12
    6c56:	4701                	li	a4,0
    6c58:	4681                	li	a3,0
    6c5a:	4601                	li	a2,0
    6c5c:	85d6                	mv	a1,s5
    6c5e:	8522                	mv	a0,s0
    6c60:	32f1                	jal	662c <spirom_cmd_send>
    6c62:	84aa                	mv	s1,a0
			if(result) break;
    6c64:	fd45                	bnez	a0,6c1c <flash_status_register_set+0x5c>
			*data_out = buf_out;
    6c66:	47b2                	lw	a5,12(sp)
    6c68:	00f9a023          	sw	a5,0(s3)
    6c6c:	bf45                	j	6c1c <flash_status_register_set+0x5c>
	int ret = -1;
    6c6e:	54fd                	li	s1,-1
    6c70:	a819                	j	6c86 <flash_status_register_set+0xc6>
    6c72:	54fd                	li	s1,-1
    6c74:	5422                	lw	s0,40(sp)
    6c76:	5902                	lw	s2,32(sp)
    6c78:	49f2                	lw	s3,28(sp)
    6c7a:	a031                	j	6c86 <flash_status_register_set+0xc6>
    6c7c:	5422                	lw	s0,40(sp)
    6c7e:	5902                	lw	s2,32(sp)
    6c80:	49f2                	lw	s3,28(sp)
    6c82:	4a62                	lw	s4,24(sp)
    6c84:	4ad2                	lw	s5,20(sp)
}
    6c86:	8526                	mv	a0,s1
    6c88:	50b2                	lw	ra,44(sp)
    6c8a:	5492                	lw	s1,36(sp)
    6c8c:	6145                	add	sp,sp,48
    6c8e:	8082                	ret
    6c90:	5422                	lw	s0,40(sp)
    6c92:	5902                	lw	s2,32(sp)
    6c94:	49f2                	lw	s3,28(sp)
    6c96:	4a62                	lw	s4,24(sp)
    6c98:	4ad2                	lw	s5,20(sp)
    6c9a:	b7f5                	j	6c86 <flash_status_register_set+0xc6>

00006c9c <flash_id>:
    if(dev) {
    6c9c:	c125                	beqz	a0,6cfc <flash_id+0x60>
{
    6c9e:	7179                	add	sp,sp,-48
    6ca0:	d422                	sw	s0,40(sp)
    6ca2:	d226                	sw	s1,36(sp)
    6ca4:	d04a                	sw	s2,32(sp)
    6ca6:	d606                	sw	ra,44(sp)
		if(RUN_WITHOUT_INT == dev->run_mod) {
    6ca8:	00654783          	lbu	a5,6(a0)
    6cac:	842a                	mv	s0,a0
    6cae:	892e                	mv	s2,a1
    6cb0:	84b2                	mv	s1,a2
    6cb2:	e781                	bnez	a5,6cba <flash_id+0x1e>
			if(dev->interrupt_disable != NULL) {
    6cb4:	495c                	lw	a5,20(a0)
    6cb6:	c391                	beqz	a5,6cba <flash_id+0x1e>
				dev->interrupt_disable();
    6cb8:	9782                	jalr	a5
_EXT_RAM static int mxic_id_rems(FLASH_DEV *dev, unsigned short *id_rems)
{
    unsigned int result, RetData;
    unsigned char data[8] __attribute__((aligned(4)));

    result = spirom_cmd_send(dev, SPIROM_CMD_REMSID, 0x0, 2, (unsigned int*)data, &RetData);
    6cba:	085c                	add	a5,sp,20
    6cbc:	0838                	add	a4,sp,24
    6cbe:	4689                	li	a3,2
    6cc0:	4601                	li	a2,0
    6cc2:	45f9                	li	a1,30
    6cc4:	8522                	mv	a0,s0
    6cc6:	329d                	jal	662c <spirom_cmd_send>
    if(result != 0) {
    6cc8:	ed01                	bnez	a0,6ce0 <flash_id+0x44>
        printf("mxic_id_rems: fail\n");
        return result;
    }

    *id_rems = (data[1] << 8) | data[0];
    6cca:	01815783          	lhu	a5,24(sp)
            if(id_manufacturer != NULL) {
    6cce:	00090663          	beqz	s2,6cda <flash_id+0x3e>
                *id_manufacturer = (id_rems) & 0xff; // Manufacturer ID
    6cd2:	0ff7f713          	zext.b	a4,a5
    6cd6:	00e92023          	sw	a4,0(s2)
            if(id_device != NULL) {
    6cda:	c099                	beqz	s1,6ce0 <flash_id+0x44>
                *id_device = (id_rems >> 8) & 0xff; // Device ID
    6cdc:	83a1                	srl	a5,a5,0x8
    6cde:	c09c                	sw	a5,0(s1)
		if(RUN_WITHOUT_INT == dev->run_mod) {
    6ce0:	00644783          	lbu	a5,6(s0)
    6ce4:	e791                	bnez	a5,6cf0 <flash_id+0x54>
			if(dev->interrupt_enable != NULL) {
    6ce6:	481c                	lw	a5,16(s0)
    6ce8:	c781                	beqz	a5,6cf0 <flash_id+0x54>
    6cea:	c62a                	sw	a0,12(sp)
				dev->interrupt_enable();
    6cec:	9782                	jalr	a5
    6cee:	4532                	lw	a0,12(sp)
}
    6cf0:	50b2                	lw	ra,44(sp)
    6cf2:	5422                	lw	s0,40(sp)
    6cf4:	5492                	lw	s1,36(sp)
    6cf6:	5902                	lw	s2,32(sp)
    6cf8:	6145                	add	sp,sp,48
    6cfa:	8082                	ret
    int ret = -1;
    6cfc:	557d                	li	a0,-1
}
    6cfe:	8082                	ret

00006d00 <spirom_set_extaddr>:
{
    6d00:	1101                	add	sp,sp,-32
	spib_dctrl = spib_prepare_dctrl(0x0, 0x0, SPIB_TM_WR_RD, 0, 0, 0);
    6d02:	4781                	li	a5,0
    6d04:	4701                	li	a4,0
    6d06:	4681                	li	a3,0
{
    6d08:	ca26                	sw	s1,20(sp)
    6d0a:	c84a                	sw	s2,16(sp)
    6d0c:	c64e                	sw	s3,12(sp)
	unsigned long base = dev->base_addr;
    6d0e:	00052903          	lw	s2,0(a0)
	spib_dctrl = spib_prepare_dctrl(0x0, 0x0, SPIB_TM_WR_RD, 0, 0, 0);
    6d12:	460d                	li	a2,3
{
    6d14:	89aa                	mv	s3,a0
    6d16:	84ae                	mv	s1,a1
	spib_dctrl = spib_prepare_dctrl(0x0, 0x0, SPIB_TM_WR_RD, 0, 0, 0);
    6d18:	4501                	li	a0,0
    6d1a:	4581                	li	a1,0
{
    6d1c:	ce06                	sw	ra,28(sp)
    6d1e:	cc22                	sw	s0,24(sp)
	spib_dctrl = spib_prepare_dctrl(0x0, 0x0, SPIB_TM_WR_RD, 0, 0, 0);
    6d20:	ebeff0ef          	jal	63de <spib_prepare_dctrl>
    6d24:	862a                	mv	a2,a0
	spib_exe_cmmd(base, EXT_ADDR_R, spib_dctrl);
    6d26:	0c800593          	li	a1,200
    6d2a:	854a                	mv	a0,s2
    6d2c:	fc6ff0ef          	jal	64f2 <spib_exe_cmmd>
	result = spib_wait_rx_empty(base);
    6d30:	854a                	mv	a0,s2
    6d32:	f94ff0ef          	jal	64c6 <spib_wait_rx_empty>
    6d36:	842a                	mv	s0,a0
	if(result == 0) {
    6d38:	4501                	li	a0,0
    6d3a:	e401                	bnez	s0,6d42 <spirom_set_extaddr+0x42>
		data = spib_get_data(base);
    6d3c:	854a                	mv	a0,s2
    6d3e:	e90ff0ef          	jal	63ce <spib_get_data>
	if((addr >> 24) != data) {
    6d42:	0184d793          	srl	a5,s1,0x18
    6d46:	04a78163          	beq	a5,a0,6d88 <spirom_set_extaddr+0x88>
			result = mxic_wr_en(dev);
    6d4a:	854e                	mv	a0,s3
    6d4c:	3be1                	jal	6b24 <mxic_wr_en>
    6d4e:	842a                	mv	s0,a0
			if(result) break;
    6d50:	ed05                	bnez	a0,6d88 <spirom_set_extaddr+0x88>
			spib_dctrl = spib_prepare_dctrl(0x0, 0x0, SPIB_TM_WRonly, 1, 0, 0);
    6d52:	4685                	li	a3,1
    6d54:	8636                	mv	a2,a3
    6d56:	4781                	li	a5,0
    6d58:	4701                	li	a4,0
    6d5a:	4581                	li	a1,0
    6d5c:	e82ff0ef          	jal	63de <spib_prepare_dctrl>
			addr = (addr >> 16) & 0xff00;
    6d60:	67c1                	lui	a5,0x10
    6d62:	f0078793          	add	a5,a5,-256 # ff00 <_data_lma+0x8788>
    6d66:	80c1                	srl	s1,s1,0x10
    6d68:	8cfd                	and	s1,s1,a5
			spib_dctrl = spib_prepare_dctrl(0x0, 0x0, SPIB_TM_WRonly, 1, 0, 0);
    6d6a:	862a                	mv	a2,a0
			spib_exe_cmmd(base, op_addr, spib_dctrl);
    6d6c:	0c54e593          	or	a1,s1,197
    6d70:	854a                	mv	a0,s2
    6d72:	f80ff0ef          	jal	64f2 <spib_exe_cmmd>
}
    6d76:	4462                	lw	s0,24(sp)
    6d78:	40f2                	lw	ra,28(sp)
    6d7a:	44d2                	lw	s1,20(sp)
    6d7c:	49b2                	lw	s3,12(sp)
			result = spib_wait_spi(base);
    6d7e:	854a                	mv	a0,s2
}
    6d80:	4942                	lw	s2,16(sp)
    6d82:	6105                	add	sp,sp,32
			result = spib_wait_spi(base);
    6d84:	f24ff06f          	j	64a8 <spib_wait_spi>
}
    6d88:	8522                	mv	a0,s0
    6d8a:	40f2                	lw	ra,28(sp)
    6d8c:	4462                	lw	s0,24(sp)
    6d8e:	44d2                	lw	s1,20(sp)
    6d90:	4942                	lw	s2,16(sp)
    6d92:	49b2                	lw	s3,12(sp)
    6d94:	6105                	add	sp,sp,32
    6d96:	8082                	ret

00006d98 <spirom_set_addr4>:
{
    6d98:	1141                	add	sp,sp,-16
    6d9a:	c422                	sw	s0,8(sp)
	if(en) op_addr = EXT_SET_ADDR4;
    6d9c:	0015b413          	seqz	s0,a1
    6da0:	40800433          	neg	s0,s0
{
    6da4:	c226                	sw	s1,4(sp)
	spib_dctrl = spib_prepare_dctrl(0x0, 0x0, SPIB_TM_WRonly, 0, 0, 0);
    6da6:	4781                	li	a5,0
	unsigned long base = dev->base_addr;
    6da8:	4104                	lw	s1,0(a0)
	spib_dctrl = spib_prepare_dctrl(0x0, 0x0, SPIB_TM_WRonly, 0, 0, 0);
    6daa:	4701                	li	a4,0
    6dac:	4681                	li	a3,0
    6dae:	4605                	li	a2,1
    6db0:	4581                	li	a1,0
	if(en) op_addr = EXT_SET_ADDR4;
    6db2:	03247413          	and	s0,s0,50
	spib_dctrl = spib_prepare_dctrl(0x0, 0x0, SPIB_TM_WRonly, 0, 0, 0);
    6db6:	4501                	li	a0,0
{
    6db8:	c606                	sw	ra,12(sp)
	if(en) op_addr = EXT_SET_ADDR4;
    6dba:	0b740413          	add	s0,s0,183
	spib_dctrl = spib_prepare_dctrl(0x0, 0x0, SPIB_TM_WRonly, 0, 0, 0);
    6dbe:	e20ff0ef          	jal	63de <spib_prepare_dctrl>
    6dc2:	862a                	mv	a2,a0
	spib_exe_cmmd(base, op_addr, spib_dctrl);
    6dc4:	85a2                	mv	a1,s0
    6dc6:	8526                	mv	a0,s1
    6dc8:	f2aff0ef          	jal	64f2 <spib_exe_cmmd>
}
    6dcc:	4422                	lw	s0,8(sp)
    6dce:	40b2                	lw	ra,12(sp)
	return spib_wait_spi(base);
    6dd0:	8526                	mv	a0,s1
}
    6dd2:	4492                	lw	s1,4(sp)
    6dd4:	0141                	add	sp,sp,16
	return spib_wait_spi(base);
    6dd6:	ed2ff06f          	j	64a8 <spib_wait_spi>

00006dda <mxic_unlock_chip>:
{
    6dda:	1101                	add	sp,sp,-32
    6ddc:	cc22                	sw	s0,24(sp)
    6dde:	ce06                	sw	ra,28(sp)
    6de0:	842a                	mv	s0,a0
		result = mxic_wr_en(dev);
    6de2:	3389                	jal	6b24 <mxic_wr_en>
		if(result) break;
    6de4:	ed15                	bnez	a0,6e20 <mxic_unlock_chip+0x46>
		result = spirom_cmd_send(dev, SPIROM_CMD_CHIP_UNLOCK, 0x0, 0, NULL, &RetData);
    6de6:	007c                	add	a5,sp,12
    6de8:	4701                	li	a4,0
    6dea:	4681                	li	a3,0
    6dec:	4601                	li	a2,0
    6dee:	45b1                	li	a1,12
    6df0:	8522                	mv	a0,s0
    6df2:	83bff0ef          	jal	662c <spirom_cmd_send>
		if(result) break;
    6df6:	e50d                	bnez	a0,6e20 <mxic_unlock_chip+0x46>
		result = mxic_wr_rdy(dev);
    6df8:	8522                	mv	a0,s0
    6dfa:	3bbd                	jal	6b78 <mxic_wr_rdy>
		if(result) break;
    6dfc:	e115                	bnez	a0,6e20 <mxic_unlock_chip+0x46>
		result = spirom_cmd_send(dev, SPIROM_CMD_RDBLOCK, 0, 0, NULL, &RetData);
    6dfe:	007c                	add	a5,sp,12
    6e00:	4701                	li	a4,0
    6e02:	4681                	li	a3,0
    6e04:	4601                	li	a2,0
    6e06:	45a5                	li	a1,9
    6e08:	8522                	mv	a0,s0
    6e0a:	823ff0ef          	jal	662c <spirom_cmd_send>
		if(result) break;
    6e0e:	e909                	bnez	a0,6e20 <mxic_unlock_chip+0x46>
		if((RetData & 0xFF) == 0xFF) {
    6e10:	00c14503          	lbu	a0,12(sp)
    6e14:	f0150513          	add	a0,a0,-255
    6e18:	00153513          	seqz	a0,a0
    6e1c:	40a00533          	neg	a0,a0
}
    6e20:	40f2                	lw	ra,28(sp)
    6e22:	4462                	lw	s0,24(sp)
    6e24:	6105                	add	sp,sp,32
    6e26:	8082                	ret

00006e28 <mxic_check>:
{
    6e28:	1101                	add	sp,sp,-32
    6e2a:	ca26                	sw	s1,20(sp)
    unsigned long result, RetData, FlashId, i, base = dev->base_addr;
    6e2c:	4104                	lw	s1,0(a0)
{
    6e2e:	cc22                	sw	s0,24(sp)
    6e30:	842a                	mv	s0,a0
    RetData = (spib_get_regtiming(base) & (~0xFF));
    6e32:	8526                	mv	a0,s1
{
    6e34:	ce06                	sw	ra,28(sp)
    RetData = (spib_get_regtiming(base) & (~0xFF));
    6e36:	da0ff0ef          	jal	63d6 <spib_get_regtiming>
    spib_set_regtiming(base, RetData | SCLK_DIV);
    6e3a:	0ff56593          	or	a1,a0,255
    6e3e:	8526                	mv	a0,s1
    6e40:	d9aff0ef          	jal	63da <spib_set_regtiming>
    SCLK_DIV = spib_get_regtiming(base);
    6e44:	8526                	mv	a0,s1
    6e46:	d90ff0ef          	jal	63d6 <spib_get_regtiming>
		result = spirom_cmd_send(dev, SPIROM_CMD_RDID, 0x0, 0, NULL, (unsigned int*)temp);
    6e4a:	007c                	add	a5,sp,12
    6e4c:	8522                	mv	a0,s0
    6e4e:	4701                	li	a4,0
    6e50:	4681                	li	a3,0
    6e52:	4601                	li	a2,0
    6e54:	4585                	li	a1,1
    6e56:	fd6ff0ef          	jal	662c <spirom_cmd_send>
}
    6e5a:	40f2                	lw	ra,28(sp)
    6e5c:	4462                	lw	s0,24(sp)
    6e5e:	44d2                	lw	s1,20(sp)
    6e60:	6105                	add	sp,sp,32
    6e62:	8082                	ret

00006e64 <mxic_erase>:
{
    6e64:	7179                	add	sp,sp,-48
    6e66:	cc52                	sw	s4,24(sp)
    EraseSectorCnt = (EraseSize + (SPIROM_SECTOR_SIZE - 1)) / SPIROM_SECTOR_SIZE;
    6e68:	6a05                	lui	s4,0x1
    6e6a:	fffa0793          	add	a5,s4,-1 # fff <SLIP_send_frame_data+0xd>
{
    6e6e:	d422                	sw	s0,40(sp)
    6e70:	d226                	sw	s1,36(sp)
    EraseAddrStart = (FlashAddr / SPIROM_SECTOR_SIZE) * SPIROM_SECTOR_SIZE;
    6e72:	8005f413          	and	s0,a1,-2048
    EraseSectorCnt = (EraseSize + (SPIROM_SECTOR_SIZE - 1)) / SPIROM_SECTOR_SIZE;
    6e76:	00f604b3          	add	s1,a2,a5
    EraseAddrStart = (FlashAddr / SPIROM_SECTOR_SIZE) * SPIROM_SECTOR_SIZE;
    6e7a:	48b41413          	bclr	s0,s0,0xb
    EraseSectorCnt = (EraseSize + (SPIROM_SECTOR_SIZE - 1)) / SPIROM_SECTOR_SIZE;
    6e7e:	94ae                	add	s1,s1,a1
    6e80:	8c81                	sub	s1,s1,s0
{
    6e82:	d04a                	sw	s2,32(sp)
    6e84:	ce4e                	sw	s3,28(sp)
    6e86:	ca56                	sw	s5,20(sp)
    6e88:	d606                	sw	ra,44(sp)
    6e8a:	c85a                	sw	s6,16(sp)
    6e8c:	89aa                	mv	s3,a0
    EraseSectorCnt = (EraseSize + (SPIROM_SECTOR_SIZE - 1)) / SPIROM_SECTOR_SIZE;
    6e8e:	80b1                	srl	s1,s1,0xc
    for(i = 0; i < EraseSectorCnt; ) {
    6e90:	4901                	li	s2,0
			EraseAddrStart += SPIROM_BLK32_SIZE;
    6e92:	6aa1                	lui	s5,0x8
    for(i = 0; i < EraseSectorCnt; ) {
    6e94:	00996463          	bltu	s2,s1,6e9c <mxic_erase+0x38>
    6e98:	4501                	li	a0,0
    6e9a:	a815                	j	6ece <mxic_erase+0x6a>
    	result = mxic_wr_en(dev);
    6e9c:	854e                	mv	a0,s3
    6e9e:	3159                	jal	6b24 <mxic_wr_en>
    	if(result) break;
    6ea0:	e51d                	bnez	a0,6ece <mxic_erase+0x6a>
        if(!(EraseAddrStart & SPIROM_BLK64_MASK) && (EraseSectorCnt >= (SPIROM_BLK64_SIZE / SPIROM_SECTOR_SIZE + i))) {
    6ea2:	080447b3          	zext.h	a5,s0
    6ea6:	ef95                	bnez	a5,6ee2 <mxic_erase+0x7e>
    6ea8:	01090b13          	add	s6,s2,16
    6eac:	0364ee63          	bltu	s1,s6,6ee8 <mxic_erase+0x84>
			result = spirom_cmd_send(dev, SPIROM_CMD_ERASE_B64, EraseAddrStart, 0, NULL, &RetData);
    6eb0:	007c                	add	a5,sp,12
    6eb2:	8622                	mv	a2,s0
    6eb4:	4701                	li	a4,0
    6eb6:	4681                	li	a3,0
    6eb8:	45c5                	li	a1,17
    6eba:	854e                	mv	a0,s3
    6ebc:	f70ff0ef          	jal	662c <spirom_cmd_send>
			EraseAddrStart += SPIROM_BLK64_SIZE;
    6ec0:	67c1                	lui	a5,0x10
    6ec2:	943e                	add	s0,s0,a5
			i += SPIROM_BLK32_SIZE / SPIROM_SECTOR_SIZE;
    6ec4:	895a                	mv	s2,s6
        if(result != 0) {
    6ec6:	e501                	bnez	a0,6ece <mxic_erase+0x6a>
        result = mxic_wr_rdy(dev);
    6ec8:	854e                	mv	a0,s3
    6eca:	317d                	jal	6b78 <mxic_wr_rdy>
        if(result) break;
    6ecc:	d561                	beqz	a0,6e94 <mxic_erase+0x30>
}
    6ece:	50b2                	lw	ra,44(sp)
    6ed0:	5422                	lw	s0,40(sp)
    6ed2:	5492                	lw	s1,36(sp)
    6ed4:	5902                	lw	s2,32(sp)
    6ed6:	49f2                	lw	s3,28(sp)
    6ed8:	4a62                	lw	s4,24(sp)
    6eda:	4ad2                	lw	s5,20(sp)
    6edc:	4b42                	lw	s6,16(sp)
    6ede:	6145                	add	sp,sp,48
    6ee0:	8082                	ret
		} else if(!(EraseAddrStart & SPIROM_BLK32_MASK) && (EraseSectorCnt >= (SPIROM_BLK32_SIZE / SPIROM_SECTOR_SIZE + i))) {
    6ee2:	01141793          	sll	a5,s0,0x11
    6ee6:	ef99                	bnez	a5,6f04 <mxic_erase+0xa0>
    6ee8:	00890b13          	add	s6,s2,8
    6eec:	0164ec63          	bltu	s1,s6,6f04 <mxic_erase+0xa0>
			result = spirom_cmd_send(dev, SPIROM_CMD_ERASE_B32, EraseAddrStart, 0, NULL, &RetData);
    6ef0:	8622                	mv	a2,s0
    6ef2:	007c                	add	a5,sp,12
    6ef4:	4701                	li	a4,0
    6ef6:	4681                	li	a3,0
    6ef8:	45c1                	li	a1,16
    6efa:	854e                	mv	a0,s3
    6efc:	f30ff0ef          	jal	662c <spirom_cmd_send>
			EraseAddrStart += SPIROM_BLK32_SIZE;
    6f00:	9456                	add	s0,s0,s5
    6f02:	b7c9                	j	6ec4 <mxic_erase+0x60>
			result = spirom_cmd_send(dev, SPIROM_CMD_ERASE, EraseAddrStart, 0, NULL, &RetData);
    6f04:	8622                	mv	a2,s0
    6f06:	007c                	add	a5,sp,12
    6f08:	4701                	li	a4,0
    6f0a:	4681                	li	a3,0
    6f0c:	4595                	li	a1,5
    6f0e:	854e                	mv	a0,s3
    6f10:	f1cff0ef          	jal	662c <spirom_cmd_send>
			EraseAddrStart += SPIROM_SECTOR_SIZE;
    6f14:	9452                	add	s0,s0,s4
			i += 1;
    6f16:	0905                	add	s2,s2,1
    6f18:	b77d                	j	6ec6 <mxic_erase+0x62>

00006f1a <flash_erase>:
	if(dev && dev->w_protect == false) {
    6f1a:	c129                	beqz	a0,6f5c <flash_erase+0x42>
{
    6f1c:	1101                	add	sp,sp,-32
    6f1e:	cc22                	sw	s0,24(sp)
    6f20:	ce06                	sw	ra,28(sp)
	if(dev && dev->w_protect == false) {
    6f22:	00754783          	lbu	a5,7(a0)
    6f26:	842a                	mv	s0,a0
	int ret = -1;
    6f28:	557d                	li	a0,-1
	if(dev && dev->w_protect == false) {
    6f2a:	e78d                	bnez	a5,6f54 <flash_erase+0x3a>
		if(RUN_WITHOUT_INT == dev->run_mod) {
    6f2c:	00644783          	lbu	a5,6(s0)
    6f30:	eb81                	bnez	a5,6f40 <flash_erase+0x26>
			if(dev->interrupt_disable != NULL) {
    6f32:	485c                	lw	a5,20(s0)
    6f34:	c791                	beqz	a5,6f40 <flash_erase+0x26>
    6f36:	c632                	sw	a2,12(sp)
    6f38:	c42e                	sw	a1,8(sp)
				dev->interrupt_disable();
    6f3a:	9782                	jalr	a5
    6f3c:	4632                	lw	a2,12(sp)
    6f3e:	45a2                	lw	a1,8(sp)
		ret = mxic_erase(dev, (unsigned int)offset, (unsigned int)size);
    6f40:	8522                	mv	a0,s0
    6f42:	370d                	jal	6e64 <mxic_erase>
		if(RUN_WITHOUT_INT == dev->run_mod) {
    6f44:	00644783          	lbu	a5,6(s0)
    6f48:	e791                	bnez	a5,6f54 <flash_erase+0x3a>
			if(dev->interrupt_enable != NULL) {
    6f4a:	481c                	lw	a5,16(s0)
    6f4c:	c781                	beqz	a5,6f54 <flash_erase+0x3a>
    6f4e:	c42a                	sw	a0,8(sp)
				dev->interrupt_enable();
    6f50:	9782                	jalr	a5
    6f52:	4522                	lw	a0,8(sp)
}
    6f54:	40f2                	lw	ra,28(sp)
    6f56:	4462                	lw	s0,24(sp)
    6f58:	6105                	add	sp,sp,32
    6f5a:	8082                	ret
	int ret = -1;
    6f5c:	557d                	li	a0,-1
}
    6f5e:	8082                	ret

00006f60 <mxic_erase_page>:
{
    6f60:	1101                	add	sp,sp,-32
    6f62:	cc22                	sw	s0,24(sp)
    EraseCnt = (EraseSize + (SPIROM_PAGE_SIZE - 1)) / SPIROM_PAGE_SIZE;
    6f64:	0ff60413          	add	s0,a2,255
{
    6f68:	ca26                	sw	s1,20(sp)
    EraseCnt = (EraseSize + (SPIROM_PAGE_SIZE - 1)) / SPIROM_PAGE_SIZE;
    6f6a:	942e                	add	s0,s0,a1
    EraseAddrStart = (FlashAddr / SPIROM_PAGE_SIZE) * SPIROM_PAGE_SIZE;
    6f6c:	f005f493          	and	s1,a1,-256
    EraseCnt = (EraseSize + (SPIROM_PAGE_SIZE - 1)) / SPIROM_PAGE_SIZE;
    6f70:	8c05                	sub	s0,s0,s1
    6f72:	f0047413          	and	s0,s0,-256
{
    6f76:	c84a                	sw	s2,16(sp)
    6f78:	ce06                	sw	ra,28(sp)
    6f7a:	892a                	mv	s2,a0
    for(i = 0; i < EraseCnt; ) {
    6f7c:	9426                	add	s0,s0,s1
    6f7e:	00849463          	bne	s1,s0,6f86 <mxic_erase_page+0x26>
    6f82:	4501                	li	a0,0
    6f84:	a015                	j	6fa8 <mxic_erase_page+0x48>
    	result = mxic_wr_en(dev);
    6f86:	854a                	mv	a0,s2
    6f88:	3e71                	jal	6b24 <mxic_wr_en>
    	if(result) break;
    6f8a:	ed19                	bnez	a0,6fa8 <mxic_erase_page+0x48>
		result = spirom_cmd_send(dev, SPIROM_CMD_ERASE_PG, EraseAddrStart, 0, NULL, &RetData);
    6f8c:	8626                	mv	a2,s1
    6f8e:	007c                	add	a5,sp,12
    6f90:	4701                	li	a4,0
    6f92:	4681                	li	a3,0
    6f94:	45d1                	li	a1,20
    6f96:	854a                	mv	a0,s2
    6f98:	e94ff0ef          	jal	662c <spirom_cmd_send>
		EraseAddrStart += SPIROM_PAGE_SIZE;
    6f9c:	10048493          	add	s1,s1,256
        if(result != 0) {
    6fa0:	e501                	bnez	a0,6fa8 <mxic_erase_page+0x48>
        result = mxic_wr_rdy(dev);
    6fa2:	854a                	mv	a0,s2
    6fa4:	3ed1                	jal	6b78 <mxic_wr_rdy>
        if(result) break;
    6fa6:	dd61                	beqz	a0,6f7e <mxic_erase_page+0x1e>
}
    6fa8:	40f2                	lw	ra,28(sp)
    6faa:	4462                	lw	s0,24(sp)
    6fac:	44d2                	lw	s1,20(sp)
    6fae:	4942                	lw	s2,16(sp)
    6fb0:	6105                	add	sp,sp,32
    6fb2:	8082                	ret

00006fb4 <flash_erase_page>:
	if(dev && dev->w_protect == false) {
    6fb4:	c129                	beqz	a0,6ff6 <flash_erase_page+0x42>
{
    6fb6:	1101                	add	sp,sp,-32
    6fb8:	cc22                	sw	s0,24(sp)
    6fba:	ce06                	sw	ra,28(sp)
	if(dev && dev->w_protect == false) {
    6fbc:	00754783          	lbu	a5,7(a0)
    6fc0:	842a                	mv	s0,a0
	int ret = -1;
    6fc2:	557d                	li	a0,-1
	if(dev && dev->w_protect == false) {
    6fc4:	e78d                	bnez	a5,6fee <flash_erase_page+0x3a>
		if(RUN_WITHOUT_INT == dev->run_mod) {
    6fc6:	00644783          	lbu	a5,6(s0)
    6fca:	eb81                	bnez	a5,6fda <flash_erase_page+0x26>
			if(dev->interrupt_disable != NULL) {
    6fcc:	485c                	lw	a5,20(s0)
    6fce:	c791                	beqz	a5,6fda <flash_erase_page+0x26>
    6fd0:	c632                	sw	a2,12(sp)
    6fd2:	c42e                	sw	a1,8(sp)
				dev->interrupt_disable();
    6fd4:	9782                	jalr	a5
    6fd6:	4632                	lw	a2,12(sp)
    6fd8:	45a2                	lw	a1,8(sp)
		ret = mxic_erase_page(dev, (unsigned int)offset, (unsigned int)size);
    6fda:	8522                	mv	a0,s0
    6fdc:	3751                	jal	6f60 <mxic_erase_page>
		if(RUN_WITHOUT_INT == dev->run_mod) {
    6fde:	00644783          	lbu	a5,6(s0)
    6fe2:	e791                	bnez	a5,6fee <flash_erase_page+0x3a>
			if(dev->interrupt_enable != NULL) {
    6fe4:	481c                	lw	a5,16(s0)
    6fe6:	c781                	beqz	a5,6fee <flash_erase_page+0x3a>
    6fe8:	c42a                	sw	a0,8(sp)
				dev->interrupt_enable();
    6fea:	9782                	jalr	a5
    6fec:	4522                	lw	a0,8(sp)
}
    6fee:	40f2                	lw	ra,28(sp)
    6ff0:	4462                	lw	s0,24(sp)
    6ff2:	6105                	add	sp,sp,32
    6ff4:	8082                	ret
	int ret = -1;
    6ff6:	557d                	li	a0,-1
}
    6ff8:	8082                	ret

00006ffa <_mxic_program>:
{
    6ffa:	7179                	add	sp,sp,-48
    6ffc:	d226                	sw	s1,36(sp)
    6ffe:	d04a                	sw	s2,32(sp)
    7000:	ce4e                	sw	s3,28(sp)
    7002:	cc52                	sw	s4,24(sp)
    7004:	ca56                	sw	s5,20(sp)
    7006:	d606                	sw	ra,44(sp)
    7008:	d422                	sw	s0,40(sp)
    700a:	8a2a                	mv	s4,a0
    700c:	892e                	mv	s2,a1
    700e:	89b2                	mv	s3,a2
    7010:	84b6                	mv	s1,a3
		step_size = SPIROM_PAGE_SIZE - (FlashAddr & SPIROM_PAGE_MASK);
    7012:	10000a93          	li	s5,256
    7016:	0ff97413          	zext.b	s0,s2
    701a:	408a8433          	sub	s0,s5,s0
		result = mxic_wr_en(dev);
    701e:	8552                	mv	a0,s4
		step_size = (step_size > remain_size) ? remain_size : step_size;
    7020:	0a84d433          	minu	s0,s1,s0
		result = mxic_wr_en(dev);
    7024:	3601                	jal	6b24 <mxic_wr_en>
		if(result) break;
    7026:	e11d                	bnez	a0,704c <_mxic_program+0x52>
		result = spirom_cmd_send(dev, SPIROM_CMD_PROGRAM, FlashAddr, step_size, pdata, &RetData);
    7028:	007c                	add	a5,sp,12
    702a:	874e                	mv	a4,s3
    702c:	86a2                	mv	a3,s0
    702e:	864a                	mv	a2,s2
    7030:	4599                	li	a1,6
    7032:	8552                	mv	a0,s4
    7034:	df8ff0ef          	jal	662c <spirom_cmd_send>
		if(result != 0) {
    7038:	e911                	bnez	a0,704c <_mxic_program+0x52>
		result = mxic_wr_rdy(dev);
    703a:	8552                	mv	a0,s4
    703c:	3e35                	jal	6b78 <mxic_wr_rdy>
		if(result) break;
    703e:	e519                	bnez	a0,704c <_mxic_program+0x52>
		FlashAddr += step_size;
    7040:	9922                	add	s2,s2,s0
		pdata = (unsigned int *)((unsigned int)pdata + step_size);
    7042:	99a2                	add	s3,s3,s0
		remain_size -= step_size;
    7044:	40848533          	sub	a0,s1,s0
    }while(remain_size);
    7048:	00849b63          	bne	s1,s0,705e <_mxic_program+0x64>
}
    704c:	50b2                	lw	ra,44(sp)
    704e:	5422                	lw	s0,40(sp)
    7050:	5492                	lw	s1,36(sp)
    7052:	5902                	lw	s2,32(sp)
    7054:	49f2                	lw	s3,28(sp)
    7056:	4a62                	lw	s4,24(sp)
    7058:	4ad2                	lw	s5,20(sp)
    705a:	6145                	add	sp,sp,48
    705c:	8082                	ret
		remain_size -= step_size;
    705e:	84aa                	mv	s1,a0
    7060:	bf5d                	j	7016 <_mxic_program+0x1c>

00007062 <mem_cpy>:
	for(int i = 0; i < size; i++) {
    7062:	4781                	li	a5,0
    7064:	00c7c363          	blt	a5,a2,706a <mem_cpy+0x8>
}
    7068:	8082                	ret
		((unsigned char *)dst)[i] = ((unsigned char *)src)[i];
    706a:	00f58733          	add	a4,a1,a5
    706e:	00074683          	lbu	a3,0(a4)
    7072:	00f50733          	add	a4,a0,a5
    7076:	00d70023          	sb	a3,0(a4)
	for(int i = 0; i < size; i++) {
    707a:	0785                	add	a5,a5,1 # 10001 <_data_lma+0x8889>
    707c:	b7e5                	j	7064 <mem_cpy+0x2>

0000707e <mxic_program>:
{
    707e:	7179                	add	sp,sp,-48
    7080:	d226                	sw	s1,36(sp)
		FirstWrite = 4 - ((unsigned int)start & 0x3);
    7082:	4791                	li	a5,4
    7084:	00367493          	and	s1,a2,3
{
    7088:	d422                	sw	s0,40(sp)
    708a:	d04a                	sw	s2,32(sp)
    708c:	ce4e                	sw	s3,28(sp)
    708e:	cc52                	sw	s4,24(sp)
    7090:	d606                	sw	ra,44(sp)
    7092:	ca56                	sw	s5,20(sp)
		FirstWrite = 4 - ((unsigned int)start & 0x3);
    7094:	409784b3          	sub	s1,a5,s1
{
    7098:	8a2a                	mv	s4,a0
    709a:	89ae                	mv	s3,a1
    709c:	8932                	mv	s2,a2
    709e:	8436                	mv	s0,a3
		if(FirstWrite == 4) {
    70a0:	00f49363          	bne	s1,a5,70a6 <mxic_program+0x28>
			FirstWrite = 0;
    70a4:	4481                	li	s1,0
		if(DataSize > FirstWrite) {
    70a6:	0684f263          	bgeu	s1,s0,710a <mxic_program+0x8c>
			LastWrite = (DataSize - FirstWrite) & 0x3;
    70aa:	8c05                	sub	s0,s0,s1
    70ac:	00347a93          	and	s5,s0,3
			MidWrite = DataSize - FirstWrite - LastWrite;
    70b0:	9871                	and	s0,s0,-4
		if(FirstWrite) {
    70b2:	cc89                	beqz	s1,70cc <mxic_program+0x4e>
			mem_cpy(data, pdata, FirstWrite);
    70b4:	8626                	mv	a2,s1
    70b6:	85ca                	mv	a1,s2
    70b8:	0068                	add	a0,sp,12
    70ba:	3765                	jal	7062 <mem_cpy>
			result = _mxic_program(dev, addr, (unsigned int*)data, FirstWrite);
    70bc:	86a6                	mv	a3,s1
    70be:	0070                	add	a2,sp,12
    70c0:	85ce                	mv	a1,s3
    70c2:	8552                	mv	a0,s4
    70c4:	3f1d                	jal	6ffa <_mxic_program>
			if(result) break;
    70c6:	ed19                	bnez	a0,70e4 <mxic_program+0x66>
			pdata += FirstWrite;
    70c8:	9926                	add	s2,s2,s1
			addr += FirstWrite;
    70ca:	99a6                	add	s3,s3,s1
		if(MidWrite) {
    70cc:	c809                	beqz	s0,70de <mxic_program+0x60>
			result = _mxic_program(dev, addr, (unsigned int*)pdata, MidWrite);
    70ce:	86a2                	mv	a3,s0
    70d0:	864a                	mv	a2,s2
    70d2:	85ce                	mv	a1,s3
    70d4:	8552                	mv	a0,s4
    70d6:	3715                	jal	6ffa <_mxic_program>
			if(result) break;
    70d8:	e511                	bnez	a0,70e4 <mxic_program+0x66>
			pdata += MidWrite;
    70da:	9922                	add	s2,s2,s0
			addr += MidWrite;
    70dc:	99a2                	add	s3,s3,s0
		if(LastWrite) {
    70de:	000a9c63          	bnez	s5,70f6 <mxic_program+0x78>
			MidWrite = 0;
    70e2:	4501                	li	a0,0
}
    70e4:	50b2                	lw	ra,44(sp)
    70e6:	5422                	lw	s0,40(sp)
    70e8:	5492                	lw	s1,36(sp)
    70ea:	5902                	lw	s2,32(sp)
    70ec:	49f2                	lw	s3,28(sp)
    70ee:	4a62                	lw	s4,24(sp)
    70f0:	4ad2                	lw	s5,20(sp)
    70f2:	6145                	add	sp,sp,48
    70f4:	8082                	ret
			mem_cpy(data, pdata, LastWrite);
    70f6:	8656                	mv	a2,s5
    70f8:	85ca                	mv	a1,s2
    70fa:	0068                	add	a0,sp,12
    70fc:	379d                	jal	7062 <mem_cpy>
			result = _mxic_program(dev, addr, (unsigned int*)data, LastWrite);
    70fe:	86d6                	mv	a3,s5
    7100:	0070                	add	a2,sp,12
    7102:	85ce                	mv	a1,s3
    7104:	8552                	mv	a0,s4
    7106:	3dd5                	jal	6ffa <_mxic_program>
	return result;
    7108:	bff1                	j	70e4 <mxic_program+0x66>
		if(FirstWrite) {
    710a:	dc61                	beqz	s0,70e2 <mxic_program+0x64>
			FirstWrite = DataSize;
    710c:	84a2                	mv	s1,s0
			LastWrite = 0;
    710e:	4a81                	li	s5,0
			MidWrite = 0;
    7110:	4401                	li	s0,0
    7112:	b74d                	j	70b4 <mxic_program+0x36>

00007114 <flash_write>:
	if(dev && dev->w_protect == false) {
    7114:	c139                	beqz	a0,715a <flash_write+0x46>
{
    7116:	1101                	add	sp,sp,-32
    7118:	cc22                	sw	s0,24(sp)
    711a:	ce06                	sw	ra,28(sp)
	if(dev && dev->w_protect == false) {
    711c:	00754783          	lbu	a5,7(a0)
    7120:	842a                	mv	s0,a0
	int ret = -1;
    7122:	557d                	li	a0,-1
	if(dev && dev->w_protect == false) {
    7124:	e79d                	bnez	a5,7152 <flash_write+0x3e>
		if(RUN_WITHOUT_INT == dev->run_mod) {
    7126:	00644783          	lbu	a5,6(s0)
    712a:	eb91                	bnez	a5,713e <flash_write+0x2a>
			if(dev->interrupt_disable != NULL) {
    712c:	485c                	lw	a5,20(s0)
    712e:	cb81                	beqz	a5,713e <flash_write+0x2a>
    7130:	c636                	sw	a3,12(sp)
    7132:	c432                	sw	a2,8(sp)
    7134:	c22e                	sw	a1,4(sp)
				dev->interrupt_disable();
    7136:	9782                	jalr	a5
    7138:	46b2                	lw	a3,12(sp)
    713a:	4622                	lw	a2,8(sp)
    713c:	4592                	lw	a1,4(sp)
		ret = mxic_program(dev, (unsigned int)offset, (unsigned char *)data, (unsigned int)len);
    713e:	8522                	mv	a0,s0
    7140:	3f3d                	jal	707e <mxic_program>
		if(RUN_WITHOUT_INT == dev->run_mod) {
    7142:	00644783          	lbu	a5,6(s0)
    7146:	e791                	bnez	a5,7152 <flash_write+0x3e>
			if(dev->interrupt_enable != NULL) {
    7148:	481c                	lw	a5,16(s0)
    714a:	c781                	beqz	a5,7152 <flash_write+0x3e>
    714c:	c22a                	sw	a0,4(sp)
				dev->interrupt_enable();
    714e:	9782                	jalr	a5
    7150:	4512                	lw	a0,4(sp)
}
    7152:	40f2                	lw	ra,28(sp)
    7154:	4462                	lw	s0,24(sp)
    7156:	6105                	add	sp,sp,32
    7158:	8082                	ret
	int ret = -1;
    715a:	557d                	li	a0,-1
}
    715c:	8082                	ret

0000715e <_mxic_read>:
{
    715e:	7179                	add	sp,sp,-48
    7160:	d422                	sw	s0,40(sp)
    7162:	d226                	sw	s1,36(sp)
    7164:	d04a                	sw	s2,32(sp)
    7166:	cc52                	sw	s4,24(sp)
    7168:	ca56                	sw	s5,20(sp)
    716a:	d606                	sw	ra,44(sp)
    716c:	ce4e                	sw	s3,28(sp)
    716e:	8a2a                	mv	s4,a0
    7170:	84ae                	mv	s1,a1
    7172:	8932                	mv	s2,a2
    7174:	8436                	mv	s0,a3
        if(DataSize >= 0x200)
    7176:	20000a93          	li	s5,512
    while(DataSize) {
    717a:	e819                	bnez	s0,7190 <_mxic_read+0x32>
    717c:	4501                	li	a0,0
}
    717e:	50b2                	lw	ra,44(sp)
    7180:	5422                	lw	s0,40(sp)
    7182:	5492                	lw	s1,36(sp)
    7184:	5902                	lw	s2,32(sp)
    7186:	49f2                	lw	s3,28(sp)
    7188:	4a62                	lw	s4,24(sp)
    718a:	4ad2                	lw	s5,20(sp)
    718c:	6145                	add	sp,sp,48
    718e:	8082                	ret
        if(DataSize >= 0x200)
    7190:	0b5459b3          	minu	s3,s0,s5
        result = spirom_cmd_send(dev, SPIROM_CMD_READ, FlashAddr, CurrSize, (unsigned int*)start, &RetData);
    7194:	007c                	add	a5,sp,12
    7196:	874a                	mv	a4,s2
    7198:	86ce                	mv	a3,s3
    719a:	8626                	mv	a2,s1
    719c:	4581                	li	a1,0
    719e:	8552                	mv	a0,s4
    71a0:	c8cff0ef          	jal	662c <spirom_cmd_send>
        if(result != 0) {
    71a4:	fd69                	bnez	a0,717e <_mxic_read+0x20>
        FlashAddr += CurrSize;
    71a6:	94ce                	add	s1,s1,s3
        start += CurrSize;
    71a8:	994e                	add	s2,s2,s3
        DataSize -= CurrSize;
    71aa:	41340433          	sub	s0,s0,s3
    71ae:	b7f1                	j	717a <_mxic_read+0x1c>

000071b0 <mxic_read>:
{
    71b0:	7179                	add	sp,sp,-48
    71b2:	d04a                	sw	s2,32(sp)
		FirstRead = 4 - ((unsigned int)start & 0x3);
    71b4:	4791                	li	a5,4
    71b6:	00367913          	and	s2,a2,3
{
    71ba:	d422                	sw	s0,40(sp)
    71bc:	ce4e                	sw	s3,28(sp)
    71be:	cc52                	sw	s4,24(sp)
    71c0:	ca56                	sw	s5,20(sp)
    71c2:	d606                	sw	ra,44(sp)
    71c4:	d226                	sw	s1,36(sp)
    71c6:	c85a                	sw	s6,16(sp)
		FirstRead = 4 - ((unsigned int)start & 0x3);
    71c8:	41278933          	sub	s2,a5,s2
{
    71cc:	8aaa                	mv	s5,a0
    71ce:	8a2e                	mv	s4,a1
    71d0:	89b2                	mv	s3,a2
    71d2:	8436                	mv	s0,a3
		if(FirstRead == 4) {
    71d4:	00f91363          	bne	s2,a5,71da <mxic_read+0x2a>
			FirstRead = 0;
    71d8:	4901                	li	s2,0
		if(DataSize > FirstRead) {
    71da:	06897a63          	bgeu	s2,s0,724e <mxic_read+0x9e>
			LastRead = (DataSize - FirstRead) & 0x3;
    71de:	41240433          	sub	s0,s0,s2
    71e2:	00347b13          	and	s6,s0,3
			MidRead = DataSize - FirstRead - LastRead;
    71e6:	9871                	and	s0,s0,-4
		if(FirstRead) {
    71e8:	00090f63          	beqz	s2,7206 <mxic_read+0x56>
			result = _mxic_read(dev, addr, (unsigned int)data, FirstRead);
    71ec:	86ca                	mv	a3,s2
    71ee:	0070                	add	a2,sp,12
    71f0:	85d2                	mv	a1,s4
    71f2:	8556                	mv	a0,s5
    71f4:	37ad                	jal	715e <_mxic_read>
    71f6:	84aa                	mv	s1,a0
			if(result) break;
    71f8:	e505                	bnez	a0,7220 <mxic_read+0x70>
			mem_cpy(pdata, data, FirstRead);
    71fa:	854e                	mv	a0,s3
    71fc:	864a                	mv	a2,s2
    71fe:	006c                	add	a1,sp,12
    7200:	358d                	jal	7062 <mem_cpy>
			pdata += FirstRead;
    7202:	99ca                	add	s3,s3,s2
			addr += FirstRead;
    7204:	9a4a                	add	s4,s4,s2
		if(MidRead) {
    7206:	c811                	beqz	s0,721a <mxic_read+0x6a>
			result = _mxic_read(dev, addr, (unsigned int)pdata, MidRead);
    7208:	86a2                	mv	a3,s0
    720a:	864e                	mv	a2,s3
    720c:	85d2                	mv	a1,s4
    720e:	8556                	mv	a0,s5
    7210:	37b9                	jal	715e <_mxic_read>
    7212:	84aa                	mv	s1,a0
			if(result) break;
    7214:	e511                	bnez	a0,7220 <mxic_read+0x70>
			pdata += MidRead;
    7216:	99a2                	add	s3,s3,s0
			addr += MidRead;
    7218:	9a22                	add	s4,s4,s0
		if(LastRead) {
    721a:	000b1e63          	bnez	s6,7236 <mxic_read+0x86>
			MidRead = 0;
    721e:	4481                	li	s1,0
}
    7220:	50b2                	lw	ra,44(sp)
    7222:	5422                	lw	s0,40(sp)
    7224:	8526                	mv	a0,s1
    7226:	5902                	lw	s2,32(sp)
    7228:	5492                	lw	s1,36(sp)
    722a:	49f2                	lw	s3,28(sp)
    722c:	4a62                	lw	s4,24(sp)
    722e:	4ad2                	lw	s5,20(sp)
    7230:	4b42                	lw	s6,16(sp)
    7232:	6145                	add	sp,sp,48
    7234:	8082                	ret
			result = _mxic_read(dev, addr, (unsigned int)data, LastRead);
    7236:	86da                	mv	a3,s6
    7238:	0070                	add	a2,sp,12
    723a:	85d2                	mv	a1,s4
    723c:	8556                	mv	a0,s5
    723e:	3705                	jal	715e <_mxic_read>
    7240:	84aa                	mv	s1,a0
			if(result) break;
    7242:	fd79                	bnez	a0,7220 <mxic_read+0x70>
			mem_cpy(pdata, data, LastRead);
    7244:	865a                	mv	a2,s6
    7246:	006c                	add	a1,sp,12
    7248:	854e                	mv	a0,s3
    724a:	3d21                	jal	7062 <mem_cpy>
    return result;
    724c:	bfd1                	j	7220 <mxic_read+0x70>
		if(FirstRead) {
    724e:	d861                	beqz	s0,721e <mxic_read+0x6e>
			FirstRead = DataSize;
    7250:	8922                	mv	s2,s0
			LastRead = 0;
    7252:	4b01                	li	s6,0
			MidRead = 0;
    7254:	4401                	li	s0,0
    7256:	bf59                	j	71ec <mxic_read+0x3c>

00007258 <flash_read>:
		if(dev == NULL) break;
    7258:	cd1d                	beqz	a0,7296 <flash_read+0x3e>
{
    725a:	1101                	add	sp,sp,-32
    725c:	cc22                	sw	s0,24(sp)
    725e:	ce06                	sw	ra,28(sp)
		if(RUN_WITHOUT_INT == dev->run_mod) {
    7260:	00654783          	lbu	a5,6(a0)
    7264:	842a                	mv	s0,a0
    7266:	eb91                	bnez	a5,727a <flash_read+0x22>
			if(dev->interrupt_disable != NULL) {
    7268:	495c                	lw	a5,20(a0)
    726a:	cb81                	beqz	a5,727a <flash_read+0x22>
    726c:	c636                	sw	a3,12(sp)
    726e:	c432                	sw	a2,8(sp)
    7270:	c22e                	sw	a1,4(sp)
				dev->interrupt_disable();
    7272:	9782                	jalr	a5
    7274:	46b2                	lw	a3,12(sp)
    7276:	4622                	lw	a2,8(sp)
    7278:	4592                	lw	a1,4(sp)
		ret = mxic_read(dev, (unsigned int)offset, (unsigned char *)data, (unsigned int)len);
    727a:	8522                	mv	a0,s0
    727c:	3f15                	jal	71b0 <mxic_read>
		if(RUN_WITHOUT_INT == dev->run_mod) {
    727e:	00644783          	lbu	a5,6(s0)
    7282:	e791                	bnez	a5,728e <flash_read+0x36>
			if(dev->interrupt_enable != NULL) {
    7284:	481c                	lw	a5,16(s0)
    7286:	c781                	beqz	a5,728e <flash_read+0x36>
    7288:	c22a                	sw	a0,4(sp)
				dev->interrupt_enable();
    728a:	9782                	jalr	a5
    728c:	4512                	lw	a0,4(sp)
}
    728e:	40f2                	lw	ra,28(sp)
    7290:	4462                	lw	s0,24(sp)
    7292:	6105                	add	sp,sp,32
    7294:	8082                	ret
	int ret = -1;
    7296:	557d                	li	a0,-1
}
    7298:	8082                	ret

0000729a <mxic_set_wrsr>:
{
    729a:	7179                	add	sp,sp,-48
    729c:	d422                	sw	s0,40(sp)
    729e:	d606                	sw	ra,44(sp)
    72a0:	842a                	mv	s0,a0
    72a2:	c62e                	sw	a1,12(sp)
		result = mxic_wr_en(dev);
    72a4:	881ff0ef          	jal	6b24 <mxic_wr_en>
		if(result) break;
    72a8:	4632                	lw	a2,12(sp)
    72aa:	ed19                	bnez	a0,72c8 <mxic_set_wrsr+0x2e>
		result = spirom_cmd_send(dev, SPIROM_CMD_WRSR, uiStat, 0, NULL, &RetData);
    72ac:	087c                	add	a5,sp,28
    72ae:	4701                	li	a4,0
    72b0:	4681                	li	a3,0
    72b2:	45b5                	li	a1,13
    72b4:	8522                	mv	a0,s0
    72b6:	b76ff0ef          	jal	662c <spirom_cmd_send>
		if(result) break;
    72ba:	e519                	bnez	a0,72c8 <mxic_set_wrsr+0x2e>
		result = mxic_wr_rdy(dev);
    72bc:	8522                	mv	a0,s0
}
    72be:	5422                	lw	s0,40(sp)
    72c0:	50b2                	lw	ra,44(sp)
    72c2:	6145                	add	sp,sp,48
		result = mxic_wr_rdy(dev);
    72c4:	8b5ff06f          	j	6b78 <mxic_wr_rdy>
}
    72c8:	50b2                	lw	ra,44(sp)
    72ca:	5422                	lw	s0,40(sp)
    72cc:	6145                	add	sp,sp,48
    72ce:	8082                	ret

000072d0 <mxic_lock>:
{
    72d0:	1101                	add	sp,sp,-32
    spirom_cmd_send(dev, SPIROM_CMD_RDST, 0x0, 0, NULL, &RetData);
    72d2:	007c                	add	a5,sp,12
    72d4:	4701                	li	a4,0
    72d6:	4681                	li	a3,0
    72d8:	4601                	li	a2,0
    72da:	4589                	li	a1,2
{
    72dc:	ce06                	sw	ra,28(sp)
    72de:	cc22                	sw	s0,24(sp)
    unsigned int RetData = 0;
    72e0:	c602                	sw	zero,12(sp)
{
    72e2:	842a                	mv	s0,a0
    spirom_cmd_send(dev, SPIROM_CMD_RDST, 0x0, 0, NULL, &RetData);
    72e4:	b48ff0ef          	jal	662c <spirom_cmd_send>
    mxic_set_wrsr(dev, RetData | 0x3C);
    72e8:	45b2                	lw	a1,12(sp)
    72ea:	03c5e593          	or	a1,a1,60
    72ee:	8522                	mv	a0,s0
    72f0:	376d                	jal	729a <mxic_set_wrsr>
    spirom_cmd_send(dev, SPIROM_CMD_RDST, 0x0, 0, NULL, &RetData);
    72f2:	007c                	add	a5,sp,12
    72f4:	8522                	mv	a0,s0
    72f6:	4701                	li	a4,0
    72f8:	4681                	li	a3,0
    72fa:	4601                	li	a2,0
    72fc:	4589                	li	a1,2
    72fe:	b2eff0ef          	jal	662c <spirom_cmd_send>
}
    7302:	40f2                	lw	ra,28(sp)
    7304:	4462                	lw	s0,24(sp)
    7306:	4501                	li	a0,0
    7308:	6105                	add	sp,sp,32
    730a:	8082                	ret

0000730c <mxic_unlock>:
{
    730c:	1101                	add	sp,sp,-32
    spirom_cmd_send(dev, SPIROM_CMD_RDST, 0x0, 0, NULL, &RetData);
    730e:	007c                	add	a5,sp,12
    7310:	4701                	li	a4,0
    7312:	4681                	li	a3,0
    7314:	4601                	li	a2,0
    7316:	4589                	li	a1,2
{
    7318:	ce06                	sw	ra,28(sp)
    731a:	cc22                	sw	s0,24(sp)
    unsigned int RetData = 0;
    731c:	c602                	sw	zero,12(sp)
{
    731e:	842a                	mv	s0,a0
    spirom_cmd_send(dev, SPIROM_CMD_RDST, 0x0, 0, NULL, &RetData);
    7320:	b0cff0ef          	jal	662c <spirom_cmd_send>
    mxic_set_wrsr(dev, RetData & ~0x3C);
    7324:	45b2                	lw	a1,12(sp)
    7326:	fc35f593          	and	a1,a1,-61
    732a:	8522                	mv	a0,s0
    732c:	37bd                	jal	729a <mxic_set_wrsr>
    spirom_cmd_send(dev, SPIROM_CMD_RDST, 0x0, 0, NULL, &RetData);
    732e:	007c                	add	a5,sp,12
    7330:	8522                	mv	a0,s0
    7332:	4701                	li	a4,0
    7334:	4681                	li	a3,0
    7336:	4601                	li	a2,0
    7338:	4589                	li	a1,2
    733a:	af2ff0ef          	jal	662c <spirom_cmd_send>
}
    733e:	40f2                	lw	ra,28(sp)
    7340:	4462                	lw	s0,24(sp)
    7342:	4501                	li	a0,0
    7344:	6105                	add	sp,sp,32
    7346:	8082                	ret

00007348 <mxic_qd_bit>:
{
    7348:	1101                	add	sp,sp,-32
		result = spirom_cmd_send(dev, SPIROM_CMD_RDST2, 0x0, 0, NULL, &buf2);
    734a:	007c                	add	a5,sp,12
    734c:	4701                	li	a4,0
    734e:	4681                	li	a3,0
    7350:	4601                	li	a2,0
    7352:	45b9                	li	a1,14
{
    7354:	ce06                	sw	ra,28(sp)
		result = spirom_cmd_send(dev, SPIROM_CMD_RDST2, 0x0, 0, NULL, &buf2);
    7356:	ad6ff0ef          	jal	662c <spirom_cmd_send>
		if(result) break;
    735a:	e501                	bnez	a0,7362 <mxic_qd_bit+0x1a>
		if(buf2 & 0x2) {//if it is in QE mode, return 1, else return 0
    735c:	4532                	lw	a0,12(sp)
    735e:	48155513          	bext	a0,a0,0x1
}
    7362:	40f2                	lw	ra,28(sp)
    7364:	6105                	add	sp,sp,32
    7366:	8082                	ret

00007368 <mxic_enable_qd>:
{
    7368:	1101                	add	sp,sp,-32
		result = spirom_cmd_send(dev, SPIROM_CMD_RDST2, 0x0, 0, NULL, &buf2);
    736a:	003c                	add	a5,sp,8
    736c:	4701                	li	a4,0
    736e:	4681                	li	a3,0
    7370:	4601                	li	a2,0
    7372:	45b9                	li	a1,14
{
    7374:	ca26                	sw	s1,20(sp)
    7376:	ce06                	sw	ra,28(sp)
    7378:	cc22                	sw	s0,24(sp)
    737a:	84aa                	mv	s1,a0
		result = spirom_cmd_send(dev, SPIROM_CMD_RDST2, 0x0, 0, NULL, &buf2);
    737c:	ab0ff0ef          	jal	662c <spirom_cmd_send>
		if(result) break;
    7380:	e535                	bnez	a0,73ec <mxic_enable_qd+0x84>
		if(buf2 & 0x2) {//if it is in QE mode, return
    7382:	4422                	lw	s0,8(sp)
    7384:	00247793          	and	a5,s0,2
    7388:	e3b5                	bnez	a5,73ec <mxic_enable_qd+0x84>
			buf2 |= 0x2;
    738a:	00246413          	or	s0,s0,2
			result = spirom_cmd_send(dev, SPIROM_CMD_RDST, 0x0, 0, NULL, &buf_st12);
    738e:	007c                	add	a5,sp,12
    7390:	4701                	li	a4,0
    7392:	4681                	li	a3,0
    7394:	4601                	li	a2,0
    7396:	4589                	li	a1,2
    7398:	8526                	mv	a0,s1
			buf2 |= 0x2;
    739a:	c422                	sw	s0,8(sp)
			result = spirom_cmd_send(dev, SPIROM_CMD_RDST, 0x0, 0, NULL, &buf_st12);
    739c:	a90ff0ef          	jal	662c <spirom_cmd_send>
			if(result) break;
    73a0:	e531                	bnez	a0,73ec <mxic_enable_qd+0x84>
			buf_st12 |= (buf2 << 8);
    73a2:	47b2                	lw	a5,12(sp)
    73a4:	0422                	sll	s0,s0,0x8
    73a6:	8c5d                	or	s0,s0,a5
			result = mxic_wr_en(dev);
    73a8:	8526                	mv	a0,s1
			buf_st12 |= (buf2 << 8);
    73aa:	c622                	sw	s0,12(sp)
			result = mxic_wr_en(dev);
    73ac:	f78ff0ef          	jal	6b24 <mxic_wr_en>
			if(result) break;
    73b0:	ed15                	bnez	a0,73ec <mxic_enable_qd+0x84>
			result = spirom_cmd_send(dev, SPIROM_CMD_WRSR, buf_st12, 1, NULL, &buf1);
    73b2:	005c                	add	a5,sp,4
    73b4:	4701                	li	a4,0
    73b6:	4685                	li	a3,1
    73b8:	8622                	mv	a2,s0
    73ba:	45b5                	li	a1,13
    73bc:	8526                	mv	a0,s1
    73be:	a6eff0ef          	jal	662c <spirom_cmd_send>
			if(result) break;
    73c2:	e50d                	bnez	a0,73ec <mxic_enable_qd+0x84>
			result = mxic_wr_rdy(dev);
    73c4:	8526                	mv	a0,s1
    73c6:	fb2ff0ef          	jal	6b78 <mxic_wr_rdy>
			if(result) break;
    73ca:	e10d                	bnez	a0,73ec <mxic_enable_qd+0x84>
			result = spirom_cmd_send(dev, SPIROM_CMD_RDST2, 0x0, 0, NULL, &buf2);
    73cc:	003c                	add	a5,sp,8
    73ce:	4701                	li	a4,0
    73d0:	4681                	li	a3,0
    73d2:	4601                	li	a2,0
    73d4:	45b9                	li	a1,14
    73d6:	8526                	mv	a0,s1
    73d8:	a54ff0ef          	jal	662c <spirom_cmd_send>
			if(result) break;
    73dc:	e901                	bnez	a0,73ec <mxic_enable_qd+0x84>
			if(buf2 & 0x2) {//QE mode enabled
    73de:	4522                	lw	a0,8(sp)
    73e0:	00254513          	xor	a0,a0,2
    73e4:	48155513          	bext	a0,a0,0x1
    73e8:	40a00533          	neg	a0,a0
}
    73ec:	40f2                	lw	ra,28(sp)
    73ee:	4462                	lw	s0,24(sp)
    73f0:	44d2                	lw	s1,20(sp)
    73f2:	6105                	add	sp,sp,32
    73f4:	8082                	ret

000073f6 <mxic_disable_qd>:
{
    73f6:	1101                	add	sp,sp,-32
		result = spirom_cmd_send(dev, SPIROM_CMD_RDST2, 0x0, 0, NULL, &buf2);
    73f8:	003c                	add	a5,sp,8
    73fa:	4701                	li	a4,0
    73fc:	4681                	li	a3,0
    73fe:	4601                	li	a2,0
    7400:	45b9                	li	a1,14
{
    7402:	ca26                	sw	s1,20(sp)
    7404:	ce06                	sw	ra,28(sp)
    7406:	cc22                	sw	s0,24(sp)
    7408:	84aa                	mv	s1,a0
		result = spirom_cmd_send(dev, SPIROM_CMD_RDST2, 0x0, 0, NULL, &buf2);
    740a:	a22ff0ef          	jal	662c <spirom_cmd_send>
		if(result) break;
    740e:	e921                	bnez	a0,745e <mxic_disable_qd+0x68>
		if(buf2 & 0x2) {//if it is in QE mode
    7410:	4422                	lw	s0,8(sp)
    7412:	00247793          	and	a5,s0,2
    7416:	c7a1                	beqz	a5,745e <mxic_disable_qd+0x68>
			buf2 &= ~0x2;
    7418:	9875                	and	s0,s0,-3
			result = spirom_cmd_send(dev, SPIROM_CMD_RDST, 0x0, 0, NULL, &buf_st12);
    741a:	007c                	add	a5,sp,12
    741c:	4701                	li	a4,0
    741e:	4681                	li	a3,0
    7420:	4601                	li	a2,0
    7422:	4589                	li	a1,2
    7424:	8526                	mv	a0,s1
			buf2 &= ~0x2;
    7426:	c422                	sw	s0,8(sp)
			result = spirom_cmd_send(dev, SPIROM_CMD_RDST, 0x0, 0, NULL, &buf_st12);
    7428:	a04ff0ef          	jal	662c <spirom_cmd_send>
			if(result) break;
    742c:	e90d                	bnez	a0,745e <mxic_disable_qd+0x68>
			buf_st12 |= (buf2 << 8);
    742e:	47b2                	lw	a5,12(sp)
    7430:	0422                	sll	s0,s0,0x8
    7432:	8c5d                	or	s0,s0,a5
			result = mxic_wr_en(dev);
    7434:	8526                	mv	a0,s1
			buf_st12 |= (buf2 << 8);
    7436:	c622                	sw	s0,12(sp)
			result = mxic_wr_en(dev);
    7438:	eecff0ef          	jal	6b24 <mxic_wr_en>
			if(result) break;
    743c:	e10d                	bnez	a0,745e <mxic_disable_qd+0x68>
			result = spirom_cmd_send(dev, SPIROM_CMD_WRSR, buf_st12, 1, NULL, &buf1);
    743e:	005c                	add	a5,sp,4
    7440:	4701                	li	a4,0
    7442:	4685                	li	a3,1
    7444:	8622                	mv	a2,s0
    7446:	45b5                	li	a1,13
    7448:	8526                	mv	a0,s1
    744a:	9e2ff0ef          	jal	662c <spirom_cmd_send>
			if(result) break;
    744e:	e901                	bnez	a0,745e <mxic_disable_qd+0x68>
}
    7450:	4462                	lw	s0,24(sp)
    7452:	40f2                	lw	ra,28(sp)
			result = mxic_wr_rdy(dev);
    7454:	8526                	mv	a0,s1
}
    7456:	44d2                	lw	s1,20(sp)
    7458:	6105                	add	sp,sp,32
			result = mxic_wr_rdy(dev);
    745a:	f1eff06f          	j	6b78 <mxic_wr_rdy>
}
    745e:	40f2                	lw	ra,28(sp)
    7460:	4462                	lw	s0,24(sp)
    7462:	44d2                	lw	s1,20(sp)
    7464:	6105                	add	sp,sp,32
    7466:	8082                	ret

00007468 <mxic_enable_dc>:
{
    7468:	7179                	add	sp,sp,-48
		result = spirom_cmd_send(dev, SPIROM_CMD_RDST3, 0x0, 0, NULL, &buf2);
    746a:	087c                	add	a5,sp,28
    746c:	4701                	li	a4,0
    746e:	4681                	li	a3,0
    7470:	4601                	li	a2,0
    7472:	45c9                	li	a1,18
{
    7474:	d422                	sw	s0,40(sp)
    7476:	d606                	sw	ra,44(sp)
    7478:	842a                	mv	s0,a0
		result = spirom_cmd_send(dev, SPIROM_CMD_RDST3, 0x0, 0, NULL, &buf2);
    747a:	9b2ff0ef          	jal	662c <spirom_cmd_send>
		if(result) break;
    747e:	ed05                	bnez	a0,74b6 <mxic_enable_dc+0x4e>
		if(buf2 & 0x1) { //if DC bit is set
    7480:	4672                	lw	a2,28(sp)
    7482:	00167793          	and	a5,a2,1
    7486:	eb85                	bnez	a5,74b6 <mxic_enable_dc+0x4e>
			buf2 |= 0x1;
    7488:	00166613          	or	a2,a2,1
			result = mxic_wr_en(dev);
    748c:	8522                	mv	a0,s0
			buf2 |= 0x1;
    748e:	ce32                	sw	a2,28(sp)
    7490:	c632                	sw	a2,12(sp)
			result = mxic_wr_en(dev);
    7492:	e92ff0ef          	jal	6b24 <mxic_wr_en>
			if(result) break;
    7496:	4632                	lw	a2,12(sp)
    7498:	ed19                	bnez	a0,74b6 <mxic_enable_dc+0x4e>
			result = spirom_cmd_send(dev, SPIROM_CMD_WRSR3, buf2, 0, NULL, &buf1);
    749a:	083c                	add	a5,sp,24
    749c:	4701                	li	a4,0
    749e:	4681                	li	a3,0
    74a0:	45cd                	li	a1,19
    74a2:	8522                	mv	a0,s0
    74a4:	988ff0ef          	jal	662c <spirom_cmd_send>
			if(result) break;
    74a8:	e519                	bnez	a0,74b6 <mxic_enable_dc+0x4e>
			result = mxic_wr_rdy(dev);
    74aa:	8522                	mv	a0,s0
}
    74ac:	5422                	lw	s0,40(sp)
    74ae:	50b2                	lw	ra,44(sp)
    74b0:	6145                	add	sp,sp,48
			result = mxic_wr_rdy(dev);
    74b2:	ec6ff06f          	j	6b78 <mxic_wr_rdy>
}
    74b6:	50b2                	lw	ra,44(sp)
    74b8:	5422                	lw	s0,40(sp)
    74ba:	6145                	add	sp,sp,48
    74bc:	8082                	ret

000074be <mxic_disable_dc>:
{
    74be:	7179                	add	sp,sp,-48
		result = spirom_cmd_send(dev, SPIROM_CMD_RDST3, 0x0, 0, NULL, &buf2);
    74c0:	087c                	add	a5,sp,28
    74c2:	4701                	li	a4,0
    74c4:	4681                	li	a3,0
    74c6:	4601                	li	a2,0
    74c8:	45c9                	li	a1,18
{
    74ca:	d422                	sw	s0,40(sp)
    74cc:	d606                	sw	ra,44(sp)
    74ce:	842a                	mv	s0,a0
		result = spirom_cmd_send(dev, SPIROM_CMD_RDST3, 0x0, 0, NULL, &buf2);
    74d0:	95cff0ef          	jal	662c <spirom_cmd_send>
		if(result) break;
    74d4:	e91d                	bnez	a0,750a <mxic_disable_dc+0x4c>
		if(buf2 & 0x1) { //if DC bit is set
    74d6:	4672                	lw	a2,28(sp)
    74d8:	00167793          	and	a5,a2,1
    74dc:	c79d                	beqz	a5,750a <mxic_disable_dc+0x4c>
			buf2 &= ~0x1;
    74de:	9a79                	and	a2,a2,-2
			result = mxic_wr_en(dev);
    74e0:	8522                	mv	a0,s0
			buf2 &= ~0x1;
    74e2:	ce32                	sw	a2,28(sp)
    74e4:	c632                	sw	a2,12(sp)
			result = mxic_wr_en(dev);
    74e6:	e3eff0ef          	jal	6b24 <mxic_wr_en>
			if(result) break;
    74ea:	4632                	lw	a2,12(sp)
    74ec:	ed19                	bnez	a0,750a <mxic_disable_dc+0x4c>
			result = spirom_cmd_send(dev, SPIROM_CMD_WRSR3, buf2, 0, NULL, &buf1);
    74ee:	083c                	add	a5,sp,24
    74f0:	4701                	li	a4,0
    74f2:	4681                	li	a3,0
    74f4:	45cd                	li	a1,19
    74f6:	8522                	mv	a0,s0
    74f8:	934ff0ef          	jal	662c <spirom_cmd_send>
			if(result) break;
    74fc:	e519                	bnez	a0,750a <mxic_disable_dc+0x4c>
			result = mxic_wr_rdy(dev);
    74fe:	8522                	mv	a0,s0
}
    7500:	5422                	lw	s0,40(sp)
    7502:	50b2                	lw	ra,44(sp)
    7504:	6145                	add	sp,sp,48
			result = mxic_wr_rdy(dev);
    7506:	e72ff06f          	j	6b78 <mxic_wr_rdy>
}
    750a:	50b2                	lw	ra,44(sp)
    750c:	5422                	lw	s0,40(sp)
    750e:	6145                	add	sp,sp,48
    7510:	8082                	ret

00007512 <mxic_get_dc>:
{
    7512:	1101                	add	sp,sp,-32
    7514:	cc22                	sw	s0,24(sp)
		result = spirom_cmd_send(dev, SPIROM_CMD_RDST3, 0x0, 0, NULL, &buf2);
    7516:	007c                	add	a5,sp,12
{
    7518:	842e                	mv	s0,a1
		result = spirom_cmd_send(dev, SPIROM_CMD_RDST3, 0x0, 0, NULL, &buf2);
    751a:	4701                	li	a4,0
    751c:	4681                	li	a3,0
    751e:	4601                	li	a2,0
    7520:	45c9                	li	a1,18
{
    7522:	ce06                	sw	ra,28(sp)
		result = spirom_cmd_send(dev, SPIROM_CMD_RDST3, 0x0, 0, NULL, &buf2);
    7524:	908ff0ef          	jal	662c <spirom_cmd_send>
		if(result) break;
    7528:	e509                	bnez	a0,7532 <mxic_get_dc+0x20>
		*dc = buf2 & 0x1;
    752a:	47b2                	lw	a5,12(sp)
    752c:	8b85                	and	a5,a5,1
    752e:	00f40023          	sb	a5,0(s0)
}
    7532:	40f2                	lw	ra,28(sp)
    7534:	4462                	lw	s0,24(sp)
    7536:	6105                	add	sp,sp,32
    7538:	8082                	ret

0000753a <mxic_security_program>:
{
    753a:	7179                	add	sp,sp,-48
    753c:	d422                	sw	s0,40(sp)
    753e:	d226                	sw	s1,36(sp)
    7540:	d606                	sw	ra,44(sp)
    7542:	842a                	mv	s0,a0
    7544:	84ae                	mv	s1,a1
    7546:	c632                	sw	a2,12(sp)
    7548:	c436                	sw	a3,8(sp)
	result = mxic_wr_en(dev);
    754a:	ddaff0ef          	jal	6b24 <mxic_wr_en>
	if(result) return result;
    754e:	e10d                	bnez	a0,7570 <mxic_security_program+0x36>
	result = spirom_cmd_send(dev, SPIROM_CMD_SEC_PRGM, FlashAddr, DataSize, (unsigned int*)start, &RetData);
    7550:	087c                	add	a5,sp,28
    7552:	4732                	lw	a4,12(sp)
    7554:	46a2                	lw	a3,8(sp)
    7556:	8626                	mv	a2,s1
    7558:	45e1                	li	a1,24
    755a:	8522                	mv	a0,s0
    755c:	8d0ff0ef          	jal	662c <spirom_cmd_send>
	if(result != 0) {
    7560:	e901                	bnez	a0,7570 <mxic_security_program+0x36>
	result = mxic_wr_rdy(dev);
    7562:	8522                	mv	a0,s0
}
    7564:	5422                	lw	s0,40(sp)
    7566:	50b2                	lw	ra,44(sp)
    7568:	5492                	lw	s1,36(sp)
    756a:	6145                	add	sp,sp,48
	result = mxic_wr_rdy(dev);
    756c:	e0cff06f          	j	6b78 <mxic_wr_rdy>
}
    7570:	50b2                	lw	ra,44(sp)
    7572:	5422                	lw	s0,40(sp)
    7574:	5492                	lw	s1,36(sp)
    7576:	6145                	add	sp,sp,48
    7578:	8082                	ret

0000757a <flash_security_write>:
	if(dev && dev->w_protect == false) {
    757a:	c139                	beqz	a0,75c0 <flash_security_write+0x46>
{
    757c:	1101                	add	sp,sp,-32
    757e:	cc22                	sw	s0,24(sp)
    7580:	ce06                	sw	ra,28(sp)
	if(dev && dev->w_protect == false) {
    7582:	00754783          	lbu	a5,7(a0)
    7586:	842a                	mv	s0,a0
	int ret = -1;
    7588:	557d                	li	a0,-1
	if(dev && dev->w_protect == false) {
    758a:	e79d                	bnez	a5,75b8 <flash_security_write+0x3e>
		if(RUN_WITHOUT_INT == dev->run_mod) {
    758c:	00644783          	lbu	a5,6(s0)
    7590:	eb91                	bnez	a5,75a4 <flash_security_write+0x2a>
			if(dev->interrupt_disable != NULL) {
    7592:	485c                	lw	a5,20(s0)
    7594:	cb81                	beqz	a5,75a4 <flash_security_write+0x2a>
    7596:	c636                	sw	a3,12(sp)
    7598:	c432                	sw	a2,8(sp)
    759a:	c22e                	sw	a1,4(sp)
				dev->interrupt_disable();
    759c:	9782                	jalr	a5
    759e:	46b2                	lw	a3,12(sp)
    75a0:	4622                	lw	a2,8(sp)
    75a2:	4592                	lw	a1,4(sp)
		ret = mxic_security_program(dev, (unsigned int)offset, (unsigned char *)data, (unsigned int)len);
    75a4:	8522                	mv	a0,s0
    75a6:	3f51                	jal	753a <mxic_security_program>
		if(RUN_WITHOUT_INT == dev->run_mod) {
    75a8:	00644783          	lbu	a5,6(s0)
    75ac:	e791                	bnez	a5,75b8 <flash_security_write+0x3e>
			if(dev->interrupt_enable != NULL) {
    75ae:	481c                	lw	a5,16(s0)
    75b0:	c781                	beqz	a5,75b8 <flash_security_write+0x3e>
    75b2:	c22a                	sw	a0,4(sp)
				dev->interrupt_enable();
    75b4:	9782                	jalr	a5
    75b6:	4512                	lw	a0,4(sp)
}
    75b8:	40f2                	lw	ra,28(sp)
    75ba:	4462                	lw	s0,24(sp)
    75bc:	6105                	add	sp,sp,32
    75be:	8082                	ret
	int ret = -1;
    75c0:	557d                	li	a0,-1
}
    75c2:	8082                	ret

000075c4 <mxic_security_erase>:
{
    75c4:	7179                	add	sp,sp,-48
    75c6:	d422                	sw	s0,40(sp)
    75c8:	d606                	sw	ra,44(sp)
    75ca:	842a                	mv	s0,a0
    75cc:	c62e                	sw	a1,12(sp)
	result = mxic_wr_en(dev);
    75ce:	d56ff0ef          	jal	6b24 <mxic_wr_en>
	if(result) return result;
    75d2:	e105                	bnez	a0,75f2 <mxic_security_erase+0x2e>
	result = spirom_cmd_send(dev, SPIROM_CMD_SEC_ERASE, FlashAddr, 0, NULL, &RetData);
    75d4:	087c                	add	a5,sp,28
    75d6:	4701                	li	a4,0
    75d8:	4681                	li	a3,0
    75da:	4632                	lw	a2,12(sp)
    75dc:	45e5                	li	a1,25
    75de:	8522                	mv	a0,s0
    75e0:	84cff0ef          	jal	662c <spirom_cmd_send>
	if(result != 0) {
    75e4:	e519                	bnez	a0,75f2 <mxic_security_erase+0x2e>
	result = mxic_wr_rdy(dev);
    75e6:	8522                	mv	a0,s0
}
    75e8:	5422                	lw	s0,40(sp)
    75ea:	50b2                	lw	ra,44(sp)
    75ec:	6145                	add	sp,sp,48
	result = mxic_wr_rdy(dev);
    75ee:	d8aff06f          	j	6b78 <mxic_wr_rdy>
}
    75f2:	50b2                	lw	ra,44(sp)
    75f4:	5422                	lw	s0,40(sp)
    75f6:	6145                	add	sp,sp,48
    75f8:	8082                	ret

000075fa <flash_security_erase>:
	if(dev && dev->w_protect == false) {
    75fa:	cd1d                	beqz	a0,7638 <flash_security_erase+0x3e>
{
    75fc:	1101                	add	sp,sp,-32
    75fe:	cc22                	sw	s0,24(sp)
    7600:	ce06                	sw	ra,28(sp)
	if(dev && dev->w_protect == false) {
    7602:	00754783          	lbu	a5,7(a0)
    7606:	842a                	mv	s0,a0
	int ret = -1;
    7608:	557d                	li	a0,-1
	if(dev && dev->w_protect == false) {
    760a:	e39d                	bnez	a5,7630 <flash_security_erase+0x36>
		if(RUN_WITHOUT_INT == dev->run_mod) {
    760c:	00644783          	lbu	a5,6(s0)
    7610:	e791                	bnez	a5,761c <flash_security_erase+0x22>
			if(dev->interrupt_disable != NULL) {
    7612:	485c                	lw	a5,20(s0)
    7614:	c781                	beqz	a5,761c <flash_security_erase+0x22>
    7616:	c62e                	sw	a1,12(sp)
				dev->interrupt_disable();
    7618:	9782                	jalr	a5
    761a:	45b2                	lw	a1,12(sp)
		ret = mxic_security_erase(dev, (unsigned int)offset);
    761c:	8522                	mv	a0,s0
    761e:	375d                	jal	75c4 <mxic_security_erase>
		if(RUN_WITHOUT_INT == dev->run_mod) {
    7620:	00644783          	lbu	a5,6(s0)
    7624:	e791                	bnez	a5,7630 <flash_security_erase+0x36>
			if(dev->interrupt_enable != NULL) {
    7626:	481c                	lw	a5,16(s0)
    7628:	c781                	beqz	a5,7630 <flash_security_erase+0x36>
    762a:	c62a                	sw	a0,12(sp)
				dev->interrupt_enable();
    762c:	9782                	jalr	a5
    762e:	4532                	lw	a0,12(sp)
}
    7630:	40f2                	lw	ra,28(sp)
    7632:	4462                	lw	s0,24(sp)
    7634:	6105                	add	sp,sp,32
    7636:	8082                	ret
	int ret = -1;
    7638:	557d                	li	a0,-1
}
    763a:	8082                	ret

0000763c <mxic_security_read>:
{
    763c:	1101                	add	sp,sp,-32
    763e:	8732                	mv	a4,a2
	result = spirom_cmd_send(dev, SPIROM_CMD_SEC_READ, FlashAddr, DataSize, (unsigned int*)start, &RetData);
    7640:	007c                	add	a5,sp,12
    7642:	862e                	mv	a2,a1
    7644:	45e9                	li	a1,26
{
    7646:	ce06                	sw	ra,28(sp)
	result = spirom_cmd_send(dev, SPIROM_CMD_SEC_READ, FlashAddr, DataSize, (unsigned int*)start, &RetData);
    7648:	fe5fe0ef          	jal	662c <spirom_cmd_send>
}
    764c:	40f2                	lw	ra,28(sp)
    764e:	6105                	add	sp,sp,32
    7650:	8082                	ret

00007652 <flash_security_read>:
		if(dev == NULL) break;
    7652:	cd1d                	beqz	a0,7690 <flash_security_read+0x3e>
{
    7654:	1101                	add	sp,sp,-32
    7656:	cc22                	sw	s0,24(sp)
    7658:	ce06                	sw	ra,28(sp)
		if(RUN_WITHOUT_INT == dev->run_mod) {
    765a:	00654783          	lbu	a5,6(a0)
    765e:	842a                	mv	s0,a0
    7660:	eb91                	bnez	a5,7674 <flash_security_read+0x22>
			if(dev->interrupt_disable != NULL) {
    7662:	495c                	lw	a5,20(a0)
    7664:	cb81                	beqz	a5,7674 <flash_security_read+0x22>
    7666:	c636                	sw	a3,12(sp)
    7668:	c432                	sw	a2,8(sp)
    766a:	c22e                	sw	a1,4(sp)
				dev->interrupt_disable();
    766c:	9782                	jalr	a5
    766e:	46b2                	lw	a3,12(sp)
    7670:	4622                	lw	a2,8(sp)
    7672:	4592                	lw	a1,4(sp)
		ret = mxic_security_read(dev, (unsigned int)offset, (unsigned char *)data, (unsigned int)len);
    7674:	8522                	mv	a0,s0
    7676:	37d9                	jal	763c <mxic_security_read>
		if(RUN_WITHOUT_INT == dev->run_mod) {
    7678:	00644783          	lbu	a5,6(s0)
    767c:	e791                	bnez	a5,7688 <flash_security_read+0x36>
			if(dev->interrupt_enable != NULL) {
    767e:	481c                	lw	a5,16(s0)
    7680:	c781                	beqz	a5,7688 <flash_security_read+0x36>
    7682:	c22a                	sw	a0,4(sp)
				dev->interrupt_enable();
    7684:	9782                	jalr	a5
    7686:	4512                	lw	a0,4(sp)
}
    7688:	40f2                	lw	ra,28(sp)
    768a:	4462                	lw	s0,24(sp)
    768c:	6105                	add	sp,sp,32
    768e:	8082                	ret
	int ret = -1;
    7690:	557d                	li	a0,-1
}
    7692:	8082                	ret

00007694 <mxic_deep_power_down>:
{
    7694:	1101                	add	sp,sp,-32
	result = spirom_cmd_send(dev, SPIROM_CMD_PD, 0x0, 0, NULL, &RetData);
    7696:	007c                	add	a5,sp,12
    7698:	4701                	li	a4,0
    769a:	4681                	li	a3,0
    769c:	4601                	li	a2,0
    769e:	45ed                	li	a1,27
{
    76a0:	ce06                	sw	ra,28(sp)
	result = spirom_cmd_send(dev, SPIROM_CMD_PD, 0x0, 0, NULL, &RetData);
    76a2:	f8bfe0ef          	jal	662c <spirom_cmd_send>
}
    76a6:	40f2                	lw	ra,28(sp)
    76a8:	6105                	add	sp,sp,32
    76aa:	8082                	ret

000076ac <mxic_release_deep_power_down>:
{
    76ac:	1101                	add	sp,sp,-32
	result = spirom_cmd_send(dev, SPIROM_CMD_REL_PD, 0x0, 0, NULL, &RetData);
    76ae:	007c                	add	a5,sp,12
    76b0:	4701                	li	a4,0
    76b2:	4681                	li	a3,0
    76b4:	4601                	li	a2,0
    76b6:	45f1                	li	a1,28
{
    76b8:	ce06                	sw	ra,28(sp)
	result = spirom_cmd_send(dev, SPIROM_CMD_REL_PD, 0x0, 0, NULL, &RetData);
    76ba:	f73fe0ef          	jal	662c <spirom_cmd_send>
}
    76be:	40f2                	lw	ra,28(sp)
    76c0:	6105                	add	sp,sp,32
    76c2:	8082                	ret

000076c4 <mxic_write_lock_bit>:
{
    76c4:	7179                	add	sp,sp,-48
    76c6:	d04a                	sw	s2,32(sp)
		result = spirom_cmd_send(dev, SPIROM_CMD_RDST2, 0x0, 0, NULL, &buf2);
    76c8:	003c                	add	a5,sp,8
{
    76ca:	892e                	mv	s2,a1
		result = spirom_cmd_send(dev, SPIROM_CMD_RDST2, 0x0, 0, NULL, &buf2);
    76cc:	4701                	li	a4,0
    76ce:	4681                	li	a3,0
    76d0:	4601                	li	a2,0
    76d2:	45b9                	li	a1,14
{
    76d4:	d422                	sw	s0,40(sp)
    76d6:	ce4e                	sw	s3,28(sp)
    76d8:	d606                	sw	ra,44(sp)
    76da:	d226                	sw	s1,36(sp)
    76dc:	89aa                	mv	s3,a0
		result = spirom_cmd_send(dev, SPIROM_CMD_RDST2, 0x0, 0, NULL, &buf2);
    76de:	f4ffe0ef          	jal	662c <spirom_cmd_send>
    76e2:	842a                	mv	s0,a0
		if(result) break;
    76e4:	e12d                	bnez	a0,7746 <mxic_write_lock_bit+0x82>
		if(buf2 & value) {
    76e6:	44a2                	lw	s1,8(sp)
    76e8:	009977b3          	and	a5,s2,s1
    76ec:	efa9                	bnez	a5,7746 <mxic_write_lock_bit+0x82>
			buf2 |= value;
    76ee:	009964b3          	or	s1,s2,s1
			result = spirom_cmd_send(dev, SPIROM_CMD_RDST, 0x0, 0, NULL, &buf_st12);
    76f2:	007c                	add	a5,sp,12
    76f4:	4701                	li	a4,0
    76f6:	4681                	li	a3,0
    76f8:	4601                	li	a2,0
    76fa:	4589                	li	a1,2
    76fc:	854e                	mv	a0,s3
			buf2 |= value;
    76fe:	c426                	sw	s1,8(sp)
			result = spirom_cmd_send(dev, SPIROM_CMD_RDST, 0x0, 0, NULL, &buf_st12);
    7700:	f2dfe0ef          	jal	662c <spirom_cmd_send>
			if(result) break;
    7704:	e929                	bnez	a0,7756 <mxic_write_lock_bit+0x92>
			buf_st12 |= (buf2 << 8);
    7706:	47b2                	lw	a5,12(sp)
    7708:	04a2                	sll	s1,s1,0x8
    770a:	8cdd                	or	s1,s1,a5
			result = mxic_wr_en(dev);
    770c:	854e                	mv	a0,s3
			buf_st12 |= (buf2 << 8);
    770e:	c626                	sw	s1,12(sp)
			result = mxic_wr_en(dev);
    7710:	c14ff0ef          	jal	6b24 <mxic_wr_en>
			if(result) break;
    7714:	e129                	bnez	a0,7756 <mxic_write_lock_bit+0x92>
			result = spirom_cmd_send(dev, SPIROM_CMD_WRSR, buf_st12, 0, NULL, &buf1);
    7716:	005c                	add	a5,sp,4
    7718:	4701                	li	a4,0
    771a:	4681                	li	a3,0
    771c:	8626                	mv	a2,s1
    771e:	45b5                	li	a1,13
    7720:	854e                	mv	a0,s3
    7722:	f0bfe0ef          	jal	662c <spirom_cmd_send>
			if(result) break;
    7726:	e905                	bnez	a0,7756 <mxic_write_lock_bit+0x92>
			result = spirom_cmd_send(dev, SPIROM_CMD_RDST2, 0x0, 0, NULL, &buf2);
    7728:	003c                	add	a5,sp,8
    772a:	4701                	li	a4,0
    772c:	4681                	li	a3,0
    772e:	4601                	li	a2,0
    7730:	45b9                	li	a1,14
    7732:	854e                	mv	a0,s3
    7734:	ef9fe0ef          	jal	662c <spirom_cmd_send>
			if(result) break;
    7738:	ed19                	bnez	a0,7756 <mxic_write_lock_bit+0x92>
			if(buf2 & value) {
    773a:	47a2                	lw	a5,8(sp)
    773c:	00f97933          	and	s2,s2,a5
				return -1;
    7740:	557d                	li	a0,-1
			if(buf2 & value) {
    7742:	00090363          	beqz	s2,7748 <mxic_write_lock_bit+0x84>
	return result;
    7746:	8522                	mv	a0,s0
}
    7748:	50b2                	lw	ra,44(sp)
    774a:	5422                	lw	s0,40(sp)
    774c:	5492                	lw	s1,36(sp)
    774e:	5902                	lw	s2,32(sp)
    7750:	49f2                	lw	s3,28(sp)
    7752:	6145                	add	sp,sp,48
    7754:	8082                	ret
			result = spirom_cmd_send(dev, SPIROM_CMD_RDST2, 0x0, 0, NULL, &buf2);
    7756:	842a                	mv	s0,a0
    7758:	b7fd                	j	7746 <mxic_write_lock_bit+0x82>

0000775a <mxic_read_uinque_id>:
{
    775a:	1101                	add	sp,sp,-32
    775c:	872e                	mv	a4,a1
	result = spirom_cmd_send(dev, SPIROM_CMD_RUID, 0x0, 16, (unsigned int*)buff, &RetData);
    775e:	007c                	add	a5,sp,12
    7760:	46c1                	li	a3,16
    7762:	4601                	li	a2,0
    7764:	45dd                	li	a1,23
{
    7766:	ce06                	sw	ra,28(sp)
	result = spirom_cmd_send(dev, SPIROM_CMD_RUID, 0x0, 16, (unsigned int*)buff, &RetData);
    7768:	ec5fe0ef          	jal	662c <spirom_cmd_send>
}
    776c:	40f2                	lw	ra,28(sp)
    776e:	6105                	add	sp,sp,32
    7770:	8082                	ret
