
../../../out/arcs/boot_cp:     file format elf32-littleriscv


Disassembly of section .init:

00200000 <vector_base>:
  200000:	6f 00 00 1c 58 15 20 00 66 15 20 00 e8 60 20 00     o...X. .f. ..` .
  200010:	74 15 20 00 82 15 20 00 90 15 20 00 9e 15 20 00     t. ... ... ... .
  200020:	ac 15 20 00 ba 15 20 00 c8 15 20 00 d6 15 20 00     .. ... ... ... .
  200030:	e4 15 20 00 f2 15 20 00 00 16 20 00 0e 16 20 00     .. ... ... ... .
  200040:	1c 16 20 00 2a 16 20 00 38 16 20 00 46 16 20 00     .. .*. .8. .F. .
  200050:	54 16 20 00 62 16 20 00 70 16 20 00 7e 16 20 00     T. .b. .p. .~. .
  200060:	8c 16 20 00 9a 16 20 00 a8 16 20 00 b6 16 20 00     .. ... ... ... .
  200070:	c4 16 20 00 d2 16 20 00 e0 16 20 00 ee 16 20 00     .. ... ... ... .
  200080:	fc 16 20 00 08 17 20 00 14 17 20 00 20 17 20 00     .. ... ... . . .
  200090:	2c 17 20 00 38 17 20 00 44 17 20 00 50 17 20 00     ,. .8. .D. .P. .
  2000a0:	5c 17 20 00 68 17 20 00 74 17 20 00 80 17 20 00     \. .h. .t. ... .
  2000b0:	8c 17 20 00 98 17 20 00 a4 17 20 00 b0 17 20 00     .. ... ... ... .
  2000c0:	bc 17 20 00 c8 17 20 00 d4 17 20 00 e0 17 20 00     .. ... ... ... .
  2000d0:	ec 17 20 00 f8 17 20 00 04 18 20 00 10 18 20 00     .. ... ... ... .
  2000e0:	1c 18 20 00 28 18 20 00 34 18 20 00 40 18 20 00     .. .(. .4. .@. .
  2000f0:	4c 18 20 00 58 18 20 00 64 18 20 00 70 18 20 00     L. .X. .d. .p. .
  200100:	7c 18 20 00 88 18 20 00 94 18 20 00 a0 18 20 00     |. ... ... ... .
  200110:	ac 18 20 00 b8 18 20 00 c4 18 20 00 d0 18 20 00     .. ... ... ... .
  200120:	dc 18 20 00 e8 18 20 00 f4 18 20 00 00 19 20 00     .. ... ... ... .
  200130:	0c 19 20 00 18 19 20 00 00 00 00 00 00 00 00 00     .. ... .........
  200140:	48 72 01 04 00 00 00 00 00 00 20 00 01 00 03 00     Hr........ .....
  200150:	41 52 43 53 5f 41 50 50 00 00 00 00 00 00 00 00     ARCS_APP........
	...

00200180 <__sync_harts>:
#define CLINT_MSIP(base, hartid)    (*(volatile uint32_t *)((uintptr_t)((base) + ((hartid) * 4))))
#define SMP_CTRLREG(base, ofs)      (*(volatile uint32_t *)((uintptr_t)((base) + (ofs))))

__attribute__((section(".init"))) void __sync_harts(void)
{
}
  200180:	8082                	ret
	...

002001c0 <_start>:
 * Reset Handler called on controller reset
 */
_start:
    /* ===== Startup Stage 1 ===== */
    /* Disable Global Interrupt */
    csrc CSR_MSTATUS, MSTATUS_MIE
  2001c0:	30047073          	csrc	mstatus,8

    /* wakeup process if existed */
    jal wakeup_process
  2001c4:	366000ef          	jal	20052a <wakeup_process>
     * the core hartid is defined via BOOT_HARTID.
     * other harts if run to here, just do wfi in __amp_wait
     */
#ifndef SMP_CPU_CNT
    /* take bit 0-7 for hart id in a local cluster */
    csrr a0, CSR_MHARTID
  2001c8:	f1402573          	csrr	a0,mhartid
    andi a0, a0, 0xFF
  2001cc:	0ff57513          	zext.b	a0,a0
    /* BOOT_HARTID is configurable in Makefile via BOOT_HARTID variable */
    li a1, BOOT_HARTID
  2001d0:	4585                	li	a1,1
    bne a0, a1, __amp_wait
  2001d2:	10b51a63          	bne	a0,a1,2002e6 <__amp_wait>
#endif

    /* Initialize GP and TP */
    .option push
    .option norelax
    la gp, __global_pointer$
  2001d6:	1fea4197          	auipc	gp,0x1fea4
  2001da:	77218193          	add	gp,gp,1906 # 200a4948 <__global_pointer$>
    la tp, __tls_base
  2001de:	1fea4217          	auipc	tp,0x1fea4
  2001e2:	10a20213          	add	tp,tp,266 # 200a42e8 <__bss_start>
    addi a1, a1, 1
    j 1b
2:
#else
    /* Set correct sp for current cpu */
    la sp, _sp
  2001e6:	00102117          	auipc	sp,0x102
  2001ea:	e1a10113          	add	sp,sp,-486 # 302000 <_sp>
    /*
     * Set the the NMI base mnvec to share
     * with mtvec by setting CSR_MMISC_CTL
     * bit 9 NMI_CAUSE_FFF to 1
     */
    li t0, MMISC_CTL_NMI_CAUSE_FFF
  2001ee:	20000293          	li	t0,512
    csrs CSR_MMISC_CTL, t0
  2001f2:	7d02a073          	csrs	mmisc_ctl,t0

    /*
     * Intialize ECLIC vector interrupt
     * base address mtvt to vector_base
     */
    la t0, vector_base
  2001f6:	00000297          	auipc	t0,0x0
  2001fa:	e0a28293          	add	t0,t0,-502 # 200000 <vector_base>
    csrw CSR_MTVT, t0
  2001fe:	30729073          	csrw	mtvt,t0
     * Set ECLIC non-vector entry to be controlled
     * by mtvt2 CSR register.
     * Intialize ECLIC non-vector interrupt
     * base address mtvt2 to irq_entry.
     */
    la t0, irq_entry
  200202:	00006297          	auipc	t0,0x6
  200206:	dfe28293          	add	t0,t0,-514 # 206000 <irq_entry>
    csrw CSR_MTVT2, t0
  20020a:	7ec29073          	csrw	mtvt2,t0
    csrs CSR_MTVT2, 0x1
  20020e:	7ec0e073          	csrs	mtvt2,1
     * Due to settings above, Exception and NMI
     * will share common entry.
     * This early_exc_entry is only used during early
     * boot stage before main
     */
    la t0, early_exc_entry
  200212:	00000297          	auipc	t0,0x0
  200216:	0ee28293          	add	t0,t0,238 # 200300 <early_exc_entry>
    csrw CSR_MTVEC, t0
  20021a:	30529073          	csrw	mtvec,t0

    /* Set the interrupt processing mode to ECLIC mode */
    li t0, 0x3f
  20021e:	03f00293          	li	t0,63
    csrc CSR_MTVEC, t0
  200222:	3052b073          	csrc	mtvec,t0
    csrs CSR_MTVEC, 0x3
  200226:	3051e073          	csrs	mtvec,3
    li t0, MSTATUS_VS_INITIAL
    csrs mstatus, t0
#endif

    /* Enable mcycle and minstret counter */
    csrci CSR_MCOUNTINHIBIT, 0x5
  20022a:	3202f073          	csrc	mcountinhibit,5

0020022e <__init_common>:
    /* ===== Startup Stage 3 ===== */
    /*
     * Load text section from CODE ROM to CODE RAM
     * when text LMA is different with VMA
     */
    la a0, _text_lma
  20022e:	00000517          	auipc	a0,0x0
  200232:	11250513          	add	a0,a0,274 # 200340 <main>
    la a1, _text
  200236:	00000597          	auipc	a1,0x0
  20023a:	10a58593          	add	a1,a1,266 # 200340 <main>
    /* If text LMA and VMA are equal
     * then no need to copy text section */
    beq a0, a1, 2f
  20023e:	02b50063          	beq	a0,a1,20025e <__init_common+0x30>
    la a2, _etext
  200242:	00008617          	auipc	a2,0x8
  200246:	98e60613          	add	a2,a2,-1650 # 207bd0 <_data_lma>
    bgeu a1, a2, 2f
  20024a:	00c5fa63          	bgeu	a1,a2,20025e <__init_common+0x30>

1:
    /* Load code section if necessary */
    lw t0, (a0)
  20024e:	00052283          	lw	t0,0(a0)
    sw t0, (a1)
  200252:	0055a023          	sw	t0,0(a1)
    addi a0, a0, 4
  200256:	0511                	add	a0,a0,4
    addi a1, a1, 4
  200258:	0591                	add	a1,a1,4
    bltu a1, a2, 1b
  20025a:	fec5eae3          	bltu	a1,a2,20024e <__init_common+0x20>
2:
    /* Load data section */
    la a0, _data_lma
  20025e:	00008517          	auipc	a0,0x8
  200262:	97250513          	add	a0,a0,-1678 # 207bd0 <_data_lma>
    la a1, _data
  200266:	1fea4597          	auipc	a1,0x1fea4
  20026a:	d9a58593          	add	a1,a1,-614 # 200a4000 <usItfVen1>
    /* If data vma=lma, no need to copy */
    beq a0, a1, 2f
  20026e:	00b50e63          	beq	a0,a1,20028a <__init_common+0x5c>
    la a2, _edata
  200272:	9a018613          	add	a2,gp,-1632 # 200a42e8 <__bss_start>
    bgeu a1, a2, 2f
  200276:	00c5fa63          	bgeu	a1,a2,20028a <__init_common+0x5c>
1:
    lw t0, (a0)
  20027a:	00052283          	lw	t0,0(a0)
    sw t0, (a1)
  20027e:	0055a023          	sw	t0,0(a1)
    addi a0, a0, 4
  200282:	0511                	add	a0,a0,4
    addi a1, a1, 4
  200284:	0591                	add	a1,a1,4
    bltu a1, a2, 1b
  200286:	fec5eae3          	bltu	a1,a2,20027a <__init_common+0x4c>
2:
    /* Clear bss section */
    la a0, __bss_start
  20028a:	9a018513          	add	a0,gp,-1632 # 200a42e8 <__bss_start>
    la a1, _end
  20028e:	1fea7597          	auipc	a1,0x1fea7
  200292:	36658593          	add	a1,a1,870 # 200a75f4 <_end>
    bgeu a0, a1, 2f
  200296:	00b57763          	bgeu	a0,a1,2002a4 <_start_premain>
1:
    sw zero, (a0)
  20029a:	00052023          	sw	zero,0(a0)
    addi a0, a0, 4
  20029e:	0511                	add	a0,a0,4
    bltu a0, a1, 1b
  2002a0:	feb56de3          	bltu	a0,a1,20029a <__init_common+0x6c>

002002a4 <_start_premain>:
    /*
     * Call vendor defined SystemInit to
     * initialize the micro-controller system
     * SystemInit will just be called by boot cpu
     */
    call SystemInit
  2002a4:	14a010ef          	jal	2013ee <SystemInit>

    /* Call global constructors */
    la a0, __libc_fini_array
  2002a8:	00006517          	auipc	a0,0x6
  2002ac:	fd050513          	add	a0,a0,-48 # 206278 <__libc_fini_array>
    call atexit
  2002b0:	761050ef          	jal	206210 <atexit>
    /* Call C/C++ constructor start up code */
    call __libc_init_array
  2002b4:	767050ef          	jal	20621a <__libc_init_array>

002002b8 <__skip_init>:

__skip_init:
    /* Sync all harts at this function */
    call __sync_harts
  2002b8:	35e1                	jal	200180 <__sync_harts>
    /* do pre-init steps before main */
    /* _premain_init will be called by each cpu
     * please make sure the implementation of __premain_int
     * considered this
     */
    call _premain_init
  2002ba:	04a010ef          	jal	201304 <_premain_init>
     * set exception entry to correct exception
     * entry and jump to main.
     * And set the interrupt processing mode to
     * ECLIC mode
     */
    la t0, exc_entry
  2002be:	00006297          	auipc	t0,0x6
  2002c2:	cc228293          	add	t0,t0,-830 # 205f80 <exc_entry>
    csrw CSR_MTVEC, t0
  2002c6:	30529073          	csrw	mtvec,t0
    li t0, 0x3f
  2002ca:	03f00293          	li	t0,63
    csrc CSR_MTVEC, t0
  2002ce:	3052b073          	csrc	mtvec,t0
    csrs CSR_MTVEC, 0x3
  2002d2:	3051e073          	csrs	mtvec,3

    /* BPU cold bringup need time, so enable BPU before enter to main */
    li t0, MMISC_CTL_BPU
  2002d6:	42a1                	li	t0,8
    csrs CSR_MMISC_CTL, t0
  2002d8:	7d02a073          	csrs	mmisc_ctl,t0

    /* ===== Call SMP Main Function  ===== */
    /* argc = argv = 0 */
    li a0, 0
  2002dc:	4501                	li	a0,0
    li a1, 0
  2002de:	4581                	li	a1,0
#else
#ifdef RTOS_RTTHREAD
    // Call entry function when using RT-Thread
    call entry
#else
    call main
  2002e0:	2085                	jal	200340 <main>
#endif
#endif
    /* do post-main steps after main
     * this function will be called by each cpu */
    call _postmain_fini
  2002e2:	0ec010ef          	jal	2013ce <_postmain_fini>

002002e6 <__amp_wait>:

__amp_wait:
1:
    wfi
  2002e6:	10500073          	wfi
    j 1b
  2002ea:	bff5                	j	2002e6 <__amp_wait>
  2002ec:	00000013          	nop
  2002f0:	00000013          	nop
  2002f4:	00000013          	nop
  2002f8:	00000013          	nop
  2002fc:	00000013          	nop

00200300 <early_exc_entry>:
/* Early boot exception entry before main */
.align 6
.global early_exc_entry
.type early_exc_entry, @function
early_exc_entry:
    wfi
  200300:	10500073          	wfi
    j early_exc_entry
  200304:	bff5                	j	200300 <early_exc_entry>
	...

Disassembly of section .text:

00200340 <main>:
	__asm__ volatile ("ret");
}


int main( void )
{
  200340:	1141                	add	sp,sp,-16
  200342:	c606                	sw	ra,12(sp)

#ifdef ROM_DBG
	logInit(0, 115200);
#endif
	// if ap not disable, enter into a loop
	if(!efuse_boot_ap_disable()) {
  200344:	2089                	jal	200386 <efuse_boot_ap_disable>
  200346:	e111                	bnez	a0,20034a <main+0xa>
		BOOT_LOG("wait for ap to boot up");

		while(1)
  200348:	a001                	j	200348 <main+0x8>
			;
	}

	// run into cp only boot procedure
	system_init();
  20034a:	2a7d                	jal	200508 <system_init>


	BOOT_LOG("BOOT CP");


	xTaskCreate(
  20034c:	00200537          	lui	a0,0x200
  200350:	4781                	li	a5,0
  200352:	470d                	li	a4,3
  200354:	4681                	li	a3,0
  200356:	04000613          	li	a2,64
  20035a:	81c18593          	add	a1,gp,-2020 # 200a4164 <uxTopUsedPriority+0x4>
  20035e:	3b250513          	add	a0,a0,946 # 2003b2 <task_boot_usb>
  200362:	540040ef          	jal	2048a2 <xTaskCreate>
			NULL,						/* Task parameters. */
			3,							/* Priority and mode (user in this case). */
			NULL						/* Handle. */
		);

	xTaskCreate(
  200366:	00200537          	lui	a0,0x200
  20036a:	4781                	li	a5,0
  20036c:	470d                	li	a4,3
  20036e:	4681                	li	a3,0
  200370:	08000613          	li	a2,128
  200374:	82418593          	add	a1,gp,-2012 # 200a416c <uxTopUsedPriority+0xc>
  200378:	3a050513          	add	a0,a0,928 # 2003a0 <task_boot_sdio>
  20037c:	526040ef          	jal	2048a2 <xTaskCreate>
			NULL						/* Handle. */
		);


	/* Start the scheduler. */
	vTaskStartScheduler();
  200380:	720040ef          	jal	204aa0 <vTaskStartScheduler>

	/* Will only get here if there was insufficient memory to create the idle
	task. */
	for( ;; );
  200384:	a001                	j	200384 <main+0x44>

00200386 <efuse_boot_ap_disable>:
// 0 - AP enabled; 1 - AP disabled
int efuse_boot_ap_disable()
{
	int ret = -1;
	char *buf = (char *)&(IP_EFUSE_CTRL->REG_AUTO_LOAD_18);
	if((buf[0] & 0x0F) == 0x00)
  200386:	486007b7          	lui	a5,0x48600
  20038a:	2487c503          	lbu	a0,584(a5) # 48600248 <_end+0x28558c54>
  20038e:	893d                	and	a0,a0,15
		ret = 0;
	else
		ret = 1;

	return ret;
}
  200390:	00a03533          	snez	a0,a0
  200394:	8082                	ret

00200396 <efuse_boot_config_read>:

int efuse_boot_config_read()
{
	int ret = -1;
	char *buf = (char *)&(IP_EFUSE_CTRL->REG_AUTO_LOAD_18);
	if(buf[2] == 0x00)
  200396:	486007b7          	lui	a5,0x48600
		ret = 0;
	else
		ret = buf[2];

	return ret;
}
  20039a:	24a7c503          	lbu	a0,586(a5) # 4860024a <_end+0x28558c56>
  20039e:	8082                	ret

002003a0 <task_boot_sdio>:
{
  2003a0:	1141                	add	sp,sp,-16
  2003a2:	c606                	sw	ra,12(sp)
    sdio_init();
  2003a4:	2311                	jal	2008a8 <sdio_init>
    	vTaskDelay(100);
  2003a6:	06400513          	li	a0,100
  2003aa:	4581                	li	a1,0
  2003ac:	2bf040ef          	jal	204e6a <vTaskDelay>
    while(1) {
  2003b0:	bfdd                	j	2003a6 <task_boot_sdio+0x6>

002003b2 <task_boot_usb>:
{
  2003b2:	1141                	add	sp,sp,-16
  2003b4:	c606                	sw	ra,12(sp)
	usb_task_init();
  2003b6:	2e1000ef          	jal	200e96 <usb_task_init>
    	vTaskDelay(100);
  2003ba:	06400513          	li	a0,100
  2003be:	4581                	li	a1,0
  2003c0:	2ab040ef          	jal	204e6a <vTaskDelay>
    while(1) {
  2003c4:	bfdd                	j	2003ba <task_boot_usb+0x8>

002003c6 <run_image>:
 * \sa
 * - \ref ECLIC_EnableIRQ
 */
__STATIC_FORCEINLINE void __ECLIC_DisableIRQ(IRQn_Type IRQn)
{
    ECLIC->CTRL[IRQn].INTIE &= ~CLIC_INTIE_IE_Msk;
  2003c6:	07018793          	add	a5,gp,112 # 200a49b8 <SystemIRegionInfo>
  2003ca:	43d4                	lw	a3,4(a5)
  2003cc:	6705                	lui	a4,0x1
{
  2003ce:	1141                	add	sp,sp,-16
  2003d0:	c606                	sw	ra,12(sp)
  2003d2:	96ba                	add	a3,a3,a4
  2003d4:	01d6c603          	lbu	a2,29(a3)
  2003d8:	0fe67613          	and	a2,a2,254
  2003dc:	00c68ea3          	sb	a2,29(a3)
 * - \ref ECLIC_SetPendingIRQ
 * - \ref ECLIC_GetPendingIRQ
 */
__STATIC_FORCEINLINE void __ECLIC_ClearPendingIRQ(IRQn_Type IRQn)
{
    ECLIC->CTRL[IRQn].INTIP &= ~CLIC_INTIP_IP_Msk;
  2003e0:	43d4                	lw	a3,4(a5)
  2003e2:	96ba                	add	a3,a3,a4
  2003e4:	01c6c603          	lbu	a2,28(a3)
  2003e8:	0fe67613          	and	a2,a2,254
  2003ec:	00c68e23          	sb	a2,28(a3)
    ECLIC->CTRL[IRQn].INTIE &= ~CLIC_INTIE_IE_Msk;
  2003f0:	43d4                	lw	a3,4(a5)
  2003f2:	96ba                	add	a3,a3,a4
  2003f4:	00d6c603          	lbu	a2,13(a3)
  2003f8:	0fe67613          	and	a2,a2,254
  2003fc:	00c686a3          	sb	a2,13(a3)
    ECLIC->CTRL[IRQn].INTIP &= ~CLIC_INTIP_IP_Msk;
  200400:	43d4                	lw	a3,4(a5)
  200402:	96ba                	add	a3,a3,a4
  200404:	00c6c603          	lbu	a2,12(a3)
  200408:	0fe67613          	and	a2,a2,254
  20040c:	00c68623          	sb	a2,12(a3)
    ECLIC->CTRL[IRQn].INTIE &= ~CLIC_INTIE_IE_Msk;
  200410:	43d4                	lw	a3,4(a5)
  200412:	96ba                	add	a3,a3,a4
  200414:	0696c603          	lbu	a2,105(a3)
  200418:	0fe67613          	and	a2,a2,254
  20041c:	06c684a3          	sb	a2,105(a3)
    ECLIC->CTRL[IRQn].INTIP &= ~CLIC_INTIP_IP_Msk;
  200420:	43d4                	lw	a3,4(a5)
  200422:	96ba                	add	a3,a3,a4
  200424:	0686c603          	lbu	a2,104(a3)
  200428:	0fe67613          	and	a2,a2,254
  20042c:	06c68423          	sb	a2,104(a3)
    ECLIC->CTRL[IRQn].INTIE &= ~CLIC_INTIE_IE_Msk;
  200430:	43d4                	lw	a3,4(a5)
  200432:	96ba                	add	a3,a3,a4
  200434:	0616c603          	lbu	a2,97(a3)
  200438:	0fe67613          	and	a2,a2,254
  20043c:	06c680a3          	sb	a2,97(a3)
    ECLIC->CTRL[IRQn].INTIP &= ~CLIC_INTIP_IP_Msk;
  200440:	43dc                	lw	a5,4(a5)
  200442:	97ba                	add	a5,a5,a4
  200444:	0607c703          	lbu	a4,96(a5)
  200448:	0fe77713          	and	a4,a4,254
  20044c:	06e78023          	sb	a4,96(a5)
}

// Disable GINT
static inline void disable_GINT()
{
	__RV_CSR_CLEAR(CSR_MSTATUS, MSTATUS_MIE);
  200450:	30047073          	csrc	mstatus,8
	__HAL_CRM_SMID_CLK_DISABLE();
  200454:	460007b7          	lui	a5,0x46000
  200458:	5798                	lw	a4,40(a5)
  20045a:	fbf77713          	and	a4,a4,-65
  20045e:	d798                	sw	a4,40(a5)
	__HAL_CRM_USB_CLK_DISABLE();
  200460:	5798                	lw	a4,40(a5)
  200462:	9b6d                	and	a4,a4,-5
  200464:	d798                	sw	a4,40(a5)
	pFunEntry();
  200466:	9502                	jalr	a0
	while(1);
  200468:	a001                	j	200468 <run_image+0xa2>

0020046a <header_verify>:
	if(buf[IMG_HDR_POS] == 'H' && buf[IMG_HDR_POS + 1] == 'r') {
  20046a:	14054683          	lbu	a3,320(a0)
  20046e:	04800793          	li	a5,72
{
  200472:	872a                	mv	a4,a0
	if(buf[IMG_HDR_POS] == 'H' && buf[IMG_HDR_POS + 1] == 'r') {
  200474:	06f69963          	bne	a3,a5,2004e6 <header_verify+0x7c>
  200478:	14154683          	lbu	a3,321(a0)
  20047c:	07200793          	li	a5,114
	int8_t ret = -1;
  200480:	557d                	li	a0,-1
	if(buf[IMG_HDR_POS] == 'H' && buf[IMG_HDR_POS + 1] == 'r') {
  200482:	06f69363          	bne	a3,a5,2004e8 <header_verify+0x7e>
  200486:	14000693          	li	a3,320
	uint16_t i, sum = 0;
  20048a:	4781                	li	a5,0
		for(i = IMG_HDR_POS; i < HDR_SUM_POS; i++) {
  20048c:	17c00613          	li	a2,380
			sum += buf[i];
  200490:	00d705b3          	add	a1,a4,a3
  200494:	0005c583          	lbu	a1,0(a1)
  200498:	97ae                	add	a5,a5,a1
		for(i = IMG_HDR_POS; i < HDR_SUM_POS; i++) {
  20049a:	0685                	add	a3,a3,1
			sum += buf[i];
  20049c:	0807c7b3          	zext.h	a5,a5
		for(i = IMG_HDR_POS; i < HDR_SUM_POS; i++) {
  2004a0:	fec698e3          	bne	a3,a2,200490 <header_verify+0x26>
		if(sum != (buf[HDR_SUM_POS] + (buf[HDR_SUM_POS + 1] << 8))) {
  2004a4:	17c75683          	lhu	a3,380(a4) # 117c <__HEAP_SIZE+0x17c>
  2004a8:	17c74583          	lbu	a1,380(a4)
  2004ac:	17d74603          	lbu	a2,381(a4)
	int8_t ret = -1;
  2004b0:	557d                	li	a0,-1
		if(sum != (buf[HDR_SUM_POS] + (buf[HDR_SUM_POS + 1] << 8))) {
  2004b2:	02f69b63          	bne	a3,a5,2004e8 <header_verify+0x7e>
  2004b6:	4681                	li	a3,0
		for(i = 0; i < IMG_HDR_POS; i++) {
  2004b8:	14000513          	li	a0,320
			sum += buf[i];
  2004bc:	00d70833          	add	a6,a4,a3
  2004c0:	00084803          	lbu	a6,0(a6)
  2004c4:	97c2                	add	a5,a5,a6
		for(i = 0; i < IMG_HDR_POS; i++) {
  2004c6:	0685                	add	a3,a3,1
			sum += buf[i];
  2004c8:	0807c7b3          	zext.h	a5,a5
		for(i = 0; i < IMG_HDR_POS; i++) {
  2004cc:	fea698e3          	bne	a3,a0,2004bc <header_verify+0x52>
				!= (buf[VEC_SUM_POS] + (buf[VEC_SUM_POS + 1] << 8))) {
  2004d0:	17e75703          	lhu	a4,382(a4)
		if((sum + buf[HDR_SUM_POS] + buf[HDR_SUM_POS + 1])
  2004d4:	97ae                	add	a5,a5,a1
  2004d6:	97b2                	add	a5,a5,a2
  2004d8:	40e78533          	sub	a0,a5,a4
  2004dc:	00a03533          	snez	a0,a0
  2004e0:	40a00533          	neg	a0,a0
  2004e4:	8082                	ret
	int8_t ret = -1;
  2004e6:	557d                	li	a0,-1
}
  2004e8:	8082                	ret

002004ea <boot_ram>:
{
  2004ea:	1141                	add	sp,sp,-16
  2004ec:	c606                	sw	ra,12(sp)
	vma = *(uint32_t *)(buf + IMG_VMA_OFFSET);
  2004ee:	14852783          	lw	a5,328(a0)
	if(vma != (uint32_t)buf) {  //need code copy
  2004f2:	00f50963          	beq	a0,a5,200504 <boot_ram+0x1a>
  2004f6:	85aa                	mv	a1,a0
		memcpy((uint8_t *)vma, (uint8_t *)buf, size);
  2004f8:	14452603          	lw	a2,324(a0)
  2004fc:	853e                	mv	a0,a5
  2004fe:	657050ef          	jal	206354 <memcpy>
  200502:	87aa                	mv	a5,a0
	run_image((uint8_t *)vma); //never return
  200504:	853e                	mv	a0,a5
  200506:	35c1                	jal	2003c6 <run_image>

00200508 <system_init>:
	HAL_CRM_SetAp_peri_pclkClkDiv(1, 1);
  200508:	4585                	li	a1,1
{
  20050a:	1141                	add	sp,sp,-16
	HAL_CRM_SetAp_peri_pclkClkDiv(1, 1);
  20050c:	852e                	mv	a0,a1
{
  20050e:	c606                	sw	ra,12(sp)
	HAL_CRM_SetAp_peri_pclkClkDiv(1, 1);
  200510:	279000ef          	jal	200f88 <HAL_CRM_SetAp_peri_pclkClkDiv>
	__HAL_CRM_MTIME_CLK_ENABLE();
  200514:	46000737          	lui	a4,0x46000
  200518:	4b1c                	lw	a5,16(a4)
  20051a:	29079793          	bset	a5,a5,0x10
  20051e:	cb1c                	sw	a5,16(a4)
	__RV_CSR_SET(CSR_MSTATUS, MSTATUS_MIE);
  200520:	30046073          	csrs	mstatus,8
}
  200524:	40b2                	lw	ra,12(sp)
  200526:	0141                	add	sp,sp,16
  200528:	8082                	ret

0020052a <wakeup_process>:
	wakeup_action = IP_AON_CTRL->REG_AON_DIG_RSVD2.all;
  20052a:	48000737          	lui	a4,0x48000
  20052e:	17072783          	lw	a5,368(a4) # 48000170 <_end+0x27f58b7c>
	if(wakeup_action == 0)	// no wakeup action
  200532:	e391                	bnez	a5,200536 <wakeup_process+0xc>
		__asm__ volatile ("ret");
  200534:	8082                	ret
	if((wakeup_cause & WAKEUP_CAUSE_ALL) != 0) {
  200536:	03ff0637          	lui	a2,0x3ff0
	wakeup_cause = IP_AON_CTRL->REG_WAKEUP_IRSR.all;
  20053a:	4b54                	lw	a3,20(a4)
	if((wakeup_cause & WAKEUP_CAUSE_ALL) != 0) {
  20053c:	07f60613          	add	a2,a2,127 # 3ff007f <_sp+0x3cee07f>
  200540:	8ef1                	and	a3,a3,a2
  200542:	ca91                	beqz	a3,200556 <wakeup_process+0x2c>
		wakeup_addr = IP_AON_CTRL->REG_AON_DIG_RSVD3.all;
  200544:	17472703          	lw	a4,372(a4)
		if((wakeup_action & 0x000000FF) == WAKEUP_ACT_JUMP_RAM) {
  200548:	0ff7f793          	zext.b	a5,a5
  20054c:	0aa00693          	li	a3,170
  200550:	00d79363          	bne	a5,a3,200556 <wakeup_process+0x2c>
			pFunEntry();
  200554:	9702                	jalr	a4
	__asm__ volatile ("ret");
  200556:	8082                	ret

00200558 <vApplicationMallocFailedHook>:
    free memory available in the FreeRTOS heap.  pvPortMalloc() is called
    internally by FreeRTOS API functions that create tasks, queues, software
    timers, and semaphores.  The size of the FreeRTOS heap is set by the
    configTOTAL_HEAP_SIZE configuration constant in FreeRTOSConfig.h. */
    BOOT_LOG("malloc failed\n");
    while (1);
  200558:	a001                	j	200558 <vApplicationMallocFailedHook>

0020055a <vApplicationStackOverflowHook>:
    configconfigCHECK_FOR_STACK_OVERFLOW is defined to 1 or 2.  This hook
    function is called if a stack overflow is detected.  pxCurrentTCB can be
    inspected in the debugger if the task name passed into this function is
    corrupt. */
    BOOT_LOG("Stack Overflow\n");
    while (1);
  20055a:	a001                	j	20055a <vApplicationStackOverflowHook>

0020055c <sdio_device_event_callback>:
//--------------------------------------------------------------------+


__attribute__((optimize("-O0")))
static void sdio_device_event_callback(uint32_t evt)
{
  20055c:	7139                	add	sp,sp,-64
  20055e:	de06                	sw	ra,60(sp)
  200560:	dc22                	sw	s0,56(sp)
  200562:	0080                	add	s0,sp,64
  200564:	fca42623          	sw	a0,-52(s0)
    SDIOD_HandleTypeDef *sdio_dev = SDIOD_Instance();
  200568:	421000ef          	jal	201188 <SDIOD_Instance>
  20056c:	fea42623          	sw	a0,-20(s0)
	if((evt & BITSET_0X03C_TRANSFER_COMPLETE_INTERRUPT)== BITSET_0X03C_TRANSFER_COMPLETE_INTERRUPT) {
  200570:	fcc42783          	lw	a5,-52(s0)
  200574:	8b85                	and	a5,a5,1
  200576:	cbd9                	beqz	a5,20060c <sdio_device_event_callback+0xb0>
		if(sdio_dev->cmd_info.dir == SDIO_TRANS_HOST2DEV)
  200578:	fec42783          	lw	a5,-20(s0)
  20057c:	00d7c783          	lbu	a5,13(a5) # 4600000d <_end+0x25f58a19>
  200580:	0ff7f793          	zext.b	a5,a5
  200584:	e3b9                	bnez	a5,2005ca <sdio_device_event_callback+0x6e>
		{
			BaseType_t xHPWoken = pdFALSE;
  200586:	fe042023          	sw	zero,-32(s0)
			xSemaphoreGiveFromISR(semDataRecv, &xHPWoken);
  20058a:	9d01a783          	lw	a5,-1584(gp) # 200a4318 <semDataRecv>
  20058e:	fe040713          	add	a4,s0,-32
  200592:	85ba                	mv	a1,a4
  200594:	853e                	mv	a0,a5
  200596:	4eb030ef          	jal	204280 <xQueueGiveFromISR>
			portYIELD_FROM_ISR(xHPWoken);
  20059a:	fe042783          	lw	a5,-32(s0)
  20059e:	c7bd                	beqz	a5,20060c <sdio_device_event_callback+0xb0>
 * \attention function is allowed in machine mode only
 */
__STATIC_FORCEINLINE unsigned long __get_hart_id(void)
{
    unsigned long id;
    id = __RV_CSR_READ(CSR_MHARTID);
  2005a0:	f14027f3          	csrr	a5,mhartid
  2005a4:	fef42423          	sw	a5,-24(s0)
 * - \ref SysTimer_ClearHartSWIRQ
 * - \ref SysTimer_GetHartMsipValue
 */
__STATIC_FORCEINLINE void SysTimer_SetHartSWIRQ(unsigned long hartid)
{
    SysTimer->MSIP |= SysTimer_MSIP_MSIP_Msk;
  2005a8:	07018793          	add	a5,gp,112 # 200a49b8 <SystemIRegionInfo>
  2005ac:	479c                	lw	a5,8(a5)
  2005ae:	6705                	lui	a4,0x1
  2005b0:	973e                	add	a4,a4,a5
  2005b2:	ffc72703          	lw	a4,-4(a4) # ffc <__STACK_SIZE+0x7fc>
  2005b6:	00176713          	or	a4,a4,1
  2005ba:	6685                	lui	a3,0x1
  2005bc:	97b6                	add	a5,a5,a3
  2005be:	fee7ae23          	sw	a4,-4(a5)
 */
__STATIC_FORCEINLINE void SysTimer_SetSWIRQ(void)
{
    unsigned long hartid = __get_hart_id();
    SysTimer_SetHartSWIRQ(hartid);
}
  2005c2:	0001                	nop
  2005c4:	0ff0000f          	fence
			BaseType_t xHPWoken = pdFALSE;
			xSemaphoreGiveFromISR(semDataSend, &xHPWoken);
			portYIELD_FROM_ISR(xHPWoken);
		}
	}
}
  2005c8:	a091                	j	20060c <sdio_device_event_callback+0xb0>
			BaseType_t xHPWoken = pdFALSE;
  2005ca:	fc042e23          	sw	zero,-36(s0)
			xSemaphoreGiveFromISR(semDataSend, &xHPWoken);
  2005ce:	9cc1a783          	lw	a5,-1588(gp) # 200a4314 <semDataSend>
  2005d2:	fdc40713          	add	a4,s0,-36
  2005d6:	85ba                	mv	a1,a4
  2005d8:	853e                	mv	a0,a5
  2005da:	4a7030ef          	jal	204280 <xQueueGiveFromISR>
			portYIELD_FROM_ISR(xHPWoken);
  2005de:	fdc42783          	lw	a5,-36(s0)
  2005e2:	c78d                	beqz	a5,20060c <sdio_device_event_callback+0xb0>
  2005e4:	f14027f3          	csrr	a5,mhartid
  2005e8:	fef42223          	sw	a5,-28(s0)
    SysTimer->MSIP |= SysTimer_MSIP_MSIP_Msk;
  2005ec:	07018793          	add	a5,gp,112 # 200a49b8 <SystemIRegionInfo>
  2005f0:	479c                	lw	a5,8(a5)
  2005f2:	6705                	lui	a4,0x1
  2005f4:	973e                	add	a4,a4,a5
  2005f6:	ffc72703          	lw	a4,-4(a4) # ffc <__STACK_SIZE+0x7fc>
  2005fa:	00176713          	or	a4,a4,1
  2005fe:	6685                	lui	a3,0x1
  200600:	97b6                	add	a5,a5,a3
  200602:	fee7ae23          	sw	a4,-4(a5)
}
  200606:	0001                	nop
  200608:	0ff0000f          	fence
}
  20060c:	0001                	nop
  20060e:	50f2                	lw	ra,60(sp)
  200610:	5462                	lw	s0,56(sp)
  200612:	6121                	add	sp,sp,64
  200614:	8082                	ret

00200616 <sdio_boot_process>:
	sdio_boot_process(sdio_dev);
}

void sdio_boot_process(SDIOD_HandleTypeDef *sdio_dev)
// void sdio_boot_process(SDIOD_HandleTypeDef *sdio_dev)
{
  200616:	7139                	add	sp,sp,-64
  200618:	de06                	sw	ra,60(sp)
  20061a:	dc22                	sw	s0,56(sp)
  20061c:	0080                	add	s0,sp,64
  20061e:	fca42623          	sw	a0,-52(s0)
	//static uint8_t *cmd = (uint8_t *)SLIP_RX_BUF; //BSD: DATA_RX_BUF?
	static uint8_t *cmd = (uint8_t *)DATA_RX_BUF;


    for(;;) {
    	read_bytes = 0;
  200622:	9c01a423          	sw	zero,-1592(gp) # 200a4310 <read_bytes>
        // wait read done
		xSemaphoreTake(semDataRecv, portMAX_DELAY);
  200626:	9d01a783          	lw	a5,-1584(gp) # 200a4318 <semDataRecv>
  20062a:	55fd                	li	a1,-1
  20062c:	567d                	li	a2,-1
  20062e:	853e                	mv	a0,a5
  200630:	6dd030ef          	jal	20450c <xQueueSemaphoreTake>
    	{
    		sdio_dev->buf_used->size_recv = sdio_dev->cmd_info.block_size * sdio_dev->cmd_info.block_cnt;
  200634:	fcc42783          	lw	a5,-52(s0)
  200638:	00e7d783          	lhu	a5,14(a5)
  20063c:	0807c7b3          	zext.h	a5,a5
  200640:	873e                	mv	a4,a5
  200642:	fcc42783          	lw	a5,-52(s0)
  200646:	4b9c                	lw	a5,16(a5)
  200648:	02f70733          	mul	a4,a4,a5
  20064c:	fcc42783          	lw	a5,-52(s0)
  200650:	479c                	lw	a5,8(a5)
  200652:	c7d8                	sw	a4,12(a5)

    		// if invalid received data, go back to the original state
			if(sdio_dev->buf_used->size_recv <= 0 || sdio_dev->buf_used->size_recv > BUFFER_SIZE)
  200654:	fcc42783          	lw	a5,-52(s0)
  200658:	479c                	lw	a5,8(a5)
  20065a:	47dc                	lw	a5,12(a5)
  20065c:	24f05063          	blez	a5,20089c <sdio_boot_process+0x286>
  200660:	fcc42783          	lw	a5,-52(s0)
  200664:	479c                	lw	a5,8(a5)
  200666:	47d8                	lw	a4,12(a5)
  200668:	20000793          	li	a5,512
  20066c:	22e7c863          	blt	a5,a4,20089c <sdio_boot_process+0x286>
				continue;

    		read_bytes = sdio_dev->buf_used->size_recv;
  200670:	fcc42783          	lw	a5,-52(s0)
  200674:	479c                	lw	a5,8(a5)
  200676:	47dc                	lw	a5,12(a5)
  200678:	873e                	mv	a4,a5
  20067a:	9ce1a423          	sw	a4,-1592(gp) # 200a4310 <read_bytes>

			memcpy(cmd, sdio_dev->buf_used->data_recv, sdio_dev->buf_used->size_recv);
  20067e:	200a47b7          	lui	a5,0x200a4
  200682:	1487a703          	lw	a4,328(a5) # 200a4148 <cmd.5>
  200686:	fcc42783          	lw	a5,-52(s0)
  20068a:	479c                	lw	a5,8(a5)
  20068c:	43d4                	lw	a3,4(a5)
  20068e:	fcc42783          	lw	a5,-52(s0)
  200692:	479c                	lw	a5,8(a5)
  200694:	47dc                	lw	a5,12(a5)
  200696:	863e                	mv	a2,a5
  200698:	85b6                	mv	a1,a3
  20069a:	853a                	mv	a0,a4
  20069c:	4b9050ef          	jal	206354 <memcpy>


			esp_command_req_t* command = (esp_command_req_t*)cmd;
  2006a0:	200a47b7          	lui	a5,0x200a4
  2006a4:	1487a783          	lw	a5,328(a5) # 200a4148 <cmd.5>
  2006a8:	fef42223          	sw	a5,-28(s0)

			// if the direction is not 0(from host to device), go back to the original state
			if(command->zero != 0)
  2006ac:	fe442783          	lw	a5,-28(s0)
  2006b0:	0007c783          	lbu	a5,0(a5)
  2006b4:	1e079663          	bnez	a5,2008a0 <sdio_boot_process+0x28a>
				continue;

			uint16_t total = command->data_len + 8;
  2006b8:	fe442783          	lw	a5,-28(s0)
  2006bc:	0027d783          	lhu	a5,2(a5)
  2006c0:	07a1                	add	a5,a5,8
  2006c2:	fef41123          	sh	a5,-30(s0)

			while(read_bytes < total)
  2006c6:	a09d                	j	20072c <sdio_boot_process+0x116>
			{
				// wait read done, with 1000ms timeout
				if(xSemaphoreTake(semDataRecv, 1000) == pdFALSE)
  2006c8:	9d01a783          	lw	a5,-1584(gp) # 200a4318 <semDataRecv>
  2006cc:	3e800593          	li	a1,1000
  2006d0:	4601                	li	a2,0
  2006d2:	853e                	mv	a0,a5
  2006d4:	639030ef          	jal	20450c <xQueueSemaphoreTake>
  2006d8:	87aa                	mv	a5,a0
  2006da:	c3a5                	beqz	a5,20073a <sdio_boot_process+0x124>
					break;

				sdio_dev->buf_used->size_recv = sdio_dev->cmd_info.block_size * sdio_dev->cmd_info.block_cnt;
  2006dc:	fcc42783          	lw	a5,-52(s0)
  2006e0:	00e7d783          	lhu	a5,14(a5)
  2006e4:	0807c7b3          	zext.h	a5,a5
  2006e8:	873e                	mv	a4,a5
  2006ea:	fcc42783          	lw	a5,-52(s0)
  2006ee:	4b9c                	lw	a5,16(a5)
  2006f0:	02f70733          	mul	a4,a4,a5
  2006f4:	fcc42783          	lw	a5,-52(s0)
  2006f8:	479c                	lw	a5,8(a5)
  2006fa:	c7d8                	sw	a4,12(a5)
	    		// if invalid received data, interrupt the loop
				if(sdio_dev->buf_used->size_recv <= 0 || sdio_dev->buf_used->size_recv > BUFFER_SIZE)
  2006fc:	fcc42783          	lw	a5,-52(s0)
  200700:	479c                	lw	a5,8(a5)
  200702:	47dc                	lw	a5,12(a5)
  200704:	02f05c63          	blez	a5,20073c <sdio_boot_process+0x126>
  200708:	fcc42783          	lw	a5,-52(s0)
  20070c:	479c                	lw	a5,8(a5)
  20070e:	47d8                	lw	a4,12(a5)
  200710:	20000793          	li	a5,512
  200714:	02e7c463          	blt	a5,a4,20073c <sdio_boot_process+0x126>
					break;

				read_bytes += sdio_dev->buf_used->size_recv;
  200718:	fcc42783          	lw	a5,-52(s0)
  20071c:	479c                	lw	a5,8(a5)
  20071e:	47dc                	lw	a5,12(a5)
  200720:	873e                	mv	a4,a5
  200722:	9c81a783          	lw	a5,-1592(gp) # 200a4310 <read_bytes>
  200726:	973e                	add	a4,a4,a5
  200728:	9ce1a423          	sw	a4,-1592(gp) # 200a4310 <read_bytes>
			while(read_bytes < total)
  20072c:	fe245703          	lhu	a4,-30(s0)
  200730:	9c81a783          	lw	a5,-1592(gp) # 200a4310 <read_bytes>
  200734:	f8e7eae3          	bltu	a5,a4,2006c8 <sdio_boot_process+0xb2>
  200738:	a011                	j	20073c <sdio_boot_process+0x126>
					break;
  20073a:	0001                	nop
			}

			// if the received length didn't match the required one, go back to the original state
			if(read_bytes < total)
  20073c:	fe245703          	lhu	a4,-30(s0)
  200740:	9c81a783          	lw	a5,-1592(gp) # 200a4310 <read_bytes>
  200744:	16e7e063          	bltu	a5,a4,2008a4 <sdio_boot_process+0x28e>
				continue;

			// process the packet
			cmd_id = do_cmd(cmd, &n, COMM_TYPE_SDIOD);
  200748:	200a47b7          	lui	a5,0x200a4
  20074c:	1487a703          	lw	a4,328(a5) # 200a4148 <cmd.5>
  200750:	4609                	li	a2,2
  200752:	9b818593          	add	a1,gp,-1608 # 200a4300 <n.4>
  200756:	853a                	mv	a0,a4
  200758:	2e25                	jal	200a90 <do_cmd>
  20075a:	872a                	mv	a4,a0
  20075c:	9ae1ae23          	sw	a4,-1604(gp) # 200a4304 <cmd_id.3>

			if(cmd_id == ESP_MEM_END) 
  200760:	9bc1a703          	lw	a4,-1604(gp) # 200a4304 <cmd_id.3>
  200764:	4799                	li	a5,6
  200766:	08f71d63          	bne	a4,a5,200800 <sdio_boot_process+0x1ea>
			{
				extern int8_t* s_mem_offset;
				uint8_t * ap_base = (uint8_t *)s_mem_offset;
  20076a:	9d81a783          	lw	a5,-1576(gp) # 200a4320 <s_mem_offset>
  20076e:	fcf42e23          	sw	a5,-36(s0)
				s_mem_offset = NULL;
  200772:	9c01ac23          	sw	zero,-1576(gp) # 200a4320 <s_mem_offset>
				verify_header_status = header_verify((uint8_t *)ap_base);
  200776:	fdc42503          	lw	a0,-36(s0)
  20077a:	39c5                	jal	20046a <header_verify>
  20077c:	87aa                	mv	a5,a0
  20077e:	873e                	mv	a4,a5
  200780:	9ce1a023          	sw	a4,-1600(gp) # 200a4308 <verify_header_status.2>
				if (verify_header_status == 0) 
  200784:	9c01a783          	lw	a5,-1600(gp) # 200a4308 <verify_header_status.2>
  200788:	eba5                	bnez	a5,2007f8 <sdio_boot_process+0x1e2>
				{
					// prepare the response data
					for(int i = 0; i < n; i++) 
  20078a:	fe042623          	sw	zero,-20(s0)
  20078e:	a805                	j	2007be <sdio_boot_process+0x1a8>
					{
						sdio_dev->buf_used->data_send[i] = cmd[i];
  200790:	200a47b7          	lui	a5,0x200a4
  200794:	1487a703          	lw	a4,328(a5) # 200a4148 <cmd.5>
  200798:	fec42783          	lw	a5,-20(s0)
  20079c:	973e                	add	a4,a4,a5
  20079e:	fcc42783          	lw	a5,-52(s0)
  2007a2:	479c                	lw	a5,8(a5)
  2007a4:	4394                	lw	a3,0(a5)
  2007a6:	fec42783          	lw	a5,-20(s0)
  2007aa:	97b6                	add	a5,a5,a3
  2007ac:	00074703          	lbu	a4,0(a4)
  2007b0:	00e78023          	sb	a4,0(a5)
					for(int i = 0; i < n; i++) 
  2007b4:	fec42783          	lw	a5,-20(s0)
  2007b8:	0785                	add	a5,a5,1
  2007ba:	fef42623          	sw	a5,-20(s0)
  2007be:	9b81a783          	lw	a5,-1608(gp) # 200a4300 <n.4>
  2007c2:	fec42703          	lw	a4,-20(s0)
  2007c6:	fcf745e3          	blt	a4,a5,200790 <sdio_boot_process+0x17a>
					}
					// TODO: somehow it needs a delay before program done
					vTaskDelay(1);
  2007ca:	4505                	li	a0,1
  2007cc:	4581                	li	a1,0
  2007ce:	69c040ef          	jal	204e6a <vTaskDelay>
					// signal the host that command process finished
					sdio_dev->Instance->REG_SMID_CONTROL_REG.bit.PROGRAM_DONE = 0x1;
  2007d2:	fcc42783          	lw	a5,-52(s0)
  2007d6:	439c                	lw	a5,0(a5)
  2007d8:	4398                	lw	a4,0(a5)
  2007da:	00176713          	or	a4,a4,1
  2007de:	c398                	sw	a4,0(a5)
					// wait the host to read back the response for a timeout of 100ms
					if(xSemaphoreTake(semDataSend, 1000) == pdFALSE)
  2007e0:	9cc1a783          	lw	a5,-1588(gp) # 200a4314 <semDataSend>
  2007e4:	3e800593          	li	a1,1000
  2007e8:	4601                	li	a2,0
  2007ea:	853e                	mv	a0,a5
  2007ec:	521030ef          	jal	20450c <xQueueSemaphoreTake>
						BOOT_LOG("wait for host read timeout");

					boot_ram((uint8_t *)ap_base);  // never return!!
  2007f0:	fdc42503          	lw	a0,-36(s0)
  2007f4:	39dd                	jal	2004ea <boot_ram>
  2007f6:	a029                	j	200800 <sdio_boot_process+0x1ea>
				} 
				else 
				{
					error = ESP_IMG_HDR_MARK_ERROR;  // set error flag
  2007f8:	0f000713          	li	a4,240
  2007fc:	9ce1a223          	sw	a4,-1596(gp) # 200a430c <error.1>
				}
			}
			if(error) 
  200800:	9c41a783          	lw	a5,-1596(gp) # 200a430c <error.1>
  200804:	cf99                	beqz	a5,200822 <sdio_boot_process+0x20c>
			{
				set_resp_error(cmd, error, COMM_TYPE_SDIOD);
  200806:	200a47b7          	lui	a5,0x200a4
  20080a:	1487a703          	lw	a4,328(a5) # 200a4148 <cmd.5>
  20080e:	9c41a783          	lw	a5,-1596(gp) # 200a430c <error.1>
  200812:	0ff7f793          	zext.b	a5,a5
  200816:	4609                	li	a2,2
  200818:	85be                	mv	a1,a5
  20081a:	853a                	mv	a0,a4
  20081c:	2695                	jal	200b80 <set_resp_error>
				error = 0;  // clear error flag
  20081e:	9c01a223          	sw	zero,-1596(gp) # 200a430c <error.1>
			}

			// prepare the response data
			for(int i = 0; i < n; i++)
  200822:	fe042423          	sw	zero,-24(s0)
  200826:	a805                	j	200856 <sdio_boot_process+0x240>
			{
				sdio_dev->buf_used->data_send[i] = cmd[i];
  200828:	200a47b7          	lui	a5,0x200a4
  20082c:	1487a703          	lw	a4,328(a5) # 200a4148 <cmd.5>
  200830:	fe842783          	lw	a5,-24(s0)
  200834:	973e                	add	a4,a4,a5
  200836:	fcc42783          	lw	a5,-52(s0)
  20083a:	479c                	lw	a5,8(a5)
  20083c:	4394                	lw	a3,0(a5)
  20083e:	fe842783          	lw	a5,-24(s0)
  200842:	97b6                	add	a5,a5,a3
  200844:	00074703          	lbu	a4,0(a4)
  200848:	00e78023          	sb	a4,0(a5)
			for(int i = 0; i < n; i++)
  20084c:	fe842783          	lw	a5,-24(s0)
  200850:	0785                	add	a5,a5,1
  200852:	fef42423          	sw	a5,-24(s0)
  200856:	9b81a783          	lw	a5,-1608(gp) # 200a4300 <n.4>
  20085a:	fe842703          	lw	a4,-24(s0)
  20085e:	fcf745e3          	blt	a4,a5,200828 <sdio_boot_process+0x212>
			}

			// TODO: somehow it needs a delay before program done
			vTaskDelay(1);
  200862:	4505                	li	a0,1
  200864:	4581                	li	a1,0
  200866:	604040ef          	jal	204e6a <vTaskDelay>
			// signal the host that command process finished
   			sdio_dev->Instance->REG_SMID_CONTROL_REG.bit.PROGRAM_DONE = 0x1;
  20086a:	fcc42783          	lw	a5,-52(s0)
  20086e:	439c                	lw	a5,0(a5)
  200870:	4398                	lw	a4,0(a5)
  200872:	00176713          	or	a4,a4,1
  200876:	c398                	sw	a4,0(a5)
     	}

    	// wait the host to read back the response for a timeout of 100ms
		if(xSemaphoreTake(semDataSend, 1000) == pdFALSE)
  200878:	9cc1a783          	lw	a5,-1588(gp) # 200a4314 <semDataSend>
  20087c:	3e800593          	li	a1,1000
  200880:	4601                	li	a2,0
  200882:	853e                	mv	a0,a5
  200884:	489030ef          	jal	20450c <xQueueSemaphoreTake>
			BOOT_LOG("wait for host read timeout");
		memset(cmd, 0, 8);
  200888:	200a47b7          	lui	a5,0x200a4
  20088c:	1487a783          	lw	a5,328(a5) # 200a4148 <cmd.5>
  200890:	4621                	li	a2,8
  200892:	4581                	li	a1,0
  200894:	853e                	mv	a0,a5
  200896:	217050ef          	jal	2062ac <memset>
  20089a:	b361                	j	200622 <sdio_boot_process+0xc>
				continue;
  20089c:	0001                	nop
  20089e:	b351                	j	200622 <sdio_boot_process+0xc>
				continue;
  2008a0:	0001                	nop
  2008a2:	b341                	j	200622 <sdio_boot_process+0xc>
				continue;
  2008a4:	0001                	nop
    	read_bytes = 0;
  2008a6:	bbb5                	j	200622 <sdio_boot_process+0xc>

002008a8 <sdio_init>:
{
  2008a8:	7179                	add	sp,sp,-48
    semDataRecv = xSemaphoreCreateBinary();
  2008aa:	460d                	li	a2,3
  2008ac:	4581                	li	a1,0
  2008ae:	4505                	li	a0,1
{
  2008b0:	d606                	sw	ra,44(sp)
  2008b2:	d426                	sw	s1,40(sp)
    semDataRecv = xSemaphoreCreateBinary();
  2008b4:	794030ef          	jal	204048 <xQueueGenericCreate>
  2008b8:	9ca1a823          	sw	a0,-1584(gp) # 200a4318 <semDataRecv>
    semDataSend = xSemaphoreCreateBinary();
  2008bc:	460d                	li	a2,3
  2008be:	4581                	li	a1,0
  2008c0:	4505                	li	a0,1
  2008c2:	786030ef          	jal	204048 <xQueueGenericCreate>
  2008c6:	9ca1a623          	sw	a0,-1588(gp) # 200a4314 <semDataSend>
    ECLIC->CTRL[IRQn].INTIE &= ~CLIC_INTIE_IE_Msk;
  2008ca:	07018793          	add	a5,gp,112 # 200a49b8 <SystemIRegionInfo>
  2008ce:	43dc                	lw	a5,4(a5)
  2008d0:	6705                	lui	a4,0x1
  2008d2:	97ba                	add	a5,a5,a4
  2008d4:	0697c703          	lbu	a4,105(a5)
  2008d8:	0fe77713          	and	a4,a4,254
  2008dc:	06e784a3          	sb	a4,105(a5)
	__HAL_CRM_SMID_CLK_DISABLE(); //disable clock
  2008e0:	460004b7          	lui	s1,0x46000
  2008e4:	549c                	lw	a5,40(s1)
  2008e6:	fbf7f793          	and	a5,a5,-65
  2008ea:	d49c                	sw	a5,40(s1)
	IP_CMN_SYS->REG_SW_RESET_CP2.bit.SMID_RESET = 1;
  2008ec:	44dc                	lw	a5,12(s1)
  2008ee:	29179793          	bset	a5,a5,0x11
  2008f2:	c4dc                	sw	a5,12(s1)
	IOMuxManager_PinConfigure (CSK_IOMUX_PAD_A, 13, CSK_IOMUX_FUNC_ALTER14);  //sd_clk
  2008f4:	4639                	li	a2,14
  2008f6:	45b5                	li	a1,13
  2008f8:	4501                	li	a0,0
  2008fa:	778000ef          	jal	201072 <IOMuxManager_PinConfigure>
	IOMuxManager_PinConfigure (CSK_IOMUX_PAD_A, 12, CSK_IOMUX_FUNC_ALTER14);  //sd_cmd
  2008fe:	4639                	li	a2,14
  200900:	45b1                	li	a1,12
  200902:	4501                	li	a0,0
  200904:	76e000ef          	jal	201072 <IOMuxManager_PinConfigure>
	IOMuxManager_PinConfigure (CSK_IOMUX_PAD_A, 14, CSK_IOMUX_FUNC_ALTER14);  //sd_dat0
  200908:	4639                	li	a2,14
  20090a:	85b2                	mv	a1,a2
  20090c:	4501                	li	a0,0
  20090e:	764000ef          	jal	201072 <IOMuxManager_PinConfigure>
	IOMuxManager_PinConfigure (CSK_IOMUX_PAD_A, 15, CSK_IOMUX_FUNC_ALTER14);  //sd_dat1
  200912:	4639                	li	a2,14
  200914:	45bd                	li	a1,15
  200916:	4501                	li	a0,0
  200918:	75a000ef          	jal	201072 <IOMuxManager_PinConfigure>
	IOMuxManager_PinConfigure (CSK_IOMUX_PAD_A, 16, CSK_IOMUX_FUNC_ALTER14);  //sd_dat2
  20091c:	4639                	li	a2,14
  20091e:	45c1                	li	a1,16
  200920:	4501                	li	a0,0
  200922:	750000ef          	jal	201072 <IOMuxManager_PinConfigure>
	IOMuxManager_PinConfigure (CSK_IOMUX_PAD_A, 17, CSK_IOMUX_FUNC_ALTER14);  //sd_dat3
  200926:	4639                	li	a2,14
  200928:	45c5                	li	a1,17
  20092a:	4501                	li	a0,0
  20092c:	746000ef          	jal	201072 <IOMuxManager_PinConfigure>
	__HAL_CRM_SMID_CLK_ENABLE(); //enable clock
  200930:	549c                	lw	a5,40(s1)
  200932:	0407e793          	or	a5,a5,64
  200936:	d49c                	sw	a5,40(s1)
    sdio_buf.data_send = data_to_send;
  200938:	ab018793          	add	a5,gp,-1360 # 200a43f8 <sdio_buf>
  20093c:	cf818713          	add	a4,gp,-776 # 200a4640 <data_to_send>
  200940:	c398                	sw	a4,0(a5)
    sdio_buf.data_recv = data_to_recv;
  200942:	af818713          	add	a4,gp,-1288 # 200a4440 <data_to_recv>
  200946:	c3d8                	sw	a4,4(a5)
    sdio_device_config_t config = {
  200948:	c63e                	sw	a5,12(sp)
  20094a:	20000793          	li	a5,512
  20094e:	c83e                	sw	a5,16(sp)
  200950:	ca3e                	sw	a5,20(sp)
  200952:	002007b7          	lui	a5,0x200
  200956:	55c78793          	add	a5,a5,1372 # 20055c <sdio_device_event_callback>
    sdio_dev = sdio_device_initialize(&config);
  20095a:	0068                	add	a0,sp,12
    sdio_device_config_t config = {
  20095c:	ce02                	sw	zero,28(sp)
  20095e:	cc3e                	sw	a5,24(sp)
    sdio_dev = sdio_device_initialize(&config);
  200960:	033000ef          	jal	201192 <sdio_device_initialize>
    if(sdio_dev == NULL)
  200964:	c519                	beqz	a0,200972 <sdio_init+0xca>
  200966:	84aa                	mv	s1,a0
    int ret = sdio_device_start();
  200968:	08f000ef          	jal	2011f6 <sdio_device_start>
    if(ret != CSK_DRIVER_OK)
  20096c:	e119                	bnez	a0,200972 <sdio_init+0xca>
	sdio_boot_process(sdio_dev);
  20096e:	8526                	mv	a0,s1
  200970:	315d                	jal	200616 <sdio_boot_process>
}
  200972:	50b2                	lw	ra,44(sp)
  200974:	54a2                	lw	s1,40(sp)
  200976:	6145                	add	sp,sp,48
  200978:	8082                	ret

0020097a <handle_mem_begin>:
// Total Size, Number of Data Packets, Data Size in one Packet, Memory Offset.
// Actually here only 1st uint32 (Total Size) is used for MEM_BEGIN!
esp_command_error
handle_mem_begin(uint32_t size, uint32_t offset)
{
    s_mem_i = 0;
  20097a:	9e01a023          	sw	zero,-1568(gp) # 200a4328 <s_mem_i>
    s_mem_len = 0;
  20097e:	9c01ae23          	sw	zero,-1572(gp) # 200a4324 <s_mem_len>
    s_mem_offset = (int8_t *)offset;
  200982:	9cb1ac23          	sw	a1,-1576(gp) # 200a4320 <s_mem_offset>
    s_mem_remaining = size;
  200986:	200a47b7          	lui	a5,0x200a4
  20098a:	14a7a623          	sw	a0,332(a5) # 200a414c <s_mem_remaining>
    s_mem_seq = -1;
  20098e:	577d                	li	a4,-1
  200990:	9ce1aa23          	sw	a4,-1580(gp) # 200a431c <s_mem_seq>

    BOOT_LOG("handle_mem_begin data size is %d\n", size);
    return ESP_OK;
}
  200994:	4501                	li	a0,0
  200996:	8082                	ret

00200998 <_mem_data_cpy>:


int32_t
_mem_data_cpy(void* data, uint32_t length)
{
  200998:	1141                	add	sp,sp,-16
  20099a:	c226                	sw	s1,4(sp)
    int8_t* src = (int8_t*)data;

	memcpy((s_mem_offset + s_mem_len), src, length);
  20099c:	9d81a703          	lw	a4,-1576(gp) # 200a4320 <s_mem_offset>
  2009a0:	9dc1a783          	lw	a5,-1572(gp) # 200a4324 <s_mem_len>
{
  2009a4:	c422                	sw	s0,8(sp)
	memcpy((s_mem_offset + s_mem_len), src, length);
  2009a6:	862e                	mv	a2,a1
{
  2009a8:	842e                	mv	s0,a1
	memcpy((s_mem_offset + s_mem_len), src, length);
  2009aa:	85aa                	mv	a1,a0
  2009ac:	00f70533          	add	a0,a4,a5
{
  2009b0:	c606                	sw	ra,12(sp)
	memcpy((s_mem_offset + s_mem_len), src, length);
  2009b2:	1a3050ef          	jal	206354 <memcpy>
	s_mem_remaining -= length;
  2009b6:	200a4737          	lui	a4,0x200a4
  2009ba:	14c72783          	lw	a5,332(a4) # 200a414c <s_mem_remaining>
  2009be:	8f81                	sub	a5,a5,s0
  2009c0:	14f72623          	sw	a5,332(a4)
	s_mem_len += length;
  2009c4:	9dc1a783          	lw	a5,-1572(gp) # 200a4324 <s_mem_len>
  2009c8:	97a2                	add	a5,a5,s0
  2009ca:	9cf1ae23          	sw	a5,-1572(gp) # 200a4324 <s_mem_len>

    return length;
}
  2009ce:	8522                	mv	a0,s0
  2009d0:	40b2                	lw	ra,12(sp)
  2009d2:	4422                	lw	s0,8(sp)
  2009d4:	4492                	lw	s1,4(sp)
  2009d6:	0141                	add	sp,sp,16
  2009d8:	8082                	ret

002009da <handle_mem_data>:
// Data Size, Sequence Number, 0, 0, and then Data
// Actually here the 2st uint32 (Sequence Number) and Data itself are used for MEM_BEGIN!
esp_command_error
handle_mem_data(void* data, uint32_t seq_num, uint32_t length)
{
    if (s_mem_offset == NULL && length > 0) {
  2009da:	9d81a703          	lw	a4,-1576(gp) # 200a4320 <s_mem_offset>
{
  2009de:	87ae                	mv	a5,a1
  2009e0:	85b2                	mv	a1,a2
    if (s_mem_offset == NULL && length > 0) {
  2009e2:	e711                	bnez	a4,2009ee <handle_mem_data+0x14>
        return ESP_NOT_IN_FLASH_MODE;
  2009e4:	0c600713          	li	a4,198
    if (s_mem_offset == NULL && length > 0) {
  2009e8:	ca19                	beqz	a2,2009fe <handle_mem_data+0x24>
    s_mem_seq = seq_num;
    // save data and size for copying later
    _mem_data_cpy(data, length);

    return ESP_OK;
}
  2009ea:	853a                	mv	a0,a4
  2009ec:	8082                	ret
    if (length > s_mem_remaining) {
  2009ee:	200a4737          	lui	a4,0x200a4
  2009f2:	14c72683          	lw	a3,332(a4) # 200a414c <s_mem_remaining>
        return ESP_TOO_MUCH_DATA;
  2009f6:	0c900713          	li	a4,201
    if (length > s_mem_remaining) {
  2009fa:	fec6e8e3          	bltu	a3,a2,2009ea <handle_mem_data+0x10>
    if (seq_num == s_mem_seq) {
  2009fe:	9d41a703          	lw	a4,-1580(gp) # 200a431c <s_mem_seq>
  200a02:	02f70263          	beq	a4,a5,200a26 <handle_mem_data+0x4c>
    if (seq_num != s_mem_seq + 1) {
  200a06:	00170693          	add	a3,a4,1
        return ESP_BAD_DATA_SEQ;
  200a0a:	0ca00713          	li	a4,202
    if (seq_num != s_mem_seq + 1) {
  200a0e:	fcf69ee3          	bne	a3,a5,2009ea <handle_mem_data+0x10>
{
  200a12:	1141                	add	sp,sp,-16
  200a14:	c606                	sw	ra,12(sp)
    s_mem_seq = seq_num;
  200a16:	9cf1aa23          	sw	a5,-1580(gp) # 200a431c <s_mem_seq>
    _mem_data_cpy(data, length);
  200a1a:	3fbd                	jal	200998 <_mem_data_cpy>
}
  200a1c:	40b2                	lw	ra,12(sp)
        return ESP_OK;
  200a1e:	4701                	li	a4,0
}
  200a20:	853a                	mv	a0,a4
  200a22:	0141                	add	sp,sp,16
  200a24:	8082                	ret
        return ESP_OK;
  200a26:	4701                	li	a4,0
  200a28:	b7c9                	j	2009ea <handle_mem_data+0x10>

00200a2a <handle_mem_finish>:
// Execute Flag, Entry point Address
// Actually none of them is used for MEM_END!
esp_command_error
handle_mem_finish()
{
    esp_command_error res = s_mem_remaining > 0 ? ESP_NOT_ENOUGH_DATA : ESP_OK;
  200a2a:	200a47b7          	lui	a5,0x200a4
  200a2e:	14c7a503          	lw	a0,332(a5) # 200a414c <s_mem_remaining>
  200a32:	00152513          	slti	a0,a0,1
  200a36:	40a00533          	neg	a0,a0
    BOOT_LOG("handle_mem_finish remain size is %d\n", s_mem_remaining);
    s_mem_remaining = 0x1;
  200a3a:	4705                	li	a4,1
    esp_command_error res = s_mem_remaining > 0 ? ESP_NOT_ENOUGH_DATA : ESP_OK;
  200a3c:	f3857513          	and	a0,a0,-200
    s_mem_remaining = 0x1;
  200a40:	14e7a623          	sw	a4,332(a5)
//    s_mem_offset = NULL;
    return res;
}
  200a44:	0c850513          	add	a0,a0,200
  200a48:	8082                	ret

00200a4a <handle_read_reg>:


esp_command_error
handle_read_reg(uint32_t addr, uint32_t *value)
{
  200a4a:	87aa                	mv	a5,a0
	if(addr & 0x3) {
  200a4c:	890d                	and	a0,a0,3
  200a4e:	e501                	bnez	a0,200a56 <handle_read_reg+0xc>
		return ESP_INVALID_COMMAND;
	}
	*value = inw(addr);
  200a50:	439c                	lw	a5,0(a5)
  200a52:	c19c                	sw	a5,0(a1)
	return ESP_OK;
  200a54:	8082                	ret
		return ESP_INVALID_COMMAND;
  200a56:	0c300513          	li	a0,195
}
  200a5a:	8082                	ret

00200a5c <handle_write_reg>:

esp_command_error
handle_write_reg(uint32_t addr, uint32_t value, uint32_t mask)
{
  200a5c:	87aa                	mv	a5,a0
	uint32_t org;
	if(addr & 0x3) {
  200a5e:	890d                	and	a0,a0,3
  200a60:	e519                	bnez	a0,200a6e <handle_write_reg+0x12>
		return ESP_INVALID_COMMAND;
	}
	org = inw(addr);
  200a62:	4398                	lw	a4,0(a5)
	outw(addr, (org & (~mask)) | (value & mask));
  200a64:	8db9                	xor	a1,a1,a4
  200a66:	8e6d                	and	a2,a2,a1
  200a68:	8e39                	xor	a2,a2,a4
  200a6a:	c390                	sw	a2,0(a5)
	return ESP_OK;
  200a6c:	8082                	ret
		return ESP_INVALID_COMMAND;
  200a6e:	0c300513          	li	a0,195
}
  200a72:	8082                	ret

00200a74 <calculate_checksum>:

uint8_t
calculate_checksum(uint8_t* buf, int length)
{
  200a74:	872a                	mv	a4,a0
    int i;
    uint8_t res = 0xef;
    for (i = 0; i < length; i++) {
  200a76:	4781                	li	a5,0
    uint8_t res = 0xef;
  200a78:	0ef00513          	li	a0,239
    for (i = 0; i < length; i++) {
  200a7c:	00b7c363          	blt	a5,a1,200a82 <calculate_checksum+0xe>
        res ^= buf[i];
    }
    return res;
}
  200a80:	8082                	ret
        res ^= buf[i];
  200a82:	00f706b3          	add	a3,a4,a5
  200a86:	0006c683          	lbu	a3,0(a3) # 1000 <__HEAP_SIZE>
  200a8a:	8d35                	xor	a0,a0,a3
    for (i = 0; i < length; i++) {
  200a8c:	0785                	add	a5,a5,1
  200a8e:	b7fd                	j	200a7c <calculate_checksum+0x8>

00200a90 <do_cmd>:
    return true;
}

int32_t
do_cmd(uint8_t* buf, int32_t* len, comm_type comm)
{
  200a90:	7179                	add	sp,sp,-48
  200a92:	d422                	sw	s0,40(sp)
  200a94:	d226                	sw	s1,36(sp)
    esp_command_req_t* command = (esp_command_req_t*)buf;  //default value

    /* provide easy access for 32-bit data words */
    uint32_t* data_words = (uint32_t*)command->data_buf;
    /* response header */
    esp_command_response_t resp = {
  200a96:	4785                	li	a5,1
{
  200a98:	d606                	sw	ra,44(sp)
  200a9a:	d04a                	sw	s2,32(sp)
    esp_command_response_t resp = {
  200a9c:	00f10c23          	sb	a5,24(sp)
        .resp = 1,
        .op_ret = command->op,
  200aa0:	00154783          	lbu	a5,1(a0)
    esp_command_response_t resp = {
  200aa4:	4709                	li	a4,2
  200aa6:	00f10ca3          	sb	a5,25(sp)
    int32_t dlen = command->data_len - 16;

    /* First stage of command processing - before sending error/status */
    BOOT_LOG("cmd is 0x%02x, size is %d, checksum is 0x%x\n",
                command->op, command->data_len, command->checksum);
    switch (command->op) {
  200aaa:	17fd                	add	a5,a5,-1
    esp_command_response_t resp = {
  200aac:	00e11d23          	sh	a4,26(sp)
  200ab0:	ce02                	sw	zero,28(sp)
    switch (command->op) {
  200ab2:	0ff7f793          	zext.b	a5,a5
  200ab6:	4725                	li	a4,9
    int32_t dlen = command->data_len - 16;
  200ab8:	00255603          	lhu	a2,2(a0)
{
  200abc:	842a                	mv	s0,a0
  200abe:	84ae                	mv	s1,a1
    switch (command->op) {
  200ac0:	0af76c63          	bltu	a4,a5,200b78 <do_cmd+0xe8>
  200ac4:	82c18713          	add	a4,gp,-2004 # 200a4174 <uxTopUsedPriority+0x14>
  200ac8:	20e7c7b3          	sh2add	a5,a5,a4
  200acc:	439c                	lw	a5,0(a5)
  200ace:	8782                	jr	a5
    return (command->data_len == len) ? ESP_OK : ESP_BAD_DATA_LEN;
  200ad0:	4741                	li	a4,16
        case ESP_MEM_BEGIN:
            error = verify_data_len(command, 16) || handle_mem_begin(data_words[0], data_words[3]);
  200ad2:	4785                	li	a5,1
    return (command->data_len == len) ? ESP_OK : ESP_BAD_DATA_LEN;
  200ad4:	00e61763          	bne	a2,a4,200ae2 <do_cmd+0x52>
            error = verify_data_len(command, 16) || handle_mem_begin(data_words[0], data_words[3]);
  200ad8:	494c                	lw	a1,20(a0)
  200ada:	4508                	lw	a0,8(a0)
  200adc:	3d79                	jal	20097a <handle_mem_begin>
				error = ESP_BAD_DATA_CHECKSUM;
			}
			BOOT_LOG("ESP_MEM_DATA error code is %d\n", error);
            break;
        case ESP_MEM_END:
            error = verify_data_len(command, 8) || handle_mem_finish();
  200ade:	00a037b3          	snez	a5,a0
    bool is_valid_cmd = true;
  200ae2:	4705                	li	a4,1
        default:
            is_valid_cmd = false;
            break;
    }

	if(error != 0) {
  200ae4:	00f036b3          	snez	a3,a5
		// if error occurs, status is supposed to set to 1
		status = 1;
	}

	memcpy(buf, &resp, sizeof(esp_command_response_t));
  200ae8:	45e2                	lw	a1,24(sp)
  200aea:	4672                	lw	a2,28(sp)
	buf[sizeof(esp_command_response_t)] = error;
	buf[sizeof(esp_command_response_t) + 1] = status;
  200aec:	00d404a3          	sb	a3,9(s0)
	memcpy(buf, &resp, sizeof(esp_command_response_t));
  200af0:	c00c                	sw	a1,0(s0)
  200af2:	c050                	sw	a2,4(s0)
	buf[sizeof(esp_command_response_t)] = error;
  200af4:	00f40423          	sb	a5,8(s0)


	*len = sizeof(esp_command_response_t) + 2;
  200af8:	46a9                	li	a3,10
  200afa:	c094                	sw	a3,0(s1)
    int32_t bytes = 0, status = 0, ret = -1;
  200afc:	557d                	li	a0,-1

    if(is_valid_cmd && (error == ESP_OK)) {
  200afe:	c701                	beqz	a4,200b06 <do_cmd+0x76>
  200b00:	e399                	bnez	a5,200b06 <do_cmd+0x76>
    	ret = command->op;
  200b02:	00144503          	lbu	a0,1(s0)
    }

    //return command id
    return ret;
}
  200b06:	50b2                	lw	ra,44(sp)
  200b08:	5422                	lw	s0,40(sp)
  200b0a:	5492                	lw	s1,36(sp)
  200b0c:	5902                	lw	s2,32(sp)
  200b0e:	6145                	add	sp,sp,48
  200b10:	8082                	ret
    int32_t dlen = command->data_len - 16;
  200b12:	1641                	add	a2,a2,-16
    uint8_t* dbuf = command->data_buf + 16;
  200b14:	01850913          	add	s2,a0,24
			cs = calculate_checksum(dbuf, dlen);
  200b18:	85b2                	mv	a1,a2
  200b1a:	854a                	mv	a0,s2
  200b1c:	c632                	sw	a2,12(sp)
  200b1e:	3f99                	jal	200a74 <calculate_checksum>
			if (cs == (uint8_t)command->checksum) {
  200b20:	00444703          	lbu	a4,4(s0)
				error = ESP_BAD_DATA_CHECKSUM;
  200b24:	0c100793          	li	a5,193
			if (cs == (uint8_t)command->checksum) {
  200b28:	4632                	lw	a2,12(sp)
  200b2a:	02a71763          	bne	a4,a0,200b58 <do_cmd+0xc8>
				error = handle_mem_data(dbuf, data_words[1], dlen);
  200b2e:	444c                	lw	a1,12(s0)
  200b30:	854a                	mv	a0,s2
  200b32:	3565                	jal	2009da <handle_mem_data>
        	error = handle_write_reg(data_words[0], data_words[1], data_words[2]);
  200b34:	87aa                	mv	a5,a0
  200b36:	b775                	j	200ae2 <do_cmd+0x52>
    return (command->data_len == len) ? ESP_OK : ESP_BAD_DATA_LEN;
  200b38:	4721                	li	a4,8
            error = verify_data_len(command, 8) || handle_mem_finish();
  200b3a:	4785                	li	a5,1
    return (command->data_len == len) ? ESP_OK : ESP_BAD_DATA_LEN;
  200b3c:	fae613e3          	bne	a2,a4,200ae2 <do_cmd+0x52>
            error = verify_data_len(command, 8) || handle_mem_finish();
  200b40:	35ed                	jal	200a2a <handle_mem_finish>
  200b42:	bf71                	j	200ade <do_cmd+0x4e>
    return (command->data_len == len) ? ESP_OK : ESP_BAD_DATA_LEN;
  200b44:	0c000793          	li	a5,192
  200b48:	ea01                	bnez	a2,200b58 <do_cmd+0xc8>
            status = ROM_CODE_VERSION;
  200b4a:	4695                	li	a3,5
  200b4c:	a831                	j	200b68 <do_cmd+0xd8>
    return (command->data_len == len) ? ESP_OK : ESP_BAD_DATA_LEN;
  200b4e:	4791                	li	a5,4
  200b50:	00f60763          	beq	a2,a5,200b5e <do_cmd+0xce>
				error = ESP_IMG_UNKNOWN_ERROR;
  200b54:	0fe00793          	li	a5,254
    bool is_valid_cmd = true;
  200b58:	4705                	li	a4,1
		status = 1;
  200b5a:	86ba                	mv	a3,a4
  200b5c:	b771                	j	200ae8 <do_cmd+0x58>
        	error = verify_data_len(command, 4) || handle_read_reg(data_words[0], &(resp.value));
  200b5e:	086c                	add	a1,sp,28
  200b60:	4508                	lw	a0,8(a0)
  200b62:	35e5                	jal	200a4a <handle_read_reg>
    int32_t bytes = 0, status = 0, ret = -1;
  200b64:	4681                	li	a3,0
        	error = verify_data_len(command, 4) || handle_read_reg(data_words[0], &(resp.value));
  200b66:	f57d                	bnez	a0,200b54 <do_cmd+0xc4>
    bool is_valid_cmd = true;
  200b68:	4781                	li	a5,0
  200b6a:	4705                	li	a4,1
  200b6c:	bfb5                	j	200ae8 <do_cmd+0x58>
        	error = handle_write_reg(data_words[0], data_words[1], data_words[2]);
  200b6e:	4910                	lw	a2,16(a0)
  200b70:	454c                	lw	a1,12(a0)
  200b72:	4508                	lw	a0,8(a0)
  200b74:	35e5                	jal	200a5c <handle_write_reg>
  200b76:	bf7d                	j	200b34 <do_cmd+0xa4>
    switch (command->op) {
  200b78:	0ff00793          	li	a5,255
  200b7c:	4701                	li	a4,0
  200b7e:	b79d                	j	200ae4 <do_cmd+0x54>

00200b80 <set_resp_error>:
set_resp_error(uint8_t* buf, uint8_t error, comm_type comm)
{
    //FIXME, not think about slip, simply write fix location
    //buf[1 + sizeof(esp_command_response_t)] = error;

    uint32_t idx = sizeof(esp_command_response_t);
  200b80:	00163613          	seqz	a2,a2
  200b84:	0621                	add	a2,a2,8
    if (comm == COMM_TYPE_UART)
        idx++; //for SLIP delimiter

    buf[idx] = error;
  200b86:	9532                	add	a0,a0,a2
  200b88:	00b50023          	sb	a1,0(a0)
    buf[idx + 1] = (error == ESP_OK ? 0 : 1); //status
  200b8c:	00b035b3          	snez	a1,a1
  200b90:	00b500a3          	sb	a1,1(a0)
}
  200b94:	8082                	ret

00200b96 <task_boot_usb_send>:
    while(usb_tx_event != USB_EVENT_TX_DONE);
}


void task_boot_usb_send( void *pvParameters )
{
  200b96:	1141                	add	sp,sp,-16
  200b98:	c422                	sw	s0,8(sp)
  200b9a:	c226                	sw	s1,4(sp)
  200b9c:	c04a                	sw	s2,0(sp)
  200b9e:	c606                	sw	ra,12(sp)
	uint32_t i = 0;

	BOOT_LOG("enter task_boot_usb_send\n");

    while(1) {
    	xSemaphoreTake(semSendProcess, portMAX_DELAY);
  200ba0:	55fd                	li	a1,-1
  200ba2:	567d                	li	a2,-1
  200ba4:	9fc1a503          	lw	a0,-1540(gp) # 200a4344 <semSendProcess>
  200ba8:	165030ef          	jal	20450c <xQueueSemaphoreTake>
    	tud_vendor_n_write_immed(0, USB_EP_IN, usb_buf_out, usb_buf_out_len);
  200bac:	9ec1c683          	lbu	a3,-1556(gp) # 200a4334 <usb_buf_out_len>
  200bb0:	ef818613          	add	a2,gp,-264 # 200a4840 <usb_buf_out>
  200bb4:	08100593          	li	a1,129
  200bb8:	4501                	li	a0,0
  200bba:	5f1000ef          	jal	2019aa <tud_vendor_n_write_immed>
    while(1) {
  200bbe:	b7cd                	j	200ba0 <task_boot_usb_send+0xa>

00200bc0 <task_boot_usb_recv>:

extern int8_t header_verify(uint8_t *buf);
extern void boot_ram(uint8_t *buf);

void task_boot_usb_recv(void *pvParameters)
{
  200bc0:	1101                	add	sp,sp,-32
	//static uint8_t *cmd = (uint8_t *)SLIP_RX_BUF; //BSD: DATA_RX_BUF?
	static uint8_t *cmd = (uint8_t *)DATA_RX_BUF;


	// wait for USB mounted
	xSemaphoreTake(semStartProcess, portMAX_DELAY);
  200bc2:	55fd                	li	a1,-1
  200bc4:	567d                	li	a2,-1
  200bc6:	a001a503          	lw	a0,-1536(gp) # 200a4348 <semStartProcess>
{
  200bca:	ce06                	sw	ra,28(sp)
  200bcc:	cc22                	sw	s0,24(sp)
  200bce:	ca26                	sw	s1,20(sp)
  200bd0:	c64e                	sw	s3,12(sp)
  200bd2:	c452                	sw	s4,8(sp)
  200bd4:	c256                	sw	s5,4(sp)
  200bd6:	c84a                	sw	s2,16(sp)
  200bd8:	c05a                	sw	s6,0(sp)
	xSemaphoreTake(semStartProcess, portMAX_DELAY);
  200bda:	133030ef          	jal	20450c <xQueueSemaphoreTake>
    vTaskDelay(10); // delay 10 ticks
  200bde:	4529                	li	a0,10
  200be0:	4581                	li	a1,0

	while(1) {
		if (tud_ready()) {
			read_bytes = 0;

			tud_vendor_n_read_immed(0, USB_EP_OUT, cmd, MAX_WRITE_BLOCK);
  200be2:	200a0437          	lui	s0,0x200a0
    vTaskDelay(10); // delay 10 ticks
  200be6:	284040ef          	jal	204e6a <vTaskDelay>
			tud_vendor_n_read_immed(0, USB_EP_OUT, cmd, MAX_WRITE_BLOCK);
  200bea:	20040413          	add	s0,s0,512 # 200a0200 <_sp+0x1fd9e200>
  200bee:	4a85                	li	s5,1
bool tud_suspended(void);

// Check if device is ready to transfer
static inline bool tud_ready(void)
{
  return tud_mounted() && !tud_suspended();
  200bf0:	7b6020ef          	jal	2033a6 <tud_mounted>
  200bf4:	dd75                	beqz	a0,200bf0 <task_boot_usb_recv+0x30>
  200bf6:	7be020ef          	jal	2033b4 <tud_suspended>
  200bfa:	f97d                	bnez	a0,200bf0 <task_boot_usb_recv+0x30>
  200bfc:	20000693          	li	a3,512
  200c00:	200a0637          	lui	a2,0x200a0
  200c04:	9636                	add	a2,a2,a3
  200c06:	4585                	li	a1,1
			read_bytes = 0;
  200c08:	9e01a823          	sw	zero,-1552(gp) # 200a4338 <read_bytes>
			tud_vendor_n_read_immed(0, USB_EP_OUT, cmd, MAX_WRITE_BLOCK);
  200c0c:	519000ef          	jal	201924 <tud_vendor_n_read_immed>

			// wait read done
			xSemaphoreTake(semReadDone, portMAX_DELAY);
  200c10:	55fd                	li	a1,-1
  200c12:	567d                	li	a2,-1
  200c14:	9f81a503          	lw	a0,-1544(gp) # 200a4340 <semReadDone>
  200c18:	0f5030ef          	jal	20450c <xQueueSemaphoreTake>

			read_bytes = usb_rx_bytes;
  200c1c:	a101a783          	lw	a5,-1520(gp) # 200a4358 <usb_rx_bytes>
  200c20:	9ef1a823          	sw	a5,-1552(gp) # 200a4338 <read_bytes>
			usb_rx_bytes = 0;
  200c24:	a001a823          	sw	zero,-1520(gp) # 200a4358 <usb_rx_bytes>

			// minimum 8 bytes required, otherwise discard and go back to the original state
			if(read_bytes < 8)
  200c28:	471d                	li	a4,7
  200c2a:	fcf773e3          	bgeu	a4,a5,200bf0 <task_boot_usb_recv+0x30>
				continue;

			esp_command_req_t* command = (esp_command_req_t*)cmd;

			// if the direction is not 0(from host to device), go back to the original state
			if(command->zero != 0)
  200c2e:	00044783          	lbu	a5,0(s0)
  200c32:	ffdd                	bnez	a5,200bf0 <task_boot_usb_recv+0x30>
				continue;

			uint16_t total = command->data_len + 8;
  200c34:	00245903          	lhu	s2,2(s0)
  200c38:	0921                	add	s2,s2,8
  200c3a:	08094933          	zext.h	s2,s2

			while(read_bytes < total) {
  200c3e:	9f01a603          	lw	a2,-1552(gp) # 200a4338 <read_bytes>
  200c42:	03267763          	bgeu	a2,s2,200c70 <task_boot_usb_recv+0xb0>
				tud_vendor_n_read_immed(0, USB_EP_OUT, cmd + read_bytes, MAX_WRITE_BLOCK);
  200c46:	20000693          	li	a3,512
  200c4a:	9622                	add	a2,a2,s0
  200c4c:	4585                	li	a1,1
  200c4e:	4501                	li	a0,0
  200c50:	4d5000ef          	jal	201924 <tud_vendor_n_read_immed>
				// wait read done, with 100ms timeout
				xSemaphoreTake(semReadDone, 100*portTICK_PERIOD_MS);
  200c54:	06400593          	li	a1,100
  200c58:	4601                	li	a2,0
  200c5a:	9f81a503          	lw	a0,-1544(gp) # 200a4340 <semReadDone>
  200c5e:	0af030ef          	jal	20450c <xQueueSemaphoreTake>
				if(usb_rx_bytes == 0)
  200c62:	a101a783          	lw	a5,-1520(gp) # 200a4358 <usb_rx_bytes>
  200c66:	efbd                	bnez	a5,200ce4 <task_boot_usb_recv+0x124>
				read_bytes += usb_rx_bytes;
				usb_rx_bytes = 0;
			}

			// if the received length didn't match the required one, go back to the original state
			if(read_bytes < total){
  200c68:	9f01a783          	lw	a5,-1552(gp) # 200a4338 <read_bytes>
  200c6c:	0927e663          	bltu	a5,s2,200cf8 <task_boot_usb_recv+0x138>
				//continue;
				error = 1;
			}else{
				// process the packet
				cmd_id = do_cmd(cmd, &n, COMM_TYPE_USB);
  200c70:	200a0537          	lui	a0,0x200a0
  200c74:	4605                	li	a2,1
  200c76:	9e418593          	add	a1,gp,-1564 # 200a432c <n.2>
  200c7a:	20050513          	add	a0,a0,512 # 200a0200 <_sp+0x1fd9e200>
  200c7e:	3d09                	jal	200a90 <do_cmd>

				if(cmd_id == ESP_MEM_END) {
  200c80:	4799                	li	a5,6
  200c82:	06f51d63          	bne	a0,a5,200cfc <task_boot_usb_recv+0x13c>
					extern int8_t* s_mem_offset;
					uint8_t * ap_base = (uint8_t *)s_mem_offset;
  200c86:	9d81a903          	lw	s2,-1576(gp) # 200a4320 <s_mem_offset>
					s_mem_offset = NULL;
					verify_header_status = header_verify((uint8_t *)ap_base);
  200c8a:	854a                	mv	a0,s2
					s_mem_offset = NULL;
  200c8c:	9c01ac23          	sw	zero,-1576(gp) # 200a4320 <s_mem_offset>
					verify_header_status = header_verify((uint8_t *)ap_base);
  200c90:	fdaff0ef          	jal	20046a <header_verify>
					if (verify_header_status == 0) {
  200c94:	0c051663          	bnez	a0,200d60 <task_boot_usb_recv+0x1a0>
						usb_tx_event = USB_EVENT_NOTHING;
	//					tud_vendor_n_write_immed(0, USB_EP_IN, cmd, n);
	//					usb_wait_tx_rdy();
						usb_buf_out_len = (n > USB_BUF_OUT_LEN_MAX ? USB_BUF_OUT_LEN_MAX : n);
  200c98:	9e41a603          	lw	a2,-1564(gp) # 200a432c <n.2>
						usb_tx_event = USB_EVENT_NOTHING;
  200c9c:	a001a423          	sw	zero,-1528(gp) # 200a4350 <usb_tx_event>
						usb_buf_out_len = (n > USB_BUF_OUT_LEN_MAX ? USB_BUF_OUT_LEN_MAX : n);
  200ca0:	47c1                	li	a5,16
  200ca2:	0af64633          	min	a2,a2,a5
						memcpy(usb_buf_out, cmd, usb_buf_out_len);
  200ca6:	200a05b7          	lui	a1,0x200a0
						usb_buf_out_len = (n > USB_BUF_OUT_LEN_MAX ? USB_BUF_OUT_LEN_MAX : n);
  200caa:	9ec18623          	sb	a2,-1556(gp) # 200a4334 <usb_buf_out_len>
						memcpy(usb_buf_out, cmd, usb_buf_out_len);
  200cae:	20058593          	add	a1,a1,512 # 200a0200 <_sp+0x1fd9e200>
  200cb2:	0ff67613          	zext.b	a2,a2
  200cb6:	ef818513          	add	a0,gp,-264 # 200a4840 <usb_buf_out>
  200cba:	69a050ef          	jal	206354 <memcpy>
						xSemaphoreGive(semSendProcess);
  200cbe:	4701                	li	a4,0
  200cc0:	4681                	li	a3,0
  200cc2:	4601                	li	a2,0
  200cc4:	4581                	li	a1,0
  200cc6:	9fc1a503          	lw	a0,-1540(gp) # 200a4344 <semSendProcess>
  200cca:	3fa030ef          	jal	2040c4 <xQueueGenericSend>
						xSemaphoreTake(semWriteDone, 100*portTICK_PERIOD_MS);
  200cce:	06400593          	li	a1,100
  200cd2:	4601                	li	a2,0
  200cd4:	9f41a503          	lw	a0,-1548(gp) # 200a433c <semWriteDone>
  200cd8:	035030ef          	jal	20450c <xQueueSemaphoreTake>
						boot_ram((uint8_t *)ap_base);  // never return!!
  200cdc:	854a                	mv	a0,s2
  200cde:	80dff0ef          	jal	2004ea <boot_ram>
  200ce2:	a829                	j	200cfc <task_boot_usb_recv+0x13c>
				read_bytes += usb_rx_bytes;
  200ce4:	a101a703          	lw	a4,-1520(gp) # 200a4358 <usb_rx_bytes>
  200ce8:	9f01a783          	lw	a5,-1552(gp) # 200a4338 <read_bytes>
  200cec:	97ba                	add	a5,a5,a4
  200cee:	9ef1a823          	sw	a5,-1552(gp) # 200a4338 <read_bytes>
				usb_rx_bytes = 0;
  200cf2:	a001a823          	sw	zero,-1520(gp) # 200a4358 <usb_rx_bytes>
  200cf6:	b7a1                	j	200c3e <task_boot_usb_recv+0x7e>
				error = 1;
  200cf8:	9f51a423          	sw	s5,-1560(gp) # 200a4330 <error.3>
					} else {
						set_resp_error(cmd, verify_header_status, 1); //ESP_CMD_NOT_IMPLEMENTED
					}
				}
			}
			if(error) {
  200cfc:	9e81a583          	lw	a1,-1560(gp) # 200a4330 <error.3>
  200d00:	c999                	beqz	a1,200d16 <task_boot_usb_recv+0x156>
				set_resp_error(cmd, error, COMM_TYPE_USB);
  200d02:	200a0537          	lui	a0,0x200a0
  200d06:	4605                	li	a2,1
  200d08:	0ff5f593          	zext.b	a1,a1
  200d0c:	20050513          	add	a0,a0,512 # 200a0200 <_sp+0x1fd9e200>
  200d10:	3d85                	jal	200b80 <set_resp_error>
				error = 0;  // clear error flag
  200d12:	9e01a423          	sw	zero,-1560(gp) # 200a4330 <error.3>
			}

			usb_buf_out_len = (n > USB_BUF_OUT_LEN_MAX ? USB_BUF_OUT_LEN_MAX : n);
  200d16:	9e41a603          	lw	a2,-1564(gp) # 200a432c <n.2>
  200d1a:	47c1                	li	a5,16
  200d1c:	0af64633          	min	a2,a2,a5
			memcpy(usb_buf_out, cmd, usb_buf_out_len);
  200d20:	200a05b7          	lui	a1,0x200a0
			usb_buf_out_len = (n > USB_BUF_OUT_LEN_MAX ? USB_BUF_OUT_LEN_MAX : n);
  200d24:	9ec18623          	sb	a2,-1556(gp) # 200a4334 <usb_buf_out_len>
			memcpy(usb_buf_out, cmd, usb_buf_out_len);
  200d28:	20058593          	add	a1,a1,512 # 200a0200 <_sp+0x1fd9e200>
  200d2c:	0ff67613          	zext.b	a2,a2
  200d30:	ef818513          	add	a0,gp,-264 # 200a4840 <usb_buf_out>
  200d34:	620050ef          	jal	206354 <memcpy>
			xSemaphoreGive(semSendProcess);
  200d38:	4701                	li	a4,0
  200d3a:	4601                	li	a2,0
  200d3c:	4681                	li	a3,0
  200d3e:	4581                	li	a1,0
  200d40:	9fc1a503          	lw	a0,-1540(gp) # 200a4344 <semSendProcess>
  200d44:	380030ef          	jal	2040c4 <xQueueGenericSend>
			xSemaphoreTake(semWriteDone, 100*portTICK_PERIOD_MS);
  200d48:	06400593          	li	a1,100
  200d4c:	4601                	li	a2,0
  200d4e:	9f41a503          	lw	a0,-1548(gp) # 200a433c <semWriteDone>
  200d52:	7ba030ef          	jal	20450c <xQueueSemaphoreTake>
			//send a response
			//tud_vendor_n_write_immed(0, USB_EP_IN, cmd, n);
			memset(cmd, 0, 8);
  200d56:	00042023          	sw	zero,0(s0)
  200d5a:	00042223          	sw	zero,4(s0)
  200d5e:	bd49                	j	200bf0 <task_boot_usb_recv+0x30>
						set_resp_error(cmd, verify_header_status, 1); //ESP_CMD_NOT_IMPLEMENTED
  200d60:	0ff57593          	zext.b	a1,a0
  200d64:	200a0537          	lui	a0,0x200a0
  200d68:	4605                	li	a2,1
  200d6a:	20050513          	add	a0,a0,512 # 200a0200 <_sp+0x1fd9e200>
  200d6e:	3d09                	jal	200b80 <set_resp_error>
  200d70:	b771                	j	200cfc <task_boot_usb_recv+0x13c>

00200d72 <tud_mount_cb>:
    usb_rx_event = USB_EVENT_MOUNTED;
  200d72:	4705                	li	a4,1
{
  200d74:	1101                	add	sp,sp,-32
    usb_rx_event = USB_EVENT_MOUNTED;
  200d76:	a0e1a223          	sw	a4,-1532(gp) # 200a434c <usb_rx_event>
    xSemaphoreGiveFromISR(semStartProcess, &xHPWoken);
  200d7a:	a001a503          	lw	a0,-1536(gp) # 200a4348 <semStartProcess>
  200d7e:	006c                	add	a1,sp,12
{
  200d80:	ce06                	sw	ra,28(sp)
	BaseType_t xHPWoken = pdFALSE;
  200d82:	c602                	sw	zero,12(sp)
    xSemaphoreGiveFromISR(semStartProcess, &xHPWoken);
  200d84:	4fc030ef          	jal	204280 <xQueueGiveFromISR>
    portYIELD_FROM_ISR(xHPWoken);
  200d88:	47b2                	lw	a5,12(sp)
  200d8a:	c385                	beqz	a5,200daa <tud_mount_cb+0x38>
  200d8c:	f14027f3          	csrr	a5,mhartid
    SysTimer->MSIP |= SysTimer_MSIP_MSIP_Msk;
  200d90:	07018793          	add	a5,gp,112 # 200a49b8 <SystemIRegionInfo>
  200d94:	479c                	lw	a5,8(a5)
  200d96:	6705                	lui	a4,0x1
  200d98:	97ba                	add	a5,a5,a4
  200d9a:	ffc7a703          	lw	a4,-4(a5)
  200d9e:	00176713          	or	a4,a4,1
  200da2:	fee7ae23          	sw	a4,-4(a5)
  200da6:	0ff0000f          	fence
}
  200daa:	40f2                	lw	ra,28(sp)
  200dac:	6105                	add	sp,sp,32
  200dae:	8082                	ret

00200db0 <tud_suspend_cb>:
}
  200db0:	8082                	ret

00200db2 <tud_resume_cb>:
    usb_tx_event = USB_EVENT_MOUNTED;
  200db2:	4705                	li	a4,1
  200db4:	a0e1a423          	sw	a4,-1528(gp) # 200a4350 <usb_tx_event>
}
  200db8:	8082                	ret

00200dba <tud_vendor_read_done_cb>:
    usb_rx_bytes = xferred_bytes;
  200dba:	a0e1a823          	sw	a4,-1520(gp) # 200a4358 <usb_rx_bytes>
    usb_rx_event = USB_EVENT_RX_DONE;
  200dbe:	4709                	li	a4,2
{
  200dc0:	1101                	add	sp,sp,-32
    usb_rx_event = USB_EVENT_RX_DONE;
  200dc2:	a0e1a223          	sw	a4,-1532(gp) # 200a434c <usb_rx_event>
    xSemaphoreGiveFromISR(semReadDone, &xHPWoken);
  200dc6:	9f81a503          	lw	a0,-1544(gp) # 200a4340 <semReadDone>
  200dca:	006c                	add	a1,sp,12
{
  200dcc:	ce06                	sw	ra,28(sp)
	BaseType_t xHPWoken = pdFALSE;
  200dce:	c602                	sw	zero,12(sp)
    xSemaphoreGiveFromISR(semReadDone, &xHPWoken);
  200dd0:	4b0030ef          	jal	204280 <xQueueGiveFromISR>
    portYIELD_FROM_ISR(xHPWoken);
  200dd4:	47b2                	lw	a5,12(sp)
  200dd6:	c385                	beqz	a5,200df6 <tud_vendor_read_done_cb+0x3c>
  200dd8:	f14027f3          	csrr	a5,mhartid
  200ddc:	07018793          	add	a5,gp,112 # 200a49b8 <SystemIRegionInfo>
  200de0:	479c                	lw	a5,8(a5)
  200de2:	6705                	lui	a4,0x1
  200de4:	97ba                	add	a5,a5,a4
  200de6:	ffc7a703          	lw	a4,-4(a5)
  200dea:	00176713          	or	a4,a4,1
  200dee:	fee7ae23          	sw	a4,-4(a5)
  200df2:	0ff0000f          	fence
}
  200df6:	40f2                	lw	ra,28(sp)
  200df8:	6105                	add	sp,sp,32
  200dfa:	8082                	ret

00200dfc <tud_vendor_write_done_cb>:
    usb_tx_bytes = xferred_bytes;
  200dfc:	a0e1a623          	sw	a4,-1524(gp) # 200a4354 <usb_tx_bytes>
    usb_tx_event = USB_EVENT_TX_DONE;
  200e00:	470d                	li	a4,3
{
  200e02:	1101                	add	sp,sp,-32
    usb_tx_event = USB_EVENT_TX_DONE;
  200e04:	a0e1a423          	sw	a4,-1528(gp) # 200a4350 <usb_tx_event>
    xSemaphoreGiveFromISR(semWriteDone, &xHPWoken);
  200e08:	9f41a503          	lw	a0,-1548(gp) # 200a433c <semWriteDone>
  200e0c:	006c                	add	a1,sp,12
{
  200e0e:	ce06                	sw	ra,28(sp)
	BaseType_t xHPWoken = pdFALSE;
  200e10:	c602                	sw	zero,12(sp)
    xSemaphoreGiveFromISR(semWriteDone, &xHPWoken);
  200e12:	46e030ef          	jal	204280 <xQueueGiveFromISR>
    portYIELD_FROM_ISR(xHPWoken);
  200e16:	47b2                	lw	a5,12(sp)
  200e18:	c385                	beqz	a5,200e38 <tud_vendor_write_done_cb+0x3c>
  200e1a:	f14027f3          	csrr	a5,mhartid
  200e1e:	07018793          	add	a5,gp,112 # 200a49b8 <SystemIRegionInfo>
  200e22:	479c                	lw	a5,8(a5)
  200e24:	6705                	lui	a4,0x1
  200e26:	97ba                	add	a5,a5,a4
  200e28:	ffc7a703          	lw	a4,-4(a5)
  200e2c:	00176713          	or	a4,a4,1
  200e30:	fee7ae23          	sw	a4,-4(a5)
  200e34:	0ff0000f          	fence
}
  200e38:	40f2                	lw	ra,28(sp)
  200e3a:	6105                	add	sp,sp,32
  200e3c:	8082                	ret

00200e3e <usb_init>:
{
  200e3e:	1141                	add	sp,sp,-16
  200e40:	c422                	sw	s0,8(sp)
  200e42:	c606                	sw	ra,12(sp)
    IP_SYSNODEF->REG_SYSPLL_CFG0.bit.SYSPLL_ENABLE = 0x1;
  200e44:	46100437          	lui	s0,0x46100
  200e48:	441c                	lw	a5,8(s0)
  200e4a:	0017e793          	or	a5,a5,1
  200e4e:	c41c                	sw	a5,8(s0)
    while(!IP_SYSNODEF->REG_SYSPLL_CFG0.bit.SYSPLL_LOCK);
  200e50:	441c                	lw	a5,8(s0)
  200e52:	00979713          	sll	a4,a5,0x9
  200e56:	fe075de3          	bgez	a4,200e50 <usb_init+0x12>
	HAL_CRM_SetHclkClkDiv(1,4);
  200e5a:	4591                	li	a1,4
  200e5c:	4505                	li	a0,1
  200e5e:	2a9d                	jal	200fd4 <HAL_CRM_SetHclkClkDiv>
    IP_SYSNODEF->REG_BUS_CLK_CFG0.bit.SEL_HCLK = 1;
  200e60:	401c                	lw	a5,0(s0)
  200e62:	9bf1                	and	a5,a5,-4
  200e64:	0017e793          	or	a5,a5,1
  200e68:	c01c                	sw	a5,0(s0)
    __HAL_CRM_USB_CLK_ENABLE();
  200e6a:	460007b7          	lui	a5,0x46000
  200e6e:	5798                	lw	a4,40(a5)
  200e70:	00476713          	or	a4,a4,4
  200e74:	d798                	sw	a4,40(a5)
    IP_CMN_SYS->REG_USB_CTRL1.bit.USBC_CFG_IDDIG = 0x1; //Config "B" device
  200e76:	57d8                	lw	a4,44(a5)
  200e78:	29271713          	bset	a4,a4,0x12
  200e7c:	d7d8                	sw	a4,44(a5)
    IP_CMN_SYS->REG_USB_CTRL1.bit.UTMI_DATABUS16_8 = 0x1; //16bit mode
  200e7e:	57d8                	lw	a4,44(a5)
  200e80:	28e71713          	bset	a4,a4,0xe
  200e84:	d7d8                	sw	a4,44(a5)
    tud_disconnect(); // soft-disconnect from host
  200e86:	538020ef          	jal	2033be <tud_disconnect>
    tusb_init();
  200e8a:	26f1                	jal	201256 <tusb_init>
}
  200e8c:	4422                	lw	s0,8(sp)
  200e8e:	40b2                	lw	ra,12(sp)
  200e90:	0141                	add	sp,sp,16
    tud_connect(); // soft-connect to host, i.e. require host to enumerate device...
  200e92:	54a0206f          	j	2033dc <tud_connect>

00200e96 <usb_task_init>:

}


void usb_task_init(void)
{
  200e96:	1141                	add	sp,sp,-16
  200e98:	c606                	sw	ra,12(sp)
	usb_init();
  200e9a:	3755                	jal	200e3e <usb_init>

    semStartProcess = xSemaphoreCreateBinary(); // non-signaled
  200e9c:	460d                	li	a2,3
  200e9e:	4581                	li	a1,0
  200ea0:	4505                	li	a0,1
  200ea2:	1a6030ef          	jal	204048 <xQueueGenericCreate>
  200ea6:	a0a1a023          	sw	a0,-1536(gp) # 200a4348 <semStartProcess>
    assert(semStartProcess != NULL);

    semReadDone = xSemaphoreCreateBinary(); // non-signaled
  200eaa:	460d                	li	a2,3
  200eac:	4581                	li	a1,0
  200eae:	4505                	li	a0,1
  200eb0:	198030ef          	jal	204048 <xQueueGenericCreate>
  200eb4:	9ea1ac23          	sw	a0,-1544(gp) # 200a4340 <semReadDone>
    assert(semReadDone != NULL);
    semWriteDone = xSemaphoreCreateBinary(); // non-signaled
  200eb8:	460d                	li	a2,3
  200eba:	4581                	li	a1,0
  200ebc:	4505                	li	a0,1
  200ebe:	18a030ef          	jal	204048 <xQueueGenericCreate>
  200ec2:	9ea1aa23          	sw	a0,-1548(gp) # 200a433c <semWriteDone>
    assert(semWriteDone != NULL);

    semSendProcess = xSemaphoreCreateBinary(); // non-signaled
  200ec6:	460d                	li	a2,3
  200ec8:	4581                	li	a1,0
  200eca:	4505                	li	a0,1
  200ecc:	17c030ef          	jal	204048 <xQueueGenericCreate>
  200ed0:	9ea1ae23          	sw	a0,-1540(gp) # 200a4344 <semSendProcess>
    assert(semSendProcess != NULL);

    xTaskCreate(
  200ed4:	00201537          	lui	a0,0x201
  200ed8:	4781                	li	a5,0
  200eda:	470d                	li	a4,3
  200edc:	4681                	li	a3,0
  200ede:	04000613          	li	a2,64
  200ee2:	85418593          	add	a1,gp,-1964 # 200a419c <uxTopUsedPriority+0x3c>
  200ee6:	b9650513          	add	a0,a0,-1130 # 200b96 <task_boot_usb_send>
  200eea:	1b9030ef          	jal	2048a2 <xTaskCreate>
    		NULL,						/* Task parameters. */
    		3,							/* Priority and mode (user in this case). */
    		NULL						/* Handle. */
    	);

	xTaskCreate(
  200eee:	00201537          	lui	a0,0x201
			3,							/* Priority and mode (user in this case). */
			NULL						/* Handle. */
		);

//	usb_boot_process(0, NULL);
}
  200ef2:	40b2                	lw	ra,12(sp)
	xTaskCreate(
  200ef4:	4781                	li	a5,0
  200ef6:	470d                	li	a4,3
  200ef8:	4681                	li	a3,0
  200efa:	08000613          	li	a2,128
  200efe:	81c18593          	add	a1,gp,-2020 # 200a4164 <uxTopUsedPriority+0x4>
  200f02:	bc050513          	add	a0,a0,-1088 # 200bc0 <task_boot_usb_recv>
}
  200f06:	0141                	add	sp,sp,16
	xTaskCreate(
  200f08:	19b0306f          	j	2048a2 <xTaskCreate>

00200f0c <tud_descriptor_device_cb>:
// Invoked when received GET DEVICE DESCRIPTOR
// Application return pointer to descriptor
uint8_t const * tud_descriptor_device_cb(void)
{
  return (uint8_t const *) &desc_device;
}
  200f0c:	8f418513          	add	a0,gp,-1804 # 200a423c <desc_device>
  200f10:	8082                	ret

00200f12 <tud_descriptor_device_qualifier_cb>:
// Invoked when received GET DEVICE QUALIFIER DESCRIPTOR request
// Application return pointer to descriptor, whose contents must exist long enough for transfer to complete
uint8_t const* tud_descriptor_device_qualifier_cb(void)
{
    return (uint8_t const *) &desc_dev_qua;
}
  200f12:	8e818513          	add	a0,gp,-1816 # 200a4230 <desc_dev_qua>
  200f16:	8082                	ret

00200f18 <tud_descriptor_configuration_cb>:

// Invoked when received GET CONFIGURATION DESCRIPTOR
// Application return pointer to descriptor
// Descriptor contents must exist long enough for transfer to complete
uint8_t const * tud_descriptor_configuration_cb(uint8_t index)
{
  200f18:	1141                	add	sp,sp,-16
  200f1a:	c606                	sw	ra,12(sp)
  (void) index; // for multiple configurations

#if TUD_OPT_HIGH_SPEED
  // Although we are highspeed, host may be fullspeed.
  return (tud_speed_get() == TUSB_SPEED_HIGH) ?  desc_hs_configuration : desc_fs_configuration;
  200f1c:	484020ef          	jal	2033a0 <tud_speed_get>
  200f20:	4789                	li	a5,2
  200f22:	00f51763          	bne	a0,a5,200f30 <tud_descriptor_configuration_cb+0x18>
  200f26:	87818513          	add	a0,gp,-1928 # 200a41c0 <desc_hs_configuration>
#else
  return desc_fs_configuration;
#endif
}
  200f2a:	40b2                	lw	ra,12(sp)
  200f2c:	0141                	add	sp,sp,16
  200f2e:	8082                	ret
  return (tud_speed_get() == TUSB_SPEED_HIGH) ?  desc_hs_configuration : desc_fs_configuration;
  200f30:	8b018513          	add	a0,gp,-1872 # 200a41f8 <desc_fs_configuration>
  200f34:	bfdd                	j	200f2a <tud_descriptor_configuration_cb+0x12>

00200f36 <tud_descriptor_string_cb>:
  (void) langid;

  uint16_t *str;
  uint8_t chr_count;

  if ( index >= sizeof(ustr_desc_arr)/sizeof(ustr_desc_arr[0]) )
  200f36:	4791                	li	a5,4
{
  200f38:	872a                	mv	a4,a0
  if ( index >= sizeof(ustr_desc_arr)/sizeof(ustr_desc_arr[0]) )
  200f3a:	04a7e563          	bltu	a5,a0,200f84 <tud_descriptor_string_cb+0x4e>
      return NULL;

  str = ustr_desc_arr[index];
  200f3e:	86418793          	add	a5,gp,-1948 # 200a41ac <ustr_desc_arr>
  200f42:	20f547b3          	sh2add	a5,a0,a5
  200f46:	4388                	lw	a0,0(a5)
  if (index == 0)
  {
    chr_count = 1;
  200f48:	4785                	li	a5,1
  if (index == 0)
  200f4a:	cf09                	beqz	a4,200f64 <tud_descriptor_string_cb+0x2e>
  } else {
    // Note: the 0xEE index string is a Microsoft OS 1.0 Descriptors.
    // https://docs.microsoft.com/en-us/windows-hardware/drivers/usbcon/microsoft-defined-usb-descriptors

    // Cap at max char
    chr_count = ustrlen(str + 1);  // bypass the first uint16_t
  200f4c:	00250713          	add	a4,a0,2
    uint32_t count = 0;
  200f50:	4781                	li	a5,0
    while(*cur++ != 0x0)  count++;
  200f52:	00075683          	lhu	a3,0(a4) # 1000 <__HEAP_SIZE>
  200f56:	0709                	add	a4,a4,2
  200f58:	e685                	bnez	a3,200f80 <tud_descriptor_string_cb+0x4a>
    if ( chr_count > 31 ) chr_count = 31;
  200f5a:	0ff7f793          	zext.b	a5,a5
  200f5e:	477d                	li	a4,31
  200f60:	0ae7d7b3          	minu	a5,a5,a4
  }

  // first byte is length (including header), second byte is string type
  if (str[0] == u'\t')
  200f64:	00055683          	lhu	a3,0(a0)
  200f68:	4725                	li	a4,9
  200f6a:	00e69e63          	bne	a3,a4,200f86 <tud_descriptor_string_cb+0x50>
      str[0] = (TUSB_DESC_STRING << 8 ) | (2 * chr_count + 2);
  200f6e:	0785                	add	a5,a5,1 # 46000001 <_end+0x25f58a0d>
  200f70:	0ff7f793          	zext.b	a5,a5
  200f74:	0786                	sll	a5,a5,0x1
  200f76:	3007e793          	or	a5,a5,768
  200f7a:	00f51023          	sh	a5,0(a0)
  200f7e:	8082                	ret
    while(*cur++ != 0x0)  count++;
  200f80:	0785                	add	a5,a5,1
  200f82:	bfc1                	j	200f52 <tud_descriptor_string_cb+0x1c>
      return NULL;
  200f84:	4501                	li	a0,0

  return str;
}
  200f86:	8082                	ret

00200f88 <HAL_CRM_SetAp_peri_pclkClkDiv>:
 *          and connected bus. Ensure that 'div_n' and 'div_m' are set
 *          to values that are appropriate for the desired clock frequency and compatible with
 *          the peripheral's operational requirements.
 */
int32_t HAL_CRM_SetAp_peri_pclkClkDiv(uint32_t div_n, uint32_t div_m){
    if (div_n == 0 || div_n >  15){
  200f88:	fff50693          	add	a3,a0,-1
  200f8c:	47b9                	li	a5,14
int32_t HAL_CRM_SetAp_peri_pclkClkDiv(uint32_t div_n, uint32_t div_m){
  200f8e:	872a                	mv	a4,a0
    if (div_n == 0 || div_n >  15){
  200f90:	04d7e063          	bltu	a5,a3,200fd0 <HAL_CRM_SetAp_peri_pclkClkDiv+0x48>
        return CSK_DRIVER_ERROR_PARAMETER;
    }
    if (div_m == 0 || div_m >  31){
  200f94:	fff58793          	add	a5,a1,-1
  200f98:	46f9                	li	a3,30
        return CSK_DRIVER_ERROR_PARAMETER;
  200f9a:	556d                	li	a0,-5
    if (div_m == 0 || div_m >  31){
  200f9c:	02f6eb63          	bltu	a3,a5,200fd2 <HAL_CRM_SetAp_peri_pclkClkDiv+0x4a>
        return CSK_DRIVER_ERROR_PARAMETER;
    }
    IP_AP_CFG->REG_CLK_CFG0.bit.DIV_AP_PERI_PCLK_LD = 0x0;
  200fa0:	458007b7          	lui	a5,0x45800
  200fa4:	4794                	lw	a3,8(a5)
  200fa6:	dff6f693          	and	a3,a3,-513
  200faa:	c794                	sw	a3,8(a5)
	IP_AP_CFG->REG_CLK_CFG0.bit.DIV_AP_PERI_PCLK_N = div_n;
  200fac:	4794                	lw	a3,8(a5)
  200fae:	8b3d                	and	a4,a4,15
  200fb0:	e1f6f693          	and	a3,a3,-481
  200fb4:	0716                	sll	a4,a4,0x5
  200fb6:	8f55                	or	a4,a4,a3
  200fb8:	c798                	sw	a4,8(a5)
	IP_AP_CFG->REG_CLK_CFG0.bit.DIV_AP_PERI_PCLK_M = div_m;
  200fba:	4798                	lw	a4,8(a5)
  200fbc:	89fd                	and	a1,a1,31
  200fbe:	9b01                	and	a4,a4,-32
  200fc0:	8f4d                	or	a4,a4,a1
  200fc2:	c798                	sw	a4,8(a5)
    // Avoid the compiler out-of-order
    MemBarrier();
    IP_AP_CFG->REG_CLK_CFG0.bit.DIV_AP_PERI_PCLK_LD = 0x1;
  200fc4:	4798                	lw	a4,8(a5)
  200fc6:	20076713          	or	a4,a4,512
  200fca:	c798                	sw	a4,8(a5)

    return CSK_DRIVER_OK;
  200fcc:	4501                	li	a0,0
  200fce:	8082                	ret
        return CSK_DRIVER_ERROR_PARAMETER;
  200fd0:	556d                	li	a0,-5
}
  200fd2:	8082                	ret

00200fd4 <HAL_CRM_SetHclkClkDiv>:
 *          and connected bus. Ensure that 'div_n' and 'div_m' are set
 *          to values that are appropriate for the desired clock frequency and compatible with
 *          the peripheral's operational requirements.
 */
int32_t HAL_CRM_SetHclkClkDiv(uint32_t div_n, uint32_t div_m){
    if (div_n == 0 || div_n >  15){
  200fd4:	fff50693          	add	a3,a0,-1
  200fd8:	47b9                	li	a5,14
int32_t HAL_CRM_SetHclkClkDiv(uint32_t div_n, uint32_t div_m){
  200fda:	872a                	mv	a4,a0
    if (div_n == 0 || div_n >  15){
  200fdc:	04d7e663          	bltu	a5,a3,201028 <HAL_CRM_SetHclkClkDiv+0x54>
        return CSK_DRIVER_ERROR_PARAMETER;
    }
    if (div_m == 0 || div_m >  31){
  200fe0:	fff58793          	add	a5,a1,-1
  200fe4:	46f9                	li	a3,30
        return CSK_DRIVER_ERROR_PARAMETER;
  200fe6:	556d                	li	a0,-5
    if (div_m == 0 || div_m >  31){
  200fe8:	04f6e163          	bltu	a3,a5,20102a <HAL_CRM_SetHclkClkDiv+0x56>
        return CSK_DRIVER_ERROR_PARAMETER;
    }
    IP_SYSNODEF->REG_BUS_CLK_CFG0.bit.DIV_HCLK_LD = 0x0;
  200fec:	461007b7          	lui	a5,0x46100
  200ff0:	4394                	lw	a3,0(a5)
  200ff2:	49969693          	bclr	a3,a3,0x19
  200ff6:	c394                	sw	a3,0(a5)
	IP_SYSNODEF->REG_BUS_CLK_CFG0.bit.DIV_HCLK_N = div_n;
  200ff8:	fe200637          	lui	a2,0xfe200
  200ffc:	4394                	lw	a3,0(a5)
  200ffe:	167d                	add	a2,a2,-1 # fe1fffff <_end+0xde158a0b>
  201000:	8b3d                	and	a4,a4,15
  201002:	8ef1                	and	a3,a3,a2
  201004:	0756                	sll	a4,a4,0x15
  201006:	8f55                	or	a4,a4,a3
  201008:	c398                	sw	a4,0(a5)
	IP_SYSNODEF->REG_BUS_CLK_CFG0.bit.DIV_HCLK_M = div_m;
  20100a:	ffe106b7          	lui	a3,0xffe10
  20100e:	4398                	lw	a4,0(a5)
  201010:	16fd                	add	a3,a3,-1 # ffe0ffff <_end+0xdfd68a0b>
  201012:	89fd                	and	a1,a1,31
  201014:	05c2                	sll	a1,a1,0x10
  201016:	8f75                	and	a4,a4,a3
  201018:	8f4d                	or	a4,a4,a1
  20101a:	c398                	sw	a4,0(a5)
    // Avoid the compiler out-of-order
    MemBarrier();
    IP_SYSNODEF->REG_BUS_CLK_CFG0.bit.DIV_HCLK_LD = 0x1;
  20101c:	4398                	lw	a4,0(a5)
  20101e:	29971713          	bset	a4,a4,0x19
  201022:	c398                	sw	a4,0(a5)

    return CSK_DRIVER_OK;
  201024:	4501                	li	a0,0
  201026:	8082                	ret
        return CSK_DRIVER_ERROR_PARAMETER;
  201028:	556d                	li	a0,-5
}
  20102a:	8082                	ret

0020102c <BootClock_Init>:
 * @warning If this function is not called, or if it fails, the system's timekeeping
 *          might be inaccurate.
 */
void BootClock_Init(){

    IP_CMN_SYS->REG_USB_CTRL1.bit.USBPHY_OUTCLKSEL = 0x0;
  20102c:	46000737          	lui	a4,0x46000
  201030:	575c                	lw	a5,44(a4)
  201032:	eff7f793          	and	a5,a5,-257
  201036:	d75c                	sw	a5,44(a4)
#endif

// Device clock Configure ************************************************ END
#else
#endif
}
  201038:	8082                	ret

0020103a <AON_IOMuxManager_PinConfigure>:
	}

	return CSK_DRIVER_OK;
}

int32_t AON_IOMuxManager_PinConfigure(uint8_t pad, uint8_t pin_num, uint32_t pin_cfg) {
  20103a:	1141                	add	sp,sp,-16
	volatile uint32_t* volatile aon_pin_base = NULL;
  20103c:	c602                	sw	zero,12(sp)

	switch(pad) {
  20103e:	4785                	li	a5,1
  201040:	02f51763          	bne	a0,a5,20106e <AON_IOMuxManager_PinConfigure+0x34>
	case CSK_IOMUX_PAD_A:
		// Un-support PAD_A
		return CSK_DRIVER_ERROR_PARAMETER;

	case CSK_IOMUX_PAD_B:
		if(pin_num > CSK_IOMUX_PAD_B_MAX_PIN) {
  201044:	47bd                	li	a5,15
		return CSK_DRIVER_ERROR_PARAMETER;
  201046:	556d                	li	a0,-5
		if(pin_num > CSK_IOMUX_PAD_B_MAX_PIN) {
  201048:	02b7e163          	bltu	a5,a1,20106a <AON_IOMuxManager_PinConfigure+0x30>
			return CSK_DRIVER_ERROR_PARAMETER;
		}

		aon_pin_base = &(IP_AON_IOMUX->REG_PAD_AON_GPIOB_00.all) + pin_num;
  20104c:	481007b7          	lui	a5,0x48100
  201050:	20f5c5b3          	sh2add	a1,a1,a5
  201054:	c62e                	sw	a1,12(sp)
	default:
		return CSK_DRIVER_ERROR_PARAMETER;
	}

	/* Clear function select field and set value */
	*aon_pin_base &= ~0x1f;
  201056:	4732                	lw	a4,12(sp)
  201058:	431c                	lw	a5,0(a4)
  20105a:	9b81                	and	a5,a5,-32
  20105c:	c31c                	sw	a5,0(a4)
	*aon_pin_base |= (pin_cfg & 0x1f);
  20105e:	47b2                	lw	a5,12(sp)
  201060:	4398                	lw	a4,0(a5)
  201062:	8a7d                	and	a2,a2,31
  201064:	8e59                	or	a2,a2,a4
  201066:	c390                	sw	a2,0(a5)
	return CSK_DRIVER_OK;
  201068:	4501                	li	a0,0
}
  20106a:	0141                	add	sp,sp,16
  20106c:	8082                	ret
		return CSK_DRIVER_ERROR_PARAMETER;
  20106e:	556d                	li	a0,-5
  201070:	bfed                	j	20106a <AON_IOMuxManager_PinConfigure+0x30>

00201072 <IOMuxManager_PinConfigure>:
int32_t IOMuxManager_PinConfigure(uint8_t pad, uint8_t pin_num, uint32_t pin_cfg) {
  201072:	1101                	add	sp,sp,-32
  201074:	ce06                	sw	ra,28(sp)
  201076:	cc22                	sw	s0,24(sp)
  201078:	ca26                	sw	s1,20(sp)
	volatile uint32_t* volatile pin_base = NULL;
  20107a:	c602                	sw	zero,12(sp)
	if(pin_cfg > CSK_IOMUX_FUNC_ALTER31) {
  20107c:	477d                	li	a4,31
  20107e:	00c76863          	bltu	a4,a2,20108e <IOMuxManager_PinConfigure+0x1c>
  201082:	842e                	mv	s0,a1
  201084:	84b2                	mv	s1,a2
	switch(pad) {
  201086:	c511                	beqz	a0,201092 <IOMuxManager_PinConfigure+0x20>
  201088:	4705                	li	a4,1
  20108a:	02e50b63          	beq	a0,a4,2010c0 <IOMuxManager_PinConfigure+0x4e>
  20108e:	57ed                	li	a5,-5
  201090:	a015                	j	2010b4 <IOMuxManager_PinConfigure+0x42>
		if(pin_num > CSK_IOMUX_PAD_A_MAX_PIN) {
  201092:	57ed                	li	a5,-5
  201094:	02b76063          	bltu	a4,a1,2010b4 <IOMuxManager_PinConfigure+0x42>
		pin_base = &(IP_CMN_IOMUX->REG_PAD_GPIOA_00.all) + pin_num;
  201098:	475007b7          	lui	a5,0x47500
		pin_base = &(IP_CMN_IOMUX->REG_PAD_GPIOB_00.all) + pin_num;
  20109c:	20f44433          	sh2add	s0,s0,a5
  2010a0:	c622                	sw	s0,12(sp)
	*pin_base &= ~0x1f;
  2010a2:	4732                	lw	a4,12(sp)
  2010a4:	431c                	lw	a5,0(a4)
  2010a6:	9b81                	and	a5,a5,-32
  2010a8:	c31c                	sw	a5,0(a4)
	*pin_base |= (pin_cfg & 0x1f);
  2010aa:	4732                	lw	a4,12(sp)
  2010ac:	431c                	lw	a5,0(a4)
  2010ae:	8fc5                	or	a5,a5,s1
  2010b0:	c31c                	sw	a5,0(a4)
	return CSK_DRIVER_OK;
  2010b2:	4781                	li	a5,0
}
  2010b4:	40f2                	lw	ra,28(sp)
  2010b6:	4462                	lw	s0,24(sp)
  2010b8:	44d2                	lw	s1,20(sp)
  2010ba:	853e                	mv	a0,a5
  2010bc:	6105                	add	sp,sp,32
  2010be:	8082                	ret
		if(pin_num > CSK_IOMUX_PAD_B_MAX_PIN) {
  2010c0:	473d                	li	a4,15
  2010c2:	57ed                	li	a5,-5
  2010c4:	feb768e3          	bltu	a4,a1,2010b4 <IOMuxManager_PinConfigure+0x42>
		AON_IOMuxManager_PinConfigure(pad, pin_num, CSK_AON_IOMUX_FUNC_NORMAL);
  2010c8:	4615                	li	a2,5
  2010ca:	3f85                	jal	20103a <AON_IOMuxManager_PinConfigure>
		pin_base = &(IP_CMN_IOMUX->REG_PAD_GPIOB_00.all) + pin_num;
  2010cc:	475007b7          	lui	a5,0x47500
  2010d0:	08078793          	add	a5,a5,128 # 47500080 <_end+0x27458a8c>
  2010d4:	b7e1                	j	20109c <IOMuxManager_PinConfigure+0x2a>

002010d6 <SDIOD_Handler>:
 * @brief SDIOD interrupt handler.
 */
void SDIOD_Handler (void) 
{
    unsigned int irq_cause ;
    irq_cause =  sdiod_dev.Instance->REG_SMID_INT_STAT.all;
  2010d6:	200a4737          	lui	a4,0x200a4
  2010da:	05870793          	add	a5,a4,88 # 200a4058 <sdiod_dev>
  2010de:	439c                	lw	a5,0(a5)
  2010e0:	5fc8                	lw	a0,60(a5)
    SDIO_DEVICE_LOGD("interrupt = 0x%x\n", irq_cause);

    if((irq_cause & BITSET_0X03C_PROGRAM_START) == BITSET_0X03C_PROGRAM_START) {
  2010e2:	00651693          	sll	a3,a0,0x6
  2010e6:	05870713          	add	a4,a4,88
  2010ea:	0006d563          	bgez	a3,2010f4 <SDIOD_Handler+0x1e>
        SDIO_DEVICE_LOGD("program start\n");
        sdiod_dev.Instance->REG_SMID_INT_STAT.all = BITSET_0X03C_PROGRAM_START;
  2010ee:	020006b7          	lui	a3,0x2000
  2010f2:	dfd4                	sw	a3,60(a5)
    }

	if((irq_cause & BITSET_0X03C_WRITE_START_INTERRUPT) == BITSET_0X03C_WRITE_START_INTERRUPT) {
  2010f4:	00857693          	and	a3,a0,8
  2010f8:	ca9d                	beqz	a3,20112e <SDIOD_Handler+0x58>
		SDIO_DEVICE_LOGD("write start\n");
		sdiod_dev.cmd_info.dir = SDIO_TRANS_HOST2DEV;
  2010fa:	000706a3          	sb	zero,13(a4)
		sdiod_dev.cmd_info.cmd_idx = sdiod_dev.Instance->REG_SMID_CMD_REG.bit.CMD_INDEX;
  2010fe:	43d4                	lw	a3,4(a5)
  201100:	82b5                	srl	a3,a3,0xd
  201102:	03f6f693          	and	a3,a3,63
  201106:	00d70623          	sb	a3,12(a4)
		sdiod_dev.cmd_info.block_size = sdiod_dev.Instance->REG_SMID_CMD_REG.bit.BLOCK_SIZE;
  20110a:	43d4                	lw	a3,4(a5)
  20110c:	06ce                	sll	a3,a3,0x13
  20110e:	82d1                	srl	a3,a3,0x14
  201110:	00d71723          	sh	a3,14(a4)
		sdiod_dev.cmd_info.block_cnt = sdiod_dev.Instance->REG_SMID_BLK_CNT.bit.BLOCK_COUNT;
  201114:	47d4                	lw	a3,12(a5)
  201116:	cb14                	sw	a3,16(a4)

		// 000-32Bytes 001-64Bytes 010-128Bytes 011-256Bytes 100 - 512Bytes 101-1KBytes 110-2KBytes 111-Reserved
		// diod_dev.Instance->REG_SMID_CONTROL_REG.bit.ST_TH_SIZE = (sdiod_dev.cmd_info.block_size >> 6);
		sdiod_dev.Instance->REG_SMID_INT_STAT.all = BITSET_0X03C_WRITE_START_INTERRUPT;
  201118:	46a1                	li	a3,8
  20111a:	dfd4                	sw	a3,60(a5)

		if(sdiod_dev.buf_used)
  20111c:	4714                	lw	a3,8(a4)
  20111e:	ca81                	beqz	a3,20112e <SDIOD_Handler+0x58>
		{
			if(sdiod_dev.buf_used->data_recv)
  201120:	42d4                	lw	a3,4(a3)
  201122:	c691                	beqz	a3,20112e <SDIOD_Handler+0x58>
			{
				sdiod_dev.Instance->REG_SMID_DMA1_ADDR.all = (uint32_t)sdiod_dev.buf_used->data_recv;
  201124:	cb94                	sw	a3,16(a5)
				sdiod_dev.Instance->REG_SMID_DMA1_CTRL.bit.DMA1_ADDRESS_VALID = 0x1;
  201126:	4bd4                	lw	a3,20(a5)
  201128:	0016e693          	or	a3,a3,1
  20112c:	cbd4                	sw	a3,20(a5)
			}
		}
	}

	if((irq_cause & BITSET_0X03C_READ_START_INTERRUPT)== BITSET_0X03C_READ_START_INTERRUPT) {
  20112e:	01057693          	and	a3,a0,16
  201132:	ce85                	beqz	a3,20116a <SDIOD_Handler+0x94>
		SDIO_DEVICE_LOGD("read start\n");
		sdiod_dev.cmd_info.dir = SDIO_TRANS_DEV2HOST;
  201134:	4685                	li	a3,1
  201136:	00d706a3          	sb	a3,13(a4)
		sdiod_dev.cmd_info.cmd_idx = sdiod_dev.Instance->REG_SMID_CMD_REG.bit.CMD_INDEX;
  20113a:	43d4                	lw	a3,4(a5)
  20113c:	82b5                	srl	a3,a3,0xd
  20113e:	03f6f693          	and	a3,a3,63
  201142:	00d70623          	sb	a3,12(a4)
		sdiod_dev.cmd_info.block_size = sdiod_dev.Instance->REG_SMID_CMD_REG.bit.BLOCK_SIZE;
  201146:	43d4                	lw	a3,4(a5)
  201148:	06ce                	sll	a3,a3,0x13
  20114a:	82d1                	srl	a3,a3,0x14
  20114c:	00d71723          	sh	a3,14(a4)
		sdiod_dev.cmd_info.block_cnt = sdiod_dev.Instance->REG_SMID_BLK_CNT.bit.BLOCK_COUNT;
  201150:	47d4                	lw	a3,12(a5)
  201152:	cb14                	sw	a3,16(a4)

		// 000-32Bytes 001-64Bytes 010-128Bytes 011-256Bytes 100 - 512Bytes 101-1KBytes 110-2KBytes 111-Reserved
		// sdiod_dev.Instance->REG_SMID_CONTROL_REG.bit.ST_TH_SIZE = (sdiod_dev.cmd_info.block_size >> 6);
		sdiod_dev.Instance->REG_SMID_INT_STAT.all = BITSET_0X03C_READ_START_INTERRUPT;
  201154:	46c1                	li	a3,16
  201156:	dfd4                	sw	a3,60(a5)

		if(sdiod_dev.buf_used)
  201158:	4714                	lw	a3,8(a4)
  20115a:	ca81                	beqz	a3,20116a <SDIOD_Handler+0x94>
		{
			if(sdiod_dev.buf_used->data_send)
  20115c:	4294                	lw	a3,0(a3)
  20115e:	c691                	beqz	a3,20116a <SDIOD_Handler+0x94>
			{
				sdiod_dev.Instance->REG_SMID_DMA1_ADDR.all = (uint32_t)sdiod_dev.buf_used->data_send;
  201160:	cb94                	sw	a3,16(a5)
				sdiod_dev.Instance->REG_SMID_DMA1_CTRL.bit.DMA1_ADDRESS_VALID = 0x1;
  201162:	4bd4                	lw	a3,20(a5)
  201164:	0016e693          	or	a3,a3,1
  201168:	cbd4                	sw	a3,20(a5)
			}
		}
	}

	if((irq_cause & BITSET_0X03C_TRANSFER_COMPLETE_INTERRUPT)== BITSET_0X03C_TRANSFER_COMPLETE_INTERRUPT) {
  20116a:	00157693          	and	a3,a0,1
  20116e:	c299                	beqz	a3,201174 <SDIOD_Handler+0x9e>
		SDIO_DEVICE_LOGD("transfer complete\n");
		sdiod_dev.Instance->REG_SMID_INT_STAT.all = BITSET_0X03C_TRANSFER_COMPLETE_INTERRUPT;
  201170:	4685                	li	a3,1
  201172:	dfd4                	sw	a3,60(a5)
	}

	if(irq_cause & ~(BITSET_0X03C_PROGRAM_START | BITSET_0X03C_WRITE_START_INTERRUPT | BITSET_0X03C_READ_START_INTERRUPT | BITSET_0X03C_TRANSFER_COMPLETE_INTERRUPT)) {
  201174:	fe657693          	and	a3,a0,-26
  201178:	49969693          	bclr	a3,a3,0x19
  20117c:	c291                	beqz	a3,201180 <SDIOD_Handler+0xaa>
		SDIO_DEVICE_LOGD("not handled interrupts\n");
		sdiod_dev.Instance->REG_SMID_INT_STAT.all = irq_cause;
  20117e:	dfc8                	sw	a0,60(a5)
	}

    if(sdiod_dev.cb_event)
  201180:	435c                	lw	a5,4(a4)
  201182:	c391                	beqz	a5,201186 <SDIOD_Handler+0xb0>
        sdiod_dev.cb_event(irq_cause);
  201184:	8782                	jr	a5
}
  201186:	8082                	ret

00201188 <SDIOD_Instance>:
    return &sdiod_dev;
  201188:	200a4537          	lui	a0,0x200a4
}
  20118c:	05850513          	add	a0,a0,88 # 200a4058 <sdiod_dev>
  201190:	8082                	ret

00201192 <sdio_device_initialize>:
 * @brief Initialize the SDIO device.
 * @param config Pointer to the SDIO device configuration.
 * @return Pointer to the SDIOD handle.
 */
void *sdio_device_initialize(sdio_device_config_t *config)
{
  201192:	1141                	add	sp,sp,-16
  201194:	c422                	sw	s0,8(sp)
    SDIOD_HandleTypeDef *sdio_dev = SDIOD_Instance();

    sdio_dev->buf_used = config->buf_info;
  201196:	200a4437          	lui	s0,0x200a4
{
  20119a:	c606                	sw	ra,12(sp)
    sdio_dev->buf_used = config->buf_info;
  20119c:	4118                	lw	a4,0(a0)
  20119e:	05840793          	add	a5,s0,88 # 200a4058 <sdiod_dev>
  2011a2:	c798                	sw	a4,8(a5)
    sdio_dev->cb_event = config->event_cb;
  2011a4:	4558                	lw	a4,12(a0)
  2011a6:	c3d8                	sw	a4,4(a5)
    sdio_dev->ErrorCode = SDIOD_ERR_NONE;
    sdio_dev->flags = config->flags;
  2011a8:	4918                	lw	a4,16(a0)
    sdio_dev->ErrorCode = SDIOD_ERR_NONE;
  2011aa:	0007aa23          	sw	zero,20(a5)
    sdio_dev->flags = config->flags;
  2011ae:	cf98                	sw	a4,24(a5)

    __HAL_CRM_SMID_CLK_ENABLE();
  2011b0:	460006b7          	lui	a3,0x46000
  2011b4:	5698                	lw	a4,40(a3)
  2011b6:	04076713          	or	a4,a4,64
  2011ba:	d698                	sw	a4,40(a3)

    sdio_dev->Instance->REG_SMID_INT_SIG_EN.all = (SDIOD_SMID_INT_SIG_EN_TRANSFER_COMPLETE_INTERRUPT_Msk | SDIOD_SMID_INT_SIG_EN_DMA1_INTERRUPT_Msk \
  2011bc:	4398                	lw	a4,0(a5)
  2011be:	320007b7          	lui	a5,0x32000
  2011c2:	07ed                	add	a5,a5,27 # 3200001b <_end+0x11f58a27>
    		| SDIOD_SMID_INT_SIG_EN_WRITE_START_INTERRUPT_Msk | SDIOD_SMID_INT_SIG_EN_READ_START_INTERRUPT_Msk | SDIOD_SMID_INT_SIG_EN_PROGRAM_START_Msk \
			| SDIOD_SMID_INT_SIG_EN_FUNCTIONX_CRC_ERR_INTERRUPT_Msk | SDIOD_SMID_INT_SIG_EN_FUNCTIONX_ABORT_INTERRUPT_Msk);


    register_ISR(IRQ_SDIOD_VECTOR, SDIOD_Handler, NULL);
  2011c4:	002015b7          	lui	a1,0x201
    sdio_dev->Instance->REG_SMID_INT_SIG_EN.all = (SDIOD_SMID_INT_SIG_EN_TRANSFER_COMPLETE_INTERRUPT_Msk | SDIOD_SMID_INT_SIG_EN_DMA1_INTERRUPT_Msk \
  2011c8:	c37c                	sw	a5,68(a4)
    register_ISR(IRQ_SDIOD_VECTOR, SDIOD_Handler, NULL);
  2011ca:	4569                	li	a0,26
  2011cc:	4601                	li	a2,0
  2011ce:	0d658593          	add	a1,a1,214 # 2010d6 <SDIOD_Handler>
  2011d2:	2c2d                	jal	20140c <register_ISR>
    ECLIC->CTRL[IRQn].INTIE |= CLIC_INTIE_IE_Msk;
  2011d4:	07018793          	add	a5,gp,112 # 200a49b8 <SystemIRegionInfo>
  2011d8:	43dc                	lw	a5,4(a5)
  2011da:	6705                	lui	a4,0x1
  2011dc:	97ba                	add	a5,a5,a4
  2011de:	0697c703          	lbu	a4,105(a5)
  2011e2:	00176713          	or	a4,a4,1
  2011e6:	06e784a3          	sb	a4,105(a5)
    enable_IRQ(IRQ_SDIOD_VECTOR);

    return sdio_dev;
}
  2011ea:	05840513          	add	a0,s0,88
  2011ee:	40b2                	lw	ra,12(sp)
  2011f0:	4422                	lw	s0,8(sp)
  2011f2:	0141                	add	sp,sp,16
  2011f4:	8082                	ret

002011f6 <sdio_device_start>:
 * @brief Start the SDIO device.
 * @return CSK_DRIVER_OK
 */
int sdio_device_start()
{
    sdiod_dev.Instance->REG_SMID_CARD_RDY.bit.FUNCTION1_READY = 0x1; //enable io1
  2011f6:	200a47b7          	lui	a5,0x200a4
  2011fa:	0587a783          	lw	a5,88(a5) # 200a4058 <sdiod_dev>
  2011fe:	4bb8                	lw	a4,80(a5)
  201200:	00276713          	or	a4,a4,2
  201204:	cbb8                	sw	a4,80(a5)
    sdiod_dev.Instance->REG_SMID_CARD_RDY.bit.FUNCTION2_READY = 0x1; //enable io2
  201206:	4bb8                	lw	a4,80(a5)
  201208:	00476713          	or	a4,a4,4
  20120c:	cbb8                	sw	a4,80(a5)

    sdiod_dev.Instance->REG_SMID_CONTROL_REG.bit.CARD_INIT_DONE = 0x1;
  20120e:	4398                	lw	a4,0(a5)
  201210:	00476713          	or	a4,a4,4
  201214:	c398                	sw	a4,0(a5)

    return CSK_DRIVER_OK;
}
  201216:	4501                	li	a0,0
  201218:	8082                	ret

0020121a <flash_dualflash_enable_excl>:
    outw(0x47600054, (((flash0_high & 0x00FFFFFF) >> 12) << 16) | ((flash0_low & 0x00FFFFFF) >> 12));
}

void flash_dualflash_enable_excl(uint32_t flash_id)
{
    if(flash_id == 1)
  20121a:	476007b7          	lui	a5,0x47600
  20121e:	4705                	li	a4,1
  201220:	05878793          	add	a5,a5,88 # 47600058 <_end+0x27558a64>
  201224:	00e51663          	bne	a0,a4,201230 <flash_dualflash_enable_excl+0x16>
    {
        //Force disable Flash0, enable Flash1
        outw(0x47600058, 0xffff0006);
  201228:	7741                	lui	a4,0xffff0
  20122a:	0719                	add	a4,a4,6 # ffff0006 <_end+0xdff48a12>
    }
    else
    {
        //Force disable Flash1, enable Flash0
        outw(0x47600058, 0xffff0009);
  20122c:	c398                	sw	a4,0(a5)
    }
}
  20122e:	8082                	ret
        outw(0x47600058, 0xffff0009);
  201230:	7741                	lui	a4,0xffff0
  201232:	0725                	add	a4,a4,9 # ffff0009 <_end+0xdff48a15>
  201234:	bfe5                	j	20122c <flash_dualflash_enable_excl+0x12>

00201236 <flash_dualflash_id_get>:

int flash_dualflash_id_get(uint32_t offset)
{
    // Get Flash ID
    offset >>= 12;
    uint32_t config = inw(0x47600054);
  201236:	476007b7          	lui	a5,0x47600
  20123a:	4bfc                	lw	a5,84(a5)
    offset >>= 12;
  20123c:	8131                	srl	a0,a0,0xc
    uint32_t config_low = config & 0xFFFF;
  20123e:	0807c733          	zext.h	a4,a5
    uint32_t config_high = (config >> 16) & 0xFFFF;

    if(offset >= config_low && offset < config_high) {
  201242:	00e56863          	bltu	a0,a4,201252 <flash_dualflash_id_get+0x1c>
    uint32_t config_high = (config >> 16) & 0xFFFF;
  201246:	83c1                	srl	a5,a5,0x10
    if(offset >= config_low && offset < config_high) {
  201248:	00f53533          	sltu	a0,a0,a5
  20124c:	00153513          	seqz	a0,a0
  201250:	8082                	ret
        return 0; // Flash0
    } else {
        return 1; // Flash1
  201252:	4505                	li	a0,1
    }

}
  201254:	8082                	ret

00201256 <tusb_init>:
#if TUSB_OPT_DEVICE_ENABLED
#include "device/usbd_pvt.h"
#endif

bool tusb_init(void)
{
  201256:	1141                	add	sp,sp,-16
  201258:	c422                	sw	s0,8(sp)
  20125a:	c606                	sw	ra,12(sp)
  // skip if already initialized
  if (_initialized) return true;
  20125c:	a141c783          	lbu	a5,-1516(gp) # 200a435c <_initialized>
  201260:	ef81                	bnez	a5,201278 <tusb_init+0x22>
#if TUSB_OPT_HOST_ENABLED
  TU_ASSERT( tuh_init() ); // init host stack
#endif

#if TUSB_OPT_DEVICE_ENABLED
  TU_ASSERT ( tud_init() ); // init device stack
  201262:	198020ef          	jal	2033fa <tud_init>
  201266:	e511                	bnez	a0,201272 <tusb_init+0x1c>
  201268:	9002                	ebreak
#endif

  _initialized = true;

  return true;
}
  20126a:	40b2                	lw	ra,12(sp)
  20126c:	4422                	lw	s0,8(sp)
  20126e:	0141                	add	sp,sp,16
  201270:	8082                	ret
  _initialized = true;
  201272:	4785                	li	a5,1
  201274:	a0f18a23          	sb	a5,-1516(gp) # 200a435c <_initialized>
  if (_initialized) return true;
  201278:	4505                	li	a0,1
  20127a:	bfc5                	j	20126a <tusb_init+0x14>

0020127c <range_is_cacheable>:
}

// This function will be abandon
int range_is_cacheable(unsigned long start, unsigned long size){
	return 0;
}
  20127c:	4501                	li	a0,0
  20127e:	8082                	ret

00201280 <dcache_clean_range>:
void dcache_clean_range(unsigned long start, unsigned long end){

}
  201280:	8082                	ret

00201282 <cache_dma_fast_inv_stage1>:

}
void dcache_flush_range(unsigned long start, unsigned long end){

}
void cache_dma_fast_inv_stage1(unsigned long start, unsigned long end){
  201282:	8082                	ret

00201284 <cache_dma_fast_inv_stage2>:

}
void cache_dma_fast_inv_stage2(unsigned long start, unsigned long end){
  201284:	8082                	ret

00201286 <system_default_exception_handler>:
    unsigned long mstatus  = __RV_CSR_READ(CSR_MSTATUS);
  201286:	300027f3          	csrr	a5,mstatus
    unsigned long mstratch = __RV_CSR_READ(CSR_MSCRATCH);
  20128a:	340027f3          	csrr	a5,mscratch
    while(1);
  20128e:	a001                	j	20128e <system_default_exception_handler+0x8>

00201290 <core_exception_handler>:
    uint32_t EXCn = (uint32_t)(mcause & 0X00000fff);
  201290:	6785                	lui	a5,0x1
    if (EXCn < MAX_SYSTEM_EXCEPTION_NUM) {
  201292:	00455693          	srl	a3,a0,0x4
    uint32_t EXCn = (uint32_t)(mcause & 0X00000fff);
  201296:	17fd                	add	a5,a5,-1 # fff <__STACK_SIZE+0x7ff>
    if (EXCn < MAX_SYSTEM_EXCEPTION_NUM) {
  201298:	0ff6f693          	zext.b	a3,a3
    uint32_t EXCn = (uint32_t)(mcause & 0X00000fff);
  20129c:	00f57733          	and	a4,a0,a5
    if (EXCn < MAX_SYSTEM_EXCEPTION_NUM) {
  2012a0:	ea89                	bnez	a3,2012b2 <core_exception_handler+0x22>
        exc_handler = (EXC_HANDLER)SystemExceptionHandlers[EXCn];
  2012a2:	08418793          	add	a5,gp,132 # 200a49cc <SystemExceptionHandlers>
  2012a6:	20f74733          	sh2add	a4,a4,a5
  2012aa:	431c                	lw	a5,0(a4)
    if (exc_handler != NULL) {
  2012ac:	ef89                	bnez	a5,2012c6 <core_exception_handler+0x36>
}
  2012ae:	4501                	li	a0,0
  2012b0:	8082                	ret
    } else if (EXCn == NMI_EXCn) {
  2012b2:	00f71663          	bne	a4,a5,2012be <core_exception_handler+0x2e>
        exc_handler = (EXC_HANDLER)SystemExceptionHandlers[MAX_SYSTEM_EXCEPTION_NUM];
  2012b6:	08418793          	add	a5,gp,132 # 200a49cc <SystemExceptionHandlers>
  2012ba:	43bc                	lw	a5,64(a5)
  2012bc:	bfc5                	j	2012ac <core_exception_handler+0x1c>
        exc_handler = (EXC_HANDLER)system_default_exception_handler;
  2012be:	002017b7          	lui	a5,0x201
  2012c2:	28678793          	add	a5,a5,646 # 201286 <system_default_exception_handler>
{
  2012c6:	1141                	add	sp,sp,-16
  2012c8:	c606                	sw	ra,12(sp)
        exc_handler(mcause, sp);
  2012ca:	9782                	jalr	a5
}
  2012cc:	40b2                	lw	ra,12(sp)
  2012ce:	4501                	li	a0,0
  2012d0:	0141                	add	sp,sp,16
  2012d2:	8082                	ret

002012d4 <ECLIC_Init>:
    ECLIC->MTH = mth;
  2012d4:	07018793          	add	a5,gp,112 # 200a49b8 <SystemIRegionInfo>
  2012d8:	43d8                	lw	a4,4(a5)
  2012da:	000705a3          	sb	zero,11(a4)
    return ((uint32_t)((ECLIC->INFO & CLIC_CLICINFO_CTLBIT_Msk) >> CLIC_CLICINFO_CTLBIT_Pos));
  2012de:	43d8                	lw	a4,4(a5)
  2012e0:	4358                	lw	a4,4(a4)
    ECLIC->CFG &= ~CLIC_CLICCFG_NLBIT_Msk;
  2012e2:	43d0                	lw	a2,4(a5)
  2012e4:	00064683          	lbu	a3,0(a2)
  2012e8:	0e16f693          	and	a3,a3,225
  2012ec:	00d60023          	sb	a3,0(a2)
    ECLIC->CFG |= (uint8_t)((nlbits <<CLIC_CLICCFG_NLBIT_Pos) & CLIC_CLICCFG_NLBIT_Msk);
  2012f0:	43d0                	lw	a2,4(a5)
    return ((uint32_t)((ECLIC->INFO & CLIC_CLICINFO_CTLBIT_Msk) >> CLIC_CLICINFO_CTLBIT_Pos));
  2012f2:	01475793          	srl	a5,a4,0x14
    ECLIC->CFG |= (uint8_t)((nlbits <<CLIC_CLICCFG_NLBIT_Pos) & CLIC_CLICCFG_NLBIT_Msk);
  2012f6:	00064683          	lbu	a3,0(a2)
  2012fa:	8bf9                	and	a5,a5,30
  2012fc:	8fd5                	or	a5,a5,a3
  2012fe:	00f60023          	sb	a5,0(a2)
}
  201302:	8082                	ret

00201304 <_premain_init>:
 * For RISC-V gnu toolchain, _init function might not be called
 * by __libc_init_array function, so we defined a new function
 * to do initialization.
 */
void _premain_init(void)
{
  201304:	1141                	add	sp,sp,-16
  201306:	c606                	sw	ra,12(sp)
  201308:	c422                	sw	s0,8(sp)
    // TODO to make it possible for configurable boot hartid
    unsigned long hartid = __RV_CSR_READ(CSR_MHARTID) & 0xFF;
  20130a:	f1402473          	csrr	s0,mhartid

    // BOOT_HARTID is defined <Device.h>
    if (hartid == BOOT_HARTID) { // only done in boot hart
  20130e:	4785                	li	a5,1
    unsigned long hartid = __RV_CSR_READ(CSR_MHARTID) & 0xFF;
  201310:	0ff47413          	zext.b	s0,s0
    if (hartid == BOOT_HARTID) { // only done in boot hart
  201314:	02f41f63          	bne	s0,a5,201352 <_premain_init+0x4e>
    mcfg_info = __RV_CSR_READ(CSR_MCFG_INFO);
  201318:	fc202773          	csrr	a4,mcfg_info
    if (mcfg_info & MCFG_INFO_IREGION_EXIST) { // IRegion Info present
  20131c:	00f71693          	sll	a3,a4,0xf
  201320:	07018793          	add	a5,gp,112 # 200a49b8 <SystemIRegionInfo>
  201324:	0806da63          	bgez	a3,2013b8 <_premain_init+0xb4>
        iregion->iregion_base = (__RV_CSR_READ(CSR_MIRGB_INFO) >> 10) << 10;
  201328:	7f702773          	csrr	a4,mirgb_info
        iregion->eclic_base = iregion->iregion_base + IREGION_ECLIC_OFS;
  20132c:	000206b7          	lui	a3,0x20
        iregion->iregion_base = (__RV_CSR_READ(CSR_MIRGB_INFO) >> 10) << 10;
  201330:	c0077713          	and	a4,a4,-1024
  201334:	c398                	sw	a4,0(a5)
        iregion->eclic_base = iregion->iregion_base + IREGION_ECLIC_OFS;
  201336:	96ba                	add	a3,a3,a4
  201338:	c3d4                	sw	a3,4(a5)
        iregion->systimer_base = iregion->iregion_base + IREGION_TIMER_OFS;
  20133a:	000306b7          	lui	a3,0x30
  20133e:	96ba                	add	a3,a3,a4
  201340:	c794                	sw	a3,8(a5)
        iregion->smp_base = iregion->iregion_base + IREGION_SMP_OFS;
  201342:	000406b7          	lui	a3,0x40
  201346:	96ba                	add	a3,a3,a4
  201348:	c7d4                	sw	a3,12(a5)
        iregion->idu_base = iregion->iregion_base + IREGION_IDU_OFS;
  20134a:	000506b7          	lui	a3,0x50
  20134e:	9736                	add	a4,a4,a3
  201350:	cb98                	sw	a4,16(a5)
 * - Please make sure the version of your nuclei processor contain ICACHE bit in mcfg_info
 * \return 1 if present otherwise 0
*/
__STATIC_FORCEINLINE int32_t ICachePresent(void)
{
    if (__RV_CSR_READ(CSR_MCFG_INFO) & MCFG_INFO_ICACHE) {
  201352:	fc2027f3          	csrr	a5,mcfg_info
  201356:	2007f793          	and	a5,a5,512
  20135a:	c399                	beqz	a5,201360 <_premain_init+0x5c>
 * \sa
 * - \ref DisableICache
*/
__STATIC_FORCEINLINE void EnableICache(void)
{
    __RV_CSR_SET(CSR_MCACHE_CTL, MCACHE_CTL_IC_EN);
  20135c:	7ca0e073          	csrs	mcache_ctl,1
 * - Please make sure the version of your nuclei processor contain DCACHE bit in mcfg_info
 * \return 1 if present otherwise 0
*/
__STATIC_FORCEINLINE int32_t DCachePresent(void)
{
    if (__RV_CSR_READ(CSR_MCFG_INFO) & MCFG_INFO_DCACHE) {
  201360:	fc2027f3          	csrr	a5,mcfg_info
  201364:	4007f793          	and	a5,a5,1024
  201368:	c781                	beqz	a5,201370 <_premain_init+0x6c>
 * \sa
 * - \ref DisableDCache
*/
__STATIC_FORCEINLINE void EnableDCache(void)
{
    __RV_CSR_SET(CSR_MCACHE_CTL, MCACHE_CTL_DC_EN);
  20136a:	67c1                	lui	a5,0x10
  20136c:	7ca7a073          	csrs	mcache_ctl,a5
	}

	uint32_t mnocm = ~(len - 1);

    // Set cache region mask
    __RV_CSR_WRITE(CSR_MNOCM, mnocm);
  201370:	f80007b7          	lui	a5,0xf8000
  201374:	7f679073          	csrw	mattri1_mask,a5
    // Set base physical address and enable
    __RV_CSR_WRITE(CSR_MNOCB, base_addr | 0x1);
  201378:	200007b7          	lui	a5,0x20000
  20137c:	0785                	add	a5,a5,1 # 20000001 <_sp+0x1fcfe001>
  20137e:	7f579073          	csrw	mattri1_base,a5
    __RWMB();
  201382:	0ff0000f          	fence
 * The FENCE.I instruction is used to synchronize the instruction
 * and data streams.
 */
__STATIC_FORCEINLINE void __FENCE_I(void)
{
    __ASM volatile("fence.i");
  201386:	0000100f          	fence.i
    BootClock_Init();
  20138a:	314d                	jal	20102c <BootClock_Init>
    if (hartid == BOOT_HARTID) { // only required for boot hartid
  20138c:	4785                	li	a5,1
  20138e:	02f41c63          	bne	s0,a5,2013c6 <_premain_init+0xc2>
  201392:	08418793          	add	a5,gp,132 # 200a49cc <SystemExceptionHandlers>
  201396:	04078613          	add	a2,a5,64
  20139a:	08418713          	add	a4,gp,132 # 200a49cc <SystemExceptionHandlers>
        SystemExceptionHandlers[i] = (unsigned long)system_default_exception_handler;
  20139e:	002015b7          	lui	a1,0x201
  2013a2:	28658693          	add	a3,a1,646 # 201286 <system_default_exception_handler>
  2013a6:	c394                	sw	a3,0(a5)
    for (int i = 0; i < MAX_SYSTEM_EXCEPTION_NUM; i++) {
  2013a8:	0791                	add	a5,a5,4
  2013aa:	fec79ce3          	bne	a5,a2,2013a2 <_premain_init+0x9e>
}
  2013ae:	4422                	lw	s0,8(sp)
    SystemExceptionHandlers[MAX_SYSTEM_EXCEPTION_NUM] = (unsigned long)system_default_exception_handler;
  2013b0:	c334                	sw	a3,64(a4)
}
  2013b2:	40b2                	lw	ra,12(sp)
  2013b4:	0141                	add	sp,sp,16
        ECLIC_Init();
  2013b6:	bf39                	j	2012d4 <ECLIC_Init>
        iregion->eclic_base = FALLBACK_DEFAULT_ECLIC_BASE;
  2013b8:	0c000737          	lui	a4,0xc000
  2013bc:	c3d8                	sw	a4,4(a5)
        iregion->systimer_base = FALLBACK_DEFAULT_SYSTIMER_BASE;
  2013be:	02000737          	lui	a4,0x2000
  2013c2:	c798                	sw	a4,8(a5)
  2013c4:	b779                	j	201352 <_premain_init+0x4e>
}
  2013c6:	40b2                	lw	ra,12(sp)
  2013c8:	4422                	lw	s0,8(sp)
  2013ca:	0141                	add	sp,sp,16
  2013cc:	8082                	ret

002013ce <_postmain_fini>:
}
  2013ce:	8082                	ret

002013d0 <_init>:
}
  2013d0:	8082                	ret

002013d2 <_fini>:
void _fini(void)
  2013d2:	8082                	ret

002013d4 <irq_vectors_init>:
    OS_CPU_Vector_Table[SysTimerSW_IRQn] = &eclic_msip_handler;
  2013d4:	00206737          	lui	a4,0x206
  2013d8:	f3818793          	add	a5,gp,-200 # 200a4880 <OS_CPU_Vector_Table>
  2013dc:	0e870713          	add	a4,a4,232 # 2060e8 <eclic_msip_handler>
  2013e0:	c7d8                	sw	a4,12(a5)
    OS_CPU_Vector_Table[SysTimer_IRQn] = &eclic_mtip_handler;
  2013e2:	00206737          	lui	a4,0x206
  2013e6:	bd670713          	add	a4,a4,-1066 # 205bd6 <eclic_mtip_handler>
  2013ea:	cfd8                	sw	a4,28(a5)
}
  2013ec:	8082                	ret

002013ee <SystemInit>:
    SystemCoreClock = SYSTEM_CLOCK;
  2013ee:	016e37b7          	lui	a5,0x16e3
  2013f2:	200a4737          	lui	a4,0x200a4
  2013f6:	60078793          	add	a5,a5,1536 # 16e3600 <_sp+0x13e1600>
  2013fa:	14f72823          	sw	a5,336(a4) # 200a4150 <SystemCoreClock>
    __HAL_CRM_MTIME_CLK_ENABLE();
  2013fe:	46000737          	lui	a4,0x46000
  201402:	4b1c                	lw	a5,16(a4)
  201404:	29079793          	bset	a5,a5,0x10
  201408:	cb1c                	sw	a5,16(a4)
    irq_vectors_init();
  20140a:	b7e9                	j	2013d4 <irq_vectors_init>

0020140c <register_ISR>:
    if (irq_no >= IRQ_MAX)   return;
  20140c:	04d00793          	li	a5,77
  201410:	14a7e363          	bltu	a5,a0,201556 <register_ISR+0x14a>
 * \sa
 * - \ref ECLIC_GetShvIRQ
 */
__STATIC_FORCEINLINE void __ECLIC_SetShvIRQ(IRQn_Type IRQn, uint32_t shv)
{
    ECLIC->CTRL[IRQn].INTATTR &= ~CLIC_INTATTR_SHV_Msk;
  201414:	07018813          	add	a6,gp,112 # 200a49b8 <SystemIRegionInfo>
  201418:	00482703          	lw	a4,4(a6)
  20141c:	6685                	lui	a3,0x1
  20141e:	20e54733          	sh2add	a4,a0,a4
  201422:	9736                	add	a4,a4,a3
  201424:	00274883          	lbu	a7,2(a4) # 46000002 <_end+0x25f58a0e>
  201428:	0fe8f893          	and	a7,a7,254
  20142c:	01170123          	sb	a7,2(a4)
    ECLIC->CTRL[IRQn].INTATTR |= (uint8_t)(shv << CLIC_INTATTR_SHV_Pos);
  201430:	00482703          	lw	a4,4(a6)
  201434:	20e54733          	sh2add	a4,a0,a4
  201438:	9736                	add	a4,a4,a3
  20143a:	00274883          	lbu	a7,2(a4)
  20143e:	0ff8f893          	zext.b	a7,a7
  201442:	01170123          	sb	a7,2(a4)
    ECLIC->CTRL[IRQn].INTATTR &= ~CLIC_INTATTR_TRIG_Msk;
  201446:	00482703          	lw	a4,4(a6)
  20144a:	20e54733          	sh2add	a4,a0,a4
  20144e:	9736                	add	a4,a4,a3
  201450:	00274883          	lbu	a7,2(a4)
  201454:	0f98f893          	and	a7,a7,249
  201458:	01170123          	sb	a7,2(a4)
    ECLIC->CTRL[IRQn].INTATTR |= (uint8_t)(trig << CLIC_INTATTR_TRIG_Pos);
  20145c:	00482703          	lw	a4,4(a6)
  201460:	20e54733          	sh2add	a4,a0,a4
  201464:	9736                	add	a4,a4,a3
  201466:	00274683          	lbu	a3,2(a4)
  20146a:	0ff6f693          	zext.b	a3,a3
  20146e:	00d70123          	sb	a3,2(a4)
    if (isr_old) *isr_old = (ISR)(OS_CPU_Vector_Table[irq_no]);
  201472:	00251313          	sll	t1,a0,0x2
  201476:	07018793          	add	a5,gp,112 # 200a49b8 <SystemIRegionInfo>
  20147a:	f3818713          	add	a4,gp,-200 # 200a4880 <OS_CPU_Vector_Table>
  20147e:	c609                	beqz	a2,201488 <register_ISR+0x7c>
  201480:	006706b3          	add	a3,a4,t1
  201484:	4294                	lw	a3,0(a3)
  201486:	c214                	sw	a3,0(a2)
    OS_CPU_Vector_Table[irq_no] = isr;
  201488:	971a                	add	a4,a4,t1
  20148a:	c30c                	sw	a1,0(a4)
    return ((uint32_t)((ECLIC->CFG & CLIC_CLICCFG_NLBIT_Msk) >> CLIC_CLICCFG_NLBIT_Pos));
  20148c:	43d8                	lw	a4,4(a5)
  20148e:	00074683          	lbu	a3,0(a4)
    return ((uint32_t)((ECLIC->INFO & CLIC_CLICINFO_CTLBIT_Msk) >> CLIC_CLICINFO_CTLBIT_Pos));
  201492:	43d8                	lw	a4,4(a5)
  201494:	4358                	lw	a4,4(a4)
    return ((uint32_t)((ECLIC->CFG & CLIC_CLICCFG_NLBIT_Msk) >> CLIC_CLICCFG_NLBIT_Pos));
  201496:	8285                	srl	a3,a3,0x1
    return ((uint32_t)((ECLIC->INFO & CLIC_CLICINFO_CTLBIT_Msk) >> CLIC_CLICINFO_CTLBIT_Pos));
  201498:	8355                	srl	a4,a4,0x15
    return ((uint32_t)((ECLIC->CFG & CLIC_CLICCFG_NLBIT_Msk) >> CLIC_CLICCFG_NLBIT_Pos));
  20149a:	00f6f613          	and	a2,a3,15
    return ((uint32_t)((ECLIC->INFO & CLIC_CLICINFO_CTLBIT_Msk) >> CLIC_CLICINFO_CTLBIT_Pos));
  20149e:	00f77593          	and	a1,a4,15
 */
__STATIC_FORCEINLINE uint8_t __ECLIC_GetPriorityIRQ(IRQn_Type IRQn)
{
    uint8_t nlbits = __ECLIC_GetCfgNlbits();
    uint8_t intctlbits = (uint8_t)__ECLIC_INTCTLBITS;
    if (nlbits < intctlbits) {
  2014a2:	02b67463          	bgeu	a2,a1,2014ca <register_ISR+0xbe>
    return (ECLIC->CTRL[IRQn].INTCTRL);
  2014a6:	43d4                	lw	a3,4(a5)
  2014a8:	40050713          	add	a4,a0,1024
  2014ac:	20d74733          	sh2add	a4,a4,a3
  2014b0:	00374703          	lbu	a4,3(a4)
        uint8_t cur_ctrl = __ECLIC_GetCtrlIRQ(IRQn);
        uint8_t pri = cur_ctrl << nlbits;
  2014b4:	00c71733          	sll	a4,a4,a2
        pri = pri >> nlbits;
  2014b8:	0ff77713          	zext.b	a4,a4
        pri = pri >> (ECLIC_MAX_NLBITS - intctlbits);
  2014bc:	46a1                	li	a3,8
        pri = pri >> nlbits;
  2014be:	40c75733          	sra	a4,a4,a2
        pri = pri >> (ECLIC_MAX_NLBITS - intctlbits);
  2014c2:	8e8d                	sub	a3,a3,a1
  2014c4:	40d75733          	sra	a4,a4,a3
    if (ECLIC_GetPriorityIRQ(irq_no) == 0){
  2014c8:	e759                	bnez	a4,201556 <register_ISR+0x14a>
    return ((uint32_t)((ECLIC->CFG & CLIC_CLICCFG_NLBIT_Msk) >> CLIC_CLICCFG_NLBIT_Pos));
  2014ca:	43d8                	lw	a4,4(a5)
  2014cc:	00074703          	lbu	a4,0(a4)
  2014d0:	8305                	srl	a4,a4,0x1
    return ((uint32_t)((ECLIC->INFO & CLIC_CLICINFO_CTLBIT_Msk) >> CLIC_CLICINFO_CTLBIT_Pos));
  2014d2:	43d4                	lw	a3,4(a5)
    return ((uint32_t)((ECLIC->CFG & CLIC_CLICCFG_NLBIT_Msk) >> CLIC_CLICCFG_NLBIT_Pos));
  2014d4:	8b3d                	and	a4,a4,15
    return ((uint32_t)((ECLIC->INFO & CLIC_CLICINFO_CTLBIT_Msk) >> CLIC_CLICINFO_CTLBIT_Pos));
  2014d6:	42d4                	lw	a3,4(a3)
    if (nlbits == 0) {
  2014d8:	cb0d                	beqz	a4,20150a <register_ISR+0xfe>
    return ((uint32_t)((ECLIC->INFO & CLIC_CLICINFO_CTLBIT_Msk) >> CLIC_CLICINFO_CTLBIT_Pos));
  2014da:	82d5                	srl	a3,a3,0x15
    if (nlbits > intctlbits) {
  2014dc:	8abd                	and	a3,a3,15
    uint8_t maxlvl = ((1 << nlbits) - 1);
  2014de:	0ae6d6b3          	minu	a3,a3,a4
    return (ECLIC->CTRL[IRQn].INTCTRL);
  2014e2:	40050613          	add	a2,a0,1024
  2014e6:	43d8                	lw	a4,4(a5)
  2014e8:	20e64733          	sh2add	a4,a2,a4
  2014ec:	00374703          	lbu	a4,3(a4)
    cur_ctrl = cur_ctrl << nlbits;
  2014f0:	00d71733          	sll	a4,a4,a3
    cur_ctrl = cur_ctrl >> nlbits;
  2014f4:	0ff77713          	zext.b	a4,a4
  2014f8:	40d75733          	sra	a4,a4,a3
    ECLIC->CTRL[IRQn].INTCTRL = intctrl;
  2014fc:	43d4                	lw	a3,4(a5)
    cur_ctrl = cur_ctrl >> nlbits;
  2014fe:	0ff77713          	zext.b	a4,a4
    ECLIC->CTRL[IRQn].INTCTRL = intctrl;
  201502:	20d64633          	sh2add	a2,a2,a3
  201506:	00e601a3          	sb	a4,3(a2)
    return ((uint32_t)((ECLIC->CFG & CLIC_CLICCFG_NLBIT_Msk) >> CLIC_CLICCFG_NLBIT_Pos));
  20150a:	43d8                	lw	a4,4(a5)
  20150c:	00074683          	lbu	a3,0(a4)
    return ((uint32_t)((ECLIC->INFO & CLIC_CLICINFO_CTLBIT_Msk) >> CLIC_CLICINFO_CTLBIT_Pos));
  201510:	43d8                	lw	a4,4(a5)
  201512:	4358                	lw	a4,4(a4)
    return ((uint32_t)((ECLIC->CFG & CLIC_CLICCFG_NLBIT_Msk) >> CLIC_CLICCFG_NLBIT_Pos));
  201514:	8285                	srl	a3,a3,0x1
    return ((uint32_t)((ECLIC->INFO & CLIC_CLICINFO_CTLBIT_Msk) >> CLIC_CLICINFO_CTLBIT_Pos));
  201516:	8355                	srl	a4,a4,0x15
    return ((uint32_t)((ECLIC->CFG & CLIC_CLICCFG_NLBIT_Msk) >> CLIC_CLICCFG_NLBIT_Pos));
  201518:	00f6f593          	and	a1,a3,15
    return ((uint32_t)((ECLIC->INFO & CLIC_CLICINFO_CTLBIT_Msk) >> CLIC_CLICINFO_CTLBIT_Pos));
  20151c:	00f77613          	and	a2,a4,15
    if (nlbits < intctlbits) {
  201520:	02c5fb63          	bgeu	a1,a2,201556 <register_ISR+0x14a>
    return (ECLIC->CTRL[IRQn].INTCTRL);
  201524:	43d8                	lw	a4,4(a5)
  201526:	40050513          	add	a0,a0,1024
  20152a:	20e54733          	sh2add	a4,a0,a4
        cur_ctrl = cur_ctrl >> (ECLIC_MAX_NLBITS - nlbits);
  20152e:	46a1                	li	a3,8
    return (ECLIC->CTRL[IRQn].INTCTRL);
  201530:	00374703          	lbu	a4,3(a4)
        cur_ctrl = cur_ctrl >> (ECLIC_MAX_NLBITS - nlbits);
  201534:	8e8d                	sub	a3,a3,a1
  201536:	40d75733          	sra	a4,a4,a3
        cur_ctrl = cur_ctrl << (ECLIC_MAX_NLBITS - nlbits);
  20153a:	00d71733          	sll	a4,a4,a3
        uint8_t mask = ((uint8_t)(-1)) >> intctlbits;
  20153e:	0ff00693          	li	a3,255
  201542:	40c6d6b3          	sra	a3,a3,a2
    ECLIC->CTRL[IRQn].INTCTRL = intctrl;
  201546:	43dc                	lw	a5,4(a5)
        __ECLIC_SetCtrlIRQ(IRQn, (cur_ctrl | pri));
  201548:	8f55                	or	a4,a4,a3
  20154a:	0ff77713          	zext.b	a4,a4
    ECLIC->CTRL[IRQn].INTCTRL = intctrl;
  20154e:	20f54533          	sh2add	a0,a0,a5
  201552:	00e501a3          	sb	a4,3(a0)
}
  201556:	8082                	ret

00201558 <Interrupt1_Handler>:
            default_intexc_handler();               \
    }

// define interrupt handler functions
DEFINE_INTERRUPT_HANDLER(0);
DEFINE_INTERRUPT_HANDLER(1);
  201558:	f3818793          	add	a5,gp,-200 # 200a4880 <OS_CPU_Vector_Table>
  20155c:	43dc                	lw	a5,4(a5)
  20155e:	c391                	beqz	a5,201562 <Interrupt1_Handler+0xa>
  201560:	8782                	jr	a5
  201562:	3190406f          	j	20607a <default_intexc_handler>

00201566 <Interrupt2_Handler>:
DEFINE_INTERRUPT_HANDLER(2);
  201566:	f3818793          	add	a5,gp,-200 # 200a4880 <OS_CPU_Vector_Table>
  20156a:	479c                	lw	a5,8(a5)
  20156c:	c391                	beqz	a5,201570 <Interrupt2_Handler+0xa>
  20156e:	8782                	jr	a5
  201570:	30b0406f          	j	20607a <default_intexc_handler>

00201574 <Interrupt4_Handler>:
DEFINE_INTERRUPT_HANDLER(3);
DEFINE_INTERRUPT_HANDLER(4);
  201574:	f3818793          	add	a5,gp,-200 # 200a4880 <OS_CPU_Vector_Table>
  201578:	4b9c                	lw	a5,16(a5)
  20157a:	c391                	beqz	a5,20157e <Interrupt4_Handler+0xa>
  20157c:	8782                	jr	a5
  20157e:	2fd0406f          	j	20607a <default_intexc_handler>

00201582 <Interrupt5_Handler>:
DEFINE_INTERRUPT_HANDLER(5);
  201582:	f3818793          	add	a5,gp,-200 # 200a4880 <OS_CPU_Vector_Table>
  201586:	4bdc                	lw	a5,20(a5)
  201588:	c391                	beqz	a5,20158c <Interrupt5_Handler+0xa>
  20158a:	8782                	jr	a5
  20158c:	2ef0406f          	j	20607a <default_intexc_handler>

00201590 <Interrupt6_Handler>:
DEFINE_INTERRUPT_HANDLER(6);
  201590:	f3818793          	add	a5,gp,-200 # 200a4880 <OS_CPU_Vector_Table>
  201594:	4f9c                	lw	a5,24(a5)
  201596:	c391                	beqz	a5,20159a <Interrupt6_Handler+0xa>
  201598:	8782                	jr	a5
  20159a:	2e10406f          	j	20607a <default_intexc_handler>

0020159e <Interrupt7_Handler>:
DEFINE_INTERRUPT_HANDLER(7);
  20159e:	f3818793          	add	a5,gp,-200 # 200a4880 <OS_CPU_Vector_Table>
  2015a2:	4fdc                	lw	a5,28(a5)
  2015a4:	c391                	beqz	a5,2015a8 <Interrupt7_Handler+0xa>
  2015a6:	8782                	jr	a5
  2015a8:	2d30406f          	j	20607a <default_intexc_handler>

002015ac <Interrupt8_Handler>:
DEFINE_INTERRUPT_HANDLER(8);
  2015ac:	f3818793          	add	a5,gp,-200 # 200a4880 <OS_CPU_Vector_Table>
  2015b0:	539c                	lw	a5,32(a5)
  2015b2:	c391                	beqz	a5,2015b6 <Interrupt8_Handler+0xa>
  2015b4:	8782                	jr	a5
  2015b6:	2c50406f          	j	20607a <default_intexc_handler>

002015ba <Interrupt9_Handler>:
DEFINE_INTERRUPT_HANDLER(9);
  2015ba:	f3818793          	add	a5,gp,-200 # 200a4880 <OS_CPU_Vector_Table>
  2015be:	53dc                	lw	a5,36(a5)
  2015c0:	c391                	beqz	a5,2015c4 <Interrupt9_Handler+0xa>
  2015c2:	8782                	jr	a5
  2015c4:	2b70406f          	j	20607a <default_intexc_handler>

002015c8 <Interrupt10_Handler>:
DEFINE_INTERRUPT_HANDLER(10);
  2015c8:	f3818793          	add	a5,gp,-200 # 200a4880 <OS_CPU_Vector_Table>
  2015cc:	579c                	lw	a5,40(a5)
  2015ce:	c391                	beqz	a5,2015d2 <Interrupt10_Handler+0xa>
  2015d0:	8782                	jr	a5
  2015d2:	2a90406f          	j	20607a <default_intexc_handler>

002015d6 <Interrupt11_Handler>:
DEFINE_INTERRUPT_HANDLER(11);
  2015d6:	f3818793          	add	a5,gp,-200 # 200a4880 <OS_CPU_Vector_Table>
  2015da:	57dc                	lw	a5,44(a5)
  2015dc:	c391                	beqz	a5,2015e0 <Interrupt11_Handler+0xa>
  2015de:	8782                	jr	a5
  2015e0:	29b0406f          	j	20607a <default_intexc_handler>

002015e4 <Interrupt12_Handler>:
DEFINE_INTERRUPT_HANDLER(12);
  2015e4:	f3818793          	add	a5,gp,-200 # 200a4880 <OS_CPU_Vector_Table>
  2015e8:	5b9c                	lw	a5,48(a5)
  2015ea:	c391                	beqz	a5,2015ee <Interrupt12_Handler+0xa>
  2015ec:	8782                	jr	a5
  2015ee:	28d0406f          	j	20607a <default_intexc_handler>

002015f2 <Interrupt13_Handler>:
DEFINE_INTERRUPT_HANDLER(13);
  2015f2:	f3818793          	add	a5,gp,-200 # 200a4880 <OS_CPU_Vector_Table>
  2015f6:	5bdc                	lw	a5,52(a5)
  2015f8:	c391                	beqz	a5,2015fc <Interrupt13_Handler+0xa>
  2015fa:	8782                	jr	a5
  2015fc:	27f0406f          	j	20607a <default_intexc_handler>

00201600 <Interrupt14_Handler>:
DEFINE_INTERRUPT_HANDLER(14);
  201600:	f3818793          	add	a5,gp,-200 # 200a4880 <OS_CPU_Vector_Table>
  201604:	5f9c                	lw	a5,56(a5)
  201606:	c391                	beqz	a5,20160a <Interrupt14_Handler+0xa>
  201608:	8782                	jr	a5
  20160a:	2710406f          	j	20607a <default_intexc_handler>

0020160e <Interrupt15_Handler>:
DEFINE_INTERRUPT_HANDLER(15);
  20160e:	f3818793          	add	a5,gp,-200 # 200a4880 <OS_CPU_Vector_Table>
  201612:	5fdc                	lw	a5,60(a5)
  201614:	c391                	beqz	a5,201618 <Interrupt15_Handler+0xa>
  201616:	8782                	jr	a5
  201618:	2630406f          	j	20607a <default_intexc_handler>

0020161c <Interrupt16_Handler>:
DEFINE_INTERRUPT_HANDLER(16);
  20161c:	f3818793          	add	a5,gp,-200 # 200a4880 <OS_CPU_Vector_Table>
  201620:	43bc                	lw	a5,64(a5)
  201622:	c391                	beqz	a5,201626 <Interrupt16_Handler+0xa>
  201624:	8782                	jr	a5
  201626:	2550406f          	j	20607a <default_intexc_handler>

0020162a <Interrupt17_Handler>:
DEFINE_INTERRUPT_HANDLER(17);
  20162a:	f3818793          	add	a5,gp,-200 # 200a4880 <OS_CPU_Vector_Table>
  20162e:	43fc                	lw	a5,68(a5)
  201630:	c391                	beqz	a5,201634 <Interrupt17_Handler+0xa>
  201632:	8782                	jr	a5
  201634:	2470406f          	j	20607a <default_intexc_handler>

00201638 <Interrupt18_Handler>:
DEFINE_INTERRUPT_HANDLER(18);
  201638:	f3818793          	add	a5,gp,-200 # 200a4880 <OS_CPU_Vector_Table>
  20163c:	47bc                	lw	a5,72(a5)
  20163e:	c391                	beqz	a5,201642 <Interrupt18_Handler+0xa>
  201640:	8782                	jr	a5
  201642:	2390406f          	j	20607a <default_intexc_handler>

00201646 <Interrupt19_Handler>:
DEFINE_INTERRUPT_HANDLER(19);
  201646:	f3818793          	add	a5,gp,-200 # 200a4880 <OS_CPU_Vector_Table>
  20164a:	47fc                	lw	a5,76(a5)
  20164c:	c391                	beqz	a5,201650 <Interrupt19_Handler+0xa>
  20164e:	8782                	jr	a5
  201650:	22b0406f          	j	20607a <default_intexc_handler>

00201654 <Interrupt20_Handler>:
DEFINE_INTERRUPT_HANDLER(20);
  201654:	f3818793          	add	a5,gp,-200 # 200a4880 <OS_CPU_Vector_Table>
  201658:	4bbc                	lw	a5,80(a5)
  20165a:	c391                	beqz	a5,20165e <Interrupt20_Handler+0xa>
  20165c:	8782                	jr	a5
  20165e:	21d0406f          	j	20607a <default_intexc_handler>

00201662 <Interrupt21_Handler>:
DEFINE_INTERRUPT_HANDLER(21);
  201662:	f3818793          	add	a5,gp,-200 # 200a4880 <OS_CPU_Vector_Table>
  201666:	4bfc                	lw	a5,84(a5)
  201668:	c391                	beqz	a5,20166c <Interrupt21_Handler+0xa>
  20166a:	8782                	jr	a5
  20166c:	20f0406f          	j	20607a <default_intexc_handler>

00201670 <Interrupt22_Handler>:
DEFINE_INTERRUPT_HANDLER(22);
  201670:	f3818793          	add	a5,gp,-200 # 200a4880 <OS_CPU_Vector_Table>
  201674:	4fbc                	lw	a5,88(a5)
  201676:	c391                	beqz	a5,20167a <Interrupt22_Handler+0xa>
  201678:	8782                	jr	a5
  20167a:	2010406f          	j	20607a <default_intexc_handler>

0020167e <Interrupt23_Handler>:
DEFINE_INTERRUPT_HANDLER(23);
  20167e:	f3818793          	add	a5,gp,-200 # 200a4880 <OS_CPU_Vector_Table>
  201682:	4ffc                	lw	a5,92(a5)
  201684:	c391                	beqz	a5,201688 <Interrupt23_Handler+0xa>
  201686:	8782                	jr	a5
  201688:	1f30406f          	j	20607a <default_intexc_handler>

0020168c <Interrupt24_Handler>:
DEFINE_INTERRUPT_HANDLER(24);
  20168c:	f3818793          	add	a5,gp,-200 # 200a4880 <OS_CPU_Vector_Table>
  201690:	53bc                	lw	a5,96(a5)
  201692:	c391                	beqz	a5,201696 <Interrupt24_Handler+0xa>
  201694:	8782                	jr	a5
  201696:	1e50406f          	j	20607a <default_intexc_handler>

0020169a <Interrupt25_Handler>:
DEFINE_INTERRUPT_HANDLER(25);
  20169a:	f3818793          	add	a5,gp,-200 # 200a4880 <OS_CPU_Vector_Table>
  20169e:	53fc                	lw	a5,100(a5)
  2016a0:	c391                	beqz	a5,2016a4 <Interrupt25_Handler+0xa>
  2016a2:	8782                	jr	a5
  2016a4:	1d70406f          	j	20607a <default_intexc_handler>

002016a8 <Interrupt26_Handler>:
DEFINE_INTERRUPT_HANDLER(26);
  2016a8:	f3818793          	add	a5,gp,-200 # 200a4880 <OS_CPU_Vector_Table>
  2016ac:	57bc                	lw	a5,104(a5)
  2016ae:	c391                	beqz	a5,2016b2 <Interrupt26_Handler+0xa>
  2016b0:	8782                	jr	a5
  2016b2:	1c90406f          	j	20607a <default_intexc_handler>

002016b6 <Interrupt27_Handler>:
DEFINE_INTERRUPT_HANDLER(27);
  2016b6:	f3818793          	add	a5,gp,-200 # 200a4880 <OS_CPU_Vector_Table>
  2016ba:	57fc                	lw	a5,108(a5)
  2016bc:	c391                	beqz	a5,2016c0 <Interrupt27_Handler+0xa>
  2016be:	8782                	jr	a5
  2016c0:	1bb0406f          	j	20607a <default_intexc_handler>

002016c4 <Interrupt28_Handler>:
DEFINE_INTERRUPT_HANDLER(28);
  2016c4:	f3818793          	add	a5,gp,-200 # 200a4880 <OS_CPU_Vector_Table>
  2016c8:	5bbc                	lw	a5,112(a5)
  2016ca:	c391                	beqz	a5,2016ce <Interrupt28_Handler+0xa>
  2016cc:	8782                	jr	a5
  2016ce:	1ad0406f          	j	20607a <default_intexc_handler>

002016d2 <Interrupt29_Handler>:
DEFINE_INTERRUPT_HANDLER(29);
  2016d2:	f3818793          	add	a5,gp,-200 # 200a4880 <OS_CPU_Vector_Table>
  2016d6:	5bfc                	lw	a5,116(a5)
  2016d8:	c391                	beqz	a5,2016dc <Interrupt29_Handler+0xa>
  2016da:	8782                	jr	a5
  2016dc:	19f0406f          	j	20607a <default_intexc_handler>

002016e0 <Interrupt30_Handler>:
DEFINE_INTERRUPT_HANDLER(30);
  2016e0:	f3818793          	add	a5,gp,-200 # 200a4880 <OS_CPU_Vector_Table>
  2016e4:	5fbc                	lw	a5,120(a5)
  2016e6:	c391                	beqz	a5,2016ea <Interrupt30_Handler+0xa>
  2016e8:	8782                	jr	a5
  2016ea:	1910406f          	j	20607a <default_intexc_handler>

002016ee <Interrupt31_Handler>:
DEFINE_INTERRUPT_HANDLER(31);
  2016ee:	f3818793          	add	a5,gp,-200 # 200a4880 <OS_CPU_Vector_Table>
  2016f2:	5ffc                	lw	a5,124(a5)
  2016f4:	c391                	beqz	a5,2016f8 <Interrupt31_Handler+0xa>
  2016f6:	8782                	jr	a5
  2016f8:	1830406f          	j	20607a <default_intexc_handler>

002016fc <Interrupt32_Handler>:
DEFINE_INTERRUPT_HANDLER(32);
  2016fc:	fb81a783          	lw	a5,-72(gp) # 200a4900 <OS_CPU_Vector_Table+0x80>
  201700:	c391                	beqz	a5,201704 <Interrupt32_Handler+0x8>
  201702:	8782                	jr	a5
  201704:	1770406f          	j	20607a <default_intexc_handler>

00201708 <Interrupt33_Handler>:
DEFINE_INTERRUPT_HANDLER(33);
  201708:	fbc1a783          	lw	a5,-68(gp) # 200a4904 <OS_CPU_Vector_Table+0x84>
  20170c:	c391                	beqz	a5,201710 <Interrupt33_Handler+0x8>
  20170e:	8782                	jr	a5
  201710:	16b0406f          	j	20607a <default_intexc_handler>

00201714 <Interrupt34_Handler>:
DEFINE_INTERRUPT_HANDLER(34);
  201714:	fc01a783          	lw	a5,-64(gp) # 200a4908 <OS_CPU_Vector_Table+0x88>
  201718:	c391                	beqz	a5,20171c <Interrupt34_Handler+0x8>
  20171a:	8782                	jr	a5
  20171c:	15f0406f          	j	20607a <default_intexc_handler>

00201720 <Interrupt35_Handler>:
DEFINE_INTERRUPT_HANDLER(35);
  201720:	fc41a783          	lw	a5,-60(gp) # 200a490c <OS_CPU_Vector_Table+0x8c>
  201724:	c391                	beqz	a5,201728 <Interrupt35_Handler+0x8>
  201726:	8782                	jr	a5
  201728:	1530406f          	j	20607a <default_intexc_handler>

0020172c <Interrupt36_Handler>:
DEFINE_INTERRUPT_HANDLER(36);
  20172c:	fc81a783          	lw	a5,-56(gp) # 200a4910 <OS_CPU_Vector_Table+0x90>
  201730:	c391                	beqz	a5,201734 <Interrupt36_Handler+0x8>
  201732:	8782                	jr	a5
  201734:	1470406f          	j	20607a <default_intexc_handler>

00201738 <Interrupt37_Handler>:
DEFINE_INTERRUPT_HANDLER(37);
  201738:	fcc1a783          	lw	a5,-52(gp) # 200a4914 <OS_CPU_Vector_Table+0x94>
  20173c:	c391                	beqz	a5,201740 <Interrupt37_Handler+0x8>
  20173e:	8782                	jr	a5
  201740:	13b0406f          	j	20607a <default_intexc_handler>

00201744 <Interrupt38_Handler>:
DEFINE_INTERRUPT_HANDLER(38);
  201744:	fd01a783          	lw	a5,-48(gp) # 200a4918 <OS_CPU_Vector_Table+0x98>
  201748:	c391                	beqz	a5,20174c <Interrupt38_Handler+0x8>
  20174a:	8782                	jr	a5
  20174c:	12f0406f          	j	20607a <default_intexc_handler>

00201750 <Interrupt39_Handler>:
DEFINE_INTERRUPT_HANDLER(39);
  201750:	fd41a783          	lw	a5,-44(gp) # 200a491c <OS_CPU_Vector_Table+0x9c>
  201754:	c391                	beqz	a5,201758 <Interrupt39_Handler+0x8>
  201756:	8782                	jr	a5
  201758:	1230406f          	j	20607a <default_intexc_handler>

0020175c <Interrupt40_Handler>:
DEFINE_INTERRUPT_HANDLER(40);
  20175c:	fd81a783          	lw	a5,-40(gp) # 200a4920 <OS_CPU_Vector_Table+0xa0>
  201760:	c391                	beqz	a5,201764 <Interrupt40_Handler+0x8>
  201762:	8782                	jr	a5
  201764:	1170406f          	j	20607a <default_intexc_handler>

00201768 <Interrupt41_Handler>:
DEFINE_INTERRUPT_HANDLER(41);
  201768:	fdc1a783          	lw	a5,-36(gp) # 200a4924 <OS_CPU_Vector_Table+0xa4>
  20176c:	c391                	beqz	a5,201770 <Interrupt41_Handler+0x8>
  20176e:	8782                	jr	a5
  201770:	10b0406f          	j	20607a <default_intexc_handler>

00201774 <Interrupt42_Handler>:
DEFINE_INTERRUPT_HANDLER(42);
  201774:	fe01a783          	lw	a5,-32(gp) # 200a4928 <OS_CPU_Vector_Table+0xa8>
  201778:	c391                	beqz	a5,20177c <Interrupt42_Handler+0x8>
  20177a:	8782                	jr	a5
  20177c:	0ff0406f          	j	20607a <default_intexc_handler>

00201780 <Interrupt43_Handler>:
DEFINE_INTERRUPT_HANDLER(43);
  201780:	fe41a783          	lw	a5,-28(gp) # 200a492c <OS_CPU_Vector_Table+0xac>
  201784:	c391                	beqz	a5,201788 <Interrupt43_Handler+0x8>
  201786:	8782                	jr	a5
  201788:	0f30406f          	j	20607a <default_intexc_handler>

0020178c <Interrupt44_Handler>:
DEFINE_INTERRUPT_HANDLER(44);
  20178c:	fe81a783          	lw	a5,-24(gp) # 200a4930 <OS_CPU_Vector_Table+0xb0>
  201790:	c391                	beqz	a5,201794 <Interrupt44_Handler+0x8>
  201792:	8782                	jr	a5
  201794:	0e70406f          	j	20607a <default_intexc_handler>

00201798 <Interrupt45_Handler>:
DEFINE_INTERRUPT_HANDLER(45);
  201798:	fec1a783          	lw	a5,-20(gp) # 200a4934 <OS_CPU_Vector_Table+0xb4>
  20179c:	c391                	beqz	a5,2017a0 <Interrupt45_Handler+0x8>
  20179e:	8782                	jr	a5
  2017a0:	0db0406f          	j	20607a <default_intexc_handler>

002017a4 <Interrupt46_Handler>:
DEFINE_INTERRUPT_HANDLER(46);
  2017a4:	ff01a783          	lw	a5,-16(gp) # 200a4938 <OS_CPU_Vector_Table+0xb8>
  2017a8:	c391                	beqz	a5,2017ac <Interrupt46_Handler+0x8>
  2017aa:	8782                	jr	a5
  2017ac:	0cf0406f          	j	20607a <default_intexc_handler>

002017b0 <Interrupt47_Handler>:
DEFINE_INTERRUPT_HANDLER(47);
  2017b0:	ff41a783          	lw	a5,-12(gp) # 200a493c <OS_CPU_Vector_Table+0xbc>
  2017b4:	c391                	beqz	a5,2017b8 <Interrupt47_Handler+0x8>
  2017b6:	8782                	jr	a5
  2017b8:	0c30406f          	j	20607a <default_intexc_handler>

002017bc <Interrupt48_Handler>:
DEFINE_INTERRUPT_HANDLER(48);
  2017bc:	ff81a783          	lw	a5,-8(gp) # 200a4940 <OS_CPU_Vector_Table+0xc0>
  2017c0:	c391                	beqz	a5,2017c4 <Interrupt48_Handler+0x8>
  2017c2:	8782                	jr	a5
  2017c4:	0b70406f          	j	20607a <default_intexc_handler>

002017c8 <Interrupt49_Handler>:
DEFINE_INTERRUPT_HANDLER(49);
  2017c8:	ffc1a783          	lw	a5,-4(gp) # 200a4944 <OS_CPU_Vector_Table+0xc4>
  2017cc:	c391                	beqz	a5,2017d0 <Interrupt49_Handler+0x8>
  2017ce:	8782                	jr	a5
  2017d0:	0ab0406f          	j	20607a <default_intexc_handler>

002017d4 <Interrupt50_Handler>:
DEFINE_INTERRUPT_HANDLER(50);
  2017d4:	0001a783          	lw	a5,0(gp) # 200a4948 <__global_pointer$>
  2017d8:	c391                	beqz	a5,2017dc <Interrupt50_Handler+0x8>
  2017da:	8782                	jr	a5
  2017dc:	09f0406f          	j	20607a <default_intexc_handler>

002017e0 <Interrupt51_Handler>:
DEFINE_INTERRUPT_HANDLER(51);
  2017e0:	0041a783          	lw	a5,4(gp) # 200a494c <__global_pointer$+0x4>
  2017e4:	c391                	beqz	a5,2017e8 <Interrupt51_Handler+0x8>
  2017e6:	8782                	jr	a5
  2017e8:	0930406f          	j	20607a <default_intexc_handler>

002017ec <Interrupt52_Handler>:
DEFINE_INTERRUPT_HANDLER(52);
  2017ec:	0081a783          	lw	a5,8(gp) # 200a4950 <__global_pointer$+0x8>
  2017f0:	c391                	beqz	a5,2017f4 <Interrupt52_Handler+0x8>
  2017f2:	8782                	jr	a5
  2017f4:	0870406f          	j	20607a <default_intexc_handler>

002017f8 <Interrupt53_Handler>:
DEFINE_INTERRUPT_HANDLER(53);
  2017f8:	00c1a783          	lw	a5,12(gp) # 200a4954 <__global_pointer$+0xc>
  2017fc:	c391                	beqz	a5,201800 <Interrupt53_Handler+0x8>
  2017fe:	8782                	jr	a5
  201800:	07b0406f          	j	20607a <default_intexc_handler>

00201804 <Interrupt54_Handler>:
DEFINE_INTERRUPT_HANDLER(54);
  201804:	0101a783          	lw	a5,16(gp) # 200a4958 <__global_pointer$+0x10>
  201808:	c391                	beqz	a5,20180c <Interrupt54_Handler+0x8>
  20180a:	8782                	jr	a5
  20180c:	06f0406f          	j	20607a <default_intexc_handler>

00201810 <Interrupt55_Handler>:
DEFINE_INTERRUPT_HANDLER(55);
  201810:	0141a783          	lw	a5,20(gp) # 200a495c <__global_pointer$+0x14>
  201814:	c391                	beqz	a5,201818 <Interrupt55_Handler+0x8>
  201816:	8782                	jr	a5
  201818:	0630406f          	j	20607a <default_intexc_handler>

0020181c <Interrupt56_Handler>:
DEFINE_INTERRUPT_HANDLER(56);
  20181c:	0181a783          	lw	a5,24(gp) # 200a4960 <__global_pointer$+0x18>
  201820:	c391                	beqz	a5,201824 <Interrupt56_Handler+0x8>
  201822:	8782                	jr	a5
  201824:	0570406f          	j	20607a <default_intexc_handler>

00201828 <Interrupt57_Handler>:
DEFINE_INTERRUPT_HANDLER(57);
  201828:	01c1a783          	lw	a5,28(gp) # 200a4964 <__global_pointer$+0x1c>
  20182c:	c391                	beqz	a5,201830 <Interrupt57_Handler+0x8>
  20182e:	8782                	jr	a5
  201830:	04b0406f          	j	20607a <default_intexc_handler>

00201834 <Interrupt58_Handler>:
DEFINE_INTERRUPT_HANDLER(58);
  201834:	0201a783          	lw	a5,32(gp) # 200a4968 <__global_pointer$+0x20>
  201838:	c391                	beqz	a5,20183c <Interrupt58_Handler+0x8>
  20183a:	8782                	jr	a5
  20183c:	03f0406f          	j	20607a <default_intexc_handler>

00201840 <Interrupt59_Handler>:
DEFINE_INTERRUPT_HANDLER(59);
  201840:	0241a783          	lw	a5,36(gp) # 200a496c <__global_pointer$+0x24>
  201844:	c391                	beqz	a5,201848 <Interrupt59_Handler+0x8>
  201846:	8782                	jr	a5
  201848:	0330406f          	j	20607a <default_intexc_handler>

0020184c <Interrupt60_Handler>:
DEFINE_INTERRUPT_HANDLER(60);
  20184c:	0281a783          	lw	a5,40(gp) # 200a4970 <__global_pointer$+0x28>
  201850:	c391                	beqz	a5,201854 <Interrupt60_Handler+0x8>
  201852:	8782                	jr	a5
  201854:	0270406f          	j	20607a <default_intexc_handler>

00201858 <Interrupt61_Handler>:
DEFINE_INTERRUPT_HANDLER(61);
  201858:	02c1a783          	lw	a5,44(gp) # 200a4974 <__global_pointer$+0x2c>
  20185c:	c391                	beqz	a5,201860 <Interrupt61_Handler+0x8>
  20185e:	8782                	jr	a5
  201860:	01b0406f          	j	20607a <default_intexc_handler>

00201864 <Interrupt62_Handler>:
DEFINE_INTERRUPT_HANDLER(62);
  201864:	0301a783          	lw	a5,48(gp) # 200a4978 <__global_pointer$+0x30>
  201868:	c391                	beqz	a5,20186c <Interrupt62_Handler+0x8>
  20186a:	8782                	jr	a5
  20186c:	00f0406f          	j	20607a <default_intexc_handler>

00201870 <Interrupt63_Handler>:
DEFINE_INTERRUPT_HANDLER(63);
  201870:	0341a783          	lw	a5,52(gp) # 200a497c <__global_pointer$+0x34>
  201874:	c391                	beqz	a5,201878 <Interrupt63_Handler+0x8>
  201876:	8782                	jr	a5
  201878:	0030406f          	j	20607a <default_intexc_handler>

0020187c <Interrupt64_Handler>:
DEFINE_INTERRUPT_HANDLER(64);
  20187c:	0381a783          	lw	a5,56(gp) # 200a4980 <__global_pointer$+0x38>
  201880:	c391                	beqz	a5,201884 <Interrupt64_Handler+0x8>
  201882:	8782                	jr	a5
  201884:	7f60406f          	j	20607a <default_intexc_handler>

00201888 <Interrupt65_Handler>:
DEFINE_INTERRUPT_HANDLER(65);
  201888:	03c1a783          	lw	a5,60(gp) # 200a4984 <__global_pointer$+0x3c>
  20188c:	c391                	beqz	a5,201890 <Interrupt65_Handler+0x8>
  20188e:	8782                	jr	a5
  201890:	7ea0406f          	j	20607a <default_intexc_handler>

00201894 <Interrupt66_Handler>:
DEFINE_INTERRUPT_HANDLER(66);
  201894:	0401a783          	lw	a5,64(gp) # 200a4988 <__global_pointer$+0x40>
  201898:	c391                	beqz	a5,20189c <Interrupt66_Handler+0x8>
  20189a:	8782                	jr	a5
  20189c:	7de0406f          	j	20607a <default_intexc_handler>

002018a0 <Interrupt67_Handler>:
DEFINE_INTERRUPT_HANDLER(67);
  2018a0:	0441a783          	lw	a5,68(gp) # 200a498c <__global_pointer$+0x44>
  2018a4:	c391                	beqz	a5,2018a8 <Interrupt67_Handler+0x8>
  2018a6:	8782                	jr	a5
  2018a8:	7d20406f          	j	20607a <default_intexc_handler>

002018ac <Interrupt68_Handler>:
DEFINE_INTERRUPT_HANDLER(68);
  2018ac:	0481a783          	lw	a5,72(gp) # 200a4990 <__global_pointer$+0x48>
  2018b0:	c391                	beqz	a5,2018b4 <Interrupt68_Handler+0x8>
  2018b2:	8782                	jr	a5
  2018b4:	7c60406f          	j	20607a <default_intexc_handler>

002018b8 <Interrupt69_Handler>:
DEFINE_INTERRUPT_HANDLER(69);
  2018b8:	04c1a783          	lw	a5,76(gp) # 200a4994 <__global_pointer$+0x4c>
  2018bc:	c391                	beqz	a5,2018c0 <Interrupt69_Handler+0x8>
  2018be:	8782                	jr	a5
  2018c0:	7ba0406f          	j	20607a <default_intexc_handler>

002018c4 <Interrupt70_Handler>:
DEFINE_INTERRUPT_HANDLER(70);
  2018c4:	0501a783          	lw	a5,80(gp) # 200a4998 <__global_pointer$+0x50>
  2018c8:	c391                	beqz	a5,2018cc <Interrupt70_Handler+0x8>
  2018ca:	8782                	jr	a5
  2018cc:	7ae0406f          	j	20607a <default_intexc_handler>

002018d0 <Interrupt71_Handler>:
DEFINE_INTERRUPT_HANDLER(71);
  2018d0:	0541a783          	lw	a5,84(gp) # 200a499c <__global_pointer$+0x54>
  2018d4:	c391                	beqz	a5,2018d8 <Interrupt71_Handler+0x8>
  2018d6:	8782                	jr	a5
  2018d8:	7a20406f          	j	20607a <default_intexc_handler>

002018dc <Interrupt72_Handler>:
DEFINE_INTERRUPT_HANDLER(72);
  2018dc:	0581a783          	lw	a5,88(gp) # 200a49a0 <__global_pointer$+0x58>
  2018e0:	c391                	beqz	a5,2018e4 <Interrupt72_Handler+0x8>
  2018e2:	8782                	jr	a5
  2018e4:	7960406f          	j	20607a <default_intexc_handler>

002018e8 <Interrupt73_Handler>:
DEFINE_INTERRUPT_HANDLER(73);
  2018e8:	05c1a783          	lw	a5,92(gp) # 200a49a4 <__global_pointer$+0x5c>
  2018ec:	c391                	beqz	a5,2018f0 <Interrupt73_Handler+0x8>
  2018ee:	8782                	jr	a5
  2018f0:	78a0406f          	j	20607a <default_intexc_handler>

002018f4 <Interrupt74_Handler>:
DEFINE_INTERRUPT_HANDLER(74);
  2018f4:	0601a783          	lw	a5,96(gp) # 200a49a8 <__global_pointer$+0x60>
  2018f8:	c391                	beqz	a5,2018fc <Interrupt74_Handler+0x8>
  2018fa:	8782                	jr	a5
  2018fc:	77e0406f          	j	20607a <default_intexc_handler>

00201900 <Interrupt75_Handler>:
DEFINE_INTERRUPT_HANDLER(75);
  201900:	0641a783          	lw	a5,100(gp) # 200a49ac <__global_pointer$+0x64>
  201904:	c391                	beqz	a5,201908 <Interrupt75_Handler+0x8>
  201906:	8782                	jr	a5
  201908:	7720406f          	j	20607a <default_intexc_handler>

0020190c <Interrupt76_Handler>:
DEFINE_INTERRUPT_HANDLER(76);
  20190c:	0681a783          	lw	a5,104(gp) # 200a49b0 <__global_pointer$+0x68>
  201910:	c391                	beqz	a5,201914 <Interrupt76_Handler+0x8>
  201912:	8782                	jr	a5
  201914:	7660406f          	j	20607a <default_intexc_handler>

00201918 <Interrupt77_Handler>:
DEFINE_INTERRUPT_HANDLER(77);
  201918:	06c1a783          	lw	a5,108(gp) # 200a49b4 <__global_pointer$+0x6c>
  20191c:	c391                	beqz	a5,201920 <Interrupt77_Handler+0x8>
  20191e:	8782                	jr	a5
  201920:	75a0406f          	j	20607a <default_intexc_handler>

00201924 <tud_vendor_n_read_immed>:
//      part done and asynchronous callback invoked if return_value < bufsize
// < 0: indicate that read operation failed
//
int32_t tud_vendor_n_read_immed (uint8_t itf, uint8_t ep_addr, void* buffer, uint32_t bufsize)
{
    if (itf >= CFG_TUD_VENDOR || buffer == NULL || bufsize == 0)
  201924:	4785                	li	a5,1
  201926:	00a7fa63          	bgeu	a5,a0,20193a <tud_vendor_n_read_immed+0x16>
        return -1;
  20192a:	557d                	li	a0,-1
#endif
        return -1;

    // return the length of already transferred data (usually 0, return bufsize if all is done)
    return ven_ep_p->ep_xfi.xfer_len;
}
  20192c:	8082                	ret
        return -1;
  20192e:	557d                	li	a0,-1
}
  201930:	40f2                	lw	ra,28(sp)
  201932:	4462                	lw	s0,24(sp)
  201934:	44d2                	lw	s1,20(sp)
  201936:	6105                	add	sp,sp,32
  201938:	8082                	ret
    if (itf >= CFG_TUD_VENDOR || buffer == NULL || bufsize == 0)
  20193a:	da65                	beqz	a2,20192a <tud_vendor_n_read_immed+0x6>
{
  20193c:	1101                	add	sp,sp,-32
  20193e:	ca26                	sw	s1,20(sp)
  201940:	ce06                	sw	ra,28(sp)
  201942:	cc22                	sw	s0,24(sp)
  201944:	84b6                	mv	s1,a3
    if (itf >= CFG_TUD_VENDOR || buffer == NULL || bufsize == 0)
  201946:	d6e5                	beqz	a3,20192e <tud_vendor_n_read_immed+0xa>
        if (ven_ep_p->ep_addr == ep_addr)
  201948:	06800713          	li	a4,104
  20194c:	200a4437          	lui	s0,0x200a4
  201950:	40a007b3          	neg	a5,a0
  201954:	07440413          	add	s0,s0,116 # 200a4074 <_vendord_itf>
  201958:	02e50533          	mul	a0,a0,a4
  20195c:	9522                	add	a0,a0,s0
  20195e:	03454703          	lbu	a4,52(a0)
  201962:	0687f793          	and	a5,a5,104
  201966:	02b71b63          	bne	a4,a1,20199c <tud_vendor_n_read_immed+0x78>
        ven_ep_p = &p_vendor->out_ep_array[i];
  20196a:	03478793          	add	a5,a5,52
  20196e:	943e                	add	s0,s0,a5
    if(!usbd_edpt_claim(rhport, ven_ep_p->ep_addr)) {
  201970:	00044583          	lbu	a1,0(s0)
  201974:	4501                	li	a0,0
  201976:	c632                	sw	a2,12(sp)
  201978:	367010ef          	jal	2034de <usbd_edpt_claim>
  20197c:	d94d                	beqz	a0,20192e <tud_vendor_n_read_immed+0xa>
    ven_ep_p->ep_xfi.req_buf = (uint8_t*)buffer;
  20197e:	4632                	lw	a2,12(sp)
  201980:	c450                	sw	a2,12(s0)
    ven_ep_p->ep_xfi.req_len = bufsize;
  201982:	c804                	sw	s1,16(s0)
    ven_ep_p->ep_xfi.xfer_len = 0;
  201984:	00042a23          	sw	zero,20(s0)
    if(!usbd_edpt_xfer(rhport, ven_ep_p->ep_addr, ven_ep_p->ep_xfi.req_buf, ven_ep_p->ep_xfi.req_len))
  201988:	0804c6b3          	zext.h	a3,s1
  20198c:	00044583          	lbu	a1,0(s0)
  201990:	4501                	li	a0,0
  201992:	383010ef          	jal	203514 <usbd_edpt_xfer>
  201996:	dd41                	beqz	a0,20192e <tud_vendor_n_read_immed+0xa>
    return ven_ep_p->ep_xfi.xfer_len;
  201998:	4848                	lw	a0,20(s0)
  20199a:	bf59                	j	201930 <tud_vendor_n_read_immed+0xc>
        if (ven_ep_p->ep_addr == ep_addr)
  20199c:	04c54703          	lbu	a4,76(a0)
  2019a0:	f8b717e3          	bne	a4,a1,20192e <tud_vendor_n_read_immed+0xa>
        ven_ep_p = &p_vendor->out_ep_array[i];
  2019a4:	04c78793          	add	a5,a5,76
  2019a8:	b7d9                	j	20196e <tud_vendor_n_read_immed+0x4a>

002019aa <tud_vendor_n_write_immed>:
//      part done and asynchronous callback invoked if return_value < bufsize
// < 0: indicate that write operation failed//
//
int32_t tud_vendor_n_write_immed (uint8_t itf, uint8_t ep_addr, void const* buffer, uint32_t bufsize)
{
    if (itf >= CFG_TUD_VENDOR || (buffer == NULL && bufsize > 0))
  2019aa:	4785                	li	a5,1
  2019ac:	00a7fa63          	bgeu	a5,a0,2019c0 <tud_vendor_n_write_immed+0x16>
        return -1;
  2019b0:	557d                	li	a0,-1
        return -1;
#endif

    // return the length of already transferred data (usually 0, return bufsize if all is done)
    return ven_ep_p->ep_xfi.xfer_len;
}
  2019b2:	8082                	ret
        return -1;
  2019b4:	557d                	li	a0,-1
}
  2019b6:	40f2                	lw	ra,28(sp)
  2019b8:	4462                	lw	s0,24(sp)
  2019ba:	44d2                	lw	s1,20(sp)
  2019bc:	6105                	add	sp,sp,32
  2019be:	8082                	ret
{
  2019c0:	1101                	add	sp,sp,-32
  2019c2:	ca26                	sw	s1,20(sp)
  2019c4:	ce06                	sw	ra,28(sp)
  2019c6:	cc22                	sw	s0,24(sp)
  2019c8:	84b6                	mv	s1,a3
    if (itf >= CFG_TUD_VENDOR || (buffer == NULL && bufsize > 0))
  2019ca:	e211                	bnez	a2,2019ce <tud_vendor_n_write_immed+0x24>
  2019cc:	f6e5                	bnez	a3,2019b4 <tud_vendor_n_write_immed+0xa>
        if (ven_ep_p->ep_addr == ep_addr)
  2019ce:	06800713          	li	a4,104
  2019d2:	200a4437          	lui	s0,0x200a4
  2019d6:	40a007b3          	neg	a5,a0
  2019da:	07440413          	add	s0,s0,116 # 200a4074 <_vendord_itf>
  2019de:	02e50533          	mul	a0,a0,a4
  2019e2:	9522                	add	a0,a0,s0
  2019e4:	00454703          	lbu	a4,4(a0)
  2019e8:	0687f793          	and	a5,a5,104
  2019ec:	02b71a63          	bne	a4,a1,201a20 <tud_vendor_n_write_immed+0x76>
        ven_ep_p = &p_vendor->in_ep_array[i];
  2019f0:	0791                	add	a5,a5,4
  2019f2:	943e                	add	s0,s0,a5
    if(!usbd_edpt_claim(rhport, ven_ep_p->ep_addr)) {
  2019f4:	00044583          	lbu	a1,0(s0)
  2019f8:	4501                	li	a0,0
  2019fa:	c632                	sw	a2,12(sp)
  2019fc:	2e3010ef          	jal	2034de <usbd_edpt_claim>
  201a00:	d955                	beqz	a0,2019b4 <tud_vendor_n_write_immed+0xa>
    ven_ep_p->ep_xfi.req_buf = (uint8_t*)buffer;
  201a02:	4632                	lw	a2,12(sp)
  201a04:	c450                	sw	a2,12(s0)
    ven_ep_p->ep_xfi.req_len = bufsize;
  201a06:	c804                	sw	s1,16(s0)
    ven_ep_p->ep_xfi.xfer_len = 0;
  201a08:	00042a23          	sw	zero,20(s0)
    if(!usbd_edpt_xfer(rhport, ven_ep_p->ep_addr, ven_ep_p->ep_xfi.req_buf, bytes_to_write))
  201a0c:	0804c6b3          	zext.h	a3,s1
  201a10:	00044583          	lbu	a1,0(s0)
  201a14:	4501                	li	a0,0
  201a16:	2ff010ef          	jal	203514 <usbd_edpt_xfer>
  201a1a:	dd49                	beqz	a0,2019b4 <tud_vendor_n_write_immed+0xa>
    return ven_ep_p->ep_xfi.xfer_len;
  201a1c:	4848                	lw	a0,20(s0)
  201a1e:	bf61                	j	2019b6 <tud_vendor_n_write_immed+0xc>
        if (ven_ep_p->ep_addr == ep_addr)
  201a20:	01c54703          	lbu	a4,28(a0)
  201a24:	f8b718e3          	bne	a4,a1,2019b4 <tud_vendor_n_write_immed+0xa>
        ven_ep_p = &p_vendor->in_ep_array[i];
  201a28:	07f1                	add	a5,a5,28
  201a2a:	b7e1                	j	2019f2 <tud_vendor_n_write_immed+0x48>

00201a2c <usbd_open_edpt_array>:
bool usbd_open_edpt_array(uint8_t rhport, uint8_t const* p_desc, uint8_t itf)
{
  ven_ep_t *ven_ep_p;
  vendord_interface_t* p_vendor = &_vendord_itf[itf];

  TU_ASSERT(p_desc != NULL && itf < CFG_TUD_VENDOR);
  201a2c:	c1e5                	beqz	a1,201b0c <usbd_open_edpt_array+0xe0>
{
  201a2e:	1101                	add	sp,sp,-32
  201a30:	c64e                	sw	s3,12(sp)
  201a32:	ce06                	sw	ra,28(sp)
  201a34:	cc22                	sw	s0,24(sp)
  201a36:	ca26                	sw	s1,20(sp)
  201a38:	c84a                	sw	s2,16(sp)
  201a3a:	c452                	sw	s4,8(sp)
  201a3c:	c256                	sw	s5,4(sp)
  201a3e:	c05a                	sw	s6,0(sp)
  TU_ASSERT(p_desc != NULL && itf < CFG_TUD_VENDOR);
  201a40:	4985                	li	s3,1
  201a42:	02c9ec63          	bltu	s3,a2,201a7a <usbd_open_edpt_array+0x4e>
  201a46:	200a4a37          	lui	s4,0x200a4
  201a4a:	06800793          	li	a5,104
  201a4e:	40c00ab3          	neg	s5,a2
  201a52:	074a0a13          	add	s4,s4,116 # 200a4074 <_vendord_itf>

    if ( tu_edpt_dir(desc_ep->bEndpointAddress) == TUSB_DIR_IN ) {
        TU_ASSERT(p_vendor->in_ep_cnt < MAX_IN_EP_COUNT);
        ven_ep_p = &p_vendor->in_ep_array[p_vendor->in_ep_cnt++];
    } else {
        TU_ASSERT(p_vendor->out_ep_cnt < MAX_OUT_EP_COUNT);
  201a56:	02f60633          	mul	a2,a2,a5
  201a5a:	892a                	mv	s2,a0
  201a5c:	842e                	mv	s0,a1
  201a5e:	068afa93          	and	s5,s5,104
    if (TUSB_DESC_ENDPOINT != desc_ep->bDescriptorType || desc_ep->bmAttributes.xfer > TUSB_XFER_INTERRUPT)
  201a62:	4b15                	li	s6,5
        TU_ASSERT(p_vendor->out_ep_cnt < MAX_OUT_EP_COUNT);
  201a64:	00ca04b3          	add	s1,s4,a2
    if (TUSB_DESC_ENDPOINT != desc_ep->bDescriptorType || desc_ep->bmAttributes.xfer > TUSB_XFER_INTERRUPT)
  201a68:	00144783          	lbu	a5,1(s0)
  201a6c:	09679e63          	bne	a5,s6,201b08 <usbd_open_edpt_array+0xdc>
    TU_ASSERT(usbd_edpt_open(rhport, desc_ep));
  201a70:	85a2                	mv	a1,s0
  201a72:	854a                	mv	a0,s2
  201a74:	1e5010ef          	jal	203458 <usbd_edpt_open>
  201a78:	ed09                	bnez	a0,201a92 <usbd_open_edpt_array+0x66>
  201a7a:	9002                	ebreak
  TU_ASSERT(p_desc != NULL && itf < CFG_TUD_VENDOR);
  201a7c:	4501                	li	a0,0
  }

  // return true if at least 1 IN/OUT EP is resolved from the descriptor
  //return (p_vendor->in_ep_cnt > 0 || p_vendor->out_ep_cnt > 0);
  return true;
}
  201a7e:	40f2                	lw	ra,28(sp)
  201a80:	4462                	lw	s0,24(sp)
  201a82:	44d2                	lw	s1,20(sp)
  201a84:	4942                	lw	s2,16(sp)
  201a86:	49b2                	lw	s3,12(sp)
  201a88:	4a22                	lw	s4,8(sp)
  201a8a:	4a92                	lw	s5,4(sp)
  201a8c:	4b02                	lw	s6,0(sp)
  201a8e:	6105                	add	sp,sp,32
  201a90:	8082                	ret
    if ( tu_edpt_dir(desc_ep->bEndpointAddress) == TUSB_DIR_IN ) {
  201a92:	00244703          	lbu	a4,2(s0)
  201a96:	00775793          	srl	a5,a4,0x7
  201a9a:	05379963          	bne	a5,s3,201aec <usbd_open_edpt_array+0xc0>
        TU_ASSERT(p_vendor->in_ep_cnt < MAX_IN_EP_COUNT);
  201a9e:	0644c783          	lbu	a5,100(s1) # 46000064 <_end+0x25f58a70>
  201aa2:	fcf9ece3          	bltu	s3,a5,201a7a <usbd_open_edpt_array+0x4e>
        ven_ep_p = &p_vendor->in_ep_array[p_vendor->in_ep_cnt++];
  201aa6:	00178693          	add	a3,a5,1
  201aaa:	40f007b3          	neg	a5,a5
  201aae:	06d48223          	sb	a3,100(s1)
  201ab2:	8be1                	and	a5,a5,24
  201ab4:	004a8693          	add	a3,s5,4
        ven_ep_p = &p_vendor->out_ep_array[p_vendor->out_ep_cnt++];
  201ab8:	97b6                	add	a5,a5,a3
  201aba:	97d2                	add	a5,a5,s4
    ven_ep_p->ep_addr = desc_ep->bEndpointAddress;
  201abc:	00e78023          	sb	a4,0(a5)
    ven_ep_p->ep_type = desc_ep->bmAttributes.xfer;
  201ac0:	00344703          	lbu	a4,3(s0)
  201ac4:	8b0d                	and	a4,a4,3
  201ac6:	00e780a3          	sb	a4,1(a5)
    ven_ep_p->ep_mps = desc_ep->wMaxPacketSize.size; //FIXME: SHOULD check High Speed case!
  201aca:	00544703          	lbu	a4,5(s0)
  201ace:	8b1d                	and	a4,a4,7
  201ad0:	00444683          	lbu	a3,4(s0)
  201ad4:	0722                	sll	a4,a4,0x8
  201ad6:	8f55                	or	a4,a4,a3
  201ad8:	00e79123          	sh	a4,2(a5)
    ven_ep_p->ep_buf = NULL;
  201adc:	0007a423          	sw	zero,8(a5)
    ven_ep_p->ep_buf_len = 0;
  201ae0:	0007a223          	sw	zero,4(a5)
// Descriptor helper
//--------------------------------------------------------------------+
static inline uint8_t const * tu_desc_next(void const* desc)
{
  uint8_t const* desc8 = (uint8_t const*) desc;
  return desc8 + desc8[DESC_OFFSET_LEN];
  201ae4:	00044783          	lbu	a5,0(s0)
  201ae8:	943e                	add	s0,s0,a5
  while (1) {
  201aea:	bfbd                	j	201a68 <usbd_open_edpt_array+0x3c>
        TU_ASSERT(p_vendor->out_ep_cnt < MAX_OUT_EP_COUNT);
  201aec:	0654c783          	lbu	a5,101(s1)
  201af0:	f8f9e5e3          	bltu	s3,a5,201a7a <usbd_open_edpt_array+0x4e>
        ven_ep_p = &p_vendor->out_ep_array[p_vendor->out_ep_cnt++];
  201af4:	00178693          	add	a3,a5,1
  201af8:	40f007b3          	neg	a5,a5
  201afc:	06d482a3          	sb	a3,101(s1)
  201b00:	8be1                	and	a5,a5,24
  201b02:	034a8693          	add	a3,s5,52
  201b06:	bf4d                	j	201ab8 <usbd_open_edpt_array+0x8c>
  return true;
  201b08:	4505                	li	a0,1
  201b0a:	bf95                	j	201a7e <usbd_open_edpt_array+0x52>
  TU_ASSERT(p_desc != NULL && itf < CFG_TUD_VENDOR);
  201b0c:	9002                	ebreak
  201b0e:	4501                	li	a0,0
}
  201b10:	8082                	ret

00201b12 <vendord_init>:
//--------------------------------------------------------------------+
// USBD Driver API
//--------------------------------------------------------------------+
void vendord_init(void)
{
  tu_memclr(_vendord_itf, sizeof(_vendord_itf));
  201b12:	200a4537          	lui	a0,0x200a4
  201b16:	0d000613          	li	a2,208
  201b1a:	4581                	li	a1,0
  201b1c:	07450513          	add	a0,a0,116 # 200a4074 <_vendord_itf>
  201b20:	78c0406f          	j	2062ac <memset>

00201b24 <vendord_reset>:
#if CFG_TUD_VENDOR_USE_FIFO
    tu_memclr(p_itf, ITF_MEM_RESET_SIZE);
    tu_fifo_clear(&p_itf->rx_ff);
    tu_fifo_clear(&p_itf->tx_ff);
#else // !CFG_TUD_VENDOR_USE_FIFO
    tu_memclr(p_itf, sizeof(vendord_interface_t));
  201b24:	200a4537          	lui	a0,0x200a4
{
  201b28:	1141                	add	sp,sp,-16
    tu_memclr(p_itf, sizeof(vendord_interface_t));
  201b2a:	06800613          	li	a2,104
  201b2e:	4581                	li	a1,0
  201b30:	07450513          	add	a0,a0,116 # 200a4074 <_vendord_itf>
{
  201b34:	c606                	sw	ra,12(sp)
    tu_memclr(p_itf, sizeof(vendord_interface_t));
  201b36:	776040ef          	jal	2062ac <memset>
  201b3a:	200a4537          	lui	a0,0x200a4
#endif
  }
}
  201b3e:	40b2                	lw	ra,12(sp)
    tu_memclr(p_itf, sizeof(vendord_interface_t));
  201b40:	06800613          	li	a2,104
  201b44:	4581                	li	a1,0
  201b46:	0dc50513          	add	a0,a0,220 # 200a40dc <_vendord_itf+0x68>
}
  201b4a:	0141                	add	sp,sp,16
    tu_memclr(p_itf, sizeof(vendord_interface_t));
  201b4c:	7600406f          	j	2062ac <memset>

00201b50 <vendord_open>:

uint16_t vendord_open(uint8_t rhport, tusb_desc_interface_t const * itf_desc, uint16_t max_len)
{
  201b50:	1101                	add	sp,sp,-32
  201b52:	ce06                	sw	ra,28(sp)
  201b54:	cc22                	sw	s0,24(sp)
  201b56:	ca26                	sw	s1,20(sp)
  201b58:	c84a                	sw	s2,16(sp)
  201b5a:	c64e                	sw	s3,12(sp)
  TU_VERIFY(TUSB_CLASS_VENDOR_SPECIFIC == itf_desc->bInterfaceClass, 0);
  201b5c:	0055c703          	lbu	a4,5(a1)
  201b60:	0ff00793          	li	a5,255
  201b64:	04f71763          	bne	a4,a5,201bb2 <vendord_open+0x62>

  uint16_t const drv_len = sizeof(tusb_desc_interface_t) + itf_desc->bNumEndpoints*sizeof(tusb_desc_endpoint_t);
  201b68:	0045c403          	lbu	s0,4(a1)
  201b6c:	479d                	li	a5,7
  201b6e:	02f40433          	mul	s0,s0,a5
  201b72:	0425                	add	s0,s0,9
  201b74:	08044433          	zext.h	s0,s0
  201b78:	892e                	mv	s2,a1
  TU_VERIFY(max_len >= drv_len, 0);
  201b7a:	02866c63          	bltu	a2,s0,201bb2 <vendord_open+0x62>
  for(; i<CFG_TUD_VENDOR; i++)
  {
#if CFG_TUD_VENDOR_USE_FIFO
    if ( _vendord_itf[i].ep_in == 0 && _vendord_itf[i].ep_out == 0 )
#else // !CFG_TUD_VENDOR_USE_FIFO
    if ( _vendord_itf[i].in_ep_cnt == 0 && _vendord_itf[i].out_ep_cnt == 0 )
  201b7e:	200a44b7          	lui	s1,0x200a4
  201b82:	07448793          	add	a5,s1,116 # 200a4074 <_vendord_itf>
  201b86:	0647c603          	lbu	a2,100(a5)
  201b8a:	0657c783          	lbu	a5,101(a5)
  201b8e:	8e5d                	or	a2,a2,a5
  201b90:	07448493          	add	s1,s1,116
  201b94:	ca05                	beqz	a2,201bc4 <vendord_open+0x74>
  201b96:	0cc4c783          	lbu	a5,204(s1)
  201b9a:	0cd4c703          	lbu	a4,205(s1)
  201b9e:	8fd9                	or	a5,a5,a4
  201ba0:	eb89                	bnez	a5,201bb2 <vendord_open+0x62>
  for(; i<CFG_TUD_VENDOR; i++)
  201ba2:	4605                	li	a2,1
    if ( _vendord_itf[i].in_ep_cnt == 0 && _vendord_itf[i].out_ep_cnt == 0 )
  201ba4:	89b2                	mv	s3,a2
  201ba6:	00094583          	lbu	a1,0(s2)
#if CFG_TUD_VENDOR_USE_FIFO
  // Open endpoint pair with usbd helper
  TU_ASSERT(usbd_open_edpt_pair(rhport, tu_desc_next(itf_desc), 2, TUSB_XFER_BULK, &p_vendor->ep_out, &p_vendor->ep_in), 0);
#else // !CFG_TUD_VENDOR_USE_FIFO
  // Open endpoint array with usbd helper
  TU_ASSERT(usbd_open_edpt_array(rhport, tu_desc_next(itf_desc), i), 0);
  201baa:	95ca                	add	a1,a1,s2
  201bac:	3541                	jal	201a2c <usbd_open_edpt_array>
  201bae:	ed09                	bnez	a0,201bc8 <vendord_open+0x78>
  201bb0:	9002                	ebreak
  TU_VERIFY(TUSB_CLASS_VENDOR_SPECIFIC == itf_desc->bInterfaceClass, 0);
  201bb2:	4401                	li	s0,0
    TU_BREAKPOINT();
  }
#endif //CFG_TUD_VENDOR_USE_FIFO

  return drv_len;
}
  201bb4:	8522                	mv	a0,s0
  201bb6:	40f2                	lw	ra,28(sp)
  201bb8:	4462                	lw	s0,24(sp)
  201bba:	44d2                	lw	s1,20(sp)
  201bbc:	4942                	lw	s2,16(sp)
  201bbe:	49b2                	lw	s3,12(sp)
  201bc0:	6105                	add	sp,sp,32
  201bc2:	8082                	ret
    if ( _vendord_itf[i].in_ep_cnt == 0 && _vendord_itf[i].out_ep_cnt == 0 )
  201bc4:	4981                	li	s3,0
  201bc6:	b7c5                	j	201ba6 <vendord_open+0x56>
  p_vendor->itf_num = itf_desc->bInterfaceNumber;
  201bc8:	06800793          	li	a5,104
  201bcc:	02f989b3          	mul	s3,s3,a5
  201bd0:	94ce                	add	s1,s1,s3
  201bd2:	00294783          	lbu	a5,2(s2)
  201bd6:	00f48023          	sb	a5,0(s1)
  return drv_len;
  201bda:	bfe9                	j	201bb4 <vendord_open+0x64>

00201bdc <vendord_xfer_cb>:
}

#else // !CFG_TUD_VENDOR_USE_FIFO

bool vendord_xfer_cb(uint8_t rhport, uint8_t ep_addr, xfer_result_t result, uint32_t xferred_bytes)
{
  201bdc:	1101                	add	sp,sp,-32
  201bde:	c84a                	sw	s2,16(sp)
  201be0:	ce06                	sw	ra,28(sp)
  201be2:	cc22                	sw	s0,24(sp)
  201be4:	ca26                	sw	s1,20(sp)
  201be6:	c64e                	sw	s3,12(sp)

  uint8_t itf, i, is_out, max_count;
  vendord_interface_t* p_itf;
  ven_ep_t *ven_ep_p = NULL;

  if (ep_addr & 0x80) { // IN EP
  201be8:	60459793          	sext.b	a5,a1
{
  201bec:	892a                	mv	s2,a0
      is_out = 1;
      max_count = MAX_OUT_EP_COUNT;
  }

  for (itf = 0, p_itf = _vendord_itf; itf < CFG_TUD_VENDOR; itf++, p_itf++) {
    ven_ep_p = (is_out ? &p_itf->out_ep_array[0] : &p_itf->in_ep_array[0]);
  201bee:	0407c563          	bltz	a5,201c38 <vendord_xfer_cb+0x5c>
  201bf2:	200a4437          	lui	s0,0x200a4
  201bf6:	0a840413          	add	s0,s0,168 # 200a40a8 <_vendord_itf+0x34>
    for (i=0; i<max_count; i++, ven_ep_p++) {
        if (ven_ep_p->ep_addr == ep_addr)
  201bfa:	00044703          	lbu	a4,0(s0)
  201bfe:	0cb70963          	beq	a4,a1,201cd0 <vendord_xfer_cb+0xf4>
  201c02:	01844703          	lbu	a4,24(s0)
  201c06:	04b70363          	beq	a4,a1,201c4c <vendord_xfer_cb+0x70>
    ven_ep_p = (is_out ? &p_itf->out_ep_array[0] : &p_itf->in_ep_array[0]);
  201c0a:	0207cc63          	bltz	a5,201c42 <vendord_xfer_cb+0x66>
  201c0e:	200a4437          	lui	s0,0x200a4
  201c12:	11040413          	add	s0,s0,272 # 200a4110 <_vendord_itf+0x9c>
        if (ven_ep_p->ep_addr == ep_addr)
  201c16:	00044703          	lbu	a4,0(s0)
  201c1a:	0ab70d63          	beq	a4,a1,201cd4 <vendord_xfer_cb+0xf8>
  201c1e:	01844703          	lbu	a4,24(s0)
        break;
  }

  if (itf == CFG_TUD_VENDOR || ep_addr != ven_ep_p->ep_addr) {
      TU_LOG1("EP(addr=0x%x) does NOT belong to Vendor-defined class\r\n");
      return false;
  201c22:	4501                	li	a0,0
        if (ven_ep_p->ep_addr == ep_addr)
  201c24:	4485                	li	s1,1
  201c26:	02b70463          	beq	a4,a1,201c4e <vendord_xfer_cb+0x72>
      }

  } // IN EP

  return true;
}
  201c2a:	40f2                	lw	ra,28(sp)
  201c2c:	4462                	lw	s0,24(sp)
  201c2e:	44d2                	lw	s1,20(sp)
  201c30:	4942                	lw	s2,16(sp)
  201c32:	49b2                	lw	s3,12(sp)
  201c34:	6105                	add	sp,sp,32
  201c36:	8082                	ret
    ven_ep_p = (is_out ? &p_itf->out_ep_array[0] : &p_itf->in_ep_array[0]);
  201c38:	200a4437          	lui	s0,0x200a4
  201c3c:	07840413          	add	s0,s0,120 # 200a4078 <_vendord_itf+0x4>
  201c40:	bf6d                	j	201bfa <vendord_xfer_cb+0x1e>
  201c42:	200a4437          	lui	s0,0x200a4
  201c46:	0e040413          	add	s0,s0,224 # 200a40e0 <_vendord_itf+0x6c>
  201c4a:	b7f1                	j	201c16 <vendord_xfer_cb+0x3a>
  for (itf = 0, p_itf = _vendord_itf; itf < CFG_TUD_VENDOR; itf++, p_itf++) {
  201c4c:	4481                	li	s1,0
  if (itf == CFG_TUD_VENDOR || ep_addr != ven_ep_p->ep_addr) {
  201c4e:	01844703          	lbu	a4,24(s0)
      return false;
  201c52:	4501                	li	a0,0
  if (itf == CFG_TUD_VENDOR || ep_addr != ven_ep_p->ep_addr) {
  201c54:	fcb71be3          	bne	a4,a1,201c2a <vendord_xfer_cb+0x4e>
    for (i=0; i<max_count; i++, ven_ep_p++) {
  201c58:	0461                	add	s0,s0,24
  if ( is_out ) { // OUT EP
  201c5a:	0207c463          	bltz	a5,201c82 <vendord_xfer_cb+0xa6>
    if (xferred_bytes > 0) {
  201c5e:	c681                	beqz	a3,201c66 <vendord_xfer_cb+0x8a>
      ven_ep_p->ep_xfi.xfer_len += xferred_bytes;
  201c60:	485c                	lw	a5,20(s0)
  201c62:	97b6                	add	a5,a5,a3
  201c64:	c85c                	sw	a5,20(s0)
    if (tud_vendor_read_done_cb)
  201c66:	002017b7          	lui	a5,0x201
  201c6a:	dba78793          	add	a5,a5,-582 # 200dba <tud_vendor_read_done_cb>
  201c6e:	e399                	bnez	a5,201c74 <vendord_xfer_cb+0x98>
  return true;
  201c70:	4505                	li	a0,1
  201c72:	bf65                	j	201c2a <vendord_xfer_cb+0x4e>
        tud_vendor_read_done_cb(itf, ven_ep_p->ep_addr, VENDOR_OP_STATUS_SUCCESS,
  201c74:	4858                	lw	a4,20(s0)
  201c76:	4454                	lw	a3,12(s0)
  201c78:	4601                	li	a2,0
  201c7a:	8526                	mv	a0,s1
  201c7c:	93eff0ef          	jal	200dba <tud_vendor_read_done_cb>
  201c80:	bfc5                	j	201c70 <vendord_xfer_cb+0x94>
      ven_ep_p->ep_xfi.xfer_len += xferred_bytes;
  201c82:	485c                	lw	a5,20(s0)
  201c84:	96be                	add	a3,a3,a5
  201c86:	c854                	sw	a3,20(s0)
      uint32_t bytes_to_write = ven_ep_p->ep_xfi.req_len - ven_ep_p->ep_xfi.xfer_len;
  201c88:	481c                	lw	a5,16(s0)
  201c8a:	40d789b3          	sub	s3,a5,a3
      if (bytes_to_write > 0) {
  201c8e:	02d78063          	beq	a5,a3,201cae <vendord_xfer_cb+0xd2>
          if ( usbd_edpt_claim(rhport, ven_ep_p->ep_addr) )
  201c92:	854a                	mv	a0,s2
  201c94:	04b010ef          	jal	2034de <usbd_edpt_claim>
  201c98:	c919                	beqz	a0,201cae <vendord_xfer_cb+0xd2>
              usbd_edpt_xfer(rhport, ven_ep_p->ep_addr, ven_ep_p->ep_xfi.req_buf+ven_ep_p->ep_xfi.xfer_len, bytes_to_write);
  201c9a:	4450                	lw	a2,12(s0)
  201c9c:	485c                	lw	a5,20(s0)
  201c9e:	0809c6b3          	zext.h	a3,s3
  201ca2:	963e                	add	a2,a2,a5
  201ca4:	00044583          	lbu	a1,0(s0)
  201ca8:	854a                	mv	a0,s2
  201caa:	06b010ef          	jal	203514 <usbd_edpt_xfer>
      if (ven_ep_p->ep_xfi.xfer_len == ven_ep_p->ep_xfi.req_len) {
  201cae:	4858                	lw	a4,20(s0)
  201cb0:	481c                	lw	a5,16(s0)
  201cb2:	faf71fe3          	bne	a4,a5,201c70 <vendord_xfer_cb+0x94>
          if (tud_vendor_write_done_cb )
  201cb6:	002017b7          	lui	a5,0x201
  201cba:	dfc78793          	add	a5,a5,-516 # 200dfc <tud_vendor_write_done_cb>
  201cbe:	dbcd                	beqz	a5,201c70 <vendord_xfer_cb+0x94>
              tud_vendor_write_done_cb(itf, ven_ep_p->ep_addr, VENDOR_OP_STATUS_SUCCESS,
  201cc0:	4454                	lw	a3,12(s0)
  201cc2:	4601                	li	a2,0
  201cc4:	00044583          	lbu	a1,0(s0)
  201cc8:	8526                	mv	a0,s1
  201cca:	932ff0ef          	jal	200dfc <tud_vendor_write_done_cb>
  201cce:	b74d                	j	201c70 <vendord_xfer_cb+0x94>
  for (itf = 0, p_itf = _vendord_itf; itf < CFG_TUD_VENDOR; itf++, p_itf++) {
  201cd0:	4481                	li	s1,0
  201cd2:	b761                	j	201c5a <vendord_xfer_cb+0x7e>
        if (ven_ep_p->ep_addr == ep_addr)
  201cd4:	4485                	li	s1,1
  if (itf == CFG_TUD_VENDOR || ep_addr != ven_ep_p->ep_addr) {
  201cd6:	b751                	j	201c5a <vendord_xfer_cb+0x7e>

00201cd8 <enable_IRQ>:
    ECLIC->CTRL[IRQn].INTIE |= CLIC_INTIE_IE_Msk;
  201cd8:	07018793          	add	a5,gp,112 # 200a49b8 <SystemIRegionInfo>
  201cdc:	43dc                	lw	a5,4(a5)
  201cde:	20f54533          	sh2add	a0,a0,a5
  201ce2:	6785                	lui	a5,0x1
  201ce4:	953e                	add	a0,a0,a5
  201ce6:	00154783          	lbu	a5,1(a0)
  201cea:	0017e793          	or	a5,a5,1
  201cee:	00f500a3          	sb	a5,1(a0)
}

static inline void enable_IRQ(uint32_t irq_no)
{
	ECLIC_EnableIRQ((IRQn_Type)irq_no);
}
  201cf2:	8082                	ret

00201cf4 <disable_IRQ>:
    ECLIC->CTRL[IRQn].INTIE &= ~CLIC_INTIE_IE_Msk;
  201cf4:	07018793          	add	a5,gp,112 # 200a49b8 <SystemIRegionInfo>
  201cf8:	43dc                	lw	a5,4(a5)
  201cfa:	20f54533          	sh2add	a0,a0,a5
  201cfe:	6785                	lui	a5,0x1
  201d00:	953e                	add	a0,a0,a5
  201d02:	00154783          	lbu	a5,1(a0)
  201d06:	0fe7f793          	and	a5,a5,254
  201d0a:	00f500a3          	sb	a5,1(a0)

static inline void disable_IRQ(uint32_t irq_no)
{
	ECLIC_DisableIRQ((IRQn_Type)irq_no);
}
  201d0e:	8082                	ret

00201d10 <usb_sof_cnt_isr_handler>:
    return IP_CMN_SYS->REG_USB_SOF_CNT.bit.SOF_FRAME_OVERFLOW_CNT;
}

// get current count of SOF packet since last clear
static inline uint32_t get_sof_cnt()
{ return IP_CMN_SYS->REG_USB_SOF_CNT.bit.SOF_FRAME_CNT; }
  201d10:	460007b7          	lui	a5,0x46000
  201d14:	43f8                	lw	a4,68(a5)

// clear current count of SOF packet, and overflow flag
static inline void clr_sof_frame_cnt()
{ IP_CMN_SYS->REG_USB_SOF_CNT1.bit.SOF_FRAME_CNT_CLR = 1; }
  201d16:	47b8                	lw	a4,72(a5)
  201d18:	00176713          	or	a4,a4,1
  201d1c:	c7b8                	sw	a4,72(a5)
    uint32_t sof_cnt = get_sof_cnt();
    clr_sof_frame_cnt();
//    LOG_DBG("ISR: sof_cnt = %d\r\n", sof_cnt);

    //TODO: ADD handler here...
}
  201d1e:	8082                	ret

00201d20 <config_dbg_ep>:
#define DBG_EP_OUT_DMA_CH   6
#define DBG_EP_IN_DMA_CH    7

static void config_dbg_ep()
{
    EDPxReg_SEL(USB_EP_NO_DBG);
  201d20:	410007b7          	lui	a5,0x41000
  201d24:	4721                	li	a4,8
  201d26:	00e78723          	sb	a4,14(a5) # 4100000e <_end+0x20f58a1a>

    // BULK OUT EP (receive DBG descriptor)
    CSK_USBC->RXMAXP = DBG_EP_MPS; //64 bytes
  201d2a:	04000513          	li	a0,64
  201d2e:	00a79a23          	sh	a0,20(a5)
    CSK_USBC->RXFIFOSZ = USB_ARCS_FIFOSZ_SZ_64; //0x3, 64 bytes
  201d32:	458d                	li	a1,3
  201d34:	06b781a3          	sb	a1,99(a5)
    CSK_USBC->RXFIFOADD = (USB_EP_FIFO_TOTAL_SIZE - DBG_EP_MPS) >> 3; //0x1F8, last 64 bytes of 4KB
  201d38:	1f800713          	li	a4,504
  201d3c:	06e79323          	sh	a4,102(a5)
    CSK_USBC->RXCSRL = USB_ARCS_RXCSRL_CLRDATATOG; //0x80, Set ClrDataTog
  201d40:	f8000713          	li	a4,-128
  201d44:	00e78b23          	sb	a4,22(a5)
    //0xB8, Set DMAReqEnab, DMAReqMode1, DisNyet, AutoClear
    CSK_USBC->RXCSRH = USB_ARCS_RXCSRH_DMAREQENAB | USB_ARCS_RXCSRH_DMAREQMODE_1 |
  201d48:	fb800713          	li	a4,-72
  201d4c:	00e78ba3          	sb	a4,23(a5)
            USB_ARCS_RXCSRH_DISNYET | USB_ARCS_RXCSRH_AUTOCLEAR;

    CSK_USBC->USB_DMA[DBG_EP_OUT_DMA_CH].ADDR = USB_DM_BASE;
  201d50:	42000637          	lui	a2,0x42000
  201d54:	20078713          	add	a4,a5,512
  201d58:	d730                	sw	a2,104(a4)
    CSK_USBC->USB_DMA[DBG_EP_OUT_DMA_CH].COUNT = 0xFFFFFFFF; // max. value unsigned 32bits? FIXME:
  201d5a:	56fd                	li	a3,-1
  201d5c:	d774                	sw	a3,108(a4)
    //0x685, Set Burst Mode = 2'b11 (INCR16), EP assigned = 8, set DMA DIR = 0 (RX) DMAMODE mode1
    CSK_USBC->USB_DMA[DBG_EP_OUT_DMA_CH].CNTL = USB_ARCS_DMA_CNTL_DMA_BRSTM_3 | USB_ARCS_DMA_CNTL_DMAEP(USB_EP_NO_DBG) |
  201d5e:	68500813          	li	a6,1669
  201d62:	07072223          	sw	a6,100(a4)
            USB_ARCS_DMA_CNTL_DMA_DIR(DIR_IDX_OUT) | USB_ARCS_DMA_CNTL_DMA_ENAB | USB_ARCS_DMA_CNTL_DMAMODE_1;

    // BULK IN EP (send Operation result)
    CSK_USBC->TXMAXP = DBG_EP_MPS; //64 bytes
  201d66:	00a79823          	sh	a0,16(a5)
    CSK_USBC->TXFIFOSZ = USB_ARCS_FIFOSZ_SZ_64; //0x3, 64 bytes
  201d6a:	06b78123          	sb	a1,98(a5)
    CSK_USBC->TXFIFOADD = (USB_EP_FIFO_TOTAL_SIZE - DBG_EP_MPS * 2) >> 3; //0x1F0, last 128 ~ 64 bytes of 4KB
  201d6e:	1f000593          	li	a1,496
  201d72:	06b79223          	sh	a1,100(a5)
    CSK_USBC->TXCSRL = USB_ARCS_TXCSRL_CLRDATATOG | USB_ARCS_TXCSRL_SENDSTALL; //0x50, set ClrDataTog & SendStall(why to send STALL, FIXME:)
  201d76:	05000593          	li	a1,80
  201d7a:	00b78923          	sb	a1,18(a5)
    //0x94, Set AutoSet, DMAReqEnab, DMAReqMode, Clear Mode = 0
    CSK_USBC->TXCSRH = USB_ARCS_TXCSRH_AUTOSET | USB_ARCS_TXCSRH_DMAREQENAB | USB_ARCS_TXCSRH_DMAREQMODE;
  201d7e:	f9400593          	li	a1,-108
  201d82:	00b789a3          	sb	a1,19(a5)

    CSK_USBC->USB_DMA[DBG_EP_IN_DMA_CH].ADDR = USB_DM_BASE;
  201d86:	df30                	sw	a2,120(a4)
    CSK_USBC->USB_DMA[DBG_EP_IN_DMA_CH].COUNT = 0xFFFFFFFF; // max. value unsigned 32bits? FIXME:
  201d88:	df74                	sw	a3,124(a4)
    //0x687, Set Burst Mode = 2'b11 (INCR16), EP assigned = 8, set DMA DIR = 1 (TX) DMAMODE mode1
    CSK_USBC->USB_DMA[DBG_EP_IN_DMA_CH].CNTL = USB_ARCS_DMA_CNTL_DMA_BRSTM_3 | USB_ARCS_DMA_CNTL_DMAEP(USB_EP_NO_DBG) |
  201d8a:	68700793          	li	a5,1671
  201d8e:	db7c                	sw	a5,116(a4)
            USB_ARCS_DMA_CNTL_DMA_DIR(DIR_IDX_IN) | USB_ARCS_DMA_CNTL_DMA_ENAB | USB_ARCS_DMA_CNTL_DMAMODE_1;
}
  201d90:	8082                	ret

00201d92 <usbd_ep_is_valid>:
        if (ep_idx >= USB_ARCS_IN_EP_NUM)
            return false;
    }

    return true;
}
  201d92:	00853513          	sltiu	a0,a0,8
  201d96:	8082                	ret

00201d98 <usb_dma_clear_channel_active_flag>:
    return ((uint32_t) (ECLIC->CTRL[IRQn].INTIE) & CLIC_INTIE_IE_Msk);
  201d98:	07018793          	add	a5,gp,112 # 200a49b8 <SystemIRegionInfo>
  \fn          void usb_dma_clear_channel_active_flag (uint8_t ch)
  \brief       Protected clear of channel active flag
  \param[in]   ch        Channel number (0..7 or 4)
*/
_FAST_FUNC_RO static void usb_dma_clear_channel_active_flag (uint8_t ch)
{
  201d9c:	1141                	add	sp,sp,-16
  201d9e:	43dc                	lw	a5,4(a5)
  201da0:	6705                	lui	a4,0x1
  201da2:	c226                	sw	s1,4(sp)
  201da4:	c606                	sw	ra,12(sp)
  201da6:	c422                	sw	s0,8(sp)
  201da8:	97ba                	add	a5,a5,a4
  201daa:	0617c403          	lbu	s0,97(a5)
  201dae:	8805                	and	s0,s0,1
  201db0:	84aa                	mv	s1,a0
    // disable only USB interrupt for this DMA is used for USB only
    uint8_t irq_en = IRQ_enabled(IRQ_USBC_VECTOR);
    if (irq_en) disable_IRQ(IRQ_USBC_VECTOR);
  201db2:	c019                	beqz	s0,201db8 <usb_dma_clear_channel_active_flag+0x20>
  201db4:	4561                	li	a0,24
  201db6:	3f3d                	jal	201cf4 <disable_IRQ>
    usb_arcs_ctrl.channel_active &= ~(1U << ch);
  201db8:	0c818793          	add	a5,gp,200 # 200a4a10 <usb_arcs_ctrl>
  201dbc:	1c67c703          	lbu	a4,454(a5)
  201dc0:	48971533          	bclr	a0,a4,s1
  201dc4:	1ca78323          	sb	a0,454(a5)
    if (irq_en) enable_IRQ(IRQ_USBC_VECTOR);
  201dc8:	c419                	beqz	s0,201dd6 <usb_dma_clear_channel_active_flag+0x3e>
}
  201dca:	4422                	lw	s0,8(sp)
  201dcc:	40b2                	lw	ra,12(sp)
  201dce:	4492                	lw	s1,4(sp)
    if (irq_en) enable_IRQ(IRQ_USBC_VECTOR);
  201dd0:	4561                	li	a0,24
}
  201dd2:	0141                	add	sp,sp,16
    if (irq_en) enable_IRQ(IRQ_USBC_VECTOR);
  201dd4:	b711                	j	201cd8 <enable_IRQ>
}
  201dd6:	40b2                	lw	ra,12(sp)
  201dd8:	4422                	lw	s0,8(sp)
  201dda:	4492                	lw	s1,4(sp)
  201ddc:	0141                	add	sp,sp,16
  201dde:	8082                	ret

00201de0 <usb_arcs_dma_setting.isra.0>:
    if (irq_en) enable_IRQ(IRQ_USBC_VECTOR);
    return (found ? 0 : -1);
}


_FAST_FUNC_RO static int32_t usb_arcs_dma_setting(uint8_t ep_addr, uint32_t address, uint32_t length)
  201de0:	7179                	add	sp,sp,-48
  201de2:	d04a                	sw	s2,32(sp)
  201de4:	ce4e                	sw	s3,28(sp)
{
    uint8_t ep_idx, dir_idx;
    uint8_t dma_channel, val;
    struct usb_ep_ctrl_prv *epp;

    ep_idx = USB_EP_GET_IDX(ep_addr);
  201de6:	07f57913          	and	s2,a0,127
    dir_idx = USB_EP_GET_DIR_IDX(ep_addr);
  201dea:	00755993          	srl	s3,a0,0x7
_FAST_FUNC_RO static int32_t usb_arcs_dma_setting(uint8_t ep_addr, uint32_t address, uint32_t length)
  201dee:	d606                	sw	ra,44(sp)
  201df0:	d422                	sw	s0,40(sp)
  201df2:	d226                	sw	s1,36(sp)
  201df4:	cc52                	sw	s4,24(sp)
  201df6:	ca56                	sw	s5,20(sp)
  201df8:	c85a                	sw	s6,16(sp)
  201dfa:	c65e                	sw	s7,12(sp)
  201dfc:	c462                	sw	s8,8(sp)
    epp = &usb_arcs_ctrl.ep_info[dir_idx][ep_idx];

    if (ep_idx == 0 || ep_idx == USB_EP_NO_DBG) {
  201dfe:	07757513          	and	a0,a0,119
  201e02:	14050763          	beqz	a0,201f50 <usb_arcs_dma_setting.isra.0+0x170>
        return CSK_DRIVER_ERROR_PARAMETER;
    }

    //check whether dma channel is assigned before
    if (epp->dma_ch != USB_ARCS_DMA_CHANNEL_NOT_ASSIGNED)
  201e06:	47f1                	li	a5,28
  201e08:	0e000693          	li	a3,224
  201e0c:	02f907b3          	mul	a5,s2,a5
  201e10:	02d986b3          	mul	a3,s3,a3
  201e14:	0c818713          	add	a4,gp,200 # 200a4a10 <usb_arcs_ctrl>
  201e18:	97b6                	add	a5,a5,a3
  201e1a:	97ba                	add	a5,a5,a4
  201e1c:	0077c403          	lbu	s0,7(a5)
  201e20:	0ff00793          	li	a5,255
  201e24:	0c818493          	add	s1,gp,200 # 200a4a10 <usb_arcs_ctrl>
  201e28:	12f41463          	bne	s0,a5,201f50 <usb_arcs_dma_setting.isra.0+0x170>
  201e2c:	07018793          	add	a5,gp,112 # 200a49b8 <SystemIRegionInfo>
  201e30:	43dc                	lw	a5,4(a5)
  201e32:	6705                	lui	a4,0x1
  201e34:	97ba                	add	a5,a5,a4
  201e36:	0617cc03          	lbu	s8,97(a5)
  201e3a:	001c7c13          	and	s8,s8,1
  201e3e:	8a2e                	mv	s4,a1
  201e40:	8ab2                	mv	s5,a2
    if (irq_en) disable_IRQ(IRQ_USBC_VECTOR);
  201e42:	07018b93          	add	s7,gp,112 # 200a49b8 <SystemIRegionInfo>
  201e46:	000c0463          	beqz	s8,201e4e <usb_arcs_dma_setting.isra.0+0x6e>
  201e4a:	4561                	li	a0,24
  201e4c:	3565                	jal	201cf4 <disable_IRQ>
        if ((usb_arcs_ctrl.channel_active & (1U << i)) == 0) {
  201e4e:	1c64cb03          	lbu	s6,454(s1)
  201e52:	001b7793          	and	a5,s6,1
  201e56:	10078b63          	beqz	a5,201f6c <usb_arcs_dma_setting.isra.0+0x18c>
  201e5a:	4785                	li	a5,1
    for (i=0; i<USB_DMA_CH_COUNT_AVAIL; i++) {
  201e5c:	4719                	li	a4,6
  201e5e:	00e78a63          	beq	a5,a4,201e72 <usb_arcs_dma_setting.isra.0+0x92>
        if ((usb_arcs_ctrl.channel_active & (1U << i)) == 0) {
  201e62:	48fb5633          	bext	a2,s6,a5
  201e66:	00178693          	add	a3,a5,1
  201e6a:	0e061f63          	bnez	a2,201f68 <usb_arcs_dma_setting.isra.0+0x188>
  201e6e:	0ff7f413          	zext.b	s0,a5
    if (irq_en) enable_IRQ(IRQ_USBC_VECTOR);
  201e72:	000c0463          	beqz	s8,201e7a <usb_arcs_dma_setting.isra.0+0x9a>
  201e76:	4561                	li	a0,24
  201e78:	3585                	jal	201cd8 <enable_IRQ>
    ret = usb_dma_get_free_channel(&dma_channel);
    if(ret != 0){
        LOG_DBG("DMA channel resource is not available");
    }

    epp->dma_ch = dma_channel;
  201e7a:	47f1                	li	a5,28
  201e7c:	0e000713          	li	a4,224
  201e80:	02e98733          	mul	a4,s3,a4
  201e84:	02f907b3          	mul	a5,s2,a5
  201e88:	97ba                	add	a5,a5,a4
  201e8a:	97a6                	add	a5,a5,s1
  201e8c:	008783a3          	sb	s0,7(a5)
  201e90:	6705                	lui	a4,0x1
  201e92:	004ba783          	lw	a5,4(s7)
  201e96:	97ba                	add	a5,a5,a4
  201e98:	0617cb83          	lbu	s7,97(a5)
  201e9c:	001bfb93          	and	s7,s7,1
    if (irq_en) disable_IRQ(IRQ_USBC_VECTOR);
  201ea0:	000b8463          	beqz	s7,201ea8 <usb_arcs_dma_setting.isra.0+0xc8>
  201ea4:	4561                	li	a0,24
  201ea6:	35b9                	jal	201cf4 <disable_IRQ>
    if (usb_arcs_ctrl.channel_active & (1U << ch)) {
  201ea8:	488b57b3          	bext	a5,s6,s0
  201eac:	c3f1                	beqz	a5,201f70 <usb_arcs_dma_setting.isra.0+0x190>
        if (irq_en) enable_IRQ(IRQ_USBC_VECTOR);
  201eae:	000b8563          	beqz	s7,201eb8 <usb_arcs_dma_setting.isra.0+0xd8>
  201eb2:	4561                	li	a0,24
  201eb4:	e25ff0ef          	jal	201cd8 <enable_IRQ>

    usb_dma_set_channel_active_flag(dma_channel);

    EDPxReg_SEL(ep_idx);
  201eb8:	410007b7          	lui	a5,0x41000
  201ebc:	01278723          	sb	s2,14(a5) # 4100000e <_end+0x20f58a1a>
        CSK_USBC->TXCSRH &= ~(USB_ARCS_TXCSRH_AUTOSET_MASK | USB_ARCS_TXCSRH_DMAREQENAB_MASK | USB_ARCS_TXCSRH_DMAREQMODE_MASK);
    }
#endif
*/

    if(dir_idx == USB_ARCS_DMA_DIR_RX_ENDPOINT){
  201ec0:	0a099d63          	bnez	s3,201f7a <usb_arcs_dma_setting.isra.0+0x19a>
        CSK_USBC->RXCSRH &= ~(USB_ARCS_RXCSRH_AUTOCLEAR | USB_ARCS_RXCSRH_DMAREQENAB | USB_ARCS_RXCSRH_DMAREQMODE_1);
  201ec4:	0177c703          	lbu	a4,23(a5)
        CSK_USBC->RXCSRH |= (USB_ARCS_RXCSRH_AUTOCLEAR | USB_ARCS_RXCSRH_DMAREQENAB | (epp->dma_reqmode << USB_ARCS_RXCSRH_DMAREQMODE_POS));
  201ec8:	46f1                	li	a3,28
        CSK_USBC->RXCSRH &= ~(USB_ARCS_RXCSRH_AUTOCLEAR | USB_ARCS_RXCSRH_DMAREQENAB | USB_ARCS_RXCSRH_DMAREQMODE_1);
  201eca:	05777713          	and	a4,a4,87
        CSK_USBC->RXCSRH |= (USB_ARCS_RXCSRH_AUTOCLEAR | USB_ARCS_RXCSRH_DMAREQENAB | (epp->dma_reqmode << USB_ARCS_RXCSRH_DMAREQMODE_POS));
  201ece:	02d906b3          	mul	a3,s2,a3
        CSK_USBC->RXCSRH &= ~(USB_ARCS_RXCSRH_AUTOCLEAR | USB_ARCS_RXCSRH_DMAREQENAB | USB_ARCS_RXCSRH_DMAREQMODE_1);
  201ed2:	00e78ba3          	sb	a4,23(a5)
        CSK_USBC->RXCSRH |= (USB_ARCS_RXCSRH_AUTOCLEAR | USB_ARCS_RXCSRH_DMAREQENAB | (epp->dma_reqmode << USB_ARCS_RXCSRH_DMAREQMODE_POS));
  201ed6:	96a6                	add	a3,a3,s1
  201ed8:	42d4                	lw	a3,4(a3)
  201eda:	4926d693          	bext	a3,a3,0x12
  201ede:	0177c703          	lbu	a4,23(a5)
  201ee2:	068e                	sll	a3,a3,0x3
  201ee4:	8f55                	or	a4,a4,a3
  201ee6:	0a076713          	or	a4,a4,160
  201eea:	00e78ba3          	sb	a4,23(a5)
        CSK_USBC->RXCSRL &= ~USB_ARCS_RXCSRL_OVERRUN;
  201eee:	0167c703          	lbu	a4,22(a5)
  201ef2:	0fb77713          	and	a4,a4,251
  201ef6:	00e78b23          	sb	a4,22(a5)
        CSK_USBC->TXCSRH |= (USB_ARCS_TXCSRH_AUTOSET | USB_ARCS_TXCSRH_DMAREQENAB | (epp->dma_reqmode << USB_ARCS_TXCSRH_DMAREQMODE_POS));
        CSK_USBC->TXCSRL &= ~USB_ARCS_TXCSRL_UNDERRUN;
    }

    //BSD NOTE: USB DMAC can access M5(AP CODE RAM) only, and is it cacheable?
    if (range_is_cacheable(address, length)) {
  201efa:	85d6                	mv	a1,s5
  201efc:	8552                	mv	a0,s4
  201efe:	b7eff0ef          	jal	20127c <range_is_cacheable>
  201f02:	c901                	beqz	a0,201f12 <usb_arcs_dma_setting.isra.0+0x132>
        if (dir_idx == DIR_IDX_OUT) // host -> device
            cache_dma_fast_inv_stage1(address, address + length);
  201f04:	015a05b3          	add	a1,s4,s5
  201f08:	8552                	mv	a0,s4
        if (dir_idx == DIR_IDX_OUT) // host -> device
  201f0a:	0a099363          	bnez	s3,201fb0 <usb_arcs_dma_setting.isra.0+0x1d0>
            cache_dma_fast_inv_stage1(address, address + length);
  201f0e:	b74ff0ef          	jal	201282 <cache_dma_fast_inv_stage1>
            dcache_clean_range(address, address + length);
    }

    //NOTE: address must be aligned with 4 bytes according to MUSB datasheet
    //usb_arcs_ctrl.ep_info[dir_idx][ep_idx].last_len = length; // to be transferred
    CSK_USBC->USB_DMA[dma_channel].ADDR = address;
  201f12:	410007b7          	lui	a5,0x41000
  201f16:	0412                	sll	s0,s0,0x4
  201f18:	943e                	add	s0,s0,a5
    CSK_USBC->USB_DMA[dma_channel].COUNT = length;
//    CSK_USBC->USB_DMA[dma_channel].CNTL = USB_ARCS_DMA_CNTL_DMA_ENAB | (dir_idx << USB_ARCS_DMA_CNTL_DMA_DIR_POS) | USB_ARCS_DMA_CNTL_DMAMODE_1 |
//                                     USB_ARCS_DMA_CNTL_DMAIE | USB_ARCS_DMA_CNTL_DMA_BRSTM_3 | (ep_idx << USB_ARCS_DMA_CNTL_DMAEP_POS); // USB_ARCS_DMA_CNTL_DMA_BRSTM_0
    CSK_USBC->USB_DMA[dma_channel].CNTL = USB_ARCS_DMA_CNTL_DMA_ENAB | (dir_idx << USB_ARCS_DMA_CNTL_DMA_DIR_POS) | (epp->dma_mode << USB_ARCS_DMA_CNTL_DMAMODE_POS) |
                                     USB_ARCS_DMA_CNTL_DMAIE | USB_ARCS_DMA_CNTL_DMA_BRSTM_3 | (ep_idx << USB_ARCS_DMA_CNTL_DMAEP_POS);
  201f1a:	00491713          	sll	a4,s2,0x4
    CSK_USBC->USB_DMA[dma_channel].CNTL = USB_ARCS_DMA_CNTL_DMA_ENAB | (dir_idx << USB_ARCS_DMA_CNTL_DMA_DIR_POS) | (epp->dma_mode << USB_ARCS_DMA_CNTL_DMAMODE_POS) |
  201f1e:	00199793          	sll	a5,s3,0x1
                                     USB_ARCS_DMA_CNTL_DMAIE | USB_ARCS_DMA_CNTL_DMA_BRSTM_3 | (ep_idx << USB_ARCS_DMA_CNTL_DMAEP_POS);
  201f22:	8fd9                	or	a5,a5,a4
    CSK_USBC->USB_DMA[dma_channel].CNTL = USB_ARCS_DMA_CNTL_DMA_ENAB | (dir_idx << USB_ARCS_DMA_CNTL_DMA_DIR_POS) | (epp->dma_mode << USB_ARCS_DMA_CNTL_DMAMODE_POS) |
  201f24:	4771                	li	a4,28
  201f26:	02e90933          	mul	s2,s2,a4
  201f2a:	0e000713          	li	a4,224
  201f2e:	02e989b3          	mul	s3,s3,a4
    CSK_USBC->USB_DMA[dma_channel].ADDR = address;
  201f32:	21442423          	sw	s4,520(s0)
    CSK_USBC->USB_DMA[dma_channel].CNTL = USB_ARCS_DMA_CNTL_DMA_ENAB | (dir_idx << USB_ARCS_DMA_CNTL_DMA_DIR_POS) | (epp->dma_mode << USB_ARCS_DMA_CNTL_DMAMODE_POS) |
  201f36:	994e                	add	s2,s2,s3
    CSK_USBC->USB_DMA[dma_channel].COUNT = length;
  201f38:	21542623          	sw	s5,524(s0)
    CSK_USBC->USB_DMA[dma_channel].CNTL = USB_ARCS_DMA_CNTL_DMA_ENAB | (dir_idx << USB_ARCS_DMA_CNTL_DMA_DIR_POS) | (epp->dma_mode << USB_ARCS_DMA_CNTL_DMAMODE_POS) |
  201f3c:	94ca                	add	s1,s1,s2
  201f3e:	40d8                	lw	a4,4(s1)
  201f40:	49375713          	bext	a4,a4,0x13
  201f44:	070a                	sll	a4,a4,0x2
                                     USB_ARCS_DMA_CNTL_DMAIE | USB_ARCS_DMA_CNTL_DMA_BRSTM_3 | (ep_idx << USB_ARCS_DMA_CNTL_DMAEP_POS);
  201f46:	8fd9                	or	a5,a5,a4
  201f48:	6097e793          	or	a5,a5,1545
    CSK_USBC->USB_DMA[dma_channel].CNTL = USB_ARCS_DMA_CNTL_DMA_ENAB | (dir_idx << USB_ARCS_DMA_CNTL_DMA_DIR_POS) | (epp->dma_mode << USB_ARCS_DMA_CNTL_DMAMODE_POS) |
  201f4c:	20f42223          	sw	a5,516(s0)

    return 0;
}
  201f50:	50b2                	lw	ra,44(sp)
  201f52:	5422                	lw	s0,40(sp)
  201f54:	5492                	lw	s1,36(sp)
  201f56:	5902                	lw	s2,32(sp)
  201f58:	49f2                	lw	s3,28(sp)
  201f5a:	4a62                	lw	s4,24(sp)
  201f5c:	4ad2                	lw	s5,20(sp)
  201f5e:	4b42                	lw	s6,16(sp)
  201f60:	4bb2                	lw	s7,12(sp)
  201f62:	4c22                	lw	s8,8(sp)
  201f64:	6145                	add	sp,sp,48
  201f66:	8082                	ret
  201f68:	87b6                	mv	a5,a3
  201f6a:	bdd5                	j	201e5e <usb_arcs_dma_setting.isra.0+0x7e>
            *pch = i;
  201f6c:	4401                	li	s0,0
  201f6e:	b711                	j	201e72 <usb_arcs_dma_setting.isra.0+0x92>
    usb_arcs_ctrl.channel_active |= (1U << ch);
  201f70:	288b1b33          	bset	s6,s6,s0
  201f74:	1d648323          	sb	s6,454(s1)
    if (irq_en) enable_IRQ(IRQ_USBC_VECTOR);
  201f78:	bf1d                	j	201eae <usb_arcs_dma_setting.isra.0+0xce>
        CSK_USBC->TXCSRH &= ~(USB_ARCS_TXCSRH_AUTOSET | USB_ARCS_TXCSRH_DMAREQENAB | USB_ARCS_TXCSRH_DMAREQMODE_1);
  201f7a:	0137c703          	lbu	a4,19(a5) # 41000013 <_end+0x20f58a1f>
        CSK_USBC->TXCSRH |= (USB_ARCS_TXCSRH_AUTOSET | USB_ARCS_TXCSRH_DMAREQENAB | (epp->dma_reqmode << USB_ARCS_TXCSRH_DMAREQMODE_POS));
  201f7e:	46f1                	li	a3,28
        CSK_USBC->TXCSRH &= ~(USB_ARCS_TXCSRH_AUTOSET | USB_ARCS_TXCSRH_DMAREQENAB | USB_ARCS_TXCSRH_DMAREQMODE_1);
  201f80:	06b77713          	and	a4,a4,107
        CSK_USBC->TXCSRH |= (USB_ARCS_TXCSRH_AUTOSET | USB_ARCS_TXCSRH_DMAREQENAB | (epp->dma_reqmode << USB_ARCS_TXCSRH_DMAREQMODE_POS));
  201f84:	02d906b3          	mul	a3,s2,a3
        CSK_USBC->TXCSRH &= ~(USB_ARCS_TXCSRH_AUTOSET | USB_ARCS_TXCSRH_DMAREQENAB | USB_ARCS_TXCSRH_DMAREQMODE_1);
  201f88:	00e789a3          	sb	a4,19(a5)
        CSK_USBC->TXCSRH |= (USB_ARCS_TXCSRH_AUTOSET | USB_ARCS_TXCSRH_DMAREQENAB | (epp->dma_reqmode << USB_ARCS_TXCSRH_DMAREQMODE_POS));
  201f8c:	96a6                	add	a3,a3,s1
  201f8e:	0e66d683          	lhu	a3,230(a3) # 10e6 <__HEAP_SIZE+0xe6>
  201f92:	0137c703          	lbu	a4,19(a5)
  201f96:	8a91                	and	a3,a3,4
  201f98:	8f55                	or	a4,a4,a3
  201f9a:	09076713          	or	a4,a4,144
  201f9e:	00e789a3          	sb	a4,19(a5)
        CSK_USBC->TXCSRL &= ~USB_ARCS_TXCSRL_UNDERRUN;
  201fa2:	0127c703          	lbu	a4,18(a5)
  201fa6:	0fb77713          	and	a4,a4,251
  201faa:	00e78923          	sb	a4,18(a5)
  201fae:	b7b1                	j	201efa <usb_arcs_dma_setting.isra.0+0x11a>
            dcache_clean_range(address, address + length);
  201fb0:	ad0ff0ef          	jal	201280 <dcache_clean_range>
  201fb4:	bfb9                	j	201f12 <usb_arcs_dma_setting.isra.0+0x132>

00201fb6 <usbd_ep_pio_read>:

    //assert(dir == USB_EP_DIR_OUT);
    assert(buffer != NULL && len != 0);

    // Data in the FIFOs to be read per 32-bit words
    len1 = len & ~0x3;
  201fb6:	ffc67693          	and	a3,a2,-4
    if (len1 > 0) {
  201fba:	cab1                	beqz	a3,20200e <usbd_ep_pio_read+0x58>
        if (!((uint32_t)buffer & 0x3)) { // buffer address is multiple of 4
  201fbc:	0035f713          	and	a4,a1,3
  201fc0:	882e                	mv	a6,a1
  201fc2:	00850793          	add	a5,a0,8
  201fc6:	cb0d                	beqz	a4,201ff8 <usbd_ep_pio_read+0x42>
            for (i = 0U; i < len1; i += 4U, buffer += 4U) {
                *(uint32_t *)buffer = CSK_USBC->FIFOX[ep_idx];
            }
        } else { // buffer address is NOT multiple of 4
            for (i = 0U; i < len1; i += 4U) {
                data_word = CSK_USBC->FIFOX[ep_idx];
  201fc8:	41000737          	lui	a4,0x41000
  201fcc:	20e7c733          	sh2add	a4,a5,a4
  201fd0:	431c                	lw	a5,0(a4)
                //TODO: Assume that CPU's byte order is little endian
                *buffer++ = data_word & 0xFF;
                *buffer++ = (data_word >> 8) & 0xFF;
  201fd2:	0087d893          	srl	a7,a5,0x8
  201fd6:	011580a3          	sb	a7,1(a1)
                *buffer++ = (data_word >> 16) & 0xFF;
  201fda:	0107d893          	srl	a7,a5,0x10
                *buffer++ = data_word & 0xFF;
  201fde:	00f58023          	sb	a5,0(a1)
                *buffer++ = (data_word >> 16) & 0xFF;
  201fe2:	01158123          	sb	a7,2(a1)
                *buffer++ = (data_word >> 24) & 0xFF;
  201fe6:	83e1                	srl	a5,a5,0x18
  201fe8:	0591                	add	a1,a1,4
  201fea:	fef58fa3          	sb	a5,-1(a1)
            for (i = 0U; i < len1; i += 4U) {
  201fee:	410587b3          	sub	a5,a1,a6
  201ff2:	fcd7efe3          	bltu	a5,a3,201fd0 <usbd_ep_pio_read+0x1a>
  201ff6:	a821                	j	20200e <usbd_ep_pio_read+0x58>
                *(uint32_t *)buffer = CSK_USBC->FIFOX[ep_idx];
  201ff8:	41000737          	lui	a4,0x41000
  201ffc:	20e7c7b3          	sh2add	a5,a5,a4
  202000:	4398                	lw	a4,0(a5)
  202002:	c198                	sw	a4,0(a1)
            for (i = 0U; i < len1; i += 4U, buffer += 4U) {
  202004:	0591                	add	a1,a1,4
  202006:	41058733          	sub	a4,a1,a6
  20200a:	fed76be3          	bltu	a4,a3,202000 <usbd_ep_pio_read+0x4a>
            }
        }
    } // end if (len1 > 0)

    // Data bytes to be read when remaining length is less than 4
    len1 = len & 0x3;
  20200e:	8a0d                	and	a2,a2,3
    if (len1 > 0) {
  202010:	ce11                	beqz	a2,20202c <usbd_ep_pio_read+0x76>
        data_word = CSK_USBC->FIFOX[ep_idx];
  202012:	410007b7          	lui	a5,0x41000
  202016:	0521                	add	a0,a0,8
  202018:	20f54533          	sh2add	a0,a0,a5
  20201c:	411c                	lw	a5,0(a0)
        for (i = 0U; i < len1; i++) {
  20201e:	962e                	add	a2,a2,a1
            //TODO: Assume that CPU's byte order is little endian
            *buffer++ = data_word & 0xFF;
  202020:	0585                	add	a1,a1,1
  202022:	fef58fa3          	sb	a5,-1(a1)
            data_word >>= 8;
  202026:	83a1                	srl	a5,a5,0x8
        for (i = 0U; i < len1; i++) {
  202028:	fec59ce3          	bne	a1,a2,202020 <usbd_ep_pio_read+0x6a>
        }
    }
}
  20202c:	8082                	ret

0020202e <usbd_ep0_write>:
    struct usb_ep_ctrl_prv *epp;
    uint32_t bytes_to_write, xferred_bytes;
    bool bret = false;

    epp = &usb_arcs_ctrl.ep_info[1][0];
    bytes_to_write = epp->req_len - epp->xfer_len;
  20202e:	0c818713          	add	a4,gp,200 # 200a4a10 <usb_arcs_ctrl>
  202032:	0f872603          	lw	a2,248(a4) # 410000f8 <_end+0x20f58b04>
  202036:	0f072683          	lw	a3,240(a4)

    if (usb_arcs_ctrl.status == USB_ARCS_STS_OUT) {
        CLOGW("%s: Error, write EP0 in DATA OUT stage!!", __func__);
    }

    EDPxReg_SEL(0);
  20203a:	41000737          	lui	a4,0x41000
  20203e:	00070723          	sb	zero,14(a4) # 4100000e <_end+0x20f58a1a>

    // continue writing only if XXX_TXPKTRDY bit is cleared
    //TODO: check if TX FIFO is empty or available?
    if(CSK_USBC->CSR0L & USB_ARCS_CSR0L_TXPKTRDY)
  202042:	01274703          	lbu	a4,18(a4)
  202046:	8b09                	and	a4,a4,2
  202048:	0c818793          	add	a5,gp,200 # 200a4a10 <usb_arcs_ctrl>
  20204c:	e741                	bnez	a4,2020d4 <usbd_ep0_write+0xa6>
    bytes_to_write = epp->req_len - epp->xfer_len;
  20204e:	40d605b3          	sub	a1,a2,a3
       return false;

    if (bytes_to_write == 0) { // nothing to be written
  202052:	00d61363          	bne	a2,a3,202058 <usbd_ep0_write+0x2a>
        if (!send_zlp_if_none)
  202056:	cd3d                	beqz	a0,2020d4 <usbd_ep0_write+0xa6>
            return false;
    }

    // fill TX FIFO with prepared data
    if (bytes_to_write > epp->fixed.mps)
  202058:	0e27d703          	lhu	a4,226(a5) # 410000e2 <_end+0x20f58aee>
  20205c:	0ab75733          	minu	a4,a4,a1
        bytes_to_write = epp->fixed.mps;
    if (bytes_to_write > 0) {
  202060:	cf05                	beqz	a4,202098 <usbd_ep0_write+0x6a>
        usbd_ep_pio_write(0, (uint8_t *)(epp->req_addr + epp->xfer_len), bytes_to_write);
  202062:	0f47a603          	lw	a2,244(a5)
        *pFifo_addr = buffer[i];
  202066:	410005b7          	lui	a1,0x41000
        usbd_ep_pio_write(0, (uint8_t *)(epp->req_addr + epp->xfer_len), bytes_to_write);
  20206a:	96b2                	add	a3,a3,a2
        *pFifo_addr = buffer[i];
  20206c:	02058593          	add	a1,a1,32 # 41000020 <_end+0x20f58a2c>
    for (i = 0U; i < len; i++) {
  202070:	4601                	li	a2,0
        *pFifo_addr = buffer[i];
  202072:	00c68533          	add	a0,a3,a2
  202076:	00054503          	lbu	a0,0(a0)
  20207a:	00a58023          	sb	a0,0(a1)
    for (i = 0U; i < len; i++) {
  20207e:	0605                	add	a2,a2,1 # 42000001 <_end+0x21f58a0d>
  202080:	fec719e3          	bne	a4,a2,202072 <usbd_ep0_write+0x44>
        epp->xfer_len += bytes_to_write;
  202084:	0f07a683          	lw	a3,240(a5)
  202088:	96ba                	add	a3,a3,a4
  20208a:	0ed7a823          	sw	a3,240(a5)
        usb_arcs_ctrl.ep0_xfer_len += bytes_to_write;
  20208e:	1ca7d683          	lhu	a3,458(a5)
  202092:	96ba                	add	a3,a3,a4
  202094:	1cd79523          	sh	a3,458(a5)
    }
    epp->last_len = bytes_to_write; // bytes_to_write may be 0...

    // set TXPKTRDY (and DATAEND if necessary) flag
    if (bytes_to_write < epp->fixed.mps ||
  202098:	0e27d603          	lhu	a2,226(a5)
    epp->last_len = bytes_to_write; // bytes_to_write may be 0...
  20209c:	0ee7a623          	sw	a4,236(a5)
    if (bytes_to_write < epp->fixed.mps ||
  2020a0:	410006b7          	lui	a3,0x41000
  2020a4:	00c76863          	bltu	a4,a2,2020b4 <usbd_ep0_write+0x86>
  2020a8:	1ca7d603          	lhu	a2,458(a5)
  2020ac:	1c87d703          	lhu	a4,456(a5)
  2020b0:	00e61c63          	bne	a2,a4,2020c8 <usbd_ep0_write+0x9a>
        //epp->xfer_len == usb_arcs_ctrl.ep0_data_len) {
        usb_arcs_ctrl.ep0_xfer_len == usb_arcs_ctrl.ep0_data_len) {
        //last packet, set DATAEND flag
        CSK_USBC->CSR0L |= USB_ARCS_CSR0L_TXPKTRDY | USB_ARCS_CSR0L_DATAEND;
  2020b4:	0126c703          	lbu	a4,18(a3) # 41000012 <_end+0x20f58a1e>
  2020b8:	00a76713          	or	a4,a4,10
  2020bc:	00e68923          	sb	a4,18(a3)
        //    changed |= USB_ARCS_CSR0L_DATAEND;
        //CSK_USBC->CSR0L |= changed;

        //TODO: SW driver bypasses STATUS stage and restore to next SETUP stage
        //usb_arcs_ctrl.status = USB_ARCS_STS_STATUS;
        usb_arcs_ctrl.status = USB_ARCS_STS_SETUP;
  2020c0:	4505                	li	a0,1
  2020c2:	1ca783a3          	sb	a0,455(a5)
        bret = true;
  2020c6:	8082                	ret
        //LOG_DBG("set TXRDY & DATAEND");
    } else {
        CSK_USBC->CSR0L |= USB_ARCS_CSR0L_TXPKTRDY;
  2020c8:	0126c783          	lbu	a5,18(a3)
  2020cc:	0027e793          	or	a5,a5,2
  2020d0:	00f68923          	sb	a5,18(a3)
       return false;
  2020d4:	4501                	li	a0,0
        //LOG_DBG("set TXRDY only");
    }

    //LOG_DBG("Write EP0 %d bytes!", bytes_to_write);
    return bret;
}
  2020d6:	8082                	ret

002020d8 <update_ep_rx_status>:

static void update_ep_rx_status(uint8_t ep_idx)
{
    struct usb_ep_ctrl_prv *epp;
    epp = &usb_arcs_ctrl.ep_info[0][ep_idx];
    if (epp->req_len > 0) {
  2020d8:	46f1                	li	a3,28
  2020da:	0c818713          	add	a4,gp,200 # 200a4a10 <usb_arcs_ctrl>
  2020de:	02d506b3          	mul	a3,a0,a3
  2020e2:	9736                	add	a4,a4,a3
  2020e4:	4f14                	lw	a3,24(a4)
{
  2020e6:	85aa                	mv	a1,a0
  2020e8:	0c818793          	add	a5,gp,200 # 200a4a10 <usb_arcs_ctrl>
    if (epp->req_len > 0) {
  2020ec:	ca95                	beqz	a3,202120 <update_ep_rx_status+0x48>
        if (epp->xfer_len == epp->req_len || epp->term_early) {
  2020ee:	4b10                	lw	a2,16(a4)
  2020f0:	00c68563          	beq	a3,a2,2020fa <update_ep_rx_status+0x22>
  2020f4:	00974703          	lbu	a4,9(a4)
  2020f8:	c705                	beqz	a4,202120 <update_ep_rx_status+0x48>
//                usb_arcs_ctrl.status = USB_ARCS_STS_SETUP;
//            }

            // cleanup last read operation?
            uint32_t xferred_bytes = epp->xfer_len;
            epp->req_addr = 0;
  2020fa:	4771                	li	a4,28
  2020fc:	02e58733          	mul	a4,a1,a4
  202100:	97ba                	add	a5,a5,a4
            epp->req_len = epp->xfer_len = epp->last_len = 0;
            epp->term_early = 0;

            // notify upper USBD driver
            dcd_event_xfer_complete(0, USB_EP_GET_ADDR(ep_idx, USB_EP_DIR_OUT),
  202102:	4681                	li	a3,0
  202104:	4705                	li	a4,1
  202106:	4501                	li	a0,0
            epp->req_addr = 0;
  202108:	0007aa23          	sw	zero,20(a5)
            epp->req_len = epp->xfer_len = epp->last_len = 0;
  20210c:	0007a623          	sw	zero,12(a5)
  202110:	0007a823          	sw	zero,16(a5)
  202114:	0007ac23          	sw	zero,24(a5)
            epp->term_early = 0;
  202118:	000784a3          	sb	zero,9(a5)
            dcd_event_xfer_complete(0, USB_EP_GET_ADDR(ep_idx, USB_EP_DIR_OUT),
  20211c:	3d90106f          	j	203cf4 <dcd_event_xfer_complete>
                                    xferred_bytes, XFER_RESULT_SUCCESS, true);
        }
    }
}
  202120:	8082                	ret

00202122 <usbd_reset_internal_state>:
}


// reset internal state of the controller driver
static void usbd_reset_internal_state(void)
{
  202122:	1141                	add	sp,sp,-16
  202124:	c422                	sw	s0,8(sp)
    struct usb_ep_ctrl_prv *epp_in, *epp_out;
    uint8_t i, flag, irq_en;

    // if NOT addressed yet, already in initial state, do nothing...
    if (usb_arcs_ctrl.addressed == 0 && usb_arcs_ctrl.address == 0) {
  202126:	0c818793          	add	a5,gp,200 # 200a4a10 <usb_arcs_ctrl>
  20212a:	6741                	lui	a4,0x10
  20212c:	1c47a783          	lw	a5,452(a5)
  202130:	f0170713          	add	a4,a4,-255 # ff01 <__HEAP_SIZE+0xef01>
{
  202134:	c606                	sw	ra,12(sp)
  202136:	c226                	sw	s1,4(sp)
    if (usb_arcs_ctrl.addressed == 0 && usb_arcs_ctrl.address == 0) {
  202138:	8ff9                	and	a5,a5,a4
  20213a:	10078363          	beqz	a5,202240 <usbd_reset_internal_state+0x11e>
  20213e:	07018793          	add	a5,gp,112 # 200a49b8 <SystemIRegionInfo>
  202142:	43dc                	lw	a5,4(a5)
  202144:	6705                	lui	a4,0x1
  202146:	97ba                	add	a5,a5,a4
  202148:	0617c483          	lbu	s1,97(a5)
  20214c:	8885                	and	s1,s1,1
  20214e:	0c818413          	add	s0,gp,200 # 200a4a10 <usb_arcs_ctrl>
    }

    LOG_DBG("usbd_reset_internal_state");

    irq_en = IRQ_enabled(IRQ_USBC_VECTOR);
    if (irq_en) disable_IRQ(IRQ_USBC_VECTOR);
  202152:	c481                	beqz	s1,20215a <usbd_reset_internal_state+0x38>
  202154:	4561                	li	a0,24
  202156:	b9fff0ef          	jal	201cf4 <disable_IRQ>

    // stop DMA operation if any
    flag = usb_arcs_ctrl.channel_active;
  20215a:	1c644583          	lbu	a1,454(s0)
  20215e:	4701                	li	a4,0
  202160:	41000537          	lui	a0,0x41000
    for (i=0; i<USB_DMA_CH_COUNT_AVAIL; i++) {
  202164:	4619                	li	a2,6
        if ((flag & (1U << i)) != 0) {
  202166:	48e5d7b3          	bext	a5,a1,a4
  20216a:	cf91                	beqz	a5,202186 <usbd_reset_internal_state+0x64>
            CSK_USBC->USB_DMA[i].CNTL &= ~(USB_ARCS_DMA_CNTL_DMA_ENAB | USB_ARCS_DMA_CNTL_DMAIE | USB_ARCS_DMA_CNTL_DMAERR);
  20216c:	00471793          	sll	a5,a4,0x4
  202170:	97aa                	add	a5,a5,a0
  202172:	2047a683          	lw	a3,516(a5)
  202176:	ef66f693          	and	a3,a3,-266
  20217a:	20d7a223          	sw	a3,516(a5)
            CSK_USBC->USB_DMA[i].COUNT = 0;
  20217e:	2007a623          	sw	zero,524(a5)
            CSK_USBC->USB_DMA[i].ADDR = 0;
  202182:	2007a423          	sw	zero,520(a5)
    for (i=0; i<USB_DMA_CH_COUNT_AVAIL; i++) {
  202186:	0705                	add	a4,a4,1 # 1001 <__HEAP_SIZE+0x1>
  202188:	fcc71fe3          	bne	a4,a2,202166 <usbd_reset_internal_state+0x44>
        }
    }
    usb_arcs_ctrl.channel_active = 0;
  20218c:	1c040323          	sb	zero,454(s0)

    //NOTE: USB_ARCS_IN_EP_NUM == USB_ARCS_OUT_EP_NUM
    // flush RX FIFO
    for (i = 1U; i < USB_ARCS_IN_EP_NUM; i++) {
  202190:	4705                	li	a4,1
        EDPxReg_SEL(i);
  202192:	410007b7          	lui	a5,0x41000
    for (i = 1U; i < USB_ARCS_IN_EP_NUM; i++) {
  202196:	4621                	li	a2,8
        EDPxReg_SEL(i);
  202198:	00e78723          	sb	a4,14(a5) # 4100000e <_end+0x20f58a1a>
        CSK_USBC->RXCSRL |= USB_ARCS_RXCSRL_FLUSHFIFO; //TODO: check USB_ARCS_RXCSRL_RXPKTRDY bit?
  20219c:	0167c683          	lbu	a3,22(a5)
  2021a0:	0106e693          	or	a3,a3,16
  2021a4:	00d78b23          	sb	a3,22(a5)
        CSK_USBC->TXCSRL |= USB_ARCS_TXCSRL_FLUSHFIFO; //TODO: check USB_ARCS_TXCSRL_TXPKTRDY bit?
  2021a8:	0127c683          	lbu	a3,18(a5)
  2021ac:	0086e693          	or	a3,a3,8
    for (i = 1U; i < USB_ARCS_IN_EP_NUM; i++) {
  2021b0:	0705                	add	a4,a4,1
        CSK_USBC->TXCSRL |= USB_ARCS_TXCSRL_FLUSHFIFO; //TODO: check USB_ARCS_TXCSRL_TXPKTRDY bit?
  2021b2:	00d78923          	sb	a3,18(a5)
    for (i = 1U; i < USB_ARCS_IN_EP_NUM; i++) {
  2021b6:	0ff77713          	zext.b	a4,a4
  2021ba:	fcc71fe3          	bne	a4,a2,202198 <usbd_reset_internal_state+0x76>
    }
    EDPxReg_SEL(0);
  2021be:	00078723          	sb	zero,14(a5)

    // clear private data of all EPs except EP0
    (void)memset(&usb_arcs_ctrl.ep_info[0][1], 0,
  2021c2:	0c400613          	li	a2,196
  2021c6:	4581                	li	a1,0
  2021c8:	0e418513          	add	a0,gp,228 # 200a4a2c <usb_arcs_ctrl+0x1c>
  2021cc:	0e0040ef          	jal	2062ac <memset>
            sizeof(struct usb_ep_ctrl_prv) * (USB_ARCS_IN_EP_NUM -1));
    (void)memset(&usb_arcs_ctrl.ep_info[1][1], 0,
  2021d0:	4581                	li	a1,0
  2021d2:	0c400613          	li	a2,196
  2021d6:	1c418513          	add	a0,gp,452 # 200a4b0c <usb_arcs_ctrl+0xfc>
  2021da:	0d2040ef          	jal	2062ac <memset>
            sizeof(struct usb_ep_ctrl_prv) * (USB_ARCS_IN_EP_NUM -1));

    // initialize some private of all EPs except EP0
    for(i = 1; i < USB_ARCS_IN_EP_NUM; i++){
  2021de:	86a2                	mv	a3,s0
    (void)memset(&usb_arcs_ctrl.ep_info[1][1], 0,
  2021e0:	4705                	li	a4,1
        usb_arcs_ctrl.ep_info[0][i].dma_ch = USB_ARCS_DMA_CHANNEL_NOT_ASSIGNED;
  2021e2:	55fd                	li	a1,-1
        usb_arcs_ctrl.ep_info[1][i].dma_ch = USB_ARCS_DMA_CHANNEL_NOT_ASSIGNED;
        // enable EP DMA by default except EP0
        usb_arcs_ctrl.ep_info[0][i].dma_ena = 1;
  2021e4:	4871                	li	a6,28
    for(i = 1; i < USB_ARCS_IN_EP_NUM; i++){
  2021e6:	4521                	li	a0,8
        usb_arcs_ctrl.ep_info[0][i].dma_ena = 1;
  2021e8:	030707b3          	mul	a5,a4,a6
        usb_arcs_ctrl.ep_info[0][i].dma_ch = USB_ARCS_DMA_CHANNEL_NOT_ASSIGNED;
  2021ec:	02b681a3          	sb	a1,35(a3)
        usb_arcs_ctrl.ep_info[1][i].dma_ch = USB_ARCS_DMA_CHANNEL_NOT_ASSIGNED;
  2021f0:	10b681a3          	sb	a1,259(a3)
        usb_arcs_ctrl.ep_info[0][i].dma_ena = 1;
  2021f4:	97a2                	add	a5,a5,s0
  2021f6:	0067c603          	lbu	a2,6(a5)
  2021fa:	00266613          	or	a2,a2,2
  2021fe:	00c78323          	sb	a2,6(a5)
        usb_arcs_ctrl.ep_info[1][i].dma_ena = 1;
  202202:	0e67c603          	lbu	a2,230(a5)
  202206:	00266613          	or	a2,a2,2
  20220a:	0ec78323          	sb	a2,230(a5)
    for(i = 1; i < USB_ARCS_IN_EP_NUM; i++){
  20220e:	0705                	add	a4,a4,1
  202210:	06f1                	add	a3,a3,28
  202212:	fca71be3          	bne	a4,a0,2021e8 <usbd_reset_internal_state+0xc6>
    }

    // clear global USB status
    //BSD: MUST reserve USB_CTRL_FIFO_SIZE bytes (Starting from 0) for EP0 FIFO
    usb_arcs_ctrl.fifo_alloc_addr = (USB_EP_FIFO_BASE + USB_CTRL_FIFO_SIZE) >> 3;
    usb_arcs_ctrl.addressed = 0; // restore to NOT addressed
  202216:	1c445783          	lhu	a5,452(s0)
    usb_arcs_ctrl.fifo_alloc_addr = (USB_EP_FIFO_BASE + USB_CTRL_FIFO_SIZE) >> 3;
  20221a:	1ce42023          	sw	a4,448(s0)
    usb_arcs_ctrl.addressed = 0; // restore to NOT addressed
  20221e:	0fe7f793          	and	a5,a5,254
  202222:	1cf41223          	sh	a5,452(s0)
    usb_arcs_ctrl.address = 0;
    //usb_arcs_ctrl.configured = 0; // restore to NOT configured

    usb_arcs_ctrl.status = USB_ARCS_STS_SETUP;
  202226:	4785                	li	a5,1
  202228:	1cf403a3          	sb	a5,455(s0)
    usb_arcs_ctrl.ep0_data_len = 0;
  20222c:	1c041423          	sh	zero,456(s0)

    if (irq_en) enable_IRQ(IRQ_USBC_VECTOR);
  202230:	c881                	beqz	s1,202240 <usbd_reset_internal_state+0x11e>
}
  202232:	4422                	lw	s0,8(sp)
  202234:	40b2                	lw	ra,12(sp)
  202236:	4492                	lw	s1,4(sp)
    if (irq_en) enable_IRQ(IRQ_USBC_VECTOR);
  202238:	4561                	li	a0,24
}
  20223a:	0141                	add	sp,sp,16
    if (irq_en) enable_IRQ(IRQ_USBC_VECTOR);
  20223c:	a9dff06f          	j	201cd8 <enable_IRQ>
}
  202240:	40b2                	lw	ra,12(sp)
  202242:	4422                	lw	s0,8(sp)
  202244:	4492                	lw	s1,4(sp)
  202246:	0141                	add	sp,sp,16
  202248:	8082                	ret

0020224a <update_ep_tx_status.constprop.0>:
    if (epp->req_len > 0) {
  20224a:	0c818793          	add	a5,gp,200 # 200a4a10 <usb_arcs_ctrl>
  20224e:	0f87a603          	lw	a2,248(a5)
  202252:	c605                	beqz	a2,20227a <update_ep_tx_status.constprop.0+0x30>
        if (epp->xfer_len == epp->req_len) {
  202254:	0f07a703          	lw	a4,240(a5)
  202258:	02e61163          	bne	a2,a4,20227a <update_ep_tx_status.constprop.0+0x30>
            dcd_event_xfer_complete(0, USB_EP_GET_ADDR(0, USB_EP_DIR_IN),
  20225c:	4705                	li	a4,1
  20225e:	4681                	li	a3,0
  202260:	08000593          	li	a1,128
  202264:	4501                	li	a0,0
            epp->req_addr = 0;
  202266:	0e07aa23          	sw	zero,244(a5)
            epp->req_len = epp->xfer_len = epp->last_len = 0;
  20226a:	0e07a623          	sw	zero,236(a5)
  20226e:	0e07a823          	sw	zero,240(a5)
  202272:	0e07ac23          	sw	zero,248(a5)
            dcd_event_xfer_complete(0, USB_EP_GET_ADDR(0, USB_EP_DIR_IN),
  202276:	27f0106f          	j	203cf4 <dcd_event_xfer_complete>
}
  20227a:	8082                	ret

0020227c <usbd_epx_read.isra.0>:
    if (ep_idx == 0 || ep_idx >= USB_ARCS_OUT_EP_NUM)
  20227c:	fff50793          	add	a5,a0,-1 # 40ffffff <_end+0x20f58a0b>
  202280:	0ff7f793          	zext.b	a5,a5
  202284:	4719                	li	a4,6
  202286:	0cf76a63          	bltu	a4,a5,20235a <usbd_epx_read.isra.0+0xde>
static int32_t usbd_epx_read(uint8_t ep_idx)
  20228a:	1101                	add	sp,sp,-32
  20228c:	cc22                	sw	s0,24(sp)
    bytes_to_read = epp->req_len - epp->xfer_len;
  20228e:	4771                	li	a4,28
  202290:	0c818793          	add	a5,gp,200 # 200a4a10 <usb_arcs_ctrl>
  202294:	02e50733          	mul	a4,a0,a4
  202298:	97ba                	add	a5,a5,a4
static int32_t usbd_epx_read(uint8_t ep_idx)
  20229a:	ca26                	sw	s1,20(sp)
    bytes_to_read = epp->req_len - epp->xfer_len;
  20229c:	4f84                	lw	s1,24(a5)
  20229e:	4b9c                	lw	a5,16(a5)
static int32_t usbd_epx_read(uint8_t ep_idx)
  2022a0:	c84a                	sw	s2,16(sp)
  2022a2:	ce06                	sw	ra,28(sp)
  2022a4:	c64e                	sw	s3,12(sp)
  2022a6:	c452                	sw	s4,8(sp)
    bytes_to_read = epp->req_len - epp->xfer_len;
  2022a8:	8c9d                	sub	s1,s1,a5
    EDPxReg_SEL(ep_idx);
  2022aa:	410007b7          	lui	a5,0x41000
  2022ae:	00a78723          	sb	a0,14(a5) # 4100000e <_end+0x20f58a1a>
    if( !(CSK_USBC->RXCSRL & USB_ARCS_RXCSRL_RXPKTRDY) )
  2022b2:	0167c703          	lbu	a4,22(a5)
  2022b6:	8b05                	and	a4,a4,1
  2022b8:	892a                	mv	s2,a0
  2022ba:	0c818413          	add	s0,gp,200 # 200a4a10 <usb_arcs_ctrl>
  2022be:	c751                	beqz	a4,20234a <usbd_epx_read.isra.0+0xce>
    pkt_len = CSK_USBC->RXCOUNT & USB_ARCS_RXCOUNT_MASK;
  2022c0:	0187d983          	lhu	s3,24(a5)
  2022c4:	3ff9f993          	and	s3,s3,1023
    if (bytes_to_read == 0 && pkt_len > 0)
  2022c8:	e099                	bnez	s1,2022ce <usbd_epx_read.isra.0+0x52>
  2022ca:	08099063          	bnez	s3,20234a <usbd_epx_read.isra.0+0xce>
    CSK_USBC->RXCSRH &= ~(USB_ARCS_RXCSRH_AUTOCLEAR | USB_ARCS_RXCSRH_DMAREQENAB | USB_ARCS_RXCSRH_DMAREQMODE_1);
  2022ce:	41000737          	lui	a4,0x41000
  2022d2:	01774783          	lbu	a5,23(a4) # 41000017 <_end+0x20f58a23>
    if (epp->dma_ch != USB_ARCS_DMA_CHANNEL_NOT_ASSIGNED) {
  2022d6:	4a71                	li	s4,28
    CSK_USBC->RXCSRH &= ~(USB_ARCS_RXCSRH_AUTOCLEAR | USB_ARCS_RXCSRH_DMAREQENAB | USB_ARCS_RXCSRH_DMAREQMODE_1);
  2022d8:	0577f793          	and	a5,a5,87
    if (epp->dma_ch != USB_ARCS_DMA_CHANNEL_NOT_ASSIGNED) {
  2022dc:	03490a33          	mul	s4,s2,s4
    CSK_USBC->RXCSRH &= ~(USB_ARCS_RXCSRH_AUTOCLEAR | USB_ARCS_RXCSRH_DMAREQENAB | USB_ARCS_RXCSRH_DMAREQMODE_1);
  2022e0:	00f70ba3          	sb	a5,23(a4)
    if (epp->dma_ch != USB_ARCS_DMA_CHANNEL_NOT_ASSIGNED) {
  2022e4:	9a22                	add	s4,s4,s0
  2022e6:	007a4503          	lbu	a0,7(s4)
  2022ea:	0ff00793          	li	a5,255
  2022ee:	02f50063          	beq	a0,a5,20230e <usbd_epx_read.isra.0+0x92>
        CSK_USBC->USB_DMA[epp->dma_ch].CNTL &= ~(USB_ARCS_DMA_CNTL_DMA_ENAB | USB_ARCS_DMA_CNTL_DMAIE | USB_ARCS_DMA_CNTL_DMAERR);
  2022f2:	00451793          	sll	a5,a0,0x4
  2022f6:	97ba                	add	a5,a5,a4
  2022f8:	2047a703          	lw	a4,516(a5)
  2022fc:	ef677713          	and	a4,a4,-266
  202300:	20e7a223          	sw	a4,516(a5)
        usb_dma_clear_channel_active_flag(epp->dma_ch);
  202304:	a95ff0ef          	jal	201d98 <usb_dma_clear_channel_active_flag>
        epp->dma_ch = USB_ARCS_DMA_CHANNEL_NOT_ASSIGNED;
  202308:	57fd                	li	a5,-1
  20230a:	00fa03a3          	sb	a5,7(s4)
    if (pkt_len > 0) {
  20230e:	02098463          	beqz	s3,202336 <usbd_epx_read.isra.0+0xba>
        if (bytes_to_read > pkt_len)
  202312:	0b34d4b3          	minu	s1,s1,s3
        if (bytes_to_read > 0) {
  202316:	c895                	beqz	s1,20234a <usbd_epx_read.isra.0+0xce>
            epp->last_len = bytes_to_read;
  202318:	47f1                	li	a5,28
  20231a:	02f907b3          	mul	a5,s2,a5
  20231e:	943e                	add	s0,s0,a5
            usbd_ep_pio_read(ep_idx, (uint8_t *)(epp->req_addr + epp->xfer_len), bytes_to_read);
  202320:	481c                	lw	a5,16(s0)
  202322:	484c                	lw	a1,20(s0)
  202324:	95be                	add	a1,a1,a5
  202326:	8626                	mv	a2,s1
  202328:	854a                	mv	a0,s2
            epp->last_len = bytes_to_read;
  20232a:	c444                	sw	s1,12(s0)
            usbd_ep_pio_read(ep_idx, (uint8_t *)(epp->req_addr + epp->xfer_len), bytes_to_read);
  20232c:	c8bff0ef          	jal	201fb6 <usbd_ep_pio_read>
            epp->xfer_len += bytes_to_read;
  202330:	481c                	lw	a5,16(s0)
  202332:	97a6                	add	a5,a5,s1
  202334:	c81c                	sw	a5,16(s0)
    if (bytes_to_read == pkt_len) {
  202336:	01349a63          	bne	s1,s3,20234a <usbd_epx_read.isra.0+0xce>
        CSK_USBC->RXCSRL &= ~USB_ARCS_RXCSRL_RXPKTRDY;
  20233a:	41000737          	lui	a4,0x41000
  20233e:	01674783          	lbu	a5,22(a4) # 41000016 <_end+0x20f58a22>
  202342:	0fe7f793          	and	a5,a5,254
  202346:	00f70b23          	sb	a5,22(a4)
}
  20234a:	40f2                	lw	ra,28(sp)
  20234c:	4462                	lw	s0,24(sp)
  20234e:	44d2                	lw	s1,20(sp)
  202350:	4942                	lw	s2,16(sp)
  202352:	49b2                	lw	s3,12(sp)
  202354:	4a22                	lw	s4,8(sp)
  202356:	6105                	add	sp,sp,32
  202358:	8082                	ret
  20235a:	8082                	ret

0020235c <usbd_ep0_read.isra.0>:
static bool usbd_ep0_read()
  20235c:	1101                	add	sp,sp,-32
  20235e:	cc22                	sw	s0,24(sp)
    bytes_to_read = epp->req_len - epp->xfer_len;
  202360:	0c818793          	add	a5,gp,200 # 200a4a10 <usb_arcs_ctrl>
    EDPxReg_SEL(0);
  202364:	41000737          	lui	a4,0x41000
static bool usbd_ep0_read()
  202368:	ce06                	sw	ra,28(sp)
  20236a:	ca26                	sw	s1,20(sp)
  20236c:	c84a                	sw	s2,16(sp)
  20236e:	c64e                	sw	s3,12(sp)
    bytes_to_read = epp->req_len - epp->xfer_len;
  202370:	4f90                	lw	a2,24(a5)
  202372:	4b9c                	lw	a5,16(a5)
    EDPxReg_SEL(0);
  202374:	00070723          	sb	zero,14(a4) # 4100000e <_end+0x20f58a1a>
    if( !(CSK_USBC->CSR0L & USB_ARCS_CSR0L_RXPKTRDY) )
  202378:	01274683          	lbu	a3,18(a4)
  20237c:	8a85                	and	a3,a3,1
  20237e:	c6bd                	beqz	a3,2023ec <usbd_ep0_read.isra.0+0x90>
    pkt_len = CSK_USBC->COUNT0 & USB_ARCS_COUNT0_MASK;
  202380:	01875483          	lhu	s1,24(a4)
  202384:	0c818413          	add	s0,gp,200 # 200a4a10 <usb_arcs_ctrl>
    bytes_to_read = epp->req_len - epp->xfer_len;
  202388:	40f609b3          	sub	s3,a2,a5
    pkt_len = CSK_USBC->COUNT0 & USB_ARCS_COUNT0_MASK;
  20238c:	07f4f493          	and	s1,s1,127
    if (bytes_to_read == 0 && pkt_len > 0)
  202390:	02f61963          	bne	a2,a5,2023c2 <usbd_ep0_read.isra.0+0x66>
  202394:	eca1                	bnez	s1,2023ec <usbd_ep0_read.isra.0+0x90>
        if (pkt_len < epp->fixed.mps ||
  202396:	00245703          	lhu	a4,2(s0)
  20239a:	410007b7          	lui	a5,0x41000
  20239e:	00e4e863          	bltu	s1,a4,2023ae <usbd_ep0_read.isra.0+0x52>
  2023a2:	1ca45683          	lhu	a3,458(s0)
  2023a6:	1c845703          	lhu	a4,456(s0)
  2023aa:	04e69863          	bne	a3,a4,2023fa <usbd_ep0_read.isra.0+0x9e>
            CSK_USBC->CSR0L |= USB_ARCS_CSR0L_SERVICEDRXPKTRDY | USB_ARCS_CSR0L_DATAEND;
  2023ae:	0127c703          	lbu	a4,18(a5) # 41000012 <_end+0x20f58a1e>
  2023b2:	04876713          	or	a4,a4,72
  2023b6:	00e78923          	sb	a4,18(a5)
            usb_arcs_ctrl.status = USB_ARCS_STS_SETUP;
  2023ba:	4785                	li	a5,1
  2023bc:	1cf403a3          	sb	a5,455(s0)
            bret = true;
  2023c0:	a035                	j	2023ec <usbd_ep0_read.isra.0+0x90>
    if (pkt_len > 0) {
  2023c2:	c48d                	beqz	s1,2023ec <usbd_ep0_read.isra.0+0x90>
            usbd_ep_pio_read(0, (uint8_t *)(epp->req_addr + epp->xfer_len), bytes_to_read);
  2023c4:	484c                	lw	a1,20(s0)
        if (bytes_to_read > pkt_len)
  2023c6:	0a99d933          	minu	s2,s3,s1
            usbd_ep_pio_read(0, (uint8_t *)(epp->req_addr + epp->xfer_len), bytes_to_read);
  2023ca:	95be                	add	a1,a1,a5
  2023cc:	864a                	mv	a2,s2
  2023ce:	4501                	li	a0,0
            epp->last_len = bytes_to_read;
  2023d0:	01242623          	sw	s2,12(s0)
            usbd_ep_pio_read(0, (uint8_t *)(epp->req_addr + epp->xfer_len), bytes_to_read);
  2023d4:	be3ff0ef          	jal	201fb6 <usbd_ep_pio_read>
            epp->xfer_len += bytes_to_read;
  2023d8:	481c                	lw	a5,16(s0)
  2023da:	97ca                	add	a5,a5,s2
  2023dc:	c81c                	sw	a5,16(s0)
            usb_arcs_ctrl.ep0_xfer_len += bytes_to_read;
  2023de:	1ca45783          	lhu	a5,458(s0)
  2023e2:	97ca                	add	a5,a5,s2
  2023e4:	1cf41523          	sh	a5,458(s0)
    if (bytes_to_read == pkt_len) {
  2023e8:	fa99f7e3          	bgeu	s3,s1,202396 <usbd_ep0_read.isra.0+0x3a>
}
  2023ec:	40f2                	lw	ra,28(sp)
  2023ee:	4462                	lw	s0,24(sp)
  2023f0:	44d2                	lw	s1,20(sp)
  2023f2:	4942                	lw	s2,16(sp)
  2023f4:	49b2                	lw	s3,12(sp)
  2023f6:	6105                	add	sp,sp,32
  2023f8:	8082                	ret
            CSK_USBC->CSR0L |= USB_ARCS_CSR0L_SERVICEDRXPKTRDY;
  2023fa:	0127c703          	lbu	a4,18(a5)
  2023fe:	04076713          	or	a4,a4,64
  202402:	00e78923          	sb	a4,18(a5)
  202406:	b7dd                	j	2023ec <usbd_ep0_read.isra.0+0x90>

00202408 <usb_arcs_isr_handler>:

// Interrupt Handler
//void dcd_int_handler(uint8_t rhport)
#define dcd_int_handler     usb_arcs_isr_handler
static void usb_arcs_isr_handler(const void *unused)
{
  202408:	7139                	add	sp,sp,-64
  20240a:	dc22                	sw	s0,56(sp)
  20240c:	d84a                	sw	s2,48(sp)

    //ARG_UNUSED(unused);
    //GPIO_PinWrite(GPIOA(), CSK_GPIO_PIN3, 1);

    //endpoint & common interrupt status -> read clear
    intsr = CSK_USBC->INTRUSB & CSK_USBC->INTRUSBE;
  20240e:	41000437          	lui	s0,0x41000
{
  202412:	d64e                	sw	s3,44(sp)
  202414:	de06                	sw	ra,60(sp)
  202416:	da26                	sw	s1,52(sp)
  202418:	d452                	sw	s4,40(sp)
  20241a:	d256                	sw	s5,36(sp)
  20241c:	d05a                	sw	s6,32(sp)
  20241e:	ce5e                	sw	s7,28(sp)
  202420:	cc62                	sw	s8,24(sp)
  202422:	ca66                	sw	s9,20(sp)
    intsr = CSK_USBC->INTRUSB & CSK_USBC->INTRUSBE;
  202424:	00a44483          	lbu	s1,10(s0) # 4100000a <_end+0x20f58a16>
  202428:	00b44783          	lbu	a5,11(s0)
  20242c:	8cfd                	and	s1,s1,a5
    txsr = CSK_USBC->INTRTX & CSK_USBC->INTRTXE;
  20242e:	00245903          	lhu	s2,2(s0)
  202432:	00645783          	lhu	a5,6(s0)
    rxsr = CSK_USBC->INTRRX & CSK_USBC->INTRRXE;
  202436:	00445983          	lhu	s3,4(s0)
    txsr = CSK_USBC->INTRTX & CSK_USBC->INTRTXE;
  20243a:	00f97933          	and	s2,s2,a5
    rxsr = CSK_USBC->INTRRX & CSK_USBC->INTRRXE;
  20243e:	00845783          	lhu	a5,8(s0)
    uint32_t txsr, rxsr, intsr, dmaintsr, dmaie=0;
  202442:	4681                	li	a3,0
    rxsr = CSK_USBC->INTRRX & CSK_USBC->INTRRXE;
  202444:	00f9f9b3          	and	s3,s3,a5
    for(uint32_t i=0; i<6; i++){
  202448:	4619                	li	a2,6
  20244a:	4781                	li	a5,0
        dmaie |= (((CSK_USBC->USB_DMA[i].CNTL & USB_ARCS_DMA_CNTL_DMAIE) >> USB_ARCS_DMA_CNTL_DMAIE_POS)<<i);
  20244c:	02078713          	add	a4,a5,32
  202450:	0712                	sll	a4,a4,0x4
  202452:	9722                	add	a4,a4,s0
  202454:	4358                	lw	a4,4(a4)
  202456:	48375713          	bext	a4,a4,0x3
  20245a:	00f71733          	sll	a4,a4,a5
    for(uint32_t i=0; i<6; i++){
  20245e:	0785                	add	a5,a5,1
        dmaie |= (((CSK_USBC->USB_DMA[i].CNTL & USB_ARCS_DMA_CNTL_DMAIE) >> USB_ARCS_DMA_CNTL_DMAIE_POS)<<i);
  202460:	8ed9                	or	a3,a3,a4
    for(uint32_t i=0; i<6; i++){
  202462:	fec795e3          	bne	a5,a2,20244c <usb_arcs_isr_handler+0x44>
    }
    dmaintsr = CSK_USBC->DMA_INTR & dmaie;
  202466:	20042a83          	lw	s5,512(s0)

//  LOG_DBG("USB interrupt handler entered");
//  LOG_DBG("USB INTRUSB= 0x%x, INTRTX = 0x%x, INTRRX = 0x%x, DMA_INTR = 0x%x", intsr, txsr, rxsr, dmaintsr);

    if (intsr & USB_ARCS_INTRUSB_RESET) {
  20246a:	0044f793          	and	a5,s1,4
    dmaintsr = CSK_USBC->DMA_INTR & dmaie;
  20246e:	00dafab3          	and	s5,s5,a3
    if (intsr & USB_ARCS_INTRUSB_RESET) {
  202472:	cba9                	beqz	a5,2024c4 <usb_arcs_isr_handler+0xbc>
        /* Reset detected */
        //LOG_DBG("usb reset interrupt");
    #if TUD_OPT_HIGH_SPEED
        dcd_event_bus_reset(0, TUSB_SPEED_HIGH, true);
  202474:	4605                	li	a2,1
  202476:	4589                	li	a1,2
  202478:	4501                	li	a0,0
  20247a:	029010ef          	jal	203ca2 <dcd_event_bus_reset>
    usb_arcs_ctrl.status = USB_ARCS_STS_SETUP;
  20247e:	0c818a13          	add	s4,gp,200 # 200a4a10 <usb_arcs_ctrl>
  202482:	4785                	li	a5,1
  202484:	1cfa03a3          	sb	a5,455(s4)
    CSK_USBC->SOFT_RST |= (USB_ARCS_SOFT_RST_NRST | USB_ARCS_SOFT_RST_NRSTX);
  202488:	07744783          	lbu	a5,119(s0)
  20248c:	0037e793          	or	a5,a5,3
  202490:	06f40ba3          	sb	a5,119(s0)
    CSK_USBC->POWER |= USB_ARCS_POWER_HSENABLE;   //high speed enable
  202494:	00144783          	lbu	a5,1(s0)
  202498:	0207e793          	or	a5,a5,32
  20249c:	00f400a3          	sb	a5,1(s0)
    config_dbg_ep();
  2024a0:	881ff0ef          	jal	201d20 <config_dbg_ep>
    CSK_USBC->INTRUSBE = 0x00;
  2024a4:	000405a3          	sb	zero,11(s0)
    CSK_USBC->INTRUSBE = usb_arcs_ctrl.intr_usbe;
  2024a8:	1d0a4783          	lbu	a5,464(s4)
  2024ac:	00f405a3          	sb	a5,11(s0)
    CSK_USBC->INTRTXE = usb_arcs_ctrl.intr_txe;
  2024b0:	1cca5783          	lhu	a5,460(s4)
  2024b4:	00f41323          	sh	a5,6(s0)
    CSK_USBC->INTRRXE = usb_arcs_ctrl.intr_rxe;
  2024b8:	1cea5783          	lhu	a5,462(s4)
  2024bc:	00f41423          	sh	a5,8(s0)
    usbd_reset_internal_state();
  2024c0:	c63ff0ef          	jal	202122 <usbd_reset_internal_state>
        LOG_DBG("usb disconnect interrupt");
        dcd_event_bus_signal(0, DCD_EVENT_UNPLUGGED, true);
    }
*/

    if (intsr & USB_ARCS_INTRUSB_SUSPEND) {
  2024c4:	0014f793          	and	a5,s1,1
  2024c8:	c791                	beqz	a5,2024d4 <usb_arcs_isr_handler+0xcc>
        LOG_DBG("usb suspend interrupt");
        dcd_event_bus_signal(0, DCD_EVENT_SUSPEND, true);
  2024ca:	4605                	li	a2,1
  2024cc:	4591                	li	a1,4
  2024ce:	4501                	li	a0,0
  2024d0:	7ac010ef          	jal	203c7c <dcd_event_bus_signal>
    }

    if (intsr & USB_ARCS_INTRUSB_RESUME) {
  2024d4:	0024f793          	and	a5,s1,2
  2024d8:	c791                	beqz	a5,2024e4 <usb_arcs_isr_handler+0xdc>
        //NOTE: no RESUME interrupt if RESUME signal is triggered by CPU
        LOG_DBG("usb resume interrupt");
        dcd_event_bus_signal(0, DCD_EVENT_RESUME, true);
  2024da:	4605                	li	a2,1
  2024dc:	4595                	li	a1,5
  2024de:	4501                	li	a0,0
  2024e0:	79c010ef          	jal	203c7c <dcd_event_bus_signal>
    }

    if (intsr & USB_ARCS_INTRUSB_SOF) {
  2024e4:	88a1                	and	s1,s1,8
  2024e6:	c491                	beqz	s1,2024f2 <usb_arcs_isr_handler+0xea>
        LOG_DBG("usb sof interrupt");
        dcd_event_bus_signal(0, DCD_EVENT_SOF, true);
  2024e8:	4605                	li	a2,1
  2024ea:	458d                	li	a1,3
  2024ec:	4501                	li	a0,0
  2024ee:	78e010ef          	jal	203c7c <dcd_event_bus_signal>
    }

    if(dmaintsr & USB_DMA_INTR_EP_ALL_MASK){
  2024f2:	020a9b63          	bnez	s5,202528 <usb_arcs_isr_handler+0x120>
//      LOG_DBG("usb dma interrupt");
        usb_arcs_dma_isr(dmaintsr);
    }

    /* EP0 tx&rx endpoint interrupt */
    if (txsr & USB_ARCS_INTRTX_EP0_MASK) {
  2024f6:	00197793          	and	a5,s2,1
  2024fa:	1e078663          	beqz	a5,2026e6 <usb_arcs_isr_handler+0x2de>
    EDPxReg_SEL(ep_idx);
  2024fe:	410007b7          	lui	a5,0x41000
  202502:	00078723          	sb	zero,14(a5) # 4100000e <_end+0x20f58a1a>
    if(CSK_USBC->CSR0L & USB_ARCS_CSR0L_SETUPEND){
  202506:	0127c683          	lbu	a3,18(a5)
  20250a:	8ac1                	and	a3,a3,16
  20250c:	0c818713          	add	a4,gp,200 # 200a4a10 <usb_arcs_ctrl>
  202510:	1a068563          	beqz	a3,2026ba <usb_arcs_isr_handler+0x2b2>
        CSK_USBC->CSR0L |= USB_ARCS_CSR0L_SERVICEDSETUPEND;
  202514:	0127c683          	lbu	a3,18(a5)
  202518:	0806e693          	or	a3,a3,128
        CSK_USBC->CSR0L &= ~USB_ARCS_CSR0L_SENTSTALL;
  20251c:	00d78923          	sb	a3,18(a5)
        usb_arcs_ctrl.status = USB_ARCS_STS_SETUP;
  202520:	4785                	li	a5,1
  202522:	1cf703a3          	sb	a5,455(a4)
        break;
  202526:	a2c1                	j	2026e6 <usb_arcs_isr_handler+0x2de>
  202528:	4a01                	li	s4,0
  20252a:	41000cb7          	lui	s9,0x41000
    for(ch = 0; ch < USB_DMA_CH_COUNT_AVAIL; ch++) {
  20252e:	4b19                	li	s6,6
        if( (CSK_USBC->USB_DMA[ch].CNTL & USB_ARCS_DMA_CNTL_DMAIE) && (dmaintsr & (0x01 << ch)) ) {
  202530:	004a1793          	sll	a5,s4,0x4
  202534:	97e6                	add	a5,a5,s9
  202536:	2047a703          	lw	a4,516(a5)
  20253a:	8b21                	and	a4,a4,8
  20253c:	16070863          	beqz	a4,2026ac <usb_arcs_isr_handler+0x2a4>
  202540:	494ad733          	bext	a4,s5,s4
  202544:	16070463          	beqz	a4,2026ac <usb_arcs_isr_handler+0x2a4>
            ep_idx = (CSK_USBC->USB_DMA[ch].CNTL & USB_ARCS_DMA_CNTL_DMAEP_MASK) >> USB_ARCS_DMA_CNTL_DMAEP_POS;
  202548:	2047a483          	lw	s1,516(a5)
            usb_dma_clear_channel_active_flag(ch);
  20254c:	0ffa7513          	zext.b	a0,s4
            dir_idx = (CSK_USBC->USB_DMA[ch].CNTL & USB_ARCS_DMA_CNTL_DMA_DIR_MASK) >> USB_ARCS_DMA_CNTL_DMA_DIR_POS;
  202550:	2047ab83          	lw	s7,516(a5)
            ep_idx = (CSK_USBC->USB_DMA[ch].CNTL & USB_ARCS_DMA_CNTL_DMAEP_MASK) >> USB_ARCS_DMA_CNTL_DMAEP_POS;
  202554:	8091                	srl	s1,s1,0x4
            usb_dma_clear_channel_active_flag(ch);
  202556:	843ff0ef          	jal	201d98 <usb_dma_clear_channel_active_flag>
            ep_idx = (CSK_USBC->USB_DMA[ch].CNTL & USB_ARCS_DMA_CNTL_DMAEP_MASK) >> USB_ARCS_DMA_CNTL_DMAEP_POS;
  20255a:	88bd                	and	s1,s1,15
            dir_idx = (CSK_USBC->USB_DMA[ch].CNTL & USB_ARCS_DMA_CNTL_DMA_DIR_MASK) >> USB_ARCS_DMA_CNTL_DMA_DIR_POS;
  20255c:	481bdb93          	bext	s7,s7,0x1
            epp->dma_ch = USB_ARCS_DMA_CHANNEL_NOT_ASSIGNED;
  202560:	47f1                	li	a5,28
  202562:	0e000713          	li	a4,224
  202566:	02f487b3          	mul	a5,s1,a5
  20256a:	02eb8733          	mul	a4,s7,a4
  20256e:	0c818693          	add	a3,gp,200 # 200a4a10 <usb_arcs_ctrl>
  202572:	973e                	add	a4,a4,a5
  202574:	9736                	add	a4,a4,a3
  202576:	56fd                	li	a3,-1
  202578:	00d703a3          	sb	a3,7(a4)
            EDPxReg_SEL(ep_idx);
  20257c:	009c8723          	sb	s1,14(s9) # 4100000e <_end+0x20f58a1a>
            if(dir_idx == DIR_IDX_OUT) { // OUT, read
  202580:	0c818413          	add	s0,gp,200 # 200a4a10 <usb_arcs_ctrl>
  202584:	0c0b9163          	bnez	s7,202646 <usb_arcs_isr_handler+0x23e>
                if (CSK_USBC->RXCSRL & USB_ARCS_RXCSRL_RXPKTRDY) {
  202588:	016cc703          	lbu	a4,22(s9)
  20258c:	8b05                	and	a4,a4,1
  20258e:	c715                	beqz	a4,2025ba <usb_arcs_isr_handler+0x1b2>
                    if (!(CSK_USBC->RXCSRH & USB_ARCS_RXCSRH_AUTOCLEAR) ||
  202590:	017cc703          	lbu	a4,23(s9)
  202594:	60471713          	sext.b	a4,a4
  202598:	00075963          	bgez	a4,2025aa <usb_arcs_isr_handler+0x1a2>
                        (epp->last_len > 0 && epp->last_len < epp->fixed.mps))
  20259c:	97a2                	add	a5,a5,s0
  20259e:	47d8                	lw	a4,12(a5)
                    if (!(CSK_USBC->RXCSRH & USB_ARCS_RXCSRH_AUTOCLEAR) ||
  2025a0:	cf09                	beqz	a4,2025ba <usb_arcs_isr_handler+0x1b2>
                        (epp->last_len > 0 && epp->last_len < epp->fixed.mps))
  2025a2:	0027d783          	lhu	a5,2(a5)
  2025a6:	00f77a63          	bgeu	a4,a5,2025ba <usb_arcs_isr_handler+0x1b2>
                        CSK_USBC->RXCSRL &= ~USB_ARCS_RXCSRL_RXPKTRDY;
  2025aa:	41000737          	lui	a4,0x41000
  2025ae:	01674783          	lbu	a5,22(a4) # 41000016 <_end+0x20f58a22>
  2025b2:	0fe7f793          	and	a5,a5,254
  2025b6:	00f70b23          	sb	a5,22(a4)
                if (range_is_cacheable(epp->req_addr, epp->req_len))
  2025ba:	4c71                	li	s8,28
  2025bc:	03848c33          	mul	s8,s1,s8
  2025c0:	9c22                	add	s8,s8,s0
  2025c2:	018c2583          	lw	a1,24(s8)
  2025c6:	014c2503          	lw	a0,20(s8)
  2025ca:	cb3fe0ef          	jal	20127c <range_is_cacheable>
  2025ce:	e525                	bnez	a0,202636 <usb_arcs_isr_handler+0x22e>
            EDPxReg_SEL(0);
  2025d0:	410007b7          	lui	a5,0x41000
  2025d4:	00078723          	sb	zero,14(a5) # 4100000e <_end+0x20f58a1a>
                epp->xfer_len += epp->last_len;
  2025d8:	47f1                	li	a5,28
  2025da:	0e000713          	li	a4,224
  2025de:	02eb8733          	mul	a4,s7,a4
  2025e2:	02f487b3          	mul	a5,s1,a5
  2025e6:	97ba                	add	a5,a5,a4
  2025e8:	97a2                	add	a5,a5,s0
  2025ea:	4b90                	lw	a2,16(a5)
  2025ec:	47d8                	lw	a4,12(a5)
  2025ee:	963a                	add	a2,a2,a4
  2025f0:	cb90                	sw	a2,16(a5)
                if (epp->req_len == epp->xfer_len || epp->term_early) {
  2025f2:	4f98                	lw	a4,24(a5)
  2025f4:	00e60563          	beq	a2,a4,2025fe <usb_arcs_isr_handler+0x1f6>
  2025f8:	0097c783          	lbu	a5,9(a5)
  2025fc:	cbc5                	beqz	a5,2026ac <usb_arcs_isr_handler+0x2a4>
                    epp->req_addr = 0;
  2025fe:	47f1                	li	a5,28
  202600:	0e000713          	li	a4,224
  202604:	02eb8733          	mul	a4,s7,a4
  202608:	02f487b3          	mul	a5,s1,a5
  20260c:	97ba                	add	a5,a5,a4
                    dcd_event_xfer_complete(0, USB_EP_GET_ADDR2(ep_idx, dir_idx),
  20260e:	007b9593          	sll	a1,s7,0x7
                    epp->req_addr = 0;
  202612:	943e                	add	s0,s0,a5
                    dcd_event_xfer_complete(0, USB_EP_GET_ADDR2(ep_idx, dir_idx),
  202614:	4705                	li	a4,1
  202616:	4681                	li	a3,0
  202618:	8dc5                	or	a1,a1,s1
  20261a:	4501                	li	a0,0
                    epp->req_addr = 0;
  20261c:	00042a23          	sw	zero,20(s0)
                    epp->req_len = epp->xfer_len = epp->last_len = 0;
  202620:	00042623          	sw	zero,12(s0)
  202624:	00042823          	sw	zero,16(s0)
  202628:	00042c23          	sw	zero,24(s0)
                    epp->term_early = 0;
  20262c:	000404a3          	sb	zero,9(s0)
                    dcd_event_xfer_complete(0, USB_EP_GET_ADDR2(ep_idx, dir_idx),
  202630:	6c4010ef          	jal	203cf4 <dcd_event_xfer_complete>
  202634:	a8a5                	j	2026ac <usb_arcs_isr_handler+0x2a4>
                    cache_dma_fast_inv_stage2(epp->req_addr, epp->req_addr + epp->req_len);
  202636:	014c2503          	lw	a0,20(s8)
  20263a:	018c2583          	lw	a1,24(s8)
  20263e:	95aa                	add	a1,a1,a0
  202640:	c45fe0ef          	jal	201284 <cache_dma_fast_inv_stage2>
  202644:	b771                	j	2025d0 <usb_arcs_isr_handler+0x1c8>
                if (CSK_USBC->TXCSRL & USB_ARCS_TXCSRL_UNDERRUN)
  202646:	012cc783          	lbu	a5,18(s9)
  20264a:	8b91                	and	a5,a5,4
  20264c:	c799                	beqz	a5,20265a <usb_arcs_isr_handler+0x252>
                    CSK_USBC->TXCSRL &= ~USB_ARCS_TXCSRL_UNDERRUN;
  20264e:	012cc783          	lbu	a5,18(s9)
  202652:	0fb7f793          	and	a5,a5,251
  202656:	00fc8923          	sb	a5,18(s9)
                if (!(CSK_USBC->TXCSRL & USB_ARCS_TXCSRL_TXPKTRDY)) {
  20265a:	41000737          	lui	a4,0x41000
  20265e:	01274783          	lbu	a5,18(a4) # 41000012 <_end+0x20f58a1e>
  202662:	8b85                	and	a5,a5,1
  202664:	eba1                	bnez	a5,2026b4 <usb_arcs_isr_handler+0x2ac>
                    if (!(CSK_USBC->TXCSRH & USB_ARCS_TXCSRH_AUTOSET) ||
  202666:	01374783          	lbu	a5,19(a4)
  20266a:	60479793          	sext.b	a5,a5
  20266e:	0007dd63          	bgez	a5,202688 <usb_arcs_isr_handler+0x280>
                        (epp->last_len > 0 && epp->last_len < epp->fixed.mps))
  202672:	47f1                	li	a5,28
  202674:	02f487b3          	mul	a5,s1,a5
  202678:	97a2                	add	a5,a5,s0
  20267a:	0ec7a683          	lw	a3,236(a5)
                    if (!(CSK_USBC->TXCSRH & USB_ARCS_TXCSRH_AUTOSET) ||
  20267e:	ca9d                	beqz	a3,2026b4 <usb_arcs_isr_handler+0x2ac>
                        (epp->last_len > 0 && epp->last_len < epp->fixed.mps))
  202680:	0e27d783          	lhu	a5,226(a5)
  202684:	02f6f863          	bgeu	a3,a5,2026b4 <usb_arcs_isr_handler+0x2ac>
                        CSK_USBC->TXCSRL |= USB_ARCS_TXCSRL_TXPKTRDY;
  202688:	410007b7          	lui	a5,0x41000
  20268c:	0127c703          	lbu	a4,18(a5) # 41000012 <_end+0x20f58a1e>
  202690:	00176713          	or	a4,a4,1
  202694:	00e78923          	sb	a4,18(a5)
            EDPxReg_SEL(0);
  202698:	00078723          	sb	zero,14(a5)
            if((dir_idx == DIR_IDX_OUT) || (dir_idx == DIR_IDX_IN && epp->dma_reqmode == 1)) {
  20269c:	47f1                	li	a5,28
  20269e:	02f487b3          	mul	a5,s1,a5
  2026a2:	97a2                	add	a5,a5,s0
  2026a4:	0e67c783          	lbu	a5,230(a5)
  2026a8:	8b91                	and	a5,a5,4
  2026aa:	f79d                	bnez	a5,2025d8 <usb_arcs_isr_handler+0x1d0>
    for(ch = 0; ch < USB_DMA_CH_COUNT_AVAIL; ch++) {
  2026ac:	0a05                	add	s4,s4,1
  2026ae:	e96a11e3          	bne	s4,s6,202530 <usb_arcs_isr_handler+0x128>
  2026b2:	b591                	j	2024f6 <usb_arcs_isr_handler+0xee>
            EDPxReg_SEL(0);
  2026b4:	00070723          	sb	zero,14(a4)
            if((dir_idx == DIR_IDX_OUT) || (dir_idx == DIR_IDX_IN && epp->dma_reqmode == 1)) {
  2026b8:	b7d5                	j	20269c <usb_arcs_isr_handler+0x294>
    if(CSK_USBC->CSR0L & USB_ARCS_CSR0L_SENTSTALL){
  2026ba:	0127c683          	lbu	a3,18(a5)
  2026be:	8a91                	and	a3,a3,4
  2026c0:	c691                	beqz	a3,2026cc <usb_arcs_isr_handler+0x2c4>
        CSK_USBC->CSR0L &= ~USB_ARCS_CSR0L_SENTSTALL;
  2026c2:	0127c683          	lbu	a3,18(a5)
  2026c6:	0fb6f693          	and	a3,a3,251
  2026ca:	bd89                	j	20251c <usb_arcs_isr_handler+0x114>
    switch (usb_arcs_ctrl.status) {
  2026cc:	1c774683          	lbu	a3,455(a4)
  2026d0:	460d                	li	a2,3
  2026d2:	1ac68b63          	beq	a3,a2,202888 <usb_arcs_isr_handler+0x480>
  2026d6:	0ed66863          	bltu	a2,a3,2027c6 <usb_arcs_isr_handler+0x3be>
  2026da:	4605                	li	a2,1
  2026dc:	10c68e63          	beq	a3,a2,2027f8 <usb_arcs_isr_handler+0x3f0>
  2026e0:	4709                	li	a4,2
  2026e2:	1ae68e63          	beq	a3,a4,20289e <usb_arcs_isr_handler+0x496>
//      LOG_DBG("usb endpoint 0 interrupt");
        usb_arcs_ep0_isr();
    }

    /* EP1-5 tx endpoint interrupt for IN endpoint */
    if (txsr & USB_ARCS_INTRTX_EP_MASK) {
  2026e6:	03e97793          	and	a5,s2,62
  2026ea:	1c079563          	bnez	a5,2028b4 <usb_arcs_isr_handler+0x4ac>
//      LOG_DBG("usb endpoint x IN interrupt");
        usb_arcs_int_iep_handler(txsr);
    }

    /* EP1-5 rx endpoint interrupt for OUT endpoint */
    if (rxsr & USB_ARCS_INTRRX_EP_MASK) {
  2026ee:	03e9f793          	and	a5,s3,62
  2026f2:	cfcd                	beqz	a5,2027ac <usb_arcs_isr_handler+0x3a4>
  2026f4:	0c818413          	add	s0,gp,200 # 200a4a10 <usb_arcs_ctrl>
    rxsr = CSK_USBC->INTRRX & CSK_USBC->INTRRXE;
  2026f8:	4a85                	li	s5,1
            EDPxReg_SEL(ep_idx);
  2026fa:	41000a37          	lui	s4,0x41000
    for (ep_idx = 1U; ep_idx < USB_ARCS_OUT_EP_NUM; ep_idx++) {
  2026fe:	4b21                	li	s6,8
        if (intsr & (USB_ARCS_INTRRX_EP_POS << ep_idx)) {
  202700:	4959d7b3          	bext	a5,s3,s5
  202704:	c3c5                	beqz	a5,2027a4 <usb_arcs_isr_handler+0x39c>
  202706:	0ffaf493          	zext.b	s1,s5
            EDPxReg_SEL(ep_idx);
  20270a:	009a0723          	sb	s1,14(s4) # 4100000e <_end+0x20f58a1a>
            ep_int_status = CSK_USBC->RXCSRL;
  20270e:	016a4703          	lbu	a4,22(s4)
            rxcnt = CSK_USBC->RXCOUNT;
  202712:	018a5683          	lhu	a3,24(s4)
            ep_int_status = CSK_USBC->RXCSRL;
  202716:	0ff77793          	zext.b	a5,a4
            if (ep_int_status & USB_ARCS_RXCSRL_SENTSTALL) { // SentStall
  20271a:	04077713          	and	a4,a4,64
            rxcnt = CSK_USBC->RXCOUNT;
  20271e:	0806c6b3          	zext.h	a3,a3
            if (ep_int_status & USB_ARCS_RXCSRL_SENTSTALL) { // SentStall
  202722:	c719                	beqz	a4,202730 <usb_arcs_isr_handler+0x328>
                CSK_USBC->RXCSRL &= ~USB_ARCS_RXCSRL_SENTSTALL;
  202724:	016a4703          	lbu	a4,22(s4)
  202728:	0bf77713          	and	a4,a4,191
  20272c:	00ea0b23          	sb	a4,22(s4)
            if (ep_int_status & USB_ARCS_RXCSRL_OVERRUN) { // Overrun
  202730:	0017f713          	and	a4,a5,1
  202734:	8b91                	and	a5,a5,4
  202736:	c385                	beqz	a5,202756 <usb_arcs_isr_handler+0x34e>
                if (ep_int_status & USB_ARCS_RXCSRL_RXPKTRDY)
  202738:	cb09                	beqz	a4,20274a <usb_arcs_isr_handler+0x342>
                    CSK_USBC->RXCSRL |= USB_ARCS_RXCSRL_FLUSHFIFO;
  20273a:	41000637          	lui	a2,0x41000
  20273e:	01664783          	lbu	a5,22(a2) # 41000016 <_end+0x20f58a22>
  202742:	0107e793          	or	a5,a5,16
  202746:	00f60b23          	sb	a5,22(a2)
                CSK_USBC->RXCSRL &= ~USB_ARCS_RXCSRL_OVERRUN;
  20274a:	016a4783          	lbu	a5,22(s4)
  20274e:	0fb7f793          	and	a5,a5,251
  202752:	00fa0b23          	sb	a5,22(s4)
            if (!(ep_int_status & USB_ARCS_RXCSRL_RXPKTRDY))
  202756:	c739                	beqz	a4,2027a4 <usb_arcs_isr_handler+0x39c>
            if (rxcnt == 0) { // no data arrived
  202758:	20069b63          	bnez	a3,20296e <usb_arcs_isr_handler+0x566>
                if (epp->req_len == 0 || (epp->req_len > 0 && usb_ep_get_xfer_bytes(epp) == 0)) {
  20275c:	585c                	lw	a5,52(s0)
  20275e:	cb8d                	beqz	a5,202790 <usb_arcs_isr_handler+0x388>
    uint8_t dma_ch = epp->dma_ch;
  202760:	02344703          	lbu	a4,35(s0)
    if (dma_ch != USB_ARCS_DMA_CHANNEL_NOT_ASSIGNED &&
  202764:	0ff00693          	li	a3,255
    int32_t bytes = 0;
  202768:	4781                	li	a5,0
    if (dma_ch != USB_ARCS_DMA_CHANNEL_NOT_ASSIGNED &&
  20276a:	00d70f63          	beq	a4,a3,202788 <usb_arcs_isr_handler+0x380>
  20276e:	410007b7          	lui	a5,0x41000
  202772:	0712                	sll	a4,a4,0x4
  202774:	973e                	add	a4,a4,a5
        (CSK_USBC->USB_DMA[dma_ch].CNTL & USB_ARCS_DMA_CNTL_DMA_ENAB) != 0) {
  202776:	20472683          	lw	a3,516(a4)
  20277a:	8a85                	and	a3,a3,1
    int32_t bytes = 0;
  20277c:	4781                	li	a5,0
    if (dma_ch != USB_ARCS_DMA_CHANNEL_NOT_ASSIGNED &&
  20277e:	c689                	beqz	a3,202788 <usb_arcs_isr_handler+0x380>
        bytes = epp->last_len - CSK_USBC->USB_DMA[dma_ch].COUNT;
  202780:	20c72703          	lw	a4,524(a4)
  202784:	541c                	lw	a5,40(s0)
  202786:	8f99                	sub	a5,a5,a4
    return (epp->xfer_len + bytes);
  202788:	5458                	lw	a4,44(s0)
  20278a:	97ba                	add	a5,a5,a4
                if (epp->req_len == 0 || (epp->req_len > 0 && usb_ep_get_xfer_bytes(epp) == 0)) {
  20278c:	1e079163          	bnez	a5,20296e <usb_arcs_isr_handler+0x566>
                    CSK_USBC->RXCSRL &= ~USB_ARCS_RXCSRL_RXPKTRDY;
  202790:	410007b7          	lui	a5,0x41000
  202794:	0167c703          	lbu	a4,22(a5) # 41000016 <_end+0x20f58a22>
  202798:	0fe77713          	and	a4,a4,254
  20279c:	00e78b23          	sb	a4,22(a5)
                    EDPxReg_SEL(0);
  2027a0:	00078723          	sb	zero,14(a5)
    for (ep_idx = 1U; ep_idx < USB_ARCS_OUT_EP_NUM; ep_idx++) {
  2027a4:	0a85                	add	s5,s5,1
  2027a6:	0471                	add	s0,s0,28
  2027a8:	f56a9ce3          	bne	s5,s6,202700 <usb_arcs_isr_handler+0x2f8>
        usb_arcs_int_oep_handler(rxsr);
    }

    //GPIO_PinWrite(GPIOA(), CSK_GPIO_PIN3, 0);
//  LOG_DBG("!!!!!!");
}
  2027ac:	50f2                	lw	ra,60(sp)
  2027ae:	5462                	lw	s0,56(sp)
  2027b0:	54d2                	lw	s1,52(sp)
  2027b2:	5942                	lw	s2,48(sp)
  2027b4:	59b2                	lw	s3,44(sp)
  2027b6:	5a22                	lw	s4,40(sp)
  2027b8:	5a92                	lw	s5,36(sp)
  2027ba:	5b02                	lw	s6,32(sp)
  2027bc:	4bf2                	lw	s7,28(sp)
  2027be:	4c62                	lw	s8,24(sp)
  2027c0:	4cd2                	lw	s9,20(sp)
  2027c2:	6121                	add	sp,sp,64
  2027c4:	8082                	ret
    switch (usb_arcs_ctrl.status) {
  2027c6:	4611                	li	a2,4
  2027c8:	f0c69fe3          	bne	a3,a2,2026e6 <usb_arcs_isr_handler+0x2de>
        if (!usb_arcs_ctrl.addressed && usb_arcs_ctrl.address) {
  2027cc:	1c474683          	lbu	a3,452(a4)
  2027d0:	8a85                	and	a3,a3,1
  2027d2:	d40697e3          	bnez	a3,202520 <usb_arcs_isr_handler+0x118>
  2027d6:	1c574683          	lbu	a3,453(a4)
  2027da:	d40683e3          	beqz	a3,202520 <usb_arcs_isr_handler+0x118>
            CSK_USBC->FADDR = (usb_arcs_ctrl.address) & USB_ARCS_FADDR_ADDR_MASK;
  2027de:	07f6f693          	and	a3,a3,127
  2027e2:	00d78023          	sb	a3,0(a5)
            __DSB(); //TODO: make sure memory access is done before next instruction execution
  2027e6:	0ff0000f          	fence
            usb_arcs_ctrl.addressed = 1; // addressed
  2027ea:	1c474783          	lbu	a5,452(a4)
  2027ee:	0017e793          	or	a5,a5,1
  2027f2:	1cf70223          	sb	a5,452(a4)
  2027f6:	b32d                	j	202520 <usb_arcs_isr_handler+0x118>
        if(CSK_USBC->CSR0L & USB_ARCS_CSR0L_RXPKTRDY) {
  2027f8:	0127c683          	lbu	a3,18(a5)
  2027fc:	8a85                	and	a3,a3,1
  2027fe:	ee0684e3          	beqz	a3,2026e6 <usb_arcs_isr_handler+0x2de>
            EDPxReg_SEL(0);
  202802:	00078723          	sb	zero,14(a5)
            pkt_len = CSK_USBC->COUNT0 & USB_ARCS_COUNT0_MASK;
  202806:	0187d683          	lhu	a3,24(a5)
            if(pkt_len >= sizeof(tusb_control_request_t)) {
  20280a:	0786f693          	and	a3,a3,120
  20280e:	c6b5                	beqz	a3,20287a <usb_arcs_isr_handler+0x472>
                data[0] = CSK_USBC->FIFOX[0];
  202810:	5390                	lw	a2,32(a5)
                data[1] = CSK_USBC->FIFOX[0];
  202812:	5394                	lw	a3,32(a5)
  202814:	c636                	sw	a3,12(sp)
  202816:	82c1                	srl	a3,a3,0x10
                data[0] = CSK_USBC->FIFOX[0];
  202818:	c432                	sw	a2,8(sp)
                usb_arcs_ctrl.ep0_data_len = setup_tmp->wLength;
  20281a:	1cd71423          	sh	a3,456(a4)
                usb_arcs_ctrl.ep0_xfer_len = 0; // initialize to 0 once new request arrives
  20281e:	1c071523          	sh	zero,458(a4)
                if (setup_tmp->wLength == 0) {
  202822:	ee89                	bnez	a3,20283c <usb_arcs_isr_handler+0x434>
                    CSK_USBC->CSR0L |= USB_ARCS_CSR0L_SERVICEDRXPKTRDY | USB_ARCS_CSR0L_DATAEND;
  202824:	0127c703          	lbu	a4,18(a5)
  202828:	04876713          	or	a4,a4,72
                            CSK_USBC->CSR0L |= USB_ARCS_CSR0L_SERVICEDRXPKTRDY;
  20282c:	00e78923          	sb	a4,18(a5)
                dcd_event_setup_received(0, (uint8_t const *)data, true);
  202830:	4605                	li	a2,1
  202832:	002c                	add	a1,sp,8
  202834:	4501                	li	a0,0
  202836:	496010ef          	jal	203ccc <dcd_event_setup_received>
  20283a:	b575                	j	2026e6 <usb_arcs_isr_handler+0x2de>
                    if (setup_tmp->bmRequestType_bit.direction == REQTYPE_DIR_TO_DEVICE) {
  20283c:	60461613          	sext.b	a2,a2
  202840:	02064163          	bltz	a2,202862 <usb_arcs_isr_handler+0x45a>
                        usb_arcs_ctrl.status = USB_ARCS_STS_OUT;
  202844:	478d                	li	a5,3
  202846:	1cf703a3          	sb	a5,455(a4)
                        if ((CSK_USBC->COUNT0 & USB_ARCS_COUNT0_MASK) == 0)
  20284a:	410007b7          	lui	a5,0x41000
  20284e:	0187d703          	lhu	a4,24(a5) # 41000018 <_end+0x20f58a24>
  202852:	07f77713          	and	a4,a4,127
  202856:	ff69                	bnez	a4,202830 <usb_arcs_isr_handler+0x428>
                            CSK_USBC->CSR0L |= USB_ARCS_CSR0L_SERVICEDRXPKTRDY;
  202858:	0127c703          	lbu	a4,18(a5)
  20285c:	04076713          	or	a4,a4,64
  202860:	b7f1                	j	20282c <usb_arcs_isr_handler+0x424>
                        usb_arcs_ctrl.status = USB_ARCS_STS_IN;
  202862:	4789                	li	a5,2
  202864:	1cf703a3          	sb	a5,455(a4)
                        CSK_USBC->CSR0L |= USB_ARCS_CSR0L_SERVICEDRXPKTRDY;
  202868:	41000737          	lui	a4,0x41000
  20286c:	01274783          	lbu	a5,18(a4) # 41000012 <_end+0x20f58a1e>
  202870:	0407e793          	or	a5,a5,64
  202874:	00f70923          	sb	a5,18(a4)
  202878:	bf65                	j	202830 <usb_arcs_isr_handler+0x428>
                CSK_USBC->CSR0L |= USB_ARCS_CSR0L_SERVICEDRXPKTRDY;
  20287a:	0127c703          	lbu	a4,18(a5)
  20287e:	04076713          	or	a4,a4,64
  202882:	00e78923          	sb	a4,18(a5)
                    LOG_DBG("ZLP received in SETUP / STATUS stage!");
  202886:	b585                	j	2026e6 <usb_arcs_isr_handler+0x2de>
        if(CSK_USBC->CSR0L & USB_ARCS_CSR0L_RXPKTRDY) {
  202888:	0127c783          	lbu	a5,18(a5)
  20288c:	8b85                	and	a5,a5,1
  20288e:	e4078ce3          	beqz	a5,2026e6 <usb_arcs_isr_handler+0x2de>
            usbd_ep0_read();
  202892:	acbff0ef          	jal	20235c <usbd_ep0_read.isra.0>
            update_ep_rx_status(0);
  202896:	4501                	li	a0,0
  202898:	841ff0ef          	jal	2020d8 <update_ep_rx_status>
  20289c:	b5a9                	j	2026e6 <usb_arcs_isr_handler+0x2de>
        if (!(CSK_USBC->CSR0L & USB_ARCS_CSR0L_TXPKTRDY)) {
  20289e:	0127c783          	lbu	a5,18(a5)
  2028a2:	8b89                	and	a5,a5,2
  2028a4:	e40791e3          	bnez	a5,2026e6 <usb_arcs_isr_handler+0x2de>
            update_ep_tx_status(0);
  2028a8:	9a3ff0ef          	jal	20224a <update_ep_tx_status.constprop.0>
            usbd_ep0_write(false);
  2028ac:	4501                	li	a0,0
  2028ae:	f80ff0ef          	jal	20202e <usbd_ep0_write>
  2028b2:	bd15                	j	2026e6 <usb_arcs_isr_handler+0x2de>
  2028b4:	0c818413          	add	s0,gp,200 # 200a4a10 <usb_arcs_ctrl>
    txsr = CSK_USBC->INTRTX & CSK_USBC->INTRTXE;
  2028b8:	4a05                	li	s4,1
  2028ba:	0c818a93          	add	s5,gp,200 # 200a4a10 <usb_arcs_ctrl>
            EDPxReg_SEL(ep_idx);
  2028be:	410004b7          	lui	s1,0x41000
                if (epp->dma_ch == USB_ARCS_DMA_CHANNEL_NOT_ASSIGNED || epp->dma_reqmode == 0) { // PIO or DMA with Request Mode 0
  2028c2:	0ff00b93          	li	s7,255
  2028c6:	4c71                	li	s8,28
    for (ep_idx = 1U; ep_idx < USB_ARCS_IN_EP_NUM; ep_idx++) {
  2028c8:	4b21                	li	s6,8
        if (intsr & (USB_ARCS_INTRTX_EP_POS << ep_idx)) {
  2028ca:	494957b3          	bext	a5,s2,s4
  2028ce:	cbd9                	beqz	a5,202964 <usb_arcs_isr_handler+0x55c>
  2028d0:	0ffa7593          	zext.b	a1,s4
            EDPxReg_SEL(ep_idx);
  2028d4:	00b48723          	sb	a1,14(s1) # 4100000e <_end+0x20f58a1a>
            ep_int_status = CSK_USBC->TXCSRL;
  2028d8:	0124c703          	lbu	a4,18(s1)
  2028dc:	0ff77793          	zext.b	a5,a4
            if (ep_int_status & USB_ARCS_TXCSRL_SENTSTALL) { // SentStall
  2028e0:	02077713          	and	a4,a4,32
  2028e4:	c719                	beqz	a4,2028f2 <usb_arcs_isr_handler+0x4ea>
                CSK_USBC->TXCSRL &= ~USB_ARCS_TXCSRL_SENTSTALL;
  2028e6:	0124c703          	lbu	a4,18(s1)
  2028ea:	0df77713          	and	a4,a4,223
  2028ee:	00e48923          	sb	a4,18(s1)
            if (ep_int_status & USB_ARCS_TXCSRL_UNDERRUN) { // UnderRun
  2028f2:	0017f713          	and	a4,a5,1
  2028f6:	8b91                	and	a5,a5,4
  2028f8:	c385                	beqz	a5,202918 <usb_arcs_isr_handler+0x510>
                if (!(ep_int_status & USB_ARCS_TXCSRL_TXPKTRDY))
  2028fa:	eb09                	bnez	a4,20290c <usb_arcs_isr_handler+0x504>
                    CSK_USBC->TXCSRL |= USB_ARCS_TXCSRL_TXPKTRDY;
  2028fc:	410006b7          	lui	a3,0x41000
  202900:	0126c783          	lbu	a5,18(a3) # 41000012 <_end+0x20f58a1e>
  202904:	0017e793          	or	a5,a5,1
  202908:	00f68923          	sb	a5,18(a3)
                CSK_USBC->TXCSRL &= ~USB_ARCS_TXCSRL_UNDERRUN;
  20290c:	0124c783          	lbu	a5,18(s1)
  202910:	0fb7f793          	and	a5,a5,251
  202914:	00f48923          	sb	a5,18(s1)
            if (!(ep_int_status & USB_ARCS_TXCSRL_TXPKTRDY)) { // TX done
  202918:	e721                	bnez	a4,202960 <usb_arcs_isr_handler+0x558>
                if (epp->dma_ch == USB_ARCS_DMA_CHANNEL_NOT_ASSIGNED || epp->dma_reqmode == 0) { // PIO or DMA with Request Mode 0
  20291a:	10344783          	lbu	a5,259(s0)
  20291e:	01778963          	beq	a5,s7,202930 <usb_arcs_isr_handler+0x528>
  202922:	038a07b3          	mul	a5,s4,s8
  202926:	97d6                	add	a5,a5,s5
  202928:	0e67c783          	lbu	a5,230(a5)
  20292c:	8b91                	and	a5,a5,4
  20292e:	eb8d                	bnez	a5,202960 <usb_arcs_isr_handler+0x558>
                epp->xfer_len += epp->last_len;
  202930:	10040793          	add	a5,s0,256
  202934:	47d0                	lw	a2,12(a5)
  202936:	4798                	lw	a4,8(a5)
  202938:	963a                	add	a2,a2,a4
  20293a:	c7d0                	sw	a2,12(a5)
                if (epp->req_len == epp->xfer_len) {
  20293c:	4bdc                	lw	a5,20(a5)
  20293e:	02f61163          	bne	a2,a5,202960 <usb_arcs_isr_handler+0x558>
                    epp->req_addr = 0;
  202942:	10042823          	sw	zero,272(s0)
                    epp->req_len = epp->xfer_len = epp->last_len = 0;
  202946:	10042423          	sw	zero,264(s0)
  20294a:	10042623          	sw	zero,268(s0)
  20294e:	10042a23          	sw	zero,276(s0)
                    dcd_event_xfer_complete(0, USB_EP_GET_ADDR2(ep_idx, 1),
  202952:	4705                	li	a4,1
  202954:	4681                	li	a3,0
  202956:	0805e593          	or	a1,a1,128
  20295a:	4501                	li	a0,0
  20295c:	398010ef          	jal	203cf4 <dcd_event_xfer_complete>
            EDPxReg_SEL(0);
  202960:	00048723          	sb	zero,14(s1)
    for (ep_idx = 1U; ep_idx < USB_ARCS_IN_EP_NUM; ep_idx++) {
  202964:	0a05                	add	s4,s4,1
  202966:	0471                	add	s0,s0,28
  202968:	f76a11e3          	bne	s4,s6,2028ca <usb_arcs_isr_handler+0x4c2>
  20296c:	b349                	j	2026ee <usb_arcs_isr_handler+0x2e6>
            if (epp->req_addr == 0 || epp->req_len == 0) {  // NO user RX
  20296e:	580c                	lw	a1,48(s0)
  202970:	c199                	beqz	a1,202976 <usb_arcs_isr_handler+0x56e>
  202972:	5858                	lw	a4,52(s0)
  202974:	eb11                	bnez	a4,202988 <usb_arcs_isr_handler+0x580>
                CSK_USBC->RXCSRL |= USB_ARCS_RXCSRL_FLUSHFIFO;
  202976:	016a4783          	lbu	a5,22(s4)
  20297a:	0107e793          	or	a5,a5,16
  20297e:	00fa0b23          	sb	a5,22(s4)
            EDPxReg_SEL(0);
  202982:	000a0723          	sb	zero,14(s4)
  202986:	bd39                	j	2027a4 <usb_arcs_isr_handler+0x39c>
            } else if(epp->dma_ch != USB_ARCS_DMA_CHANNEL_NOT_ASSIGNED) {
  202988:	02344503          	lbu	a0,35(s0)
  20298c:	0ff00793          	li	a5,255
  202990:	0ef50363          	beq	a0,a5,202a76 <usb_arcs_isr_handler+0x66e>
                if (!((epp->req_addr + epp->xfer_len) & 0x3)) {
  202994:	545c                	lw	a5,44(s0)
  202996:	97ae                	add	a5,a5,a1
  202998:	8b8d                	and	a5,a5,3
  20299a:	410006b7          	lui	a3,0x41000
  20299e:	ebc5                	bnez	a5,202a4e <usb_arcs_isr_handler+0x646>
    EDPxReg_SEL(ep_idx);
  2029a0:	00451793          	sll	a5,a0,0x4
  2029a4:	00968723          	sb	s1,14(a3) # 4100000e <_end+0x20f58a1a>
    remained = CSK_USBC->USB_DMA[dma_channel].COUNT;
  2029a8:	97b6                	add	a5,a5,a3
  2029aa:	20c7ab83          	lw	s7,524(a5)
    rxcnt = CSK_USBC->RXCOUNT;
  2029ae:	0186d683          	lhu	a3,24(a3)
  2029b2:	0806c933          	zext.h	s2,a3
    if (rxcnt > 0)
  2029b6:	c299                	beqz	a3,2029bc <usb_arcs_isr_handler+0x5b4>
        epp->last_len = rxcnt;
  2029b8:	03242423          	sw	s2,40(s0)
    if (remained > rxcnt){
  2029bc:	0f797663          	bgeu	s2,s7,202aa8 <usb_arcs_isr_handler+0x6a0>
        epp->xfer_len = epp->req_len - remained;
  2029c0:	41770733          	sub	a4,a4,s7
  2029c4:	d458                	sw	a4,44(s0)
        epp->term_early = 1;
  2029c6:	4705                	li	a4,1
  2029c8:	02e402a3          	sb	a4,37(s0)
    if (rxcnt < 8) { //TODO: 8 => ?
  2029cc:	471d                	li	a4,7
  2029ce:	07276763          	bltu	a4,s2,202a3c <usb_arcs_isr_handler+0x634>
        CSK_USBC->RXCSRH &= ~(USB_ARCS_RXCSRH_AUTOCLEAR | USB_ARCS_RXCSRH_DMAREQENAB | USB_ARCS_RXCSRH_DMAREQMODE_1);
  2029d2:	410006b7          	lui	a3,0x41000
  2029d6:	0176c703          	lbu	a4,23(a3) # 41000017 <_end+0x20f58a23>
  2029da:	05777713          	and	a4,a4,87
  2029de:	00e68ba3          	sb	a4,23(a3)
        CSK_USBC->USB_DMA[dma_channel].CNTL &= ~(USB_ARCS_DMA_CNTL_DMA_ENAB | USB_ARCS_DMA_CNTL_DMAIE | USB_ARCS_DMA_CNTL_DMAERR);
  2029e2:	2047a703          	lw	a4,516(a5)
  2029e6:	ef677713          	and	a4,a4,-266
  2029ea:	20e7a223          	sw	a4,516(a5)
        CSK_USBC->USB_DMA[dma_channel].COUNT = 0;
  2029ee:	2007a623          	sw	zero,524(a5)
        usb_dma_clear_channel_active_flag(dma_channel);
  2029f2:	ba6ff0ef          	jal	201d98 <usb_dma_clear_channel_active_flag>
        epp->dma_ch = USB_ARCS_DMA_CHANNEL_NOT_ASSIGNED;
  2029f6:	57fd                	li	a5,-1
  2029f8:	02f401a3          	sb	a5,35(s0)
        if (rxcnt > 0) {
  2029fc:	02090863          	beqz	s2,202a2c <usb_arcs_isr_handler+0x624>
            usbd_ep_pio_read(ep_idx, (uint8_t *)(epp->req_addr + epp->xfer_len), rxcnt);
  202a00:	545c                	lw	a5,44(s0)
  202a02:	580c                	lw	a1,48(s0)
  202a04:	95be                	add	a1,a1,a5
  202a06:	864a                	mv	a2,s2
  202a08:	8526                	mv	a0,s1
  202a0a:	dacff0ef          	jal	201fb6 <usbd_ep_pio_read>
            epp->xfer_len += rxcnt;
  202a0e:	545c                	lw	a5,44(s0)
  202a10:	97ca                	add	a5,a5,s2
            epp->xfer_len += epp->last_len - remained;
  202a12:	d45c                	sw	a5,44(s0)
                            CSK_USBC->RXCSRL &= ~USB_ARCS_RXCSRL_RXPKTRDY;
  202a14:	41000737          	lui	a4,0x41000
  202a18:	01674783          	lbu	a5,22(a4) # 41000016 <_end+0x20f58a22>
  202a1c:	0fe7f793          	and	a5,a5,254
  202a20:	00f70b23          	sb	a5,22(a4)
                update_ep_rx_status(ep_idx);
  202a24:	8526                	mv	a0,s1
  202a26:	eb2ff0ef          	jal	2020d8 <update_ep_rx_status>
  202a2a:	bfa1                	j	202982 <usb_arcs_isr_handler+0x57a>
        } else if (rxcnt == 0 && epp->last_len > remained) {
  202a2c:	541c                	lw	a5,40(s0)
  202a2e:	fefbf3e3          	bgeu	s7,a5,202a14 <usb_arcs_isr_handler+0x60c>
            epp->xfer_len += epp->last_len - remained;
  202a32:	5458                	lw	a4,44(s0)
  202a34:	97ba                	add	a5,a5,a4
  202a36:	417787b3          	sub	a5,a5,s7
  202a3a:	bfe1                	j	202a12 <usb_arcs_isr_handler+0x60a>
            CSK_USBC->USB_DMA[dma_channel].COUNT = rxcnt;
  202a3c:	2127a623          	sw	s2,524(a5)
        CSK_USBC->USB_DMA[dma_channel].CNTL = USB_ARCS_DMA_CNTL_DMA_ENAB | (dir_idx << USB_ARCS_DMA_CNTL_DMA_DIR_POS) | USB_ARCS_DMA_CNTL_DMAMODE_0 |
  202a40:	004a9713          	sll	a4,s5,0x4
  202a44:	60976713          	or	a4,a4,1545
  202a48:	20e7a223          	sw	a4,516(a5)
  202a4c:	bf1d                	j	202982 <usb_arcs_isr_handler+0x57a>
                    pkt_len = CSK_USBC->RXCOUNT & USB_ARCS_RXCOUNT_MASK;
  202a4e:	0186d783          	lhu	a5,24(a3)
                    count = 4 - (epp->req_addr & 0x3);
  202a52:	4911                	li	s2,4
  202a54:	0035f693          	and	a3,a1,3
  202a58:	40d90933          	sub	s2,s2,a3
                    if (epp->req_len - count < 4  && epp->req_len <= pkt_len) { // just PIO read if less than 4
  202a5c:	08094933          	zext.h	s2,s2
  202a60:	41270633          	sub	a2,a4,s2
  202a64:	468d                	li	a3,3
                    pkt_len = CSK_USBC->RXCOUNT & USB_ARCS_RXCOUNT_MASK;
  202a66:	0807c7b3          	zext.h	a5,a5
                    if (epp->req_len - count < 4  && epp->req_len <= pkt_len) { // just PIO read if less than 4
  202a6a:	00c6ea63          	bltu	a3,a2,202a7e <usb_arcs_isr_handler+0x676>
  202a6e:	3ff7f793          	and	a5,a5,1023
  202a72:	00e7e663          	bltu	a5,a4,202a7e <usb_arcs_isr_handler+0x676>
                usbd_epx_read(ep_idx);
  202a76:	8526                	mv	a0,s1
  202a78:	805ff0ef          	jal	20227c <usbd_epx_read.isra.0>
  202a7c:	b765                	j	202a24 <usb_arcs_isr_handler+0x61c>
                        usbd_ep_pio_read(ep_idx, (uint8_t *)epp->req_addr, count);
  202a7e:	864a                	mv	a2,s2
                        epp->last_len = count;
  202a80:	03242423          	sw	s2,40(s0)
                        usbd_ep_pio_read(ep_idx, (uint8_t *)epp->req_addr, count);
  202a84:	8526                	mv	a0,s1
  202a86:	d30ff0ef          	jal	201fb6 <usbd_ep_pio_read>
                        epp->xfer_len += count;
  202a8a:	545c                	lw	a5,44(s0)
  202a8c:	97ca                	add	a5,a5,s2
  202a8e:	d45c                	sw	a5,44(s0)
                        if (epp->req_len > count) {
  202a90:	5850                	lw	a2,52(s0)
  202a92:	f8c971e3          	bgeu	s2,a2,202a14 <usb_arcs_isr_handler+0x60c>
                            epp->last_len = epp->req_len - count;
  202a96:	41260633          	sub	a2,a2,s2
                            usb_arcs_dma_setting(USB_EP_GET_ADDR(ep_idx, USB_EP_DIR_OUT), epp->req_addr+count, epp->last_len);
  202a9a:	580c                	lw	a1,48(s0)
                            epp->last_len = epp->req_len - count;
  202a9c:	d410                	sw	a2,40(s0)
                            usb_arcs_dma_setting(USB_EP_GET_ADDR(ep_idx, USB_EP_DIR_OUT), epp->req_addr+count, epp->last_len);
  202a9e:	95ca                	add	a1,a1,s2
  202aa0:	8526                	mv	a0,s1
  202aa2:	b3eff0ef          	jal	201de0 <usb_arcs_dma_setting.isra.0>
  202aa6:	bdf1                	j	202982 <usb_arcs_isr_handler+0x57a>
    if (rxcnt < 8) { //TODO: 8 => ?
  202aa8:	471d                	li	a4,7
  202aaa:	f9276be3          	bltu	a4,s2,202a40 <usb_arcs_isr_handler+0x638>
  202aae:	b715                	j	2029d2 <usb_arcs_isr_handler+0x5ca>

00202ab0 <usbd_epx_write.isra.0>:
    if (ep_idx == 0 || ep_idx >= USB_ARCS_IN_EP_NUM)
  202ab0:	fff50793          	add	a5,a0,-1
  202ab4:	0ff7f793          	zext.b	a5,a5
  202ab8:	4719                	li	a4,6
  202aba:	0ef76c63          	bltu	a4,a5,202bb2 <usbd_epx_write.isra.0+0x102>
static int32_t usbd_epx_write(uint8_t ep_idx, bool send_zlp_if_none)
  202abe:	1101                	add	sp,sp,-32
  202ac0:	ca26                	sw	s1,20(sp)
    bytes_to_write = epp->req_len - epp->xfer_len;
  202ac2:	4771                	li	a4,28
  202ac4:	0c818793          	add	a5,gp,200 # 200a4a10 <usb_arcs_ctrl>
  202ac8:	02e50733          	mul	a4,a0,a4
  202acc:	97ba                	add	a5,a5,a4
static int32_t usbd_epx_write(uint8_t ep_idx, bool send_zlp_if_none)
  202ace:	c64e                	sw	s3,12(sp)
    bytes_to_write = epp->req_len - epp->xfer_len;
  202ad0:	0f87a983          	lw	s3,248(a5)
  202ad4:	0f07a783          	lw	a5,240(a5)
static int32_t usbd_epx_write(uint8_t ep_idx, bool send_zlp_if_none)
  202ad8:	cc22                	sw	s0,24(sp)
  202ada:	ce06                	sw	ra,28(sp)
  202adc:	c84a                	sw	s2,16(sp)
    bytes_to_write = epp->req_len - epp->xfer_len;
  202ade:	40f989b3          	sub	s3,s3,a5
    EDPxReg_SEL(ep_idx);
  202ae2:	410007b7          	lui	a5,0x41000
  202ae6:	00a78723          	sb	a0,14(a5) # 4100000e <_end+0x20f58a1a>
    if(CSK_USBC->TXCSRL & USB_ARCS_TXCSRL_TXPKTRDY)
  202aea:	0127c703          	lbu	a4,18(a5)
  202aee:	8b05                	and	a4,a4,1
  202af0:	842a                	mv	s0,a0
  202af2:	0c818493          	add	s1,gp,200 # 200a4a10 <usb_arcs_ctrl>
  202af6:	e75d                	bnez	a4,202ba4 <usbd_epx_write.isra.0+0xf4>
    if (bytes_to_write == 0) { // nothing to be written
  202af8:	00099363          	bnez	s3,202afe <usbd_epx_write.isra.0+0x4e>
        if (!send_zlp_if_none)
  202afc:	c5c5                	beqz	a1,202ba4 <usbd_epx_write.isra.0+0xf4>
    if (epp->dma_ch != USB_ARCS_DMA_CHANNEL_NOT_ASSIGNED) {
  202afe:	4971                	li	s2,28
    CSK_USBC->TXCSRH &= ~(USB_ARCS_TXCSRH_AUTOSET | USB_ARCS_TXCSRH_DMAREQENAB | USB_ARCS_TXCSRH_DMAREQMODE_1);
  202b00:	0137c703          	lbu	a4,19(a5)
    if (epp->dma_ch != USB_ARCS_DMA_CHANNEL_NOT_ASSIGNED) {
  202b04:	03240933          	mul	s2,s0,s2
    CSK_USBC->TXCSRH &= ~(USB_ARCS_TXCSRH_AUTOSET | USB_ARCS_TXCSRH_DMAREQENAB | USB_ARCS_TXCSRH_DMAREQMODE_1);
  202b08:	06b77713          	and	a4,a4,107
    if (epp->dma_ch != USB_ARCS_DMA_CHANNEL_NOT_ASSIGNED) {
  202b0c:	9926                	add	s2,s2,s1
    CSK_USBC->TXCSRH &= ~(USB_ARCS_TXCSRH_AUTOSET | USB_ARCS_TXCSRH_DMAREQENAB | USB_ARCS_TXCSRH_DMAREQMODE_1);
  202b0e:	00e789a3          	sb	a4,19(a5)
    if (epp->dma_ch != USB_ARCS_DMA_CHANNEL_NOT_ASSIGNED) {
  202b12:	0e794503          	lbu	a0,231(s2)
  202b16:	0ff00713          	li	a4,255
  202b1a:	02e50063          	beq	a0,a4,202b3a <usbd_epx_write.isra.0+0x8a>
        CSK_USBC->USB_DMA[epp->dma_ch].CNTL &= ~(USB_ARCS_DMA_CNTL_DMA_ENAB | USB_ARCS_DMA_CNTL_DMAIE | USB_ARCS_DMA_CNTL_DMAERR);
  202b1e:	00451713          	sll	a4,a0,0x4
  202b22:	97ba                	add	a5,a5,a4
  202b24:	2047a703          	lw	a4,516(a5)
  202b28:	ef677713          	and	a4,a4,-266
  202b2c:	20e7a223          	sw	a4,516(a5)
        usb_dma_clear_channel_active_flag(epp->dma_ch);
  202b30:	a68ff0ef          	jal	201d98 <usb_dma_clear_channel_active_flag>
        epp->dma_ch = USB_ARCS_DMA_CHANNEL_NOT_ASSIGNED;
  202b34:	57fd                	li	a5,-1
  202b36:	0ef903a3          	sb	a5,231(s2)
    if (bytes_to_write > epp->fixed.mps)
  202b3a:	47f1                	li	a5,28
  202b3c:	02f407b3          	mul	a5,s0,a5
  202b40:	97a6                	add	a5,a5,s1
  202b42:	0e27d703          	lhu	a4,226(a5)
  202b46:	0b375733          	minu	a4,a4,s3
    if (bytes_to_write > 0) {
  202b4a:	cf1d                	beqz	a4,202b88 <usbd_epx_write.isra.0+0xd8>
        usbd_ep_pio_write(ep_idx, (uint8_t *)(epp->req_addr + epp->xfer_len), bytes_to_write);
  202b4c:	0f47a603          	lw	a2,244(a5)
  202b50:	0f07a783          	lw	a5,240(a5)
  202b54:	963e                	add	a2,a2,a5
    pFifo_addr = (uint8_t*)(&CSK_USBC->FIFOX[ep_idx]);
  202b56:	410007b7          	lui	a5,0x41000
  202b5a:	02078793          	add	a5,a5,32 # 41000020 <_end+0x20f58a2c>
  202b5e:	20f447b3          	sh2add	a5,s0,a5
    for (i = 0U; i < len; i++) {
  202b62:	4681                	li	a3,0
        *pFifo_addr = buffer[i];
  202b64:	00d605b3          	add	a1,a2,a3
  202b68:	0005c583          	lbu	a1,0(a1)
  202b6c:	00b78023          	sb	a1,0(a5)
    for (i = 0U; i < len; i++) {
  202b70:	0685                	add	a3,a3,1
  202b72:	fed719e3          	bne	a4,a3,202b64 <usbd_epx_write.isra.0+0xb4>
        epp->xfer_len += bytes_to_write;
  202b76:	47f1                	li	a5,28
  202b78:	02f407b3          	mul	a5,s0,a5
  202b7c:	97a6                	add	a5,a5,s1
  202b7e:	0f07a683          	lw	a3,240(a5)
  202b82:	96ba                	add	a3,a3,a4
  202b84:	0ed7a823          	sw	a3,240(a5)
    epp->last_len = bytes_to_write; // bytes_to_write may be 0...
  202b88:	47f1                	li	a5,28
  202b8a:	02f40433          	mul	s0,s0,a5
  202b8e:	94a2                	add	s1,s1,s0
  202b90:	0ee4a623          	sw	a4,236(s1)
    CSK_USBC->TXCSRL |= USB_ARCS_TXCSRL_TXPKTRDY;
  202b94:	41000737          	lui	a4,0x41000
  202b98:	01274783          	lbu	a5,18(a4) # 41000012 <_end+0x20f58a1e>
  202b9c:	0017e793          	or	a5,a5,1
  202ba0:	00f70923          	sb	a5,18(a4)
}
  202ba4:	40f2                	lw	ra,28(sp)
  202ba6:	4462                	lw	s0,24(sp)
  202ba8:	44d2                	lw	s1,20(sp)
  202baa:	4942                	lw	s2,16(sp)
  202bac:	49b2                	lw	s3,12(sp)
  202bae:	6105                	add	sp,sp,32
  202bb0:	8082                	ret
  202bb2:	8082                	ret

00202bb4 <dcd_init>:
{
  202bb4:	1141                	add	sp,sp,-16
  202bb6:	c422                	sw	s0,8(sp)
    (void)memset(&usb_arcs_ctrl, 0, sizeof(usb_arcs_ctrl));
  202bb8:	1d400613          	li	a2,468
  202bbc:	4581                	li	a1,0
  202bbe:	0c818513          	add	a0,gp,200 # 200a4a10 <usb_arcs_ctrl>
{
  202bc2:	c226                	sw	s1,4(sp)
  202bc4:	c606                	sw	ra,12(sp)
    (void)memset(&usb_arcs_ctrl, 0, sizeof(usb_arcs_ctrl));
  202bc6:	6e6030ef          	jal	2062ac <memset>
    usb_arcs_ctrl.ep_info[0][0].fixed.fifo_size = USB_CTRL_FIFO_SIZE;
  202bca:	00400737          	lui	a4,0x400
    (void)memset(&usb_arcs_ctrl, 0, sizeof(usb_arcs_ctrl));
  202bce:	0c818493          	add	s1,gp,200 # 200a4a10 <usb_arcs_ctrl>
    usb_arcs_ctrl.ep_info[0][0].fixed.fifo_size = USB_CTRL_FIFO_SIZE;
  202bd2:	04070713          	add	a4,a4,64 # 400040 <_sp+0xfe040>
  202bd6:	0ce1a423          	sw	a4,200(gp) # 200a4a10 <usb_arcs_ctrl>
    usb_arcs_ctrl.ep_info[0][0].dma_ch = USB_ARCS_DMA_CHANNEL_NOT_ASSIGNED;
  202bda:	55fd                	li	a1,-1
    usb_arcs_ctrl.status = USB_ARCS_STS_SETUP;
  202bdc:	4785                	li	a5,1
    usb_arcs_ctrl.ep_info[1][0].fixed.fifo_size = USB_CTRL_FIFO_SIZE;
  202bde:	0ee4a023          	sw	a4,224(s1)
    usb_arcs_ctrl.fifo_alloc_addr = (USB_EP_FIFO_BASE + USB_CTRL_FIFO_SIZE) >> 3;
  202be2:	4721                	li	a4,8
  202be4:	0c818613          	add	a2,gp,200 # 200a4a10 <usb_arcs_ctrl>
    usb_arcs_ctrl.status = USB_ARCS_STS_SETUP;
  202be8:	1cf483a3          	sb	a5,455(s1)
    usb_arcs_ctrl.ep_info[0][0].dma_ch = USB_ARCS_DMA_CHANNEL_NOT_ASSIGNED;
  202bec:	00b483a3          	sb	a1,7(s1)
    usb_arcs_ctrl.ep_info[1][0].dma_ch = USB_ARCS_DMA_CHANNEL_NOT_ASSIGNED;
  202bf0:	0eb483a3          	sb	a1,231(s1)
    usb_arcs_ctrl.fifo_alloc_addr = (USB_EP_FIFO_BASE + USB_CTRL_FIFO_SIZE) >> 3;
  202bf4:	1ce4a023          	sw	a4,448(s1)
    for(i = 1; i < USB_ARCS_IN_EP_NUM; i++){
  202bf8:	0c818413          	add	s0,gp,200 # 200a4a10 <usb_arcs_ctrl>
        usb_arcs_ctrl.ep_info[0][i].dma_ena = 1;
  202bfc:	4871                	li	a6,28
    for(i = 1; i < USB_ARCS_IN_EP_NUM; i++){
  202bfe:	86ba                	mv	a3,a4
        usb_arcs_ctrl.ep_info[0][i].dma_ena = 1;
  202c00:	03078733          	mul	a4,a5,a6
        usb_arcs_ctrl.ep_info[0][i].dma_ch = USB_ARCS_DMA_CHANNEL_NOT_ASSIGNED;
  202c04:	02b601a3          	sb	a1,35(a2)
        usb_arcs_ctrl.ep_info[1][i].dma_ch = USB_ARCS_DMA_CHANNEL_NOT_ASSIGNED;
  202c08:	10b601a3          	sb	a1,259(a2)
        usb_arcs_ctrl.ep_info[0][i].dma_ena = 1;
  202c0c:	9722                	add	a4,a4,s0
  202c0e:	00674503          	lbu	a0,6(a4)
  202c12:	00256513          	or	a0,a0,2
  202c16:	00a70323          	sb	a0,6(a4)
        usb_arcs_ctrl.ep_info[1][i].dma_ena = 1;
  202c1a:	0e674503          	lbu	a0,230(a4)
  202c1e:	00256513          	or	a0,a0,2
  202c22:	0ea70323          	sb	a0,230(a4)
    for(i = 1; i < USB_ARCS_IN_EP_NUM; i++){
  202c26:	0785                	add	a5,a5,1
  202c28:	0671                	add	a2,a2,28
  202c2a:	fcd79be3          	bne	a5,a3,202c00 <dcd_init+0x4c>
    CSK_USBC->POWER |= USB_ARCS_POWER_HSENABLE;   //high speed enable
  202c2e:	41000737          	lui	a4,0x41000
  202c32:	00174783          	lbu	a5,1(a4) # 41000001 <_end+0x20f58a0d>
  202c36:	0207e793          	or	a5,a5,32
    register_ISR(IRQ_USBC_VECTOR, (ISR)usb_arcs_isr_handler, NULL);
  202c3a:	002025b7          	lui	a1,0x202
    CSK_USBC->POWER |= USB_ARCS_POWER_HSENABLE;   //high speed enable
  202c3e:	00f700a3          	sb	a5,1(a4)
    register_ISR(IRQ_USBC_VECTOR, (ISR)usb_arcs_isr_handler, NULL);
  202c42:	4601                	li	a2,0
  202c44:	40858593          	add	a1,a1,1032 # 202408 <usb_arcs_isr_handler>
  202c48:	4561                	li	a0,24
  202c4a:	fc2fe0ef          	jal	20140c <register_ISR>
    usb_arcs_ctrl.intr_txe = USB_ARCS_INTRTX_EP0;
  202c4e:	4785                	li	a5,1
  202c50:	1cf42623          	sw	a5,460(s0)
    usb_arcs_ctrl.intr_usbe = USB_ARCS_INTRUSBE_RESET | USB_ARCS_INTRUSBE_SUSPEND |
  202c54:	02700793          	li	a5,39
  202c58:	1cf40823          	sb	a5,464(s0)
{ IP_CMN_SYS->REG_USB_SOF_CNT1.bit.SOF_FRAME_CNT_CLR = 1; }
  202c5c:	460007b7          	lui	a5,0x46000
  202c60:	47b8                	lw	a4,72(a5)
  202c62:	00176713          	or	a4,a4,1
  202c66:	c7b8                	sw	a4,72(a5)
        IP_CMN_SYS->REG_USB_SOF_CNT.bit.SOF_FRAME_OVERFLOW_CNT = thr;
  202c68:	c00106b7          	lui	a3,0xc0010
  202c6c:	43f8                	lw	a4,68(a5)
  202c6e:	16fd                	add	a3,a3,-1 # c000ffff <_end+0x9ff68a0b>
  202c70:	8f75                	and	a4,a4,a3
  202c72:	29571713          	bset	a4,a4,0x15
  202c76:	c3f8                	sw	a4,68(a5)
    return IP_CMN_SYS->REG_USB_SOF_CNT.bit.SOF_FRAME_OVERFLOW_CNT;
  202c78:	43f8                	lw	a4,68(a5)
    IP_CMN_SYS->REG_USB_SOF_CNT.bit.SOF_FRAME_OVERFLOW_INT_ENABLE = ena_val;
  202c7a:	43f8                	lw	a4,68(a5)
  202c7c:	28e71713          	bset	a4,a4,0xe
  202c80:	c3f8                	sw	a4,68(a5)
    IP_CMN_SYS->REG_USB_SOF_CNT.bit.SOF_FRAME_CNT_ENABLE = ena_val;
  202c82:	43f8                	lw	a4,68(a5)
  202c84:	28f71713          	bset	a4,a4,0xf
    register_ISR(IRQ_SOF_CNT_VECTOR, (ISR)usb_sof_cnt_isr_handler, NULL);
  202c88:	002025b7          	lui	a1,0x202
    IP_CMN_SYS->REG_USB_SOF_CNT.bit.SOF_FRAME_CNT_ENABLE = ena_val;
  202c8c:	c3f8                	sw	a4,68(a5)
    register_ISR(IRQ_SOF_CNT_VECTOR, (ISR)usb_sof_cnt_isr_handler, NULL);
  202c8e:	4601                	li	a2,0
  202c90:	d1058593          	add	a1,a1,-752 # 201d10 <usb_sof_cnt_isr_handler>
  202c94:	04500513          	li	a0,69
  202c98:	f74fe0ef          	jal	20140c <register_ISR>
}
  202c9c:	4422                	lw	s0,8(sp)
  202c9e:	40b2                	lw	ra,12(sp)
  202ca0:	4492                	lw	s1,4(sp)
  202ca2:	0141                	add	sp,sp,16
    config_dbg_ep();
  202ca4:	87cff06f          	j	201d20 <config_dbg_ep>

00202ca8 <dcd_set_address>:
    if (dev_addr > USB_ARCS_FADDR_ADDR_MASK || dev_addr == 0) {
  202ca8:	60459793          	sext.b	a5,a1
  202cac:	00f05e63          	blez	a5,202cc8 <dcd_set_address+0x20>
    usb_arcs_ctrl.address = dev_addr; // save the new address
  202cb0:	0c818793          	add	a5,gp,200 # 200a4a10 <usb_arcs_ctrl>
    usb_arcs_ctrl.addressed = 0; // restore to un-addressed state once called
  202cb4:	1c47c703          	lbu	a4,452(a5) # 460001c4 <_end+0x25f58bd0>
  202cb8:	9b79                	and	a4,a4,-2
  202cba:	1ce78223          	sb	a4,452(a5)
    usb_arcs_ctrl.status = USB_ARCS_STS_STATUS;
  202cbe:	4711                	li	a4,4
    usb_arcs_ctrl.address = dev_addr; // save the new address
  202cc0:	1cb782a3          	sb	a1,453(a5)
    usb_arcs_ctrl.status = USB_ARCS_STS_STATUS;
  202cc4:	1ce783a3          	sb	a4,455(a5)
}
  202cc8:	8082                	ret

00202cca <dcd_connect>:
    CSK_USBC->POWER |= USB_ARCS_POWER_SOFTCONN;
  202cca:	41000737          	lui	a4,0x41000
  202cce:	00174783          	lbu	a5,1(a4) # 41000001 <_end+0x20f58a0d>
  202cd2:	0407e793          	or	a5,a5,64
  202cd6:	00f700a3          	sb	a5,1(a4)
}
  202cda:	8082                	ret

00202cdc <dcd_disconnect>:
    CSK_USBC->POWER &= ~USB_ARCS_POWER_SOFTCONN;
  202cdc:	41000737          	lui	a4,0x41000
  202ce0:	00174783          	lbu	a5,1(a4) # 41000001 <_end+0x20f58a0d>
  202ce4:	0bf7f793          	and	a5,a5,191
  202ce8:	00f700a3          	sb	a5,1(a4)
}
  202cec:	8082                	ret

00202cee <dcd_edpt_open>:
        return false;
  202cee:	4501                	li	a0,0
    if (p_endpoint_desc == NULL)
  202cf0:	3a058163          	beqz	a1,203092 <dcd_edpt_open+0x3a4>
{
  202cf4:	1101                	add	sp,sp,-32
  202cf6:	cc22                	sw	s0,24(sp)
  202cf8:	ca26                	sw	s1,20(sp)
  202cfa:	c84a                	sw	s2,16(sp)
  202cfc:	ce06                	sw	ra,28(sp)
  202cfe:	c64e                	sw	s3,12(sp)
    ep_idx = USB_EP_GET_IDX(p_endpoint_desc->bEndpointAddress);
  202d00:	0025c983          	lbu	s3,2(a1)
  202d04:	07f9f413          	and	s0,s3,127
    if (ep_idx == USB_EP_NO_DBG) { // Debug EP
  202d08:	47a1                	li	a5,8
  202d0a:	892e                	mv	s2,a1
    dir_idx = USB_EP_GET_DIR_IDX(p_endpoint_desc->bEndpointAddress);
  202d0c:	0079d493          	srl	s1,s3,0x7
    if (ep_idx == USB_EP_NO_DBG) { // Debug EP
  202d10:	00f41a63          	bne	s0,a5,202d24 <dcd_edpt_open+0x36>
        return true;
  202d14:	4505                	li	a0,1
}
  202d16:	40f2                	lw	ra,28(sp)
  202d18:	4462                	lw	s0,24(sp)
  202d1a:	44d2                	lw	s1,20(sp)
  202d1c:	4942                	lw	s2,16(sp)
  202d1e:	49b2                	lw	s3,12(sp)
  202d20:	6105                	add	sp,sp,32
  202d22:	8082                	ret
    if (!usbd_ep_is_valid(ep_idx, dir_idx))
  202d24:	85a6                	mv	a1,s1
  202d26:	8522                	mv	a0,s0
  202d28:	86aff0ef          	jal	201d92 <usbd_ep_is_valid>
  202d2c:	d56d                	beqz	a0,202d16 <dcd_edpt_open+0x28>
    EDPxReg_SEL(ep_idx);
  202d2e:	41000737          	lui	a4,0x41000
  202d32:	00870723          	sb	s0,14(a4) # 4100000e <_end+0x20f58a1a>
    if (dir_idx == DIR_IDX_IN || ep_idx == 0) { //TX (IN) EP or EP0
  202d36:	288017b3          	bset	a5,zero,s0
  202d3a:	0c818813          	add	a6,gp,200 # 200a4a10 <usb_arcs_ctrl>
  202d3e:	e091                	bnez	s1,202d42 <dcd_edpt_open+0x54>
  202d40:	e055                	bnez	s0,202de4 <dcd_edpt_open+0xf6>
        if (CSK_USBC->TXCSRL & USB_ARCS_TXCSRL_TXPKTRDY) { // TX packet ready
  202d42:	01274683          	lbu	a3,18(a4)
  202d46:	8a85                	and	a3,a3,1
  202d48:	c699                	beqz	a3,202d56 <dcd_edpt_open+0x68>
            CSK_USBC->TXCSRL |= USB_ARCS_TXCSRL_FLUSHFIFO; // flush TX FIFO
  202d4a:	01274683          	lbu	a3,18(a4)
  202d4e:	0086e693          	or	a3,a3,8
  202d52:	00d70923          	sb	a3,18(a4)
        usb_arcs_ctrl.intr_txe |= val;
  202d56:	1cc85703          	lhu	a4,460(a6)
        val = USB_ARCS_DAINT_IN_EP_INT(ep_idx);
  202d5a:	0807c7b3          	zext.h	a5,a5
        usb_arcs_ctrl.intr_txe |= val;
  202d5e:	8f5d                	or	a4,a4,a5
  202d60:	1ce81623          	sh	a4,460(a6)
        CSK_USBC->INTRTXE |= val;
  202d64:	410006b7          	lui	a3,0x41000
  202d68:	0066d703          	lhu	a4,6(a3) # 41000006 <_end+0x20f58a12>
  202d6c:	8fd9                	or	a5,a5,a4
  202d6e:	00f69323          	sh	a5,6(a3)
    EDPxReg_SEL(0);
  202d72:	410007b7          	lui	a5,0x41000
  202d76:	00078723          	sb	zero,14(a5) # 4100000e <_end+0x20f58a1a>
    memcpy(&usb_arcs_ctrl.ep_info[dir_idx][ep_idx].fixed.attr_bits,
  202d7a:	4771                	li	a4,28
  202d7c:	0e000793          	li	a5,224
  202d80:	02f487b3          	mul	a5,s1,a5
  202d84:	02e40733          	mul	a4,s0,a4
  202d88:	973e                	add	a4,a4,a5
  202d8a:	0cc18793          	add	a5,gp,204 # 200a4a14 <usb_arcs_ctrl+0x4>
  202d8e:	00394683          	lbu	a3,3(s2)
  202d92:	97ba                	add	a5,a5,a4
  202d94:	00d78023          	sb	a3,0(a5)
            p_endpoint_desc->wMaxPacketSize.size,
  202d98:	00594783          	lbu	a5,5(s2)
  202d9c:	8b9d                	and	a5,a5,7
  202d9e:	00494683          	lbu	a3,4(s2)
  202da2:	07a2                	sll	a5,a5,0x8
            (tusb_xfer_type_t)p_endpoint_desc->bmAttributes.xfer);
  202da4:	00394583          	lbu	a1,3(s2)
    usbd_ep_set(ep_idx, dir_idx,
  202da8:	8fd5                	or	a5,a5,a3
  202daa:	898d                	and	a1,a1,3
    if (ep_idx == 0) { // EP0, ignore dir_idx
  202dac:	e42d                	bnez	s0,202e16 <dcd_edpt_open+0x128>
        if (ep_type != TUSB_XFER_CONTROL || ep_mps > USB_CTRL_FIFO_SIZE)
  202dae:	e989                	bnez	a1,202dc0 <dcd_edpt_open+0xd2>
  202db0:	04000713          	li	a4,64
  202db4:	00f76663          	bltu	a4,a5,202dc0 <dcd_edpt_open+0xd2>
        usb_arcs_ctrl.ep_info[0][0].fixed.mps = usb_arcs_ctrl.ep_info[1][0].fixed.mps = ep_mps;
  202db8:	0ef81123          	sh	a5,226(a6)
  202dbc:	00f81123          	sh	a5,2(a6)
    usb_arcs_ctrl.ep_info[dir_idx][ep_idx].ep_ena = 1U;
  202dc0:	0e000793          	li	a5,224
  202dc4:	02f487b3          	mul	a5,s1,a5
  202dc8:	97c2                	add	a5,a5,a6
  202dca:	0067c703          	lbu	a4,6(a5)
  202dce:	00176713          	or	a4,a4,1
  202dd2:	00e78323          	sb	a4,6(a5)
        usb_arcs_ctrl.ep_info[1][ep_idx].ep_ena = 1U;
  202dd6:	0e684783          	lbu	a5,230(a6)
  202dda:	0017e793          	or	a5,a5,1
  202dde:	0ef80323          	sb	a5,230(a6)
  202de2:	bf0d                	j	202d14 <dcd_edpt_open+0x26>
        if (CSK_USBC->RXCSRL & USB_ARCS_RXCSRL_RXPKTRDY) { // RX packet ready
  202de4:	01674683          	lbu	a3,22(a4)
  202de8:	8a85                	and	a3,a3,1
  202dea:	c699                	beqz	a3,202df8 <dcd_edpt_open+0x10a>
            CSK_USBC->RXCSRL |= USB_ARCS_RXCSRL_FLUSHFIFO; // flush RX FIFO
  202dec:	01674683          	lbu	a3,22(a4)
  202df0:	0106e693          	or	a3,a3,16
  202df4:	00d70b23          	sb	a3,22(a4)
        usb_arcs_ctrl.intr_rxe |= val;
  202df8:	1ce85703          	lhu	a4,462(a6)
        val = USB_ARCS_DAINT_OUT_EP_INT(ep_idx);
  202dfc:	0807c7b3          	zext.h	a5,a5
        usb_arcs_ctrl.intr_rxe |= val;
  202e00:	8f5d                	or	a4,a4,a5
  202e02:	1ce81723          	sh	a4,462(a6)
        CSK_USBC->INTRRXE |= val;
  202e06:	410006b7          	lui	a3,0x41000
  202e0a:	0086d703          	lhu	a4,8(a3) # 41000008 <_end+0x20f58a14>
  202e0e:	8fd9                	or	a5,a5,a4
  202e10:	00f69423          	sh	a5,8(a3)
  202e14:	bfb9                	j	202d72 <dcd_edpt_open+0x84>
    if ((dir_idx && ep_idx >= USB_ARCS_OUT_EP_NUM) || (!dir_idx && ep_idx >= USB_ARCS_IN_EP_NUM))
  202e16:	0789f993          	and	s3,s3,120
    usb_arcs_ctrl.ep_info[dir_idx][ep_idx].ep_ena = 1U;
  202e1a:	9742                	add	a4,a4,a6
    if ((dir_idx && ep_idx >= USB_ARCS_OUT_EP_NUM) || (!dir_idx && ep_idx >= USB_ARCS_IN_EP_NUM))
  202e1c:	00098963          	beqz	s3,202e2e <dcd_edpt_open+0x140>
    usb_arcs_ctrl.ep_info[dir_idx][ep_idx].ep_ena = 1U;
  202e20:	00674783          	lbu	a5,6(a4)
  202e24:	0017e793          	or	a5,a5,1
  202e28:	00f70323          	sb	a5,6(a4)
    if (ep_idx == 0)
  202e2c:	b5e5                	j	202d14 <dcd_edpt_open+0x26>
    fifo_size = epp->fixed.fifo_size;
  202e2e:	00075503          	lhu	a0,0(a4)
    if (fifo_size > 0 && ep_mps > fifo_size )
  202e32:	c119                	beqz	a0,202e38 <dcd_edpt_open+0x14a>
  202e34:	fef566e3          	bltu	a0,a5,202e20 <dcd_edpt_open+0x132>
    EDPxReg_SEL(ep_idx);
  202e38:	41000737          	lui	a4,0x41000
  202e3c:	00870723          	sb	s0,14(a4) # 4100000e <_end+0x20f58a1a>
    if (dir_idx == DIR_IDX_OUT)
  202e40:	e4a1                	bnez	s1,202e88 <dcd_edpt_open+0x19a>
        CSK_USBC->RXMAXP = ep_mps;
  202e42:	00f71a23          	sh	a5,20(a4)
    EDPxReg_SEL(ep_idx);
  202e46:	00870723          	sb	s0,14(a4)
    if (ep_type == TUSB_XFER_ISOCHRONOUS) { // ISO
  202e4a:	4885                	li	a7,1
  202e4c:	4671                	li	a2,28
  202e4e:	0e000693          	li	a3,224
  202e52:	11159263          	bne	a1,a7,202f56 <dcd_edpt_open+0x268>
        epp->dma_mode = 1; //0
  202e56:	02d486b3          	mul	a3,s1,a3
  202e5a:	02c40633          	mul	a2,s0,a2
  202e5e:	9636                	add	a2,a2,a3
  202e60:	9642                	add	a2,a2,a6
        epp->dma_reqmode = 1; //0;
  202e62:	00664683          	lbu	a3,6(a2)
  202e66:	9acd                	and	a3,a3,-13
  202e68:	00c6e693          	or	a3,a3,12
  202e6c:	00d60323          	sb	a3,6(a2)
        if (dir_idx == DIR_IDX_OUT)
  202e70:	ec99                	bnez	s1,202e8e <dcd_edpt_open+0x1a0>
            CSK_USBC->RXCSRH |= USB_ARCS_RXCSRH_ISO;
  202e72:	01774683          	lbu	a3,23(a4)
  202e76:	0406e693          	or	a3,a3,64
  202e7a:	00d70ba3          	sb	a3,23(a4)
    val = GET_FIFOSZ_CFG(ep_mps); // mps => FIFOSZ
  202e7e:	4721                	li	a4,8
  202e80:	12f76763          	bltu	a4,a5,202fae <dcd_edpt_open+0x2c0>
  202e84:	4701                	li	a4,0
  202e86:	aa8d                	j	202ff8 <dcd_edpt_open+0x30a>
        CSK_USBC->TXMAXP = ep_mps;
  202e88:	00f71823          	sh	a5,16(a4)
  202e8c:	bf6d                	j	202e46 <dcd_edpt_open+0x158>
            CSK_USBC->TXCSRH |= USB_ARCS_TXCSRH_ISO;
  202e8e:	01374683          	lbu	a3,19(a4)
  202e92:	0406e693          	or	a3,a3,64
                CSK_USBC->TXCSRH |= USB_ARCS_TXCSRH_FRCDATATOG;
  202e96:	00d709a3          	sb	a3,19(a4)
    val = GET_FIFOSZ_CFG(ep_mps); // mps => FIFOSZ
  202e9a:	4721                	li	a4,8
  202e9c:	10f76963          	bltu	a4,a5,202fae <dcd_edpt_open+0x2c0>
  202ea0:	4701                	li	a4,0
        CSK_USBC->TXFIFOSZ &= ~(USB_ARCS_FIFOSZ_DPB_MASK | USB_ARCS_FIFOSZ_SZ_MASK);
  202ea2:	410006b7          	lui	a3,0x41000
  202ea6:	0626c603          	lbu	a2,98(a3) # 41000062 <_end+0x20f58a6e>
  202eaa:	0e067613          	and	a2,a2,224
  202eae:	06c68123          	sb	a2,98(a3)
        CSK_USBC->TXFIFOSZ |= val; // GET_FIFOSZ_CFG(ep_mps);
  202eb2:	0626c603          	lbu	a2,98(a3)
  202eb6:	8f51                	or	a4,a4,a2
  202eb8:	06e68123          	sb	a4,98(a3)
        if(CSK_USBC->TXCSRL & USB_ARCS_TXCSRL_FIFONOTEMPTY) {
  202ebc:	0126c703          	lbu	a4,18(a3)
  202ec0:	8b09                	and	a4,a4,2
  202ec2:	c719                	beqz	a4,202ed0 <dcd_edpt_open+0x1e2>
            CSK_USBC->TXCSRL |= USB_ARCS_TXCSRL_FLUSHFIFO;
  202ec4:	0126c703          	lbu	a4,18(a3)
  202ec8:	00876713          	or	a4,a4,8
  202ecc:	00e68923          	sb	a4,18(a3)
        usb_arcs_ctrl.ep_info[1][ep_idx].fixed.mps = ep_mps;
  202ed0:	4771                	li	a4,28
  202ed2:	02e40733          	mul	a4,s0,a4
  202ed6:	9742                	add	a4,a4,a6
  202ed8:	0ef71123          	sh	a5,226(a4)
        if (fifo_size == 0) {
  202edc:	e11d                	bnez	a0,202f02 <dcd_edpt_open+0x214>
            fifo_size = (ep_mps + 7) & ~0x7;
  202ede:	079d                	add	a5,a5,7
  202ee0:	9be1                	and	a5,a5,-8
  202ee2:	0807c7b3          	zext.h	a5,a5
            usb_arcs_ctrl.ep_info[1][ep_idx].fixed.fifo_size = fifo_size; // ep_mps;
  202ee6:	0ef71023          	sh	a5,224(a4)
            CSK_USBC->TXFIFOADD = usb_arcs_ctrl.fifo_alloc_addr;
  202eea:	1c082703          	lw	a4,448(a6)
  202eee:	08074633          	zext.h	a2,a4
  202ef2:	410006b7          	lui	a3,0x41000
            usb_arcs_ctrl.fifo_alloc_addr += fifo_size >> 3; // ep_mps >> 3;  // 8bytes aligned address
  202ef6:	838d                	srl	a5,a5,0x3
            CSK_USBC->TXFIFOADD = usb_arcs_ctrl.fifo_alloc_addr;
  202ef8:	06c69223          	sh	a2,100(a3) # 41000064 <_end+0x20f58a70>
            usb_arcs_ctrl.fifo_alloc_addr += fifo_size >> 3; // ep_mps >> 3;  // 8bytes aligned address
  202efc:	97ba                	add	a5,a5,a4
  202efe:	1cf82023          	sw	a5,448(a6)
        if(usb_arcs_ctrl.ep_info[1][ep_idx].dma_ena) {
  202f02:	4571                	li	a0,28
  202f04:	02a40533          	mul	a0,s0,a0
  202f08:	00a806b3          	add	a3,a6,a0
  202f0c:	0e46a703          	lw	a4,228(a3)
  202f10:	410007b7          	lui	a5,0x41000
  202f14:	00e71613          	sll	a2,a4,0xe
            CSK_USBC->TXCSRH &= ~(USB_ARCS_TXCSRH_AUTOSET | USB_ARCS_TXCSRH_DMAREQENAB | USB_ARCS_TXCSRH_DMAREQMODE_1);
  202f18:	0137c703          	lbu	a4,19(a5) # 41000013 <_end+0x20f58a1f>
        if(usb_arcs_ctrl.ep_info[1][ep_idx].dma_ena) {
  202f1c:	16065863          	bgez	a2,20308c <dcd_edpt_open+0x39e>
            CSK_USBC->TXCSRH &= ~(USB_ARCS_TXCSRH_AUTOSET | USB_ARCS_TXCSRH_DMAREQENAB | USB_ARCS_TXCSRH_DMAREQMODE_1);
  202f20:	06b77713          	and	a4,a4,107
  202f24:	00e789a3          	sb	a4,19(a5)
            CSK_USBC->TXCSRH |= (USB_ARCS_TXCSRH_AUTOSET | USB_ARCS_TXCSRH_DMAREQENAB | (epp->dma_reqmode << USB_ARCS_TXCSRH_DMAREQMODE_POS)); //USB_ARCS_TXCSRH_DMAREQMODE_1
  202f28:	0e66d683          	lhu	a3,230(a3)
  202f2c:	0137c703          	lbu	a4,19(a5)
  202f30:	8a91                	and	a3,a3,4
  202f32:	8f55                	or	a4,a4,a3
  202f34:	09076713          	or	a4,a4,144
            CSK_USBC->TXCSRH &= ~USB_ARCS_TXCSRH_DMAREQENAB_MASK;
  202f38:	00e789a3          	sb	a4,19(a5)
    usb_arcs_ctrl.ep_info[dir_idx][ep_idx].ep_ena = 1U;
  202f3c:	0e000793          	li	a5,224
  202f40:	02f487b3          	mul	a5,s1,a5
  202f44:	953e                	add	a0,a0,a5
  202f46:	9542                	add	a0,a0,a6
  202f48:	00654783          	lbu	a5,6(a0)
  202f4c:	0017e793          	or	a5,a5,1
  202f50:	00f50323          	sb	a5,6(a0)
    if (ep_idx == 0)
  202f54:	b3c1                	j	202d14 <dcd_edpt_open+0x26>
        epp->dma_mode = 1; //0;
  202f56:	02c40633          	mul	a2,s0,a2
  202f5a:	02d486b3          	mul	a3,s1,a3
  202f5e:	96b2                	add	a3,a3,a2
  202f60:	96c2                	add	a3,a3,a6
        epp->dma_reqmode = 1; //0; // RX = 1, TX = 0? It seems no difference for INT when dma_mode=1
  202f62:	0066c603          	lbu	a2,6(a3)
  202f66:	9a4d                	and	a2,a2,-13
  202f68:	00c66613          	or	a2,a2,12
  202f6c:	00c68323          	sb	a2,6(a3)
        if (dir_idx == DIR_IDX_OUT) {
  202f70:	e08d                	bnez	s1,202f92 <dcd_edpt_open+0x2a4>
            CSK_USBC->RXCSRH &= (~USB_ARCS_RXCSRH_ISO_MASK);
  202f72:	01774683          	lbu	a3,23(a4)
  202f76:	0bf6f693          	and	a3,a3,191
  202f7a:	00d70ba3          	sb	a3,23(a4)
            if (ep_type == TUSB_XFER_BULK)
  202f7e:	4689                	li	a3,2
  202f80:	eed59fe3          	bne	a1,a3,202e7e <dcd_edpt_open+0x190>
                CSK_USBC->RXCSRL |= USB_ARCS_RXCSRL_CLRDATATOG;
  202f84:	01674683          	lbu	a3,22(a4)
  202f88:	0806e693          	or	a3,a3,128
  202f8c:	00d70b23          	sb	a3,22(a4)
  202f90:	b5fd                	j	202e7e <dcd_edpt_open+0x190>
            CSK_USBC->TXCSRH &= (~USB_ARCS_TXCSRH_ISO_MASK);
  202f92:	01374683          	lbu	a3,19(a4)
  202f96:	0bf6f693          	and	a3,a3,191
  202f9a:	00d709a3          	sb	a3,19(a4)
            if (ep_type == TUSB_XFER_BULK)
  202f9e:	4689                	li	a3,2
  202fa0:	eed59de3          	bne	a1,a3,202e9a <dcd_edpt_open+0x1ac>
                CSK_USBC->TXCSRH |= USB_ARCS_TXCSRH_FRCDATATOG;
  202fa4:	01374683          	lbu	a3,19(a4)
  202fa8:	0086e693          	or	a3,a3,8
  202fac:	b5ed                	j	202e96 <dcd_edpt_open+0x1a8>
    val = GET_FIFOSZ_CFG(ep_mps); // mps => FIFOSZ
  202fae:	46c1                	li	a3,16
  202fb0:	4705                	li	a4,1
  202fb2:	04f6f163          	bgeu	a3,a5,202ff4 <dcd_edpt_open+0x306>
  202fb6:	02000693          	li	a3,32
  202fba:	4709                	li	a4,2
  202fbc:	02f6fc63          	bgeu	a3,a5,202ff4 <dcd_edpt_open+0x306>
  202fc0:	04000693          	li	a3,64
  202fc4:	470d                	li	a4,3
  202fc6:	02f6f763          	bgeu	a3,a5,202ff4 <dcd_edpt_open+0x306>
  202fca:	08000693          	li	a3,128
  202fce:	4711                	li	a4,4
  202fd0:	02f6f263          	bgeu	a3,a5,202ff4 <dcd_edpt_open+0x306>
  202fd4:	10000693          	li	a3,256
  202fd8:	4715                	li	a4,5
  202fda:	00f6fd63          	bgeu	a3,a5,202ff4 <dcd_edpt_open+0x306>
  202fde:	20000693          	li	a3,512
  202fe2:	4719                	li	a4,6
  202fe4:	00f6f863          	bgeu	a3,a5,202ff4 <dcd_edpt_open+0x306>
  202fe8:	40000693          	li	a3,1024
  202fec:	471d                	li	a4,7
  202fee:	00f6f363          	bgeu	a3,a5,202ff4 <dcd_edpt_open+0x306>
  202ff2:	4715                	li	a4,5
    if (dir_idx == DIR_IDX_OUT) {
  202ff4:	ea0497e3          	bnez	s1,202ea2 <dcd_edpt_open+0x1b4>
        CSK_USBC->RXFIFOSZ &= ~(USB_ARCS_FIFOSZ_DPB_MASK | USB_ARCS_FIFOSZ_SZ_MASK);
  202ff8:	410006b7          	lui	a3,0x41000
  202ffc:	0636c603          	lbu	a2,99(a3) # 41000063 <_end+0x20f58a6f>
  203000:	0e067613          	and	a2,a2,224
  203004:	06c681a3          	sb	a2,99(a3)
        CSK_USBC->RXFIFOSZ |= val; // GET_FIFOSZ_CFG(ep_mps);
  203008:	0636c603          	lbu	a2,99(a3)
  20300c:	8f51                	or	a4,a4,a2
  20300e:	06e681a3          	sb	a4,99(a3)
        usb_arcs_ctrl.ep_info[0][ep_idx].fixed.mps = ep_mps;
  203012:	4771                	li	a4,28
  203014:	02e40733          	mul	a4,s0,a4
  203018:	9742                	add	a4,a4,a6
  20301a:	00f71123          	sh	a5,2(a4)
        if (fifo_size == 0) {
  20301e:	e10d                	bnez	a0,203040 <dcd_edpt_open+0x352>
            fifo_size = (ep_mps + 7) & ~0x7;
  203020:	079d                	add	a5,a5,7
  203022:	9be1                	and	a5,a5,-8
  203024:	0807c7b3          	zext.h	a5,a5
            usb_arcs_ctrl.ep_info[0][ep_idx].fixed.fifo_size = fifo_size; // ep_mps;
  203028:	00f71023          	sh	a5,0(a4)
            CSK_USBC->RXFIFOADD = usb_arcs_ctrl.fifo_alloc_addr;
  20302c:	1c082703          	lw	a4,448(a6)
  203030:	08074633          	zext.h	a2,a4
            usb_arcs_ctrl.fifo_alloc_addr += fifo_size >> 3; // ep_mps >> 3;  // 8bytes aligned address
  203034:	838d                	srl	a5,a5,0x3
            CSK_USBC->RXFIFOADD = usb_arcs_ctrl.fifo_alloc_addr;
  203036:	06c69323          	sh	a2,102(a3)
            usb_arcs_ctrl.fifo_alloc_addr += fifo_size >> 3; // ep_mps >> 3;  // 8bytes aligned address
  20303a:	97ba                	add	a5,a5,a4
  20303c:	1cf82023          	sw	a5,448(a6)
        if(usb_arcs_ctrl.ep_info[0][ep_idx].dma_ena) {
  203040:	47f1                	li	a5,28
  203042:	02f407b3          	mul	a5,s0,a5
  203046:	97c2                	add	a5,a5,a6
  203048:	43d4                	lw	a3,4(a5)
  20304a:	41000737          	lui	a4,0x41000
  20304e:	00e69613          	sll	a2,a3,0xe
            CSK_USBC->RXCSRH &= ~(USB_ARCS_RXCSRH_AUTOCLEAR | USB_ARCS_RXCSRH_DMAREQENAB | USB_ARCS_RXCSRH_DMAREQMODE_1);
  203052:	01774683          	lbu	a3,23(a4) # 41000017 <_end+0x20f58a23>
        if(usb_arcs_ctrl.ep_info[0][ep_idx].dma_ena) {
  203056:	02065863          	bgez	a2,203086 <dcd_edpt_open+0x398>
            CSK_USBC->RXCSRH &= ~(USB_ARCS_RXCSRH_AUTOCLEAR | USB_ARCS_RXCSRH_DMAREQENAB | USB_ARCS_RXCSRH_DMAREQMODE_1);
  20305a:	0576f693          	and	a3,a3,87
  20305e:	00d70ba3          	sb	a3,23(a4)
            CSK_USBC->RXCSRH |= (USB_ARCS_RXCSRH_AUTOCLEAR | USB_ARCS_RXCSRH_DMAREQENAB | (epp->dma_reqmode << USB_ARCS_RXCSRH_DMAREQMODE_POS));
  203062:	43d0                	lw	a2,4(a5)
  203064:	49265613          	bext	a2,a2,0x12
  203068:	01774683          	lbu	a3,23(a4)
  20306c:	060e                	sll	a2,a2,0x3
  20306e:	8ed1                	or	a3,a3,a2
  203070:	0a06e693          	or	a3,a3,160
            CSK_USBC->RXCSRH &= ~USB_ARCS_RXCSRH_DMAREQENAB_MASK;
  203074:	00d70ba3          	sb	a3,23(a4)
    usb_arcs_ctrl.ep_info[dir_idx][ep_idx].ep_ena = 1U;
  203078:	0067c703          	lbu	a4,6(a5)
  20307c:	00176713          	or	a4,a4,1
  203080:	00e78323          	sb	a4,6(a5)
    if (ep_idx == 0)
  203084:	b941                	j	202d14 <dcd_edpt_open+0x26>
            CSK_USBC->RXCSRH &= ~USB_ARCS_RXCSRH_DMAREQENAB_MASK;
  203086:	0df6f693          	and	a3,a3,223
  20308a:	b7ed                	j	203074 <dcd_edpt_open+0x386>
            CSK_USBC->TXCSRH &= ~USB_ARCS_TXCSRH_DMAREQENAB_MASK;
  20308c:	0ef77713          	and	a4,a4,239
  203090:	b565                	j	202f38 <dcd_edpt_open+0x24a>
}
  203092:	8082                	ret

00203094 <dcd_edpt_stall>:
{
  203094:	1141                	add	sp,sp,-16
  203096:	c422                	sw	s0,8(sp)
  203098:	c226                	sw	s1,4(sp)
    dir_idx = USB_EP_GET_DIR_IDX(ep_addr);
  20309a:	0075d413          	srl	s0,a1,0x7
    ep_idx = USB_EP_GET_IDX(ep_addr);
  20309e:	07f5f493          	and	s1,a1,127
    if (!usbd_ep_is_valid(ep_idx, dir_idx))
  2030a2:	8526                	mv	a0,s1
  2030a4:	85a2                	mv	a1,s0
{
  2030a6:	c606                	sw	ra,12(sp)
    if (!usbd_ep_is_valid(ep_idx, dir_idx))
  2030a8:	cebfe0ef          	jal	201d92 <usbd_ep_is_valid>
  2030ac:	c505                	beqz	a0,2030d4 <dcd_edpt_stall+0x40>
    EDPxReg_SEL(ep_idx);
  2030ae:	410007b7          	lui	a5,0x41000
  2030b2:	00978723          	sb	s1,14(a5) # 4100000e <_end+0x20f58a1a>
    if(ep_idx == 0) { //endpoint0
  2030b6:	e881                	bnez	s1,2030c6 <dcd_edpt_stall+0x32>
        CSK_USBC->CSR0L |= USB_ARCS_CSR0L_SENDSTALL;
  2030b8:	0127c703          	lbu	a4,18(a5)
  2030bc:	02076713          	or	a4,a4,32
            CSK_USBC->TXCSRL |= USB_ARCS_TXCSRL_SENDSTALL;
  2030c0:	00e78923          	sb	a4,18(a5)
    LOG_DBG("SENDSTALL is set on EP(0x%02x) by SW!\n", ep_addr);
  2030c4:	a801                	j	2030d4 <dcd_edpt_stall+0x40>
        if (dir_idx == DIR_IDX_OUT) {
  2030c6:	ec01                	bnez	s0,2030de <dcd_edpt_stall+0x4a>
            CSK_USBC->RXCSRL |= USB_ARCS_RXCSRL_SENDSTALL;
  2030c8:	0167c703          	lbu	a4,22(a5)
  2030cc:	02076713          	or	a4,a4,32
  2030d0:	00e78b23          	sb	a4,22(a5)
}
  2030d4:	40b2                	lw	ra,12(sp)
  2030d6:	4422                	lw	s0,8(sp)
  2030d8:	4492                	lw	s1,4(sp)
  2030da:	0141                	add	sp,sp,16
  2030dc:	8082                	ret
            CSK_USBC->TXCSRL |= USB_ARCS_TXCSRL_SENDSTALL;
  2030de:	0127c703          	lbu	a4,18(a5)
  2030e2:	01076713          	or	a4,a4,16
  2030e6:	bfe9                	j	2030c0 <dcd_edpt_stall+0x2c>

002030e8 <dcd_edpt_clear_stall>:
{
  2030e8:	1141                	add	sp,sp,-16
  2030ea:	c422                	sw	s0,8(sp)
  2030ec:	c226                	sw	s1,4(sp)
    dir_idx = USB_EP_GET_DIR_IDX(ep_addr);
  2030ee:	0075d413          	srl	s0,a1,0x7
    ep_idx = USB_EP_GET_IDX(ep_addr);
  2030f2:	07f5f493          	and	s1,a1,127
    if (!usbd_ep_is_valid(ep_idx, dir_idx)) {
  2030f6:	8526                	mv	a0,s1
  2030f8:	85a2                	mv	a1,s0
{
  2030fa:	c606                	sw	ra,12(sp)
    if (!usbd_ep_is_valid(ep_idx, dir_idx)) {
  2030fc:	c97fe0ef          	jal	201d92 <usbd_ep_is_valid>
  203100:	cd09                	beqz	a0,20311a <dcd_edpt_clear_stall+0x32>
    if (ep_idx == 0) {
  203102:	cc81                	beqz	s1,20311a <dcd_edpt_clear_stall+0x32>
    EDPxReg_SEL(ep_idx);
  203104:	410007b7          	lui	a5,0x41000
  203108:	00978723          	sb	s1,14(a5) # 4100000e <_end+0x20f58a1a>
    if (dir_idx == DIR_IDX_OUT) {
  20310c:	ec01                	bnez	s0,203124 <dcd_edpt_clear_stall+0x3c>
        CSK_USBC->RXCSRL &= ~USB_ARCS_RXCSRL_SENTSTALL_MASK;
  20310e:	0167c703          	lbu	a4,22(a5)
  203112:	0bf77713          	and	a4,a4,191
  203116:	00e78b23          	sb	a4,22(a5)
}
  20311a:	40b2                	lw	ra,12(sp)
  20311c:	4422                	lw	s0,8(sp)
  20311e:	4492                	lw	s1,4(sp)
  203120:	0141                	add	sp,sp,16
  203122:	8082                	ret
        CSK_USBC->TXCSRL &= ~USB_ARCS_TXCSRL_SENTSTALL_MASK;
  203124:	0127c703          	lbu	a4,18(a5)
  203128:	0df77713          	and	a4,a4,223
  20312c:	00e78923          	sb	a4,18(a5)
  203130:	b7ed                	j	20311a <dcd_edpt_clear_stall+0x32>

00203132 <dcd_edpt_xfer>:
{
  203132:	7179                	add	sp,sp,-48
  203134:	ce4e                	sw	s3,28(sp)
  203136:	d606                	sw	ra,44(sp)
  203138:	d422                	sw	s0,40(sp)
  20313a:	d226                	sw	s1,36(sp)
  20313c:	d04a                	sw	s2,32(sp)
  20313e:	cc52                	sw	s4,24(sp)
    uint8_t const ep_idx = USB_EP_GET_IDX(ep_addr);
  203140:	07f5f513          	and	a0,a1,127
    if (ep_idx == USB_EP_NO_DBG) { // Debug EP
  203144:	47a1                	li	a5,8
{
  203146:	89ae                	mv	s3,a1
    if (ep_idx == USB_EP_NO_DBG) { // Debug EP
  203148:	04f50e63          	beq	a0,a5,2031a4 <dcd_edpt_xfer+0x72>
  20314c:	85b2                	mv	a1,a2
  20314e:	8436                	mv	s0,a3
  203150:	0079d613          	srl	a2,s3,0x7
    epp->req_addr = addr;
  203154:	4771                	li	a4,28
  203156:	0e000693          	li	a3,224
  20315a:	02e50733          	mul	a4,a0,a4
  20315e:	02d606b3          	mul	a3,a2,a3
  203162:	0c818793          	add	a5,gp,200 # 200a4a10 <usb_arcs_ctrl>
  203166:	96ba                	add	a3,a3,a4
  203168:	97b6                	add	a5,a5,a3
  20316a:	cbcc                	sw	a1,20(a5)
    epp->req_len = total_bytes;
  20316c:	cf80                	sw	s0,24(a5)
    epp->xfer_len = 0;
  20316e:	0007a823          	sw	zero,16(a5)
    epp->last_len = 0;
  203172:	0007a623          	sw	zero,12(a5)
    epp->term_early = 0;
  203176:	000784a3          	sb	zero,9(a5)
    if (ep_idx == 0) { // EP0 Control Read / Write
  20317a:	0c818913          	add	s2,gp,200 # 200a4a10 <usb_arcs_ctrl>
  20317e:	ed05                	bnez	a0,2031b6 <dcd_edpt_xfer+0x84>
        if (dir_idx == DIR_IDX_OUT) { // && usb_arcs_ctrl.status == USB_ARCS_STS_OUT
  203180:	e619                	bnez	a2,20318e <dcd_edpt_xfer+0x5c>
             usbd_ep0_read();
  203182:	9daff0ef          	jal	20235c <usbd_ep0_read.isra.0>
             update_ep_rx_status(0);
  203186:	4501                	li	a0,0
                update_ep_rx_status(ep_idx);
  203188:	f51fe0ef          	jal	2020d8 <update_ep_rx_status>
                goto MY_EXIT;
  20318c:	a801                	j	20319c <dcd_edpt_xfer+0x6a>
            if (usbd_ep0_write(total_bytes==0))
  20318e:	00143513          	seqz	a0,s0
  203192:	e9dfe0ef          	jal	20202e <usbd_ep0_write>
  203196:	c119                	beqz	a0,20319c <dcd_edpt_xfer+0x6a>
                update_ep_tx_status(0);
  203198:	8b2ff0ef          	jal	20224a <update_ep_tx_status.constprop.0>
    EDPxReg_SEL(0);
  20319c:	410007b7          	lui	a5,0x41000
  2031a0:	00078723          	sb	zero,14(a5) # 4100000e <_end+0x20f58a1a>
}
  2031a4:	50b2                	lw	ra,44(sp)
  2031a6:	5422                	lw	s0,40(sp)
  2031a8:	5492                	lw	s1,36(sp)
  2031aa:	5902                	lw	s2,32(sp)
  2031ac:	49f2                	lw	s3,28(sp)
  2031ae:	4a62                	lw	s4,24(sp)
  2031b0:	4505                	li	a0,1
  2031b2:	6145                	add	sp,sp,48
  2031b4:	8082                	ret
    if (epp->dma_ena && total_bytes) { // EP DMA Read / Write (other than EP0)
  2031b6:	0067c683          	lbu	a3,6(a5)
  2031ba:	8a89                	and	a3,a3,2
  2031bc:	cef1                	beqz	a3,203298 <dcd_edpt_xfer+0x166>
  2031be:	cc69                	beqz	s0,203298 <dcd_edpt_xfer+0x166>
        if ((addr & 0x3) == 0) { // address is aligned with 4
  2031c0:	0035f693          	and	a3,a1,3
  2031c4:	e699                	bnez	a3,2031d2 <dcd_edpt_xfer+0xa0>
            epp->last_len = total_bytes; // to be transferred
  2031c6:	c7c0                	sw	s0,12(a5)
            usb_arcs_dma_setting(ep_addr, addr, total_bytes);
  2031c8:	8622                	mv	a2,s0
                usb_arcs_dma_setting(ep_addr, addr+count, epp->last_len);
  2031ca:	854e                	mv	a0,s3
  2031cc:	c15fe0ef          	jal	201de0 <usb_arcs_dma_setting.isra.0>
            goto MY_EXIT;
  2031d0:	b7f1                	j	20319c <dcd_edpt_xfer+0x6a>
        if (dir_idx == DIR_IDX_IN) {
  2031d2:	ce31                	beqz	a2,20322e <dcd_edpt_xfer+0xfc>
            count = 4 - (addr & 0x3);
  2031d4:	4791                	li	a5,4
  2031d6:	8f95                	sub	a5,a5,a3
  2031d8:	0807c7b3          	zext.h	a5,a5
            if (total_bytes - count < 4) { // just PIO write if less than 4
  2031dc:	40f40633          	sub	a2,s0,a5
  2031e0:	468d                	li	a3,3
  2031e2:	00c6c663          	blt	a3,a2,2031ee <dcd_edpt_xfer+0xbc>
                usbd_epx_write(ep_idx, false);
  2031e6:	4581                	li	a1,0
        usbd_epx_write(ep_idx, (total_bytes==0));
  2031e8:	8c9ff0ef          	jal	202ab0 <usbd_epx_write.isra.0>
  2031ec:	bf45                	j	20319c <dcd_edpt_xfer+0x6a>
            epp->last_len = count;
  2031ee:	974a                	add	a4,a4,s2
  2031f0:	0ef72623          	sw	a5,236(a4)
    pFifo_addr = (uint8_t*)(&CSK_USBC->FIFOX[ep_idx]);
  2031f4:	41000737          	lui	a4,0x41000
  2031f8:	02070713          	add	a4,a4,32 # 41000020 <_end+0x20f58a2c>
  2031fc:	20e54733          	sh2add	a4,a0,a4
    for (i = 0U; i < len; i++) {
  203200:	4681                	li	a3,0
        *pFifo_addr = buffer[i];
  203202:	00d58833          	add	a6,a1,a3
  203206:	00084803          	lbu	a6,0(a6)
  20320a:	01070023          	sb	a6,0(a4)
    for (i = 0U; i < len; i++) {
  20320e:	0685                	add	a3,a3,1
  203210:	fef6e9e3          	bltu	a3,a5,203202 <dcd_edpt_xfer+0xd0>
            epp->xfer_len += count;
  203214:	4771                	li	a4,28
  203216:	02e50733          	mul	a4,a0,a4
  20321a:	974a                	add	a4,a4,s2
  20321c:	0f072683          	lw	a3,240(a4)
  203220:	96be                	add	a3,a3,a5
  203222:	0ed72823          	sw	a3,240(a4)
                epp->last_len = total_bytes - count;
  203226:	0ec72623          	sw	a2,236(a4)
                usb_arcs_dma_setting(ep_addr, addr+count, epp->last_len);
  20322a:	95be                	add	a1,a1,a5
  20322c:	bf79                	j	2031ca <dcd_edpt_xfer+0x98>
        EDPxReg_SEL(ep_idx);
  20322e:	410007b7          	lui	a5,0x41000
  203232:	00a78723          	sb	a0,14(a5) # 4100000e <_end+0x20f58a1a>
        if(CSK_USBC->RXCSRL & USB_ARCS_RXCSRL_RXPKTRDY) { // dir_idx == DIR_IDX_OUT
  203236:	0167c703          	lbu	a4,22(a5)
  20323a:	8b05                	and	a4,a4,1
  20323c:	d325                	beqz	a4,20319c <dcd_edpt_xfer+0x6a>
            count = 4 - (addr & 0x3);
  20323e:	4491                	li	s1,4
  203240:	8c95                	sub	s1,s1,a3
            pkt_len = CSK_USBC->RXCOUNT & USB_ARCS_RXCOUNT_MASK;
  203242:	0187d783          	lhu	a5,24(a5)
            count = 4 - (addr & 0x3);
  203246:	0804c4b3          	zext.h	s1,s1
            if (total_bytes - count < 4  && total_bytes <= pkt_len) { // just PIO read if less than 4
  20324a:	40940a33          	sub	s4,s0,s1
  20324e:	470d                	li	a4,3
            pkt_len = CSK_USBC->RXCOUNT & USB_ARCS_RXCOUNT_MASK;
  203250:	3ff7f793          	and	a5,a5,1023
            if (total_bytes - count < 4  && total_bytes <= pkt_len) { // just PIO read if less than 4
  203254:	01474963          	blt	a4,s4,203266 <dcd_edpt_xfer+0x134>
  203258:	0087e763          	bltu	a5,s0,203266 <dcd_edpt_xfer+0x134>
                usbd_epx_read(ep_idx);
  20325c:	c42a                	sw	a0,8(sp)
  20325e:	81eff0ef          	jal	20227c <usbd_epx_read.isra.0>
                update_ep_rx_status(ep_idx);
  203262:	4522                	lw	a0,8(sp)
  203264:	b715                	j	203188 <dcd_edpt_xfer+0x56>
            epp->last_len = count;
  203266:	47f1                	li	a5,28
  203268:	02f507b3          	mul	a5,a0,a5
  20326c:	993e                	add	s2,s2,a5
            usbd_ep_pio_read(ep_idx, (uint8_t *)addr, count);
  20326e:	8626                	mv	a2,s1
  203270:	c42a                	sw	a0,8(sp)
            epp->last_len = count;
  203272:	00992623          	sw	s1,12(s2)
            usbd_ep_pio_read(ep_idx, (uint8_t *)addr, count);
  203276:	c62e                	sw	a1,12(sp)
  203278:	d3ffe0ef          	jal	201fb6 <usbd_ep_pio_read>
            epp->xfer_len += count;
  20327c:	01092783          	lw	a5,16(s2)
  203280:	97a6                	add	a5,a5,s1
  203282:	00f92823          	sw	a5,16(s2)
            if (total_bytes > count) {
  203286:	4522                	lw	a0,8(sp)
  203288:	f084f0e3          	bgeu	s1,s0,203188 <dcd_edpt_xfer+0x56>
                usb_arcs_dma_setting(ep_addr, addr+count, epp->last_len);
  20328c:	45b2                	lw	a1,12(sp)
                epp->last_len = total_bytes - count;
  20328e:	01492623          	sw	s4,12(s2)
                usb_arcs_dma_setting(ep_addr, addr+count, epp->last_len);
  203292:	8652                	mv	a2,s4
  203294:	95a6                	add	a1,a1,s1
  203296:	bf15                	j	2031ca <dcd_edpt_xfer+0x98>
    if (dir_idx == DIR_IDX_OUT) {
  203298:	ea19                	bnez	a2,2032ae <dcd_edpt_xfer+0x17c>
        EDPxReg_SEL(ep_idx);
  20329a:	410007b7          	lui	a5,0x41000
  20329e:	00a78723          	sb	a0,14(a5) # 4100000e <_end+0x20f58a1a>
        if(CSK_USBC->RXCSRL & USB_ARCS_RXCSRL_RXPKTRDY) {
  2032a2:	0167c783          	lbu	a5,22(a5)
  2032a6:	8b85                	and	a5,a5,1
  2032a8:	ee078ae3          	beqz	a5,20319c <dcd_edpt_xfer+0x6a>
  2032ac:	bf45                	j	20325c <dcd_edpt_xfer+0x12a>
        usbd_epx_write(ep_idx, (total_bytes==0));
  2032ae:	00143593          	seqz	a1,s0
  2032b2:	bf1d                	j	2031e8 <dcd_edpt_xfer+0xb6>

002032b4 <dcd_int_enable>:


// Enable device interrupt
void dcd_int_enable (uint8_t rhport)
{
  2032b4:	1141                	add	sp,sp,-16
  2032b6:	c606                	sw	ra,12(sp)
    ARG_UNUSED(rhport);

    CSK_USBC->INTRUSBE = usb_arcs_ctrl.intr_usbe;
  2032b8:	0c818793          	add	a5,gp,200 # 200a4a10 <usb_arcs_ctrl>
  2032bc:	1d07c683          	lbu	a3,464(a5)
  2032c0:	41000737          	lui	a4,0x41000
  2032c4:	00d705a3          	sb	a3,11(a4) # 4100000b <_end+0x20f58a17>
    CSK_USBC->INTRTXE = usb_arcs_ctrl.intr_txe;
  2032c8:	1cc7d683          	lhu	a3,460(a5)
    CSK_USBC->INTRRXE = usb_arcs_ctrl.intr_rxe;

    // Enable global interrupt
    enable_IRQ(IRQ_USBC_VECTOR);
  2032cc:	4561                	li	a0,24
    CSK_USBC->INTRTXE = usb_arcs_ctrl.intr_txe;
  2032ce:	00d71323          	sh	a3,6(a4)
    CSK_USBC->INTRRXE = usb_arcs_ctrl.intr_rxe;
  2032d2:	1ce7d783          	lhu	a5,462(a5)
  2032d6:	00f71423          	sh	a5,8(a4)
    enable_IRQ(IRQ_USBC_VECTOR);
  2032da:	9fffe0ef          	jal	201cd8 <enable_IRQ>

#if CONFIG_SOF_CNT
    enable_IRQ(IRQ_SOF_CNT_VECTOR);
#endif
}
  2032de:	40b2                	lw	ra,12(sp)
    enable_IRQ(IRQ_SOF_CNT_VECTOR);
  2032e0:	04500513          	li	a0,69
}
  2032e4:	0141                	add	sp,sp,16
    enable_IRQ(IRQ_SOF_CNT_VECTOR);
  2032e6:	9f3fe06f          	j	201cd8 <enable_IRQ>

002032ea <get_driver>:
// virtually joins built-in and application drivers together.
// Application is positioned first to allow overwriting built-in ones.
static inline usbd_class_driver_t const * get_driver(uint8_t drvid)
{
  // Application drivers
  if ( usbd_app_driver_get_cb )
  2032ea:	00000793          	li	a5,0
  2032ee:	cf99                	beqz	a5,20330c <get_driver+0x22>
  {
    if ( drvid < _app_driver_count ) return &_app_driver[drvid];
  2032f0:	a151c783          	lbu	a5,-1515(gp) # 200a435d <_app_driver_count>
  2032f4:	00f57963          	bgeu	a0,a5,203306 <get_driver+0x1c>
  2032f8:	47e1                	li	a5,24
  2032fa:	02f50533          	mul	a0,a0,a5
  2032fe:	a181a783          	lw	a5,-1512(gp) # 200a4360 <_app_driver>
  203302:	953e                	add	a0,a0,a5
  203304:	8082                	ret
    drvid -= _app_driver_count;
  203306:	8d1d                	sub	a0,a0,a5
  203308:	0ff57513          	zext.b	a0,a0
  }

  // Built-in drivers
  if (drvid < BUILTIN_DRIVER_COUNT) return &_usbd_driver[drvid];
  20330c:	c119                	beqz	a0,203312 <get_driver+0x28>

  return NULL;
  20330e:	4501                	li	a0,0
  203310:	8082                	ret
  if (drvid < BUILTIN_DRIVER_COUNT) return &_usbd_driver[drvid];
  203312:	95018513          	add	a0,gp,-1712 # 200a4298 <_usbd_driver>
}
  203316:	8082                	ret

00203318 <invoke_class_control>:
// Control Request Parser & Handling
//--------------------------------------------------------------------+

// Helper to invoke class driver control request handler
static bool invoke_class_control(uint8_t rhport, usbd_class_driver_t const * driver, tusb_control_request_t const * request)
{
  203318:	1101                	add	sp,sp,-32
  20331a:	ca26                	sw	s1,20(sp)
  20331c:	84aa                	mv	s1,a0
  usbd_control_set_complete_callback(driver->control_xfer_cb);
  20331e:	45c8                	lw	a0,12(a1)
{
  203320:	cc22                	sw	s0,24(sp)
  203322:	ce06                	sw	ra,28(sp)
  203324:	842e                	mv	s0,a1
  203326:	c632                	sw	a2,12(sp)
  usbd_control_set_complete_callback(driver->control_xfer_cb);
  203328:	299000ef          	jal	203dc0 <usbd_control_set_complete_callback>
  TU_LOG2("  %s control request\r\n", driver->name);
  return driver->control_xfer_cb(rhport, CONTROL_STAGE_SETUP, request);
  20332c:	445c                	lw	a5,12(s0)
}
  20332e:	4462                	lw	s0,24(sp)
  return driver->control_xfer_cb(rhport, CONTROL_STAGE_SETUP, request);
  203330:	4632                	lw	a2,12(sp)
}
  203332:	40f2                	lw	ra,28(sp)
  return driver->control_xfer_cb(rhport, CONTROL_STAGE_SETUP, request);
  203334:	8526                	mv	a0,s1
  203336:	4581                	li	a1,0
}
  203338:	44d2                	lw	s1,20(sp)
  20333a:	6105                	add	sp,sp,32
  return driver->control_xfer_cb(rhport, CONTROL_STAGE_SETUP, request);
  20333c:	8782                	jr	a5

0020333e <usbd_reset>:
{
  20333e:	1141                	add	sp,sp,-16
  203340:	c226                	sw	s1,4(sp)
  203342:	84aa                	mv	s1,a0
  tu_varclr(&_usbd_dev);
  203344:	03700613          	li	a2,55
  203348:	4581                	li	a1,0
  20334a:	29c18513          	add	a0,gp,668 # 200a4be4 <_usbd_dev>
{
  20334e:	c606                	sw	ra,12(sp)
  203350:	c422                	sw	s0,8(sp)
  203352:	c04a                	sw	s2,0(sp)
  tu_varclr(&_usbd_dev);
  203354:	759020ef          	jal	2062ac <memset>
  memset(_usbd_dev.itf2drv, DRVID_INVALID, sizeof(_usbd_dev.itf2drv)); // invalid mapping
  203358:	4641                	li	a2,16
  20335a:	0ff00593          	li	a1,255
  20335e:	29f18513          	add	a0,gp,671 # 200a4be7 <_usbd_dev+0x3>
  203362:	74b020ef          	jal	2062ac <memset>
  memset(_usbd_dev.ep2drv , DRVID_INVALID, sizeof(_usbd_dev.ep2drv )); // invalid mapping
  203366:	4649                	li	a2,18
  203368:	0ff00593          	li	a1,255
  20336c:	2af18513          	add	a0,gp,687 # 200a4bf7 <_usbd_dev+0x13>
  203370:	73d020ef          	jal	2062ac <memset>
  usbd_control_reset();
  203374:	233000ef          	jal	203da6 <usbd_control_reset>
  for ( uint8_t i = 0; i < TOTAL_DRIVER_COUNT; i++ )
  203378:	4401                	li	s0,0
    get_driver(i)->reset(rhport);
  20337a:	8522                	mv	a0,s0
  20337c:	f6fff0ef          	jal	2032ea <get_driver>
  203380:	415c                	lw	a5,4(a0)
  203382:	8526                	mv	a0,s1
  203384:	9782                	jalr	a5
  for ( uint8_t i = 0; i < TOTAL_DRIVER_COUNT; i++ )
  203386:	0405                	add	s0,s0,1
  203388:	0ff47413          	zext.b	s0,s0
  20338c:	a151c783          	lbu	a5,-1515(gp) # 200a435d <_app_driver_count>
  203390:	fe87f5e3          	bgeu	a5,s0,20337a <usbd_reset+0x3c>
}
  203394:	40b2                	lw	ra,12(sp)
  203396:	4422                	lw	s0,8(sp)
  203398:	4492                	lw	s1,4(sp)
  20339a:	4902                	lw	s2,0(sp)
  20339c:	0141                	add	sp,sp,16
  20339e:	8082                	ret

002033a0 <tud_speed_get>:
}
  2033a0:	29e1c503          	lbu	a0,670(gp) # 200a4be6 <_usbd_dev+0x2>
  2033a4:	8082                	ret

002033a6 <tud_mounted>:
  return _usbd_dev.cfg_num ? true : false;
  2033a6:	29c18793          	add	a5,gp,668 # 200a4be4 <_usbd_dev>
  2033aa:	0017c503          	lbu	a0,1(a5)
}
  2033ae:	00a03533          	snez	a0,a0
  2033b2:	8082                	ret

002033b4 <tud_suspended>:
  return _usbd_dev.suspended;
  2033b4:	29c1a503          	lw	a0,668(gp) # 200a4be4 <_usbd_dev>
}
  2033b8:	48255513          	bext	a0,a0,0x2
  2033bc:	8082                	ret

002033be <tud_disconnect>:
  TU_VERIFY(dcd_disconnect);
  2033be:	002037b7          	lui	a5,0x203
  2033c2:	cdc78793          	add	a5,a5,-804 # 202cdc <dcd_disconnect>
  2033c6:	4501                	li	a0,0
  2033c8:	cb89                	beqz	a5,2033da <tud_disconnect+0x1c>
{
  2033ca:	1141                	add	sp,sp,-16
  2033cc:	c606                	sw	ra,12(sp)
  dcd_disconnect(TUD_OPT_RHPORT);
  2033ce:	90fff0ef          	jal	202cdc <dcd_disconnect>
}
  2033d2:	40b2                	lw	ra,12(sp)
  return true;
  2033d4:	4505                	li	a0,1
}
  2033d6:	0141                	add	sp,sp,16
  2033d8:	8082                	ret
  2033da:	8082                	ret

002033dc <tud_connect>:
  TU_VERIFY(dcd_connect);
  2033dc:	002037b7          	lui	a5,0x203
  2033e0:	cca78793          	add	a5,a5,-822 # 202cca <dcd_connect>
  2033e4:	4501                	li	a0,0
  2033e6:	cb89                	beqz	a5,2033f8 <tud_connect+0x1c>
{
  2033e8:	1141                	add	sp,sp,-16
  2033ea:	c606                	sw	ra,12(sp)
  dcd_connect(TUD_OPT_RHPORT);
  2033ec:	8dfff0ef          	jal	202cca <dcd_connect>
}
  2033f0:	40b2                	lw	ra,12(sp)
  return true;
  2033f2:	4505                	li	a0,1
}
  2033f4:	0141                	add	sp,sp,16
  2033f6:	8082                	ret
  2033f8:	8082                	ret

002033fa <tud_init>:
{
  2033fa:	1141                	add	sp,sp,-16
  tu_varclr(&_usbd_dev);
  2033fc:	03700613          	li	a2,55
  203400:	4581                	li	a1,0
  203402:	29c18513          	add	a0,gp,668 # 200a4be4 <_usbd_dev>
{
  203406:	c226                	sw	s1,4(sp)
  203408:	c606                	sw	ra,12(sp)
  20340a:	c422                	sw	s0,8(sp)
  tu_varclr(&_usbd_dev);
  20340c:	6a1020ef          	jal	2062ac <memset>
  if ( usbd_app_driver_get_cb )
  203410:	00000793          	li	a5,0
  203414:	cb89                	beqz	a5,203426 <tud_init+0x2c>
    _app_driver = usbd_app_driver_get_cb(&_app_driver_count);
  203416:	a1518513          	add	a0,gp,-1515 # 200a435d <_app_driver_count>
  20341a:	00000097          	auipc	ra,0x0
  20341e:	000000e7          	jalr	zero # 0 <__SMP_CPU_CNT-0x1>
  203422:	a0a1ac23          	sw	a0,-1512(gp) # 200a4360 <_app_driver>
{
  203426:	4401                	li	s0,0
    usbd_class_driver_t const * driver = get_driver(i);
  203428:	8522                	mv	a0,s0
  20342a:	ec1ff0ef          	jal	2032ea <get_driver>
    driver->init();
  20342e:	411c                	lw	a5,0(a0)
  203430:	9782                	jalr	a5
  for (uint8_t i = 0; i < TOTAL_DRIVER_COUNT; i++)
  203432:	0405                	add	s0,s0,1
  203434:	0ff47413          	zext.b	s0,s0
  203438:	a151c783          	lbu	a5,-1515(gp) # 200a435d <_app_driver_count>
  20343c:	fe87f6e3          	bgeu	a5,s0,203428 <tud_init+0x2e>
  dcd_init(TUD_OPT_RHPORT);
  203440:	4501                	li	a0,0
  203442:	f72ff0ef          	jal	202bb4 <dcd_init>
  dcd_int_enable(TUD_OPT_RHPORT);
  203446:	4501                	li	a0,0
  203448:	e6dff0ef          	jal	2032b4 <dcd_int_enable>
}
  20344c:	40b2                	lw	ra,12(sp)
  20344e:	4422                	lw	s0,8(sp)
  203450:	4492                	lw	s1,4(sp)
  203452:	4505                	li	a0,1
  203454:	0141                	add	sp,sp,16
  203456:	8082                	ret

00203458 <usbd_edpt_open>:

bool usbd_edpt_open(uint8_t rhport, tusb_desc_endpoint_t const * desc_ep)
{
  TU_LOG2("  Open EP %02X with Size = %u\r\n", desc_ep->bEndpointAddress, desc_ep->wMaxPacketSize.size);

  switch (desc_ep->bmAttributes.xfer)
  203458:	0035c703          	lbu	a4,3(a1)
  20345c:	8b0d                	and	a4,a4,3
  20345e:	4789                	li	a5,2
  203460:	02f70b63          	beq	a4,a5,203496 <usbd_edpt_open+0x3e>
  203464:	468d                	li	a3,3
  203466:	04d70c63          	beq	a4,a3,2034be <usbd_edpt_open+0x66>
  20346a:	4785                	li	a5,1
  20346c:	02f71363          	bne	a4,a5,203492 <usbd_edpt_open+0x3a>
  {
    case TUSB_XFER_ISOCHRONOUS:
    {
      uint16_t const max_epsize = (_usbd_dev.speed == TUSB_SPEED_HIGH ? 1024 : 1023);
  203470:	29e1c783          	lbu	a5,670(gp) # 200a4be6 <_usbd_dev+0x2>
      TU_ASSERT(desc_ep->wMaxPacketSize.size <= max_epsize);
  203474:	0055c703          	lbu	a4,5(a1)
      uint16_t const max_epsize = (_usbd_dev.speed == TUSB_SPEED_HIGH ? 1024 : 1023);
  203478:	17f9                	add	a5,a5,-2
      TU_ASSERT(desc_ep->wMaxPacketSize.size <= max_epsize);
  20347a:	8b1d                	and	a4,a4,7
      uint16_t const max_epsize = (_usbd_dev.speed == TUSB_SPEED_HIGH ? 1024 : 1023);
  20347c:	0017b793          	seqz	a5,a5
      TU_ASSERT(desc_ep->wMaxPacketSize.size <= max_epsize);
  203480:	0045c683          	lbu	a3,4(a1)
  203484:	0722                	sll	a4,a4,0x8
      uint16_t const max_epsize = (_usbd_dev.speed == TUSB_SPEED_HIGH ? 1024 : 1023);
  203486:	3ff78793          	add	a5,a5,1023
      TU_ASSERT(desc_ep->wMaxPacketSize.size <= max_epsize);
  20348a:	8f55                	or	a4,a4,a3
  20348c:	02e7f463          	bgeu	a5,a4,2034b4 <usbd_edpt_open+0x5c>
    break;

    case TUSB_XFER_INTERRUPT:
    {
      uint16_t const max_epsize = (_usbd_dev.speed == TUSB_SPEED_HIGH ? 1024 : 64);
      TU_ASSERT(desc_ep->wMaxPacketSize.size <= max_epsize);
  203490:	9002                	ebreak

    default: return false;
  }

  return dcd_edpt_open(rhport, desc_ep);
}
  203492:	4501                	li	a0,0
  203494:	8082                	ret
      TU_ASSERT(desc_ep->wMaxPacketSize.size <= max_epsize);
  203496:	0055c783          	lbu	a5,5(a1)
  20349a:	8b9d                	and	a5,a5,7
  20349c:	0045c683          	lbu	a3,4(a1)
  2034a0:	07a2                	sll	a5,a5,0x8
  2034a2:	8fd5                	or	a5,a5,a3
      if (_usbd_dev.speed == TUSB_SPEED_HIGH)
  2034a4:	29e1c683          	lbu	a3,670(gp) # 200a4be6 <_usbd_dev+0x2>
  2034a8:	00e69863          	bne	a3,a4,2034b8 <usbd_edpt_open+0x60>
        TU_ASSERT(desc_ep->wMaxPacketSize.size <= 512);
  2034ac:	20000713          	li	a4,512
      TU_ASSERT(desc_ep->wMaxPacketSize.size <= max_epsize);
  2034b0:	fef760e3          	bltu	a4,a5,203490 <usbd_edpt_open+0x38>
  return dcd_edpt_open(rhport, desc_ep);
  2034b4:	83bff06f          	j	202cee <dcd_edpt_open>
        TU_ASSERT(desc_ep->wMaxPacketSize.size <= 64);
  2034b8:	04000713          	li	a4,64
  2034bc:	bfd5                	j	2034b0 <usbd_edpt_open+0x58>
      uint16_t const max_epsize = (_usbd_dev.speed == TUSB_SPEED_HIGH ? 1024 : 64);
  2034be:	29e1c683          	lbu	a3,670(gp) # 200a4be6 <_usbd_dev+0x2>
  2034c2:	04000713          	li	a4,64
  2034c6:	00f69463          	bne	a3,a5,2034ce <usbd_edpt_open+0x76>
  2034ca:	40000713          	li	a4,1024
      TU_ASSERT(desc_ep->wMaxPacketSize.size <= max_epsize);
  2034ce:	0055c783          	lbu	a5,5(a1)
  2034d2:	8b9d                	and	a5,a5,7
  2034d4:	0045c683          	lbu	a3,4(a1)
  2034d8:	07a2                	sll	a5,a5,0x8
  2034da:	8fd5                	or	a5,a5,a3
  2034dc:	bfd1                	j	2034b0 <usbd_edpt_open+0x58>

002034de <usbd_edpt_claim>:
//
//  osal_mutex_lock(_usbd_mutex, OSAL_TIMEOUT_WAIT_FOREVER);
//#endif

  // can only claim the endpoint if it is not busy and not claimed yet.
  bool const ret = (_usbd_dev.ep_status[epnum][dir].busy == 0) && (_usbd_dev.ep_status[epnum][dir].claimed == 0);
  2034de:	07f5f793          	and	a5,a1,127
  2034e2:	29c18713          	add	a4,gp,668 # 200a4be4 <_usbd_dev>
  2034e6:	819d                	srl	a1,a1,0x7
  2034e8:	20e7a7b3          	sh1add	a5,a5,a4
  2034ec:	97ae                	add	a5,a5,a1
  2034ee:	0257c503          	lbu	a0,37(a5)
  2034f2:	8905                	and	a0,a0,1
  2034f4:	ed11                	bnez	a0,203510 <usbd_edpt_claim+0x32>
  2034f6:	0257c703          	lbu	a4,37(a5)
  2034fa:	48275713          	bext	a4,a4,0x2
  2034fe:	eb11                	bnez	a4,203512 <usbd_edpt_claim+0x34>
  if (ret)
  {
    _usbd_dev.ep_status[epnum][dir].claimed = 1;
  203500:	0257c703          	lbu	a4,37(a5)
  203504:	00476713          	or	a4,a4,4
  203508:	02e782a3          	sb	a4,37(a5)
  bool const ret = (_usbd_dev.ep_status[epnum][dir].busy == 0) && (_usbd_dev.ep_status[epnum][dir].claimed == 0);
  20350c:	4505                	li	a0,1
  20350e:	8082                	ret
  203510:	4501                	li	a0,0
//#if CFG_TUSB_OS != OPT_OS_NONE
//  osal_mutex_unlock(_usbd_mutex);
//#endif

  return ret;
}
  203512:	8082                	ret

00203514 <usbd_edpt_xfer>:

  return ret;
}

bool usbd_edpt_xfer(uint8_t rhport, uint8_t ep_addr, uint8_t * buffer, uint16_t total_bytes)
{
  203514:	1141                	add	sp,sp,-16
  203516:	c422                	sw	s0,8(sp)
  uint8_t const dir   = tu_edpt_dir(ep_addr);

  TU_LOG2("  Queue EP %02X with %u bytes ... ", ep_addr, total_bytes);

  // Attempt to transfer on a busy endpoint, sound like an race condition !
  TU_ASSERT(_usbd_dev.ep_status[epnum][dir].busy == 0);
  203518:	29c18713          	add	a4,gp,668 # 200a4be4 <_usbd_dev>
  20351c:	07f5f413          	and	s0,a1,127
  203520:	0075d793          	srl	a5,a1,0x7
  203524:	20e42433          	sh1add	s0,s0,a4
{
  203528:	c606                	sw	ra,12(sp)
  TU_ASSERT(_usbd_dev.ep_status[epnum][dir].busy == 0);
  20352a:	943e                	add	s0,s0,a5
  20352c:	02544783          	lbu	a5,37(s0)
  203530:	8b85                	and	a5,a5,1
  203532:	c799                	beqz	a5,203540 <usbd_edpt_xfer+0x2c>
  {
    // DCD error, mark endpoint as ready to allow next transfer
    _usbd_dev.ep_status[epnum][dir].busy = false;
    _usbd_dev.ep_status[epnum][dir].claimed = 0;
    TU_LOG2("failed\r\n");
    TU_BREAKPOINT();
  203534:	9002                	ebreak
  TU_ASSERT(_usbd_dev.ep_status[epnum][dir].busy == 0);
  203536:	4501                	li	a0,0
    return false;
  }
}
  203538:	40b2                	lw	ra,12(sp)
  20353a:	4422                	lw	s0,8(sp)
  20353c:	0141                	add	sp,sp,16
  20353e:	8082                	ret
  _usbd_dev.ep_status[epnum][dir].busy = true;
  203540:	02544783          	lbu	a5,37(s0)
  203544:	0017e793          	or	a5,a5,1
  203548:	02f402a3          	sb	a5,37(s0)
  if ( dcd_edpt_xfer(rhport, ep_addr, buffer, total_bytes) )
  20354c:	be7ff0ef          	jal	203132 <dcd_edpt_xfer>
  203550:	f565                	bnez	a0,203538 <usbd_edpt_xfer+0x24>
    _usbd_dev.ep_status[epnum][dir].busy = false;
  203552:	02544783          	lbu	a5,37(s0)
  203556:	9bf9                	and	a5,a5,-2
  203558:	02f402a3          	sb	a5,37(s0)
    _usbd_dev.ep_status[epnum][dir].claimed = 0;
  20355c:	02544783          	lbu	a5,37(s0)
  203560:	9bed                	and	a5,a5,-5
  203562:	02f402a3          	sb	a5,37(s0)
  203566:	b7f9                	j	203534 <usbd_edpt_xfer+0x20>

00203568 <usbd_edpt_stall>:

  return _usbd_dev.ep_status[epnum][dir].busy;
}

void usbd_edpt_stall(uint8_t rhport, uint8_t ep_addr)
{
  203568:	1141                	add	sp,sp,-16
  20356a:	c422                	sw	s0,8(sp)
  20356c:	c606                	sw	ra,12(sp)
  20356e:	842e                	mv	s0,a1
  uint8_t const epnum = tu_edpt_number(ep_addr);
  uint8_t const dir   = tu_edpt_dir(ep_addr);

  dcd_edpt_stall(rhport, ep_addr);
  203570:	b25ff0ef          	jal	203094 <dcd_edpt_stall>
  _usbd_dev.ep_status[epnum][dir].stalled = true;
  203574:	07f47793          	and	a5,s0,127
  203578:	29c18713          	add	a4,gp,668 # 200a4be4 <_usbd_dev>
  20357c:	801d                	srl	s0,s0,0x7
  20357e:	20e7a7b3          	sh1add	a5,a5,a4
  203582:	97a2                	add	a5,a5,s0
  203584:	0257c703          	lbu	a4,37(a5)
  203588:	00276713          	or	a4,a4,2
  20358c:	02e782a3          	sb	a4,37(a5)
  _usbd_dev.ep_status[epnum][dir].busy = true;
  203590:	0257c703          	lbu	a4,37(a5)
  203594:	00176713          	or	a4,a4,1
}
  203598:	40b2                	lw	ra,12(sp)
  20359a:	4422                	lw	s0,8(sp)
  _usbd_dev.ep_status[epnum][dir].busy = true;
  20359c:	02e782a3          	sb	a4,37(a5)
}
  2035a0:	0141                	add	sp,sp,16
  2035a2:	8082                	ret

002035a4 <usbd_edpt_clear_stall>:

void usbd_edpt_clear_stall(uint8_t rhport, uint8_t ep_addr)
{
  2035a4:	1141                	add	sp,sp,-16
  2035a6:	c422                	sw	s0,8(sp)
  2035a8:	c606                	sw	ra,12(sp)
  2035aa:	842e                	mv	s0,a1
  uint8_t const epnum = tu_edpt_number(ep_addr);
  uint8_t const dir   = tu_edpt_dir(ep_addr);

  dcd_edpt_clear_stall(rhport, ep_addr);
  2035ac:	b3dff0ef          	jal	2030e8 <dcd_edpt_clear_stall>
  _usbd_dev.ep_status[epnum][dir].stalled = false;
  2035b0:	07f47793          	and	a5,s0,127
  2035b4:	29c18713          	add	a4,gp,668 # 200a4be4 <_usbd_dev>
  2035b8:	801d                	srl	s0,s0,0x7
  2035ba:	20e7a7b3          	sh1add	a5,a5,a4
  2035be:	97a2                	add	a5,a5,s0
  2035c0:	0257c703          	lbu	a4,37(a5)
  2035c4:	9b75                	and	a4,a4,-3
  2035c6:	02e782a3          	sb	a4,37(a5)
  _usbd_dev.ep_status[epnum][dir].busy = false;
  2035ca:	0257c703          	lbu	a4,37(a5)
  2035ce:	9b79                	and	a4,a4,-2
}
  2035d0:	40b2                	lw	ra,12(sp)
  2035d2:	4422                	lw	s0,8(sp)
  _usbd_dev.ep_status[epnum][dir].busy = false;
  2035d4:	02e782a3          	sb	a4,37(a5)
}
  2035d8:	0141                	add	sp,sp,16
  2035da:	8082                	ret

002035dc <usbd_edpt_stalled>:
  (void) rhport;

  uint8_t const epnum = tu_edpt_number(ep_addr);
  uint8_t const dir   = tu_edpt_dir(ep_addr);

  return _usbd_dev.ep_status[epnum][dir].stalled;
  2035dc:	07f5f793          	and	a5,a1,127
  2035e0:	29c18713          	add	a4,gp,668 # 200a4be4 <_usbd_dev>
  2035e4:	819d                	srl	a1,a1,0x7
  2035e6:	20e7a7b3          	sh1add	a5,a5,a4
  2035ea:	97ae                	add	a5,a5,a1
  2035ec:	0257c503          	lbu	a0,37(a5)
}
  2035f0:	48155513          	bext	a0,a0,0x1
  2035f4:	8082                	ret

002035f6 <dcd_event_handler>:
  switch (event->event_id)
  2035f6:	00154783          	lbu	a5,1(a0)
  2035fa:	17fd                	add	a5,a5,-1
  2035fc:	0ff7f793          	zext.b	a5,a5
  203600:	471d                	li	a4,7
  203602:	66f76b63          	bltu	a4,a5,203c78 <dcd_event_handler+0x682>
  203606:	90818713          	add	a4,gp,-1784 # 200a4250 <desc_device+0x14>
  20360a:	20e7c7b3          	sh2add	a5,a5,a4
{
  20360e:	711d                	add	sp,sp,-96
  switch (event->event_id)
  203610:	439c                	lw	a5,0(a5)
{
  203612:	cca2                	sw	s0,88(sp)
  203614:	ce86                	sw	ra,92(sp)
  203616:	caa6                	sw	s1,84(sp)
  203618:	c8ca                	sw	s2,80(sp)
  20361a:	c6ce                	sw	s3,76(sp)
  20361c:	c4d2                	sw	s4,72(sp)
  20361e:	c2d6                	sw	s5,68(sp)
  203620:	c0da                	sw	s6,64(sp)
  203622:	de5e                	sw	s7,60(sp)
  203624:	dc62                	sw	s8,56(sp)
  203626:	da66                	sw	s9,52(sp)
  203628:	d86a                	sw	s10,48(sp)
  20362a:	d66e                	sw	s11,44(sp)
  20362c:	842a                	mv	s0,a0
  switch (event->event_id)
  20362e:	8782                	jr	a5
  203630:	4481                	li	s1,0
        usbd_class_driver_t const * driver = get_driver(i);
  203632:	8526                	mv	a0,s1
  203634:	cb7ff0ef          	jal	2032ea <get_driver>
        if ( driver->sof ) driver->sof(event->rhport);
  203638:	495c                	lw	a5,20(a0)
  20363a:	c781                	beqz	a5,203642 <dcd_event_handler+0x4c>
  20363c:	00044503          	lbu	a0,0(s0)
  203640:	9782                	jalr	a5
      for ( uint8_t i = 0; i < TOTAL_DRIVER_COUNT; i++ )
  203642:	0485                	add	s1,s1,1
  203644:	0ff4f493          	zext.b	s1,s1
  203648:	a151c783          	lbu	a5,-1515(gp) # 200a435d <_app_driver_count>
  20364c:	fe97f3e3          	bgeu	a5,s1,203632 <dcd_event_handler+0x3c>
}
  203650:	40f6                	lw	ra,92(sp)
  203652:	4466                	lw	s0,88(sp)
  203654:	44d6                	lw	s1,84(sp)
  203656:	4946                	lw	s2,80(sp)
  203658:	49b6                	lw	s3,76(sp)
  20365a:	4a26                	lw	s4,72(sp)
  20365c:	4a96                	lw	s5,68(sp)
  20365e:	4b06                	lw	s6,64(sp)
  203660:	5bf2                	lw	s7,60(sp)
  203662:	5c62                	lw	s8,56(sp)
  203664:	5cd2                	lw	s9,52(sp)
  203666:	5d42                	lw	s10,48(sp)
  203668:	5db2                	lw	s11,44(sp)
  20366a:	6125                	add	sp,sp,96
  20366c:	8082                	ret
      _usbd_dev.connected = 1;
  20366e:	29c18a13          	add	s4,gp,668 # 200a4be4 <_usbd_dev>
  203672:	000a4783          	lbu	a5,0(s4)
  203676:	0017e793          	or	a5,a5,1
  20367a:	00fa0023          	sb	a5,0(s4)
      _usbd_dev.ep_status[0][TUSB_DIR_OUT].busy = false;
  20367e:	025a4783          	lbu	a5,37(s4)
  203682:	9bf9                	and	a5,a5,-2
  203684:	02fa02a3          	sb	a5,37(s4)
      _usbd_dev.ep_status[0][TUSB_DIR_OUT].claimed = 0;
  203688:	025a4783          	lbu	a5,37(s4)
  20368c:	9bed                	and	a5,a5,-5
  20368e:	02fa02a3          	sb	a5,37(s4)
      _usbd_dev.ep_status[0][TUSB_DIR_IN ].busy = false;
  203692:	026a4783          	lbu	a5,38(s4)
  203696:	9bf9                	and	a5,a5,-2
  203698:	02fa0323          	sb	a5,38(s4)
      _usbd_dev.ep_status[0][TUSB_DIR_IN ].claimed = 0;
  20369c:	026a4783          	lbu	a5,38(s4)
  2036a0:	9bed                	and	a5,a5,-5
  2036a2:	02fa0323          	sb	a5,38(s4)
      if ( !process_control_request(event->rhport, &event->setup_received) )
  2036a6:	00054783          	lbu	a5,0(a0)
  2036aa:	c23e                	sw	a5,4(sp)
  2036ac:	00450793          	add	a5,a0,4
  usbd_control_set_complete_callback(NULL);
  2036b0:	4501                	li	a0,0
      if ( !process_control_request(event->rhport, &event->setup_received) )
  2036b2:	c43e                	sw	a5,8(sp)
  usbd_control_set_complete_callback(NULL);
  2036b4:	70c000ef          	jal	203dc0 <usbd_control_set_complete_callback>
  TU_ASSERT(p_request->bmRequestType_bit.type < TUSB_REQ_TYPE_INVALID);
  2036b8:	00444a83          	lbu	s5,4(s0)
  2036bc:	060afb13          	and	s6,s5,96
  2036c0:	06000793          	li	a5,96
  2036c4:	29c18993          	add	s3,gp,668 # 200a4be4 <_usbd_dev>
  2036c8:	00fb1463          	bne	s6,a5,2036d0 <dcd_event_handler+0xda>
    default: TU_BREAKPOINT(); return false;
  2036cc:	9002                	ebreak
  2036ce:	a095                	j	203732 <dcd_event_handler+0x13c>
  if ( p_request->bmRequestType_bit.type == TUSB_REQ_TYPE_VENDOR )
  2036d0:	04000793          	li	a5,64
  2036d4:	02fb1263          	bne	s6,a5,2036f8 <dcd_event_handler+0x102>
    TU_VERIFY(tud_vendor_control_xfer_cb);
  2036d8:	00000793          	li	a5,0
  2036dc:	cbb9                	beqz	a5,203732 <dcd_event_handler+0x13c>
    usbd_control_set_complete_callback(tud_vendor_control_xfer_cb);
  2036de:	00000513          	li	a0,0
  2036e2:	2df9                	jal	203dc0 <usbd_control_set_complete_callback>
    return tud_vendor_control_xfer_cb(rhport, CONTROL_STAGE_SETUP, p_request);
  2036e4:	00440613          	add	a2,s0,4
  2036e8:	4581                	li	a1,0
  2036ea:	4512                	lw	a0,4(sp)
  2036ec:	00000097          	auipc	ra,0x0
  2036f0:	000000e7          	jalr	zero # 0 <__SMP_CPU_CNT-0x1>
      if ( !process_control_request(event->rhport, &event->setup_received) )
  2036f4:	fd31                	bnez	a0,203650 <dcd_event_handler+0x5a>
  2036f6:	a835                	j	203732 <dcd_event_handler+0x13c>
  switch ( p_request->bmRequestType_bit.recipient )
  2036f8:	01fafa93          	and	s5,s5,31
  2036fc:	4c05                	li	s8,1
  2036fe:	2d8a8f63          	beq	s5,s8,2039dc <dcd_event_handler+0x3e6>
  203702:	4789                	li	a5,2
  203704:	32fa8263          	beq	s5,a5,203a28 <dcd_event_handler+0x432>
  203708:	fc0a92e3          	bnez	s5,2036cc <dcd_event_handler+0xd6>
      if ( TUSB_REQ_TYPE_CLASS == p_request->bmRequestType_bit.type )
  20370c:	02000793          	li	a5,32
  203710:	04fb1463          	bne	s6,a5,203758 <dcd_event_handler+0x162>
{
  return (uint16_t)((((uint16_t) high) << 8) + low);
}

static inline uint8_t tu_u16_high(uint16_t u16) { return (uint8_t) (((uint16_t) (u16 >> 8)) & 0x00ff); }
static inline uint8_t tu_u16_low (uint16_t u16) { return (uint8_t) (u16 & 0x00ff); }
  203714:	00844783          	lbu	a5,8(s0)
        TU_VERIFY(itf < TU_ARRAY_SIZE(_usbd_dev.itf2drv));
  203718:	473d                	li	a4,15
  20371a:	00f76c63          	bltu	a4,a5,203732 <dcd_event_handler+0x13c>
        usbd_class_driver_t const * driver = get_driver(_usbd_dev.itf2drv[itf]);
  20371e:	97d2                	add	a5,a5,s4
  203720:	0037c503          	lbu	a0,3(a5)
  203724:	bc7ff0ef          	jal	2032ea <get_driver>
  203728:	85aa                	mv	a1,a0
        return invoke_class_control(rhport, driver, p_request);
  20372a:	00440613          	add	a2,s0,4
        TU_VERIFY(driver);
  20372e:	32051763          	bnez	a0,203a5c <dcd_event_handler+0x466>
        dcd_edpt_stall(event->rhport, 0);
  203732:	00044503          	lbu	a0,0(s0)
}
  203736:	4466                	lw	s0,88(sp)
  203738:	40f6                	lw	ra,92(sp)
  20373a:	44d6                	lw	s1,84(sp)
  20373c:	4946                	lw	s2,80(sp)
  20373e:	49b6                	lw	s3,76(sp)
  203740:	4a26                	lw	s4,72(sp)
  203742:	4a96                	lw	s5,68(sp)
  203744:	4b06                	lw	s6,64(sp)
  203746:	5bf2                	lw	s7,60(sp)
  203748:	5c62                	lw	s8,56(sp)
  20374a:	5cd2                	lw	s9,52(sp)
  20374c:	5d42                	lw	s10,48(sp)
  20374e:	5db2                	lw	s11,44(sp)
        dcd_edpt_stall(event->rhport, 0);
  203750:	4581                	li	a1,0
}
  203752:	6125                	add	sp,sp,96
        dcd_edpt_stall(event->rhport, 0);
  203754:	941ff06f          	j	203094 <dcd_edpt_stall>
      if ( TUSB_REQ_TYPE_STANDARD != p_request->bmRequestType_bit.type )
  203758:	f60b1ae3          	bnez	s6,2036cc <dcd_event_handler+0xd6>
      switch ( p_request->bRequest )
  20375c:	00544783          	lbu	a5,5(s0)
  203760:	4725                	li	a4,9
  203762:	f6f765e3          	bltu	a4,a5,2036cc <dcd_event_handler+0xd6>
  203766:	92818713          	add	a4,gp,-1752 # 200a4270 <desc_device+0x34>
  20376a:	20e7c7b3          	sh2add	a5,a5,a4
  20376e:	439c                	lw	a5,0(a5)
  203770:	8782                	jr	a5
          usbd_control_set_request(p_request); // set request since DCD has no access to tud_control_status() API
  203772:	00440513          	add	a0,s0,4
  203776:	2d81                	jal	203dc6 <usbd_control_set_request>
          dcd_set_address(rhport, (uint8_t) p_request->wValue);
  203778:	00644583          	lbu	a1,6(s0)
  20377c:	4512                	lw	a0,4(sp)
  20377e:	d2aff0ef          	jal	202ca8 <dcd_set_address>
          _usbd_dev.addressed = 1;
  203782:	0009c783          	lbu	a5,0(s3)
  203786:	0027e793          	or	a5,a5,2
  20378a:	00f98023          	sb	a5,0(s3)
        break;
  20378e:	b5c9                	j	203650 <dcd_event_handler+0x5a>
          uint8_t cfg_num = _usbd_dev.cfg_num;
  203790:	0019c783          	lbu	a5,1(s3)
  203794:	00f10f23          	sb	a5,30(sp)
          tud_control_xfer(rhport, p_request, &cfg_num, 1);
  203798:	4685                	li	a3,1
          tud_control_xfer(rhport, p_request, &status, 2);
  20379a:	01e10613          	add	a2,sp,30
  20379e:	45a2                	lw	a1,8(sp)
  2037a0:	4512                	lw	a0,4(sp)
  2037a2:	2b5d                	jal	203d58 <tud_control_xfer>
        break;
  2037a4:	b575                	j	203650 <dcd_event_handler+0x5a>
          if ( !_usbd_dev.cfg_num && cfg_num ) TU_ASSERT( process_set_config(rhport, cfg_num) );
  2037a6:	0019c783          	lbu	a5,1(s3)
          uint8_t const cfg_num = (uint8_t) p_request->wValue;
  2037aa:	00644b03          	lbu	s6,6(s0)
          if ( !_usbd_dev.cfg_num && cfg_num ) TU_ASSERT( process_set_config(rhport, cfg_num) );
  2037ae:	e3bd                	bnez	a5,203814 <dcd_event_handler+0x21e>
  2037b0:	060b0263          	beqz	s6,203814 <dcd_event_handler+0x21e>
  tusb_desc_configuration_t const * desc_cfg = (tusb_desc_configuration_t const *) tud_descriptor_configuration_cb(cfg_num-1); // index is cfg_num-1
  2037b4:	fffb0513          	add	a0,s6,-1
  2037b8:	0ff57513          	zext.b	a0,a0
  2037bc:	f5cfd0ef          	jal	200f18 <tud_descriptor_configuration_cb>
  TU_ASSERT(desc_cfg != NULL && desc_cfg->bDescriptorType == TUSB_DESC_CONFIGURATION);
  2037c0:	c511                	beqz	a0,2037cc <dcd_event_handler+0x1d6>
  2037c2:	00154703          	lbu	a4,1(a0)
  2037c6:	4789                	li	a5,2
  2037c8:	00f70463          	beq	a4,a5,2037d0 <dcd_event_handler+0x1da>
    TU_ASSERT(drv_id < TOTAL_DRIVER_COUNT);
  2037cc:	9002                	ebreak
  2037ce:	bdfd                	j	2036cc <dcd_event_handler+0xd6>
  _usbd_dev.remote_wakeup_support = (desc_cfg->bmAttributes & TUSB_DESC_CONFIG_ATT_REMOTE_WAKEUP) ? 1 : 0;
  2037d0:	00754703          	lbu	a4,7(a0)
  2037d4:	48675793          	bext	a5,a4,0x6
  2037d8:	48575713          	bext	a4,a4,0x5
  2037dc:	0712                	sll	a4,a4,0x4
  2037de:	0796                	sll	a5,a5,0x5
  2037e0:	8fd9                	or	a5,a5,a4
  2037e2:	29c1c703          	lbu	a4,668(gp) # 200a4be4 <_usbd_dev>
  2037e6:	fcf77713          	and	a4,a4,-49
  2037ea:	8fd9                	or	a5,a5,a4
  uint8_t const * desc_end = ((uint8_t const*) desc_cfg) + desc_cfg->wTotalLength;
  2037ec:	00255703          	lhu	a4,2(a0)
  _usbd_dev.remote_wakeup_support = (desc_cfg->bmAttributes & TUSB_DESC_CONFIG_ATT_REMOTE_WAKEUP) ? 1 : 0;
  2037f0:	28f18e23          	sb	a5,668(gp) # 200a4be4 <_usbd_dev>
  uint8_t const * p_desc   = ((uint8_t const*) desc_cfg) + sizeof(tusb_desc_configuration_t);
  2037f4:	00950493          	add	s1,a0,9
  uint8_t const * desc_end = ((uint8_t const*) desc_cfg) + desc_cfg->wTotalLength;
  2037f8:	00e50a33          	add	s4,a0,a4
    if ( TUSB_DESC_INTERFACE_ASSOCIATION == tu_desc_type(p_desc) )
  2037fc:	4c2d                	li	s8,11
    TU_ASSERT( TUSB_DESC_INTERFACE == tu_desc_type(p_desc) );
  2037fe:	4c91                	li	s9,4
        TU_ASSERT( sizeof(tusb_desc_interface_t) <= drv_len && drv_len <= remaining_len);
  203800:	4d21                	li	s10,8
  while( p_desc < desc_end )
  203802:	0344ec63          	bltu	s1,s4,20383a <dcd_event_handler+0x244>
  if (tud_mount_cb) tud_mount_cb();
  203806:	002017b7          	lui	a5,0x201
  20380a:	d7278793          	add	a5,a5,-654 # 200d72 <tud_mount_cb>
  20380e:	c399                	beqz	a5,203814 <dcd_event_handler+0x21e>
  203810:	d62fd0ef          	jal	200d72 <tud_mount_cb>
          _usbd_dev.cfg_num = cfg_num;
  203814:	016980a3          	sb	s6,1(s3)
}
  203818:	4466                	lw	s0,88(sp)
          tud_control_status(rhport, p_request);
  20381a:	45a2                	lw	a1,8(sp)
  20381c:	4512                	lw	a0,4(sp)
}
  20381e:	40f6                	lw	ra,92(sp)
  203820:	44d6                	lw	s1,84(sp)
  203822:	4946                	lw	s2,80(sp)
  203824:	49b6                	lw	s3,76(sp)
  203826:	4a26                	lw	s4,72(sp)
  203828:	4a96                	lw	s5,68(sp)
  20382a:	4b06                	lw	s6,64(sp)
  20382c:	5bf2                	lw	s7,60(sp)
  20382e:	5c62                	lw	s8,56(sp)
  203830:	5cd2                	lw	s9,52(sp)
  203832:	5d42                	lw	s10,48(sp)
  203834:	5db2                	lw	s11,44(sp)
  203836:	6125                	add	sp,sp,96
          tud_control_status(rhport, p_request);
  203838:	ab31                	j	203d54 <tud_control_status>
    if ( TUSB_DESC_INTERFACE_ASSOCIATION == tu_desc_type(p_desc) )
  20383a:	0014c703          	lbu	a4,1(s1)
    tusb_desc_interface_assoc_t const * desc_itf_assoc = NULL;
  20383e:	4801                	li	a6,0
    if ( TUSB_DESC_INTERFACE_ASSOCIATION == tu_desc_type(p_desc) )
  203840:	01871663          	bne	a4,s8,20384c <dcd_event_handler+0x256>
  203844:	0004c703          	lbu	a4,0(s1)
      desc_itf_assoc = (tusb_desc_interface_assoc_t const *) p_desc;
  203848:	8826                	mv	a6,s1
      p_desc = tu_desc_next(p_desc); // next to Interface
  20384a:	94ba                	add	s1,s1,a4
    TU_ASSERT( TUSB_DESC_INTERFACE == tu_desc_type(p_desc) );
  20384c:	0014c703          	lbu	a4,1(s1)
  203850:	f7971ee3          	bne	a4,s9,2037cc <dcd_event_handler+0x1d6>
    uint16_t const remaining_len = desc_end-p_desc;
  203854:	409a0ab3          	sub	s5,s4,s1
  203858:	080acab3          	zext.h	s5,s5
    for (drv_id = 0; drv_id < TOTAL_DRIVER_COUNT; drv_id++)
  20385c:	4901                	li	s2,0
      usbd_class_driver_t const *driver = get_driver(drv_id);
  20385e:	854a                	mv	a0,s2
  203860:	c642                	sw	a6,12(sp)
  203862:	a89ff0ef          	jal	2032ea <get_driver>
      uint16_t const drv_len = driver->open(rhport, desc_itf, remaining_len);
  203866:	4514                	lw	a3,8(a0)
  203868:	8656                	mv	a2,s5
  20386a:	85a6                	mv	a1,s1
  20386c:	4512                	lw	a0,4(sp)
  20386e:	9682                	jalr	a3
  203870:	86aa                	mv	a3,a0
      if ( drv_len > 0 )
  203872:	4832                	lw	a6,12(sp)
  203874:	cd51                	beqz	a0,203910 <dcd_event_handler+0x31a>
        TU_ASSERT( sizeof(tusb_desc_interface_t) <= drv_len && drv_len <= remaining_len);
  203876:	f4ad7be3          	bgeu	s10,a0,2037cc <dcd_event_handler+0x1d6>
  20387a:	f4aae9e3          	bltu	s5,a0,2037cc <dcd_event_handler+0x1d6>
        TU_ASSERT(DRVID_INVALID == _usbd_dev.itf2drv[desc_itf->bInterfaceNumber]);
  20387e:	0024c503          	lbu	a0,2(s1)
  203882:	00a98633          	add	a2,s3,a0
  203886:	00364883          	lbu	a7,3(a2)
  20388a:	0ff00593          	li	a1,255
  20388e:	f2b89fe3          	bne	a7,a1,2037cc <dcd_event_handler+0x1d6>
        _usbd_dev.itf2drv[desc_itf->bInterfaceNumber] = drv_id;
  203892:	012601a3          	sb	s2,3(a2)
        if (desc_itf_assoc) //BSD: for USB2.0
  203896:	04081463          	bnez	a6,2038de <dcd_event_handler+0x2e8>
    for (drv_id = 0; drv_id < TOTAL_DRIVER_COUNT; drv_id++)
  20389a:	85a6                	mv	a1,s1
  20389c:	4601                	li	a2,0
    if ( TUSB_DESC_ENDPOINT == tu_desc_type(p_desc) )
  20389e:	4895                	li	a7,5
  2038a0:	0015c503          	lbu	a0,1(a1)
  2038a4:	01151f63          	bne	a0,a7,2038c2 <dcd_event_handler+0x2cc>
      uint8_t const ep_addr = ((tusb_desc_endpoint_t const*) p_desc)->bEndpointAddress;
  2038a8:	0025c803          	lbu	a6,2(a1)
      ep2drv[tu_edpt_number(ep_addr)][tu_edpt_dir(ep_addr)] = driver_id;
  2038ac:	07f87513          	and	a0,a6,127
  2038b0:	2af18313          	add	t1,gp,687 # 200a4bf7 <_usbd_dev+0x13>
  2038b4:	20652533          	sh1add	a0,a0,t1
  return (addr & TUSB_DIR_IN_MASK) ? TUSB_DIR_IN : TUSB_DIR_OUT;
  2038b8:	00785813          	srl	a6,a6,0x7
  2038bc:	9542                	add	a0,a0,a6
  2038be:	01250023          	sb	s2,0(a0)
  return ((uint8_t const*) desc)[DESC_OFFSET_TYPE];
}

static inline uint8_t tu_desc_len(void const* desc)
{
  return ((uint8_t const*) desc)[DESC_OFFSET_LEN];
  2038c2:	0005c503          	lbu	a0,0(a1)
    len   = (uint16_t)(len + tu_desc_len(p_desc));
  2038c6:	962a                	add	a2,a2,a0
  2038c8:	08064633          	zext.h	a2,a2
  return desc8 + desc8[DESC_OFFSET_LEN];
  2038cc:	95aa                	add	a1,a1,a0
  while( len < desc_len )
  2038ce:	fcd669e3          	bltu	a2,a3,2038a0 <dcd_event_handler+0x2aa>
        p_desc += drv_len; // next interface
  2038d2:	94b6                	add	s1,s1,a3
    TU_ASSERT(drv_id < TOTAL_DRIVER_COUNT);
  2038d4:	a151c683          	lbu	a3,-1515(gp) # 200a435d <_app_driver_count>
  2038d8:	f326f5e3          	bgeu	a3,s2,203802 <dcd_event_handler+0x20c>
  2038dc:	bdc5                	j	2037cc <dcd_event_handler+0x1d6>
          TU_ASSERT(desc_itf_assoc->bFirstInterface == desc_itf->bInterfaceNumber &&
  2038de:	00284603          	lbu	a2,2(a6)
  2038e2:	eea615e3          	bne	a2,a0,2037cc <dcd_event_handler+0x1d6>
  2038e6:	00484583          	lbu	a1,4(a6)
  2038ea:	0054c603          	lbu	a2,5(s1)
  2038ee:	ecc59fe3          	bne	a1,a2,2037cc <dcd_event_handler+0x1d6>
          for(uint8_t i=1; i<desc_itf_assoc->bInterfaceCount; i++)
  2038f2:	00384583          	lbu	a1,3(a6)
            _usbd_dev.itf2drv[desc_itf->bInterfaceNumber+i] = drv_id;
  2038f6:	4601                	li	a2,0
  2038f8:	c581                	beqz	a1,203900 <dcd_event_handler+0x30a>
  2038fa:	15fd                	add	a1,a1,-1
  2038fc:	0ff5f613          	zext.b	a2,a1
  203900:	0511                	add	a0,a0,4
  203902:	85ca                	mv	a1,s2
  203904:	954e                	add	a0,a0,s3
  203906:	c636                	sw	a3,12(sp)
  203908:	1a5020ef          	jal	2062ac <memset>
  20390c:	46b2                	lw	a3,12(sp)
  20390e:	b771                	j	20389a <dcd_event_handler+0x2a4>
    for (drv_id = 0; drv_id < TOTAL_DRIVER_COUNT; drv_id++)
  203910:	00190713          	add	a4,s2,1
  203914:	0ff77913          	zext.b	s2,a4
  203918:	a151c683          	lbu	a3,-1515(gp) # 200a435d <_app_driver_count>
  20391c:	f526f1e3          	bgeu	a3,s2,20385e <dcd_event_handler+0x268>
  203920:	b575                	j	2037cc <dcd_event_handler+0x1d6>
  tusb_desc_type_t const desc_type = (tusb_desc_type_t) tu_u16_high(p_request->wValue);
  203922:	00645503          	lhu	a0,6(s0)
  switch(desc_type)
  203926:	470d                	li	a4,3
static inline uint8_t tu_u16_high(uint16_t u16) { return (uint8_t) (((uint16_t) (u16 >> 8)) & 0x00ff); }
  203928:	00855793          	srl	a5,a0,0x8
static inline uint8_t tu_u16_low (uint16_t u16) { return (uint8_t) (u16 & 0x00ff); }
  20392c:	0ff57513          	zext.b	a0,a0
  203930:	04e78f63          	beq	a5,a4,20398e <dcd_event_handler+0x398>
  203934:	02f76663          	bltu	a4,a5,203960 <dcd_event_handler+0x36a>
  203938:	4705                	li	a4,1
  20393a:	04e78163          	beq	a5,a4,20397c <dcd_event_handler+0x386>
  20393e:	4709                	li	a4,2
  203940:	dee799e3          	bne	a5,a4,203732 <dcd_event_handler+0x13c>
      tusb_desc_configuration_t const* desc_config = (tusb_desc_configuration_t const*) tud_descriptor_configuration_cb(desc_index);
  203944:	dd4fd0ef          	jal	200f18 <tud_descriptor_configuration_cb>
  203948:	862a                	mv	a2,a0
      TU_ASSERT(desc_config);
  20394a:	d80501e3          	beqz	a0,2036cc <dcd_event_handler+0xd6>
      memcpy(&total_len, (uint8_t*) desc_config + offsetof(tusb_desc_configuration_t, wTotalLength), 2);
  20394e:	00255683          	lhu	a3,2(a0)
      if (p_request->wLength < total_len)
  203952:	00a45783          	lhu	a5,10(s0)
  203956:	02d7f763          	bgeu	a5,a3,203984 <dcd_event_handler+0x38e>
        return tud_control_xfer(rhport, p_request, (void*) desc_qualifier, desc_qualifier[0]);
  20395a:	00064683          	lbu	a3,0(a2)
  20395e:	a01d                	j	203984 <dcd_event_handler+0x38e>
  switch(desc_type)
  203960:	4719                	li	a4,6
  203962:	dce798e3          	bne	a5,a4,203732 <dcd_event_handler+0x13c>
      if ( tud_descriptor_device_qualifier_cb )
  203966:	002017b7          	lui	a5,0x201
  20396a:	f1278793          	add	a5,a5,-238 # 200f12 <tud_descriptor_device_qualifier_cb>
  20396e:	dc0782e3          	beqz	a5,203732 <dcd_event_handler+0x13c>
        uint8_t const* desc_qualifier = tud_descriptor_device_qualifier_cb();
  203972:	da0fd0ef          	jal	200f12 <tud_descriptor_device_qualifier_cb>
  203976:	862a                	mv	a2,a0
        TU_ASSERT(desc_qualifier);
  203978:	f16d                	bnez	a0,20395a <dcd_event_handler+0x364>
  20397a:	bb89                	j	2036cc <dcd_event_handler+0xd6>
      return tud_control_xfer(rhport, p_request, (void*) tud_descriptor_device_cb(), len);
  20397c:	d90fd0ef          	jal	200f0c <tud_descriptor_device_cb>
  203980:	862a                	mv	a2,a0
  203982:	46c9                	li	a3,18
        return tud_control_xfer(rhport, p_request, (void*) desc_qualifier, desc_qualifier[0]);
  203984:	00440593          	add	a1,s0,4
  203988:	4512                	lw	a0,4(sp)
  20398a:	26f9                	jal	203d58 <tud_control_xfer>
  20398c:	b3a5                	j	2036f4 <dcd_event_handler+0xfe>
      uint8_t const* desc_str = (uint8_t const*) tud_descriptor_string_cb(desc_index, p_request->wIndex);
  20398e:	00845583          	lhu	a1,8(s0)
  203992:	da4fd0ef          	jal	200f36 <tud_descriptor_string_cb>
  203996:	862a                	mv	a2,a0
      TU_VERIFY(desc_str);
  203998:	f169                	bnez	a0,20395a <dcd_event_handler+0x364>
  20399a:	bb61                	j	203732 <dcd_event_handler+0x13c>
          TU_VERIFY(TUSB_REQ_FEATURE_REMOTE_WAKEUP == p_request->wValue);
  20399c:	00645703          	lhu	a4,6(s0)
  2039a0:	4785                	li	a5,1
  2039a2:	d8f718e3          	bne	a4,a5,203732 <dcd_event_handler+0x13c>
          _usbd_dev.remote_wakeup_en = true;
  2039a6:	0009c783          	lbu	a5,0(s3)
  2039aa:	0087e793          	or	a5,a5,8
  2039ae:	00f98023          	sb	a5,0(s3)
  2039b2:	b59d                	j	203818 <dcd_event_handler+0x222>
          TU_VERIFY(TUSB_REQ_FEATURE_REMOTE_WAKEUP == p_request->wValue);
  2039b4:	00645703          	lhu	a4,6(s0)
  2039b8:	4785                	li	a5,1
  2039ba:	d6f71ce3          	bne	a4,a5,203732 <dcd_event_handler+0x13c>
          _usbd_dev.remote_wakeup_en = false;
  2039be:	0009c783          	lbu	a5,0(s3)
  2039c2:	9bdd                	and	a5,a5,-9
  2039c4:	b7ed                	j	2039ae <dcd_event_handler+0x3b8>
          uint16_t status = (_usbd_dev.self_powered ? 1 : 0) | (_usbd_dev.remote_wakeup_en ? 2 : 0);
  2039c6:	0009c783          	lbu	a5,0(s3)
  2039ca:	4857d713          	bext	a4,a5,0x5
  2039ce:	8389                	srl	a5,a5,0x2
  2039d0:	8b89                	and	a5,a5,2
  2039d2:	8fd9                	or	a5,a5,a4
  2039d4:	00f11f23          	sh	a5,30(sp)
          tud_control_xfer(rhport, p_request, &status, 2);
  2039d8:	4689                	li	a3,2
  2039da:	b3c1                	j	20379a <dcd_event_handler+0x1a4>
  2039dc:	00844783          	lbu	a5,8(s0)
      TU_VERIFY(itf < TU_ARRAY_SIZE(_usbd_dev.itf2drv));
  2039e0:	473d                	li	a4,15
  2039e2:	d4f768e3          	bltu	a4,a5,203732 <dcd_event_handler+0x13c>
      usbd_class_driver_t const * driver = get_driver(_usbd_dev.itf2drv[itf]);
  2039e6:	97d2                	add	a5,a5,s4
  2039e8:	0037c503          	lbu	a0,3(a5)
  2039ec:	8ffff0ef          	jal	2032ea <get_driver>
  2039f0:	85aa                	mv	a1,a0
      TU_VERIFY(driver);
  2039f2:	d40500e3          	beqz	a0,203732 <dcd_event_handler+0x13c>
      if ( !invoke_class_control(rhport, driver, p_request) )
  2039f6:	00440613          	add	a2,s0,4
  2039fa:	4512                	lw	a0,4(sp)
  2039fc:	91dff0ef          	jal	203318 <invoke_class_control>
  203a00:	c40518e3          	bnez	a0,203650 <dcd_event_handler+0x5a>
        TU_VERIFY(TUSB_REQ_TYPE_STANDARD == p_request->bmRequestType_bit.type);
  203a04:	00444783          	lbu	a5,4(s0)
  203a08:	0607f793          	and	a5,a5,96
  203a0c:	d20793e3          	bnez	a5,203732 <dcd_event_handler+0x13c>
        if (TUSB_REQ_GET_INTERFACE == p_request->bRequest)
  203a10:	00544783          	lbu	a5,5(s0)
  203a14:	4729                	li	a4,10
  203a16:	00e79563          	bne	a5,a4,203a20 <dcd_event_handler+0x42a>
          uint8_t alternate = 0;
  203a1a:	00010f23          	sb	zero,30(sp)
          tud_control_xfer(rhport, p_request, &alternate, 1);
  203a1e:	bbad                	j	203798 <dcd_event_handler+0x1a2>
        }else if (TUSB_REQ_SET_INTERFACE == p_request->bRequest)
  203a20:	472d                	li	a4,11
  203a22:	d0e798e3          	bne	a5,a4,203732 <dcd_event_handler+0x13c>
  203a26:	bbcd                	j	203818 <dcd_event_handler+0x222>
  203a28:	00844583          	lbu	a1,8(s0)
  return (uint8_t)(addr & (~TUSB_DIR_IN_MASK));
  203a2c:	07f5f793          	and	a5,a1,127
      TU_ASSERT(ep_num < TU_ARRAY_SIZE(_usbd_dev.ep2drv) );
  203a30:	4721                	li	a4,8
  203a32:	c8f76de3          	bltu	a4,a5,2036cc <dcd_event_handler+0xd6>
      usbd_class_driver_t const * driver = get_driver(_usbd_dev.ep2drv[ep_num][ep_dir]);
  203a36:	0075d713          	srl	a4,a1,0x7
  203a3a:	2147a7b3          	sh1add	a5,a5,s4
  203a3e:	97ba                	add	a5,a5,a4
  203a40:	0137c503          	lbu	a0,19(a5)
  203a44:	c62e                	sw	a1,12(sp)
  203a46:	8a5ff0ef          	jal	2032ea <get_driver>
  203a4a:	8a2a                	mv	s4,a0
      if ( TUSB_REQ_TYPE_STANDARD != p_request->bmRequestType_bit.type )
  203a4c:	45b2                	lw	a1,12(sp)
  203a4e:	000b0b63          	beqz	s6,203a64 <dcd_event_handler+0x46e>
        TU_VERIFY(driver);
  203a52:	ce0500e3          	beqz	a0,203732 <dcd_event_handler+0x13c>
        return invoke_class_control(rhport, driver, p_request);
  203a56:	00440613          	add	a2,s0,4
  203a5a:	85aa                	mv	a1,a0
  203a5c:	4512                	lw	a0,4(sp)
  203a5e:	8bbff0ef          	jal	203318 <invoke_class_control>
  203a62:	b949                	j	2036f4 <dcd_event_handler+0xfe>
        switch ( p_request->bRequest )
  203a64:	00544783          	lbu	a5,5(s0)
  203a68:	0fd7f713          	and	a4,a5,253
  203a6c:	01870a63          	beq	a4,s8,203a80 <dcd_event_handler+0x48a>
  203a70:	c4079ee3          	bnez	a5,2036cc <dcd_event_handler+0xd6>
            uint16_t status = usbd_edpt_stalled(rhport, ep_addr) ? 0x0001 : 0x0000;
  203a74:	4512                	lw	a0,4(sp)
  203a76:	b67ff0ef          	jal	2035dc <usbd_edpt_stalled>
  203a7a:	00a11f23          	sh	a0,30(sp)
            tud_control_xfer(rhport, p_request, &status, 2);
  203a7e:	bfa9                	j	2039d8 <dcd_event_handler+0x3e2>
            if ( TUSB_REQ_FEATURE_EDPT_HALT == p_request->wValue )
  203a80:	00645683          	lhu	a3,6(s0)
  203a84:	e691                	bnez	a3,203a90 <dcd_event_handler+0x49a>
                usbd_edpt_clear_stall(rhport, ep_addr);
  203a86:	4512                	lw	a0,4(sp)
              if ( TUSB_REQ_CLEAR_FEATURE ==  p_request->bRequest )
  203a88:	02e79463          	bne	a5,a4,203ab0 <dcd_event_handler+0x4ba>
                usbd_edpt_clear_stall(rhport, ep_addr);
  203a8c:	b19ff0ef          	jal	2035a4 <usbd_edpt_clear_stall>
            if (driver)
  203a90:	bc0a00e3          	beqz	s4,203650 <dcd_event_handler+0x5a>
              (void) invoke_class_control(rhport, driver, p_request);
  203a94:	4622                	lw	a2,8(sp)
  203a96:	85d2                	mv	a1,s4
  203a98:	4512                	lw	a0,4(sp)
  203a9a:	87fff0ef          	jal	203318 <invoke_class_control>
              usbd_control_set_complete_callback(NULL);
  203a9e:	4501                	li	a0,0
  203aa0:	2605                	jal	203dc0 <usbd_control_set_complete_callback>
              if ( !_usbd_dev.ep_status[0][TUSB_DIR_IN].busy ) tud_control_status(rhport, p_request);
  203aa2:	0249a783          	lw	a5,36(s3)
  203aa6:	00f79713          	sll	a4,a5,0xf
  203aaa:	ba0743e3          	bltz	a4,203650 <dcd_event_handler+0x5a>
  203aae:	b3ad                	j	203818 <dcd_event_handler+0x222>
                usbd_edpt_stall(rhport, ep_addr);
  203ab0:	ab9ff0ef          	jal	203568 <usbd_edpt_stall>
  203ab4:	bff1                	j	203a90 <dcd_event_handler+0x49a>
      uint8_t const ep_addr = event->xfer_complete.ep_addr;
  203ab6:	00454583          	lbu	a1,4(a0)
  203aba:	07f5f693          	and	a3,a1,127
      _usbd_dev.ep_status[epnum][ep_dir].busy = false;
  203abe:	29c18793          	add	a5,gp,668 # 200a4be4 <_usbd_dev>
  203ac2:	0075d713          	srl	a4,a1,0x7
  203ac6:	20f6a7b3          	sh1add	a5,a3,a5
  203aca:	97ba                	add	a5,a5,a4
  203acc:	0257c703          	lbu	a4,37(a5)
  203ad0:	9b79                	and	a4,a4,-2
  203ad2:	02e782a3          	sb	a4,37(a5)
      _usbd_dev.ep_status[epnum][ep_dir].claimed = 0;
  203ad6:	0257c703          	lbu	a4,37(a5)
  203ada:	9b6d                	and	a4,a4,-5
  203adc:	02e782a3          	sb	a4,37(a5)
      if ( 0 == epnum )
  203ae0:	e68d                	bnez	a3,203b0a <dcd_event_handler+0x514>
}
  203ae2:	4466                	lw	s0,88(sp)
        usbd_control_xfer_cb(event->rhport, ep_addr, (xfer_result_t)event->xfer_complete.result, event->xfer_complete.len);
  203ae4:	4514                	lw	a3,8(a0)
  203ae6:	00554603          	lbu	a2,5(a0)
}
  203aea:	40f6                	lw	ra,92(sp)
  203aec:	44d6                	lw	s1,84(sp)
  203aee:	4946                	lw	s2,80(sp)
  203af0:	49b6                	lw	s3,76(sp)
  203af2:	4a26                	lw	s4,72(sp)
  203af4:	4a96                	lw	s5,68(sp)
  203af6:	4b06                	lw	s6,64(sp)
  203af8:	5bf2                	lw	s7,60(sp)
  203afa:	5c62                	lw	s8,56(sp)
  203afc:	5cd2                	lw	s9,52(sp)
  203afe:	5d42                	lw	s10,48(sp)
  203b00:	5db2                	lw	s11,44(sp)
        usbd_control_xfer_cb(event->rhport, ep_addr, (xfer_result_t)event->xfer_complete.result, event->xfer_complete.len);
  203b02:	00054503          	lbu	a0,0(a0)
}
  203b06:	6125                	add	sp,sp,96
        usbd_control_xfer_cb(event->rhport, ep_addr, (xfer_result_t)event->xfer_complete.result, event->xfer_complete.len);
  203b08:	acd1                	j	203ddc <usbd_control_xfer_cb>
        usbd_class_driver_t const * driver = get_driver( _usbd_dev.ep2drv[epnum][ep_dir] );
  203b0a:	0137c503          	lbu	a0,19(a5)
  203b0e:	c22e                	sw	a1,4(sp)
  203b10:	fdaff0ef          	jal	2032ea <get_driver>
        TU_ASSERT(driver, );
  203b14:	4592                	lw	a1,4(sp)
  203b16:	e119                	bnez	a0,203b1c <dcd_event_handler+0x526>
  203b18:	9002                	ebreak
  203b1a:	be1d                	j	203650 <dcd_event_handler+0x5a>
        driver->xfer_cb(event->rhport, ep_addr, (xfer_result_t)event->xfer_complete.result, event->xfer_complete.len);
  203b1c:	491c                	lw	a5,16(a0)
  203b1e:	4414                	lw	a3,8(s0)
  203b20:	00544603          	lbu	a2,5(s0)
  203b24:	00044503          	lbu	a0,0(s0)
}
  203b28:	4466                	lw	s0,88(sp)
  203b2a:	40f6                	lw	ra,92(sp)
  203b2c:	44d6                	lw	s1,84(sp)
  203b2e:	4946                	lw	s2,80(sp)
  203b30:	49b6                	lw	s3,76(sp)
  203b32:	4a26                	lw	s4,72(sp)
  203b34:	4a96                	lw	s5,68(sp)
  203b36:	4b06                	lw	s6,64(sp)
  203b38:	5bf2                	lw	s7,60(sp)
  203b3a:	5c62                	lw	s8,56(sp)
  203b3c:	5cd2                	lw	s9,52(sp)
  203b3e:	5d42                	lw	s10,48(sp)
  203b40:	5db2                	lw	s11,44(sp)
  203b42:	6125                	add	sp,sp,96
        driver->xfer_cb(event->rhport, ep_addr, (xfer_result_t)event->xfer_complete.result, event->xfer_complete.len);
  203b44:	8782                	jr	a5
      if ( _usbd_dev.connected )
  203b46:	29c18793          	add	a5,gp,668 # 200a4be4 <_usbd_dev>
  203b4a:	4398                	lw	a4,0(a5)
  203b4c:	8b05                	and	a4,a4,1
  203b4e:	b00701e3          	beqz	a4,203650 <dcd_event_handler+0x5a>
        _usbd_dev.connected  = 0;
  203b52:	0007c703          	lbu	a4,0(a5)
  203b56:	9b79                	and	a4,a4,-2
  203b58:	00e78023          	sb	a4,0(a5)
        _usbd_dev.addressed  = 0;
  203b5c:	0007c703          	lbu	a4,0(a5)
  203b60:	9b75                	and	a4,a4,-3
  203b62:	00e78023          	sb	a4,0(a5)
        _usbd_dev.cfg_num    = 0;
  203b66:	000780a3          	sb	zero,1(a5)
        _usbd_dev.suspended  = 0;
  203b6a:	0007c703          	lbu	a4,0(a5)
  203b6e:	9b6d                	and	a4,a4,-5
  203b70:	00e78023          	sb	a4,0(a5)
        usbd_reset(event->rhport);
  203b74:	00054503          	lbu	a0,0(a0)
  203b78:	fc6ff0ef          	jal	20333e <usbd_reset>
        if (tud_umount_cb) tud_umount_cb();
  203b7c:	00000793          	li	a5,0
  203b80:	ac0788e3          	beqz	a5,203650 <dcd_event_handler+0x5a>
}
  203b84:	4466                	lw	s0,88(sp)
  203b86:	40f6                	lw	ra,92(sp)
  203b88:	44d6                	lw	s1,84(sp)
  203b8a:	4946                	lw	s2,80(sp)
  203b8c:	49b6                	lw	s3,76(sp)
  203b8e:	4a26                	lw	s4,72(sp)
  203b90:	4a96                	lw	s5,68(sp)
  203b92:	4b06                	lw	s6,64(sp)
  203b94:	5bf2                	lw	s7,60(sp)
  203b96:	5c62                	lw	s8,56(sp)
  203b98:	5cd2                	lw	s9,52(sp)
  203b9a:	5d42                	lw	s10,48(sp)
  203b9c:	5db2                	lw	s11,44(sp)
  203b9e:	6125                	add	sp,sp,96
        if (tud_umount_cb) tud_umount_cb();
  203ba0:	00000317          	auipc	t1,0x0
  203ba4:	00000067          	jr	zero # 0 <__SMP_CPU_CNT-0x1>
      if ( _usbd_dev.connected )
  203ba8:	29c18793          	add	a5,gp,668 # 200a4be4 <_usbd_dev>
  203bac:	4398                	lw	a4,0(a5)
  203bae:	8b05                	and	a4,a4,1
  203bb0:	aa0700e3          	beqz	a4,203650 <dcd_event_handler+0x5a>
        _usbd_dev.suspended = 1;
  203bb4:	0007c703          	lbu	a4,0(a5)
  203bb8:	00476713          	or	a4,a4,4
  203bbc:	00e78023          	sb	a4,0(a5)
        if (tud_suspend_cb) tud_suspend_cb(_usbd_dev.remote_wakeup_en);
  203bc0:	00201737          	lui	a4,0x201
  203bc4:	db070713          	add	a4,a4,-592 # 200db0 <tud_suspend_cb>
  203bc8:	a80704e3          	beqz	a4,203650 <dcd_event_handler+0x5a>
  203bcc:	4388                	lw	a0,0(a5)
}
  203bce:	4466                	lw	s0,88(sp)
  203bd0:	40f6                	lw	ra,92(sp)
  203bd2:	44d6                	lw	s1,84(sp)
  203bd4:	4946                	lw	s2,80(sp)
  203bd6:	49b6                	lw	s3,76(sp)
  203bd8:	4a26                	lw	s4,72(sp)
  203bda:	4a96                	lw	s5,68(sp)
  203bdc:	4b06                	lw	s6,64(sp)
  203bde:	5bf2                	lw	s7,60(sp)
  203be0:	5c62                	lw	s8,56(sp)
  203be2:	5cd2                	lw	s9,52(sp)
  203be4:	5d42                	lw	s10,48(sp)
  203be6:	5db2                	lw	s11,44(sp)
        if (tud_suspend_cb) tud_suspend_cb(_usbd_dev.remote_wakeup_en);
  203be8:	48355513          	bext	a0,a0,0x3
}
  203bec:	6125                	add	sp,sp,96
        if (tud_suspend_cb) tud_suspend_cb(_usbd_dev.remote_wakeup_en);
  203bee:	9c2fd06f          	j	200db0 <tud_suspend_cb>
      if ( _usbd_dev.connected )
  203bf2:	29c18793          	add	a5,gp,668 # 200a4be4 <_usbd_dev>
  203bf6:	4398                	lw	a4,0(a5)
  203bf8:	8b05                	and	a4,a4,1
  203bfa:	a4070be3          	beqz	a4,203650 <dcd_event_handler+0x5a>
        _usbd_dev.suspended = 0;
  203bfe:	0007c703          	lbu	a4,0(a5)
  203c02:	9b6d                	and	a4,a4,-5
  203c04:	00e78023          	sb	a4,0(a5)
        if (tud_resume_cb) tud_resume_cb();
  203c08:	002017b7          	lui	a5,0x201
  203c0c:	db278793          	add	a5,a5,-590 # 200db2 <tud_resume_cb>
  203c10:	a40780e3          	beqz	a5,203650 <dcd_event_handler+0x5a>
}
  203c14:	4466                	lw	s0,88(sp)
  203c16:	40f6                	lw	ra,92(sp)
  203c18:	44d6                	lw	s1,84(sp)
  203c1a:	4946                	lw	s2,80(sp)
  203c1c:	49b6                	lw	s3,76(sp)
  203c1e:	4a26                	lw	s4,72(sp)
  203c20:	4a96                	lw	s5,68(sp)
  203c22:	4b06                	lw	s6,64(sp)
  203c24:	5bf2                	lw	s7,60(sp)
  203c26:	5c62                	lw	s8,56(sp)
  203c28:	5cd2                	lw	s9,52(sp)
  203c2a:	5d42                	lw	s10,48(sp)
  203c2c:	5db2                	lw	s11,44(sp)
  203c2e:	6125                	add	sp,sp,96
        if (tud_resume_cb) tud_resume_cb();
  203c30:	982fd06f          	j	200db2 <tud_resume_cb>
      if (tud_bus_reset_cb) tud_bus_reset_cb();
  203c34:	00000793          	li	a5,0
  203c38:	c789                	beqz	a5,203c42 <dcd_event_handler+0x64c>
  203c3a:	00000097          	auipc	ra,0x0
  203c3e:	000000e7          	jalr	zero # 0 <__SMP_CPU_CNT-0x1>
      usbd_reset(event->rhport);
  203c42:	00044503          	lbu	a0,0(s0)
  203c46:	ef8ff0ef          	jal	20333e <usbd_reset>
      _usbd_dev.speed = event->bus_reset.speed;
  203c4a:	4058                	lw	a4,4(s0)
  203c4c:	28e18f23          	sb	a4,670(gp) # 200a4be6 <_usbd_dev+0x2>
    break;
  203c50:	b401                	j	203650 <dcd_event_handler+0x5a>
      if ( event->func_call.func ) event->func_call.func(event->func_call.param);
  203c52:	415c                	lw	a5,4(a0)
  203c54:	9e078ee3          	beqz	a5,203650 <dcd_event_handler+0x5a>
}
  203c58:	4466                	lw	s0,88(sp)
  203c5a:	40f6                	lw	ra,92(sp)
  203c5c:	44d6                	lw	s1,84(sp)
  203c5e:	4946                	lw	s2,80(sp)
  203c60:	49b6                	lw	s3,76(sp)
  203c62:	4a26                	lw	s4,72(sp)
  203c64:	4a96                	lw	s5,68(sp)
  203c66:	4b06                	lw	s6,64(sp)
  203c68:	5bf2                	lw	s7,60(sp)
  203c6a:	5c62                	lw	s8,56(sp)
  203c6c:	5cd2                	lw	s9,52(sp)
  203c6e:	5d42                	lw	s10,48(sp)
  203c70:	5db2                	lw	s11,44(sp)
      if ( event->func_call.func ) event->func_call.func(event->func_call.param);
  203c72:	4508                	lw	a0,8(a0)
}
  203c74:	6125                	add	sp,sp,96
      if ( event->func_call.func ) event->func_call.func(event->func_call.param);
  203c76:	8782                	jr	a5
      TU_BREAKPOINT();
  203c78:	9002                	ebreak
    break;
  203c7a:	8082                	ret

00203c7c <dcd_event_bus_signal>:
{
  203c7c:	1101                	add	sp,sp,-32
  dcd_event_t event = { .rhport = rhport, .event_id = eid };
  203c7e:	00a10223          	sb	a0,4(sp)
  203c82:	00b102a3          	sb	a1,5(sp)
  dcd_event_handler(&event, in_isr);
  203c86:	0048                	add	a0,sp,4
  203c88:	85b2                	mv	a1,a2
{
  203c8a:	ce06                	sw	ra,28(sp)
  dcd_event_t event = { .rhport = rhport, .event_id = eid };
  203c8c:	00012323          	sw	zero,6(sp)
  203c90:	00012523          	sw	zero,10(sp)
  203c94:	00011723          	sh	zero,14(sp)
  dcd_event_handler(&event, in_isr);
  203c98:	95fff0ef          	jal	2035f6 <dcd_event_handler>
}
  203c9c:	40f2                	lw	ra,28(sp)
  203c9e:	6105                	add	sp,sp,32
  203ca0:	8082                	ret

00203ca2 <dcd_event_bus_reset>:
{
  203ca2:	1101                	add	sp,sp,-32
  dcd_event_t event = { .rhport = rhport, .event_id = DCD_EVENT_BUS_RESET };
  203ca4:	00012323          	sw	zero,6(sp)
  203ca8:	00012523          	sw	zero,10(sp)
  203cac:	00a10223          	sb	a0,4(sp)
  event.bus_reset.speed = speed;
  203cb0:	c42e                	sw	a1,8(sp)
  dcd_event_t event = { .rhport = rhport, .event_id = DCD_EVENT_BUS_RESET };
  203cb2:	4785                	li	a5,1
  dcd_event_handler(&event, in_isr);
  203cb4:	0048                	add	a0,sp,4
  203cb6:	85b2                	mv	a1,a2
{
  203cb8:	ce06                	sw	ra,28(sp)
  dcd_event_t event = { .rhport = rhport, .event_id = DCD_EVENT_BUS_RESET };
  203cba:	00011723          	sh	zero,14(sp)
  203cbe:	00f102a3          	sb	a5,5(sp)
  dcd_event_handler(&event, in_isr);
  203cc2:	935ff0ef          	jal	2035f6 <dcd_event_handler>
}
  203cc6:	40f2                	lw	ra,28(sp)
  203cc8:	6105                	add	sp,sp,32
  203cca:	8082                	ret

00203ccc <dcd_event_setup_received>:
{
  203ccc:	1101                	add	sp,sp,-32
  203cce:	ce06                	sw	ra,28(sp)
  dcd_event_t event = { .rhport = rhport, .event_id = DCD_EVENT_SETUP_RECEIVED };
  203cd0:	4799                	li	a5,6
  203cd2:	00a10223          	sb	a0,4(sp)
  203cd6:	00f102a3          	sb	a5,5(sp)
  memcpy(&event.setup_received, setup, 8);
  203cda:	4198                	lw	a4,0(a1)
  203cdc:	41dc                	lw	a5,4(a1)
  dcd_event_handler(&event, in_isr);
  203cde:	0048                	add	a0,sp,4
  203ce0:	85b2                	mv	a1,a2
  dcd_event_t event = { .rhport = rhport, .event_id = DCD_EVENT_SETUP_RECEIVED };
  203ce2:	00011323          	sh	zero,6(sp)
  memcpy(&event.setup_received, setup, 8);
  203ce6:	c43a                	sw	a4,8(sp)
  203ce8:	c63e                	sw	a5,12(sp)
  dcd_event_handler(&event, in_isr);
  203cea:	90dff0ef          	jal	2035f6 <dcd_event_handler>
}
  203cee:	40f2                	lw	ra,28(sp)
  203cf0:	6105                	add	sp,sp,32
  203cf2:	8082                	ret

00203cf4 <dcd_event_xfer_complete>:
{
  203cf4:	1101                	add	sp,sp,-32
  dcd_event_t event = { .rhport = rhport, .event_id = DCD_EVENT_XFER_COMPLETE };
  203cf6:	00012323          	sw	zero,6(sp)
  203cfa:	00a10223          	sb	a0,4(sp)
  event.xfer_complete.ep_addr = ep_addr;
  203cfe:	00b10423          	sb	a1,8(sp)
  dcd_event_t event = { .rhport = rhport, .event_id = DCD_EVENT_XFER_COMPLETE };
  203d02:	479d                	li	a5,7
  dcd_event_handler(&event, in_isr);
  203d04:	0048                	add	a0,sp,4
  203d06:	85ba                	mv	a1,a4
{
  203d08:	ce06                	sw	ra,28(sp)
  dcd_event_t event = { .rhport = rhport, .event_id = DCD_EVENT_XFER_COMPLETE };
  203d0a:	00011523          	sh	zero,10(sp)
  203d0e:	00f102a3          	sb	a5,5(sp)
  event.xfer_complete.len     = xferred_bytes;
  203d12:	c632                	sw	a2,12(sp)
  event.xfer_complete.result  = result;
  203d14:	00d104a3          	sb	a3,9(sp)
  dcd_event_handler(&event, in_isr);
  203d18:	8dfff0ef          	jal	2035f6 <dcd_event_handler>
}
  203d1c:	40f2                	lw	ra,28(sp)
  203d1e:	6105                	add	sp,sp,32
  203d20:	8082                	ret

00203d22 <_data_stage_xact>:
// Queue a transaction in Data Stage
// Each transaction has up to Endpoint0's max packet size.
// This function can also transfer an zero-length packet
static bool _data_stage_xact(uint8_t rhport)
{
  uint16_t const xact_len = tu_min16(_ctrl_xfer.data_len - _ctrl_xfer.total_xferred, CFG_TUD_ENDPOINT0_SIZE);
  203d22:	2d418793          	add	a5,gp,724 # 200a4c1c <_ctrl_xfer>
  203d26:	00c7d603          	lhu	a2,12(a5)
  203d2a:	00e7d703          	lhu	a4,14(a5)

// Min
static inline uint8_t  tu_min8  (uint8_t  x, uint8_t y ) { return (x < y) ? x : y; }
static inline uint16_t tu_min16 (uint16_t x, uint16_t y) { return (x < y) ? x : y; }
  203d2e:	04000593          	li	a1,64
  203d32:	40e606b3          	sub	a3,a2,a4
  203d36:	0806c6b3          	zext.h	a3,a3
  203d3a:	0ab6d6b3          	minu	a3,a3,a1
//  if (_ctrl_xfer.request.bmRequestType_bit.direction == TUSB_DIR_OUT && xact_len > CFG_TUD_ENDPOINT0_SIZE)
//      xact_len = CFG_TUD_ENDPOINT0_SIZE;

  uint8_t ep_addr = EDPT_CTRL_OUT;

  if ( _ctrl_xfer.request.bmRequestType_bit.direction == TUSB_DIR_IN )
  203d3e:	0007c583          	lbu	a1,0(a5)
  203d42:	0805f593          	and	a1,a1,128
  }

#if CFG_INTERNAL_CTRL_BUF
  return usbd_edpt_xfer(rhport, ep_addr, xact_len ? _usbd_ctrl_buf : NULL, xact_len);
#else
  return usbd_edpt_xfer(rhport, ep_addr, xact_len ? _ctrl_xfer.buffer : NULL, xact_len);
  203d46:	00e60563          	beq	a2,a4,203d50 <_data_stage_xact+0x2e>
  203d4a:	4790                	lw	a2,8(a5)
  203d4c:	fc8ff06f          	j	203514 <usbd_edpt_xfer>
  203d50:	4601                	li	a2,0
  203d52:	bfed                	j	203d4c <_data_stage_xact+0x2a>

00203d54 <tud_control_status>:
}
  203d54:	4505                	li	a0,1
  203d56:	8082                	ret

00203d58 <tud_control_xfer>:

// Transmit data to/from the control endpoint.
// If the request's wLength is zero, a status packet is sent instead.
bool tud_control_xfer(uint8_t rhport, tusb_control_request_t const * request, void* buffer, uint16_t len)
{
  _ctrl_xfer.request       = (*request);
  203d58:	2d418793          	add	a5,gp,724 # 200a4c1c <_ctrl_xfer>
  203d5c:	0005a803          	lw	a6,0(a1)
  203d60:	0045a883          	lw	a7,4(a1)
  203d64:	0117a223          	sw	a7,4(a5)
  203d68:	0107a023          	sw	a6,0(a5)
  _ctrl_xfer.buffer        = (uint8_t*) buffer;
  _ctrl_xfer.total_xferred = 0U;
  _ctrl_xfer.data_len      = tu_min16(len, request->wLength);
  203d6c:	0065d703          	lhu	a4,6(a1)
  _ctrl_xfer.buffer        = (uint8_t*) buffer;
  203d70:	c790                	sw	a2,8(a5)
  203d72:	0ad756b3          	minu	a3,a4,a3
  _ctrl_xfer.total_xferred = 0U;
  203d76:	00079723          	sh	zero,14(a5)
  _ctrl_xfer.data_len      = tu_min16(len, request->wLength);
  203d7a:	00d79623          	sh	a3,12(a5)
  
  if (request->wLength > 0U)
  203d7e:	e719                	bnez	a4,203d8c <tud_control_xfer+0x34>
    // Status stage
    TU_ASSERT( _status_stage_xact(rhport, request) );
  }
#endif

  return true;
  203d80:	4505                	li	a0,1
}
  203d82:	8082                	ret
  return true;
  203d84:	4505                	li	a0,1
}
  203d86:	40b2                	lw	ra,12(sp)
  203d88:	0141                	add	sp,sp,16
  203d8a:	8082                	ret
    if(_ctrl_xfer.data_len > 0U)
  203d8c:	c689                	beqz	a3,203d96 <tud_control_xfer+0x3e>
      TU_ASSERT(buffer);
  203d8e:	e601                	bnez	a2,203d96 <tud_control_xfer+0x3e>
  203d90:	9002                	ebreak
  203d92:	4501                	li	a0,0
  203d94:	8082                	ret
{
  203d96:	1141                	add	sp,sp,-16
  203d98:	c606                	sw	ra,12(sp)
    TU_ASSERT( _data_stage_xact(rhport) );
  203d9a:	f89ff0ef          	jal	203d22 <_data_stage_xact>
  203d9e:	f17d                	bnez	a0,203d84 <tud_control_xfer+0x2c>
  203da0:	9002                	ebreak
      TU_ASSERT(buffer);
  203da2:	4501                	li	a0,0
  203da4:	b7cd                	j	203d86 <tud_control_xfer+0x2e>

00203da6 <usbd_control_reset>:
void usbd_control_set_complete_callback( usbd_control_xfer_cb_t fp );
bool usbd_control_xfer_cb (uint8_t rhport, uint8_t ep_addr, xfer_result_t event, uint32_t xferred_bytes);

void usbd_control_reset(void)
{
  tu_varclr(&_ctrl_xfer);
  203da6:	2d418793          	add	a5,gp,724 # 200a4c1c <_ctrl_xfer>
  203daa:	0007a023          	sw	zero,0(a5)
  203dae:	0007a223          	sw	zero,4(a5)
  203db2:	0007a423          	sw	zero,8(a5)
  203db6:	0007a623          	sw	zero,12(a5)
  203dba:	0007a823          	sw	zero,16(a5)
}
  203dbe:	8082                	ret

00203dc0 <usbd_control_set_complete_callback>:

// Set complete callback
void usbd_control_set_complete_callback( usbd_control_xfer_cb_t fp )
{
  _ctrl_xfer.complete_cb = fp;
  203dc0:	2ea1a223          	sw	a0,740(gp) # 200a4c2c <_ctrl_xfer+0x10>
}
  203dc4:	8082                	ret

00203dc6 <usbd_control_set_request>:

// for dcd_set_address where DCD is responsible for status response
void usbd_control_set_request(tusb_control_request_t const *request)
{
  _ctrl_xfer.request       = (*request);
  203dc6:	2d418793          	add	a5,gp,724 # 200a4c1c <_ctrl_xfer>
  203dca:	4110                	lw	a2,0(a0)
  203dcc:	4154                	lw	a3,4(a0)
  203dce:	c3d4                	sw	a3,4(a5)
  203dd0:	c390                	sw	a2,0(a5)
  _ctrl_xfer.buffer        = NULL;
  203dd2:	0007a423          	sw	zero,8(a5)
  _ctrl_xfer.total_xferred = 0;
  _ctrl_xfer.data_len      = 0;
  203dd6:	0007a623          	sw	zero,12(a5)
}
  203dda:	8082                	ret

00203ddc <usbd_control_xfer_cb>:
  }
#endif // !CFG_TUD_IGNORE_EP0_STATUS_STAGE

  if ( _ctrl_xfer.request.bmRequestType_bit.direction == TUSB_DIR_OUT )
  {
    TU_VERIFY(_ctrl_xfer.buffer);
  203ddc:	2d418793          	add	a5,gp,724 # 200a4c1c <_ctrl_xfer>
{
  203de0:	1141                	add	sp,sp,-16
    TU_VERIFY(_ctrl_xfer.buffer);
  203de2:	478c                	lw	a1,8(a5)
  if ( _ctrl_xfer.request.bmRequestType_bit.direction == TUSB_DIR_OUT )
  203de4:	00078783          	lb	a5,0(a5)
{
  203de8:	c422                	sw	s0,8(sp)
  203dea:	c606                	sw	ra,12(sp)
  203dec:	842a                	mv	s0,a0
  203dee:	2d418713          	add	a4,gp,724 # 200a4c1c <_ctrl_xfer>
  if ( _ctrl_xfer.request.bmRequestType_bit.direction == TUSB_DIR_OUT )
  203df2:	0007c363          	bltz	a5,203df8 <usbd_control_xfer_cb+0x1c>
    TU_VERIFY(_ctrl_xfer.buffer);
  203df6:	c9a1                	beqz	a1,203e46 <usbd_control_xfer_cb+0x6a>
#if CFG_INTERNAL_CTRL_BUF
    memcpy(_ctrl_xfer.buffer, _usbd_ctrl_buf, xferred_bytes);
#endif
  }

  _ctrl_xfer.total_xferred += xferred_bytes;
  203df8:	00e75783          	lhu	a5,14(a4)
  _ctrl_xfer.buffer += xferred_bytes;
  203dfc:	95b6                	add	a1,a1,a3
  _ctrl_xfer.total_xferred += xferred_bytes;
  203dfe:	97b6                	add	a5,a5,a3
  203e00:	0807c7b3          	zext.h	a5,a5
  _ctrl_xfer.buffer += xferred_bytes;
  203e04:	c70c                	sw	a1,8(a4)

  // Data Stage is complete when all request's length are transferred or
  // a short packet is sent including zero-length packet.
  if ( (_ctrl_xfer.request.wLength == _ctrl_xfer.total_xferred) || (xferred_bytes < CFG_TUD_ENDPOINT0_SIZE) )
  203e06:	00675583          	lhu	a1,6(a4)
  _ctrl_xfer.total_xferred += xferred_bytes;
  203e0a:	00f71723          	sh	a5,14(a4)
  if ( (_ctrl_xfer.request.wLength == _ctrl_xfer.total_xferred) || (xferred_bytes < CFG_TUD_ENDPOINT0_SIZE) )
  203e0e:	00f58663          	beq	a1,a5,203e1a <usbd_control_xfer_cb+0x3e>
  203e12:	03f00793          	li	a5,63
  203e16:	02d7e363          	bltu	a5,a3,203e3c <usbd_control_xfer_cb+0x60>
    // DATA stage is complete
    bool is_ok = true;

    // invoke complete callback if set
    // callback can still stall control in status phase e.g out data does not make sense
    if ( _ctrl_xfer.complete_cb )
  203e1a:	4b1c                	lw	a5,16(a4)
  203e1c:	cb99                	beqz	a5,203e32 <usbd_control_xfer_cb+0x56>
    {
      #if CFG_TUSB_DEBUG >= 2
      usbd_driver_print_control_complete_name(_ctrl_xfer.complete_cb);
      #endif

      is_ok = _ctrl_xfer.complete_cb(rhport, CONTROL_STAGE_DATA, &_ctrl_xfer.request);
  203e1e:	2d418613          	add	a2,gp,724 # 200a4c1c <_ctrl_xfer>
  203e22:	4585                	li	a1,1
  203e24:	8522                	mv	a0,s0
  203e26:	9782                	jalr	a5
    }

    if ( is_ok )
  203e28:	e509                	bnez	a0,203e32 <usbd_control_xfer_cb+0x56>
#endif

    }else
    {
      // Stall both IN and OUT control endpoint
      dcd_edpt_stall(rhport, EDPT_CTRL_OUT);
  203e2a:	4581                	li	a1,0
  203e2c:	8522                	mv	a0,s0
  203e2e:	a66ff0ef          	jal	203094 <dcd_edpt_stall>
  {
    // More data to transfer
    TU_ASSERT( _data_stage_xact(rhport) );
  }

  return true;
  203e32:	4505                	li	a0,1
}
  203e34:	40b2                	lw	ra,12(sp)
  203e36:	4422                	lw	s0,8(sp)
  203e38:	0141                	add	sp,sp,16
  203e3a:	8082                	ret
    TU_ASSERT( _data_stage_xact(rhport) );
  203e3c:	8522                	mv	a0,s0
  203e3e:	ee5ff0ef          	jal	203d22 <_data_stage_xact>
  203e42:	f965                	bnez	a0,203e32 <usbd_control_xfer_cb+0x56>
  203e44:	9002                	ebreak
    TU_VERIFY(_ctrl_xfer.buffer);
  203e46:	4501                	li	a0,0
  203e48:	b7f5                	j	203e34 <usbd_control_xfer_cb+0x58>

00203e4a <prvIsQueueEmpty>:
    taskEXIT_CRITICAL();
}
/*-----------------------------------------------------------*/

static BaseType_t prvIsQueueEmpty( const Queue_t * pxQueue )
{
  203e4a:	1141                	add	sp,sp,-16
  203e4c:	c422                	sw	s0,8(sp)
  203e4e:	842a                	mv	s0,a0
  203e50:	c606                	sw	ra,12(sp)
    BaseType_t xReturn;

    taskENTER_CRITICAL();
  203e52:	4d3010ef          	jal	205b24 <vPortEnterCritical>
    {
        if( pxQueue->uxMessagesWaiting == ( UBaseType_t ) 0 )
  203e56:	4020                	lw	s0,64(s0)
        else
        {
            xReturn = pdFALSE;
        }
    }
    taskEXIT_CRITICAL();
  203e58:	50b010ef          	jal	205b62 <vPortExitCritical>

    return xReturn;
}
  203e5c:	00143513          	seqz	a0,s0
  203e60:	40b2                	lw	ra,12(sp)
  203e62:	4422                	lw	s0,8(sp)
  203e64:	0141                	add	sp,sp,16
  203e66:	8082                	ret

00203e68 <prvCopyDataToQueue>:
{
  203e68:	1141                	add	sp,sp,-16
  203e6a:	c422                	sw	s0,8(sp)
  203e6c:	c226                	sw	s1,4(sp)
  203e6e:	c04a                	sw	s2,0(sp)
  203e70:	c606                	sw	ra,12(sp)
  203e72:	8932                	mv	s2,a2
    uxMessagesWaiting = pxQueue->uxMessagesWaiting;
  203e74:	4124                	lw	s1,64(a0)
    if( pxQueue->uxItemSize == ( UBaseType_t ) 0 )
  203e76:	4530                	lw	a2,72(a0)
{
  203e78:	842a                	mv	s0,a0
    if( pxQueue->uxItemSize == ( UBaseType_t ) 0 )
  203e7a:	e205                	bnez	a2,203e9a <prvCopyDataToQueue+0x32>
            if( pxQueue->uxQueueType == queueQUEUE_IS_MUTEX )
  203e7c:	411c                	lw	a5,0(a0)
  203e7e:	eb95                	bnez	a5,203eb2 <prvCopyDataToQueue+0x4a>
                xReturn = xTaskPriorityDisinherit( pxQueue->u.xSemaphore.xMutexHolder );
  203e80:	4508                	lw	a0,8(a0)
  203e82:	3fa010ef          	jal	20527c <xTaskPriorityDisinherit>
                pxQueue->u.xSemaphore.xMutexHolder = NULL;
  203e86:	00042423          	sw	zero,8(s0)
    pxQueue->uxMessagesWaiting = ( UBaseType_t ) ( uxMessagesWaiting + ( UBaseType_t ) 1 );
  203e8a:	0485                	add	s1,s1,1
  203e8c:	c024                	sw	s1,64(s0)
}
  203e8e:	40b2                	lw	ra,12(sp)
  203e90:	4422                	lw	s0,8(sp)
  203e92:	4492                	lw	s1,4(sp)
  203e94:	4902                	lw	s2,0(sp)
  203e96:	0141                	add	sp,sp,16
  203e98:	8082                	ret
    else if( xPosition == queueSEND_TO_BACK )
  203e9a:	02091163          	bnez	s2,203ebc <prvCopyDataToQueue+0x54>
        ( void ) memcpy( ( void * ) pxQueue->pcWriteTo, pvItemToQueue, ( size_t ) pxQueue->uxItemSize );
  203e9e:	4148                	lw	a0,4(a0)
  203ea0:	4b4020ef          	jal	206354 <memcpy>
        pxQueue->pcWriteTo += pxQueue->uxItemSize;
  203ea4:	405c                	lw	a5,4(s0)
  203ea6:	4438                	lw	a4,72(s0)
  203ea8:	97ba                	add	a5,a5,a4
  203eaa:	c05c                	sw	a5,4(s0)
        if( pxQueue->pcWriteTo >= pxQueue->u.xQueue.pcTail )
  203eac:	4418                	lw	a4,8(s0)
  203eae:	00e7f463          	bgeu	a5,a4,203eb6 <prvCopyDataToQueue+0x4e>
    BaseType_t xReturn = pdFALSE;
  203eb2:	4501                	li	a0,0
  203eb4:	bfd9                	j	203e8a <prvCopyDataToQueue+0x22>
            pxQueue->pcWriteTo = pxQueue->pcHead;
  203eb6:	401c                	lw	a5,0(s0)
  203eb8:	c05c                	sw	a5,4(s0)
  203eba:	bfe5                	j	203eb2 <prvCopyDataToQueue+0x4a>
        ( void ) memcpy( ( void * ) pxQueue->u.xQueue.pcReadFrom, pvItemToQueue, ( size_t ) pxQueue->uxItemSize );
  203ebc:	4548                	lw	a0,12(a0)
  203ebe:	496020ef          	jal	206354 <memcpy>
        pxQueue->u.xQueue.pcReadFrom -= pxQueue->uxItemSize;
  203ec2:	4438                	lw	a4,72(s0)
  203ec4:	445c                	lw	a5,12(s0)
  203ec6:	8f99                	sub	a5,a5,a4
  203ec8:	40e006b3          	neg	a3,a4
  203ecc:	c45c                	sw	a5,12(s0)
        if( pxQueue->u.xQueue.pcReadFrom < pxQueue->pcHead )
  203ece:	4018                	lw	a4,0(s0)
  203ed0:	00e7f563          	bgeu	a5,a4,203eda <prvCopyDataToQueue+0x72>
            pxQueue->u.xQueue.pcReadFrom = ( pxQueue->u.xQueue.pcTail - pxQueue->uxItemSize );
  203ed4:	441c                	lw	a5,8(s0)
  203ed6:	97b6                	add	a5,a5,a3
  203ed8:	c45c                	sw	a5,12(s0)
        if( xPosition == queueOVERWRITE )
  203eda:	4789                	li	a5,2
    BaseType_t xReturn = pdFALSE;
  203edc:	4501                	li	a0,0
        if( xPosition == queueOVERWRITE )
  203ede:	faf916e3          	bne	s2,a5,203e8a <prvCopyDataToQueue+0x22>
                --uxMessagesWaiting;
  203ee2:	009037b3          	snez	a5,s1
  203ee6:	8c9d                	sub	s1,s1,a5
  203ee8:	b74d                	j	203e8a <prvCopyDataToQueue+0x22>

00203eea <prvCopyDataFromQueue>:
{
  203eea:	87aa                	mv	a5,a0
    if( pxQueue->uxItemSize != ( UBaseType_t ) 0 )
  203eec:	47b0                	lw	a2,72(a5)
{
  203eee:	852e                	mv	a0,a1
    if( pxQueue->uxItemSize != ( UBaseType_t ) 0 )
  203ef0:	ce01                	beqz	a2,203f08 <prvCopyDataFromQueue+0x1e>
        pxQueue->u.xQueue.pcReadFrom += pxQueue->uxItemSize;
  203ef2:	47d8                	lw	a4,12(a5)
  203ef4:	9732                	add	a4,a4,a2
  203ef6:	c7d8                	sw	a4,12(a5)
        if( pxQueue->u.xQueue.pcReadFrom >= pxQueue->u.xQueue.pcTail )
  203ef8:	4794                	lw	a3,8(a5)
  203efa:	00d76463          	bltu	a4,a3,203f02 <prvCopyDataFromQueue+0x18>
            pxQueue->u.xQueue.pcReadFrom = pxQueue->pcHead;
  203efe:	4398                	lw	a4,0(a5)
  203f00:	c7d8                	sw	a4,12(a5)
        ( void ) memcpy( ( void * ) pvBuffer, ( void * ) pxQueue->u.xQueue.pcReadFrom, ( size_t ) pxQueue->uxItemSize );
  203f02:	47cc                	lw	a1,12(a5)
  203f04:	4500206f          	j	206354 <memcpy>
}
  203f08:	8082                	ret

00203f0a <prvUnlockQueue>:
{
  203f0a:	1141                	add	sp,sp,-16
  203f0c:	c422                	sw	s0,8(sp)
  203f0e:	842a                	mv	s0,a0
  203f10:	c226                	sw	s1,4(sp)
  203f12:	c04a                	sw	s2,0(sp)
  203f14:	c606                	sw	ra,12(sp)
    taskENTER_CRITICAL();
  203f16:	40f010ef          	jal	205b24 <vPortEnterCritical>
        int8_t cTxLock = pxQueue->cTxLock;
  203f1a:	04d44483          	lbu	s1,77(s0)
  203f1e:	60449493          	sext.b	s1,s1
                    if( xTaskRemoveFromEventList( &( pxQueue->xTasksWaitingToReceive ) ) != pdFALSE )
  203f22:	02840913          	add	s2,s0,40
        while( cTxLock > queueLOCKED_UNMODIFIED )
  203f26:	00905463          	blez	s1,203f2e <prvUnlockQueue+0x24>
                if( listLIST_IS_EMPTY( &( pxQueue->xTasksWaitingToReceive ) ) == pdFALSE )
  203f2a:	541c                	lw	a5,40(s0)
  203f2c:	ef85                	bnez	a5,203f64 <prvUnlockQueue+0x5a>
        pxQueue->cTxLock = queueUNLOCKED;
  203f2e:	57fd                	li	a5,-1
  203f30:	04f406a3          	sb	a5,77(s0)
    taskEXIT_CRITICAL();
  203f34:	42f010ef          	jal	205b62 <vPortExitCritical>
    taskENTER_CRITICAL();
  203f38:	3ed010ef          	jal	205b24 <vPortEnterCritical>
        int8_t cRxLock = pxQueue->cRxLock;
  203f3c:	04c44483          	lbu	s1,76(s0)
  203f40:	60449493          	sext.b	s1,s1
                if( xTaskRemoveFromEventList( &( pxQueue->xTasksWaitingToSend ) ) != pdFALSE )
  203f44:	01040913          	add	s2,s0,16
        while( cRxLock > queueLOCKED_UNMODIFIED )
  203f48:	00905463          	blez	s1,203f50 <prvUnlockQueue+0x46>
            if( listLIST_IS_EMPTY( &( pxQueue->xTasksWaitingToSend ) ) == pdFALSE )
  203f4c:	481c                	lw	a5,16(s0)
  203f4e:	e78d                	bnez	a5,203f78 <prvUnlockQueue+0x6e>
        pxQueue->cRxLock = queueUNLOCKED;
  203f50:	57fd                	li	a5,-1
  203f52:	04f40623          	sb	a5,76(s0)
}
  203f56:	4422                	lw	s0,8(sp)
  203f58:	40b2                	lw	ra,12(sp)
  203f5a:	4492                	lw	s1,4(sp)
  203f5c:	4902                	lw	s2,0(sp)
  203f5e:	0141                	add	sp,sp,16
    taskEXIT_CRITICAL();
  203f60:	4030106f          	j	205b62 <vPortExitCritical>
                    if( xTaskRemoveFromEventList( &( pxQueue->xTasksWaitingToReceive ) ) != pdFALSE )
  203f64:	854a                	mv	a0,s2
  203f66:	0ac010ef          	jal	205012 <xTaskRemoveFromEventList>
  203f6a:	c119                	beqz	a0,203f70 <prvUnlockQueue+0x66>
                        vTaskMissedYield();
  203f6c:	23a010ef          	jal	2051a6 <vTaskMissedYield>
            --cTxLock;
  203f70:	14fd                	add	s1,s1,-1
  203f72:	60449493          	sext.b	s1,s1
  203f76:	bf45                	j	203f26 <prvUnlockQueue+0x1c>
                if( xTaskRemoveFromEventList( &( pxQueue->xTasksWaitingToSend ) ) != pdFALSE )
  203f78:	854a                	mv	a0,s2
  203f7a:	098010ef          	jal	205012 <xTaskRemoveFromEventList>
  203f7e:	c119                	beqz	a0,203f84 <prvUnlockQueue+0x7a>
                    vTaskMissedYield();
  203f80:	226010ef          	jal	2051a6 <vTaskMissedYield>
                --cRxLock;
  203f84:	14fd                	add	s1,s1,-1
  203f86:	60449493          	sext.b	s1,s1
  203f8a:	bf7d                	j	203f48 <prvUnlockQueue+0x3e>

00203f8c <xQueueGenericReset>:
    configASSERT( pxQueue );
  203f8c:	e919                	bnez	a0,203fa2 <xQueueGenericReset+0x16>
extern uint8_t uxMaxSysCallMTH;

/*-----------------------------------------------------------*/
portFORCE_INLINE static void vPortRaiseBASEPRI(void)
{
    ECLIC_SetMth(uxMaxSysCallMTH);
  203f8e:	80c1c703          	lbu	a4,-2036(gp) # 200a4154 <uxMaxSysCallMTH>
 * \sa
 * - \ref ECLIC_GetMth
 */
__STATIC_FORCEINLINE void __ECLIC_SetMth(uint8_t mth)
{
    ECLIC->MTH = mth;
  203f92:	07018793          	add	a5,gp,112 # 200a49b8 <SystemIRegionInfo>
  203f96:	43dc                	lw	a5,4(a5)
  203f98:	00e785a3          	sb	a4,11(a5)
    __RWMB();
  203f9c:	0ff0000f          	fence
  203fa0:	a001                	j	203fa0 <xQueueGenericReset+0x14>
{
  203fa2:	1141                	add	sp,sp,-16
  203fa4:	c422                	sw	s0,8(sp)
  203fa6:	c606                	sw	ra,12(sp)
  203fa8:	c226                	sw	s1,4(sp)
        ( pxQueue->uxLength >= 1U ) &&
  203faa:	417c                	lw	a5,68(a0)
  203fac:	842a                	mv	s0,a0
    if( ( pxQueue != NULL ) &&
  203fae:	c3d9                	beqz	a5,204034 <xQueueGenericReset+0xa8>
        ( ( SIZE_MAX / pxQueue->uxLength ) >= pxQueue->uxItemSize ) )
  203fb0:	4538                	lw	a4,72(a0)
  203fb2:	02e7b7b3          	mulhu	a5,a5,a4
  203fb6:	efbd                	bnez	a5,204034 <xQueueGenericReset+0xa8>
  203fb8:	84ae                	mv	s1,a1
        taskENTER_CRITICAL();
  203fba:	36b010ef          	jal	205b24 <vPortEnterCritical>
            pxQueue->u.xQueue.pcTail = pxQueue->pcHead + ( pxQueue->uxLength * pxQueue->uxItemSize );
  203fbe:	4434                	lw	a3,72(s0)
  203fc0:	407c                	lw	a5,68(s0)
  203fc2:	4018                	lw	a4,0(s0)
  203fc4:	02f687b3          	mul	a5,a3,a5
  203fc8:	00f70633          	add	a2,a4,a5
            pxQueue->u.xQueue.pcReadFrom = pxQueue->pcHead + ( ( pxQueue->uxLength - 1U ) * pxQueue->uxItemSize );
  203fcc:	8f95                	sub	a5,a5,a3
            pxQueue->uxMessagesWaiting = ( UBaseType_t ) 0U;
  203fce:	04042023          	sw	zero,64(s0)
            pxQueue->pcWriteTo = pxQueue->pcHead;
  203fd2:	c058                	sw	a4,4(s0)
            pxQueue->u.xQueue.pcReadFrom = pxQueue->pcHead + ( ( pxQueue->uxLength - 1U ) * pxQueue->uxItemSize );
  203fd4:	973e                	add	a4,a4,a5
            pxQueue->cRxLock = queueUNLOCKED;
  203fd6:	57fd                	li	a5,-1
  203fd8:	04f40623          	sb	a5,76(s0)
            pxQueue->u.xQueue.pcTail = pxQueue->pcHead + ( pxQueue->uxLength * pxQueue->uxItemSize );
  203fdc:	c410                	sw	a2,8(s0)
            pxQueue->u.xQueue.pcReadFrom = pxQueue->pcHead + ( ( pxQueue->uxLength - 1U ) * pxQueue->uxItemSize );
  203fde:	c458                	sw	a4,12(s0)
            pxQueue->cTxLock = queueUNLOCKED;
  203fe0:	04f406a3          	sb	a5,77(s0)
            if( xNewQueue == pdFALSE )
  203fe4:	ec9d                	bnez	s1,204022 <xQueueGenericReset+0x96>
                if( listLIST_IS_EMPTY( &( pxQueue->xTasksWaitingToSend ) ) == pdFALSE )
  203fe6:	481c                	lw	a5,16(s0)
  203fe8:	c78d                	beqz	a5,204012 <xQueueGenericReset+0x86>
                    if( xTaskRemoveFromEventList( &( pxQueue->xTasksWaitingToSend ) ) != pdFALSE )
  203fea:	01040513          	add	a0,s0,16
  203fee:	024010ef          	jal	205012 <xTaskRemoveFromEventList>
  203ff2:	c105                	beqz	a0,204012 <xQueueGenericReset+0x86>
 * \attention function is allowed in machine mode only
 */
__STATIC_FORCEINLINE unsigned long __get_hart_id(void)
{
    unsigned long id;
    id = __RV_CSR_READ(CSR_MHARTID);
  203ff4:	f14027f3          	csrr	a5,mhartid
 * - \ref SysTimer_ClearHartSWIRQ
 * - \ref SysTimer_GetHartMsipValue
 */
__STATIC_FORCEINLINE void SysTimer_SetHartSWIRQ(unsigned long hartid)
{
    SysTimer->MSIP |= SysTimer_MSIP_MSIP_Msk;
  203ff8:	07018793          	add	a5,gp,112 # 200a49b8 <SystemIRegionInfo>
  203ffc:	479c                	lw	a5,8(a5)
  203ffe:	6705                	lui	a4,0x1
  204000:	97ba                	add	a5,a5,a4
  204002:	ffc7a703          	lw	a4,-4(a5)
  204006:	00176713          	or	a4,a4,1
  20400a:	fee7ae23          	sw	a4,-4(a5)
                        queueYIELD_IF_USING_PREEMPTION();
  20400e:	0ff0000f          	fence
        taskEXIT_CRITICAL();
  204012:	351010ef          	jal	205b62 <vPortExitCritical>
}
  204016:	40b2                	lw	ra,12(sp)
  204018:	4422                	lw	s0,8(sp)
  20401a:	4492                	lw	s1,4(sp)
  20401c:	4505                	li	a0,1
  20401e:	0141                	add	sp,sp,16
  204020:	8082                	ret
                vListInitialise( &( pxQueue->xTasksWaitingToSend ) );
  204022:	01040513          	add	a0,s0,16
  204026:	16c020ef          	jal	206192 <vListInitialise>
                vListInitialise( &( pxQueue->xTasksWaitingToReceive ) );
  20402a:	02840513          	add	a0,s0,40
  20402e:	164020ef          	jal	206192 <vListInitialise>
  204032:	b7c5                	j	204012 <xQueueGenericReset+0x86>
    ECLIC_SetMth(uxMaxSysCallMTH);
  204034:	80c1c703          	lbu	a4,-2036(gp) # 200a4154 <uxMaxSysCallMTH>
  204038:	07018793          	add	a5,gp,112 # 200a49b8 <SystemIRegionInfo>
  20403c:	43dc                	lw	a5,4(a5)
  20403e:	00e785a3          	sb	a4,11(a5)
    __RWMB();
  204042:	0ff0000f          	fence
    configASSERT( xReturn != pdFAIL );
  204046:	a001                	j	204046 <xQueueGenericReset+0xba>

00204048 <xQueueGenericCreate>:
        if( ( uxQueueLength > ( UBaseType_t ) 0 ) &&
  204048:	c525                	beqz	a0,2040b0 <xQueueGenericCreate+0x68>
    {
  20404a:	1141                	add	sp,sp,-16
  20404c:	c226                	sw	s1,4(sp)
  20404e:	c04a                	sw	s2,0(sp)
  204050:	c606                	sw	ra,12(sp)
  204052:	c422                	sw	s0,8(sp)
            ( ( SIZE_MAX / uxQueueLength ) >= uxItemSize ) &&
  204054:	02b537b3          	mulhu	a5,a0,a1
  204058:	892a                	mv	s2,a0
  20405a:	84ae                	mv	s1,a1
  20405c:	e3a1                	bnez	a5,20409c <xQueueGenericCreate+0x54>
            ( ( UBaseType_t ) ( SIZE_MAX - sizeof( Queue_t ) ) >= ( uxQueueLength * uxItemSize ) ) )
  20405e:	02b50533          	mul	a0,a0,a1
            ( ( SIZE_MAX / uxQueueLength ) >= uxItemSize ) &&
  204062:	faf00793          	li	a5,-81
  204066:	02a7eb63          	bltu	a5,a0,20409c <xQueueGenericCreate+0x54>
            pxNewQueue = ( Queue_t * ) pvPortMalloc( sizeof( Queue_t ) + xQueueSizeInBytes );
  20406a:	05050513          	add	a0,a0,80
  20406e:	780010ef          	jal	2057ee <pvPortMalloc>
  204072:	842a                	mv	s0,a0
            if( pxNewQueue != NULL )
  204074:	cd09                	beqz	a0,20408e <xQueueGenericCreate+0x46>
        pxNewQueue->pcHead = ( int8_t * ) pxNewQueue;
  204076:	87aa                	mv	a5,a0
    if( uxItemSize == ( UBaseType_t ) 0 )
  204078:	c099                	beqz	s1,20407e <xQueueGenericCreate+0x36>
                pucQueueStorage += sizeof( Queue_t );
  20407a:	05050793          	add	a5,a0,80
        pxNewQueue->pcHead = ( int8_t * ) pucQueueStorage;
  20407e:	c01c                	sw	a5,0(s0)
    pxNewQueue->uxLength = uxQueueLength;
  204080:	05242223          	sw	s2,68(s0)
    pxNewQueue->uxItemSize = uxItemSize;
  204084:	c424                	sw	s1,72(s0)
    ( void ) xQueueGenericReset( pxNewQueue, pdTRUE );
  204086:	4585                	li	a1,1
  204088:	8522                	mv	a0,s0
  20408a:	f03ff0ef          	jal	203f8c <xQueueGenericReset>
    }
  20408e:	8522                	mv	a0,s0
  204090:	40b2                	lw	ra,12(sp)
  204092:	4422                	lw	s0,8(sp)
  204094:	4492                	lw	s1,4(sp)
  204096:	4902                	lw	s2,0(sp)
  204098:	0141                	add	sp,sp,16
  20409a:	8082                	ret
    ECLIC_SetMth(uxMaxSysCallMTH);
  20409c:	80c1c703          	lbu	a4,-2036(gp) # 200a4154 <uxMaxSysCallMTH>
  2040a0:	07018793          	add	a5,gp,112 # 200a49b8 <SystemIRegionInfo>
  2040a4:	43dc                	lw	a5,4(a5)
  2040a6:	00e785a3          	sb	a4,11(a5)
    __RWMB();
  2040aa:	0ff0000f          	fence
            configASSERT( pxNewQueue );
  2040ae:	a001                	j	2040ae <xQueueGenericCreate+0x66>
    ECLIC_SetMth(uxMaxSysCallMTH);
  2040b0:	80c1c703          	lbu	a4,-2036(gp) # 200a4154 <uxMaxSysCallMTH>
  2040b4:	07018793          	add	a5,gp,112 # 200a49b8 <SystemIRegionInfo>
  2040b8:	43dc                	lw	a5,4(a5)
  2040ba:	00e785a3          	sb	a4,11(a5)
    __RWMB();
  2040be:	0ff0000f          	fence
  2040c2:	a001                	j	2040c2 <xQueueGenericCreate+0x7a>

002040c4 <xQueueGenericSend>:
{
  2040c4:	715d                	add	sp,sp,-80
  2040c6:	c686                	sw	ra,76(sp)
  2040c8:	c4a2                	sw	s0,72(sp)
  2040ca:	c2a6                	sw	s1,68(sp)
  2040cc:	c0ca                	sw	s2,64(sp)
  2040ce:	de4e                	sw	s3,60(sp)
  2040d0:	dc52                	sw	s4,56(sp)
  2040d2:	da56                	sw	s5,52(sp)
  2040d4:	d85a                	sw	s6,48(sp)
  2040d6:	d65e                	sw	s7,44(sp)
  2040d8:	d462                	sw	s8,40(sp)
  2040da:	c432                	sw	a2,8(sp)
  2040dc:	c636                	sw	a3,12(sp)
    configASSERT( pxQueue );
  2040de:	e919                	bnez	a0,2040f4 <xQueueGenericSend+0x30>
    ECLIC_SetMth(uxMaxSysCallMTH);
  2040e0:	80c1c703          	lbu	a4,-2036(gp) # 200a4154 <uxMaxSysCallMTH>
  2040e4:	07018793          	add	a5,gp,112 # 200a49b8 <SystemIRegionInfo>
  2040e8:	43dc                	lw	a5,4(a5)
  2040ea:	00e785a3          	sb	a4,11(a5)
    __RWMB();
  2040ee:	0ff0000f          	fence
  2040f2:	a001                	j	2040f2 <xQueueGenericSend+0x2e>
  2040f4:	842a                	mv	s0,a0
  2040f6:	89ae                	mv	s3,a1
  2040f8:	893a                	mv	s2,a4
    configASSERT( !( ( pvItemToQueue == NULL ) && ( pxQueue->uxItemSize != ( UBaseType_t ) 0U ) ) );
  2040fa:	ed89                	bnez	a1,204114 <xQueueGenericSend+0x50>
  2040fc:	453c                	lw	a5,72(a0)
  2040fe:	cb99                	beqz	a5,204114 <xQueueGenericSend+0x50>
    ECLIC_SetMth(uxMaxSysCallMTH);
  204100:	80c1c703          	lbu	a4,-2036(gp) # 200a4154 <uxMaxSysCallMTH>
  204104:	07018793          	add	a5,gp,112 # 200a49b8 <SystemIRegionInfo>
  204108:	43dc                	lw	a5,4(a5)
  20410a:	00e785a3          	sb	a4,11(a5)
    __RWMB();
  20410e:	0ff0000f          	fence
  204112:	a001                	j	204112 <xQueueGenericSend+0x4e>
    configASSERT( !( ( xCopyPosition == queueOVERWRITE ) && ( pxQueue->uxLength != 1 ) ) );
  204114:	4789                	li	a5,2
  204116:	02f91063          	bne	s2,a5,204136 <xQueueGenericSend+0x72>
  20411a:	4078                	lw	a4,68(s0)
  20411c:	4785                	li	a5,1
  20411e:	00f70c63          	beq	a4,a5,204136 <xQueueGenericSend+0x72>
    ECLIC_SetMth(uxMaxSysCallMTH);
  204122:	80c1c703          	lbu	a4,-2036(gp) # 200a4154 <uxMaxSysCallMTH>
  204126:	07018793          	add	a5,gp,112 # 200a49b8 <SystemIRegionInfo>
  20412a:	43dc                	lw	a5,4(a5)
  20412c:	00e785a3          	sb	a4,11(a5)
    __RWMB();
  204130:	0ff0000f          	fence
  204134:	a001                	j	204134 <xQueueGenericSend+0x70>
        configASSERT( !( ( xTaskGetSchedulerState() == taskSCHEDULER_SUSPENDED ) && ( xTicksToWait != 0 ) ) );
  204136:	078010ef          	jal	2051ae <xTaskGetSchedulerState>
  20413a:	84aa                	mv	s1,a0
  20413c:	c53d                	beqz	a0,2041aa <xQueueGenericSend+0xe6>
  20413e:	4481                	li	s1,0
            if( ( pxQueue->uxMessagesWaiting < pxQueue->uxLength ) || ( xCopyPosition == queueOVERWRITE ) )
  204140:	4b89                	li	s7,2
        prvLockQueue( pxQueue );
  204142:	5a7d                	li	s4,-1
                vTaskPlaceOnEventList( &( pxQueue->xTasksWaitingToSend ), xTicksToWait );
  204144:	01040c13          	add	s8,s0,16
  204148:	6a85                	lui	s5,0x1
        taskENTER_CRITICAL();
  20414a:	1db010ef          	jal	205b24 <vPortEnterCritical>
            if( ( pxQueue->uxMessagesWaiting < pxQueue->uxLength ) || ( xCopyPosition == queueOVERWRITE ) )
  20414e:	4038                	lw	a4,64(s0)
  204150:	407c                	lw	a5,68(s0)
  204152:	06f77a63          	bgeu	a4,a5,2041c6 <xQueueGenericSend+0x102>
                    xYieldRequired = prvCopyDataToQueue( pxQueue, pvItemToQueue, xCopyPosition );
  204156:	864a                	mv	a2,s2
  204158:	85ce                	mv	a1,s3
  20415a:	8522                	mv	a0,s0
  20415c:	d0dff0ef          	jal	203e68 <prvCopyDataToQueue>
                    if( listLIST_IS_EMPTY( &( pxQueue->xTasksWaitingToReceive ) ) == pdFALSE )
  204160:	541c                	lw	a5,40(s0)
  204162:	c789                	beqz	a5,20416c <xQueueGenericSend+0xa8>
                        if( xTaskRemoveFromEventList( &( pxQueue->xTasksWaitingToReceive ) ) != pdFALSE )
  204164:	02840513          	add	a0,s0,40
  204168:	6ab000ef          	jal	205012 <xTaskRemoveFromEventList>
                    else if( xYieldRequired != pdFALSE )
  20416c:	c105                	beqz	a0,20418c <xQueueGenericSend+0xc8>
  20416e:	f14027f3          	csrr	a5,mhartid
  204172:	07018793          	add	a5,gp,112 # 200a49b8 <SystemIRegionInfo>
  204176:	479c                	lw	a5,8(a5)
  204178:	6705                	lui	a4,0x1
  20417a:	97ba                	add	a5,a5,a4
  20417c:	ffc7a703          	lw	a4,-4(a5)
  204180:	00176713          	or	a4,a4,1
  204184:	fee7ae23          	sw	a4,-4(a5)
                        queueYIELD_IF_USING_PREEMPTION();
  204188:	0ff0000f          	fence
                taskEXIT_CRITICAL();
  20418c:	1d7010ef          	jal	205b62 <vPortExitCritical>
                return pdPASS;
  204190:	4505                	li	a0,1
}
  204192:	40b6                	lw	ra,76(sp)
  204194:	4426                	lw	s0,72(sp)
  204196:	4496                	lw	s1,68(sp)
  204198:	4906                	lw	s2,64(sp)
  20419a:	59f2                	lw	s3,60(sp)
  20419c:	5a62                	lw	s4,56(sp)
  20419e:	5ad2                	lw	s5,52(sp)
  2041a0:	5b42                	lw	s6,48(sp)
  2041a2:	5bb2                	lw	s7,44(sp)
  2041a4:	5c22                	lw	s8,40(sp)
  2041a6:	6161                	add	sp,sp,80
  2041a8:	8082                	ret
        configASSERT( !( ( xTaskGetSchedulerState() == taskSCHEDULER_SUSPENDED ) && ( xTicksToWait != 0 ) ) );
  2041aa:	47a2                	lw	a5,8(sp)
  2041ac:	4732                	lw	a4,12(sp)
  2041ae:	8fd9                	or	a5,a5,a4
  2041b0:	dbc1                	beqz	a5,204140 <xQueueGenericSend+0x7c>
    ECLIC_SetMth(uxMaxSysCallMTH);
  2041b2:	80c1c703          	lbu	a4,-2036(gp) # 200a4154 <uxMaxSysCallMTH>
  2041b6:	07018793          	add	a5,gp,112 # 200a49b8 <SystemIRegionInfo>
  2041ba:	43dc                	lw	a5,4(a5)
  2041bc:	00e785a3          	sb	a4,11(a5)
    __RWMB();
  2041c0:	0ff0000f          	fence
  2041c4:	a001                	j	2041c4 <xQueueGenericSend+0x100>
            if( ( pxQueue->uxMessagesWaiting < pxQueue->uxLength ) || ( xCopyPosition == queueOVERWRITE ) )
  2041c6:	f97908e3          	beq	s2,s7,204156 <xQueueGenericSend+0x92>
                if( xTicksToWait == ( TickType_t ) 0 )
  2041ca:	47a2                	lw	a5,8(sp)
  2041cc:	4732                	lw	a4,12(sp)
  2041ce:	8fd9                	or	a5,a5,a4
  2041d0:	e789                	bnez	a5,2041da <xQueueGenericSend+0x116>
                    taskEXIT_CRITICAL();
  2041d2:	191010ef          	jal	205b62 <vPortExitCritical>
                    return errQUEUE_FULL;
  2041d6:	4501                	li	a0,0
  2041d8:	bf6d                	j	204192 <xQueueGenericSend+0xce>
                else if( xEntryTimeSet == pdFALSE )
  2041da:	e481                	bnez	s1,2041e2 <xQueueGenericSend+0x11e>
                    vTaskInternalSetTimeOutState( &xTimeOut );
  2041dc:	0808                	add	a0,sp,16
  2041de:	6e7000ef          	jal	2050c4 <vTaskInternalSetTimeOutState>
        taskEXIT_CRITICAL();
  2041e2:	181010ef          	jal	205b62 <vPortExitCritical>
        vTaskSuspendAll();
  2041e6:	155000ef          	jal	204b3a <vTaskSuspendAll>
        prvLockQueue( pxQueue );
  2041ea:	13b010ef          	jal	205b24 <vPortEnterCritical>
  2041ee:	04c44783          	lbu	a5,76(s0)
  2041f2:	60479793          	sext.b	a5,a5
  2041f6:	01479463          	bne	a5,s4,2041fe <xQueueGenericSend+0x13a>
  2041fa:	04040623          	sb	zero,76(s0)
  2041fe:	04d44783          	lbu	a5,77(s0)
  204202:	60479793          	sext.b	a5,a5
  204206:	01479463          	bne	a5,s4,20420e <xQueueGenericSend+0x14a>
  20420a:	040406a3          	sb	zero,77(s0)
  20420e:	155010ef          	jal	205b62 <vPortExitCritical>
        if( xTaskCheckForTimeOut( &xTimeOut, &xTicksToWait ) == pdFALSE )
  204212:	002c                	add	a1,sp,8
  204214:	0808                	add	a0,sp,16
  204216:	6c3000ef          	jal	2050d8 <xTaskCheckForTimeOut>
  20421a:	ed29                	bnez	a0,204274 <xQueueGenericSend+0x1b0>

static BaseType_t prvIsQueueFull( const Queue_t * pxQueue )
{
    BaseType_t xReturn;

    taskENTER_CRITICAL();
  20421c:	109010ef          	jal	205b24 <vPortEnterCritical>
    {
        if( pxQueue->uxMessagesWaiting == pxQueue->uxLength )
  204220:	4038                	lw	a4,64(s0)
  204222:	407c                	lw	a5,68(s0)
  204224:	02f71163          	bne	a4,a5,204246 <xQueueGenericSend+0x182>
        else
        {
            xReturn = pdFALSE;
        }
    }
    taskEXIT_CRITICAL();
  204228:	13b010ef          	jal	205b62 <vPortExitCritical>
                vTaskPlaceOnEventList( &( pxQueue->xTasksWaitingToSend ), xTicksToWait );
  20422c:	45a2                	lw	a1,8(sp)
  20422e:	4632                	lw	a2,12(sp)
  204230:	8562                	mv	a0,s8
  204232:	53f000ef          	jal	204f70 <vTaskPlaceOnEventList>
                prvUnlockQueue( pxQueue );
  204236:	8522                	mv	a0,s0
  204238:	cd3ff0ef          	jal	203f0a <prvUnlockQueue>
                if( xTaskResumeAll() == pdFALSE )
  20423c:	2d1000ef          	jal	204d0c <xTaskResumeAll>
  204240:	c919                	beqz	a0,204256 <xQueueGenericSend+0x192>
  204242:	4485                	li	s1,1
  204244:	b719                	j	20414a <xQueueGenericSend+0x86>
    taskEXIT_CRITICAL();
  204246:	11d010ef          	jal	205b62 <vPortExitCritical>
                prvUnlockQueue( pxQueue );
  20424a:	8522                	mv	a0,s0
  20424c:	cbfff0ef          	jal	203f0a <prvUnlockQueue>
                ( void ) xTaskResumeAll();
  204250:	2bd000ef          	jal	204d0c <xTaskResumeAll>
  204254:	b7fd                	j	204242 <xQueueGenericSend+0x17e>
  204256:	f14027f3          	csrr	a5,mhartid
  20425a:	07018793          	add	a5,gp,112 # 200a49b8 <SystemIRegionInfo>
  20425e:	479c                	lw	a5,8(a5)
  204260:	97d6                	add	a5,a5,s5
  204262:	ffc7a703          	lw	a4,-4(a5)
  204266:	00176713          	or	a4,a4,1
  20426a:	fee7ae23          	sw	a4,-4(a5)
                    taskYIELD_WITHIN_API();
  20426e:	0ff0000f          	fence
  204272:	bfc1                	j	204242 <xQueueGenericSend+0x17e>
            prvUnlockQueue( pxQueue );
  204274:	8522                	mv	a0,s0
  204276:	c95ff0ef          	jal	203f0a <prvUnlockQueue>
            ( void ) xTaskResumeAll();
  20427a:	293000ef          	jal	204d0c <xTaskResumeAll>
            return errQUEUE_FULL;
  20427e:	bfa1                	j	2041d6 <xQueueGenericSend+0x112>

00204280 <xQueueGiveFromISR>:
{
  204280:	1101                	add	sp,sp,-32
  204282:	c84a                	sw	s2,16(sp)
  204284:	c64e                	sw	s3,12(sp)
  204286:	ce06                	sw	ra,28(sp)
  204288:	cc22                	sw	s0,24(sp)
  20428a:	ca26                	sw	s1,20(sp)
  20428c:	c452                	sw	s4,8(sp)
  20428e:	c256                	sw	s5,4(sp)
  204290:	07018913          	add	s2,gp,112 # 200a49b8 <SystemIRegionInfo>
    configASSERT( pxQueue );
  204294:	e911                	bnez	a0,2042a8 <xQueueGiveFromISR+0x28>
    ECLIC_SetMth(uxMaxSysCallMTH);
  204296:	80c1c703          	lbu	a4,-2036(gp) # 200a4154 <uxMaxSysCallMTH>
  20429a:	00492783          	lw	a5,4(s2)
  20429e:	00e785a3          	sb	a4,11(a5)
    __RWMB();
  2042a2:	0ff0000f          	fence
  2042a6:	a001                	j	2042a6 <xQueueGiveFromISR+0x26>
    configASSERT( pxQueue->uxItemSize == 0 );
  2042a8:	453c                	lw	a5,72(a0)
  2042aa:	842a                	mv	s0,a0
  2042ac:	cb91                	beqz	a5,2042c0 <xQueueGiveFromISR+0x40>
    ECLIC_SetMth(uxMaxSysCallMTH);
  2042ae:	80c1c703          	lbu	a4,-2036(gp) # 200a4154 <uxMaxSysCallMTH>
  2042b2:	00492783          	lw	a5,4(s2)
  2042b6:	00e785a3          	sb	a4,11(a5)
    __RWMB();
  2042ba:	0ff0000f          	fence
  2042be:	a001                	j	2042be <xQueueGiveFromISR+0x3e>
    configASSERT( !( ( pxQueue->uxQueueType == queueQUEUE_IS_MUTEX ) && ( pxQueue->u.xSemaphore.xMutexHolder != NULL ) ) );
  2042c0:	411c                	lw	a5,0(a0)
  2042c2:	8a2e                	mv	s4,a1
  2042c4:	ef81                	bnez	a5,2042dc <xQueueGiveFromISR+0x5c>
  2042c6:	451c                	lw	a5,8(a0)
  2042c8:	cb91                	beqz	a5,2042dc <xQueueGiveFromISR+0x5c>
    ECLIC_SetMth(uxMaxSysCallMTH);
  2042ca:	80c1c703          	lbu	a4,-2036(gp) # 200a4154 <uxMaxSysCallMTH>
  2042ce:	00492783          	lw	a5,4(s2)
  2042d2:	00e785a3          	sb	a4,11(a5)
    __RWMB();
  2042d6:	0ff0000f          	fence
  2042da:	a001                	j	2042da <xQueueGiveFromISR+0x5a>
    portASSERT_IF_INTERRUPT_PRIORITY_INVALID();
  2042dc:	3f9010ef          	jal	205ed4 <vPortValidateInterruptPriority>
 * \sa
 * - \ref ECLIC_SetMth
 */
__STATIC_FORCEINLINE uint8_t __ECLIC_GetMth(void)
{
    return (ECLIC->MTH);
  2042e0:	00492783          	lw	a5,4(s2)
  2042e4:	00b7ca83          	lbu	s5,11(a5)
portFORCE_INLINE static uint8_t ulPortRaiseBASEPRI(void)
{
    uint8_t ulOriginalBASEPRI;

    ulOriginalBASEPRI = ECLIC_GetMth();
    ECLIC_SetMth(uxMaxSysCallMTH);
  2042e8:	80c1c703          	lbu	a4,-2036(gp) # 200a4154 <uxMaxSysCallMTH>
    ECLIC->MTH = mth;
  2042ec:	00492783          	lw	a5,4(s2)
    return (ECLIC->MTH);
  2042f0:	0ffafa93          	zext.b	s5,s5
    ECLIC->MTH = mth;
  2042f4:	00e785a3          	sb	a4,11(a5)
    __RWMB();
  2042f8:	0ff0000f          	fence
        const UBaseType_t uxMessagesWaiting = pxQueue->uxMessagesWaiting;
  2042fc:	403c                	lw	a5,64(s0)
        if( uxMessagesWaiting < pxQueue->uxLength )
  2042fe:	4078                	lw	a4,68(s0)
  204300:	06e7fe63          	bgeu	a5,a4,20437c <xQueueGiveFromISR+0xfc>
            const int8_t cTxLock = pxQueue->cTxLock;
  204304:	04d44483          	lbu	s1,77(s0)
            pxQueue->uxMessagesWaiting = ( UBaseType_t ) ( uxMessagesWaiting + ( UBaseType_t ) 1 );
  204308:	0785                	add	a5,a5,1
  20430a:	c03c                	sw	a5,64(s0)
            const int8_t cTxLock = pxQueue->cTxLock;
  20430c:	60449493          	sext.b	s1,s1
            if( cTxLock == queueUNLOCKED )
  204310:	57fd                	li	a5,-1
  204312:	02f49e63          	bne	s1,a5,20434e <xQueueGiveFromISR+0xce>
                    if( listLIST_IS_EMPTY( &( pxQueue->xTasksWaitingToReceive ) ) == pdFALSE )
  204316:	541c                	lw	a5,40(s0)
  204318:	cb99                	beqz	a5,20432e <xQueueGiveFromISR+0xae>
                        if( xTaskRemoveFromEventList( &( pxQueue->xTasksWaitingToReceive ) ) != pdFALSE )
  20431a:	02840513          	add	a0,s0,40
  20431e:	4f5000ef          	jal	205012 <xTaskRemoveFromEventList>
  204322:	c511                	beqz	a0,20432e <xQueueGiveFromISR+0xae>
                            if( pxHigherPriorityTaskWoken != NULL )
  204324:	000a0563          	beqz	s4,20432e <xQueueGiveFromISR+0xae>
                                *pxHigherPriorityTaskWoken = pdTRUE;
  204328:	4785                	li	a5,1
  20432a:	00fa2023          	sw	a5,0(s4)
            xReturn = pdPASS;
  20432e:	4505                	li	a0,1
  204330:	00492783          	lw	a5,4(s2)
  204334:	015785a3          	sb	s5,11(a5)
/*-----------------------------------------------------------*/

portFORCE_INLINE static void vPortSetBASEPRI(uint8_t ulNewMaskValue)
{
    ECLIC_SetMth(ulNewMaskValue);
    __RWMB();
  204338:	0ff0000f          	fence
}
  20433c:	40f2                	lw	ra,28(sp)
  20433e:	4462                	lw	s0,24(sp)
  204340:	44d2                	lw	s1,20(sp)
  204342:	4942                	lw	s2,16(sp)
  204344:	49b2                	lw	s3,12(sp)
  204346:	4a22                	lw	s4,8(sp)
  204348:	4a92                	lw	s5,4(sp)
  20434a:	6105                	add	sp,sp,32
  20434c:	8082                	ret
                prvIncrementQueueTxLock( pxQueue, cTxLock );
  20434e:	01b000ef          	jal	204b68 <uxTaskGetNumberOfTasks>
  204352:	fca4fee3          	bgeu	s1,a0,20432e <xQueueGiveFromISR+0xae>
  204356:	07f00793          	li	a5,127
  20435a:	00f49b63          	bne	s1,a5,204370 <xQueueGiveFromISR+0xf0>
    ECLIC_SetMth(uxMaxSysCallMTH);
  20435e:	80c1c703          	lbu	a4,-2036(gp) # 200a4154 <uxMaxSysCallMTH>
  204362:	00492783          	lw	a5,4(s2)
  204366:	00e785a3          	sb	a4,11(a5)
    __RWMB();
  20436a:	0ff0000f          	fence
  20436e:	a001                	j	20436e <xQueueGiveFromISR+0xee>
  204370:	0485                	add	s1,s1,1
  204372:	60449493          	sext.b	s1,s1
  204376:	049406a3          	sb	s1,77(s0)
  20437a:	bf55                	j	20432e <xQueueGiveFromISR+0xae>
            xReturn = errQUEUE_FULL;
  20437c:	4501                	li	a0,0
  20437e:	bf4d                	j	204330 <xQueueGiveFromISR+0xb0>

00204380 <xQueueReceive>:
{
  204380:	715d                	add	sp,sp,-80
  204382:	c686                	sw	ra,76(sp)
  204384:	c4a2                	sw	s0,72(sp)
  204386:	c2a6                	sw	s1,68(sp)
  204388:	c0ca                	sw	s2,64(sp)
  20438a:	de4e                	sw	s3,60(sp)
  20438c:	dc52                	sw	s4,56(sp)
  20438e:	da56                	sw	s5,52(sp)
  204390:	d85a                	sw	s6,48(sp)
  204392:	d65e                	sw	s7,44(sp)
  204394:	c432                	sw	a2,8(sp)
  204396:	c636                	sw	a3,12(sp)
    configASSERT( ( pxQueue ) );
  204398:	e919                	bnez	a0,2043ae <xQueueReceive+0x2e>
    ECLIC_SetMth(uxMaxSysCallMTH);
  20439a:	80c1c703          	lbu	a4,-2036(gp) # 200a4154 <uxMaxSysCallMTH>
  20439e:	07018793          	add	a5,gp,112 # 200a49b8 <SystemIRegionInfo>
  2043a2:	43dc                	lw	a5,4(a5)
  2043a4:	00e785a3          	sb	a4,11(a5)
    __RWMB();
  2043a8:	0ff0000f          	fence
  2043ac:	a001                	j	2043ac <xQueueReceive+0x2c>
  2043ae:	842a                	mv	s0,a0
  2043b0:	892e                	mv	s2,a1
    configASSERT( !( ( ( pvBuffer ) == NULL ) && ( ( pxQueue )->uxItemSize != ( UBaseType_t ) 0U ) ) );
  2043b2:	ed89                	bnez	a1,2043cc <xQueueReceive+0x4c>
  2043b4:	453c                	lw	a5,72(a0)
  2043b6:	cb99                	beqz	a5,2043cc <xQueueReceive+0x4c>
    ECLIC_SetMth(uxMaxSysCallMTH);
  2043b8:	80c1c703          	lbu	a4,-2036(gp) # 200a4154 <uxMaxSysCallMTH>
  2043bc:	07018793          	add	a5,gp,112 # 200a49b8 <SystemIRegionInfo>
  2043c0:	43dc                	lw	a5,4(a5)
  2043c2:	00e785a3          	sb	a4,11(a5)
    __RWMB();
  2043c6:	0ff0000f          	fence
  2043ca:	a001                	j	2043ca <xQueueReceive+0x4a>
        configASSERT( !( ( xTaskGetSchedulerState() == taskSCHEDULER_SUSPENDED ) && ( xTicksToWait != 0 ) ) );
  2043cc:	5e3000ef          	jal	2051ae <xTaskGetSchedulerState>
  2043d0:	84aa                	mv	s1,a0
  2043d2:	c53d                	beqz	a0,204440 <xQueueReceive+0xc0>
  2043d4:	4481                	li	s1,0
        prvLockQueue( pxQueue );
  2043d6:	5a7d                	li	s4,-1
                vTaskPlaceOnEventList( &( pxQueue->xTasksWaitingToReceive ), xTicksToWait );
  2043d8:	02840a93          	add	s5,s0,40
  2043dc:	6b85                	lui	s7,0x1
        taskENTER_CRITICAL();
  2043de:	746010ef          	jal	205b24 <vPortEnterCritical>
            const UBaseType_t uxMessagesWaiting = pxQueue->uxMessagesWaiting;
  2043e2:	04042983          	lw	s3,64(s0)
            if( uxMessagesWaiting > ( UBaseType_t ) 0 )
  2043e6:	06098b63          	beqz	s3,20445c <xQueueReceive+0xdc>
                prvCopyDataFromQueue( pxQueue, pvBuffer );
  2043ea:	85ca                	mv	a1,s2
  2043ec:	8522                	mv	a0,s0
  2043ee:	afdff0ef          	jal	203eea <prvCopyDataFromQueue>
                pxQueue->uxMessagesWaiting = ( UBaseType_t ) ( uxMessagesWaiting - ( UBaseType_t ) 1 );
  2043f2:	19fd                	add	s3,s3,-1
  2043f4:	05342023          	sw	s3,64(s0)
                if( listLIST_IS_EMPTY( &( pxQueue->xTasksWaitingToSend ) ) == pdFALSE )
  2043f8:	481c                	lw	a5,16(s0)
  2043fa:	c78d                	beqz	a5,204424 <xQueueReceive+0xa4>
                    if( xTaskRemoveFromEventList( &( pxQueue->xTasksWaitingToSend ) ) != pdFALSE )
  2043fc:	01040513          	add	a0,s0,16
  204400:	413000ef          	jal	205012 <xTaskRemoveFromEventList>
  204404:	c105                	beqz	a0,204424 <xQueueReceive+0xa4>
  204406:	f14027f3          	csrr	a5,mhartid
  20440a:	07018793          	add	a5,gp,112 # 200a49b8 <SystemIRegionInfo>
  20440e:	479c                	lw	a5,8(a5)
  204410:	6705                	lui	a4,0x1
  204412:	97ba                	add	a5,a5,a4
  204414:	ffc7a703          	lw	a4,-4(a5)
  204418:	00176713          	or	a4,a4,1
  20441c:	fee7ae23          	sw	a4,-4(a5)
                        queueYIELD_IF_USING_PREEMPTION();
  204420:	0ff0000f          	fence
                taskEXIT_CRITICAL();
  204424:	73e010ef          	jal	205b62 <vPortExitCritical>
                return pdPASS;
  204428:	4505                	li	a0,1
}
  20442a:	40b6                	lw	ra,76(sp)
  20442c:	4426                	lw	s0,72(sp)
  20442e:	4496                	lw	s1,68(sp)
  204430:	4906                	lw	s2,64(sp)
  204432:	59f2                	lw	s3,60(sp)
  204434:	5a62                	lw	s4,56(sp)
  204436:	5ad2                	lw	s5,52(sp)
  204438:	5b42                	lw	s6,48(sp)
  20443a:	5bb2                	lw	s7,44(sp)
  20443c:	6161                	add	sp,sp,80
  20443e:	8082                	ret
        configASSERT( !( ( xTaskGetSchedulerState() == taskSCHEDULER_SUSPENDED ) && ( xTicksToWait != 0 ) ) );
  204440:	47a2                	lw	a5,8(sp)
  204442:	4732                	lw	a4,12(sp)
  204444:	8fd9                	or	a5,a5,a4
  204446:	dbc1                	beqz	a5,2043d6 <xQueueReceive+0x56>
    ECLIC_SetMth(uxMaxSysCallMTH);
  204448:	80c1c703          	lbu	a4,-2036(gp) # 200a4154 <uxMaxSysCallMTH>
  20444c:	07018793          	add	a5,gp,112 # 200a49b8 <SystemIRegionInfo>
  204450:	43dc                	lw	a5,4(a5)
  204452:	00e785a3          	sb	a4,11(a5)
    __RWMB();
  204456:	0ff0000f          	fence
  20445a:	a001                	j	20445a <xQueueReceive+0xda>
                if( xTicksToWait == ( TickType_t ) 0 )
  20445c:	47a2                	lw	a5,8(sp)
  20445e:	4732                	lw	a4,12(sp)
  204460:	8fd9                	or	a5,a5,a4
  204462:	e789                	bnez	a5,20446c <xQueueReceive+0xec>
                    taskEXIT_CRITICAL();
  204464:	6fe010ef          	jal	205b62 <vPortExitCritical>
                    return errQUEUE_EMPTY;
  204468:	4501                	li	a0,0
  20446a:	b7c1                	j	20442a <xQueueReceive+0xaa>
                else if( xEntryTimeSet == pdFALSE )
  20446c:	e481                	bnez	s1,204474 <xQueueReceive+0xf4>
                    vTaskInternalSetTimeOutState( &xTimeOut );
  20446e:	0808                	add	a0,sp,16
  204470:	455000ef          	jal	2050c4 <vTaskInternalSetTimeOutState>
        taskEXIT_CRITICAL();
  204474:	6ee010ef          	jal	205b62 <vPortExitCritical>
        vTaskSuspendAll();
  204478:	6c2000ef          	jal	204b3a <vTaskSuspendAll>
        prvLockQueue( pxQueue );
  20447c:	6a8010ef          	jal	205b24 <vPortEnterCritical>
  204480:	04c44783          	lbu	a5,76(s0)
  204484:	60479793          	sext.b	a5,a5
  204488:	01479463          	bne	a5,s4,204490 <xQueueReceive+0x110>
  20448c:	04040623          	sb	zero,76(s0)
  204490:	04d44783          	lbu	a5,77(s0)
  204494:	60479793          	sext.b	a5,a5
  204498:	01479463          	bne	a5,s4,2044a0 <xQueueReceive+0x120>
  20449c:	040406a3          	sb	zero,77(s0)
  2044a0:	6c2010ef          	jal	205b62 <vPortExitCritical>
        if( xTaskCheckForTimeOut( &xTimeOut, &xTicksToWait ) == pdFALSE )
  2044a4:	002c                	add	a1,sp,8
  2044a6:	0808                	add	a0,sp,16
  2044a8:	431000ef          	jal	2050d8 <xTaskCheckForTimeOut>
  2044ac:	e531                	bnez	a0,2044f8 <xQueueReceive+0x178>
            if( prvIsQueueEmpty( pxQueue ) != pdFALSE )
  2044ae:	8522                	mv	a0,s0
  2044b0:	99bff0ef          	jal	203e4a <prvIsQueueEmpty>
  2044b4:	cd05                	beqz	a0,2044ec <xQueueReceive+0x16c>
                vTaskPlaceOnEventList( &( pxQueue->xTasksWaitingToReceive ), xTicksToWait );
  2044b6:	45a2                	lw	a1,8(sp)
  2044b8:	4632                	lw	a2,12(sp)
  2044ba:	8556                	mv	a0,s5
  2044bc:	2b5000ef          	jal	204f70 <vTaskPlaceOnEventList>
                prvUnlockQueue( pxQueue );
  2044c0:	8522                	mv	a0,s0
  2044c2:	a49ff0ef          	jal	203f0a <prvUnlockQueue>
                if( xTaskResumeAll() == pdFALSE )
  2044c6:	047000ef          	jal	204d0c <xTaskResumeAll>
  2044ca:	ed19                	bnez	a0,2044e8 <xQueueReceive+0x168>
  2044cc:	f14027f3          	csrr	a5,mhartid
  2044d0:	07018793          	add	a5,gp,112 # 200a49b8 <SystemIRegionInfo>
  2044d4:	479c                	lw	a5,8(a5)
  2044d6:	97de                	add	a5,a5,s7
  2044d8:	ffc7a703          	lw	a4,-4(a5)
  2044dc:	00176713          	or	a4,a4,1
  2044e0:	fee7ae23          	sw	a4,-4(a5)
                    taskYIELD_WITHIN_API();
  2044e4:	0ff0000f          	fence
  2044e8:	4485                	li	s1,1
  2044ea:	bdd5                	j	2043de <xQueueReceive+0x5e>
                prvUnlockQueue( pxQueue );
  2044ec:	8522                	mv	a0,s0
  2044ee:	a1dff0ef          	jal	203f0a <prvUnlockQueue>
                ( void ) xTaskResumeAll();
  2044f2:	01b000ef          	jal	204d0c <xTaskResumeAll>
  2044f6:	bfcd                	j	2044e8 <xQueueReceive+0x168>
            prvUnlockQueue( pxQueue );
  2044f8:	8522                	mv	a0,s0
  2044fa:	a11ff0ef          	jal	203f0a <prvUnlockQueue>
            ( void ) xTaskResumeAll();
  2044fe:	00f000ef          	jal	204d0c <xTaskResumeAll>
            if( prvIsQueueEmpty( pxQueue ) != pdFALSE )
  204502:	8522                	mv	a0,s0
  204504:	947ff0ef          	jal	203e4a <prvIsQueueEmpty>
  204508:	d165                	beqz	a0,2044e8 <xQueueReceive+0x168>
  20450a:	bfb9                	j	204468 <xQueueReceive+0xe8>

0020450c <xQueueSemaphoreTake>:
{
  20450c:	7139                	add	sp,sp,-64
  20450e:	de06                	sw	ra,60(sp)
  204510:	dc22                	sw	s0,56(sp)
  204512:	da26                	sw	s1,52(sp)
  204514:	d84a                	sw	s2,48(sp)
  204516:	d64e                	sw	s3,44(sp)
  204518:	d452                	sw	s4,40(sp)
  20451a:	d256                	sw	s5,36(sp)
  20451c:	d05a                	sw	s6,32(sp)
  20451e:	c42e                	sw	a1,8(sp)
  204520:	c632                	sw	a2,12(sp)
    configASSERT( ( pxQueue ) );
  204522:	e919                	bnez	a0,204538 <xQueueSemaphoreTake+0x2c>
    ECLIC_SetMth(uxMaxSysCallMTH);
  204524:	80c1c703          	lbu	a4,-2036(gp) # 200a4154 <uxMaxSysCallMTH>
  204528:	07018793          	add	a5,gp,112 # 200a49b8 <SystemIRegionInfo>
  20452c:	43dc                	lw	a5,4(a5)
  20452e:	00e785a3          	sb	a4,11(a5)
    __RWMB();
  204532:	0ff0000f          	fence
  204536:	a001                	j	204536 <xQueueSemaphoreTake+0x2a>
    configASSERT( pxQueue->uxItemSize == 0 );
  204538:	453c                	lw	a5,72(a0)
  20453a:	842a                	mv	s0,a0
  20453c:	cb99                	beqz	a5,204552 <xQueueSemaphoreTake+0x46>
    ECLIC_SetMth(uxMaxSysCallMTH);
  20453e:	80c1c703          	lbu	a4,-2036(gp) # 200a4154 <uxMaxSysCallMTH>
  204542:	07018793          	add	a5,gp,112 # 200a49b8 <SystemIRegionInfo>
  204546:	43dc                	lw	a5,4(a5)
  204548:	00e785a3          	sb	a4,11(a5)
    __RWMB();
  20454c:	0ff0000f          	fence
  204550:	a001                	j	204550 <xQueueSemaphoreTake+0x44>
        configASSERT( !( ( xTaskGetSchedulerState() == taskSCHEDULER_SUSPENDED ) && ( xTicksToWait != 0 ) ) );
  204552:	45d000ef          	jal	2051ae <xTaskGetSchedulerState>
  204556:	84aa                	mv	s1,a0
  204558:	c53d                	beqz	a0,2045c6 <xQueueSemaphoreTake+0xba>
  20455a:	4901                	li	s2,0
  20455c:	4481                	li	s1,0
        prvLockQueue( pxQueue );
  20455e:	59fd                	li	s3,-1
                vTaskPlaceOnEventList( &( pxQueue->xTasksWaitingToReceive ), xTicksToWait );
  204560:	02840a13          	add	s4,s0,40
  204564:	6b05                	lui	s6,0x1
        taskENTER_CRITICAL();
  204566:	5be010ef          	jal	205b24 <vPortEnterCritical>
            const UBaseType_t uxSemaphoreCount = pxQueue->uxMessagesWaiting;
  20456a:	403c                	lw	a5,64(s0)
            if( uxSemaphoreCount > ( UBaseType_t ) 0 )
  20456c:	cbbd                	beqz	a5,2045e2 <xQueueSemaphoreTake+0xd6>
                pxQueue->uxMessagesWaiting = ( UBaseType_t ) ( uxSemaphoreCount - ( UBaseType_t ) 1 );
  20456e:	17fd                	add	a5,a5,-1
  204570:	c03c                	sw	a5,64(s0)
                    if( pxQueue->uxQueueType == queueQUEUE_IS_MUTEX )
  204572:	401c                	lw	a5,0(s0)
  204574:	e781                	bnez	a5,20457c <xQueueSemaphoreTake+0x70>
                        pxQueue->u.xSemaphore.xMutexHolder = pvTaskIncrementMutexHeldCount();
  204576:	67f000ef          	jal	2053f4 <pvTaskIncrementMutexHeldCount>
  20457a:	c408                	sw	a0,8(s0)
                if( listLIST_IS_EMPTY( &( pxQueue->xTasksWaitingToSend ) ) == pdFALSE )
  20457c:	481c                	lw	a5,16(s0)
  20457e:	c78d                	beqz	a5,2045a8 <xQueueSemaphoreTake+0x9c>
                    if( xTaskRemoveFromEventList( &( pxQueue->xTasksWaitingToSend ) ) != pdFALSE )
  204580:	01040513          	add	a0,s0,16
  204584:	28f000ef          	jal	205012 <xTaskRemoveFromEventList>
  204588:	c105                	beqz	a0,2045a8 <xQueueSemaphoreTake+0x9c>
  20458a:	f14027f3          	csrr	a5,mhartid
  20458e:	07018793          	add	a5,gp,112 # 200a49b8 <SystemIRegionInfo>
  204592:	479c                	lw	a5,8(a5)
  204594:	6705                	lui	a4,0x1
  204596:	97ba                	add	a5,a5,a4
  204598:	ffc7a703          	lw	a4,-4(a5)
  20459c:	00176713          	or	a4,a4,1
  2045a0:	fee7ae23          	sw	a4,-4(a5)
                        queueYIELD_IF_USING_PREEMPTION();
  2045a4:	0ff0000f          	fence
                taskEXIT_CRITICAL();
  2045a8:	5ba010ef          	jal	205b62 <vPortExitCritical>
                return pdPASS;
  2045ac:	4505                	li	a0,1
}
  2045ae:	50f2                	lw	ra,60(sp)
  2045b0:	5462                	lw	s0,56(sp)
  2045b2:	54d2                	lw	s1,52(sp)
  2045b4:	5942                	lw	s2,48(sp)
  2045b6:	59b2                	lw	s3,44(sp)
  2045b8:	5a22                	lw	s4,40(sp)
  2045ba:	5a92                	lw	s5,36(sp)
  2045bc:	5b02                	lw	s6,32(sp)
  2045be:	6121                	add	sp,sp,64
  2045c0:	8082                	ret
  2045c2:	4901                	li	s2,0
  2045c4:	bf69                	j	20455e <xQueueSemaphoreTake+0x52>
        configASSERT( !( ( xTaskGetSchedulerState() == taskSCHEDULER_SUSPENDED ) && ( xTicksToWait != 0 ) ) );
  2045c6:	47a2                	lw	a5,8(sp)
  2045c8:	4732                	lw	a4,12(sp)
  2045ca:	8fd9                	or	a5,a5,a4
  2045cc:	dbfd                	beqz	a5,2045c2 <xQueueSemaphoreTake+0xb6>
    ECLIC_SetMth(uxMaxSysCallMTH);
  2045ce:	80c1c703          	lbu	a4,-2036(gp) # 200a4154 <uxMaxSysCallMTH>
  2045d2:	07018793          	add	a5,gp,112 # 200a49b8 <SystemIRegionInfo>
  2045d6:	43dc                	lw	a5,4(a5)
  2045d8:	00e785a3          	sb	a4,11(a5)
    __RWMB();
  2045dc:	0ff0000f          	fence
  2045e0:	a001                	j	2045e0 <xQueueSemaphoreTake+0xd4>
                if( xTicksToWait == ( TickType_t ) 0 )
  2045e2:	47a2                	lw	a5,8(sp)
  2045e4:	4732                	lw	a4,12(sp)
  2045e6:	8fd9                	or	a5,a5,a4
  2045e8:	e789                	bnez	a5,2045f2 <xQueueSemaphoreTake+0xe6>
                        taskEXIT_CRITICAL();
  2045ea:	578010ef          	jal	205b62 <vPortExitCritical>
                    return errQUEUE_EMPTY;
  2045ee:	4501                	li	a0,0
  2045f0:	bf7d                	j	2045ae <xQueueSemaphoreTake+0xa2>
                else if( xEntryTimeSet == pdFALSE )
  2045f2:	e481                	bnez	s1,2045fa <xQueueSemaphoreTake+0xee>
                    vTaskInternalSetTimeOutState( &xTimeOut );
  2045f4:	0808                	add	a0,sp,16
  2045f6:	2cf000ef          	jal	2050c4 <vTaskInternalSetTimeOutState>
        taskEXIT_CRITICAL();
  2045fa:	568010ef          	jal	205b62 <vPortExitCritical>
        vTaskSuspendAll();
  2045fe:	2b35                	jal	204b3a <vTaskSuspendAll>
        prvLockQueue( pxQueue );
  204600:	524010ef          	jal	205b24 <vPortEnterCritical>
  204604:	04c44783          	lbu	a5,76(s0)
  204608:	60479793          	sext.b	a5,a5
  20460c:	01379463          	bne	a5,s3,204614 <xQueueSemaphoreTake+0x108>
  204610:	04040623          	sb	zero,76(s0)
  204614:	04d44783          	lbu	a5,77(s0)
  204618:	60479793          	sext.b	a5,a5
  20461c:	01379463          	bne	a5,s3,204624 <xQueueSemaphoreTake+0x118>
  204620:	040406a3          	sb	zero,77(s0)
  204624:	53e010ef          	jal	205b62 <vPortExitCritical>
        if( xTaskCheckForTimeOut( &xTimeOut, &xTicksToWait ) == pdFALSE )
  204628:	002c                	add	a1,sp,8
  20462a:	0808                	add	a0,sp,16
  20462c:	2ad000ef          	jal	2050d8 <xTaskCheckForTimeOut>
  204630:	e125                	bnez	a0,204690 <xQueueSemaphoreTake+0x184>
            if( prvIsQueueEmpty( pxQueue ) != pdFALSE )
  204632:	8522                	mv	a0,s0
  204634:	817ff0ef          	jal	203e4a <prvIsQueueEmpty>
  204638:	c531                	beqz	a0,204684 <xQueueSemaphoreTake+0x178>
                    if( pxQueue->uxQueueType == queueQUEUE_IS_MUTEX )
  20463a:	401c                	lw	a5,0(s0)
  20463c:	eb89                	bnez	a5,20464e <xQueueSemaphoreTake+0x142>
                        taskENTER_CRITICAL();
  20463e:	4e6010ef          	jal	205b24 <vPortEnterCritical>
                            xInheritanceOccurred = xTaskPriorityInherit( pxQueue->u.xSemaphore.xMutexHolder );
  204642:	4408                	lw	a0,8(s0)
  204644:	37f000ef          	jal	2051c2 <xTaskPriorityInherit>
  204648:	892a                	mv	s2,a0
                        taskEXIT_CRITICAL();
  20464a:	518010ef          	jal	205b62 <vPortExitCritical>
                vTaskPlaceOnEventList( &( pxQueue->xTasksWaitingToReceive ), xTicksToWait );
  20464e:	45a2                	lw	a1,8(sp)
  204650:	4632                	lw	a2,12(sp)
  204652:	8552                	mv	a0,s4
  204654:	11d000ef          	jal	204f70 <vTaskPlaceOnEventList>
                prvUnlockQueue( pxQueue );
  204658:	8522                	mv	a0,s0
  20465a:	8b1ff0ef          	jal	203f0a <prvUnlockQueue>
                if( xTaskResumeAll() == pdFALSE )
  20465e:	6ae000ef          	jal	204d0c <xTaskResumeAll>
  204662:	ed19                	bnez	a0,204680 <xQueueSemaphoreTake+0x174>
  204664:	f14027f3          	csrr	a5,mhartid
  204668:	07018793          	add	a5,gp,112 # 200a49b8 <SystemIRegionInfo>
  20466c:	479c                	lw	a5,8(a5)
  20466e:	97da                	add	a5,a5,s6
  204670:	ffc7a703          	lw	a4,-4(a5)
  204674:	00176713          	or	a4,a4,1
  204678:	fee7ae23          	sw	a4,-4(a5)
                    taskYIELD_WITHIN_API();
  20467c:	0ff0000f          	fence
  204680:	4485                	li	s1,1
  204682:	b5d5                	j	204566 <xQueueSemaphoreTake+0x5a>
                prvUnlockQueue( pxQueue );
  204684:	8522                	mv	a0,s0
  204686:	885ff0ef          	jal	203f0a <prvUnlockQueue>
                ( void ) xTaskResumeAll();
  20468a:	682000ef          	jal	204d0c <xTaskResumeAll>
  20468e:	bfcd                	j	204680 <xQueueSemaphoreTake+0x174>
            prvUnlockQueue( pxQueue );
  204690:	8522                	mv	a0,s0
  204692:	879ff0ef          	jal	203f0a <prvUnlockQueue>
            ( void ) xTaskResumeAll();
  204696:	676000ef          	jal	204d0c <xTaskResumeAll>
            if( prvIsQueueEmpty( pxQueue ) != pdFALSE )
  20469a:	8522                	mv	a0,s0
  20469c:	faeff0ef          	jal	203e4a <prvIsQueueEmpty>
  2046a0:	d165                	beqz	a0,204680 <xQueueSemaphoreTake+0x174>
                    if( xInheritanceOccurred != pdFALSE )
  2046a2:	f40906e3          	beqz	s2,2045ee <xQueueSemaphoreTake+0xe2>
                        taskENTER_CRITICAL();
  2046a6:	47e010ef          	jal	205b24 <vPortEnterCritical>
        if( listCURRENT_LIST_LENGTH( &( pxQueue->xTasksWaitingToReceive ) ) > 0U )
  2046aa:	540c                	lw	a1,40(s0)
  2046ac:	c589                	beqz	a1,2046b6 <xQueueSemaphoreTake+0x1aa>
            uxHighestPriorityOfWaitingTasks = ( UBaseType_t ) ( ( UBaseType_t ) configMAX_PRIORITIES - ( UBaseType_t ) listGET_ITEM_VALUE_OF_HEAD_ENTRY( &( pxQueue->xTasksWaitingToReceive ) ) );
  2046ae:	5c1c                	lw	a5,56(s0)
  2046b0:	439c                	lw	a5,0(a5)
  2046b2:	4599                	li	a1,6
  2046b4:	8d9d                	sub	a1,a1,a5
                            vTaskPriorityDisinheritAfterTimeout( pxQueue->u.xSemaphore.xMutexHolder, uxHighestWaitingPriority );
  2046b6:	4408                	lw	a0,8(s0)
  2046b8:	473000ef          	jal	20532a <vTaskPriorityDisinheritAfterTimeout>
  2046bc:	b73d                	j	2045ea <xQueueSemaphoreTake+0xde>

002046be <vQueueWaitForMessageRestricted>:
#if ( configUSE_TIMERS == 1 )

    void vQueueWaitForMessageRestricted( QueueHandle_t xQueue,
                                         TickType_t xTicksToWait,
                                         const BaseType_t xWaitIndefinitely )
    {
  2046be:	1101                	add	sp,sp,-32
  2046c0:	cc22                	sw	s0,24(sp)
  2046c2:	ca26                	sw	s1,20(sp)
  2046c4:	c84a                	sw	s2,16(sp)
  2046c6:	c64e                	sw	s3,12(sp)
  2046c8:	842a                	mv	s0,a0
  2046ca:	ce06                	sw	ra,28(sp)
  2046cc:	892e                	mv	s2,a1
  2046ce:	84b2                	mv	s1,a2
  2046d0:	89b6                	mv	s3,a3
         *  will not actually cause the task to block, just place it on a blocked
         *  list.  It will not block until the scheduler is unlocked - at which
         *  time a yield will be performed.  If an item is added to the queue while
         *  the queue is locked, and the calling task blocks on the queue, then the
         *  calling task will be immediately unblocked when the queue is unlocked. */
        prvLockQueue( pxQueue );
  2046d2:	452010ef          	jal	205b24 <vPortEnterCritical>
  2046d6:	04c44783          	lbu	a5,76(s0)
  2046da:	60479793          	sext.b	a5,a5
  2046de:	577d                	li	a4,-1
  2046e0:	00e79463          	bne	a5,a4,2046e8 <vQueueWaitForMessageRestricted+0x2a>
  2046e4:	04040623          	sb	zero,76(s0)
  2046e8:	04d44783          	lbu	a5,77(s0)
  2046ec:	60479793          	sext.b	a5,a5
  2046f0:	00e79463          	bne	a5,a4,2046f8 <vQueueWaitForMessageRestricted+0x3a>
  2046f4:	040406a3          	sb	zero,77(s0)
  2046f8:	46a010ef          	jal	205b62 <vPortExitCritical>

        if( pxQueue->uxMessagesWaiting == ( UBaseType_t ) 0U )
  2046fc:	403c                	lw	a5,64(s0)
  2046fe:	eb81                	bnez	a5,20470e <vQueueWaitForMessageRestricted+0x50>
        {
            /* There is nothing in the queue, block for the specified period. */
            vTaskPlaceOnEventListRestricted( &( pxQueue->xTasksWaitingToReceive ), xTicksToWait, xWaitIndefinitely );
  204700:	86ce                	mv	a3,s3
  204702:	85ca                	mv	a1,s2
  204704:	8626                	mv	a2,s1
  204706:	02840513          	add	a0,s0,40
  20470a:	0a7000ef          	jal	204fb0 <vTaskPlaceOnEventListRestricted>
        else
        {
            mtCOVERAGE_TEST_MARKER();
        }

        prvUnlockQueue( pxQueue );
  20470e:	8522                	mv	a0,s0

        traceRETURN_vQueueWaitForMessageRestricted();
    }
  204710:	4462                	lw	s0,24(sp)
  204712:	40f2                	lw	ra,28(sp)
  204714:	44d2                	lw	s1,20(sp)
  204716:	4942                	lw	s2,16(sp)
  204718:	49b2                	lw	s3,12(sp)
  20471a:	6105                	add	sp,sp,32
        prvUnlockQueue( pxQueue );
  20471c:	feeff06f          	j	203f0a <prvUnlockQueue>

00204720 <prvAddCurrentTaskToDelayedList>:
#endif /* if ( ( configGENERATE_RUN_TIME_STATS == 1 ) && ( INCLUDE_xTaskGetIdleTaskHandle == 1 ) ) */
/*-----------------------------------------------------------*/

static void prvAddCurrentTaskToDelayedList( TickType_t xTicksToWait,
                                            const BaseType_t xCanBlockIndefinitely )
{
  204720:	7179                	add	sp,sp,-48
    TickType_t xTimeToWake;
    const TickType_t xConstTickCount = xTickCount;
  204722:	a5018793          	add	a5,gp,-1456 # 200a4398 <xTickCount>
{
  204726:	cc52                	sw	s4,24(sp)
  204728:	ca56                	sw	s5,20(sp)
    const TickType_t xConstTickCount = xTickCount;
  20472a:	0007aa03          	lw	s4,0(a5)
  20472e:	0047aa83          	lw	s5,4(a5)
{
  204732:	d422                	sw	s0,40(sp)
  204734:	c85a                	sw	s6,16(sp)
    List_t * const pxDelayedList = pxDelayedTaskList;
  204736:	a641ab03          	lw	s6,-1436(gp) # 200a43ac <pxDelayedTaskList>
{
  20473a:	d226                	sw	s1,36(sp)
  20473c:	c65e                	sw	s7,12(sp)
  20473e:	84aa                	mv	s1,a0
    List_t * const pxOverflowDelayedList = pxOverflowDelayedTaskList;
  204740:	a601ab83          	lw	s7,-1440(gp) # 200a43a8 <pxOverflowDelayedTaskList>
    }
    #endif

    /* Remove the task from the ready list before adding it to the blocked list
     * as the same list item is used for both lists. */
    if( uxListRemove( &( pxCurrentTCB->xStateListItem ) ) == ( UBaseType_t ) 0 )
  204744:	a681a503          	lw	a0,-1432(gp) # 200a43b0 <pxCurrentTCB>
  204748:	0521                	add	a0,a0,8
{
  20474a:	d04a                	sw	s2,32(sp)
  20474c:	ce4e                	sw	s3,28(sp)
  20474e:	d606                	sw	ra,44(sp)
  204750:	892e                	mv	s2,a1
  204752:	89b2                	mv	s3,a2
    if( uxListRemove( &( pxCurrentTCB->xStateListItem ) ) == ( UBaseType_t ) 0 )
  204754:	29f010ef          	jal	2061f2 <uxListRemove>
        mtCOVERAGE_TEST_MARKER();
    }

    #if ( INCLUDE_vTaskSuspend == 1 )
    {
        if( ( xTicksToWait == portMAX_DELAY ) && ( xCanBlockIndefinitely != pdFALSE ) )
  204758:	57fd                	li	a5,-1
  20475a:	04f49963          	bne	s1,a5,2047ac <prvAddCurrentTaskToDelayedList+0x8c>
  20475e:	04991763          	bne	s2,s1,2047ac <prvAddCurrentTaskToDelayedList+0x8c>
  204762:	04098563          	beqz	s3,2047ac <prvAddCurrentTaskToDelayedList+0x8c>
        {
            /* Add the task to the suspended task list instead of a delayed task
             * list to ensure it is not woken by a timing event.  It will block
             * indefinitely. */
            listINSERT_END( &xSuspendedTaskList, &( pxCurrentTCB->xStateListItem ) );
  204766:	2e818793          	add	a5,gp,744 # 200a4c30 <xSuspendedTaskList>
  20476a:	a681a683          	lw	a3,-1432(gp) # 200a43b0 <pxCurrentTCB>
  20476e:	43d8                	lw	a4,4(a5)
  204770:	ca98                	sw	a4,16(a3)
  204772:	4750                	lw	a2,12(a4)
  204774:	a681a683          	lw	a3,-1432(gp) # 200a43b0 <pxCurrentTCB>
  204778:	cad0                	sw	a2,20(a3)
  20477a:	a681a683          	lw	a3,-1432(gp) # 200a43b0 <pxCurrentTCB>
  20477e:	06a1                	add	a3,a3,8
  204780:	c614                	sw	a3,8(a2)
  204782:	a681a683          	lw	a3,-1432(gp) # 200a43b0 <pxCurrentTCB>
  204786:	06a1                	add	a3,a3,8
  204788:	c754                	sw	a3,12(a4)
  20478a:	a681a703          	lw	a4,-1432(gp) # 200a43b0 <pxCurrentTCB>
  20478e:	cf5c                	sw	a5,28(a4)
  204790:	4398                	lw	a4,0(a5)
  204792:	0705                	add	a4,a4,1 # 1001 <__HEAP_SIZE+0x1>
  204794:	c398                	sw	a4,0(a5)

        /* Avoid compiler warning when INCLUDE_vTaskSuspend is not 1. */
        ( void ) xCanBlockIndefinitely;
    }
    #endif /* INCLUDE_vTaskSuspend */
}
  204796:	50b2                	lw	ra,44(sp)
  204798:	5422                	lw	s0,40(sp)
  20479a:	5492                	lw	s1,36(sp)
  20479c:	5902                	lw	s2,32(sp)
  20479e:	49f2                	lw	s3,28(sp)
  2047a0:	4a62                	lw	s4,24(sp)
  2047a2:	4ad2                	lw	s5,20(sp)
  2047a4:	4b42                	lw	s6,16(sp)
  2047a6:	4bb2                	lw	s7,12(sp)
  2047a8:	6145                	add	sp,sp,48
  2047aa:	8082                	ret
            xTimeToWake = xConstTickCount + xTicksToWait;
  2047ac:	94d2                	add	s1,s1,s4
  2047ae:	9956                	add	s2,s2,s5
  2047b0:	0144b7b3          	sltu	a5,s1,s4
  2047b4:	97ca                	add	a5,a5,s2
            listSET_LIST_ITEM_VALUE( &( pxCurrentTCB->xStateListItem ), xTimeToWake );
  2047b6:	a681a703          	lw	a4,-1432(gp) # 200a43b0 <pxCurrentTCB>
  2047ba:	c704                	sw	s1,8(a4)
  2047bc:	c75c                	sw	a5,12(a4)
            xTimeToWake = xConstTickCount + xTicksToWait;
  2047be:	8926                	mv	s2,s1
  2047c0:	89be                	mv	s3,a5
            if( xTimeToWake < xConstTickCount )
  2047c2:	0157e663          	bltu	a5,s5,2047ce <prvAddCurrentTaskToDelayedList+0xae>
  2047c6:	02fa9463          	bne	s5,a5,2047ee <prvAddCurrentTaskToDelayedList+0xce>
  2047ca:	0344f263          	bgeu	s1,s4,2047ee <prvAddCurrentTaskToDelayedList+0xce>
                vListInsert( pxOverflowDelayedList, &( pxCurrentTCB->xStateListItem ) );
  2047ce:	a681a583          	lw	a1,-1432(gp) # 200a43b0 <pxCurrentTCB>
}
  2047d2:	5422                	lw	s0,40(sp)
  2047d4:	50b2                	lw	ra,44(sp)
  2047d6:	5492                	lw	s1,36(sp)
  2047d8:	5902                	lw	s2,32(sp)
  2047da:	49f2                	lw	s3,28(sp)
  2047dc:	4a62                	lw	s4,24(sp)
  2047de:	4ad2                	lw	s5,20(sp)
  2047e0:	4b42                	lw	s6,16(sp)
                vListInsert( pxOverflowDelayedList, &( pxCurrentTCB->xStateListItem ) );
  2047e2:	855e                	mv	a0,s7
  2047e4:	05a1                	add	a1,a1,8
}
  2047e6:	4bb2                	lw	s7,12(sp)
  2047e8:	6145                	add	sp,sp,48
                vListInsert( pxOverflowDelayedList, &( pxCurrentTCB->xStateListItem ) );
  2047ea:	1c70106f          	j	2061b0 <vListInsert>
                vListInsert( pxDelayedList, &( pxCurrentTCB->xStateListItem ) );
  2047ee:	a681a583          	lw	a1,-1432(gp) # 200a43b0 <pxCurrentTCB>
  2047f2:	05a1                	add	a1,a1,8
  2047f4:	855a                	mv	a0,s6
  2047f6:	1bb010ef          	jal	2061b0 <vListInsert>
                if( xTimeToWake < xNextTaskUnblockTime )
  2047fa:	a2818713          	add	a4,gp,-1496 # 200a4370 <xNextTaskUnblockTime>
  2047fe:	4310                	lw	a2,0(a4)
  204800:	4354                	lw	a3,4(a4)
  204802:	a2818793          	add	a5,gp,-1496 # 200a4370 <xNextTaskUnblockTime>
  204806:	00d9e663          	bltu	s3,a3,204812 <prvAddCurrentTaskToDelayedList+0xf2>
  20480a:	f93696e3          	bne	a3,s3,204796 <prvAddCurrentTaskToDelayedList+0x76>
  20480e:	f8c974e3          	bgeu	s2,a2,204796 <prvAddCurrentTaskToDelayedList+0x76>
                    xNextTaskUnblockTime = xTimeToWake;
  204812:	0127a023          	sw	s2,0(a5)
  204816:	0137a223          	sw	s3,4(a5)
}
  20481a:	bfb5                	j	204796 <prvAddCurrentTaskToDelayedList+0x76>

0020481c <prvResetNextTaskUnblockTime>:
    if( listLIST_IS_EMPTY( pxDelayedTaskList ) != pdFALSE )
  20481c:	a641a783          	lw	a5,-1436(gp) # 200a43ac <pxDelayedTaskList>
  204820:	4394                	lw	a3,0(a5)
  204822:	a2818793          	add	a5,gp,-1496 # 200a4370 <xNextTaskUnblockTime>
  204826:	e691                	bnez	a3,204832 <prvResetNextTaskUnblockTime+0x16>
        xNextTaskUnblockTime = portMAX_DELAY;
  204828:	567d                	li	a2,-1
  20482a:	56fd                	li	a3,-1
        xNextTaskUnblockTime = listGET_ITEM_VALUE_OF_HEAD_ENTRY( pxDelayedTaskList );
  20482c:	c390                	sw	a2,0(a5)
  20482e:	c3d4                	sw	a3,4(a5)
}
  204830:	8082                	ret
        xNextTaskUnblockTime = listGET_ITEM_VALUE_OF_HEAD_ENTRY( pxDelayedTaskList );
  204832:	a641a703          	lw	a4,-1436(gp) # 200a43ac <pxDelayedTaskList>
  204836:	4b18                	lw	a4,16(a4)
  204838:	4310                	lw	a2,0(a4)
  20483a:	4354                	lw	a3,4(a4)
  20483c:	bfc5                	j	20482c <prvResetNextTaskUnblockTime+0x10>

0020483e <prvCheckTasksWaitingTermination>:
{
  20483e:	1101                	add	sp,sp,-32
  204840:	cc22                	sw	s0,24(sp)
  204842:	c84a                	sw	s2,16(sp)
  204844:	c64e                	sw	s3,12(sp)
  204846:	ce06                	sw	ra,28(sp)
  204848:	ca26                	sw	s1,20(sp)
        while( uxDeletedTasksWaitingCleanUp > ( UBaseType_t ) 0U )
  20484a:	a5c1a783          	lw	a5,-1444(gp) # 200a43a4 <uxDeletedTasksWaitingCleanUp>
  20484e:	eb81                	bnez	a5,20485e <prvCheckTasksWaitingTermination+0x20>
}
  204850:	40f2                	lw	ra,28(sp)
  204852:	4462                	lw	s0,24(sp)
  204854:	44d2                	lw	s1,20(sp)
  204856:	4942                	lw	s2,16(sp)
  204858:	49b2                	lw	s3,12(sp)
  20485a:	6105                	add	sp,sp,32
  20485c:	8082                	ret
                taskENTER_CRITICAL();
  20485e:	2c6010ef          	jal	205b24 <vPortEnterCritical>
                        pxTCB = listGET_OWNER_OF_HEAD_ENTRY( ( &xTasksWaitingTermination ) );
  204862:	30018793          	add	a5,gp,768 # 200a4c48 <xTasksWaitingTermination>
  204866:	4b9c                	lw	a5,16(a5)
  204868:	4b84                	lw	s1,16(a5)
                        ( void ) uxListRemove( &( pxTCB->xStateListItem ) );
  20486a:	00848513          	add	a0,s1,8
  20486e:	185010ef          	jal	2061f2 <uxListRemove>
                        --uxCurrentNumberOfTasks;
  204872:	a581a783          	lw	a5,-1448(gp) # 200a43a0 <uxCurrentNumberOfTasks>
  204876:	17fd                	add	a5,a5,-1
  204878:	a4f1ac23          	sw	a5,-1448(gp) # 200a43a0 <uxCurrentNumberOfTasks>
                        --uxDeletedTasksWaitingCleanUp;
  20487c:	a5c1a783          	lw	a5,-1444(gp) # 200a43a4 <uxDeletedTasksWaitingCleanUp>
  204880:	17fd                	add	a5,a5,-1
  204882:	a4f1ae23          	sw	a5,-1444(gp) # 200a43a4 <uxDeletedTasksWaitingCleanUp>
                taskEXIT_CRITICAL();
  204886:	2dc010ef          	jal	205b62 <vPortExitCritical>
            vPortFreeStack( pxTCB->pxStack );
  20488a:	5cc8                	lw	a0,60(s1)
  20488c:	12e010ef          	jal	2059ba <vPortFree>
            vPortFree( pxTCB );
  204890:	8526                	mv	a0,s1
  204892:	128010ef          	jal	2059ba <vPortFree>
    }
  204896:	bf55                	j	20484a <prvCheckTasksWaitingTermination+0xc>

00204898 <prvIdleTask>:
{
  204898:	1141                	add	sp,sp,-16
  20489a:	c606                	sw	ra,12(sp)
        prvCheckTasksWaitingTermination();
  20489c:	fa3ff0ef          	jal	20483e <prvCheckTasksWaitingTermination>
    for( ; configCONTROL_INFINITE_LOOP(); )
  2048a0:	bff5                	j	20489c <prvIdleTask+0x4>

002048a2 <xTaskCreate>:
    {
  2048a2:	7179                	add	sp,sp,-48
  2048a4:	d04a                	sw	s2,32(sp)
            pxStack = pvPortMallocStack( ( ( ( size_t ) uxStackDepth ) * sizeof( StackType_t ) ) );
  2048a6:	00261913          	sll	s2,a2,0x2
    {
  2048aa:	ca56                	sw	s5,20(sp)
  2048ac:	8aaa                	mv	s5,a0
            pxStack = pvPortMallocStack( ( ( ( size_t ) uxStackDepth ) * sizeof( StackType_t ) ) );
  2048ae:	854a                	mv	a0,s2
    {
  2048b0:	d226                	sw	s1,36(sp)
  2048b2:	cc52                	sw	s4,24(sp)
  2048b4:	c85a                	sw	s6,16(sp)
  2048b6:	c65e                	sw	s7,12(sp)
  2048b8:	d606                	sw	ra,44(sp)
  2048ba:	d422                	sw	s0,40(sp)
  2048bc:	ce4e                	sw	s3,28(sp)
  2048be:	c462                	sw	s8,8(sp)
  2048c0:	8bae                	mv	s7,a1
  2048c2:	8b36                	mv	s6,a3
  2048c4:	84ba                	mv	s1,a4
  2048c6:	8a3e                	mv	s4,a5
            pxStack = pvPortMallocStack( ( ( ( size_t ) uxStackDepth ) * sizeof( StackType_t ) ) );
  2048c8:	727000ef          	jal	2057ee <pvPortMalloc>
            if( pxStack != NULL )
  2048cc:	ed11                	bnez	a0,2048e8 <xTaskCreate+0x46>
            xReturn = errCOULD_NOT_ALLOCATE_REQUIRED_MEMORY;
  2048ce:	557d                	li	a0,-1
    }
  2048d0:	50b2                	lw	ra,44(sp)
  2048d2:	5422                	lw	s0,40(sp)
  2048d4:	5492                	lw	s1,36(sp)
  2048d6:	5902                	lw	s2,32(sp)
  2048d8:	49f2                	lw	s3,28(sp)
  2048da:	4a62                	lw	s4,24(sp)
  2048dc:	4ad2                	lw	s5,20(sp)
  2048de:	4b42                	lw	s6,16(sp)
  2048e0:	4bb2                	lw	s7,12(sp)
  2048e2:	4c22                	lw	s8,8(sp)
  2048e4:	6145                	add	sp,sp,48
  2048e6:	8082                	ret
  2048e8:	89aa                	mv	s3,a0
                pxNewTCB = ( TCB_t * ) pvPortMalloc( sizeof( TCB_t ) );
  2048ea:	06000513          	li	a0,96
  2048ee:	701000ef          	jal	2057ee <pvPortMalloc>
  2048f2:	842a                	mv	s0,a0
                if( pxNewTCB != NULL )
  2048f4:	16050663          	beqz	a0,204a60 <xTaskCreate+0x1be>
                    ( void ) memset( ( void * ) pxNewTCB, 0x00, sizeof( TCB_t ) );
  2048f8:	06000613          	li	a2,96
  2048fc:	4581                	li	a1,0
  2048fe:	1af010ef          	jal	2062ac <memset>
        ( void ) memset( pxNewTCB->pxStack, ( int ) tskSTACK_FILL_BYTE, ( size_t ) uxStackDepth * sizeof( StackType_t ) );
  204902:	864a                	mv	a2,s2
                    pxNewTCB->pxStack = pxStack;
  204904:	03342e23          	sw	s3,60(s0)
        ( void ) memset( pxNewTCB->pxStack, ( int ) tskSTACK_FILL_BYTE, ( size_t ) uxStackDepth * sizeof( StackType_t ) );
  204908:	0a500593          	li	a1,165
  20490c:	854e                	mv	a0,s3
  20490e:	19f010ef          	jal	2062ac <memset>
        pxTopOfStack = &( pxNewTCB->pxStack[ uxStackDepth - ( configSTACK_DEPTH_TYPE ) 1 ] );
  204912:	03c42c03          	lw	s8,60(s0)
    if( pcName != NULL )
  204916:	020b8263          	beqz	s7,20493a <xTaskCreate+0x98>
        for( x = ( UBaseType_t ) 0; x < ( UBaseType_t ) configMAX_TASK_NAME_LEN; x++ )
  20491a:	4781                	li	a5,0
  20491c:	46c1                	li	a3,16
            pxNewTCB->pcTaskName[ x ] = pcName[ x ];
  20491e:	00fb8733          	add	a4,s7,a5
  204922:	00074703          	lbu	a4,0(a4)
  204926:	00f40633          	add	a2,s0,a5
  20492a:	04e60023          	sb	a4,64(a2)
            if( pcName[ x ] == ( char ) 0x00 )
  20492e:	c701                	beqz	a4,204936 <xTaskCreate+0x94>
        for( x = ( UBaseType_t ) 0; x < ( UBaseType_t ) configMAX_TASK_NAME_LEN; x++ )
  204930:	0785                	add	a5,a5,1
  204932:	fed796e3          	bne	a5,a3,20491e <xTaskCreate+0x7c>
        pxNewTCB->pcTaskName[ configMAX_TASK_NAME_LEN - 1U ] = '\0';
  204936:	040407a3          	sb	zero,79(s0)
    configASSERT( uxPriority < configMAX_PRIORITIES );
  20493a:	4795                	li	a5,5
  20493c:	0097fc63          	bgeu	a5,s1,204954 <xTaskCreate+0xb2>
    ECLIC_SetMth(uxMaxSysCallMTH);
  204940:	80c1c703          	lbu	a4,-2036(gp) # 200a4154 <uxMaxSysCallMTH>
  204944:	07018793          	add	a5,gp,112 # 200a49b8 <SystemIRegionInfo>
  204948:	43dc                	lw	a5,4(a5)
  20494a:	00e785a3          	sb	a4,11(a5)
    __RWMB();
  20494e:	0ff0000f          	fence
  204952:	a001                	j	204952 <xTaskCreate+0xb0>
    vListInitialiseItem( &( pxNewTCB->xStateListItem ) );
  204954:	00840993          	add	s3,s0,8
    pxNewTCB->uxPriority = uxPriority;
  204958:	dc04                	sw	s1,56(s0)
        pxNewTCB->uxBasePriority = uxPriority;
  20495a:	c824                	sw	s1,80(s0)
    vListInitialiseItem( &( pxNewTCB->xStateListItem ) );
  20495c:	854e                	mv	a0,s3
  20495e:	04d010ef          	jal	2061aa <vListInitialiseItem>
    vListInitialiseItem( &( pxNewTCB->xEventListItem ) );
  204962:	02040513          	add	a0,s0,32
  204966:	045010ef          	jal	2061aa <vListInitialiseItem>
    listSET_LIST_ITEM_VALUE( &( pxNewTCB->xEventListItem ), ( TickType_t ) configMAX_PRIORITIES - ( TickType_t ) uxPriority );
  20496a:	4719                	li	a4,6
  20496c:	409704b3          	sub	s1,a4,s1
  204970:	00973733          	sltu	a4,a4,s1
        pxTopOfStack = &( pxNewTCB->pxStack[ uxStackDepth - ( configSTACK_DEPTH_TYPE ) 1 ] );
  204974:	1971                	add	s2,s2,-4
    listSET_LIST_ITEM_VALUE( &( pxNewTCB->xEventListItem ), ( TickType_t ) configMAX_PRIORITIES - ( TickType_t ) uxPriority );
  204976:	40e00733          	neg	a4,a4
        pxTopOfStack = &( pxNewTCB->pxStack[ uxStackDepth - ( configSTACK_DEPTH_TYPE ) 1 ] );
  20497a:	012c0533          	add	a0,s8,s2
    listSET_LIST_ITEM_OWNER( &( pxNewTCB->xStateListItem ), pxNewTCB );
  20497e:	cc00                	sw	s0,24(s0)
    listSET_LIST_ITEM_VALUE( &( pxNewTCB->xEventListItem ), ( TickType_t ) configMAX_PRIORITIES - ( TickType_t ) uxPriority );
  204980:	d004                	sw	s1,32(s0)
  204982:	d058                	sw	a4,36(s0)
    listSET_LIST_ITEM_OWNER( &( pxNewTCB->xEventListItem ), pxNewTCB );
  204984:	d800                	sw	s0,48(s0)
            pxNewTCB->pxTopOfStack = pxPortInitialiseStack( pxTopOfStack, pxTaskCode, pvParameters );
  204986:	865a                	mv	a2,s6
  204988:	85d6                	mv	a1,s5
  20498a:	9961                	and	a0,a0,-8
  20498c:	178010ef          	jal	205b04 <pxPortInitialiseStack>
  204990:	c008                	sw	a0,0(s0)
    if( pxCreatedTask != NULL )
  204992:	000a0463          	beqz	s4,20499a <xTaskCreate+0xf8>
        *pxCreatedTask = ( TaskHandle_t ) pxNewTCB;
  204996:	008a2023          	sw	s0,0(s4)
        taskENTER_CRITICAL();
  20499a:	18a010ef          	jal	205b24 <vPortEnterCritical>
            uxCurrentNumberOfTasks = ( UBaseType_t ) ( uxCurrentNumberOfTasks + 1U );
  20499e:	a581a703          	lw	a4,-1448(gp) # 200a43a0 <uxCurrentNumberOfTasks>
  2049a2:	0705                	add	a4,a4,1
  2049a4:	a4e1ac23          	sw	a4,-1448(gp) # 200a43a0 <uxCurrentNumberOfTasks>
            if( pxCurrentTCB == NULL )
  2049a8:	a681a703          	lw	a4,-1432(gp) # 200a43b0 <pxCurrentTCB>
  2049ac:	36018913          	add	s2,gp,864 # 200a4ca8 <pxReadyTasksLists>
  2049b0:	0a071c63          	bnez	a4,204a68 <xTaskCreate+0x1c6>
                pxCurrentTCB = pxNewTCB;
  2049b4:	a681a423          	sw	s0,-1432(gp) # 200a43b0 <pxCurrentTCB>
                if( uxCurrentNumberOfTasks == ( UBaseType_t ) 1 )
  2049b8:	a581a703          	lw	a4,-1448(gp) # 200a43a0 <uxCurrentNumberOfTasks>
  2049bc:	4785                	li	a5,1
  2049be:	04f71863          	bne	a4,a5,204a0e <xTaskCreate+0x16c>
  2049c2:	36018493          	add	s1,gp,864 # 200a4ca8 <pxReadyTasksLists>
  2049c6:	09090a93          	add	s5,s2,144
        vListInitialise( &( pxReadyTasksLists[ uxPriority ] ) );
  2049ca:	8526                	mv	a0,s1
    for( uxPriority = ( UBaseType_t ) 0U; uxPriority < ( UBaseType_t ) configMAX_PRIORITIES; uxPriority++ )
  2049cc:	04e1                	add	s1,s1,24
        vListInitialise( &( pxReadyTasksLists[ uxPriority ] ) );
  2049ce:	7c4010ef          	jal	206192 <vListInitialise>
    for( uxPriority = ( UBaseType_t ) 0U; uxPriority < ( UBaseType_t ) configMAX_PRIORITIES; uxPriority++ )
  2049d2:	fe9a9ce3          	bne	s5,s1,2049ca <xTaskCreate+0x128>
    vListInitialise( &xDelayedTaskList1 );
  2049d6:	34818513          	add	a0,gp,840 # 200a4c90 <xDelayedTaskList1>
  2049da:	7b8010ef          	jal	206192 <vListInitialise>
    vListInitialise( &xDelayedTaskList2 );
  2049de:	33018513          	add	a0,gp,816 # 200a4c78 <xDelayedTaskList2>
  2049e2:	7b0010ef          	jal	206192 <vListInitialise>
    vListInitialise( &xPendingReadyList );
  2049e6:	31818513          	add	a0,gp,792 # 200a4c60 <xPendingReadyList>
  2049ea:	7a8010ef          	jal	206192 <vListInitialise>
        vListInitialise( &xTasksWaitingTermination );
  2049ee:	30018513          	add	a0,gp,768 # 200a4c48 <xTasksWaitingTermination>
  2049f2:	7a0010ef          	jal	206192 <vListInitialise>
        vListInitialise( &xSuspendedTaskList );
  2049f6:	2e818513          	add	a0,gp,744 # 200a4c30 <xSuspendedTaskList>
  2049fa:	798010ef          	jal	206192 <vListInitialise>
    pxDelayedTaskList = &xDelayedTaskList1;
  2049fe:	34818a93          	add	s5,gp,840 # 200a4c90 <xDelayedTaskList1>
  204a02:	a751a223          	sw	s5,-1436(gp) # 200a43ac <pxDelayedTaskList>
    pxOverflowDelayedTaskList = &xDelayedTaskList2;
  204a06:	33018493          	add	s1,gp,816 # 200a4c78 <xDelayedTaskList2>
  204a0a:	a691a023          	sw	s1,-1440(gp) # 200a43a8 <pxOverflowDelayedTaskList>
            uxTaskNumber++;
  204a0e:	a301a783          	lw	a5,-1488(gp) # 200a4378 <uxTaskNumber>
  204a12:	0785                	add	a5,a5,1
  204a14:	a2f1a823          	sw	a5,-1488(gp) # 200a4378 <uxTaskNumber>
            prvAddTaskToReadyList( pxNewTCB );
  204a18:	5c1c                	lw	a5,56(s0)
  204a1a:	a4c1a683          	lw	a3,-1460(gp) # 200a4394 <uxTopReadyPriority>
  204a1e:	00f6f463          	bgeu	a3,a5,204a26 <xTaskCreate+0x184>
  204a22:	a4f1a623          	sw	a5,-1460(gp) # 200a4394 <uxTopReadyPriority>
  204a26:	4761                	li	a4,24
  204a28:	02e787b3          	mul	a5,a5,a4
  204a2c:	97ca                	add	a5,a5,s2
  204a2e:	43d8                	lw	a4,4(a5)
  204a30:	4754                	lw	a3,12(a4)
  204a32:	c818                	sw	a4,16(s0)
  204a34:	c854                	sw	a3,20(s0)
  204a36:	0136a423          	sw	s3,8(a3)
  204a3a:	01372623          	sw	s3,12(a4)
  204a3e:	4398                	lw	a4,0(a5)
  204a40:	cc5c                	sw	a5,28(s0)
  204a42:	0705                	add	a4,a4,1
  204a44:	c398                	sw	a4,0(a5)
        taskEXIT_CRITICAL();
  204a46:	11c010ef          	jal	205b62 <vPortExitCritical>
        if( xSchedulerRunning != pdFALSE )
  204a4a:	a481a783          	lw	a5,-1464(gp) # 200a4390 <xSchedulerRunning>
  204a4e:	c799                	beqz	a5,204a5c <xTaskCreate+0x1ba>
            taskYIELD_ANY_CORE_IF_USING_PREEMPTION( pxNewTCB );
  204a50:	a681a783          	lw	a5,-1432(gp) # 200a43b0 <pxCurrentTCB>
  204a54:	5f98                	lw	a4,56(a5)
  204a56:	5c1c                	lw	a5,56(s0)
  204a58:	02f76463          	bltu	a4,a5,204a80 <xTaskCreate+0x1de>
            xReturn = pdPASS;
  204a5c:	4505                	li	a0,1
  204a5e:	bd8d                	j	2048d0 <xTaskCreate+0x2e>
                    vPortFreeStack( pxStack );
  204a60:	854e                	mv	a0,s3
  204a62:	759000ef          	jal	2059ba <vPortFree>
        if( pxNewTCB != NULL )
  204a66:	b5a5                	j	2048ce <xTaskCreate+0x2c>
                if( xSchedulerRunning == pdFALSE )
  204a68:	a481a703          	lw	a4,-1464(gp) # 200a4390 <xSchedulerRunning>
                    if( pxCurrentTCB->uxPriority <= pxNewTCB->uxPriority )
  204a6c:	5c1c                	lw	a5,56(s0)
                if( xSchedulerRunning == pdFALSE )
  204a6e:	f345                	bnez	a4,204a0e <xTaskCreate+0x16c>
                    if( pxCurrentTCB->uxPriority <= pxNewTCB->uxPriority )
  204a70:	a681a703          	lw	a4,-1432(gp) # 200a43b0 <pxCurrentTCB>
  204a74:	5f18                	lw	a4,56(a4)
  204a76:	f8e7ece3          	bltu	a5,a4,204a0e <xTaskCreate+0x16c>
                        pxCurrentTCB = pxNewTCB;
  204a7a:	a681a423          	sw	s0,-1432(gp) # 200a43b0 <pxCurrentTCB>
  204a7e:	bf41                	j	204a0e <xTaskCreate+0x16c>
  204a80:	f14027f3          	csrr	a5,mhartid
  204a84:	07018793          	add	a5,gp,112 # 200a49b8 <SystemIRegionInfo>
  204a88:	479c                	lw	a5,8(a5)
  204a8a:	6705                	lui	a4,0x1
  204a8c:	97ba                	add	a5,a5,a4
  204a8e:	ffc7a703          	lw	a4,-4(a5)
  204a92:	00176713          	or	a4,a4,1
  204a96:	fee7ae23          	sw	a4,-4(a5)
            taskYIELD_ANY_CORE_IF_USING_PREEMPTION( pxNewTCB );
  204a9a:	0ff0000f          	fence
  204a9e:	bf7d                	j	204a5c <xTaskCreate+0x1ba>

00204aa0 <vTaskStartScheduler>:
{
  204aa0:	1101                	add	sp,sp,-32
  204aa2:	ce06                	sw	ra,28(sp)
  204aa4:	cc22                	sw	s0,24(sp)
  204aa6:	96818793          	add	a5,gp,-1688 # 200a42b0 <_usbd_driver+0x18>
  204aaa:	870a                	mv	a4,sp
        cIdleName[ xIdleTaskNameIndex ] = configIDLE_TASK_NAME[ xIdleTaskNameIndex ];
  204aac:	0007c683          	lbu	a3,0(a5)
  204ab0:	00d70023          	sb	a3,0(a4) # 1000 <__HEAP_SIZE>
        if( cIdleName[ xIdleTaskNameIndex ] == ( char ) 0x00 )
  204ab4:	0785                	add	a5,a5,1
  204ab6:	0705                	add	a4,a4,1
  204ab8:	faf5                	bnez	a3,204aac <vTaskStartScheduler+0xc>
            xReturn = xTaskCreate( pxIdleTaskFunction,
  204aba:	00205537          	lui	a0,0x205
  204abe:	a2018793          	add	a5,gp,-1504 # 200a4368 <xIdleTaskHandles>
  204ac2:	4701                	li	a4,0
  204ac4:	10000613          	li	a2,256
  204ac8:	858a                	mv	a1,sp
  204aca:	89850513          	add	a0,a0,-1896 # 204898 <prvIdleTask>
  204ace:	dd5ff0ef          	jal	2048a2 <xTaskCreate>
        if( xReturn == pdFAIL )
  204ad2:	c129                	beqz	a0,204b14 <vTaskStartScheduler+0x74>
        if( xReturn == pdPASS )
  204ad4:	4405                	li	s0,1
  204ad6:	04851563          	bne	a0,s0,204b20 <vTaskStartScheduler+0x80>
            xReturn = xTimerCreateTimerTask();
  204ada:	4cf000ef          	jal	2057a8 <xTimerCreateTimerTask>
    if( xReturn == pdPASS )
  204ade:	04851163          	bne	a0,s0,204b20 <vTaskStartScheduler+0x80>
    ECLIC_SetMth(uxMaxSysCallMTH);
  204ae2:	80c1c703          	lbu	a4,-2036(gp) # 200a4154 <uxMaxSysCallMTH>
  204ae6:	07018793          	add	a5,gp,112 # 200a49b8 <SystemIRegionInfo>
  204aea:	43dc                	lw	a5,4(a5)
  204aec:	00e785a3          	sb	a4,11(a5)
    __RWMB();
  204af0:	0ff0000f          	fence
        xNextTaskUnblockTime = portMAX_DELAY;
  204af4:	a2818793          	add	a5,gp,-1496 # 200a4370 <xNextTaskUnblockTime>
  204af8:	567d                	li	a2,-1
  204afa:	c390                	sw	a2,0(a5)
  204afc:	56fd                	li	a3,-1
  204afe:	c3d4                	sw	a3,4(a5)
        xSchedulerRunning = pdTRUE;
  204b00:	a4a1a423          	sw	a0,-1464(gp) # 200a4390 <xSchedulerRunning>
        xTickCount = ( TickType_t ) configINITIAL_TICK_COUNT;
  204b04:	a5018793          	add	a5,gp,-1456 # 200a4398 <xTickCount>
  204b08:	4681                	li	a3,0
  204b0a:	4701                	li	a4,0
  204b0c:	c394                	sw	a3,0(a5)
  204b0e:	c3d8                	sw	a4,4(a5)
        ( void ) xPortStartScheduler();
  204b10:	32e010ef          	jal	205e3e <xPortStartScheduler>
}
  204b14:	40f2                	lw	ra,28(sp)
  204b16:	4462                	lw	s0,24(sp)
    ( void ) uxTopUsedPriority;
  204b18:	8181a783          	lw	a5,-2024(gp) # 200a4160 <uxTopUsedPriority>
}
  204b1c:	6105                	add	sp,sp,32
  204b1e:	8082                	ret
        configASSERT( xReturn != errCOULD_NOT_ALLOCATE_REQUIRED_MEMORY );
  204b20:	57fd                	li	a5,-1
  204b22:	fef519e3          	bne	a0,a5,204b14 <vTaskStartScheduler+0x74>
    ECLIC_SetMth(uxMaxSysCallMTH);
  204b26:	80c1c703          	lbu	a4,-2036(gp) # 200a4154 <uxMaxSysCallMTH>
  204b2a:	07018793          	add	a5,gp,112 # 200a49b8 <SystemIRegionInfo>
  204b2e:	43dc                	lw	a5,4(a5)
  204b30:	00e785a3          	sb	a4,11(a5)
    __RWMB();
  204b34:	0ff0000f          	fence
  204b38:	a001                	j	204b38 <vTaskStartScheduler+0x98>

00204b3a <vTaskSuspendAll>:
        uxSchedulerSuspended = ( UBaseType_t ) ( uxSchedulerSuspended + 1U );
  204b3a:	a1c1a783          	lw	a5,-1508(gp) # 200a4364 <uxSchedulerSuspended>
  204b3e:	0785                	add	a5,a5,1
  204b40:	a0f1ae23          	sw	a5,-1508(gp) # 200a4364 <uxSchedulerSuspended>
}
  204b44:	8082                	ret

00204b46 <xTaskGetTickCount>:
{
  204b46:	1101                	add	sp,sp,-32
  204b48:	ce06                	sw	ra,28(sp)
    portTICK_TYPE_ENTER_CRITICAL();
  204b4a:	7db000ef          	jal	205b24 <vPortEnterCritical>
        xTicks = xTickCount;
  204b4e:	a5018793          	add	a5,gp,-1456 # 200a4398 <xTickCount>
  204b52:	4388                	lw	a0,0(a5)
  204b54:	43cc                	lw	a1,4(a5)
  204b56:	c42a                	sw	a0,8(sp)
  204b58:	c62e                	sw	a1,12(sp)
    portTICK_TYPE_EXIT_CRITICAL();
  204b5a:	008010ef          	jal	205b62 <vPortExitCritical>
}
  204b5e:	40f2                	lw	ra,28(sp)
  204b60:	4522                	lw	a0,8(sp)
  204b62:	45b2                	lw	a1,12(sp)
  204b64:	6105                	add	sp,sp,32
  204b66:	8082                	ret

00204b68 <uxTaskGetNumberOfTasks>:
    return uxCurrentNumberOfTasks;
  204b68:	a581a503          	lw	a0,-1448(gp) # 200a43a0 <uxCurrentNumberOfTasks>
}
  204b6c:	8082                	ret

00204b6e <xTaskIncrementTick>:
{
  204b6e:	1141                	add	sp,sp,-16
  204b70:	c606                	sw	ra,12(sp)
  204b72:	c422                	sw	s0,8(sp)
  204b74:	c226                	sw	s1,4(sp)
    if( uxSchedulerSuspended == ( UBaseType_t ) 0U )
  204b76:	a1c1a783          	lw	a5,-1508(gp) # 200a4364 <uxSchedulerSuspended>
  204b7a:	16079963          	bnez	a5,204cec <xTaskIncrementTick+0x17e>
        const TickType_t xConstTickCount = xTickCount + ( TickType_t ) 1;
  204b7e:	a5018793          	add	a5,gp,-1456 # 200a4398 <xTickCount>
  204b82:	4388                	lw	a0,0(a5)
  204b84:	00150713          	add	a4,a0,1
  204b88:	43cc                	lw	a1,4(a5)
  204b8a:	00a73633          	sltu	a2,a4,a0
  204b8e:	00b604b3          	add	s1,a2,a1
        xTickCount = xConstTickCount;
  204b92:	c398                	sw	a4,0(a5)
  204b94:	c3c4                	sw	s1,4(a5)
        if( xConstTickCount == ( TickType_t ) 0U )
  204b96:	009767b3          	or	a5,a4,s1
        const TickType_t xConstTickCount = xTickCount + ( TickType_t ) 1;
  204b9a:	843a                	mv	s0,a4
        if( xConstTickCount == ( TickType_t ) 0U )
  204b9c:	ef95                	bnez	a5,204bd8 <xTaskIncrementTick+0x6a>
            taskSWITCH_DELAYED_LISTS();
  204b9e:	a641a703          	lw	a4,-1436(gp) # 200a43ac <pxDelayedTaskList>
  204ba2:	4318                	lw	a4,0(a4)
  204ba4:	cb19                	beqz	a4,204bba <xTaskIncrementTick+0x4c>
    ECLIC_SetMth(uxMaxSysCallMTH);
  204ba6:	80c1c703          	lbu	a4,-2036(gp) # 200a4154 <uxMaxSysCallMTH>
  204baa:	07018793          	add	a5,gp,112 # 200a49b8 <SystemIRegionInfo>
  204bae:	43dc                	lw	a5,4(a5)
  204bb0:	00e785a3          	sb	a4,11(a5)
    __RWMB();
  204bb4:	0ff0000f          	fence
  204bb8:	a001                	j	204bb8 <xTaskIncrementTick+0x4a>
  204bba:	a641a683          	lw	a3,-1436(gp) # 200a43ac <pxDelayedTaskList>
  204bbe:	a601a603          	lw	a2,-1440(gp) # 200a43a8 <pxOverflowDelayedTaskList>
  204bc2:	a6c1a223          	sw	a2,-1436(gp) # 200a43ac <pxDelayedTaskList>
  204bc6:	a6d1a023          	sw	a3,-1440(gp) # 200a43a8 <pxOverflowDelayedTaskList>
  204bca:	a341a783          	lw	a5,-1484(gp) # 200a437c <xNumOfOverflows>
  204bce:	0785                	add	a5,a5,1
  204bd0:	a2f1aa23          	sw	a5,-1484(gp) # 200a437c <xNumOfOverflows>
  204bd4:	c49ff0ef          	jal	20481c <prvResetNextTaskUnblockTime>
        if( xConstTickCount >= xNextTaskUnblockTime )
  204bd8:	a2818793          	add	a5,gp,-1496 # 200a4370 <xNextTaskUnblockTime>
  204bdc:	4388                	lw	a0,0(a5)
  204bde:	43cc                	lw	a1,4(a5)
  204be0:	a2818613          	add	a2,gp,-1496 # 200a4370 <xNextTaskUnblockTime>
  204be4:	36018713          	add	a4,gp,864 # 200a4ca8 <pxReadyTasksLists>
  204be8:	00b4e663          	bltu	s1,a1,204bf4 <xTaskIncrementTick+0x86>
  204bec:	02959a63          	bne	a1,s1,204c20 <xTaskIncrementTick+0xb2>
  204bf0:	02a47863          	bgeu	s0,a0,204c20 <xTaskIncrementTick+0xb2>
    BaseType_t xSwitchRequired = pdFALSE;
  204bf4:	4501                	li	a0,0
                if( listCURRENT_LIST_LENGTH( &( pxReadyTasksLists[ pxCurrentTCB->uxPriority ] ) ) > 1U )
  204bf6:	a681a783          	lw	a5,-1432(gp) # 200a43b0 <pxCurrentTCB>
  204bfa:	5f9c                	lw	a5,56(a5)
  204bfc:	46e1                	li	a3,24
  204bfe:	02d787b3          	mul	a5,a5,a3
  204c02:	973e                	add	a4,a4,a5
  204c04:	4318                	lw	a4,0(a4)
  204c06:	4785                	li	a5,1
  204c08:	00e7f363          	bgeu	a5,a4,204c0e <xTaskIncrementTick+0xa0>
                    xSwitchRequired = pdTRUE;
  204c0c:	853e                	mv	a0,a5
                if( xYieldPendings[ 0 ] != pdFALSE )
  204c0e:	a381a783          	lw	a5,-1480(gp) # 200a4380 <xYieldPendings>
  204c12:	0e079b63          	bnez	a5,204d08 <xTaskIncrementTick+0x19a>
}
  204c16:	40b2                	lw	ra,12(sp)
  204c18:	4422                	lw	s0,8(sp)
  204c1a:	4492                	lw	s1,4(sp)
  204c1c:	0141                	add	sp,sp,16
  204c1e:	8082                	ret
    BaseType_t xSwitchRequired = pdFALSE;
  204c20:	4501                	li	a0,0
                    if( xConstTickCount < xItemValue )
  204c22:	8ea6                	mv	t4,s1
                    prvAddTaskToReadyList( pxTCB );
  204c24:	4fe1                	li	t6,24
  204c26:	a845                	j	204cd6 <xTaskIncrementTick+0x168>
                    pxTCB = listGET_OWNER_OF_HEAD_ENTRY( pxDelayedTaskList );
  204c28:	a641a783          	lw	a5,-1436(gp) # 200a43ac <pxDelayedTaskList>
  204c2c:	4b9c                	lw	a5,16(a5)
  204c2e:	4b9c                	lw	a5,16(a5)
                    xItemValue = listGET_LIST_ITEM_VALUE( &( pxTCB->xStateListItem ) );
  204c30:	00c7a883          	lw	a7,12(a5)
  204c34:	0087a803          	lw	a6,8(a5)
                    if( xConstTickCount < xItemValue )
  204c38:	0b1ee563          	bltu	t4,a7,204ce2 <xTaskIncrementTick+0x174>
  204c3c:	01d89463          	bne	a7,t4,204c44 <xTaskIncrementTick+0xd6>
  204c40:	0b046163          	bltu	s0,a6,204ce2 <xTaskIncrementTick+0x174>
                    listREMOVE_ITEM( &( pxTCB->xStateListItem ) );
  204c44:	0107a803          	lw	a6,16(a5)
  204c48:	4bcc                	lw	a1,20(a5)
  204c4a:	4fd4                	lw	a3,28(a5)
  204c4c:	00b82623          	sw	a1,12(a6)
  204c50:	0105a423          	sw	a6,8(a1)
  204c54:	00878893          	add	a7,a5,8
  204c58:	0046a803          	lw	a6,4(a3)
  204c5c:	01181363          	bne	a6,a7,204c62 <xTaskIncrementTick+0xf4>
  204c60:	c2cc                	sw	a1,4(a3)
  204c62:	428c                	lw	a1,0(a3)
  204c64:	0007ae23          	sw	zero,28(a5)
  204c68:	15fd                	add	a1,a1,-1
  204c6a:	c28c                	sw	a1,0(a3)
                    if( listLIST_ITEM_CONTAINER( &( pxTCB->xEventListItem ) ) != NULL )
  204c6c:	5bd4                	lw	a3,52(a5)
  204c6e:	c685                	beqz	a3,204c96 <xTaskIncrementTick+0x128>
                        listREMOVE_ITEM( &( pxTCB->xEventListItem ) );
  204c70:	0287a803          	lw	a6,40(a5)
  204c74:	57cc                	lw	a1,44(a5)
  204c76:	00b82623          	sw	a1,12(a6)
  204c7a:	0105a423          	sw	a6,8(a1)
  204c7e:	0046a283          	lw	t0,4(a3)
  204c82:	02078813          	add	a6,a5,32
  204c86:	01029363          	bne	t0,a6,204c8c <xTaskIncrementTick+0x11e>
  204c8a:	c2cc                	sw	a1,4(a3)
  204c8c:	428c                	lw	a1,0(a3)
  204c8e:	0207aa23          	sw	zero,52(a5)
  204c92:	15fd                	add	a1,a1,-1
  204c94:	c28c                	sw	a1,0(a3)
                    prvAddTaskToReadyList( pxTCB );
  204c96:	5f8c                	lw	a1,56(a5)
  204c98:	a4c1a683          	lw	a3,-1460(gp) # 200a4394 <uxTopReadyPriority>
  204c9c:	00b6f463          	bgeu	a3,a1,204ca4 <xTaskIncrementTick+0x136>
  204ca0:	a4b1a623          	sw	a1,-1460(gp) # 200a4394 <uxTopReadyPriority>
  204ca4:	03f586b3          	mul	a3,a1,t6
  204ca8:	96ba                	add	a3,a3,a4
  204caa:	0046a803          	lw	a6,4(a3)
  204cae:	00c82283          	lw	t0,12(a6)
  204cb2:	0107a823          	sw	a6,16(a5)
  204cb6:	0057aa23          	sw	t0,20(a5)
  204cba:	0112a423          	sw	a7,8(t0)
  204cbe:	01182623          	sw	a7,12(a6)
  204cc2:	cfd4                	sw	a3,28(a5)
  204cc4:	429c                	lw	a5,0(a3)
  204cc6:	0785                	add	a5,a5,1
  204cc8:	c29c                	sw	a5,0(a3)
                            if( pxTCB->uxPriority > pxCurrentTCB->uxPriority )
  204cca:	a681a783          	lw	a5,-1432(gp) # 200a43b0 <pxCurrentTCB>
  204cce:	5f9c                	lw	a5,56(a5)
  204cd0:	00b7f363          	bgeu	a5,a1,204cd6 <xTaskIncrementTick+0x168>
                                xSwitchRequired = pdTRUE;
  204cd4:	4505                	li	a0,1
                if( listLIST_IS_EMPTY( pxDelayedTaskList ) != pdFALSE )
  204cd6:	a641a783          	lw	a5,-1436(gp) # 200a43ac <pxDelayedTaskList>
  204cda:	439c                	lw	a5,0(a5)
  204cdc:	f7b1                	bnez	a5,204c28 <xTaskIncrementTick+0xba>
                    xNextTaskUnblockTime = portMAX_DELAY;
  204cde:	587d                	li	a6,-1
  204ce0:	58fd                	li	a7,-1
                        xNextTaskUnblockTime = xItemValue;
  204ce2:	01062023          	sw	a6,0(a2)
  204ce6:	01162223          	sw	a7,4(a2)
                        break;
  204cea:	b731                	j	204bf6 <xTaskIncrementTick+0x88>
        xPendedTicks += 1U;
  204cec:	a4018793          	add	a5,gp,-1472 # 200a4388 <xPendedTicks>
  204cf0:	4380                	lw	s0,0(a5)
  204cf2:	00140713          	add	a4,s0,1
  204cf6:	43c4                	lw	s1,4(a5)
  204cf8:	00873533          	sltu	a0,a4,s0
  204cfc:	009506b3          	add	a3,a0,s1
  204d00:	c398                	sw	a4,0(a5)
  204d02:	c3d4                	sw	a3,4(a5)
    BaseType_t xSwitchRequired = pdFALSE;
  204d04:	4501                	li	a0,0
  204d06:	bf01                	j	204c16 <xTaskIncrementTick+0xa8>
                    xSwitchRequired = pdTRUE;
  204d08:	4505                	li	a0,1
    return xSwitchRequired;
  204d0a:	b731                	j	204c16 <xTaskIncrementTick+0xa8>

00204d0c <xTaskResumeAll>:
{
  204d0c:	7179                	add	sp,sp,-48
  204d0e:	d606                	sw	ra,44(sp)
  204d10:	d422                	sw	s0,40(sp)
  204d12:	d226                	sw	s1,36(sp)
  204d14:	d04a                	sw	s2,32(sp)
  204d16:	ce4e                	sw	s3,28(sp)
  204d18:	cc52                	sw	s4,24(sp)
        taskENTER_CRITICAL();
  204d1a:	60b000ef          	jal	205b24 <vPortEnterCritical>
            configASSERT( uxSchedulerSuspended != 0U );
  204d1e:	a1c1a703          	lw	a4,-1508(gp) # 200a4364 <uxSchedulerSuspended>
  204d22:	eb19                	bnez	a4,204d38 <xTaskResumeAll+0x2c>
    ECLIC_SetMth(uxMaxSysCallMTH);
  204d24:	80c1c703          	lbu	a4,-2036(gp) # 200a4154 <uxMaxSysCallMTH>
  204d28:	07018793          	add	a5,gp,112 # 200a49b8 <SystemIRegionInfo>
  204d2c:	43dc                	lw	a5,4(a5)
  204d2e:	00e785a3          	sb	a4,11(a5)
    __RWMB();
  204d32:	0ff0000f          	fence
  204d36:	a001                	j	204d36 <xTaskResumeAll+0x2a>
            uxSchedulerSuspended = ( UBaseType_t ) ( uxSchedulerSuspended - 1U );
  204d38:	a1c1a703          	lw	a4,-1508(gp) # 200a4364 <uxSchedulerSuspended>
  204d3c:	177d                	add	a4,a4,-1
  204d3e:	a0e1ae23          	sw	a4,-1508(gp) # 200a4364 <uxSchedulerSuspended>
            if( uxSchedulerSuspended == ( UBaseType_t ) 0U )
  204d42:	a1c1a783          	lw	a5,-1508(gp) # 200a4364 <uxSchedulerSuspended>
  204d46:	cf91                	beqz	a5,204d62 <xTaskResumeAll+0x56>
    BaseType_t xAlreadyYielded = pdFALSE;
  204d48:	4501                	li	a0,0
  204d4a:	c62a                	sw	a0,12(sp)
        taskEXIT_CRITICAL();
  204d4c:	617000ef          	jal	205b62 <vPortExitCritical>
}
  204d50:	50b2                	lw	ra,44(sp)
  204d52:	5422                	lw	s0,40(sp)
  204d54:	4532                	lw	a0,12(sp)
  204d56:	5492                	lw	s1,36(sp)
  204d58:	5902                	lw	s2,32(sp)
  204d5a:	49f2                	lw	s3,28(sp)
  204d5c:	4a62                	lw	s4,24(sp)
  204d5e:	6145                	add	sp,sp,48
  204d60:	8082                	ret
                if( uxCurrentNumberOfTasks > ( UBaseType_t ) 0U )
  204d62:	a581a783          	lw	a5,-1448(gp) # 200a43a0 <uxCurrentNumberOfTasks>
  204d66:	d3ed                	beqz	a5,204d48 <xTaskResumeAll+0x3c>
    TCB_t * pxTCB = NULL;
  204d68:	4781                	li	a5,0
                        prvAddTaskToReadyList( pxTCB );
  204d6a:	4e61                	li	t3,24
                                xYieldPendings[ xCoreID ] = pdTRUE;
  204d6c:	4f85                	li	t6,1
  204d6e:	a049                	j	204df0 <xTaskResumeAll+0xe4>
                        pxTCB = listGET_OWNER_OF_HEAD_ENTRY( ( &xPendingReadyList ) );
  204d70:	4b1c                	lw	a5,16(a4)
  204d72:	4b9c                	lw	a5,16(a5)
                        listREMOVE_ITEM( &( pxTCB->xEventListItem ) );
  204d74:	5790                	lw	a2,40(a5)
  204d76:	57d4                	lw	a3,44(a5)
  204d78:	5bd8                	lw	a4,52(a5)
  204d7a:	c654                	sw	a3,12(a2)
  204d7c:	c690                	sw	a2,8(a3)
  204d7e:	434c                	lw	a1,4(a4)
  204d80:	02078613          	add	a2,a5,32
  204d84:	00c59363          	bne	a1,a2,204d8a <xTaskResumeAll+0x7e>
  204d88:	c354                	sw	a3,4(a4)
  204d8a:	4314                	lw	a3,0(a4)
  204d8c:	0207aa23          	sw	zero,52(a5)
  204d90:	16fd                	add	a3,a3,-1
  204d92:	c314                	sw	a3,0(a4)
                        listREMOVE_ITEM( &( pxTCB->xStateListItem ) );
  204d94:	4b90                	lw	a2,16(a5)
  204d96:	4bd4                	lw	a3,20(a5)
  204d98:	4fd8                	lw	a4,28(a5)
  204d9a:	c654                	sw	a3,12(a2)
  204d9c:	c690                	sw	a2,8(a3)
  204d9e:	00878593          	add	a1,a5,8
  204da2:	4350                	lw	a2,4(a4)
  204da4:	00b61363          	bne	a2,a1,204daa <xTaskResumeAll+0x9e>
  204da8:	c354                	sw	a3,4(a4)
  204daa:	4314                	lw	a3,0(a4)
  204dac:	16fd                	add	a3,a3,-1
  204dae:	c314                	sw	a3,0(a4)
                        prvAddTaskToReadyList( pxTCB );
  204db0:	5f94                	lw	a3,56(a5)
  204db2:	a4c1a703          	lw	a4,-1460(gp) # 200a4394 <uxTopReadyPriority>
  204db6:	00d77463          	bgeu	a4,a3,204dbe <xTaskResumeAll+0xb2>
  204dba:	a4d1a623          	sw	a3,-1460(gp) # 200a4394 <uxTopReadyPriority>
  204dbe:	03c68633          	mul	a2,a3,t3
  204dc2:	36018713          	add	a4,gp,864 # 200a4ca8 <pxReadyTasksLists>
  204dc6:	9732                	add	a4,a4,a2
  204dc8:	4350                	lw	a2,4(a4)
  204dca:	00c62803          	lw	a6,12(a2)
  204dce:	cb90                	sw	a2,16(a5)
  204dd0:	0107aa23          	sw	a6,20(a5)
  204dd4:	00b82423          	sw	a1,8(a6)
  204dd8:	c64c                	sw	a1,12(a2)
  204dda:	4310                	lw	a2,0(a4)
  204ddc:	cfd8                	sw	a4,28(a5)
  204dde:	0605                	add	a2,a2,1
  204de0:	c310                	sw	a2,0(a4)
                            if( pxTCB->uxPriority > pxCurrentTCB->uxPriority )
  204de2:	a681a703          	lw	a4,-1432(gp) # 200a43b0 <pxCurrentTCB>
  204de6:	5f18                	lw	a4,56(a4)
  204de8:	00d77463          	bgeu	a4,a3,204df0 <xTaskResumeAll+0xe4>
                                xYieldPendings[ xCoreID ] = pdTRUE;
  204dec:	a3f1ac23          	sw	t6,-1480(gp) # 200a4380 <xYieldPendings>
                    while( listLIST_IS_EMPTY( &xPendingReadyList ) == pdFALSE )
  204df0:	31818713          	add	a4,gp,792 # 200a4c60 <xPendingReadyList>
  204df4:	4314                	lw	a3,0(a4)
  204df6:	fead                	bnez	a3,204d70 <xTaskResumeAll+0x64>
                    if( pxTCB != NULL )
  204df8:	c399                	beqz	a5,204dfe <xTaskResumeAll+0xf2>
                        prvResetNextTaskUnblockTime();
  204dfa:	a23ff0ef          	jal	20481c <prvResetNextTaskUnblockTime>
                        TickType_t xPendedCounts = xPendedTicks; /* Non-volatile copy. */
  204dfe:	a4018713          	add	a4,gp,-1472 # 200a4388 <xPendedTicks>
  204e02:	4300                	lw	s0,0(a4)
  204e04:	4344                	lw	s1,4(a4)
                        if( xPendedCounts > ( TickType_t ) 0U )
  204e06:	00946733          	or	a4,s0,s1
  204e0a:	a4018913          	add	s2,gp,-1472 # 200a4388 <xPendedTicks>
  204e0e:	c71d                	beqz	a4,204e3c <xTaskResumeAll+0x130>
                                    xYieldPendings[ xCoreID ] = pdTRUE;
  204e10:	4a05                	li	s4,1
                                if( xTaskIncrementTick() != pdFALSE )
  204e12:	d5dff0ef          	jal	204b6e <xTaskIncrementTick>
  204e16:	c119                	beqz	a0,204e1c <xTaskResumeAll+0x110>
                                    xYieldPendings[ xCoreID ] = pdTRUE;
  204e18:	a341ac23          	sw	s4,-1480(gp) # 200a4380 <xYieldPendings>
                                --xPendedCounts;
  204e1c:	00143793          	seqz	a5,s0
  204e20:	fff40713          	add	a4,s0,-1
  204e24:	40f487b3          	sub	a5,s1,a5
  204e28:	84be                	mv	s1,a5
                            } while( xPendedCounts > ( TickType_t ) 0U );
  204e2a:	8fd9                	or	a5,a5,a4
                                --xPendedCounts;
  204e2c:	843a                	mv	s0,a4
                            } while( xPendedCounts > ( TickType_t ) 0U );
  204e2e:	f3f5                	bnez	a5,204e12 <xTaskResumeAll+0x106>
                            xPendedTicks = 0;
  204e30:	4781                	li	a5,0
  204e32:	4801                	li	a6,0
  204e34:	00f92023          	sw	a5,0(s2)
  204e38:	01092223          	sw	a6,4(s2)
                    if( xYieldPendings[ xCoreID ] != pdFALSE )
  204e3c:	a381a783          	lw	a5,-1480(gp) # 200a4380 <xYieldPendings>
  204e40:	f00784e3          	beqz	a5,204d48 <xTaskResumeAll+0x3c>
                            taskYIELD_TASK_CORE_IF_USING_PREEMPTION( pxCurrentTCB );
  204e44:	a681a783          	lw	a5,-1432(gp) # 200a43b0 <pxCurrentTCB>
  204e48:	f14027f3          	csrr	a5,mhartid
  204e4c:	07018793          	add	a5,gp,112 # 200a49b8 <SystemIRegionInfo>
  204e50:	479c                	lw	a5,8(a5)
  204e52:	6705                	lui	a4,0x1
  204e54:	97ba                	add	a5,a5,a4
  204e56:	ffc7a703          	lw	a4,-4(a5)
  204e5a:	00176713          	or	a4,a4,1
  204e5e:	fee7ae23          	sw	a4,-4(a5)
  204e62:	0ff0000f          	fence
                            xAlreadyYielded = pdTRUE;
  204e66:	4505                	li	a0,1
  204e68:	b5cd                	j	204d4a <xTaskResumeAll+0x3e>

00204e6a <vTaskDelay>:
    {
  204e6a:	1101                	add	sp,sp,-32
  204e6c:	ce06                	sw	ra,28(sp)
        if( xTicksToDelay > ( TickType_t ) 0U )
  204e6e:	00b567b3          	or	a5,a0,a1
  204e72:	e39d                	bnez	a5,204e98 <vTaskDelay+0x2e>
  204e74:	f14027f3          	csrr	a5,mhartid
  204e78:	07018793          	add	a5,gp,112 # 200a49b8 <SystemIRegionInfo>
  204e7c:	479c                	lw	a5,8(a5)
  204e7e:	6705                	lui	a4,0x1
  204e80:	97ba                	add	a5,a5,a4
  204e82:	ffc7a703          	lw	a4,-4(a5)
  204e86:	00176713          	or	a4,a4,1
  204e8a:	fee7ae23          	sw	a4,-4(a5)
            taskYIELD_WITHIN_API();
  204e8e:	0ff0000f          	fence
    }
  204e92:	40f2                	lw	ra,28(sp)
  204e94:	6105                	add	sp,sp,32
  204e96:	8082                	ret
  204e98:	c62e                	sw	a1,12(sp)
  204e9a:	c42a                	sw	a0,8(sp)
            vTaskSuspendAll();
  204e9c:	c9fff0ef          	jal	204b3a <vTaskSuspendAll>
                configASSERT( uxSchedulerSuspended == 1U );
  204ea0:	a1c1a703          	lw	a4,-1508(gp) # 200a4364 <uxSchedulerSuspended>
  204ea4:	4785                	li	a5,1
  204ea6:	4522                	lw	a0,8(sp)
  204ea8:	45b2                	lw	a1,12(sp)
  204eaa:	00f70c63          	beq	a4,a5,204ec2 <vTaskDelay+0x58>
    ECLIC_SetMth(uxMaxSysCallMTH);
  204eae:	80c1c703          	lbu	a4,-2036(gp) # 200a4154 <uxMaxSysCallMTH>
  204eb2:	07018793          	add	a5,gp,112 # 200a49b8 <SystemIRegionInfo>
  204eb6:	43dc                	lw	a5,4(a5)
  204eb8:	00e785a3          	sb	a4,11(a5)
    __RWMB();
  204ebc:	0ff0000f          	fence
  204ec0:	a001                	j	204ec0 <vTaskDelay+0x56>
                prvAddCurrentTaskToDelayedList( xTicksToDelay, pdFALSE );
  204ec2:	4601                	li	a2,0
  204ec4:	85dff0ef          	jal	204720 <prvAddCurrentTaskToDelayedList>
            xAlreadyYielded = xTaskResumeAll();
  204ec8:	e45ff0ef          	jal	204d0c <xTaskResumeAll>
        if( xAlreadyYielded == pdFALSE )
  204ecc:	d545                	beqz	a0,204e74 <vTaskDelay+0xa>
  204ece:	b7d1                	j	204e92 <vTaskDelay+0x28>

00204ed0 <vTaskSwitchContext>:
        if( uxSchedulerSuspended != ( UBaseType_t ) 0U )
  204ed0:	a1c1a703          	lw	a4,-1508(gp) # 200a4364 <uxSchedulerSuspended>
  204ed4:	c709                	beqz	a4,204ede <vTaskSwitchContext+0xe>
            xYieldPendings[ 0 ] = pdTRUE;
  204ed6:	4705                	li	a4,1
  204ed8:	a2e1ac23          	sw	a4,-1480(gp) # 200a4380 <xYieldPendings>
  204edc:	8082                	ret
    {
  204ede:	1141                	add	sp,sp,-16
            xYieldPendings[ 0 ] = pdFALSE;
  204ee0:	a201ac23          	sw	zero,-1480(gp) # 200a4380 <xYieldPendings>
    {
  204ee4:	c422                	sw	s0,8(sp)
            taskCHECK_FOR_STACK_OVERFLOW();
  204ee6:	a681a703          	lw	a4,-1432(gp) # 200a43b0 <pxCurrentTCB>
  204eea:	a681a783          	lw	a5,-1432(gp) # 200a43b0 <pxCurrentTCB>
    {
  204eee:	c606                	sw	ra,12(sp)
            taskCHECK_FOR_STACK_OVERFLOW();
  204ef0:	4318                	lw	a4,0(a4)
  204ef2:	5fdc                	lw	a5,60(a5)
  204ef4:	00e7ea63          	bltu	a5,a4,204f08 <vTaskSwitchContext+0x38>
  204ef8:	a681a583          	lw	a1,-1432(gp) # 200a43b0 <pxCurrentTCB>
  204efc:	04058593          	add	a1,a1,64
  204f00:	a681a503          	lw	a0,-1432(gp) # 200a43b0 <pxCurrentTCB>
  204f04:	e56fb0ef          	jal	20055a <vApplicationStackOverflowHook>
            taskSELECT_HIGHEST_PRIORITY_TASK();
  204f08:	a4c1a703          	lw	a4,-1460(gp) # 200a4394 <uxTopReadyPriority>
  204f0c:	48e1                	li	a7,24
  204f0e:	031706b3          	mul	a3,a4,a7
  204f12:	36018793          	add	a5,gp,864 # 200a4ca8 <pxReadyTasksLists>
  204f16:	97b6                	add	a5,a5,a3
  204f18:	0007a803          	lw	a6,0(a5)
  204f1c:	36018613          	add	a2,gp,864 # 200a4ca8 <pxReadyTasksLists>
  204f20:	02080b63          	beqz	a6,204f56 <vTaskSwitchContext+0x86>
  204f24:	43c8                	lw	a0,4(a5)
  204f26:	4508                	lw	a0,8(a0)
  204f28:	06a1                	add	a3,a3,8
  204f2a:	c3c8                	sw	a0,4(a5)
  204f2c:	96b2                	add	a3,a3,a2
  204f2e:	00d51463          	bne	a0,a3,204f36 <vTaskSwitchContext+0x66>
  204f32:	4b94                	lw	a3,16(a5)
  204f34:	c3d4                	sw	a3,4(a5)
  204f36:	47e1                	li	a5,24
  204f38:	02f707b3          	mul	a5,a4,a5
  204f3c:	963e                	add	a2,a2,a5
  204f3e:	425c                	lw	a5,4(a2)
  204f40:	4b9c                	lw	a5,16(a5)
  204f42:	a6f1a423          	sw	a5,-1432(gp) # 200a43b0 <pxCurrentTCB>
  204f46:	a4e1a623          	sw	a4,-1460(gp) # 200a4394 <uxTopReadyPriority>
            portTASK_SWITCH_HOOK( pxCurrentTCB );
  204f4a:	a681a783          	lw	a5,-1432(gp) # 200a43b0 <pxCurrentTCB>
    }
  204f4e:	40b2                	lw	ra,12(sp)
  204f50:	4422                	lw	s0,8(sp)
  204f52:	0141                	add	sp,sp,16
  204f54:	8082                	ret
            taskSELECT_HIGHEST_PRIORITY_TASK();
  204f56:	eb19                	bnez	a4,204f6c <vTaskSwitchContext+0x9c>
    ECLIC_SetMth(uxMaxSysCallMTH);
  204f58:	80c1c703          	lbu	a4,-2036(gp) # 200a4154 <uxMaxSysCallMTH>
  204f5c:	07018793          	add	a5,gp,112 # 200a49b8 <SystemIRegionInfo>
  204f60:	43dc                	lw	a5,4(a5)
  204f62:	00e785a3          	sb	a4,11(a5)
    __RWMB();
  204f66:	0ff0000f          	fence
  204f6a:	a001                	j	204f6a <vTaskSwitchContext+0x9a>
  204f6c:	177d                	add	a4,a4,-1 # fff <__STACK_SIZE+0x7ff>
  204f6e:	b745                	j	204f0e <vTaskSwitchContext+0x3e>

00204f70 <vTaskPlaceOnEventList>:
    configASSERT( pxEventList );
  204f70:	e919                	bnez	a0,204f86 <vTaskPlaceOnEventList+0x16>
    ECLIC_SetMth(uxMaxSysCallMTH);
  204f72:	80c1c703          	lbu	a4,-2036(gp) # 200a4154 <uxMaxSysCallMTH>
  204f76:	07018793          	add	a5,gp,112 # 200a49b8 <SystemIRegionInfo>
  204f7a:	43dc                	lw	a5,4(a5)
  204f7c:	00e785a3          	sb	a4,11(a5)
    __RWMB();
  204f80:	0ff0000f          	fence
  204f84:	a001                	j	204f84 <vTaskPlaceOnEventList+0x14>
{
  204f86:	1141                	add	sp,sp,-16
  204f88:	c226                	sw	s1,4(sp)
  204f8a:	84ae                	mv	s1,a1
    vListInsert( pxEventList, &( pxCurrentTCB->xEventListItem ) );
  204f8c:	a681a583          	lw	a1,-1432(gp) # 200a43b0 <pxCurrentTCB>
  204f90:	02058593          	add	a1,a1,32
{
  204f94:	c422                	sw	s0,8(sp)
  204f96:	c606                	sw	ra,12(sp)
  204f98:	8432                	mv	s0,a2
    vListInsert( pxEventList, &( pxCurrentTCB->xEventListItem ) );
  204f9a:	216010ef          	jal	2061b0 <vListInsert>
    prvAddCurrentTaskToDelayedList( xTicksToWait, pdTRUE );
  204f9e:	85a2                	mv	a1,s0
}
  204fa0:	4422                	lw	s0,8(sp)
  204fa2:	40b2                	lw	ra,12(sp)
    prvAddCurrentTaskToDelayedList( xTicksToWait, pdTRUE );
  204fa4:	8526                	mv	a0,s1
  204fa6:	4605                	li	a2,1
}
  204fa8:	4492                	lw	s1,4(sp)
  204faa:	0141                	add	sp,sp,16
    prvAddCurrentTaskToDelayedList( xTicksToWait, pdTRUE );
  204fac:	f74ff06f          	j	204720 <prvAddCurrentTaskToDelayedList>

00204fb0 <vTaskPlaceOnEventListRestricted>:
    {
  204fb0:	87aa                	mv	a5,a0
  204fb2:	852e                	mv	a0,a1
  204fb4:	85b2                	mv	a1,a2
  204fb6:	8636                	mv	a2,a3
        configASSERT( pxEventList );
  204fb8:	eb99                	bnez	a5,204fce <vTaskPlaceOnEventListRestricted+0x1e>
    ECLIC_SetMth(uxMaxSysCallMTH);
  204fba:	80c1c703          	lbu	a4,-2036(gp) # 200a4154 <uxMaxSysCallMTH>
  204fbe:	07018793          	add	a5,gp,112 # 200a49b8 <SystemIRegionInfo>
  204fc2:	43dc                	lw	a5,4(a5)
  204fc4:	00e785a3          	sb	a4,11(a5)
    __RWMB();
  204fc8:	0ff0000f          	fence
  204fcc:	a001                	j	204fcc <vTaskPlaceOnEventListRestricted+0x1c>
        listINSERT_END( pxEventList, &( pxCurrentTCB->xEventListItem ) );
  204fce:	43d4                	lw	a3,4(a5)
  204fd0:	a681a803          	lw	a6,-1432(gp) # 200a43b0 <pxCurrentTCB>
  204fd4:	02d82423          	sw	a3,40(a6)
  204fd8:	00c6a883          	lw	a7,12(a3)
  204fdc:	a681a803          	lw	a6,-1432(gp) # 200a43b0 <pxCurrentTCB>
  204fe0:	03182623          	sw	a7,44(a6)
  204fe4:	a681a803          	lw	a6,-1432(gp) # 200a43b0 <pxCurrentTCB>
  204fe8:	02080813          	add	a6,a6,32
  204fec:	0108a423          	sw	a6,8(a7)
  204ff0:	a681a803          	lw	a6,-1432(gp) # 200a43b0 <pxCurrentTCB>
  204ff4:	02080813          	add	a6,a6,32
  204ff8:	a681a703          	lw	a4,-1432(gp) # 200a43b0 <pxCurrentTCB>
  204ffc:	0106a623          	sw	a6,12(a3)
  205000:	db5c                	sw	a5,52(a4)
  205002:	4398                	lw	a4,0(a5)
  205004:	0705                	add	a4,a4,1
  205006:	c398                	sw	a4,0(a5)
        if( xWaitIndefinitely != pdFALSE )
  205008:	c219                	beqz	a2,20500e <vTaskPlaceOnEventListRestricted+0x5e>
            xTicksToWait = portMAX_DELAY;
  20500a:	557d                	li	a0,-1
  20500c:	85aa                	mv	a1,a0
        prvAddCurrentTaskToDelayedList( xTicksToWait, xWaitIndefinitely );
  20500e:	f12ff06f          	j	204720 <prvAddCurrentTaskToDelayedList>

00205012 <xTaskRemoveFromEventList>:
    pxUnblockedTCB = listGET_OWNER_OF_HEAD_ENTRY( pxEventList );
  205012:	491c                	lw	a5,16(a0)
  205014:	4b9c                	lw	a5,16(a5)
    configASSERT( pxUnblockedTCB );
  205016:	eb99                	bnez	a5,20502c <xTaskRemoveFromEventList+0x1a>
    ECLIC_SetMth(uxMaxSysCallMTH);
  205018:	80c1c703          	lbu	a4,-2036(gp) # 200a4154 <uxMaxSysCallMTH>
  20501c:	07018793          	add	a5,gp,112 # 200a49b8 <SystemIRegionInfo>
  205020:	43dc                	lw	a5,4(a5)
  205022:	00e785a3          	sb	a4,11(a5)
    __RWMB();
  205026:	0ff0000f          	fence
  20502a:	a001                	j	20502a <xTaskRemoveFromEventList+0x18>
    listREMOVE_ITEM( &( pxUnblockedTCB->xEventListItem ) );
  20502c:	5790                	lw	a2,40(a5)
  20502e:	57d4                	lw	a3,44(a5)
  205030:	5bd8                	lw	a4,52(a5)
  205032:	c654                	sw	a3,12(a2)
  205034:	c690                	sw	a2,8(a3)
  205036:	02078593          	add	a1,a5,32
  20503a:	4350                	lw	a2,4(a4)
  20503c:	00b61363          	bne	a2,a1,205042 <xTaskRemoveFromEventList+0x30>
  205040:	c354                	sw	a3,4(a4)
  205042:	4314                	lw	a3,0(a4)
  205044:	16fd                	add	a3,a3,-1
  205046:	0207aa23          	sw	zero,52(a5)
  20504a:	c314                	sw	a3,0(a4)
    if( uxSchedulerSuspended == ( UBaseType_t ) 0U )
  20504c:	a1c1a703          	lw	a4,-1508(gp) # 200a4364 <uxSchedulerSuspended>
  205050:	5f94                	lw	a3,56(a5)
  205052:	ef39                	bnez	a4,2050b0 <xTaskRemoveFromEventList+0x9e>
        listREMOVE_ITEM( &( pxUnblockedTCB->xStateListItem ) );
  205054:	4b8c                	lw	a1,16(a5)
  205056:	4bd0                	lw	a2,20(a5)
  205058:	4fd8                	lw	a4,28(a5)
  20505a:	c5d0                	sw	a2,12(a1)
  20505c:	c60c                	sw	a1,8(a2)
  20505e:	4348                	lw	a0,4(a4)
  205060:	00878593          	add	a1,a5,8
  205064:	00b51363          	bne	a0,a1,20506a <xTaskRemoveFromEventList+0x58>
  205068:	c350                	sw	a2,4(a4)
  20506a:	4310                	lw	a2,0(a4)
  20506c:	167d                	add	a2,a2,-1
  20506e:	c310                	sw	a2,0(a4)
        prvAddTaskToReadyList( pxUnblockedTCB );
  205070:	a4c1a603          	lw	a2,-1460(gp) # 200a4394 <uxTopReadyPriority>
  205074:	00d67463          	bgeu	a2,a3,20507c <xTaskRemoveFromEventList+0x6a>
  205078:	a4d1a623          	sw	a3,-1460(gp) # 200a4394 <uxTopReadyPriority>
  20507c:	4661                	li	a2,24
  20507e:	02c68633          	mul	a2,a3,a2
  205082:	36018713          	add	a4,gp,864 # 200a4ca8 <pxReadyTasksLists>
  205086:	9732                	add	a4,a4,a2
  205088:	4350                	lw	a2,4(a4)
  20508a:	4648                	lw	a0,12(a2)
  20508c:	cb90                	sw	a2,16(a5)
  20508e:	cbc8                	sw	a0,20(a5)
  205090:	c50c                	sw	a1,8(a0)
  205092:	c64c                	sw	a1,12(a2)
  205094:	cfd8                	sw	a4,28(a5)
        listINSERT_END( &( xPendingReadyList ), &( pxUnblockedTCB->xEventListItem ) );
  205096:	431c                	lw	a5,0(a4)
  205098:	0785                	add	a5,a5,1
  20509a:	c31c                	sw	a5,0(a4)
        if( pxUnblockedTCB->uxPriority > pxCurrentTCB->uxPriority )
  20509c:	a681a783          	lw	a5,-1432(gp) # 200a43b0 <pxCurrentTCB>
  2050a0:	5f9c                	lw	a5,56(a5)
            xReturn = pdFALSE;
  2050a2:	4501                	li	a0,0
        if( pxUnblockedTCB->uxPriority > pxCurrentTCB->uxPriority )
  2050a4:	00d7f563          	bgeu	a5,a3,2050ae <xTaskRemoveFromEventList+0x9c>
            xYieldPendings[ 0 ] = pdTRUE;
  2050a8:	4505                	li	a0,1
  2050aa:	a2a1ac23          	sw	a0,-1480(gp) # 200a4380 <xYieldPendings>
}
  2050ae:	8082                	ret
        listINSERT_END( &( xPendingReadyList ), &( pxUnblockedTCB->xEventListItem ) );
  2050b0:	31818713          	add	a4,gp,792 # 200a4c60 <xPendingReadyList>
  2050b4:	4350                	lw	a2,4(a4)
  2050b6:	4648                	lw	a0,12(a2)
  2050b8:	d790                	sw	a2,40(a5)
  2050ba:	d7c8                	sw	a0,44(a5)
  2050bc:	c50c                	sw	a1,8(a0)
  2050be:	c64c                	sw	a1,12(a2)
  2050c0:	dbd8                	sw	a4,52(a5)
  2050c2:	bfd1                	j	205096 <xTaskRemoveFromEventList+0x84>

002050c4 <vTaskInternalSetTimeOutState>:
    pxTimeOut->xOverflowCount = xNumOfOverflows;
  2050c4:	a341a783          	lw	a5,-1484(gp) # 200a437c <xNumOfOverflows>
  2050c8:	c11c                	sw	a5,0(a0)
    pxTimeOut->xTimeOnEntering = xTickCount;
  2050ca:	a5018793          	add	a5,gp,-1456 # 200a4398 <xTickCount>
  2050ce:	4398                	lw	a4,0(a5)
  2050d0:	43dc                	lw	a5,4(a5)
  2050d2:	c518                	sw	a4,8(a0)
  2050d4:	c55c                	sw	a5,12(a0)
}
  2050d6:	8082                	ret

002050d8 <xTaskCheckForTimeOut>:
    configASSERT( pxTimeOut );
  2050d8:	e919                	bnez	a0,2050ee <xTaskCheckForTimeOut+0x16>
    ECLIC_SetMth(uxMaxSysCallMTH);
  2050da:	80c1c703          	lbu	a4,-2036(gp) # 200a4154 <uxMaxSysCallMTH>
  2050de:	07018793          	add	a5,gp,112 # 200a49b8 <SystemIRegionInfo>
  2050e2:	43dc                	lw	a5,4(a5)
  2050e4:	00e785a3          	sb	a4,11(a5)
    __RWMB();
  2050e8:	0ff0000f          	fence
  2050ec:	a001                	j	2050ec <xTaskCheckForTimeOut+0x14>
{
  2050ee:	1101                	add	sp,sp,-32
  2050f0:	cc22                	sw	s0,24(sp)
  2050f2:	ce06                	sw	ra,28(sp)
  2050f4:	842e                	mv	s0,a1
    configASSERT( pxTicksToWait );
  2050f6:	e999                	bnez	a1,20510c <xTaskCheckForTimeOut+0x34>
    ECLIC_SetMth(uxMaxSysCallMTH);
  2050f8:	80c1c703          	lbu	a4,-2036(gp) # 200a4154 <uxMaxSysCallMTH>
  2050fc:	07018793          	add	a5,gp,112 # 200a49b8 <SystemIRegionInfo>
  205100:	43dc                	lw	a5,4(a5)
  205102:	00e785a3          	sb	a4,11(a5)
    __RWMB();
  205106:	0ff0000f          	fence
  20510a:	a001                	j	20510a <xTaskCheckForTimeOut+0x32>
  20510c:	c62a                	sw	a0,12(sp)
    taskENTER_CRITICAL();
  20510e:	217000ef          	jal	205b24 <vPortEnterCritical>
        const TickType_t xConstTickCount = xTickCount;
  205112:	a5018793          	add	a5,gp,-1456 # 200a4398 <xTickCount>
  205116:	0007a803          	lw	a6,0(a5)
            if( *pxTicksToWait == portMAX_DELAY )
  20511a:	4014                	lw	a3,0(s0)
        const TickType_t xConstTickCount = xTickCount;
  20511c:	0047a883          	lw	a7,4(a5)
            if( *pxTicksToWait == portMAX_DELAY )
  205120:	577d                	li	a4,-1
  205122:	405c                	lw	a5,4(s0)
  205124:	4532                	lw	a0,12(sp)
  205126:	00e69463          	bne	a3,a4,20512e <xTaskCheckForTimeOut+0x56>
  20512a:	06d78c63          	beq	a5,a3,2051a2 <xTaskCheckForTimeOut+0xca>
        if( ( xNumOfOverflows != pxTimeOut->xOverflowCount ) && ( xConstTickCount >= pxTimeOut->xTimeOnEntering ) )
  20512e:	a341a703          	lw	a4,-1484(gp) # 200a437c <xNumOfOverflows>
  205132:	00052303          	lw	t1,0(a0)
        const TickType_t xElapsedTime = xConstTickCount - pxTimeOut->xTimeOnEntering;
  205136:	4510                	lw	a2,8(a0)
  205138:	454c                	lw	a1,12(a0)
        if( ( xNumOfOverflows != pxTimeOut->xOverflowCount ) && ( xConstTickCount >= pxTimeOut->xTimeOnEntering ) )
  20513a:	02e30663          	beq	t1,a4,205166 <xTaskCheckForTimeOut+0x8e>
  20513e:	02b8e463          	bltu	a7,a1,205166 <xTaskCheckForTimeOut+0x8e>
  205142:	01159463          	bne	a1,a7,20514a <xTaskCheckForTimeOut+0x72>
  205146:	02c86063          	bltu	a6,a2,205166 <xTaskCheckForTimeOut+0x8e>
            *pxTicksToWait = ( TickType_t ) 0;
  20514a:	4781                	li	a5,0
  20514c:	4801                	li	a6,0
  20514e:	c01c                	sw	a5,0(s0)
  205150:	01042223          	sw	a6,4(s0)
            xReturn = pdTRUE;
  205154:	4505                	li	a0,1
  205156:	c62a                	sw	a0,12(sp)
    taskEXIT_CRITICAL();
  205158:	20b000ef          	jal	205b62 <vPortExitCritical>
}
  20515c:	40f2                	lw	ra,28(sp)
  20515e:	4462                	lw	s0,24(sp)
  205160:	4532                	lw	a0,12(sp)
  205162:	6105                	add	sp,sp,32
  205164:	8082                	ret
        const TickType_t xElapsedTime = xConstTickCount - pxTimeOut->xTimeOnEntering;
  205166:	40c80333          	sub	t1,a6,a2
  20516a:	00683e33          	sltu	t3,a6,t1
  20516e:	40b88733          	sub	a4,a7,a1
  205172:	41c70733          	sub	a4,a4,t3
        else if( xElapsedTime < *pxTicksToWait )
  205176:	00f76663          	bltu	a4,a5,205182 <xTaskCheckForTimeOut+0xaa>
  20517a:	fce798e3          	bne	a5,a4,20514a <xTaskCheckForTimeOut+0x72>
  20517e:	fcd376e3          	bgeu	t1,a3,20514a <xTaskCheckForTimeOut+0x72>
            *pxTicksToWait -= xElapsedTime;
  205182:	41068733          	sub	a4,a3,a6
  205186:	00e6b6b3          	sltu	a3,a3,a4
  20518a:	411787b3          	sub	a5,a5,a7
  20518e:	963a                	add	a2,a2,a4
  205190:	8f95                	sub	a5,a5,a3
  205192:	00e63733          	sltu	a4,a2,a4
  205196:	97ae                	add	a5,a5,a1
  205198:	973e                	add	a4,a4,a5
  20519a:	c010                	sw	a2,0(s0)
  20519c:	c058                	sw	a4,4(s0)
            vTaskInternalSetTimeOutState( pxTimeOut );
  20519e:	f27ff0ef          	jal	2050c4 <vTaskInternalSetTimeOutState>
                xReturn = pdFALSE;
  2051a2:	4501                	li	a0,0
  2051a4:	bf4d                	j	205156 <xTaskCheckForTimeOut+0x7e>

002051a6 <vTaskMissedYield>:
    xYieldPendings[ portGET_CORE_ID() ] = pdTRUE;
  2051a6:	4705                	li	a4,1
  2051a8:	a2e1ac23          	sw	a4,-1480(gp) # 200a4380 <xYieldPendings>
}
  2051ac:	8082                	ret

002051ae <xTaskGetSchedulerState>:
        if( xSchedulerRunning == pdFALSE )
  2051ae:	a481a783          	lw	a5,-1464(gp) # 200a4390 <xSchedulerRunning>
            xReturn = taskSCHEDULER_NOT_STARTED;
  2051b2:	4505                	li	a0,1
        if( xSchedulerRunning == pdFALSE )
  2051b4:	c791                	beqz	a5,2051c0 <xTaskGetSchedulerState+0x12>
                if( uxSchedulerSuspended == ( UBaseType_t ) 0U )
  2051b6:	a1c1a503          	lw	a0,-1508(gp) # 200a4364 <uxSchedulerSuspended>
  2051ba:	00153513          	seqz	a0,a0
  2051be:	0506                	sll	a0,a0,0x1
    }
  2051c0:	8082                	ret

002051c2 <xTaskPriorityInherit>:
        if( pxMutexHolder != NULL )
  2051c2:	c95d                	beqz	a0,205278 <xTaskPriorityInherit+0xb6>
    {
  2051c4:	1101                	add	sp,sp,-32
  2051c6:	c84a                	sw	s2,16(sp)
            if( pxMutexHolderTCB->uxPriority < pxCurrentTCB->uxPriority )
  2051c8:	a681a703          	lw	a4,-1432(gp) # 200a43b0 <pxCurrentTCB>
    {
  2051cc:	cc22                	sw	s0,24(sp)
  2051ce:	ce06                	sw	ra,28(sp)
  2051d0:	ca26                	sw	s1,20(sp)
  2051d2:	c64e                	sw	s3,12(sp)
            if( pxMutexHolderTCB->uxPriority < pxCurrentTCB->uxPriority )
  2051d4:	5d1c                	lw	a5,56(a0)
  2051d6:	5f18                	lw	a4,56(a4)
  2051d8:	842a                	mv	s0,a0
  2051da:	08e7f863          	bgeu	a5,a4,20526a <xTaskPriorityInherit+0xa8>
                if( ( listGET_LIST_ITEM_VALUE( &( pxMutexHolderTCB->xEventListItem ) ) & taskEVENT_LIST_ITEM_VALUE_IN_USE ) == ( ( TickType_t ) 0U ) )
  2051de:	5118                	lw	a4,32(a0)
  2051e0:	00074e63          	bltz	a4,2051fc <xTaskPriorityInherit+0x3a>
                    listSET_LIST_ITEM_VALUE( &( pxMutexHolderTCB->xEventListItem ), ( TickType_t ) configMAX_PRIORITIES - ( TickType_t ) pxCurrentTCB->uxPriority );
  2051e4:	a681a703          	lw	a4,-1432(gp) # 200a43b0 <pxCurrentTCB>
  2051e8:	5f14                	lw	a3,56(a4)
  2051ea:	4719                	li	a4,6
  2051ec:	40d706b3          	sub	a3,a4,a3
  2051f0:	00d73733          	sltu	a4,a4,a3
  2051f4:	40e00733          	neg	a4,a4
  2051f8:	d114                	sw	a3,32(a0)
  2051fa:	d158                	sw	a4,36(a0)
                if( listIS_CONTAINED_WITHIN( &( pxReadyTasksLists[ pxMutexHolderTCB->uxPriority ] ), &( pxMutexHolderTCB->xStateListItem ) ) != pdFALSE )
  2051fc:	4761                	li	a4,24
  2051fe:	02e78733          	mul	a4,a5,a4
  205202:	36018693          	add	a3,gp,864 # 200a4ca8 <pxReadyTasksLists>
  205206:	9736                	add	a4,a4,a3
  205208:	4c54                	lw	a3,28(s0)
  20520a:	36018493          	add	s1,gp,864 # 200a4ca8 <pxReadyTasksLists>
  20520e:	04e69963          	bne	a3,a4,205260 <xTaskPriorityInherit+0x9e>
                    if( uxListRemove( &( pxMutexHolderTCB->xStateListItem ) ) == ( UBaseType_t ) 0 )
  205212:	00840993          	add	s3,s0,8
  205216:	854e                	mv	a0,s3
  205218:	7db000ef          	jal	2061f2 <uxListRemove>
                    pxMutexHolderTCB->uxPriority = pxCurrentTCB->uxPriority;
  20521c:	a681a783          	lw	a5,-1432(gp) # 200a43b0 <pxCurrentTCB>
  205220:	5f9c                	lw	a5,56(a5)
  205222:	dc1c                	sw	a5,56(s0)
                    prvAddTaskToReadyList( pxMutexHolderTCB );
  205224:	a4c1a683          	lw	a3,-1460(gp) # 200a4394 <uxTopReadyPriority>
  205228:	00f6f463          	bgeu	a3,a5,205230 <xTaskPriorityInherit+0x6e>
  20522c:	a4f1a623          	sw	a5,-1460(gp) # 200a4394 <uxTopReadyPriority>
  205230:	4761                	li	a4,24
  205232:	02e787b3          	mul	a5,a5,a4
  205236:	97a6                	add	a5,a5,s1
  205238:	43d8                	lw	a4,4(a5)
  20523a:	4754                	lw	a3,12(a4)
  20523c:	c818                	sw	a4,16(s0)
  20523e:	c854                	sw	a3,20(s0)
  205240:	0136a423          	sw	s3,8(a3)
  205244:	01372623          	sw	s3,12(a4)
  205248:	4398                	lw	a4,0(a5)
  20524a:	cc5c                	sw	a5,28(s0)
  20524c:	0705                	add	a4,a4,1
  20524e:	c398                	sw	a4,0(a5)
                xReturn = pdTRUE;
  205250:	4505                	li	a0,1
    }
  205252:	40f2                	lw	ra,28(sp)
  205254:	4462                	lw	s0,24(sp)
  205256:	44d2                	lw	s1,20(sp)
  205258:	4942                	lw	s2,16(sp)
  20525a:	49b2                	lw	s3,12(sp)
  20525c:	6105                	add	sp,sp,32
  20525e:	8082                	ret
                    pxMutexHolderTCB->uxPriority = pxCurrentTCB->uxPriority;
  205260:	a681a783          	lw	a5,-1432(gp) # 200a43b0 <pxCurrentTCB>
  205264:	5f9c                	lw	a5,56(a5)
  205266:	dc1c                	sw	a5,56(s0)
  205268:	b7e5                	j	205250 <xTaskPriorityInherit+0x8e>
                if( pxMutexHolderTCB->uxBasePriority < pxCurrentTCB->uxPriority )
  20526a:	a681a783          	lw	a5,-1432(gp) # 200a43b0 <pxCurrentTCB>
  20526e:	4928                	lw	a0,80(a0)
  205270:	5f9c                	lw	a5,56(a5)
  205272:	00f53533          	sltu	a0,a0,a5
  205276:	bff1                	j	205252 <xTaskPriorityInherit+0x90>
        BaseType_t xReturn = pdFALSE;
  205278:	4501                	li	a0,0
    }
  20527a:	8082                	ret

0020527c <xTaskPriorityDisinherit>:
        if( pxMutexHolder != NULL )
  20527c:	e909                	bnez	a0,20528e <xTaskPriorityDisinherit+0x12>
        BaseType_t xReturn = pdFALSE;
  20527e:	4501                	li	a0,0
    }
  205280:	8082                	ret
        BaseType_t xReturn = pdFALSE;
  205282:	4501                	li	a0,0
    }
  205284:	40b2                	lw	ra,12(sp)
  205286:	4422                	lw	s0,8(sp)
  205288:	4492                	lw	s1,4(sp)
  20528a:	0141                	add	sp,sp,16
  20528c:	8082                	ret
    {
  20528e:	1141                	add	sp,sp,-16
  205290:	c422                	sw	s0,8(sp)
  205292:	c606                	sw	ra,12(sp)
  205294:	c226                	sw	s1,4(sp)
            configASSERT( pxTCB == pxCurrentTCB );
  205296:	a681a783          	lw	a5,-1432(gp) # 200a43b0 <pxCurrentTCB>
  20529a:	842a                	mv	s0,a0
  20529c:	00a78c63          	beq	a5,a0,2052b4 <xTaskPriorityDisinherit+0x38>
    ECLIC_SetMth(uxMaxSysCallMTH);
  2052a0:	80c1c703          	lbu	a4,-2036(gp) # 200a4154 <uxMaxSysCallMTH>
  2052a4:	07018793          	add	a5,gp,112 # 200a49b8 <SystemIRegionInfo>
  2052a8:	43dc                	lw	a5,4(a5)
  2052aa:	00e785a3          	sb	a4,11(a5)
    __RWMB();
  2052ae:	0ff0000f          	fence
  2052b2:	a001                	j	2052b2 <xTaskPriorityDisinherit+0x36>
            configASSERT( pxTCB->uxMutexesHeld );
  2052b4:	4bfc                	lw	a5,84(a5)
  2052b6:	eb99                	bnez	a5,2052cc <xTaskPriorityDisinherit+0x50>
    ECLIC_SetMth(uxMaxSysCallMTH);
  2052b8:	80c1c703          	lbu	a4,-2036(gp) # 200a4154 <uxMaxSysCallMTH>
  2052bc:	07018793          	add	a5,gp,112 # 200a49b8 <SystemIRegionInfo>
  2052c0:	43dc                	lw	a5,4(a5)
  2052c2:	00e785a3          	sb	a4,11(a5)
    __RWMB();
  2052c6:	0ff0000f          	fence
  2052ca:	a001                	j	2052ca <xTaskPriorityDisinherit+0x4e>
            ( pxTCB->uxMutexesHeld )--;
  2052cc:	17fd                	add	a5,a5,-1
  2052ce:	c97c                	sw	a5,84(a0)
            if( pxTCB->uxPriority != pxTCB->uxBasePriority )
  2052d0:	5d14                	lw	a3,56(a0)
  2052d2:	4938                	lw	a4,80(a0)
  2052d4:	fae687e3          	beq	a3,a4,205282 <xTaskPriorityDisinherit+0x6>
                if( pxTCB->uxMutexesHeld == ( UBaseType_t ) 0 )
  2052d8:	f7cd                	bnez	a5,205282 <xTaskPriorityDisinherit+0x6>
                    if( uxListRemove( &( pxTCB->xStateListItem ) ) == ( UBaseType_t ) 0 )
  2052da:	00850493          	add	s1,a0,8
  2052de:	8526                	mv	a0,s1
  2052e0:	713000ef          	jal	2061f2 <uxListRemove>
                    pxTCB->uxPriority = pxTCB->uxBasePriority;
  2052e4:	4838                	lw	a4,80(s0)
                    listSET_LIST_ITEM_VALUE( &( pxTCB->xEventListItem ), ( TickType_t ) configMAX_PRIORITIES - ( TickType_t ) pxTCB->uxPriority );
  2052e6:	4799                	li	a5,6
  2052e8:	40e786b3          	sub	a3,a5,a4
  2052ec:	00d7b7b3          	sltu	a5,a5,a3
  2052f0:	40f007b3          	neg	a5,a5
  2052f4:	d05c                	sw	a5,36(s0)
  2052f6:	d014                	sw	a3,32(s0)
                    pxTCB->uxPriority = pxTCB->uxBasePriority;
  2052f8:	dc18                	sw	a4,56(s0)
                    prvAddTaskToReadyList( pxTCB );
  2052fa:	a4c1a683          	lw	a3,-1460(gp) # 200a4394 <uxTopReadyPriority>
  2052fe:	00e6f463          	bgeu	a3,a4,205306 <xTaskPriorityDisinherit+0x8a>
  205302:	a4e1a623          	sw	a4,-1460(gp) # 200a4394 <uxTopReadyPriority>
  205306:	46e1                	li	a3,24
  205308:	02d70733          	mul	a4,a4,a3
  20530c:	36018793          	add	a5,gp,864 # 200a4ca8 <pxReadyTasksLists>
  205310:	97ba                	add	a5,a5,a4
  205312:	43d8                	lw	a4,4(a5)
  205314:	4754                	lw	a3,12(a4)
  205316:	c818                	sw	a4,16(s0)
  205318:	c854                	sw	a3,20(s0)
  20531a:	c684                	sw	s1,8(a3)
  20531c:	c744                	sw	s1,12(a4)
  20531e:	4398                	lw	a4,0(a5)
  205320:	cc5c                	sw	a5,28(s0)
  205322:	0705                	add	a4,a4,1
  205324:	c398                	sw	a4,0(a5)
                    xReturn = pdTRUE;
  205326:	4505                	li	a0,1
        return xReturn;
  205328:	bfb1                	j	205284 <xTaskPriorityDisinherit+0x8>

0020532a <vTaskPriorityDisinheritAfterTimeout>:
        if( pxMutexHolder != NULL )
  20532a:	c561                	beqz	a0,2053f2 <vTaskPriorityDisinheritAfterTimeout+0xc8>
    {
  20532c:	1141                	add	sp,sp,-16
  20532e:	c422                	sw	s0,8(sp)
  205330:	c606                	sw	ra,12(sp)
  205332:	c226                	sw	s1,4(sp)
  205334:	c04a                	sw	s2,0(sp)
            configASSERT( pxTCB->uxMutexesHeld );
  205336:	4978                	lw	a4,84(a0)
  205338:	842a                	mv	s0,a0
  20533a:	eb19                	bnez	a4,205350 <vTaskPriorityDisinheritAfterTimeout+0x26>
    ECLIC_SetMth(uxMaxSysCallMTH);
  20533c:	80c1c703          	lbu	a4,-2036(gp) # 200a4154 <uxMaxSysCallMTH>
  205340:	07018793          	add	a5,gp,112 # 200a49b8 <SystemIRegionInfo>
  205344:	43dc                	lw	a5,4(a5)
  205346:	00e785a3          	sb	a4,11(a5)
    __RWMB();
  20534a:	0ff0000f          	fence
  20534e:	a001                	j	20534e <vTaskPriorityDisinheritAfterTimeout+0x24>
            if( pxTCB->uxBasePriority < uxHighestPriorityWaitingTask )
  205350:	493c                	lw	a5,80(a0)
  205352:	0af5f5b3          	maxu	a1,a1,a5
            if( pxTCB->uxPriority != uxPriorityToUse )
  205356:	5d1c                	lw	a5,56(a0)
  205358:	08b78763          	beq	a5,a1,2053e6 <vTaskPriorityDisinheritAfterTimeout+0xbc>
                if( pxTCB->uxMutexesHeld == uxOnlyOneMutexHeld )
  20535c:	4685                	li	a3,1
  20535e:	08d71463          	bne	a4,a3,2053e6 <vTaskPriorityDisinheritAfterTimeout+0xbc>
                    configASSERT( pxTCB != pxCurrentTCB );
  205362:	a681a703          	lw	a4,-1432(gp) # 200a43b0 <pxCurrentTCB>
  205366:	00a71c63          	bne	a4,a0,20537e <vTaskPriorityDisinheritAfterTimeout+0x54>
    ECLIC_SetMth(uxMaxSysCallMTH);
  20536a:	80c1c703          	lbu	a4,-2036(gp) # 200a4154 <uxMaxSysCallMTH>
  20536e:	07018793          	add	a5,gp,112 # 200a49b8 <SystemIRegionInfo>
  205372:	43dc                	lw	a5,4(a5)
  205374:	00e785a3          	sb	a4,11(a5)
    __RWMB();
  205378:	0ff0000f          	fence
  20537c:	a001                	j	20537c <vTaskPriorityDisinheritAfterTimeout+0x52>
                    pxTCB->uxPriority = uxPriorityToUse;
  20537e:	dd0c                	sw	a1,56(a0)
                    if( ( listGET_LIST_ITEM_VALUE( &( pxTCB->xEventListItem ) ) & taskEVENT_LIST_ITEM_VALUE_IN_USE ) == ( ( TickType_t ) 0U ) )
  205380:	5118                	lw	a4,32(a0)
  205382:	00074b63          	bltz	a4,205398 <vTaskPriorityDisinheritAfterTimeout+0x6e>
                        listSET_LIST_ITEM_VALUE( &( pxTCB->xEventListItem ), ( TickType_t ) configMAX_PRIORITIES - ( TickType_t ) uxPriorityToUse );
  205386:	4719                	li	a4,6
  205388:	40b705b3          	sub	a1,a4,a1
  20538c:	00b73733          	sltu	a4,a4,a1
  205390:	40e00733          	neg	a4,a4
  205394:	d10c                	sw	a1,32(a0)
  205396:	d158                	sw	a4,36(a0)
                    if( listIS_CONTAINED_WITHIN( &( pxReadyTasksLists[ uxPriorityUsedOnEntry ] ), &( pxTCB->xStateListItem ) ) != pdFALSE )
  205398:	4761                	li	a4,24
  20539a:	02e78733          	mul	a4,a5,a4
  20539e:	36018693          	add	a3,gp,864 # 200a4ca8 <pxReadyTasksLists>
  2053a2:	9736                	add	a4,a4,a3
  2053a4:	4c54                	lw	a3,28(s0)
  2053a6:	36018493          	add	s1,gp,864 # 200a4ca8 <pxReadyTasksLists>
  2053aa:	02e69e63          	bne	a3,a4,2053e6 <vTaskPriorityDisinheritAfterTimeout+0xbc>
                        if( uxListRemove( &( pxTCB->xStateListItem ) ) == ( UBaseType_t ) 0 )
  2053ae:	00840913          	add	s2,s0,8
  2053b2:	854a                	mv	a0,s2
  2053b4:	63f000ef          	jal	2061f2 <uxListRemove>
                        prvAddTaskToReadyList( pxTCB );
  2053b8:	5c1c                	lw	a5,56(s0)
  2053ba:	a4c1a683          	lw	a3,-1460(gp) # 200a4394 <uxTopReadyPriority>
  2053be:	00f6f463          	bgeu	a3,a5,2053c6 <vTaskPriorityDisinheritAfterTimeout+0x9c>
  2053c2:	a4f1a623          	sw	a5,-1460(gp) # 200a4394 <uxTopReadyPriority>
  2053c6:	4761                	li	a4,24
  2053c8:	02e787b3          	mul	a5,a5,a4
  2053cc:	97a6                	add	a5,a5,s1
  2053ce:	43d8                	lw	a4,4(a5)
  2053d0:	4754                	lw	a3,12(a4)
  2053d2:	c818                	sw	a4,16(s0)
  2053d4:	c854                	sw	a3,20(s0)
  2053d6:	0126a423          	sw	s2,8(a3)
  2053da:	01272623          	sw	s2,12(a4)
  2053de:	4398                	lw	a4,0(a5)
  2053e0:	cc5c                	sw	a5,28(s0)
  2053e2:	0705                	add	a4,a4,1
  2053e4:	c398                	sw	a4,0(a5)
    }
  2053e6:	40b2                	lw	ra,12(sp)
  2053e8:	4422                	lw	s0,8(sp)
  2053ea:	4492                	lw	s1,4(sp)
  2053ec:	4902                	lw	s2,0(sp)
  2053ee:	0141                	add	sp,sp,16
  2053f0:	8082                	ret
  2053f2:	8082                	ret

002053f4 <pvTaskIncrementMutexHeldCount>:
        pxTCB = pxCurrentTCB;
  2053f4:	a681a503          	lw	a0,-1432(gp) # 200a43b0 <pxCurrentTCB>
        if( pxTCB != NULL )
  2053f8:	c501                	beqz	a0,205400 <pvTaskIncrementMutexHeldCount+0xc>
            ( pxTCB->uxMutexesHeld )++;
  2053fa:	497c                	lw	a5,84(a0)
  2053fc:	0785                	add	a5,a5,1
  2053fe:	c97c                	sw	a5,84(a0)
    }
  205400:	8082                	ret

00205402 <prvInsertTimerInActiveList>:

    static BaseType_t prvInsertTimerInActiveList( Timer_t * const pxTimer,
                                                  const TickType_t xNextExpiryTime,
                                                  const TickType_t xTimeNow,
                                                  const TickType_t xCommandTime )
    {
  205402:	1141                	add	sp,sp,-16
  205404:	c606                	sw	ra,12(sp)
        BaseType_t xProcessTimerNow = pdFALSE;

        listSET_LIST_ITEM_VALUE( &( pxTimer->xTimerListItem ), xNextExpiryTime );
  205406:	c50c                	sw	a1,8(a0)
  205408:	c550                	sw	a2,12(a0)
        listSET_LIST_ITEM_OWNER( &( pxTimer->xTimerListItem ), pxTimer );
  20540a:	cd08                	sw	a0,24(a0)

        if( xNextExpiryTime <= xTimeNow )
  20540c:	02c76f63          	bltu	a4,a2,20544a <prvInsertTimerInActiveList+0x48>
  205410:	00e61463          	bne	a2,a4,205418 <prvInsertTimerInActiveList+0x16>
  205414:	02b6eb63          	bltu	a3,a1,20544a <prvInsertTimerInActiveList+0x48>
        {
            /* Has the expiry time elapsed between the command to start/reset a
             * timer was issued, and the time the command was processed? */
            if( ( ( TickType_t ) ( xTimeNow - xCommandTime ) ) >= pxTimer->xTimerPeriodInTicks )
  205418:	40f687b3          	sub	a5,a3,a5
  20541c:	00f6b6b3          	sltu	a3,a3,a5
  205420:	41070733          	sub	a4,a4,a6
  205424:	8f15                	sub	a4,a4,a3
  205426:	5154                	lw	a3,36(a0)
  205428:	00d76763          	bltu	a4,a3,205436 <prvInsertTimerInActiveList+0x34>
  20542c:	04e69063          	bne	a3,a4,20546c <prvInsertTimerInActiveList+0x6a>
  205430:	5118                	lw	a4,32(a0)
  205432:	02e7fd63          	bgeu	a5,a4,20546c <prvInsertTimerInActiveList+0x6a>
                 * processed actually exceeds the timers period.  */
                xProcessTimerNow = pdTRUE;
            }
            else
            {
                vListInsert( pxOverflowTimerList, &( pxTimer->xTimerListItem ) );
  205436:	00850593          	add	a1,a0,8
  20543a:	a801a503          	lw	a0,-1408(gp) # 200a43c8 <pxOverflowTimerList>
                 * its expiry time and should be processed immediately. */
                xProcessTimerNow = pdTRUE;
            }
            else
            {
                vListInsert( pxCurrentTimerList, &( pxTimer->xTimerListItem ) );
  20543e:	573000ef          	jal	2061b0 <vListInsert>
        BaseType_t xProcessTimerNow = pdFALSE;
  205442:	4501                	li	a0,0
            }
        }

        return xProcessTimerNow;
    }
  205444:	40b2                	lw	ra,12(sp)
  205446:	0141                	add	sp,sp,16
  205448:	8082                	ret
            if( ( xTimeNow < xCommandTime ) && ( xNextExpiryTime >= xCommandTime ) )
  20544a:	01076663          	bltu	a4,a6,205456 <prvInsertTimerInActiveList+0x54>
  20544e:	00e81a63          	bne	a6,a4,205462 <prvInsertTimerInActiveList+0x60>
  205452:	00f6f863          	bgeu	a3,a5,205462 <prvInsertTimerInActiveList+0x60>
  205456:	01066663          	bltu	a2,a6,205462 <prvInsertTimerInActiveList+0x60>
  20545a:	00c81963          	bne	a6,a2,20546c <prvInsertTimerInActiveList+0x6a>
  20545e:	00f5f763          	bgeu	a1,a5,20546c <prvInsertTimerInActiveList+0x6a>
                vListInsert( pxCurrentTimerList, &( pxTimer->xTimerListItem ) );
  205462:	00850593          	add	a1,a0,8
  205466:	a841a503          	lw	a0,-1404(gp) # 200a43cc <pxCurrentTimerList>
  20546a:	bfd1                	j	20543e <prvInsertTimerInActiveList+0x3c>
                xProcessTimerNow = pdTRUE;
  20546c:	4505                	li	a0,1
        return xProcessTimerNow;
  20546e:	bfd9                	j	205444 <prvInsertTimerInActiveList+0x42>

00205470 <prvReloadTimer>:
    {
  205470:	1101                	add	sp,sp,-32
  205472:	cc22                	sw	s0,24(sp)
  205474:	ca26                	sw	s1,20(sp)
  205476:	c84a                	sw	s2,16(sp)
  205478:	c64e                	sw	s3,12(sp)
  20547a:	c452                	sw	s4,8(sp)
  20547c:	ce06                	sw	ra,28(sp)
  20547e:	842a                	mv	s0,a0
  205480:	892e                	mv	s2,a1
  205482:	84b2                	mv	s1,a2
  205484:	8a36                	mv	s4,a3
  205486:	89ba                	mv	s3,a4
        while( prvInsertTimerInActiveList( pxTimer, ( xExpiredTime + pxTimer->xTimerPeriodInTicks ), xTimeNow, xExpiredTime ) != pdFALSE )
  205488:	500c                	lw	a1,32(s0)
  20548a:	5050                	lw	a2,36(s0)
  20548c:	95ca                	add	a1,a1,s2
  20548e:	0125b533          	sltu	a0,a1,s2
  205492:	9626                	add	a2,a2,s1
  205494:	962a                	add	a2,a2,a0
  205496:	87ca                	mv	a5,s2
  205498:	8826                	mv	a6,s1
  20549a:	86d2                	mv	a3,s4
  20549c:	874e                	mv	a4,s3
  20549e:	8522                	mv	a0,s0
  2054a0:	f63ff0ef          	jal	205402 <prvInsertTimerInActiveList>
  2054a4:	e909                	bnez	a0,2054b6 <prvReloadTimer+0x46>
    }
  2054a6:	40f2                	lw	ra,28(sp)
  2054a8:	4462                	lw	s0,24(sp)
  2054aa:	44d2                	lw	s1,20(sp)
  2054ac:	4942                	lw	s2,16(sp)
  2054ae:	49b2                	lw	s3,12(sp)
  2054b0:	4a22                	lw	s4,8(sp)
  2054b2:	6105                	add	sp,sp,32
  2054b4:	8082                	ret
            xExpiredTime += pxTimer->xTimerPeriodInTicks;
  2054b6:	501c                	lw	a5,32(s0)
  2054b8:	97ca                	add	a5,a5,s2
  2054ba:	5054                	lw	a3,36(s0)
  2054bc:	0127b733          	sltu	a4,a5,s2
  2054c0:	94b6                	add	s1,s1,a3
  2054c2:	893e                	mv	s2,a5
            pxTimer->pxCallbackFunction( ( TimerHandle_t ) pxTimer );
  2054c4:	8522                	mv	a0,s0
  2054c6:	545c                	lw	a5,44(s0)
            xExpiredTime += pxTimer->xTimerPeriodInTicks;
  2054c8:	94ba                	add	s1,s1,a4
            pxTimer->pxCallbackFunction( ( TimerHandle_t ) pxTimer );
  2054ca:	9782                	jalr	a5
  2054cc:	bf75                	j	205488 <prvReloadTimer+0x18>

002054ce <prvProcessExpiredTimer>:
        Timer_t * const pxTimer = ( Timer_t * ) listGET_OWNER_OF_HEAD_ENTRY( pxCurrentTimerList );
  2054ce:	a841a783          	lw	a5,-1404(gp) # 200a43cc <pxCurrentTimerList>
    {
  2054d2:	1101                	add	sp,sp,-32
        Timer_t * const pxTimer = ( Timer_t * ) listGET_OWNER_OF_HEAD_ENTRY( pxCurrentTimerList );
  2054d4:	4b9c                	lw	a5,16(a5)
    {
  2054d6:	cc22                	sw	s0,24(sp)
        Timer_t * const pxTimer = ( Timer_t * ) listGET_OWNER_OF_HEAD_ENTRY( pxCurrentTimerList );
  2054d8:	4b80                	lw	s0,16(a5)
    {
  2054da:	c62a                	sw	a0,12(sp)
        ( void ) uxListRemove( &( pxTimer->xTimerListItem ) );
  2054dc:	00840513          	add	a0,s0,8
    {
  2054e0:	ca26                	sw	s1,20(sp)
  2054e2:	c432                	sw	a2,8(sp)
  2054e4:	84ae                	mv	s1,a1
  2054e6:	c236                	sw	a3,4(sp)
  2054e8:	ce06                	sw	ra,28(sp)
        ( void ) uxListRemove( &( pxTimer->xTimerListItem ) );
  2054ea:	509000ef          	jal	2061f2 <uxListRemove>
        if( ( pxTimer->ucStatus & tmrSTATUS_IS_AUTORELOAD ) != 0U )
  2054ee:	03044783          	lbu	a5,48(s0)
  2054f2:	0047f613          	and	a2,a5,4
  2054f6:	4712                	lw	a4,4(sp)
  2054f8:	46a2                	lw	a3,8(sp)
  2054fa:	45b2                	lw	a1,12(sp)
  2054fc:	ce01                	beqz	a2,205514 <prvProcessExpiredTimer+0x46>
            prvReloadTimer( pxTimer, xNextExpireTime, xTimeNow );
  2054fe:	8626                	mv	a2,s1
  205500:	8522                	mv	a0,s0
  205502:	f6fff0ef          	jal	205470 <prvReloadTimer>
        pxTimer->pxCallbackFunction( ( TimerHandle_t ) pxTimer );
  205506:	545c                	lw	a5,44(s0)
  205508:	8522                	mv	a0,s0
    }
  20550a:	4462                	lw	s0,24(sp)
  20550c:	40f2                	lw	ra,28(sp)
  20550e:	44d2                	lw	s1,20(sp)
  205510:	6105                	add	sp,sp,32
        pxTimer->pxCallbackFunction( ( TimerHandle_t ) pxTimer );
  205512:	8782                	jr	a5
            pxTimer->ucStatus &= ( ( uint8_t ) ~tmrSTATUS_IS_ACTIVE );
  205514:	9bf9                	and	a5,a5,-2
  205516:	02f40823          	sb	a5,48(s0)
  20551a:	b7f5                	j	205506 <prvProcessExpiredTimer+0x38>

0020551c <prvSampleTimeNow>:
    {
  20551c:	1101                	add	sp,sp,-32
  20551e:	cc22                	sw	s0,24(sp)
  205520:	ca26                	sw	s1,20(sp)
  205522:	c84a                	sw	s2,16(sp)
  205524:	c64e                	sw	s3,12(sp)
  205526:	ce06                	sw	ra,28(sp)
  205528:	c452                	sw	s4,8(sp)
  20552a:	89aa                	mv	s3,a0
        xTimeNow = xTaskGetTickCount();
  20552c:	e1aff0ef          	jal	204b46 <xTaskGetTickCount>
        if( xTimeNow < xLastTime )
  205530:	a7018793          	add	a5,gp,-1424 # 200a43b8 <xLastTime.0>
  205534:	43dc                	lw	a5,4(a5)
        xTimeNow = xTaskGetTickCount();
  205536:	892a                	mv	s2,a0
  205538:	842e                	mv	s0,a1
        if( xTimeNow < xLastTime )
  20553a:	a7018493          	add	s1,gp,-1424 # 200a43b8 <xLastTime.0>
  20553e:	04f5ea63          	bltu	a1,a5,205592 <prvSampleTimeNow+0x76>
  205542:	00b79563          	bne	a5,a1,20554c <prvSampleTimeNow+0x30>
  205546:	409c                	lw	a5,0(s1)
  205548:	04f56563          	bltu	a0,a5,205592 <prvSampleTimeNow+0x76>
  20554c:	4781                	li	a5,0
        xLastTime = xTimeNow;
  20554e:	0124a023          	sw	s2,0(s1)
  205552:	c0c0                	sw	s0,4(s1)
            *pxTimerListsWereSwitched = pdTRUE;
  205554:	00f9a023          	sw	a5,0(s3)
    }
  205558:	85a2                	mv	a1,s0
  20555a:	40f2                	lw	ra,28(sp)
  20555c:	4462                	lw	s0,24(sp)
  20555e:	854a                	mv	a0,s2
  205560:	44d2                	lw	s1,20(sp)
  205562:	4942                	lw	s2,16(sp)
  205564:	49b2                	lw	s3,12(sp)
  205566:	4a22                	lw	s4,8(sp)
  205568:	6105                	add	sp,sp,32
  20556a:	8082                	ret
         * If there are any timers still referenced from the current timer list
         * then they must have expired and should be processed before the lists
         * are switched. */
        while( listLIST_IS_EMPTY( pxCurrentTimerList ) == pdFALSE )
        {
            xNextExpireTime = listGET_ITEM_VALUE_OF_HEAD_ENTRY( pxCurrentTimerList );
  20556c:	4b9c                	lw	a5,16(a5)

            /* Process the expired timer.  For auto-reload timers, be careful to
             * process only expirations that occur on the current list.  Further
             * expirations must wait until after the lists are switched. */
            prvProcessExpiredTimer( xNextExpireTime, tmrMAX_TIME_BEFORE_OVERFLOW );
  20556e:	567d                	li	a2,-1
  205570:	56fd                	li	a3,-1
  205572:	4388                	lw	a0,0(a5)
  205574:	43cc                	lw	a1,4(a5)
  205576:	f59ff0ef          	jal	2054ce <prvProcessExpiredTimer>
        while( listLIST_IS_EMPTY( pxCurrentTimerList ) == pdFALSE )
  20557a:	a841a783          	lw	a5,-1404(gp) # 200a43cc <pxCurrentTimerList>
  20557e:	4398                	lw	a4,0(a5)
  205580:	f775                	bnez	a4,20556c <prvSampleTimeNow+0x50>
        }

        pxTemp = pxCurrentTimerList;
        pxCurrentTimerList = pxOverflowTimerList;
  205582:	a801a683          	lw	a3,-1408(gp) # 200a43c8 <pxOverflowTimerList>
  205586:	a8d1a223          	sw	a3,-1404(gp) # 200a43cc <pxCurrentTimerList>
        pxOverflowTimerList = pxTemp;
  20558a:	a8f1a023          	sw	a5,-1408(gp) # 200a43c8 <pxOverflowTimerList>
            *pxTimerListsWereSwitched = pdTRUE;
  20558e:	4785                	li	a5,1
  205590:	bf7d                	j	20554e <prvSampleTimeNow+0x32>
        while( listLIST_IS_EMPTY( pxCurrentTimerList ) == pdFALSE )
  205592:	b7e5                	j	20557a <prvSampleTimeNow+0x5e>

00205594 <prvTimerTask>:
    {
  205594:	711d                	add	sp,sp,-96
  205596:	caa6                	sw	s1,84(sp)
  205598:	c8ca                	sw	s2,80(sp)
  20559a:	c6ce                	sw	s3,76(sp)
  20559c:	c4d2                	sw	s4,72(sp)
  20559e:	c2d6                	sw	s5,68(sp)
  2055a0:	ce86                	sw	ra,92(sp)
  2055a2:	cca2                	sw	s0,88(sp)
  2055a4:	c0da                	sw	s6,64(sp)
  2055a6:	de5e                	sw	s7,60(sp)
  2055a8:	6a05                	lui	s4,0x1
        *pxListWasEmpty = listLIST_IS_EMPTY( pxCurrentTimerList );
  2055aa:	a841a783          	lw	a5,-1404(gp) # 200a43cc <pxCurrentTimerList>
  2055ae:	4398                	lw	a4,0(a5)
  2055b0:	c355                	beqz	a4,205654 <prvTimerTask+0xc0>
            xNextExpireTime = listGET_ITEM_VALUE_OF_HEAD_ENTRY( pxCurrentTimerList );
  2055b2:	4b9c                	lw	a5,16(a5)
  2055b4:	4380                	lw	s0,0(a5)
  2055b6:	0047ab03          	lw	s6,4(a5)
        *pxListWasEmpty = listLIST_IS_EMPTY( pxCurrentTimerList );
  2055ba:	4b81                	li	s7,0
        vTaskSuspendAll();
  2055bc:	d7eff0ef          	jal	204b3a <vTaskSuspendAll>
            xTimeNow = prvSampleTimeNow( &xTimerListsWereSwitched );
  2055c0:	0828                	add	a0,sp,24
  2055c2:	f5bff0ef          	jal	20551c <prvSampleTimeNow>
            if( xTimerListsWereSwitched == pdFALSE )
  2055c6:	47e2                	lw	a5,24(sp)
            xTimeNow = prvSampleTimeNow( &xTimerListsWereSwitched );
  2055c8:	862a                	mv	a2,a0
  2055ca:	86ae                	mv	a3,a1
            if( xTimerListsWereSwitched == pdFALSE )
  2055cc:	efe1                	bnez	a5,2056a4 <prvTimerTask+0x110>
                if( ( xListWasEmpty == pdFALSE ) && ( xNextExpireTime <= xTimeNow ) )
  2055ce:	080b9763          	bnez	s7,20565c <prvTimerTask+0xc8>
  2055d2:	0965eb63          	bltu	a1,s6,205668 <prvTimerTask+0xd4>
  2055d6:	00bb1463          	bne	s6,a1,2055de <prvTimerTask+0x4a>
  2055da:	08856763          	bltu	a0,s0,205668 <prvTimerTask+0xd4>
  2055de:	c636                	sw	a3,12(sp)
  2055e0:	c432                	sw	a2,8(sp)
                    ( void ) xTaskResumeAll();
  2055e2:	f2aff0ef          	jal	204d0c <xTaskResumeAll>
                    prvProcessExpiredTimer( xNextExpireTime, xTimeNow );
  2055e6:	4622                	lw	a2,8(sp)
  2055e8:	46b2                	lw	a3,12(sp)
  2055ea:	8522                	mv	a0,s0
  2055ec:	85da                	mv	a1,s6
  2055ee:	ee1ff0ef          	jal	2054ce <prvProcessExpiredTimer>
        DaemonTaskMessage_t xMessage = { 0 };
  2055f2:	4661                	li	a2,24
  2055f4:	4581                	li	a1,0
  2055f6:	00c10533          	add	a0,sp,a2
  2055fa:	4b3000ef          	jal	2062ac <memset>
        while( xQueueReceive( xTimerQueue, &xMessage, tmrNO_DELAY ) != pdFAIL )
  2055fe:	4601                	li	a2,0
  205600:	4681                	li	a3,0
  205602:	082c                	add	a1,sp,24
  205604:	a7c1a503          	lw	a0,-1412(gp) # 200a43c4 <xTimerQueue>
  205608:	d79fe0ef          	jal	204380 <xQueueReceive>
  20560c:	dd59                	beqz	a0,2055aa <prvTimerTask+0x16>
                if( xMessage.xMessageID < ( BaseType_t ) 0 )
  20560e:	47e2                	lw	a5,24(sp)
  205610:	0007d963          	bgez	a5,205622 <prvTimerTask+0x8e>
                    pxCallback->pxCallbackFunction( pxCallback->pvParameter1, pxCallback->ulParameter2 );
  205614:	5782                	lw	a5,32(sp)
  205616:	55a2                	lw	a1,40(sp)
  205618:	5512                	lw	a0,36(sp)
  20561a:	9782                	jalr	a5
            if( xMessage.xMessageID >= ( BaseType_t ) 0 )
  20561c:	47e2                	lw	a5,24(sp)
  20561e:	fe07c0e3          	bltz	a5,2055fe <prvTimerTask+0x6a>
                pxTimer = xMessage.u.xTimerParameters.pxTimer;
  205622:	5422                	lw	s0,40(sp)
                if( listIS_CONTAINED_WITHIN( NULL, &( pxTimer->xTimerListItem ) ) == pdFALSE )
  205624:	4c5c                	lw	a5,28(s0)
  205626:	c789                	beqz	a5,205630 <prvTimerTask+0x9c>
                    ( void ) uxListRemove( &( pxTimer->xTimerListItem ) );
  205628:	00840513          	add	a0,s0,8
  20562c:	3c7000ef          	jal	2061f2 <uxListRemove>
                xTimeNow = prvSampleTimeNow( &xTimerListsWereSwitched );
  205630:	0848                	add	a0,sp,20
  205632:	eebff0ef          	jal	20551c <prvSampleTimeNow>
                switch( xMessage.xMessageID )
  205636:	47e2                	lw	a5,24(sp)
  205638:	17fd                	add	a5,a5,-1
  20563a:	4621                	li	a2,8
                xTimeNow = prvSampleTimeNow( &xTimerListsWereSwitched );
  20563c:	86aa                	mv	a3,a0
  20563e:	872e                	mv	a4,a1
                switch( xMessage.xMessageID )
  205640:	faf66fe3          	bltu	a2,a5,2055fe <prvTimerTask+0x6a>
  205644:	97018613          	add	a2,gp,-1680 # 200a42b8 <_usbd_driver+0x20>
  205648:	20c7c7b3          	sh2add	a5,a5,a2
  20564c:	439c                	lw	a5,0(a5)
  20564e:	03044603          	lbu	a2,48(s0)
  205652:	8782                	jr	a5
        *pxListWasEmpty = listLIST_IS_EMPTY( pxCurrentTimerList );
  205654:	4b85                	li	s7,1
            xNextExpireTime = ( TickType_t ) 0U;
  205656:	4401                	li	s0,0
  205658:	4b01                	li	s6,0
  20565a:	b78d                	j	2055bc <prvTimerTask+0x28>
                        xListWasEmpty = listLIST_IS_EMPTY( pxOverflowTimerList );
  20565c:	a801a783          	lw	a5,-1408(gp) # 200a43c8 <pxOverflowTimerList>
  205660:	0007ab83          	lw	s7,0(a5)
  205664:	001bbb93          	seqz	s7,s7
                    vQueueWaitForMessageRestricted( xTimerQueue, ( xNextExpireTime - xTimeNow ), xListWasEmpty );
  205668:	40c405b3          	sub	a1,s0,a2
  20566c:	00b43433          	sltu	s0,s0,a1
  205670:	40db0633          	sub	a2,s6,a3
  205674:	8e01                	sub	a2,a2,s0
  205676:	86de                	mv	a3,s7
  205678:	a7c1a503          	lw	a0,-1412(gp) # 200a43c4 <xTimerQueue>
  20567c:	842ff0ef          	jal	2046be <vQueueWaitForMessageRestricted>
                    if( xTaskResumeAll() == pdFALSE )
  205680:	e8cff0ef          	jal	204d0c <xTaskResumeAll>
  205684:	f53d                	bnez	a0,2055f2 <prvTimerTask+0x5e>
  205686:	f14027f3          	csrr	a5,mhartid
  20568a:	07018793          	add	a5,gp,112 # 200a49b8 <SystemIRegionInfo>
  20568e:	479c                	lw	a5,8(a5)
  205690:	97d2                	add	a5,a5,s4
  205692:	ffc7a703          	lw	a4,-4(a5)
  205696:	00176713          	or	a4,a4,1
  20569a:	fee7ae23          	sw	a4,-4(a5)
                        taskYIELD_WITHIN_API();
  20569e:	0ff0000f          	fence
  2056a2:	bf81                	j	2055f2 <prvTimerTask+0x5e>
                ( void ) xTaskResumeAll();
  2056a4:	e68ff0ef          	jal	204d0c <xTaskResumeAll>
  2056a8:	b7a9                	j	2055f2 <prvTimerTask+0x5e>
                        pxTimer->ucStatus |= ( uint8_t ) tmrSTATUS_IS_ACTIVE;
  2056aa:	00166613          	or	a2,a2,1
  2056ae:	02c40823          	sb	a2,48(s0)
                        if( prvInsertTimerInActiveList( pxTimer, xMessage.u.xTimerParameters.xMessageValue + pxTimer->xTimerPeriodInTicks, xTimeNow, xMessage.u.xTimerParameters.xMessageValue ) != pdFALSE )
  2056b2:	5782                	lw	a5,32(sp)
  2056b4:	500c                	lw	a1,32(s0)
  2056b6:	5812                	lw	a6,36(sp)
  2056b8:	5050                	lw	a2,36(s0)
  2056ba:	95be                	add	a1,a1,a5
  2056bc:	00f5b533          	sltu	a0,a1,a5
  2056c0:	9642                	add	a2,a2,a6
  2056c2:	962a                	add	a2,a2,a0
  2056c4:	8522                	mv	a0,s0
  2056c6:	c636                	sw	a3,12(sp)
  2056c8:	c43a                	sw	a4,8(sp)
  2056ca:	d39ff0ef          	jal	205402 <prvInsertTimerInActiveList>
  2056ce:	d905                	beqz	a0,2055fe <prvTimerTask+0x6a>
                            if( ( pxTimer->ucStatus & tmrSTATUS_IS_AUTORELOAD ) != 0U )
  2056d0:	03044783          	lbu	a5,48(s0)
  2056d4:	0047f613          	and	a2,a5,4
  2056d8:	4722                	lw	a4,8(sp)
  2056da:	46b2                	lw	a3,12(sp)
  2056dc:	c20d                	beqz	a2,2056fe <prvTimerTask+0x16a>
                                prvReloadTimer( pxTimer, xMessage.u.xTimerParameters.xMessageValue + pxTimer->xTimerPeriodInTicks, xTimeNow );
  2056de:	5602                	lw	a2,32(sp)
  2056e0:	500c                	lw	a1,32(s0)
  2056e2:	5048                	lw	a0,36(s0)
  2056e4:	95b2                	add	a1,a1,a2
  2056e6:	5792                	lw	a5,36(sp)
  2056e8:	97aa                	add	a5,a5,a0
  2056ea:	00c5b633          	sltu	a2,a1,a2
  2056ee:	963e                	add	a2,a2,a5
  2056f0:	8522                	mv	a0,s0
  2056f2:	d7fff0ef          	jal	205470 <prvReloadTimer>
                            pxTimer->pxCallbackFunction( ( TimerHandle_t ) pxTimer );
  2056f6:	545c                	lw	a5,44(s0)
  2056f8:	8522                	mv	a0,s0
  2056fa:	9782                	jalr	a5
  2056fc:	b709                	j	2055fe <prvTimerTask+0x6a>
                                pxTimer->ucStatus &= ( ( uint8_t ) ~tmrSTATUS_IS_ACTIVE );
  2056fe:	9bf9                	and	a5,a5,-2
  205700:	02f40823          	sb	a5,48(s0)
  205704:	bfcd                	j	2056f6 <prvTimerTask+0x162>
                        pxTimer->ucStatus |= ( uint8_t ) tmrSTATUS_IS_ACTIVE;
  205706:	00166613          	or	a2,a2,1
  20570a:	02c40823          	sb	a2,48(s0)
                        pxTimer->xTimerPeriodInTicks = xMessage.u.xTimerParameters.xMessageValue;
  20570e:	5782                	lw	a5,32(sp)
  205710:	5512                	lw	a0,36(sp)
  205712:	d048                	sw	a0,36(s0)
  205714:	d01c                	sw	a5,32(s0)
                        configASSERT( ( pxTimer->xTimerPeriodInTicks > 0 ) );
  205716:	00a7e633          	or	a2,a5,a0
  20571a:	ea19                	bnez	a2,205730 <prvTimerTask+0x19c>
    ECLIC_SetMth(uxMaxSysCallMTH);
  20571c:	80c1c703          	lbu	a4,-2036(gp) # 200a4154 <uxMaxSysCallMTH>
  205720:	07018793          	add	a5,gp,112 # 200a49b8 <SystemIRegionInfo>
  205724:	43dc                	lw	a5,4(a5)
  205726:	00e785a3          	sb	a4,11(a5)
    __RWMB();
  20572a:	0ff0000f          	fence
  20572e:	a001                	j	20572e <prvTimerTask+0x19a>
                        ( void ) prvInsertTimerInActiveList( pxTimer, ( xTimeNow + pxTimer->xTimerPeriodInTicks ), xTimeNow, xTimeNow );
  205730:	00f685b3          	add	a1,a3,a5
  205734:	953a                	add	a0,a0,a4
  205736:	00d5b633          	sltu	a2,a1,a3
  20573a:	962a                	add	a2,a2,a0
  20573c:	87b6                	mv	a5,a3
  20573e:	883a                	mv	a6,a4
  205740:	8522                	mv	a0,s0
  205742:	cc1ff0ef          	jal	205402 <prvInsertTimerInActiveList>
                        break;
  205746:	bd65                	j	2055fe <prvTimerTask+0x6a>
                            if( ( pxTimer->ucStatus & tmrSTATUS_IS_STATICALLY_ALLOCATED ) == ( uint8_t ) 0 )
  205748:	00267793          	and	a5,a2,2
  20574c:	e781                	bnez	a5,205754 <prvTimerTask+0x1c0>
                                vPortFree( pxTimer );
  20574e:	8522                	mv	a0,s0
  205750:	24ad                	jal	2059ba <vPortFree>
  205752:	b575                	j	2055fe <prvTimerTask+0x6a>
                                pxTimer->ucStatus &= ( ( uint8_t ) ~tmrSTATUS_IS_ACTIVE );
  205754:	9a79                	and	a2,a2,-2
  205756:	02c40823          	sb	a2,48(s0)
  20575a:	b555                	j	2055fe <prvTimerTask+0x6a>

0020575c <prvCheckForValidListAndQueue>:
    }
/*-----------------------------------------------------------*/

    static void prvCheckForValidListAndQueue( void )
    {
  20575c:	1141                	add	sp,sp,-16
  20575e:	c04a                	sw	s2,0(sp)
  205760:	c606                	sw	ra,12(sp)
  205762:	c422                	sw	s0,8(sp)
  205764:	c226                	sw	s1,4(sp)
        /* Check that the list from which active timers are referenced, and the
         * queue used to communicate with the timer service, have been
         * initialised. */
        taskENTER_CRITICAL();
  205766:	2e7d                	jal	205b24 <vPortEnterCritical>
        {
            if( xTimerQueue == NULL )
  205768:	a7c1a783          	lw	a5,-1412(gp) # 200a43c4 <xTimerQueue>
  20576c:	eb85                	bnez	a5,20579c <prvCheckForValidListAndQueue+0x40>
            {
                vListInitialise( &xActiveTimerList1 );
  20576e:	40818513          	add	a0,gp,1032 # 200a4d50 <xActiveTimerList1>
  205772:	221000ef          	jal	206192 <vListInitialise>
                vListInitialise( &xActiveTimerList2 );
  205776:	3f018513          	add	a0,gp,1008 # 200a4d38 <xActiveTimerList2>
  20577a:	219000ef          	jal	206192 <vListInitialise>
                pxCurrentTimerList = &xActiveTimerList1;
  20577e:	40818493          	add	s1,gp,1032 # 200a4d50 <xActiveTimerList1>
  205782:	a891a223          	sw	s1,-1404(gp) # 200a43cc <pxCurrentTimerList>
                pxOverflowTimerList = &xActiveTimerList2;
  205786:	3f018413          	add	s0,gp,1008 # 200a4d38 <xActiveTimerList2>

                    xTimerQueue = xQueueCreateStatic( ( UBaseType_t ) configTIMER_QUEUE_LENGTH, ( UBaseType_t ) sizeof( DaemonTaskMessage_t ), &( ucStaticTimerQueueStorage[ 0 ] ), &xStaticTimerQueue );
                }
                #else
                {
                    xTimerQueue = xQueueCreate( ( UBaseType_t ) configTIMER_QUEUE_LENGTH, ( UBaseType_t ) sizeof( DaemonTaskMessage_t ) );
  20578a:	4601                	li	a2,0
  20578c:	45e1                	li	a1,24
  20578e:	4515                	li	a0,5
                pxOverflowTimerList = &xActiveTimerList2;
  205790:	a881a023          	sw	s0,-1408(gp) # 200a43c8 <pxOverflowTimerList>
                    xTimerQueue = xQueueCreate( ( UBaseType_t ) configTIMER_QUEUE_LENGTH, ( UBaseType_t ) sizeof( DaemonTaskMessage_t ) );
  205794:	8b5fe0ef          	jal	204048 <xQueueGenericCreate>
  205798:	a6a1ae23          	sw	a0,-1412(gp) # 200a43c4 <xTimerQueue>
            {
                mtCOVERAGE_TEST_MARKER();
            }
        }
        taskEXIT_CRITICAL();
    }
  20579c:	4422                	lw	s0,8(sp)
  20579e:	40b2                	lw	ra,12(sp)
  2057a0:	4492                	lw	s1,4(sp)
  2057a2:	4902                	lw	s2,0(sp)
  2057a4:	0141                	add	sp,sp,16
        taskEXIT_CRITICAL();
  2057a6:	ae75                	j	205b62 <vPortExitCritical>

002057a8 <xTimerCreateTimerTask>:
    {
  2057a8:	1141                	add	sp,sp,-16
  2057aa:	c606                	sw	ra,12(sp)
        prvCheckForValidListAndQueue();
  2057ac:	fb1ff0ef          	jal	20575c <prvCheckForValidListAndQueue>
        if( xTimerQueue != NULL )
  2057b0:	a7c1a783          	lw	a5,-1412(gp) # 200a43c4 <xTimerQueue>
  2057b4:	eb99                	bnez	a5,2057ca <xTimerCreateTimerTask+0x22>
    ECLIC_SetMth(uxMaxSysCallMTH);
  2057b6:	80c1c703          	lbu	a4,-2036(gp) # 200a4154 <uxMaxSysCallMTH>
  2057ba:	07018793          	add	a5,gp,112 # 200a49b8 <SystemIRegionInfo>
  2057be:	43dc                	lw	a5,4(a5)
  2057c0:	00e785a3          	sb	a4,11(a5)
    __RWMB();
  2057c4:	0ff0000f          	fence
        configASSERT( xReturn );
  2057c8:	a001                	j	2057c8 <xTimerCreateTimerTask+0x20>
                    xReturn = xTaskCreate( prvTimerTask,
  2057ca:	00205537          	lui	a0,0x205
  2057ce:	a7818793          	add	a5,gp,-1416 # 200a43c0 <xTimerTaskHandle>
  2057d2:	4715                	li	a4,5
  2057d4:	4681                	li	a3,0
  2057d6:	10000613          	li	a2,256
  2057da:	99418593          	add	a1,gp,-1644 # 200a42dc <_usbd_driver+0x44>
  2057de:	59450513          	add	a0,a0,1428 # 205594 <prvTimerTask>
  2057e2:	8c0ff0ef          	jal	2048a2 <xTaskCreate>
        configASSERT( xReturn );
  2057e6:	d961                	beqz	a0,2057b6 <xTimerCreateTimerTask+0xe>
    }
  2057e8:	40b2                	lw	ra,12(sp)
  2057ea:	0141                	add	sp,sp,16
  2057ec:	8082                	ret

002057ee <pvPortMalloc>:
PRIVILEGED_DATA static size_t xNumberOfSuccessfulFrees = ( size_t ) 0U;

/*-----------------------------------------------------------*/

void * pvPortMalloc( size_t xWantedSize )
{
  2057ee:	1141                	add	sp,sp,-16
  2057f0:	c422                	sw	s0,8(sp)
  2057f2:	c606                	sw	ra,12(sp)
  2057f4:	c226                	sw	s1,4(sp)
    BlockLink_t * pxPreviousBlock;
    BlockLink_t * pxNewBlockLink;
    void * pvReturn = NULL;
    size_t xAdditionalRequiredSize;

    if( xWantedSize > 0 )
  2057f6:	fff50713          	add	a4,a0,-1
  2057fa:	57d9                	li	a5,-10
  2057fc:	4401                	li	s0,0
  2057fe:	00e7ee63          	bltu	a5,a4,20581a <pvPortMalloc+0x2c>
        {
            xWantedSize += xHeapStructSize;

            /* Ensure that blocks are always aligned to the required number
             * of bytes. */
            if( ( xWantedSize & portBYTE_ALIGNMENT_MASK ) != 0x00 )
  205802:	00757793          	and	a5,a0,7
            xWantedSize += xHeapStructSize;
  205806:	00850413          	add	s0,a0,8
            if( ( xWantedSize & portBYTE_ALIGNMENT_MASK ) != 0x00 )
  20580a:	cb81                	beqz	a5,20581a <pvPortMalloc+0x2c>
            {
                /* Byte alignment required. */
                xAdditionalRequiredSize = portBYTE_ALIGNMENT - ( xWantedSize & portBYTE_ALIGNMENT_MASK );

                if( heapADD_WILL_OVERFLOW( xWantedSize, xAdditionalRequiredSize ) == 0 )
  20580c:	ff778713          	add	a4,a5,-9
  205810:	06876d63          	bltu	a4,s0,20588a <pvPortMalloc+0x9c>
                {
                    xWantedSize += xAdditionalRequiredSize;
  205814:	0541                	add	a0,a0,16
  205816:	40f50433          	sub	s0,a0,a5
    else
    {
        mtCOVERAGE_TEST_MARKER();
    }

    vTaskSuspendAll();
  20581a:	b20ff0ef          	jal	204b3a <vTaskSuspendAll>
    {
        /* If this is the first call to malloc then the heap will require
         * initialisation to setup the list of free blocks. */
        if( pxEnd == NULL )
  20581e:	a981a783          	lw	a5,-1384(gp) # 200a43e0 <pxEnd>
  205822:	e7b9                	bnez	a5,205870 <pvPortMalloc+0x82>
    BlockLink_t * pxFirstFreeBlock;
    portPOINTER_SIZE_TYPE uxStartAddress, uxEndAddress;
    size_t xTotalHeapSize = configTOTAL_HEAP_SIZE;

    /* Ensure the heap starts on a correctly aligned boundary. */
    uxStartAddress = ( portPOINTER_SIZE_TYPE ) ucHeap;
  205824:	200a5737          	lui	a4,0x200a5
  205828:	d6870713          	add	a4,a4,-664 # 200a4d68 <ucHeap>

    if( ( uxStartAddress & portBYTE_ALIGNMENT_MASK ) != 0 )
  20582c:	678d                	lui	a5,0x3
  20582e:	00777693          	and	a3,a4,7
  205832:	80078793          	add	a5,a5,-2048 # 2800 <__HEAP_SIZE+0x1800>
  205836:	c699                	beqz	a3,205844 <pvPortMalloc+0x56>
    {
        uxStartAddress += ( portBYTE_ALIGNMENT - 1 );
  205838:	00770693          	add	a3,a4,7
        uxStartAddress &= ~( ( portPOINTER_SIZE_TYPE ) portBYTE_ALIGNMENT_MASK );
  20583c:	9ae1                	and	a3,a3,-8
        xTotalHeapSize -= ( size_t ) ( uxStartAddress - ( portPOINTER_SIZE_TYPE ) ucHeap );
  20583e:	97ba                	add	a5,a5,a4
  205840:	8f95                	sub	a5,a5,a3
        uxStartAddress &= ~( ( portPOINTER_SIZE_TYPE ) portBYTE_ALIGNMENT_MASK );
  205842:	8736                	mv	a4,a3
    xStart.pxNextFreeBlock = ( void * ) heapPROTECT_BLOCK_POINTER( uxStartAddress );
    xStart.xBlockSize = ( size_t ) 0;

    /* pxEnd is used to mark the end of the list of free blocks and is inserted
     * at the end of the heap space. */
    uxEndAddress = uxStartAddress + ( portPOINTER_SIZE_TYPE ) xTotalHeapSize;
  205844:	97ba                	add	a5,a5,a4
    xStart.pxNextFreeBlock = ( void * ) heapPROTECT_BLOCK_POINTER( uxStartAddress );
  205846:	a9c18693          	add	a3,gp,-1380 # 200a43e4 <xStart>
    uxEndAddress -= ( portPOINTER_SIZE_TYPE ) xHeapStructSize;
  20584a:	17e1                	add	a5,a5,-8
    uxEndAddress &= ~( ( portPOINTER_SIZE_TYPE ) portBYTE_ALIGNMENT_MASK );
  20584c:	9be1                	and	a5,a5,-8
    xStart.xBlockSize = ( size_t ) 0;
  20584e:	0006a223          	sw	zero,4(a3)
    xStart.pxNextFreeBlock = ( void * ) heapPROTECT_BLOCK_POINTER( uxStartAddress );
  205852:	c298                	sw	a4,0(a3)
    pxEnd = ( BlockLink_t * ) uxEndAddress;
    pxEnd->xBlockSize = 0;
  205854:	0007a223          	sw	zero,4(a5)
    pxEnd->pxNextFreeBlock = heapPROTECT_BLOCK_POINTER( NULL );
  205858:	0007a023          	sw	zero,0(a5)

    /* To start with there is a single free block that is sized to take up the
     * entire heap space, minus the space taken by pxEnd. */
    pxFirstFreeBlock = ( BlockLink_t * ) uxStartAddress;
    pxFirstFreeBlock->xBlockSize = ( size_t ) ( uxEndAddress - ( portPOINTER_SIZE_TYPE ) pxFirstFreeBlock );
  20585c:	40e786b3          	sub	a3,a5,a4
    pxEnd = ( BlockLink_t * ) uxEndAddress;
  205860:	a8f1ac23          	sw	a5,-1384(gp) # 200a43e0 <pxEnd>
    pxFirstFreeBlock->pxNextFreeBlock = heapPROTECT_BLOCK_POINTER( pxEnd );
  205864:	c31c                	sw	a5,0(a4)

    /* Only one block exists - and it covers the entire usable heap space. */
    xMinimumEverFreeBytesRemaining = pxFirstFreeBlock->xBlockSize;
  205866:	a8d1a823          	sw	a3,-1392(gp) # 200a43d8 <xMinimumEverFreeBytesRemaining>
    pxFirstFreeBlock->xBlockSize = ( size_t ) ( uxEndAddress - ( portPOINTER_SIZE_TYPE ) pxFirstFreeBlock );
  20586a:	c354                	sw	a3,4(a4)
    xFreeBytesRemaining = pxFirstFreeBlock->xBlockSize;
  20586c:	a8d1aa23          	sw	a3,-1388(gp) # 200a43dc <xFreeBytesRemaining>
        if( heapBLOCK_SIZE_IS_VALID( xWantedSize ) != 0 )
  205870:	00804f63          	bgtz	s0,20588e <pvPortMalloc+0xa0>
    ( void ) xTaskResumeAll();
  205874:	c98ff0ef          	jal	204d0c <xTaskResumeAll>
            vApplicationMallocFailedHook();
  205878:	ce1fa0ef          	jal	200558 <vApplicationMallocFailedHook>
  20587c:	4481                	li	s1,0
}
  20587e:	40b2                	lw	ra,12(sp)
  205880:	4422                	lw	s0,8(sp)
  205882:	8526                	mv	a0,s1
  205884:	4492                	lw	s1,4(sp)
  205886:	0141                	add	sp,sp,16
  205888:	8082                	ret
  20588a:	4401                	li	s0,0
  20588c:	b779                	j	20581a <pvPortMalloc+0x2c>
            if( ( xWantedSize > 0 ) && ( xWantedSize <= xFreeBytesRemaining ) )
  20588e:	a941a683          	lw	a3,-1388(gp) # 200a43dc <xFreeBytesRemaining>
  205892:	fe86e1e3          	bltu	a3,s0,205874 <pvPortMalloc+0x86>
                pxBlock = heapPROTECT_BLOCK_POINTER( xStart.pxNextFreeBlock );
  205896:	a9c18793          	add	a5,gp,-1380 # 200a43e4 <xStart>
                heapVALIDATE_BLOCK_POINTER( pxBlock );
  20589a:	200a5537          	lui	a0,0x200a5
                pxBlock = heapPROTECT_BLOCK_POINTER( xStart.pxNextFreeBlock );
  20589e:	439c                	lw	a5,0(a5)
                heapVALIDATE_BLOCK_POINTER( pxBlock );
  2058a0:	d6850513          	add	a0,a0,-664 # 200a4d68 <ucHeap>
  2058a4:	00a7e863          	bltu	a5,a0,2058b4 <pvPortMalloc+0xc6>
  2058a8:	200a75b7          	lui	a1,0x200a7
  2058ac:	56758593          	add	a1,a1,1383 # 200a7567 <ucHeap+0x27ff>
  2058b0:	02f5fb63          	bgeu	a1,a5,2058e6 <pvPortMalloc+0xf8>
    ECLIC_SetMth(uxMaxSysCallMTH);
  2058b4:	80c1c703          	lbu	a4,-2036(gp) # 200a4154 <uxMaxSysCallMTH>
  2058b8:	07018793          	add	a5,gp,112 # 200a49b8 <SystemIRegionInfo>
  2058bc:	43dc                	lw	a5,4(a5)
  2058be:	00e785a3          	sb	a4,11(a5)
    __RWMB();
  2058c2:	0ff0000f          	fence
  2058c6:	a001                	j	2058c6 <pvPortMalloc+0xd8>
                    heapVALIDATE_BLOCK_POINTER( pxBlock );
  2058c8:	00a86563          	bltu	a6,a0,2058d2 <pvPortMalloc+0xe4>
                    pxPreviousBlock = pxBlock;
  2058cc:	873e                	mv	a4,a5
                    heapVALIDATE_BLOCK_POINTER( pxBlock );
  2058ce:	0505f963          	bgeu	a1,a6,205920 <pvPortMalloc+0x132>
    ECLIC_SetMth(uxMaxSysCallMTH);
  2058d2:	80c1c703          	lbu	a4,-2036(gp) # 200a4154 <uxMaxSysCallMTH>
  2058d6:	07018793          	add	a5,gp,112 # 200a49b8 <SystemIRegionInfo>
  2058da:	43dc                	lw	a5,4(a5)
  2058dc:	00e785a3          	sb	a4,11(a5)
    __RWMB();
  2058e0:	0ff0000f          	fence
  2058e4:	a001                	j	2058e4 <pvPortMalloc+0xf6>
                pxPreviousBlock = &xStart;
  2058e6:	a9c18713          	add	a4,gp,-1380 # 200a43e4 <xStart>
                while( ( pxBlock->xBlockSize < xWantedSize ) && ( pxBlock->pxNextFreeBlock != heapPROTECT_BLOCK_POINTER( NULL ) ) )
  2058ea:	43d0                	lw	a2,4(a5)
  2058ec:	00867663          	bgeu	a2,s0,2058f8 <pvPortMalloc+0x10a>
  2058f0:	0007a803          	lw	a6,0(a5)
  2058f4:	fc081ae3          	bnez	a6,2058c8 <pvPortMalloc+0xda>
                if( pxBlock != pxEnd )
  2058f8:	a981a803          	lw	a6,-1384(gp) # 200a43e0 <pxEnd>
  2058fc:	f6f80ce3          	beq	a6,a5,205874 <pvPortMalloc+0x86>
                    pvReturn = ( void * ) ( ( ( uint8_t * ) heapPROTECT_BLOCK_POINTER( pxPreviousBlock->pxNextFreeBlock ) ) + xHeapStructSize );
  205900:	4304                	lw	s1,0(a4)
  205902:	04a1                	add	s1,s1,8
                    heapVALIDATE_BLOCK_POINTER( pvReturn );
  205904:	00a4e463          	bltu	s1,a0,20590c <pvPortMalloc+0x11e>
  205908:	0095fe63          	bgeu	a1,s1,205924 <pvPortMalloc+0x136>
    ECLIC_SetMth(uxMaxSysCallMTH);
  20590c:	80c1c703          	lbu	a4,-2036(gp) # 200a4154 <uxMaxSysCallMTH>
  205910:	07018793          	add	a5,gp,112 # 200a49b8 <SystemIRegionInfo>
  205914:	43dc                	lw	a5,4(a5)
  205916:	00e785a3          	sb	a4,11(a5)
    __RWMB();
  20591a:	0ff0000f          	fence
  20591e:	a001                	j	20591e <pvPortMalloc+0x130>
                    pxBlock = heapPROTECT_BLOCK_POINTER( pxBlock->pxNextFreeBlock );
  205920:	87c2                	mv	a5,a6
  205922:	b7e1                	j	2058ea <pvPortMalloc+0xfc>
                    pxPreviousBlock->pxNextFreeBlock = pxBlock->pxNextFreeBlock;
  205924:	4388                	lw	a0,0(a5)
  205926:	c308                	sw	a0,0(a4)
                    configASSERT( heapSUBTRACT_WILL_UNDERFLOW( pxBlock->xBlockSize, xWantedSize ) == 0 );
  205928:	02866663          	bltu	a2,s0,205954 <pvPortMalloc+0x166>
                    if( ( pxBlock->xBlockSize - xWantedSize ) > heapMINIMUM_BLOCK_SIZE )
  20592c:	8e01                	sub	a2,a2,s0
  20592e:	45c1                	li	a1,16
  205930:	04c5f063          	bgeu	a1,a2,205970 <pvPortMalloc+0x182>
                        pxNewBlockLink = ( void * ) ( ( ( uint8_t * ) pxBlock ) + xWantedSize );
  205934:	008785b3          	add	a1,a5,s0
                        configASSERT( ( ( ( size_t ) pxNewBlockLink ) & portBYTE_ALIGNMENT_MASK ) == 0 );
  205938:	0075f813          	and	a6,a1,7
  20593c:	02080663          	beqz	a6,205968 <pvPortMalloc+0x17a>
    ECLIC_SetMth(uxMaxSysCallMTH);
  205940:	80c1c703          	lbu	a4,-2036(gp) # 200a4154 <uxMaxSysCallMTH>
  205944:	07018793          	add	a5,gp,112 # 200a49b8 <SystemIRegionInfo>
  205948:	43dc                	lw	a5,4(a5)
  20594a:	00e785a3          	sb	a4,11(a5)
    __RWMB();
  20594e:	0ff0000f          	fence
  205952:	a001                	j	205952 <pvPortMalloc+0x164>
    ECLIC_SetMth(uxMaxSysCallMTH);
  205954:	80c1c703          	lbu	a4,-2036(gp) # 200a4154 <uxMaxSysCallMTH>
  205958:	07018793          	add	a5,gp,112 # 200a49b8 <SystemIRegionInfo>
  20595c:	43dc                	lw	a5,4(a5)
  20595e:	00e785a3          	sb	a4,11(a5)
    __RWMB();
  205962:	0ff0000f          	fence
                    configASSERT( heapSUBTRACT_WILL_UNDERFLOW( pxBlock->xBlockSize, xWantedSize ) == 0 );
  205966:	a001                	j	205966 <pvPortMalloc+0x178>
                        pxNewBlockLink->xBlockSize = pxBlock->xBlockSize - xWantedSize;
  205968:	c1d0                	sw	a2,4(a1)
                        pxBlock->xBlockSize = xWantedSize;
  20596a:	c3c0                	sw	s0,4(a5)
                        pxNewBlockLink->pxNextFreeBlock = pxPreviousBlock->pxNextFreeBlock;
  20596c:	c188                	sw	a0,0(a1)
                        pxPreviousBlock->pxNextFreeBlock = heapPROTECT_BLOCK_POINTER( pxNewBlockLink );
  20596e:	c30c                	sw	a1,0(a4)
                    xFreeBytesRemaining -= pxBlock->xBlockSize;
  205970:	43d0                	lw	a2,4(a5)
  205972:	40c68733          	sub	a4,a3,a2
  205976:	a8e1aa23          	sw	a4,-1388(gp) # 200a43dc <xFreeBytesRemaining>
                    if( xFreeBytesRemaining < xMinimumEverFreeBytesRemaining )
  20597a:	a901a583          	lw	a1,-1392(gp) # 200a43d8 <xMinimumEverFreeBytesRemaining>
  20597e:	00b77463          	bgeu	a4,a1,205986 <pvPortMalloc+0x198>
                        xMinimumEverFreeBytesRemaining = xFreeBytesRemaining;
  205982:	a8e1a823          	sw	a4,-1392(gp) # 200a43d8 <xMinimumEverFreeBytesRemaining>
                    heapALLOCATE_BLOCK( pxBlock );
  205986:	29f61613          	bset	a2,a2,0x1f
  20598a:	c3d0                	sw	a2,4(a5)
                    pxBlock->pxNextFreeBlock = NULL;
  20598c:	0007a023          	sw	zero,0(a5)
                    xNumberOfSuccessfulAllocations++;
  205990:	a8c1a783          	lw	a5,-1396(gp) # 200a43d4 <xNumberOfSuccessfulAllocations>
  205994:	0785                	add	a5,a5,1
  205996:	a8f1a623          	sw	a5,-1396(gp) # 200a43d4 <xNumberOfSuccessfulAllocations>
    ( void ) xTaskResumeAll();
  20599a:	b72ff0ef          	jal	204d0c <xTaskResumeAll>
    configASSERT( ( ( ( size_t ) pvReturn ) & ( size_t ) portBYTE_ALIGNMENT_MASK ) == 0 );
  20599e:	0074f793          	and	a5,s1,7
  2059a2:	ec078ee3          	beqz	a5,20587e <pvPortMalloc+0x90>
    ECLIC_SetMth(uxMaxSysCallMTH);
  2059a6:	80c1c703          	lbu	a4,-2036(gp) # 200a4154 <uxMaxSysCallMTH>
  2059aa:	07018793          	add	a5,gp,112 # 200a49b8 <SystemIRegionInfo>
  2059ae:	43dc                	lw	a5,4(a5)
  2059b0:	00e785a3          	sb	a4,11(a5)
    __RWMB();
  2059b4:	0ff0000f          	fence
  2059b8:	a001                	j	2059b8 <pvPortMalloc+0x1ca>

002059ba <vPortFree>:
    if( pv != NULL )
  2059ba:	10050863          	beqz	a0,205aca <vPortFree+0x110>
{
  2059be:	1101                	add	sp,sp,-32
  2059c0:	c64e                	sw	s3,12(sp)
        heapVALIDATE_BLOCK_POINTER( pxLink );
  2059c2:	200a59b7          	lui	s3,0x200a5
{
  2059c6:	cc22                	sw	s0,24(sp)
  2059c8:	ca26                	sw	s1,20(sp)
  2059ca:	ce06                	sw	ra,28(sp)
  2059cc:	c84a                	sw	s2,16(sp)
        puc -= xHeapStructSize;
  2059ce:	ff850413          	add	s0,a0,-8
  2059d2:	d6898993          	add	s3,s3,-664 # 200a4d68 <ucHeap>
  2059d6:	84aa                	mv	s1,a0
        heapVALIDATE_BLOCK_POINTER( pxLink );
  2059d8:	03346963          	bltu	s0,s3,205a0a <vPortFree+0x50>
  2059dc:	200a7937          	lui	s2,0x200a7
  2059e0:	56790913          	add	s2,s2,1383 # 200a7567 <ucHeap+0x27ff>
  2059e4:	02896363          	bltu	s2,s0,205a0a <vPortFree+0x50>
        configASSERT( heapBLOCK_IS_ALLOCATED( pxLink ) != 0 );
  2059e8:	ffc52783          	lw	a5,-4(a0)
  2059ec:	0207d963          	bgez	a5,205a1e <vPortFree+0x64>
        configASSERT( pxLink->pxNextFreeBlock == NULL );
  2059f0:	ff852703          	lw	a4,-8(a0)
  2059f4:	cf1d                	beqz	a4,205a32 <vPortFree+0x78>
    ECLIC_SetMth(uxMaxSysCallMTH);
  2059f6:	80c1c703          	lbu	a4,-2036(gp) # 200a4154 <uxMaxSysCallMTH>
  2059fa:	07018793          	add	a5,gp,112 # 200a49b8 <SystemIRegionInfo>
  2059fe:	43dc                	lw	a5,4(a5)
  205a00:	00e785a3          	sb	a4,11(a5)
    __RWMB();
  205a04:	0ff0000f          	fence
  205a08:	a001                	j	205a08 <vPortFree+0x4e>
    ECLIC_SetMth(uxMaxSysCallMTH);
  205a0a:	80c1c703          	lbu	a4,-2036(gp) # 200a4154 <uxMaxSysCallMTH>
  205a0e:	07018793          	add	a5,gp,112 # 200a49b8 <SystemIRegionInfo>
  205a12:	43dc                	lw	a5,4(a5)
  205a14:	00e785a3          	sb	a4,11(a5)
    __RWMB();
  205a18:	0ff0000f          	fence
        heapVALIDATE_BLOCK_POINTER( pxLink );
  205a1c:	a001                	j	205a1c <vPortFree+0x62>
    ECLIC_SetMth(uxMaxSysCallMTH);
  205a1e:	80c1c703          	lbu	a4,-2036(gp) # 200a4154 <uxMaxSysCallMTH>
  205a22:	07018793          	add	a5,gp,112 # 200a49b8 <SystemIRegionInfo>
  205a26:	43dc                	lw	a5,4(a5)
  205a28:	00e785a3          	sb	a4,11(a5)
    __RWMB();
  205a2c:	0ff0000f          	fence
        configASSERT( heapBLOCK_IS_ALLOCATED( pxLink ) != 0 );
  205a30:	a001                	j	205a30 <vPortFree+0x76>
                heapFREE_BLOCK( pxLink );
  205a32:	49f79793          	bclr	a5,a5,0x1f
  205a36:	fef52e23          	sw	a5,-4(a0)
                vTaskSuspendAll();
  205a3a:	900ff0ef          	jal	204b3a <vTaskSuspendAll>
                    xFreeBytesRemaining += pxLink->xBlockSize;
  205a3e:	a941a783          	lw	a5,-1388(gp) # 200a43dc <xFreeBytesRemaining>
  205a42:	ffc4a683          	lw	a3,-4(s1)
  205a46:	97b6                	add	a5,a5,a3
  205a48:	a8f1aa23          	sw	a5,-1388(gp) # 200a43dc <xFreeBytesRemaining>
    BlockLink_t * pxIterator;
    uint8_t * puc;

    /* Iterate through the list until a block is found that has a higher address
     * than the block being inserted. */
    for( pxIterator = &xStart; heapPROTECT_BLOCK_POINTER( pxIterator->pxNextFreeBlock ) < pxBlockToInsert; pxIterator = heapPROTECT_BLOCK_POINTER( pxIterator->pxNextFreeBlock ) )
  205a4c:	a9c18713          	add	a4,gp,-1380 # 200a43e4 <xStart>
  205a50:	a9c18613          	add	a2,gp,-1380 # 200a43e4 <xStart>
  205a54:	87ba                	mv	a5,a4
  205a56:	4318                	lw	a4,0(a4)
  205a58:	fe876ee3          	bltu	a4,s0,205a54 <vPortFree+0x9a>
    {
        /* Nothing to do here, just iterate to the right position. */
    }

    if( pxIterator != &xStart )
  205a5c:	02c78063          	beq	a5,a2,205a7c <vPortFree+0xc2>
    {
        heapVALIDATE_BLOCK_POINTER( pxIterator );
  205a60:	0137e463          	bltu	a5,s3,205a68 <vPortFree+0xae>
  205a64:	00f97c63          	bgeu	s2,a5,205a7c <vPortFree+0xc2>
    ECLIC_SetMth(uxMaxSysCallMTH);
  205a68:	80c1c703          	lbu	a4,-2036(gp) # 200a4154 <uxMaxSysCallMTH>
  205a6c:	07018793          	add	a5,gp,112 # 200a49b8 <SystemIRegionInfo>
  205a70:	43dc                	lw	a5,4(a5)
  205a72:	00e785a3          	sb	a4,11(a5)
    __RWMB();
  205a76:	0ff0000f          	fence
  205a7a:	a001                	j	205a7a <vPortFree+0xc0>

    /* Do the block being inserted, and the block it is being inserted after
     * make a contiguous block of memory? */
    puc = ( uint8_t * ) pxIterator;

    if( ( puc + pxIterator->xBlockSize ) == ( uint8_t * ) pxBlockToInsert )
  205a7c:	43d0                	lw	a2,4(a5)
  205a7e:	00c785b3          	add	a1,a5,a2
  205a82:	00b41563          	bne	s0,a1,205a8c <vPortFree+0xd2>
    {
        pxIterator->xBlockSize += pxBlockToInsert->xBlockSize;
  205a86:	96b2                	add	a3,a3,a2
  205a88:	c3d4                	sw	a3,4(a5)
        pxBlockToInsert = pxIterator;
  205a8a:	843e                	mv	s0,a5

    /* Do the block being inserted, and the block it is being inserted before
     * make a contiguous block of memory? */
    puc = ( uint8_t * ) pxBlockToInsert;

    if( ( puc + pxBlockToInsert->xBlockSize ) == ( uint8_t * ) heapPROTECT_BLOCK_POINTER( pxIterator->pxNextFreeBlock ) )
  205a8c:	4050                	lw	a2,4(s0)
  205a8e:	00c405b3          	add	a1,s0,a2
  205a92:	86ba                	mv	a3,a4
  205a94:	00b71a63          	bne	a4,a1,205aa8 <vPortFree+0xee>
    {
        if( heapPROTECT_BLOCK_POINTER( pxIterator->pxNextFreeBlock ) != pxEnd )
  205a98:	a981a683          	lw	a3,-1384(gp) # 200a43e0 <pxEnd>
  205a9c:	00d70663          	beq	a4,a3,205aa8 <vPortFree+0xee>
        {
            /* Form one big block from the two blocks. */
            pxBlockToInsert->xBlockSize += heapPROTECT_BLOCK_POINTER( pxIterator->pxNextFreeBlock )->xBlockSize;
  205aa0:	4354                	lw	a3,4(a4)
  205aa2:	96b2                	add	a3,a3,a2
  205aa4:	c054                	sw	a3,4(s0)
            pxBlockToInsert->pxNextFreeBlock = heapPROTECT_BLOCK_POINTER( pxIterator->pxNextFreeBlock )->pxNextFreeBlock;
  205aa6:	4314                	lw	a3,0(a4)
  205aa8:	c014                	sw	a3,0(s0)

    /* If the block being inserted plugged a gab, so was merged with the block
     * before and the block after, then it's pxNextFreeBlock pointer will have
     * already been set, and should not be set here as that would make it point
     * to itself. */
    if( pxIterator != pxBlockToInsert )
  205aaa:	00878363          	beq	a5,s0,205ab0 <vPortFree+0xf6>
    {
        pxIterator->pxNextFreeBlock = heapPROTECT_BLOCK_POINTER( pxBlockToInsert );
  205aae:	c380                	sw	s0,0(a5)
                    xNumberOfSuccessfulFrees++;
  205ab0:	a881a783          	lw	a5,-1400(gp) # 200a43d0 <xNumberOfSuccessfulFrees>
  205ab4:	0785                	add	a5,a5,1
}
  205ab6:	4462                	lw	s0,24(sp)
                    xNumberOfSuccessfulFrees++;
  205ab8:	a8f1a423          	sw	a5,-1400(gp) # 200a43d0 <xNumberOfSuccessfulFrees>
}
  205abc:	40f2                	lw	ra,28(sp)
  205abe:	44d2                	lw	s1,20(sp)
  205ac0:	4942                	lw	s2,16(sp)
  205ac2:	49b2                	lw	s3,12(sp)
  205ac4:	6105                	add	sp,sp,32
                ( void ) xTaskResumeAll();
  205ac6:	a46ff06f          	j	204d0c <xTaskResumeAll>
  205aca:	8082                	ret

00205acc <prvTaskExitError>:
    ECLIC_SetMth(uxMaxSysCallMTH);
  205acc:	80c1c703          	lbu	a4,-2036(gp) # 200a4154 <uxMaxSysCallMTH>
    its caller as there is nothing to return to.  If a task wants to exit it
    should instead call vTaskDelete( NULL ).

    Artificially force an assert() to be triggered if configASSERT() is
    defined, then stop here so application writers can catch the error. */
    configASSERT(portGET_CRITICAL_NESTING_COUNT() == ~0UL);
  205ad0:	8101a603          	lw	a2,-2032(gp) # 200a4158 <uxCriticalNesting>
{
  205ad4:	1141                	add	sp,sp,-16
    volatile uint32_t ulDummy = 0;
  205ad6:	c602                	sw	zero,12(sp)
    configASSERT(portGET_CRITICAL_NESTING_COUNT() == ~0UL);
  205ad8:	07018793          	add	a5,gp,112 # 200a49b8 <SystemIRegionInfo>
  205adc:	43dc                	lw	a5,4(a5)
  205ade:	56fd                	li	a3,-1
  205ae0:	00e785a3          	sb	a4,11(a5)
  205ae4:	00d60563          	beq	a2,a3,205aee <prvTaskExitError+0x22>
    __RWMB();
  205ae8:	0ff0000f          	fence
  205aec:	a001                	j	205aec <prvTaskExitError+0x20>
  205aee:	0ff0000f          	fence
    portDISABLE_INTERRUPTS();
    while (ulDummy == 0) {
  205af2:	47b2                	lw	a5,12(sp)
  205af4:	c399                	beqz	a5,205afa <prvTaskExitError+0x2e>
        therefore not output an 'unreachable code' warning for code that appears
        after it. */
        /* Sleep and wait for interrupt */
        __WFI();
    }
}
  205af6:	0141                	add	sp,sp,16
  205af8:	8082                	ret
 * 1. mstatus.MIE == 1(interrupt enabled), Core will enter ISR code
 * 2. mstatus.MIE == 0(interrupt disabled), Core will resume previous execution
 */
__STATIC_FORCEINLINE void __WFI(void)
{
    __RV_CSR_CLEAR(CSR_WFE, WFE_WFE);
  205afa:	8100f073          	csrc	wfe,1
    __ASM volatile("wfi");
  205afe:	10500073          	wfi
}
  205b02:	bfc5                	j	205af2 <prvTaskExitError+0x26>

00205b04 <pxPortInitialiseStack>:
    *pxTopOfStack = portINITIAL_MSTATUS;    /* MSTATUS */
  205b04:	6711                	lui	a4,0x4
  205b06:	f8050793          	add	a5,a0,-128
  205b0a:	a8070713          	add	a4,a4,-1408 # 3a80 <__HEAP_SIZE+0x2a80>
  205b0e:	dff8                	sw	a4,124(a5)
    *pxTopOfStack = (StackType_t) portTASK_RETURN_ADDRESS;      /* RA, X1 */
  205b10:	00206737          	lui	a4,0x206
  205b14:	acc70713          	add	a4,a4,-1332 # 205acc <prvTaskExitError>
    *pxTopOfStack = (StackType_t) pvParameters;      /* X10/A0 */
  205b18:	d3d0                	sw	a2,36(a5)
    *pxTopOfStack = (StackType_t) portTASK_RETURN_ADDRESS;      /* RA, X1 */
  205b1a:	c7d8                	sw	a4,12(a5)
    *pxTopOfStack = ((StackType_t) pxCode) ;        /* PC */
  205b1c:	c78c                	sw	a1,8(a5)
}
  205b1e:	f8850513          	add	a0,a0,-120
  205b22:	8082                	ret

00205b24 <vPortEnterCritical>:
  205b24:	07018793          	add	a5,gp,112 # 200a49b8 <SystemIRegionInfo>
    ECLIC_SetMth(uxMaxSysCallMTH);
  205b28:	80c1c603          	lbu	a2,-2036(gp) # 200a4154 <uxMaxSysCallMTH>
  205b2c:	43d8                	lw	a4,4(a5)
  205b2e:	00c705a3          	sb	a2,11(a4)
    __RWMB();
  205b32:	0ff0000f          	fence
/*-----------------------------------------------------------*/

void vPortEnterCritical(void)
{
    portDISABLE_INTERRUPTS();
    portINCREMENT_CRITICAL_NESTING_COUNT();
  205b36:	8101a703          	lw	a4,-2032(gp) # 200a4158 <uxCriticalNesting>
  205b3a:	0705                	add	a4,a4,1
  205b3c:	80e1a823          	sw	a4,-2032(gp) # 200a4158 <uxCriticalNesting>
    /* This is not the interrupt safe version of the enter critical function so
    assert() if it is being called from an interrupt context.  Only API
    functions that end in "FromISR" can be used in an interrupt.  Only assert if
    the critical nesting count is 1 to protect against recursive calls if the
    assert function also uses a critical section. */
    if (portGET_CRITICAL_NESTING_COUNT() == 1) {
  205b40:	4605                	li	a2,1
  205b42:	00c71f63          	bne	a4,a2,205b60 <vPortEnterCritical+0x3c>
    return (ECLIC->MTH);
  205b46:	43d8                	lw	a4,4(a5)
  205b48:	00b74603          	lbu	a2,11(a4)
        configASSERT((__ECLIC_GetMth() & portMTH_MASK) == uxMaxSysCallMTH);
  205b4c:	80c1c703          	lbu	a4,-2036(gp) # 200a4154 <uxMaxSysCallMTH>
  205b50:	00c70863          	beq	a4,a2,205b60 <vPortEnterCritical+0x3c>
    ECLIC->MTH = mth;
  205b54:	43dc                	lw	a5,4(a5)
  205b56:	00e785a3          	sb	a4,11(a5)
  205b5a:	0ff0000f          	fence
  205b5e:	a001                	j	205b5e <vPortEnterCritical+0x3a>
    }
}
  205b60:	8082                	ret

00205b62 <vPortExitCritical>:
/*-----------------------------------------------------------*/

void vPortExitCritical(void)
{
    configASSERT(portGET_CRITICAL_NESTING_COUNT());
  205b62:	8101a783          	lw	a5,-2032(gp) # 200a4158 <uxCriticalNesting>
  205b66:	eb99                	bnez	a5,205b7c <vPortExitCritical+0x1a>
    ECLIC_SetMth(uxMaxSysCallMTH);
  205b68:	80c1c703          	lbu	a4,-2036(gp) # 200a4154 <uxMaxSysCallMTH>
  205b6c:	07018793          	add	a5,gp,112 # 200a49b8 <SystemIRegionInfo>
  205b70:	43dc                	lw	a5,4(a5)
  205b72:	00e785a3          	sb	a4,11(a5)
    __RWMB();
  205b76:	0ff0000f          	fence
  205b7a:	a001                	j	205b7a <vPortExitCritical+0x18>
    portDECREMENT_CRITICAL_NESTING_COUNT();
  205b7c:	17fd                	add	a5,a5,-1
  205b7e:	80f1a823          	sw	a5,-2032(gp) # 200a4158 <uxCriticalNesting>
    if (portGET_CRITICAL_NESTING_COUNT() == 0) {
  205b82:	eb81                	bnez	a5,205b92 <vPortExitCritical+0x30>
  205b84:	07018793          	add	a5,gp,112 # 200a49b8 <SystemIRegionInfo>
  205b88:	43dc                	lw	a5,4(a5)
  205b8a:	000785a3          	sb	zero,11(a5)
    __RWMB();
  205b8e:	0ff0000f          	fence
        portENABLE_INTERRUPTS();
    }
}
  205b92:	8082                	ret

00205b94 <xPortTaskSwitch>:
}
/*-----------------------------------------------------------*/


void xPortTaskSwitch(void)
{
  205b94:	1141                	add	sp,sp,-16
  205b96:	c422                	sw	s0,8(sp)
  205b98:	07018413          	add	s0,gp,112 # 200a49b8 <SystemIRegionInfo>
  205b9c:	c606                	sw	ra,12(sp)
    ECLIC_SetMth(uxMaxSysCallMTH);
  205b9e:	80c1c703          	lbu	a4,-2036(gp) # 200a4154 <uxMaxSysCallMTH>
  205ba2:	405c                	lw	a5,4(s0)
  205ba4:	00e785a3          	sb	a4,11(a5)
    __RWMB();
  205ba8:	0ff0000f          	fence
    id = __RV_CSR_READ(CSR_MHARTID);
  205bac:	f14027f3          	csrr	a5,mhartid
 * - \ref SysTimer_SetHartSWIRQ
 * - \ref SysTimer_GetHartMsipValue
 */
__STATIC_FORCEINLINE void SysTimer_ClearHartSWIRQ(unsigned long hartid)
{
    SysTimer->MSIP &= ~SysTimer_MSIP_MSIP_Msk;
  205bb0:	6705                	lui	a4,0x1
  205bb2:	441c                	lw	a5,8(s0)
  205bb4:	97ba                	add	a5,a5,a4
  205bb6:	ffc7a703          	lw	a4,-4(a5)
  205bba:	9b79                	and	a4,a4,-2
  205bbc:	fee7ae23          	sw	a4,-4(a5)
    /* Clear Software IRQ, A MUST */
    SysTimer_ClearSWIRQ();
#if ( configNUMBER_OF_CORES > 1 )
    vTaskSwitchContext( portGET_CORE_ID() );
#else
    vTaskSwitchContext();
  205bc0:	b10ff0ef          	jal	204ed0 <vTaskSwitchContext>
  205bc4:	405c                	lw	a5,4(s0)
  205bc6:	000785a3          	sb	zero,11(a5)
    __RWMB();
  205bca:	0ff0000f          	fence
#endif
    portENABLE_INTERRUPTS();
}
  205bce:	40b2                	lw	ra,12(sp)
  205bd0:	4422                	lw	s0,8(sp)
  205bd2:	0141                	add	sp,sp,16
  205bd4:	8082                	ret

00205bd6 <eclic_mtip_handler>:
/*-----------------------------------------------------------*/

void xPortSysTickHandler(void)
{
  205bd6:	1101                	add	sp,sp,-32
  205bd8:	cc22                	sw	s0,24(sp)
    ECLIC_SetMth(uxMaxSysCallMTH);
  205bda:	80c1c683          	lbu	a3,-2036(gp) # 200a4154 <uxMaxSysCallMTH>
  205bde:	07018793          	add	a5,gp,112 # 200a49b8 <SystemIRegionInfo>
  205be2:	ce06                	sw	ra,28(sp)
  205be4:	43d8                	lw	a4,4(a5)
  205be6:	00d705a3          	sb	a3,11(a4) # 100b <__HEAP_SIZE+0xb>
    __RWMB();
  205bea:	0ff0000f          	fence
    addr = (uint8_t *)(&(SysTimer->MTIMER));
  205bee:	479c                	lw	a5,8(a5)
    high0 = __LW(addr + 4);
  205bf0:	00478693          	add	a3,a5,4
 */
__STATIC_FORCEINLINE uint32_t __LW(volatile void *addr)
{
    uint32_t result;

    __ASM volatile ("lw %0, 0(%1)" : "=r" (result) : "r" (addr));
  205bf4:	4290                	lw	a2,0(a3)
  205bf6:	f9010713          	add	a4,sp,-112
  205bfa:	db70                	sw	a2,116(a4)
  205bfc:	4390                	lw	a2,0(a5)
    low = __LW(addr);
  205bfe:	df30                	sw	a2,120(a4)
  205c00:	4294                	lw	a3,0(a3)
    high = __LW(addr + 4);
  205c02:	df74                	sw	a3,124(a4)
    if (high0 != high) {
  205c04:	5b74                	lw	a3,116(a4)
  205c06:	5f78                	lw	a4,124(a4)
  205c08:	07018413          	add	s0,gp,112 # 200a49b8 <SystemIRegionInfo>
  205c0c:	00e68463          	beq	a3,a4,205c14 <eclic_mtip_handler+0x3e>
  205c10:	439c                	lw	a5,0(a5)
        low = __LW(addr);
  205c12:	c43e                	sw	a5,8(sp)
    full = (((uint64_t)high) << 32) | low;
  205c14:	4632                	lw	a2,12(sp)
  205c16:	4722                	lw	a4,8(sp)
 * - \ref SysTimer_SetLoadValue
 */
__STATIC_FORCEINLINE uint32_t SysTick_Reload(uint64_t ticks)
{
    uint64_t cur_ticks = SysTimer_GetLoadValue();
    uint64_t reload_ticks = ticks + cur_ticks;
  205c18:	3e870693          	add	a3,a4,1000
  205c1c:	00e6b7b3          	sltu	a5,a3,a4
  205c20:	97b2                	add	a5,a5,a2

    if (__USUALLY(reload_ticks > cur_ticks)) {
  205c22:	00f66663          	bltu	a2,a5,205c2e <eclic_mtip_handler+0x58>
  205c26:	04c79763          	bne	a5,a2,205c74 <eclic_mtip_handler+0x9e>
  205c2a:	04d77563          	bgeu	a4,a3,205c74 <eclic_mtip_handler+0x9e>
    id = __RV_CSR_READ(CSR_MHARTID);
  205c2e:	f1402773          	csrr	a4,mhartid
    addr = (uint8_t *)(&(SysTimer->MTIMERCMP));
  205c32:	4418                	lw	a4,8(s0)
  205c34:	00870613          	add	a2,a4,8
 * \param [in]    addr  Address pointer to data
 * \param [in]    val   Value to set
 */
__STATIC_FORCEINLINE void __SW(volatile void *addr, uint32_t val)
{
    __ASM volatile ("sw %0, 0(%1)" : : "r" (val), "r" (addr));
  205c38:	55fd                	li	a1,-1
  205c3a:	c20c                	sw	a1,0(a2)
    __SW(addr + 4, (uint32_t)(value >> 32));
  205c3c:	0731                	add	a4,a4,12
  205c3e:	c31c                	sw	a5,0(a4)
  205c40:	c214                	sw	a3,0(a2)
#if ( configNUMBER_OF_CORES == 1 )
    portDISABLE_INTERRUPTS();
    {
        SysTick_Reload(SYSTICK_TICK_CONST);
        /* Increment the RTOS tick. */
        if (xTaskIncrementTick() != pdFALSE) {
  205c42:	f2dfe0ef          	jal	204b6e <xTaskIncrementTick>
  205c46:	cd11                	beqz	a0,205c62 <eclic_mtip_handler+0x8c>
    id = __RV_CSR_READ(CSR_MHARTID);
  205c48:	f14027f3          	csrr	a5,mhartid
    SysTimer->MSIP |= SysTimer_MSIP_MSIP_Msk;
  205c4c:	6705                	lui	a4,0x1
  205c4e:	441c                	lw	a5,8(s0)
  205c50:	97ba                	add	a5,a5,a4
  205c52:	ffc7a703          	lw	a4,-4(a5)
  205c56:	00176713          	or	a4,a4,1
  205c5a:	fee7ae23          	sw	a4,-4(a5)
            /* A context switch is required.  Context switching is performed in
            the SWI interrupt.  Pend the SWI interrupt. */
            portYIELD();
  205c5e:	0ff0000f          	fence
  205c62:	405c                	lw	a5,4(s0)
  205c64:	000785a3          	sb	zero,11(a5)
    __RWMB();
  205c68:	0ff0000f          	fence
            portYIELD();
        }
    }
    taskEXIT_CRITICAL_FROM_ISR( ulPreviousMask );
#endif
}
  205c6c:	40f2                	lw	ra,28(sp)
  205c6e:	4462                	lw	s0,24(sp)
  205c70:	6105                	add	sp,sp,32
  205c72:	8082                	ret
    addr = (uint8_t *)(&(SysTimer->MTIMER));
  205c74:	4418                	lw	a4,8(s0)
    __ASM volatile ("sw %0, 0(%1)" : : "r" (val), "r" (addr));
  205c76:	4781                	li	a5,0
  205c78:	c31c                	sw	a5,0(a4)
    __SW(addr + 4, (uint32_t)(value >> 32));
  205c7a:	00470693          	add	a3,a4,4 # 1004 <__HEAP_SIZE+0x4>
  205c7e:	c29c                	sw	a5,0(a3)
  205c80:	c31c                	sw	a5,0(a4)
    id = __RV_CSR_READ(CSR_MHARTID);
  205c82:	f1402773          	csrr	a4,mhartid
    addr = (uint8_t *)(&(SysTimer->MTIMERCMP));
  205c86:	4418                	lw	a4,8(s0)
  205c88:	00870693          	add	a3,a4,8
    __ASM volatile ("sw %0, 0(%1)" : : "r" (val), "r" (addr));
  205c8c:	567d                	li	a2,-1
  205c8e:	c290                	sw	a2,0(a3)
    __SW(addr + 4, (uint32_t)(value >> 32));
  205c90:	0731                	add	a4,a4,12
  205c92:	c31c                	sw	a5,0(a4)
  205c94:	3e800793          	li	a5,1000
  205c98:	c29c                	sw	a5,0(a3)
}
  205c9a:	b765                	j	205c42 <eclic_mtip_handler+0x6c>

00205c9c <vPortSetupTimerInterrupt>:
    addr = (uint8_t *)(&(SysTimer->MTIMER));
  205c9c:	07018713          	add	a4,gp,112 # 200a49b8 <SystemIRegionInfo>
  205ca0:	4718                	lw	a4,8(a4)
/*
 * Setup the systick timer to generate the tick interrupts at the required
 * frequency.
 */
__attribute__((weak)) void vPortSetupTimerInterrupt(void)
{
  205ca2:	1141                	add	sp,sp,-16
    high0 = __LW(addr + 4);
  205ca4:	00470613          	add	a2,a4,4
    __ASM volatile ("lw %0, 0(%1)" : "=r" (result) : "r" (addr));
  205ca8:	420c                	lw	a1,0(a2)
  205caa:	f9010693          	add	a3,sp,-112
  205cae:	daec                	sw	a1,116(a3)
  205cb0:	430c                	lw	a1,0(a4)
    low = __LW(addr);
  205cb2:	deac                	sw	a1,120(a3)
  205cb4:	4210                	lw	a2,0(a2)
    high = __LW(addr + 4);
  205cb6:	def0                	sw	a2,124(a3)
    if (high0 != high) {
  205cb8:	5af0                	lw	a2,116(a3)
  205cba:	5ef4                	lw	a3,124(a3)
  205cbc:	07018793          	add	a5,gp,112 # 200a49b8 <SystemIRegionInfo>
  205cc0:	00d60463          	beq	a2,a3,205cc8 <vPortSetupTimerInterrupt+0x2c>
  205cc4:	4318                	lw	a4,0(a4)
        low = __LW(addr);
  205cc6:	c43a                	sw	a4,8(sp)
    full = (((uint64_t)high) << 32) | low;
  205cc8:	46b2                	lw	a3,12(sp)
  205cca:	4722                	lw	a4,8(sp)
    SysTimer_SetCompareValue(ticks + loadticks);
  205ccc:	3e870613          	add	a2,a4,1000
  205cd0:	00e63733          	sltu	a4,a2,a4
  205cd4:	9736                	add	a4,a4,a3
    id = __RV_CSR_READ(CSR_MHARTID);
  205cd6:	f14026f3          	csrr	a3,mhartid
    addr = (uint8_t *)(&(SysTimer->MTIMERCMP));
  205cda:	4794                	lw	a3,8(a5)
  205cdc:	00868593          	add	a1,a3,8
    __ASM volatile ("sw %0, 0(%1)" : : "r" (val), "r" (addr));
  205ce0:	557d                	li	a0,-1
  205ce2:	c188                	sw	a0,0(a1)
    __SW(addr + 4, (uint32_t)(value >> 32));
  205ce4:	06b1                	add	a3,a3,12
  205ce6:	c298                	sw	a4,0(a3)
  205ce8:	c190                	sw	a2,0(a1)
 * \sa
 * - \ref ECLIC_GetShvIRQ
 */
__STATIC_FORCEINLINE void __ECLIC_SetShvIRQ(IRQn_Type IRQn, uint32_t shv)
{
    ECLIC->CTRL[IRQn].INTATTR &= ~CLIC_INTATTR_SHV_Msk;
  205cea:	6605                	lui	a2,0x1
  205cec:	43d8                	lw	a4,4(a5)
  205cee:	9732                	add	a4,a4,a2
  205cf0:	01e74683          	lbu	a3,30(a4)
  205cf4:	0fe6f693          	and	a3,a3,254
  205cf8:	00d70f23          	sb	a3,30(a4)
    ECLIC->CTRL[IRQn].INTATTR |= (uint8_t)(shv << CLIC_INTATTR_SHV_Pos);
  205cfc:	43d8                	lw	a4,4(a5)
  205cfe:	9732                	add	a4,a4,a2
  205d00:	01e74683          	lbu	a3,30(a4)
  205d04:	0ff6f693          	zext.b	a3,a3
  205d08:	00d70f23          	sb	a3,30(a4)
    return ((uint32_t)((ECLIC->CFG & CLIC_CLICCFG_NLBIT_Msk) >> CLIC_CLICCFG_NLBIT_Pos));
  205d0c:	43d8                	lw	a4,4(a5)
  205d0e:	00074703          	lbu	a4,0(a4)
  205d12:	8305                	srl	a4,a4,0x1
    return ((uint32_t)((ECLIC->INFO & CLIC_CLICINFO_CTLBIT_Msk) >> CLIC_CLICINFO_CTLBIT_Pos));
  205d14:	43d4                	lw	a3,4(a5)
    return ((uint32_t)((ECLIC->CFG & CLIC_CLICCFG_NLBIT_Msk) >> CLIC_CLICCFG_NLBIT_Pos));
  205d16:	8b3d                	and	a4,a4,15
    return ((uint32_t)((ECLIC->INFO & CLIC_CLICINFO_CTLBIT_Msk) >> CLIC_CLICINFO_CTLBIT_Pos));
  205d18:	42d4                	lw	a3,4(a3)
__STATIC_FORCEINLINE void __ECLIC_SetLevelIRQ(IRQn_Type IRQn, uint8_t lvl_abs)
{
    uint8_t nlbits = __ECLIC_GetCfgNlbits();
    uint8_t intctlbits = (uint8_t)__ECLIC_INTCTLBITS;

    if (nlbits == 0) {
  205d1a:	c70d                	beqz	a4,205d44 <vPortSetupTimerInterrupt+0xa8>
    return ((uint32_t)((ECLIC->INFO & CLIC_CLICINFO_CTLBIT_Msk) >> CLIC_CLICINFO_CTLBIT_Pos));
  205d1c:	82d5                	srl	a3,a3,0x15
        return;
    }

    if (nlbits > intctlbits) {
  205d1e:	8abd                	and	a3,a3,15
        nlbits = intctlbits;
    }
    uint8_t maxlvl = ((1 << nlbits) - 1);
  205d20:	0ae6d6b3          	minu	a3,a3,a4
    return (ECLIC->CTRL[IRQn].INTCTRL);
  205d24:	43d8                	lw	a4,4(a5)
  205d26:	9732                	add	a4,a4,a2
  205d28:	01f74703          	lbu	a4,31(a4)
    if (lvl_abs > maxlvl) {
        lvl_abs = maxlvl;
    }
    uint8_t lvl = lvl_abs << (ECLIC_MAX_NLBITS - nlbits);
    uint8_t cur_ctrl = __ECLIC_GetCtrlIRQ(IRQn);
    cur_ctrl = cur_ctrl << nlbits;
  205d2c:	00d71733          	sll	a4,a4,a3
    cur_ctrl = cur_ctrl >> nlbits;
  205d30:	0ff77713          	zext.b	a4,a4
  205d34:	40d75733          	sra	a4,a4,a3
    ECLIC->CTRL[IRQn].INTCTRL = intctrl;
  205d38:	43d4                	lw	a3,4(a5)
    cur_ctrl = cur_ctrl >> nlbits;
  205d3a:	0ff77713          	zext.b	a4,a4
    ECLIC->CTRL[IRQn].INTCTRL = intctrl;
  205d3e:	96b2                	add	a3,a3,a2
  205d40:	00e68fa3          	sb	a4,31(a3)
    ECLIC->CTRL[IRQn].INTIE |= CLIC_INTIE_IE_Msk;
  205d44:	43d8                	lw	a4,4(a5)
  205d46:	6605                	lui	a2,0x1
  205d48:	9732                	add	a4,a4,a2
  205d4a:	01d74683          	lbu	a3,29(a4)
  205d4e:	0016e693          	or	a3,a3,1
  205d52:	00d70ea3          	sb	a3,29(a4)
    ECLIC->CTRL[IRQn].INTIE &= ~CLIC_INTIE_IE_Msk;
  205d56:	43d8                	lw	a4,4(a5)
  205d58:	9732                	add	a4,a4,a2
  205d5a:	01d74683          	lbu	a3,29(a4)
  205d5e:	0fe6f693          	and	a3,a3,254
  205d62:	00d70ea3          	sb	a3,29(a4)
    return ((uint32_t)((ECLIC->CFG & CLIC_CLICCFG_NLBIT_Msk) >> CLIC_CLICCFG_NLBIT_Pos));
  205d66:	43d8                	lw	a4,4(a5)
  205d68:	00074703          	lbu	a4,0(a4)
  205d6c:	8305                	srl	a4,a4,0x1
    return ((uint32_t)((ECLIC->INFO & CLIC_CLICINFO_CTLBIT_Msk) >> CLIC_CLICINFO_CTLBIT_Pos));
  205d6e:	43d4                	lw	a3,4(a5)
    return ((uint32_t)((ECLIC->CFG & CLIC_CLICCFG_NLBIT_Msk) >> CLIC_CLICCFG_NLBIT_Pos));
  205d70:	8b3d                	and	a4,a4,15
    return ((uint32_t)((ECLIC->INFO & CLIC_CLICINFO_CTLBIT_Msk) >> CLIC_CLICINFO_CTLBIT_Pos));
  205d72:	42d4                	lw	a3,4(a3)
    if (nlbits == 0) {
  205d74:	c70d                	beqz	a4,205d9e <vPortSetupTimerInterrupt+0x102>
    return ((uint32_t)((ECLIC->INFO & CLIC_CLICINFO_CTLBIT_Msk) >> CLIC_CLICINFO_CTLBIT_Pos));
  205d76:	82d5                	srl	a3,a3,0x15
    if (nlbits > intctlbits) {
  205d78:	8abd                	and	a3,a3,15
    uint8_t maxlvl = ((1 << nlbits) - 1);
  205d7a:	0ae6d6b3          	minu	a3,a3,a4
    return (ECLIC->CTRL[IRQn].INTCTRL);
  205d7e:	43d8                	lw	a4,4(a5)
  205d80:	9732                	add	a4,a4,a2
  205d82:	01f74703          	lbu	a4,31(a4)
    cur_ctrl = cur_ctrl << nlbits;
  205d86:	00d71733          	sll	a4,a4,a3
    cur_ctrl = cur_ctrl >> nlbits;
  205d8a:	0ff77713          	zext.b	a4,a4
  205d8e:	40d75733          	sra	a4,a4,a3
    ECLIC->CTRL[IRQn].INTCTRL = intctrl;
  205d92:	43d4                	lw	a3,4(a5)
    cur_ctrl = cur_ctrl >> nlbits;
  205d94:	0ff77713          	zext.b	a4,a4
    ECLIC->CTRL[IRQn].INTCTRL = intctrl;
  205d98:	96b2                	add	a3,a3,a2
  205d9a:	00e68fa3          	sb	a4,31(a3)
    ECLIC->CTRL[IRQn].INTATTR &= ~CLIC_INTATTR_SHV_Msk;
  205d9e:	43d8                	lw	a4,4(a5)
  205da0:	6605                	lui	a2,0x1
  205da2:	9732                	add	a4,a4,a2
  205da4:	01e74683          	lbu	a3,30(a4)
  205da8:	0fe6f693          	and	a3,a3,254
  205dac:	00d70f23          	sb	a3,30(a4)
    ECLIC->CTRL[IRQn].INTATTR |= (uint8_t)(shv << CLIC_INTATTR_SHV_Pos);
  205db0:	43d8                	lw	a4,4(a5)
  205db2:	9732                	add	a4,a4,a2
  205db4:	01e74683          	lbu	a3,30(a4)
  205db8:	0ff6f693          	zext.b	a3,a3
  205dbc:	00d70f23          	sb	a3,30(a4)
    ECLIC->CTRL[IRQn].INTIE |= CLIC_INTIE_IE_Msk;
  205dc0:	43d8                	lw	a4,4(a5)
  205dc2:	9732                	add	a4,a4,a2
  205dc4:	01d74683          	lbu	a3,29(a4)
  205dc8:	0016e693          	or	a3,a3,1
  205dcc:	00d70ea3          	sb	a3,29(a4)
    ECLIC->CTRL[IRQn].INTATTR &= ~CLIC_INTATTR_SHV_Msk;
  205dd0:	43d8                	lw	a4,4(a5)
  205dd2:	9732                	add	a4,a4,a2
  205dd4:	00e74683          	lbu	a3,14(a4)
  205dd8:	0fe6f693          	and	a3,a3,254
  205ddc:	00d70723          	sb	a3,14(a4)
    ECLIC->CTRL[IRQn].INTATTR |= (uint8_t)(shv << CLIC_INTATTR_SHV_Pos);
  205de0:	43d8                	lw	a4,4(a5)
  205de2:	9732                	add	a4,a4,a2
  205de4:	00e74683          	lbu	a3,14(a4)
  205de8:	0016e693          	or	a3,a3,1
  205dec:	00d70723          	sb	a3,14(a4)
    return ((uint32_t)((ECLIC->CFG & CLIC_CLICCFG_NLBIT_Msk) >> CLIC_CLICCFG_NLBIT_Pos));
  205df0:	43d8                	lw	a4,4(a5)
  205df2:	00074703          	lbu	a4,0(a4)
  205df6:	8305                	srl	a4,a4,0x1
    return ((uint32_t)((ECLIC->INFO & CLIC_CLICINFO_CTLBIT_Msk) >> CLIC_CLICINFO_CTLBIT_Pos));
  205df8:	43d4                	lw	a3,4(a5)
    return ((uint32_t)((ECLIC->CFG & CLIC_CLICCFG_NLBIT_Msk) >> CLIC_CLICCFG_NLBIT_Pos));
  205dfa:	8b3d                	and	a4,a4,15
    return ((uint32_t)((ECLIC->INFO & CLIC_CLICINFO_CTLBIT_Msk) >> CLIC_CLICINFO_CTLBIT_Pos));
  205dfc:	42d4                	lw	a3,4(a3)
    if (nlbits == 0) {
  205dfe:	c70d                	beqz	a4,205e28 <vPortSetupTimerInterrupt+0x18c>
    return ((uint32_t)((ECLIC->INFO & CLIC_CLICINFO_CTLBIT_Msk) >> CLIC_CLICINFO_CTLBIT_Pos));
  205e00:	82d5                	srl	a3,a3,0x15
    if (nlbits > intctlbits) {
  205e02:	8abd                	and	a3,a3,15
    uint8_t maxlvl = ((1 << nlbits) - 1);
  205e04:	0ae6d6b3          	minu	a3,a3,a4
    return (ECLIC->CTRL[IRQn].INTCTRL);
  205e08:	43d8                	lw	a4,4(a5)
  205e0a:	9732                	add	a4,a4,a2
  205e0c:	00f74703          	lbu	a4,15(a4)
    cur_ctrl = cur_ctrl << nlbits;
  205e10:	00d71733          	sll	a4,a4,a3
    cur_ctrl = cur_ctrl >> nlbits;
  205e14:	0ff77713          	zext.b	a4,a4
  205e18:	40d75733          	sra	a4,a4,a3
    ECLIC->CTRL[IRQn].INTCTRL = intctrl;
  205e1c:	43d4                	lw	a3,4(a5)
    cur_ctrl = cur_ctrl >> nlbits;
  205e1e:	0ff77713          	zext.b	a4,a4
    ECLIC->CTRL[IRQn].INTCTRL = intctrl;
  205e22:	96b2                	add	a3,a3,a2
  205e24:	00e687a3          	sb	a4,15(a3)
    ECLIC->CTRL[IRQn].INTIE |= CLIC_INTIE_IE_Msk;
  205e28:	43dc                	lw	a5,4(a5)
  205e2a:	6705                	lui	a4,0x1
  205e2c:	97ba                	add	a5,a5,a4
  205e2e:	00d7c703          	lbu	a4,13(a5)
  205e32:	00176713          	or	a4,a4,1
  205e36:	00e786a3          	sb	a4,13(a5)

    /* Set SWI interrupt level to lowest level/priority, SysTimerSW as Vector Interrupt */
    ECLIC_SetShvIRQ(SysTimerSW_IRQn, ECLIC_VECTOR_INTERRUPT);
    ECLIC_SetLevelIRQ(SysTimerSW_IRQn, configKERNEL_INTERRUPT_PRIORITY);
    ECLIC_EnableIRQ(SysTimerSW_IRQn);
}
  205e3a:	0141                	add	sp,sp,16
  205e3c:	8082                	ret

00205e3e <xPortStartScheduler>:
{
  205e3e:	1141                	add	sp,sp,-16
  205e40:	c422                	sw	s0,8(sp)
    return ((uint32_t)((ECLIC->CFG & CLIC_CLICCFG_NLBIT_Msk) >> CLIC_CLICCFG_NLBIT_Pos));
  205e42:	07018413          	add	s0,gp,112 # 200a49b8 <SystemIRegionInfo>
  205e46:	405c                	lw	a5,4(s0)
  205e48:	c606                	sw	ra,12(sp)
  205e4a:	0007c783          	lbu	a5,0(a5)
    return ((uint32_t)((ECLIC->INFO & CLIC_CLICINFO_CTLBIT_Msk) >> CLIC_CLICINFO_CTLBIT_Pos));
  205e4e:	4058                	lw	a4,4(s0)
  205e50:	4358                	lw	a4,4(a4)
    return ((uint32_t)((ECLIC->CFG & CLIC_CLICCFG_NLBIT_Msk) >> CLIC_CLICCFG_NLBIT_Pos));
  205e52:	8385                	srl	a5,a5,0x1
    return ((uint32_t)((ECLIC->INFO & CLIC_CLICINFO_CTLBIT_Msk) >> CLIC_CLICINFO_CTLBIT_Pos));
  205e54:	8355                	srl	a4,a4,0x15
    if (nlbits <= intctlbits) {
  205e56:	8b3d                	and	a4,a4,15
  205e58:	8bbd                	and	a5,a5,15
  205e5a:	0ae7d7b3          	minu	a5,a5,a4
    lfabits = 8 - lvlbits;
  205e5e:	4721                	li	a4,8
  205e60:	8f1d                	sub	a4,a4,a5
    temp = ((1 << lvlbits) - 1);
  205e62:	28f017b3          	bset	a5,zero,a5
  205e66:	17fd                	add	a5,a5,-1
    if (max_syscall_prio > temp) {
  205e68:	469d                	li	a3,7
  205e6a:	0ff7f793          	zext.b	a5,a5
    maxsyscallmth = (max_syscall_prio << lfabits) | ((1 << lfabits) - 1);
  205e6e:	0ad7d7b3          	minu	a5,a5,a3
  205e72:	00e797b3          	sll	a5,a5,a4
  205e76:	28e01733          	bset	a4,zero,a4
  205e7a:	177d                	add	a4,a4,-1 # fff <__STACK_SIZE+0x7ff>
  205e7c:	8fd9                	or	a5,a5,a4
    uxMaxSysCallMTH = prvCalcMaxSysCallMTH(configMAX_SYSCALL_INTERRUPT_PRIORITY);
  205e7e:	80f18623          	sb	a5,-2036(gp) # 200a4154 <uxMaxSysCallMTH>
    return ((uint32_t)((ECLIC->CFG & CLIC_CLICCFG_NLBIT_Msk) >> CLIC_CLICCFG_NLBIT_Pos));
  205e82:	405c                	lw	a5,4(s0)
  205e84:	0007c783          	lbu	a5,0(a5)
    return ((uint32_t)((ECLIC->INFO & CLIC_CLICINFO_CTLBIT_Msk) >> CLIC_CLICINFO_CTLBIT_Pos));
  205e88:	4058                	lw	a4,4(s0)
  205e8a:	4358                	lw	a4,4(a4)
    return ((uint32_t)((ECLIC->CFG & CLIC_CLICCFG_NLBIT_Msk) >> CLIC_CLICCFG_NLBIT_Pos));
  205e8c:	8385                	srl	a5,a5,0x1
    return ((uint32_t)((ECLIC->INFO & CLIC_CLICINFO_CTLBIT_Msk) >> CLIC_CLICINFO_CTLBIT_Pos));
  205e8e:	8355                	srl	a4,a4,0x15
    if (nlbits <= intctlbits) {
  205e90:	8b3d                	and	a4,a4,15
  205e92:	8bbd                	and	a5,a5,15
    temp = ((1 << lvlbits) - 1);
  205e94:	0ae7d7b3          	minu	a5,a5,a4
  205e98:	28f017b3          	bset	a5,zero,a5
  205e9c:	17fd                	add	a5,a5,-1
    if (max_syscall_prio > temp) {
  205e9e:	0ff7f793          	zext.b	a5,a5
  205ea2:	0ad7d7b3          	minu	a5,a5,a3
        ucMaxSysCallPriority = prvCheckMaxSysCallPrio(configMAX_SYSCALL_INTERRUPT_PRIORITY);
  205ea6:	aaf18223          	sb	a5,-1372(gp) # 200a43ec <ucMaxSysCallPriority>
    __RV_CSR_CLEAR(CSR_MSTATUS, MSTATUS_MIE);
  205eaa:	30047073          	csrc	mstatus,8
    vPortSetupTimerInterrupt();
  205eae:	defff0ef          	jal	205c9c <vPortSetupTimerInterrupt>
    portSET_CRITICAL_NESTING_COUNT(0);
  205eb2:	8001a823          	sw	zero,-2032(gp) # 200a4158 <uxCriticalNesting>
    ECLIC->MTH = mth;
  205eb6:	405c                	lw	a5,4(s0)
  205eb8:	000785a3          	sb	zero,11(a5)
  205ebc:	0ff0000f          	fence
    prvPortStartFirstTask();
  205ec0:	22c1                	jal	206080 <prvPortStartFirstTask>
    vTaskSwitchContext();
  205ec2:	80eff0ef          	jal	204ed0 <vTaskSwitchContext>
    prvTaskExitError();
  205ec6:	c07ff0ef          	jal	205acc <prvTaskExitError>
}
  205eca:	40b2                	lw	ra,12(sp)
  205ecc:	4422                	lw	s0,8(sp)
  205ece:	4501                	li	a0,0
  205ed0:	0141                	add	sp,sp,16
  205ed2:	8082                	ret

00205ed4 <vPortValidateInterruptPriority>:
{
    uint32_t ulCurrentInterrupt;
    uint8_t ucCurrentPriority;

    /* Obtain the number of the currently executing interrupt. */
    CSR_MCAUSE_Type mcause = (CSR_MCAUSE_Type)__RV_CSR_READ(CSR_MCAUSE);
  205ed4:	342027f3          	csrr	a5,mcause
    /* Make sure current trap type is interrupt */
    configASSERT(mcause.b.interrupt == 1);
  205ed8:	0007cc63          	bltz	a5,205ef0 <vPortValidateInterruptPriority+0x1c>
    ECLIC_SetMth(uxMaxSysCallMTH);
  205edc:	80c1c703          	lbu	a4,-2036(gp) # 200a4154 <uxMaxSysCallMTH>
  205ee0:	07018793          	add	a5,gp,112 # 200a49b8 <SystemIRegionInfo>
  205ee4:	43dc                	lw	a5,4(a5)
  205ee6:	00e785a3          	sb	a4,11(a5)
    __RWMB();
  205eea:	0ff0000f          	fence
  205eee:	a001                	j	205eee <vPortValidateInterruptPriority+0x1a>
    if (mcause.b.interrupt) {
        ulCurrentInterrupt = mcause.b.exccode;
  205ef0:	07d2                	sll	a5,a5,0x14
  205ef2:	83d1                	srl	a5,a5,0x14
        /* Is the interrupt number a user defined interrupt? */
        if (ulCurrentInterrupt >= portFIRST_USER_INTERRUPT_NUMBER) {
  205ef4:	4745                	li	a4,17
  205ef6:	04f77b63          	bgeu	a4,a5,205f4c <vPortValidateInterruptPriority+0x78>
    return ((uint32_t)((ECLIC->CFG & CLIC_CLICCFG_NLBIT_Msk) >> CLIC_CLICCFG_NLBIT_Pos));
  205efa:	07018693          	add	a3,gp,112 # 200a49b8 <SystemIRegionInfo>
  205efe:	42d8                	lw	a4,4(a3)
  205f00:	00074603          	lbu	a2,0(a4)
  205f04:	8205                	srl	a2,a2,0x1
    return ((uint32_t)((ECLIC->INFO & CLIC_CLICINFO_CTLBIT_Msk) >> CLIC_CLICINFO_CTLBIT_Pos));
  205f06:	42d8                	lw	a4,4(a3)
    return ((uint32_t)((ECLIC->CFG & CLIC_CLICCFG_NLBIT_Msk) >> CLIC_CLICCFG_NLBIT_Pos));
  205f08:	8a3d                	and	a2,a2,15
    return ((uint32_t)((ECLIC->INFO & CLIC_CLICINFO_CTLBIT_Msk) >> CLIC_CLICINFO_CTLBIT_Pos));
  205f0a:	4358                	lw	a4,4(a4)
__STATIC_FORCEINLINE uint8_t __ECLIC_GetLevelIRQ(IRQn_Type IRQn)
{
    uint8_t nlbits = __ECLIC_GetCfgNlbits();
    uint8_t intctlbits = (uint8_t)__ECLIC_INTCTLBITS;

    if (nlbits == 0) {
  205f0c:	c221                	beqz	a2,205f4c <vPortValidateInterruptPriority+0x78>
    return (ECLIC->CTRL[IRQn].INTCTRL);
  205f0e:	42cc                	lw	a1,4(a3)
  205f10:	40078793          	add	a5,a5,1024
  205f14:	20b7c7b3          	sh2add	a5,a5,a1
  205f18:	0037c583          	lbu	a1,3(a5)
    return ((uint32_t)((ECLIC->INFO & CLIC_CLICINFO_CTLBIT_Msk) >> CLIC_CLICINFO_CTLBIT_Pos));
  205f1c:	01575793          	srl	a5,a4,0x15
        return 0;
    }

    if (nlbits > intctlbits) {
  205f20:	8bbd                	and	a5,a5,15
        nlbits = intctlbits;
    }
    uint8_t intctrl = __ECLIC_GetCtrlIRQ(IRQn);
    uint8_t lvl_abs = intctrl >> (ECLIC_MAX_NLBITS - nlbits);
  205f22:	4721                	li	a4,8
  205f24:	0ac7d7b3          	minu	a5,a5,a2
  205f28:	40f707b3          	sub	a5,a4,a5
  205f2c:	40f5d7b3          	sra	a5,a1,a5
            FreeRTOS maintains separate thread and ISR API functions to ensure
            interrupt entry is as fast and simple as possible.

            The following links provide detailed information:
            http://www.freertos.org/FAQHelp.html */
            configASSERT(ucCurrentPriority <= ucMaxSysCallPriority);
  205f30:	aa41c703          	lbu	a4,-1372(gp) # 200a43ec <ucMaxSysCallPriority>
  205f34:	0ff7f793          	zext.b	a5,a5
  205f38:	00f77a63          	bgeu	a4,a5,205f4c <vPortValidateInterruptPriority+0x78>
    ECLIC_SetMth(uxMaxSysCallMTH);
  205f3c:	80c1c703          	lbu	a4,-2036(gp) # 200a4154 <uxMaxSysCallMTH>
    ECLIC->MTH = mth;
  205f40:	42dc                	lw	a5,4(a3)
  205f42:	00e785a3          	sb	a4,11(a5)
    __RWMB();
  205f46:	0ff0000f          	fence
  205f4a:	a001                	j	205f4a <vPortValidateInterruptPriority+0x76>
        }
    }
}
  205f4c:	8082                	ret
	...

00205f80 <exc_entry>:
.align 6
.global exc_entry
.type exc_entry, @function
exc_entry:
    /* Save the caller saving registers (context) */
    SAVE_CONTEXT
  205f80:	34911173          	csrrw	sp,mscratchcswl,sp
  205f84:	715d                	add	sp,sp,-80
  205f86:	c006                	sw	ra,0(sp)
  205f88:	c212                	sw	tp,4(sp)
  205f8a:	c416                	sw	t0,8(sp)
  205f8c:	c61a                	sw	t1,12(sp)
  205f8e:	c81e                	sw	t2,16(sp)
  205f90:	ca2a                	sw	a0,20(sp)
  205f92:	cc2e                	sw	a1,24(sp)
  205f94:	ce32                	sw	a2,28(sp)
  205f96:	d036                	sw	a3,32(sp)
  205f98:	d23a                	sw	a4,36(sp)
  205f9a:	d43e                	sw	a5,40(sp)
  205f9c:	dc42                	sw	a6,56(sp)
  205f9e:	de46                	sw	a7,60(sp)
  205fa0:	c0f2                	sw	t3,64(sp)
  205fa2:	c2f6                	sw	t4,68(sp)
  205fa4:	c4fa                	sw	t5,72(sp)
  205fa6:	c6fe                	sw	t6,76(sp)
    /* Save the necessary CSR registers */
    SAVE_CSR_CONTEXT
  205fa8:	7ee5d073          	csrw	pushmcause,11
  205fac:	7ef65073          	csrw	pushmepc,12
  205fb0:	7eb6d073          	csrw	pushmsubm,13
    /*
     * Set the exception handler function arguments
     * argument 1: mcause value
     * argument 2: current stack point(SP) value
     */
    csrr a0, mcause
  205fb4:	34202573          	csrr	a0,mcause
    mv a1, sp
  205fb8:	858a                	mv	a1,sp
    /*
     * TODO: Call the exception handler function
     * By default, the function template is provided in
     * system_Device.c, you can adjust it as you want
     */
    call core_exception_handler
  205fba:	ad6fb0ef          	jal	201290 <core_exception_handler>

    /* Restore the necessary CSR registers */
    RESTORE_CSR_CONTEXT
  205fbe:	52d2                	lw	t0,52(sp)
  205fc0:	7c429073          	csrw	msubm,t0
  205fc4:	52c2                	lw	t0,48(sp)
  205fc6:	34129073          	csrw	mepc,t0
  205fca:	52b2                	lw	t0,44(sp)
  205fcc:	34229073          	csrw	mcause,t0
    /* Restore the caller saving registers (context) */
    RESTORE_CONTEXT
  205fd0:	4082                	lw	ra,0(sp)
  205fd2:	4212                	lw	tp,4(sp)
  205fd4:	42a2                	lw	t0,8(sp)
  205fd6:	4332                	lw	t1,12(sp)
  205fd8:	43c2                	lw	t2,16(sp)
  205fda:	4552                	lw	a0,20(sp)
  205fdc:	45e2                	lw	a1,24(sp)
  205fde:	4672                	lw	a2,28(sp)
  205fe0:	5682                	lw	a3,32(sp)
  205fe2:	5712                	lw	a4,36(sp)
  205fe4:	57a2                	lw	a5,40(sp)
  205fe6:	5862                	lw	a6,56(sp)
  205fe8:	58f2                	lw	a7,60(sp)
  205fea:	4e06                	lw	t3,64(sp)
  205fec:	4e96                	lw	t4,68(sp)
  205fee:	4f26                	lw	t5,72(sp)
  205ff0:	4fb6                	lw	t6,76(sp)
  205ff2:	6161                	add	sp,sp,80
  205ff4:	34911173          	csrrw	sp,mscratchcswl,sp

    /* Return to regular code */
    mret
  205ff8:	30200073          	mret
  205ffc:	0000                	unimp
	...

00206000 <irq_entry>:
.global irq_entry
.type irq_entry, @function
/* This label will be set to MTVT2 register */
irq_entry:
    /* Save the caller saving registers (context) */
    SAVE_CONTEXT
  206000:	34911173          	csrrw	sp,mscratchcswl,sp
  206004:	715d                	add	sp,sp,-80
  206006:	c006                	sw	ra,0(sp)
  206008:	c212                	sw	tp,4(sp)
  20600a:	c416                	sw	t0,8(sp)
  20600c:	c61a                	sw	t1,12(sp)
  20600e:	c81e                	sw	t2,16(sp)
  206010:	ca2a                	sw	a0,20(sp)
  206012:	cc2e                	sw	a1,24(sp)
  206014:	ce32                	sw	a2,28(sp)
  206016:	d036                	sw	a3,32(sp)
  206018:	d23a                	sw	a4,36(sp)
  20601a:	d43e                	sw	a5,40(sp)
  20601c:	dc42                	sw	a6,56(sp)
  20601e:	de46                	sw	a7,60(sp)
  206020:	c0f2                	sw	t3,64(sp)
  206022:	c2f6                	sw	t4,68(sp)
  206024:	c4fa                	sw	t5,72(sp)
  206026:	c6fe                	sw	t6,76(sp)
    /* Save the necessary CSR registers */
    SAVE_CSR_CONTEXT
  206028:	7ee5d073          	csrw	pushmcause,11
  20602c:	7ef65073          	csrw	pushmepc,12
  206030:	7eb6d073          	csrw	pushmsubm,13
    /* This special CSR read/write operation, which is actually
     * claim the CLIC to find its pending highest ID, if the ID
     * is not 0, then automatically enable the mstatus.MIE, and
     * jump to its vector-entry-label, and update the link register
     */
    csrrw ra, CSR_JALMNXTI, ra
  206034:	7ed090f3          	csrrw	ra,jalmnxti,ra

    /* Critical section with interrupts disabled */
    DISABLE_MIE
  206038:	30047073          	csrc	mstatus,8

    /* Restore the necessary CSR registers */
    RESTORE_CSR_CONTEXT
  20603c:	52d2                	lw	t0,52(sp)
  20603e:	7c429073          	csrw	msubm,t0
  206042:	52c2                	lw	t0,48(sp)
  206044:	34129073          	csrw	mepc,t0
  206048:	52b2                	lw	t0,44(sp)
  20604a:	34229073          	csrw	mcause,t0
    /* Restore the caller saving registers (context) */
    RESTORE_CONTEXT
  20604e:	4082                	lw	ra,0(sp)
  206050:	4212                	lw	tp,4(sp)
  206052:	42a2                	lw	t0,8(sp)
  206054:	4332                	lw	t1,12(sp)
  206056:	43c2                	lw	t2,16(sp)
  206058:	4552                	lw	a0,20(sp)
  20605a:	45e2                	lw	a1,24(sp)
  20605c:	4672                	lw	a2,28(sp)
  20605e:	5682                	lw	a3,32(sp)
  206060:	5712                	lw	a4,36(sp)
  206062:	57a2                	lw	a5,40(sp)
  206064:	5862                	lw	a6,56(sp)
  206066:	58f2                	lw	a7,60(sp)
  206068:	4e06                	lw	t3,64(sp)
  20606a:	4e96                	lw	t4,68(sp)
  20606c:	4f26                	lw	t5,72(sp)
  20606e:	4fb6                	lw	t6,76(sp)
  206070:	6161                	add	sp,sp,80
  206072:	34911173          	csrrw	sp,mscratchcswl,sp

    /* Return to regular code */
    mret
  206076:	30200073          	mret

0020607a <default_intexc_handler>:
.global default_intexc_handler
.type default_intexc_handler, @function
Undef_Handler:
default_intexc_handler:
1:
    j 1b
  20607a:	a001                	j	20607a <default_intexc_handler>
  20607c:	0000                	unimp
	...

00206080 <prvPortStartFirstTask>:
    sub t0, t0, t1
    addi a1, a1, 1
    j 1b
2:
#else
    la t0, _sp // TODO need to consider SMP case
  206080:	000fc297          	auipc	t0,0xfc
  206084:	f8028293          	add	t0,t0,-128 # 302000 <_sp>
#endif
    csrw CSR_MSCRATCH, t0
  206088:	34029073          	csrw	mscratch,t0

#if ( configNUMBER_OF_CORES == 1 )
    LOAD t0, pxCurrentTCB           /* Load pxCurrentTCB. */
  20608c:	a681a283          	lw	t0,-1432(gp) # 200a43b0 <pxCurrentTCB>
    csrr t1, CSR_MHARTID
    slli t1, t1, LOG_REGBYTES
    add t0, t0, t1
    LOAD t0, 0(t0)
#endif
    LOAD sp, 0x0(t0)                /* Read sp from first TCB member */
  206090:	0002a103          	lw	sp,0(t0)

    /* Pop PC from stack and set MEPC */
    LOAD t0,  0  * REGBYTES(sp)
  206094:	4282                	lw	t0,0(sp)
    csrw CSR_MEPC, t0
  206096:	34129073          	csrw	mepc,t0
    /* Pop mstatus from stack and set it */
    LOAD t0,  (portRegNum - 1)  * REGBYTES(sp)
  20609a:	52d6                	lw	t0,116(sp)
    csrw CSR_MSTATUS, t0
  20609c:	30029073          	csrw	mstatus,t0
    /* Interrupt still disable here */
    /* Restore Registers from Stack */
    LOAD x1,  1  * REGBYTES(sp)    /* RA */
  2060a0:	4092                	lw	ra,4(sp)
    LOAD x5,  2  * REGBYTES(sp)
  2060a2:	42a2                	lw	t0,8(sp)
    LOAD x6,  3  * REGBYTES(sp)
  2060a4:	4332                	lw	t1,12(sp)
    LOAD x7,  4  * REGBYTES(sp)
  2060a6:	43c2                	lw	t2,16(sp)
    LOAD x8,  5  * REGBYTES(sp)
  2060a8:	4452                	lw	s0,20(sp)
    LOAD x9,  6  * REGBYTES(sp)
  2060aa:	44e2                	lw	s1,24(sp)
    LOAD x10, 7  * REGBYTES(sp)
  2060ac:	4572                	lw	a0,28(sp)
    LOAD x11, 8  * REGBYTES(sp)
  2060ae:	5582                	lw	a1,32(sp)
    LOAD x12, 9  * REGBYTES(sp)
  2060b0:	5612                	lw	a2,36(sp)
    LOAD x13, 10 * REGBYTES(sp)
  2060b2:	56a2                	lw	a3,40(sp)
    LOAD x14, 11 * REGBYTES(sp)
  2060b4:	5732                	lw	a4,44(sp)
    LOAD x15, 12 * REGBYTES(sp)
  2060b6:	57c2                	lw	a5,48(sp)
#ifndef __riscv_32e
    LOAD x16, 13 * REGBYTES(sp)
  2060b8:	5852                	lw	a6,52(sp)
    LOAD x17, 14 * REGBYTES(sp)
  2060ba:	58e2                	lw	a7,56(sp)
    LOAD x18, 15 * REGBYTES(sp)
  2060bc:	5972                	lw	s2,60(sp)
    LOAD x19, 16 * REGBYTES(sp)
  2060be:	4986                	lw	s3,64(sp)
    LOAD x20, 17 * REGBYTES(sp)
  2060c0:	4a16                	lw	s4,68(sp)
    LOAD x21, 18 * REGBYTES(sp)
  2060c2:	4aa6                	lw	s5,72(sp)
    LOAD x22, 19 * REGBYTES(sp)
  2060c4:	4b36                	lw	s6,76(sp)
    LOAD x23, 20 * REGBYTES(sp)
  2060c6:	4bc6                	lw	s7,80(sp)
    LOAD x24, 21 * REGBYTES(sp)
  2060c8:	4c56                	lw	s8,84(sp)
    LOAD x25, 22 * REGBYTES(sp)
  2060ca:	4ce6                	lw	s9,88(sp)
    LOAD x26, 23 * REGBYTES(sp)
  2060cc:	4d76                	lw	s10,92(sp)
    LOAD x27, 24 * REGBYTES(sp)
  2060ce:	5d86                	lw	s11,96(sp)
    LOAD x28, 25 * REGBYTES(sp)
  2060d0:	5e16                	lw	t3,100(sp)
    LOAD x29, 26 * REGBYTES(sp)
  2060d2:	5ea6                	lw	t4,104(sp)
    LOAD x30, 27 * REGBYTES(sp)
  2060d4:	5f36                	lw	t5,108(sp)
    LOAD x31, 28 * REGBYTES(sp)
  2060d6:	5fc6                	lw	t6,112(sp)
#endif

    addi sp, sp, portCONTEXT_SIZE
  2060d8:	07810113          	add	sp,sp,120

    mret
  2060dc:	30200073          	mret
	...

002060e8 <eclic_msip_handler>:
.section      .text.irq.msip
.align 2
.global eclic_msip_handler
.type eclic_msip_handler, @function
eclic_msip_handler:
    addi sp, sp, -portCONTEXT_SIZE
  2060e8:	f8810113          	add	sp,sp,-120
    STORE x1,  1  * REGBYTES(sp)    /* RA */
  2060ec:	c206                	sw	ra,4(sp)
    STORE x5,  2  * REGBYTES(sp)
  2060ee:	c416                	sw	t0,8(sp)
    STORE x6,  3  * REGBYTES(sp)
  2060f0:	c61a                	sw	t1,12(sp)
    STORE x7,  4  * REGBYTES(sp)
  2060f2:	c81e                	sw	t2,16(sp)
    STORE x8,  5  * REGBYTES(sp)
  2060f4:	ca22                	sw	s0,20(sp)
    STORE x9,  6  * REGBYTES(sp)
  2060f6:	cc26                	sw	s1,24(sp)
    STORE x10, 7  * REGBYTES(sp)
  2060f8:	ce2a                	sw	a0,28(sp)
    STORE x11, 8  * REGBYTES(sp)
  2060fa:	d02e                	sw	a1,32(sp)
    STORE x12, 9  * REGBYTES(sp)
  2060fc:	d232                	sw	a2,36(sp)
    STORE x13, 10 * REGBYTES(sp)
  2060fe:	d436                	sw	a3,40(sp)
    STORE x14, 11 * REGBYTES(sp)
  206100:	d63a                	sw	a4,44(sp)
    STORE x15, 12 * REGBYTES(sp)
  206102:	d83e                	sw	a5,48(sp)
#ifndef __riscv_32e
    STORE x16, 13 * REGBYTES(sp)
  206104:	da42                	sw	a6,52(sp)
    STORE x17, 14 * REGBYTES(sp)
  206106:	dc46                	sw	a7,56(sp)
    STORE x18, 15 * REGBYTES(sp)
  206108:	de4a                	sw	s2,60(sp)
    STORE x19, 16 * REGBYTES(sp)
  20610a:	c0ce                	sw	s3,64(sp)
    STORE x20, 17 * REGBYTES(sp)
  20610c:	c2d2                	sw	s4,68(sp)
    STORE x21, 18 * REGBYTES(sp)
  20610e:	c4d6                	sw	s5,72(sp)
    STORE x22, 19 * REGBYTES(sp)
  206110:	c6da                	sw	s6,76(sp)
    STORE x23, 20 * REGBYTES(sp)
  206112:	c8de                	sw	s7,80(sp)
    STORE x24, 21 * REGBYTES(sp)
  206114:	cae2                	sw	s8,84(sp)
    STORE x25, 22 * REGBYTES(sp)
  206116:	cce6                	sw	s9,88(sp)
    STORE x26, 23 * REGBYTES(sp)
  206118:	ceea                	sw	s10,92(sp)
    STORE x27, 24 * REGBYTES(sp)
  20611a:	d0ee                	sw	s11,96(sp)
    STORE x28, 25 * REGBYTES(sp)
  20611c:	d2f2                	sw	t3,100(sp)
    STORE x29, 26 * REGBYTES(sp)
  20611e:	d4f6                	sw	t4,104(sp)
    STORE x30, 27 * REGBYTES(sp)
  206120:	d6fa                	sw	t5,108(sp)
    STORE x31, 28 * REGBYTES(sp)
  206122:	d8fe                	sw	t6,112(sp)
#endif
    /* Push mstatus to stack */
    csrr t0, CSR_MSTATUS
  206124:	300022f3          	csrr	t0,mstatus
    STORE t0,  (portRegNum - 1)  * REGBYTES(sp)
  206128:	da96                	sw	t0,116(sp)

    /* Push additional registers */

    /* Store sp to task stack */
#if ( configNUMBER_OF_CORES == 1 )
    LOAD t0, pxCurrentTCB           /* Load pxCurrentTCB. */
  20612a:	a681a283          	lw	t0,-1432(gp) # 200a43b0 <pxCurrentTCB>
    csrr t1, CSR_MHARTID
    slli t1, t1, LOG_REGBYTES
    add t0, t0, t1
    LOAD t0, 0(t0)
#endif
    STORE sp, 0(t0)
  20612e:	0022a023          	sw	sp,0(t0)

    csrr t0, CSR_MEPC
  206132:	341022f3          	csrr	t0,mepc
    STORE t0, 0(sp)
  206136:	c016                	sw	t0,0(sp)
    jal xPortTaskSwitch
  206138:	a5dff0ef          	jal	205b94 <xPortTaskSwitch>

    /* Switch task context */
#if ( configNUMBER_OF_CORES == 1 )
    LOAD t0, pxCurrentTCB           /* Load pxCurrentTCB. */
  20613c:	a681a283          	lw	t0,-1432(gp) # 200a43b0 <pxCurrentTCB>
    csrr t1, CSR_MHARTID
    slli t1, t1, LOG_REGBYTES
    add t0, t0, t1
    LOAD t0, 0(t0)
#endif
    LOAD sp, 0x0(t0)                /* Read sp from first TCB member */
  206140:	0002a103          	lw	sp,0(t0)

    /* Pop PC from stack and set MEPC */
    LOAD t0,  0  * REGBYTES(sp)
  206144:	4282                	lw	t0,0(sp)
    csrw CSR_MEPC, t0
  206146:	34129073          	csrw	mepc,t0
    /* Pop additional registers */

    /* Pop mstatus from stack and set it */
    LOAD t0,  (portRegNum - 1)  * REGBYTES(sp)
  20614a:	52d6                	lw	t0,116(sp)
    csrw CSR_MSTATUS, t0
  20614c:	30029073          	csrw	mstatus,t0
    /* Interrupt still disable here */
    /* Restore Registers from Stack */
    LOAD x1,  1  * REGBYTES(sp)    /* RA */
  206150:	4092                	lw	ra,4(sp)
    LOAD x5,  2  * REGBYTES(sp)
  206152:	42a2                	lw	t0,8(sp)
    LOAD x6,  3  * REGBYTES(sp)
  206154:	4332                	lw	t1,12(sp)
    LOAD x7,  4  * REGBYTES(sp)
  206156:	43c2                	lw	t2,16(sp)
    LOAD x8,  5  * REGBYTES(sp)
  206158:	4452                	lw	s0,20(sp)
    LOAD x9,  6  * REGBYTES(sp)
  20615a:	44e2                	lw	s1,24(sp)
    LOAD x10, 7  * REGBYTES(sp)
  20615c:	4572                	lw	a0,28(sp)
    LOAD x11, 8  * REGBYTES(sp)
  20615e:	5582                	lw	a1,32(sp)
    LOAD x12, 9  * REGBYTES(sp)
  206160:	5612                	lw	a2,36(sp)
    LOAD x13, 10 * REGBYTES(sp)
  206162:	56a2                	lw	a3,40(sp)
    LOAD x14, 11 * REGBYTES(sp)
  206164:	5732                	lw	a4,44(sp)
    LOAD x15, 12 * REGBYTES(sp)
  206166:	57c2                	lw	a5,48(sp)
#ifndef __riscv_32e
    LOAD x16, 13 * REGBYTES(sp)
  206168:	5852                	lw	a6,52(sp)
    LOAD x17, 14 * REGBYTES(sp)
  20616a:	58e2                	lw	a7,56(sp)
    LOAD x18, 15 * REGBYTES(sp)
  20616c:	5972                	lw	s2,60(sp)
    LOAD x19, 16 * REGBYTES(sp)
  20616e:	4986                	lw	s3,64(sp)
    LOAD x20, 17 * REGBYTES(sp)
  206170:	4a16                	lw	s4,68(sp)
    LOAD x21, 18 * REGBYTES(sp)
  206172:	4aa6                	lw	s5,72(sp)
    LOAD x22, 19 * REGBYTES(sp)
  206174:	4b36                	lw	s6,76(sp)
    LOAD x23, 20 * REGBYTES(sp)
  206176:	4bc6                	lw	s7,80(sp)
    LOAD x24, 21 * REGBYTES(sp)
  206178:	4c56                	lw	s8,84(sp)
    LOAD x25, 22 * REGBYTES(sp)
  20617a:	4ce6                	lw	s9,88(sp)
    LOAD x26, 23 * REGBYTES(sp)
  20617c:	4d76                	lw	s10,92(sp)
    LOAD x27, 24 * REGBYTES(sp)
  20617e:	5d86                	lw	s11,96(sp)
    LOAD x28, 25 * REGBYTES(sp)
  206180:	5e16                	lw	t3,100(sp)
    LOAD x29, 26 * REGBYTES(sp)
  206182:	5ea6                	lw	t4,104(sp)
    LOAD x30, 27 * REGBYTES(sp)
  206184:	5f36                	lw	t5,108(sp)
    LOAD x31, 28 * REGBYTES(sp)
  206186:	5fc6                	lw	t6,112(sp)
#endif

    addi sp, sp, portCONTEXT_SIZE
  206188:	07810113          	add	sp,sp,120
    mret
  20618c:	30200073          	mret
	...

00206192 <vListInitialise>:
  206192:	00850793          	add	a5,a0,8
  206196:	567d                	li	a2,-1

    listSET_FIRST_LIST_ITEM_INTEGRITY_CHECK_VALUE( &( pxList->xListEnd ) );

    /* The list end value is the highest possible value in the list to
     * ensure it remains at the end of the list. */
    pxList->xListEnd.xItemValue = portMAX_DELAY;
  206198:	56fd                	li	a3,-1
    pxList->pxIndex = ( ListItem_t * ) &( pxList->xListEnd );
  20619a:	c15c                	sw	a5,4(a0)
    pxList->xListEnd.xItemValue = portMAX_DELAY;
  20619c:	c510                	sw	a2,8(a0)
  20619e:	c554                	sw	a3,12(a0)

    /* The list end next and previous pointers point to itself so we know
     * when the list is empty. */
    pxList->xListEnd.pxNext = ( ListItem_t * ) &( pxList->xListEnd );
  2061a0:	c91c                	sw	a5,16(a0)
    pxList->xListEnd.pxPrevious = ( ListItem_t * ) &( pxList->xListEnd );
  2061a2:	c95c                	sw	a5,20(a0)
        pxList->xListEnd.pxContainer = NULL;
        listSET_SECOND_LIST_ITEM_INTEGRITY_CHECK_VALUE( &( pxList->xListEnd ) );
    }
    #endif

    pxList->uxNumberOfItems = ( UBaseType_t ) 0U;
  2061a4:	00052023          	sw	zero,0(a0)
     * configUSE_LIST_DATA_INTEGRITY_CHECK_BYTES is set to 1. */
    listSET_LIST_INTEGRITY_CHECK_1_VALUE( pxList );
    listSET_LIST_INTEGRITY_CHECK_2_VALUE( pxList );

    traceRETURN_vListInitialise();
}
  2061a8:	8082                	ret

002061aa <vListInitialiseItem>:
void vListInitialiseItem( ListItem_t * const pxItem )
{
    traceENTER_vListInitialiseItem( pxItem );

    /* Make sure the list item is not recorded as being on a list. */
    pxItem->pxContainer = NULL;
  2061aa:	00052a23          	sw	zero,20(a0)
     * configUSE_LIST_DATA_INTEGRITY_CHECK_BYTES is set to 1. */
    listSET_FIRST_LIST_ITEM_INTEGRITY_CHECK_VALUE( pxItem );
    listSET_SECOND_LIST_ITEM_INTEGRITY_CHECK_VALUE( pxItem );

    traceRETURN_vListInitialiseItem();
}
  2061ae:	8082                	ret

002061b0 <vListInsert>:

void vListInsert( List_t * const pxList,
                  ListItem_t * const pxNewListItem )
{
    ListItem_t * pxIterator;
    const TickType_t xValueOfInsertion = pxNewListItem->xItemValue;
  2061b0:	4194                	lw	a3,0(a1)
     * new list item should be placed after it.  This ensures that TCBs which are
     * stored in ready lists (all of which have the same xItemValue value) get a
     * share of the CPU.  However, if the xItemValue is the same as the back marker
     * the iteration loop below will not end.  Therefore the value is checked
     * first, and the algorithm slightly modified if necessary. */
    if( xValueOfInsertion == portMAX_DELAY )
  2061b2:	57fd                	li	a5,-1
    const TickType_t xValueOfInsertion = pxNewListItem->xItemValue;
  2061b4:	41d0                	lw	a2,4(a1)
    if( xValueOfInsertion == portMAX_DELAY )
  2061b6:	00f69f63          	bne	a3,a5,2061d4 <vListInsert+0x24>
  2061ba:	00d61d63          	bne	a2,a3,2061d4 <vListInsert+0x24>
    {
        pxIterator = pxList->xListEnd.pxPrevious;
  2061be:	4958                	lw	a4,20(a0)
            /* There is nothing to do here, just iterating to the wanted
             * insertion position. */
        }
    }

    pxNewListItem->pxNext = pxIterator->pxNext;
  2061c0:	471c                	lw	a5,8(a4)
  2061c2:	c59c                	sw	a5,8(a1)
    pxNewListItem->pxNext->pxPrevious = pxNewListItem;
  2061c4:	c7cc                	sw	a1,12(a5)
    pxNewListItem->pxPrevious = pxIterator;
  2061c6:	c5d8                	sw	a4,12(a1)
    pxIterator->pxNext = pxNewListItem;
  2061c8:	c70c                	sw	a1,8(a4)

    /* Remember which list the item is in.  This allows fast removal of the
     * item later. */
    pxNewListItem->pxContainer = pxList;

    ( pxList->uxNumberOfItems ) = ( UBaseType_t ) ( pxList->uxNumberOfItems + 1U );
  2061ca:	411c                	lw	a5,0(a0)
    pxNewListItem->pxContainer = pxList;
  2061cc:	c9c8                	sw	a0,20(a1)
    ( pxList->uxNumberOfItems ) = ( UBaseType_t ) ( pxList->uxNumberOfItems + 1U );
  2061ce:	0785                	add	a5,a5,1
  2061d0:	c11c                	sw	a5,0(a0)

    traceRETURN_vListInsert();
}
  2061d2:	8082                	ret
        for( pxIterator = ( ListItem_t * ) &( pxList->xListEnd ); pxIterator->pxNext->xItemValue <= xValueOfInsertion; pxIterator = pxIterator->pxNext )
  2061d4:	00850793          	add	a5,a0,8
  2061d8:	873e                	mv	a4,a5
  2061da:	479c                	lw	a5,8(a5)
  2061dc:	0047a803          	lw	a6,4(a5)
  2061e0:	ff0660e3          	bltu	a2,a6,2061c0 <vListInsert+0x10>
  2061e4:	fec81ae3          	bne	a6,a2,2061d8 <vListInsert+0x28>
  2061e8:	0007a803          	lw	a6,0(a5)
  2061ec:	ff06f6e3          	bgeu	a3,a6,2061d8 <vListInsert+0x28>
  2061f0:	bfc1                	j	2061c0 <vListInsert+0x10>

002061f2 <uxListRemove>:
     * item. */
    List_t * const pxList = pxItemToRemove->pxContainer;

    traceENTER_uxListRemove( pxItemToRemove );

    pxItemToRemove->pxNext->pxPrevious = pxItemToRemove->pxPrevious;
  2061f2:	4514                	lw	a3,8(a0)
  2061f4:	4558                	lw	a4,12(a0)
    List_t * const pxList = pxItemToRemove->pxContainer;
  2061f6:	495c                	lw	a5,20(a0)
    pxItemToRemove->pxNext->pxPrevious = pxItemToRemove->pxPrevious;
  2061f8:	c6d8                	sw	a4,12(a3)
    pxItemToRemove->pxPrevious->pxNext = pxItemToRemove->pxNext;
  2061fa:	c714                	sw	a3,8(a4)

    /* Only used during decision coverage testing. */
    mtCOVERAGE_TEST_DELAY();

    /* Make sure the index is left pointing to a valid item. */
    if( pxList->pxIndex == pxItemToRemove )
  2061fc:	43d4                	lw	a3,4(a5)
  2061fe:	00a69363          	bne	a3,a0,206204 <uxListRemove+0x12>
    {
        pxList->pxIndex = pxItemToRemove->pxPrevious;
  206202:	c3d8                	sw	a4,4(a5)
    else
    {
        mtCOVERAGE_TEST_MARKER();
    }

    pxItemToRemove->pxContainer = NULL;
  206204:	00052a23          	sw	zero,20(a0)
    ( pxList->uxNumberOfItems ) = ( UBaseType_t ) ( pxList->uxNumberOfItems - 1U );
  206208:	4388                	lw	a0,0(a5)
  20620a:	157d                	add	a0,a0,-1
  20620c:	c388                	sw	a0,0(a5)

    traceRETURN_uxListRemove( pxList->uxNumberOfItems );

    return pxList->uxNumberOfItems;
}
  20620e:	8082                	ret

00206210 <atexit>:
  206210:	85aa                	mv	a1,a0
  206212:	4681                	li	a3,0
  206214:	4601                	li	a2,0
  206216:	4501                	li	a0,0
  206218:	a415                	j	20643c <__register_exitproc>

0020621a <__libc_init_array>:
  20621a:	1141                	add	sp,sp,-16
  20621c:	c422                	sw	s0,8(sp)
  20621e:	c226                	sw	s1,4(sp)
  206220:	00002417          	auipc	s0,0x2
  206224:	9b040413          	add	s0,s0,-1616 # 207bd0 <_etext>
  206228:	00002497          	auipc	s1,0x2
  20622c:	9a848493          	add	s1,s1,-1624 # 207bd0 <_etext>
  206230:	8c81                	sub	s1,s1,s0
  206232:	c04a                	sw	s2,0(sp)
  206234:	c606                	sw	ra,12(sp)
  206236:	8489                	sra	s1,s1,0x2
  206238:	4901                	li	s2,0
  20623a:	02991563          	bne	s2,s1,206264 <__libc_init_array+0x4a>
  20623e:	00002417          	auipc	s0,0x2
  206242:	99240413          	add	s0,s0,-1646 # 207bd0 <_etext>
  206246:	00002497          	auipc	s1,0x2
  20624a:	98a48493          	add	s1,s1,-1654 # 207bd0 <_etext>
  20624e:	8c81                	sub	s1,s1,s0
  206250:	8489                	sra	s1,s1,0x2
  206252:	4901                	li	s2,0
  206254:	00991d63          	bne	s2,s1,20626e <__libc_init_array+0x54>
  206258:	40b2                	lw	ra,12(sp)
  20625a:	4422                	lw	s0,8(sp)
  20625c:	4492                	lw	s1,4(sp)
  20625e:	4902                	lw	s2,0(sp)
  206260:	0141                	add	sp,sp,16
  206262:	8082                	ret
  206264:	401c                	lw	a5,0(s0)
  206266:	9782                	jalr	a5
  206268:	0905                	add	s2,s2,1
  20626a:	0411                	add	s0,s0,4
  20626c:	b7f9                	j	20623a <__libc_init_array+0x20>
  20626e:	401c                	lw	a5,0(s0)
  206270:	9782                	jalr	a5
  206272:	0905                	add	s2,s2,1
  206274:	0411                	add	s0,s0,4
  206276:	bff9                	j	206254 <__libc_init_array+0x3a>

00206278 <__libc_fini_array>:
  206278:	1141                	add	sp,sp,-16
  20627a:	c422                	sw	s0,8(sp)
  20627c:	c226                	sw	s1,4(sp)
  20627e:	00002417          	auipc	s0,0x2
  206282:	95240413          	add	s0,s0,-1710 # 207bd0 <_etext>
  206286:	00002497          	auipc	s1,0x2
  20628a:	94a48493          	add	s1,s1,-1718 # 207bd0 <_etext>
  20628e:	8c05                	sub	s0,s0,s1
  206290:	c606                	sw	ra,12(sp)
  206292:	8409                	sra	s0,s0,0x2
  206294:	e411                	bnez	s0,2062a0 <__libc_fini_array+0x28>
  206296:	40b2                	lw	ra,12(sp)
  206298:	4422                	lw	s0,8(sp)
  20629a:	4492                	lw	s1,4(sp)
  20629c:	0141                	add	sp,sp,16
  20629e:	8082                	ret
  2062a0:	147d                	add	s0,s0,-1
  2062a2:	209447b3          	sh2add	a5,s0,s1
  2062a6:	439c                	lw	a5,0(a5)
  2062a8:	9782                	jalr	a5
  2062aa:	b7ed                	j	206294 <__libc_fini_array+0x1c>

002062ac <memset>:
  2062ac:	433d                	li	t1,15
  2062ae:	872a                	mv	a4,a0
  2062b0:	02c37363          	bgeu	t1,a2,2062d6 <memset+0x2a>
  2062b4:	00f77793          	and	a5,a4,15
  2062b8:	efbd                	bnez	a5,206336 <memset+0x8a>
  2062ba:	e5ad                	bnez	a1,206324 <memset+0x78>
  2062bc:	ff067693          	and	a3,a2,-16
  2062c0:	8a3d                	and	a2,a2,15
  2062c2:	96ba                	add	a3,a3,a4
  2062c4:	c30c                	sw	a1,0(a4)
  2062c6:	c34c                	sw	a1,4(a4)
  2062c8:	c70c                	sw	a1,8(a4)
  2062ca:	c74c                	sw	a1,12(a4)
  2062cc:	0741                	add	a4,a4,16
  2062ce:	fed76be3          	bltu	a4,a3,2062c4 <memset+0x18>
  2062d2:	e211                	bnez	a2,2062d6 <memset+0x2a>
  2062d4:	8082                	ret
  2062d6:	40c306b3          	sub	a3,t1,a2
  2062da:	068a                	sll	a3,a3,0x2
  2062dc:	00000297          	auipc	t0,0x0
  2062e0:	9696                	add	a3,a3,t0
  2062e2:	00a68067          	jr	10(a3)
  2062e6:	00b70723          	sb	a1,14(a4)
  2062ea:	00b706a3          	sb	a1,13(a4)
  2062ee:	00b70623          	sb	a1,12(a4)
  2062f2:	00b705a3          	sb	a1,11(a4)
  2062f6:	00b70523          	sb	a1,10(a4)
  2062fa:	00b704a3          	sb	a1,9(a4)
  2062fe:	00b70423          	sb	a1,8(a4)
  206302:	00b703a3          	sb	a1,7(a4)
  206306:	00b70323          	sb	a1,6(a4)
  20630a:	00b702a3          	sb	a1,5(a4)
  20630e:	00b70223          	sb	a1,4(a4)
  206312:	00b701a3          	sb	a1,3(a4)
  206316:	00b70123          	sb	a1,2(a4)
  20631a:	00b700a3          	sb	a1,1(a4)
  20631e:	00b70023          	sb	a1,0(a4)
  206322:	8082                	ret
  206324:	0ff5f593          	zext.b	a1,a1
  206328:	00859693          	sll	a3,a1,0x8
  20632c:	8dd5                	or	a1,a1,a3
  20632e:	01059693          	sll	a3,a1,0x10
  206332:	8dd5                	or	a1,a1,a3
  206334:	b761                	j	2062bc <memset+0x10>
  206336:	00279693          	sll	a3,a5,0x2
  20633a:	00000297          	auipc	t0,0x0
  20633e:	9696                	add	a3,a3,t0
  206340:	8286                	mv	t0,ra
  206342:	fa8680e7          	jalr	-88(a3)
  206346:	8096                	mv	ra,t0
  206348:	17c1                	add	a5,a5,-16
  20634a:	8f1d                	sub	a4,a4,a5
  20634c:	963e                	add	a2,a2,a5
  20634e:	f8c374e3          	bgeu	t1,a2,2062d6 <memset+0x2a>
  206352:	b7a5                	j	2062ba <memset+0xe>

00206354 <memcpy>:
  206354:	00a5c7b3          	xor	a5,a1,a0
  206358:	8b8d                	and	a5,a5,3
  20635a:	00c506b3          	add	a3,a0,a2
  20635e:	e781                	bnez	a5,206366 <memcpy+0x12>
  206360:	478d                	li	a5,3
  206362:	00c7ef63          	bltu	a5,a2,206380 <memcpy+0x2c>
  206366:	87aa                	mv	a5,a0
  206368:	00d56963          	bltu	a0,a3,20637a <memcpy+0x26>
  20636c:	8082                	ret
  20636e:	0005c703          	lbu	a4,0(a1)
  206372:	0785                	add	a5,a5,1
  206374:	0585                	add	a1,a1,1
  206376:	fee78fa3          	sb	a4,-1(a5)
  20637a:	fed79ae3          	bne	a5,a3,20636e <memcpy+0x1a>
  20637e:	8082                	ret
  206380:	00357793          	and	a5,a0,3
  206384:	e7b1                	bnez	a5,2063d0 <memcpy+0x7c>
  206386:	87aa                	mv	a5,a0
  206388:	ffc6f713          	and	a4,a3,-4
  20638c:	40f70833          	sub	a6,a4,a5
  206390:	02000613          	li	a2,32
  206394:	09064863          	blt	a2,a6,206424 <memcpy+0xd0>
  206398:	863e                	mv	a2,a5
  20639a:	882e                	mv	a6,a1
  20639c:	08e66963          	bltu	a2,a4,20642e <memcpy+0xda>
  2063a0:	ffd78813          	add	a6,a5,-3
  2063a4:	4601                	li	a2,0
  2063a6:	01076663          	bltu	a4,a6,2063b2 <memcpy+0x5e>
  2063aa:	070d                	add	a4,a4,3
  2063ac:	8f1d                	sub	a4,a4,a5
  2063ae:	ffc77613          	and	a2,a4,-4
  2063b2:	97b2                	add	a5,a5,a2
  2063b4:	95b2                	add	a1,a1,a2
  2063b6:	fcd7e2e3          	bltu	a5,a3,20637a <memcpy+0x26>
  2063ba:	8082                	ret
  2063bc:	0005c703          	lbu	a4,0(a1)
  2063c0:	0785                	add	a5,a5,1
  2063c2:	0585                	add	a1,a1,1
  2063c4:	fee78fa3          	sb	a4,-1(a5)
  2063c8:	0037f713          	and	a4,a5,3
  2063cc:	fb65                	bnez	a4,2063bc <memcpy+0x68>
  2063ce:	bf6d                	j	206388 <memcpy+0x34>
  2063d0:	87aa                	mv	a5,a0
  2063d2:	bfdd                	j	2063c8 <memcpy+0x74>
  2063d4:	0005a383          	lw	t2,0(a1)
  2063d8:	0045a283          	lw	t0,4(a1)
  2063dc:	0085af83          	lw	t6,8(a1)
  2063e0:	00c5af03          	lw	t5,12(a1)
  2063e4:	0105ae83          	lw	t4,16(a1)
  2063e8:	0145ae03          	lw	t3,20(a1)
  2063ec:	0185a303          	lw	t1,24(a1)
  2063f0:	01c5a883          	lw	a7,28(a1)
  2063f4:	0077a023          	sw	t2,0(a5)
  2063f8:	0057a223          	sw	t0,4(a5)
  2063fc:	01f7a423          	sw	t6,8(a5)
  206400:	01e7a623          	sw	t5,12(a5)
  206404:	01d7a823          	sw	t4,16(a5)
  206408:	01c7aa23          	sw	t3,20(a5)
  20640c:	0067ac23          	sw	t1,24(a5)
  206410:	0117ae23          	sw	a7,28(a5)
  206414:	0205a803          	lw	a6,32(a1)
  206418:	02458593          	add	a1,a1,36
  20641c:	02478793          	add	a5,a5,36
  206420:	ff07ae23          	sw	a6,-4(a5)
  206424:	40f70833          	sub	a6,a4,a5
  206428:	fb0646e3          	blt	a2,a6,2063d4 <memcpy+0x80>
  20642c:	b7b5                	j	206398 <memcpy+0x44>
  20642e:	00082883          	lw	a7,0(a6)
  206432:	01162023          	sw	a7,0(a2) # 1000 <__HEAP_SIZE>
  206436:	0811                	add	a6,a6,4
  206438:	0611                	add	a2,a2,4
  20643a:	b78d                	j	20639c <memcpy+0x48>

0020643c <__register_exitproc>:
  20643c:	1101                	add	sp,sp,-32
  20643e:	c452                	sw	s4,8(sp)
  206440:	81418a13          	add	s4,gp,-2028 # 200a415c <__atexit_recursive_mutex>
  206444:	cc22                	sw	s0,24(sp)
  206446:	842a                	mv	s0,a0
  206448:	000a2503          	lw	a0,0(s4) # 1000 <__HEAP_SIZE>
  20644c:	ca26                	sw	s1,20(sp)
  20644e:	c84a                	sw	s2,16(sp)
  206450:	c64e                	sw	s3,12(sp)
  206452:	8936                	mv	s2,a3
  206454:	ce06                	sw	ra,28(sp)
  206456:	84ae                	mv	s1,a1
  206458:	89b2                	mv	s3,a2
  20645a:	2841                	jal	2064ea <__retarget_lock_acquire_recursive>
  20645c:	aa818693          	add	a3,gp,-1368 # 200a43f0 <__atexit>
  206460:	4298                	lw	a4,0(a3)
  206462:	e305                	bnez	a4,206482 <__register_exitproc+0x46>
  206464:	1fea1797          	auipc	a5,0x1fea1
  206468:	10478793          	add	a5,a5,260 # 200a7568 <__atexit0>
  20646c:	c29c                	sw	a5,0(a3)
  20646e:	00000713          	li	a4,0
  206472:	c701                	beqz	a4,20647a <__register_exitproc+0x3e>
  206474:	4318                	lw	a4,0(a4)
  206476:	08e7a423          	sw	a4,136(a5)
  20647a:	1fea1717          	auipc	a4,0x1fea1
  20647e:	0ee70713          	add	a4,a4,238 # 200a7568 <__atexit0>
  206482:	435c                	lw	a5,4(a4)
  206484:	46fd                	li	a3,31
  206486:	000a2503          	lw	a0,0(s4)
  20648a:	00f6dc63          	bge	a3,a5,2064a2 <__register_exitproc+0x66>
  20648e:	28b9                	jal	2064ec <__retarget_lock_release_recursive>
  206490:	557d                	li	a0,-1
  206492:	40f2                	lw	ra,28(sp)
  206494:	4462                	lw	s0,24(sp)
  206496:	44d2                	lw	s1,20(sp)
  206498:	4942                	lw	s2,16(sp)
  20649a:	49b2                	lw	s3,12(sp)
  20649c:	4a22                	lw	s4,8(sp)
  20649e:	6105                	add	sp,sp,32
  2064a0:	8082                	ret
  2064a2:	c81d                	beqz	s0,2064d8 <__register_exitproc+0x9c>
  2064a4:	08872803          	lw	a6,136(a4)
  2064a8:	fe0803e3          	beqz	a6,20648e <__register_exitproc+0x52>
  2064ac:	2107c633          	sh2add	a2,a5,a6
  2064b0:	01362023          	sw	s3,0(a2)
  2064b4:	10082683          	lw	a3,256(a6)
  2064b8:	28f696b3          	bset	a3,a3,a5
  2064bc:	10d82023          	sw	a3,256(a6)
  2064c0:	09262023          	sw	s2,128(a2)
  2064c4:	4689                	li	a3,2
  2064c6:	28f015b3          	bset	a1,zero,a5
  2064ca:	00d41763          	bne	s0,a3,2064d8 <__register_exitproc+0x9c>
  2064ce:	10482683          	lw	a3,260(a6)
  2064d2:	8ecd                	or	a3,a3,a1
  2064d4:	10d82223          	sw	a3,260(a6)
  2064d8:	00178693          	add	a3,a5,1
  2064dc:	c354                	sw	a3,4(a4)
  2064de:	20e7c7b3          	sh2add	a5,a5,a4
  2064e2:	c784                	sw	s1,8(a5)
  2064e4:	2021                	jal	2064ec <__retarget_lock_release_recursive>
  2064e6:	4501                	li	a0,0
  2064e8:	b76d                	j	206492 <__register_exitproc+0x56>

002064ea <__retarget_lock_acquire_recursive>:
  2064ea:	8082                	ret

002064ec <__retarget_lock_release_recursive>:
  2064ec:	8082                	ret

002064ee <platform_init>:
extern int mxic_enable_dc(FLASH_DEV *dev);
extern int mxic_disable_dc(FLASH_DEV *dev);
extern int mxic_get_dc(FLASH_DEV *dev, unsigned char *dc);

_EXT_RAM int platform_init(FLASH_DEV *dev, unsigned char udc0, unsigned char udc1)
{
  2064ee:	7139                	add	sp,sp,-64
  2064f0:	da26                	sw	s1,52(sp)
	int ret = 0;
	unsigned long base = dev->base_addr, usr_cfg;
  2064f2:	4104                	lw	s1,0(a0)
{
  2064f4:	dc22                	sw	s0,56(sp)
  2064f6:	d84a                	sw	s2,48(sp)
  2064f8:	de06                	sw	ra,60(sp)
	unsigned int RetData, SCLK_DIV = dev->sclk_div;  //0xff;	//SCLK is the same as the SPI clock source
	unsigned char val;

	// reset the user config to the default one
	usr_cfg = 0xf5000000;
	outw(base + 0x80, usr_cfg);
  2064fa:	08048793          	add	a5,s1,128
  2064fe:	f50006b7          	lui	a3,0xf5000
	unsigned int RetData, SCLK_DIV = dev->sclk_div;  //0xff;	//SCLK is the same as the SPI clock source
  206502:	00554703          	lbu	a4,5(a0)
	outw(base + 0x80, usr_cfg);
  206506:	c394                	sw	a3,0(a5)
    outw(SPIB_REG_DATA(base), data);
}

_EXT_RAM unsigned int spib_get_regtiming(unsigned long base)
{
    return inw(SPIB_REG_REGTIMING(base));
  206508:	40bc                	lw	a5,64(s1)
	RetData = (spib_get_regtiming(base) & (~0xFF));
  20650a:	f007f793          	and	a5,a5,-256
	spib_set_regtiming(base, RetData | SCLK_DIV);
  20650e:	8fd9                	or	a5,a5,a4
}

_EXT_RAM void spib_set_regtiming(unsigned long base, unsigned int data)
{
    outw(SPIB_REG_REGTIMING(base), data);
  206510:	c0bc                	sw	a5,64(s1)
	if(dev->addr_auto) {
  206512:	00d54783          	lbu	a5,13(a0)
{
  206516:	842a                	mv	s0,a0
  206518:	892e                	mv	s2,a1
	if(dev->addr_auto) {
  20651a:	cbbd                	beqz	a5,206590 <platform_init+0xa2>
    outw(SPIB_REG_IFSET(base), reg);
  20651c:	000207b7          	lui	a5,0x20
  206520:	78078793          	add	a5,a5,1920 # 20780 <__HEAP_SIZE+0x1f780>
  206524:	c89c                	sw	a5,16(s1)
        if((FLASH_SPI_RELEASE_DPD & udc0) == FLASH_SPI_RELEASE_DPD) {
  206526:	0405f793          	and	a5,a1,64
  20652a:	c789                	beqz	a5,206534 <platform_init+0x46>
            udc0 &= (~FLASH_SPI_RELEASE_DPD);
  20652c:	0bf5f913          	and	s2,a1,191
            mxic_release_deep_power_down(dev);
  206530:	5da010ef          	jal	207b0a <mxic_release_deep_power_down>
		ret = spirom_cmd_send(dev, SPIROM_CMD_READ_SFDP, 0x0, sizeof(sfdp), (unsigned int*)&sfdp, NULL);
  206534:	4781                	li	a5,0
  206536:	1018                	add	a4,sp,32
  206538:	46c1                	li	a3,16
  20653a:	4601                	li	a2,0
  20653c:	45d9                	li	a1,22
  20653e:	8522                	mv	a0,s0
  206540:	2165                	jal	2069e8 <spirom_cmd_send>
		if(ret)
  206542:	18051463          	bnez	a0,2066ca <platform_init+0x1dc>
		if(sfdp.sig[0] == 'S' && sfdp.sig[1] == 'F' && sfdp.sig[2] == 'D' && sfdp.sig[3] == 'P') {
  206546:	6791                	lui	a5,0x4
  206548:	02015703          	lhu	a4,32(sp)
  20654c:	65378793          	add	a5,a5,1619 # 4653 <__HEAP_SIZE+0x3653>
  206550:	04f71063          	bne	a4,a5,206590 <platform_init+0xa2>
  206554:	6795                	lui	a5,0x5
  206556:	02215703          	lhu	a4,34(sp)
  20655a:	04478793          	add	a5,a5,68 # 5044 <__HEAP_SIZE+0x4044>
  20655e:	02f71963          	bne	a4,a5,206590 <platform_init+0xa2>
			ret = spirom_cmd_send(dev, SPIROM_CMD_READ_SFDP, sfdp.ptp_0, sizeof(jedec), (unsigned int*)&jedec, NULL);
  206562:	02c15603          	lhu	a2,44(sp)
  206566:	4781                	li	a5,0
  206568:	0838                	add	a4,sp,24
  20656a:	46a1                	li	a3,8
  20656c:	45d9                	li	a1,22
  20656e:	8522                	mv	a0,s0
  206570:	29a5                	jal	2069e8 <spirom_cmd_send>
			if(ret)
  206572:	14051c63          	bnez	a0,2066ca <platform_init+0x1dc>
			if(jedec.JEDEC_ADDRESS_BYTES == 0b10 || jedec.JEDEC_ADDRESS_BYTES == 0b01) {
  206576:	00060737          	lui	a4,0x60
  20657a:	47e2                	lw	a5,24(sp)
  20657c:	8ff9                	and	a5,a5,a4
  20657e:	7701                	lui	a4,0xfffe0
  206580:	97ba                	add	a5,a5,a4
  206582:	49179793          	bclr	a5,a5,0x11
				dev->addr_bytes = 4;
  206586:	0017b793          	seqz	a5,a5
  20658a:	078d                	add	a5,a5,3
  20658c:	00f40623          	sb	a5,12(s0)
	dev->addr_bytes = (dev->addr_bytes == 4 ? 4 : 3);
  206590:	00c44783          	lbu	a5,12(s0)
  206594:	4711                	li	a4,4
  206596:	00e78363          	beq	a5,a4,20659c <platform_init+0xae>
  20659a:	478d                	li	a5,3
  20659c:	00f40623          	sb	a5,12(s0)
	RetData = ((dev->addr_bytes - 1) << SPIB_IF_ADDLEN_OFFSET) & SPIB_IF_ADDLEN_MASK;
  2065a0:	17fd                	add	a5,a5,-1
  2065a2:	07c2                	sll	a5,a5,0x10
	RetData |= ((7 << SPIB_IF_DATALEN_OFFSET) & SPIB_IF_DATALEN_MASK) |
  2065a4:	7807e793          	or	a5,a5,1920
    outw(SPIB_REG_IFSET(base), reg);
  2065a8:	c89c                	sw	a5,16(s1)
    int boot_config_raw = efuse_boot_config_read();
  2065aa:	dedf90ef          	jal	200396 <efuse_boot_config_read>
    if(boot_config_raw != 0) {
  2065ae:	c569                	beqz	a0,206678 <platform_init+0x18a>
    	boot_config.release_dp_time = (boot_config_raw & 0x7F);
  2065b0:	00414783          	lbu	a5,4(sp)
  2065b4:	07f57713          	and	a4,a0,127
  2065b8:	f807f793          	and	a5,a5,-128
  2065bc:	8fd9                	or	a5,a5,a4
  2065be:	00f10223          	sb	a5,4(sp)
    	boot_config.exit_4byte_addr = (boot_config_raw >> 7) & 0x01;
  2065c2:	00414783          	lbu	a5,4(sp)
  2065c6:	08057513          	and	a0,a0,128
  2065ca:	07f7f793          	and	a5,a5,127
  2065ce:	8fc9                	or	a5,a5,a0
  2065d0:	00f10223          	sb	a5,4(sp)
    	if(boot_config.release_dp_time != 0)
  2065d4:	4792                	lw	a5,4(sp)
  2065d6:	07f7f793          	and	a5,a5,127
  2065da:	c3d9                	beqz	a5,206660 <platform_init+0x172>
			if((FLASH_SPI_RELEASE_DPD & udc0) == FLASH_SPI_RELEASE_DPD) {
  2065dc:	04097793          	and	a5,s2,64
  2065e0:	c781                	beqz	a5,2065e8 <platform_init+0xfa>
				mxic_release_deep_power_down(dev);
  2065e2:	8522                	mv	a0,s0
  2065e4:	526010ef          	jal	207b0a <mxic_release_deep_power_down>
    high0 = __RV_CSR_READ(CSR_MCYCLEH);
  2065e8:	b8002773          	csrr	a4,mcycleh
  2065ec:	fb010793          	add	a5,sp,-80
  2065f0:	cfb8                	sw	a4,88(a5)
    low = __RV_CSR_READ(CSR_MCYCLE);
  2065f2:	b0002773          	csrr	a4,mcycle
  2065f6:	cff8                	sw	a4,92(a5)
    high = __RV_CSR_READ(CSR_MCYCLEH);
  2065f8:	b8002773          	csrr	a4,mcycleh
  2065fc:	d3b8                	sw	a4,96(a5)
    if (high0 != high) {
  2065fe:	4fb8                	lw	a4,88(a5)
  206600:	53bc                	lw	a5,96(a5)
  206602:	00f70563          	beq	a4,a5,20660c <platform_init+0x11e>
        low = __RV_CSR_READ(CSR_MCYCLE);
  206606:	b00027f3          	csrr	a5,mcycle
  20660a:	c63e                	sw	a5,12(sp)
    full = (((uint64_t)high) << 32) | low;
  20660c:	45c2                	lw	a1,16(sp)
				if(cycles_curr - cycles_prev >= CPU_FREQ_MHZ * (boot_config.release_dp_time) * 10) {
  20660e:	0f000813          	li	a6,240
  206612:	4532                	lw	a0,12(sp)
    high0 = __RV_CSR_READ(CSR_MCYCLEH);
  206614:	b8002773          	csrr	a4,mcycleh
  206618:	fb010793          	add	a5,sp,-80
  20661c:	d3f8                	sw	a4,100(a5)
    low = __RV_CSR_READ(CSR_MCYCLE);
  20661e:	b0002773          	csrr	a4,mcycle
  206622:	d7b8                	sw	a4,104(a5)
    high = __RV_CSR_READ(CSR_MCYCLEH);
  206624:	b8002773          	csrr	a4,mcycleh
  206628:	dbb8                	sw	a4,112(a5)
    if (high0 != high) {
  20662a:	53f8                	lw	a4,100(a5)
  20662c:	5bbc                	lw	a5,112(a5)
  20662e:	00f70563          	beq	a4,a5,206638 <platform_init+0x14a>
        low = __RV_CSR_READ(CSR_MCYCLE);
  206632:	b00027f3          	csrr	a5,mcycle
  206636:	cc3e                	sw	a5,24(sp)
    full = (((uint64_t)high) << 32) | low;
  206638:	5702                	lw	a4,32(sp)
  20663a:	46e2                	lw	a3,24(sp)
  20663c:	40a68633          	sub	a2,a3,a0
  206640:	4792                	lw	a5,4(sp)
  206642:	00c6b6b3          	sltu	a3,a3,a2
  206646:	8f0d                	sub	a4,a4,a1
  206648:	07f7f793          	and	a5,a5,127
  20664c:	4881                	li	a7,0
  20664e:	8f15                	sub	a4,a4,a3
  206650:	030787b3          	mul	a5,a5,a6
  206654:	00e89663          	bne	a7,a4,206660 <platform_init+0x172>
  206658:	00f67463          	bgeu	a2,a5,206660 <platform_init+0x172>
				__asm__ volatile("nop");
  20665c:	0001                	nop
				cycles_curr = __get_rv_cycle();
  20665e:	bf5d                	j	206614 <platform_init+0x126>
    	if(boot_config.exit_4byte_addr != 0)
  206660:	4792                	lw	a5,4(sp)
  206662:	4877d793          	bext	a5,a5,0x7
  206666:	cb89                	beqz	a5,206678 <platform_init+0x18a>
			spirom_set_addr4(dev, dev->addr_bytes == 4);
  206668:	00c44583          	lbu	a1,12(s0)
  20666c:	15f1                	add	a1,a1,-4
  20666e:	0015b593          	seqz	a1,a1
  206672:	8522                	mv	a0,s0
  206674:	2e1000ef          	jal	207154 <spirom_set_addr4>
		if(dev->d_width == 4) {
  206678:	00444703          	lbu	a4,4(s0)
  20667c:	4791                	li	a5,4
  20667e:	04f71c63          	bne	a4,a5,2066d6 <platform_init+0x1e8>
			if((FLASH_SPI_IGNORE_QE & udc0) == FLASH_SPI_IGNORE_QE) {
  206682:	60491913          	sext.b	s2,s2
				ret = (mxic_qd_bit(dev) == 1 ? 0 : 1);
  206686:	8522                	mv	a0,s0
			if((FLASH_SPI_IGNORE_QE & udc0) == FLASH_SPI_IGNORE_QE) {
  206688:	02095163          	bgez	s2,2066aa <platform_init+0x1bc>
				ret = (mxic_qd_bit(dev) == 1 ? 0 : 1);
  20668c:	11a010ef          	jal	2077a6 <mxic_qd_bit>
  206690:	87aa                	mv	a5,a0
            if(ret) {
  206692:	4505                	li	a0,1
  206694:	00a79e63          	bne	a5,a0,2066b0 <platform_init+0x1c2>
			outw(SPIB_REG_MEMACCESS(base), dev->addr_bytes == 4 ? 13 : 5);  //set spi read mode as Quad mode
  206698:	00c44683          	lbu	a3,12(s0)
  20669c:	4711                	li	a4,4
  20669e:	4795                	li	a5,5
  2066a0:	00e69363          	bne	a3,a4,2066a6 <platform_init+0x1b8>
  2066a4:	47b5                	li	a5,13
			outw(SPIB_REG_MEMACCESS(base), dev->addr_bytes == 4 ? 12 : 4);  //set spi read mode as Dual mode
  2066a6:	c8bc                	sw	a5,80(s1)
  2066a8:	a005                	j	2066c8 <platform_init+0x1da>
				ret = mxic_enable_qd(dev);  //let flash support quad mode
  2066aa:	11c010ef          	jal	2077c6 <mxic_enable_qd>
            if(ret) {
  2066ae:	d56d                	beqz	a0,206698 <platform_init+0x1aa>
                dev->d_width = 1;  //roll back to spi mode if quad mode not enabled
  2066b0:	4785                	li	a5,1
  2066b2:	00f40223          	sb	a5,4(s0)
                outw(SPIB_REG_MEMACCESS(base), dev->addr_bytes == 4 ? 9 : 1);
  2066b6:	00c44683          	lbu	a3,12(s0)
  2066ba:	4711                	li	a4,4
  2066bc:	00e69363          	bne	a3,a4,2066c2 <platform_init+0x1d4>
  2066c0:	47a5                	li	a5,9
  2066c2:	c8bc                	sw	a5,80(s1)
                if(FLASH_SPI_IGNORE_QE & udc0)
  2066c4:	00095363          	bgez	s2,2066ca <platform_init+0x1dc>
			outw(SPIB_REG_MEMACCESS(base), dev->addr_bytes == 4 ? 9 : 1);
  2066c8:	4501                	li	a0,0
}
  2066ca:	50f2                	lw	ra,60(sp)
  2066cc:	5462                	lw	s0,56(sp)
  2066ce:	54d2                	lw	s1,52(sp)
  2066d0:	5942                	lw	s2,48(sp)
  2066d2:	6121                	add	sp,sp,64
  2066d4:	8082                	ret
		} else if(dev->d_width == 2) {
  2066d6:	4609                	li	a2,2
			outw(SPIB_REG_MEMACCESS(base), dev->addr_bytes == 4 ? 12 : 4);  //set spi read mode as Dual mode
  2066d8:	00c44683          	lbu	a3,12(s0)
		} else if(dev->d_width == 2) {
  2066dc:	00c71663          	bne	a4,a2,2066e8 <platform_init+0x1fa>
			outw(SPIB_REG_MEMACCESS(base), dev->addr_bytes == 4 ? 12 : 4);  //set spi read mode as Dual mode
  2066e0:	fcf693e3          	bne	a3,a5,2066a6 <platform_init+0x1b8>
  2066e4:	47b1                	li	a5,12
  2066e6:	b7c1                	j	2066a6 <platform_init+0x1b8>
			outw(SPIB_REG_MEMACCESS(base), dev->addr_bytes == 4 ? 9 : 1);
  2066e8:	4705                	li	a4,1
  2066ea:	00f69363          	bne	a3,a5,2066f0 <platform_init+0x202>
  2066ee:	4725                	li	a4,9
  2066f0:	c8b8                	sw	a4,80(s1)
  2066f2:	bfd9                	j	2066c8 <platform_init+0x1da>

002066f4 <spib_get_ifset>:
    unsigned int reg = inw(SPIB_REG_IFSET(base));
  2066f4:	4908                	lw	a0,16(a0)
}
  2066f6:	8082                	ret

002066f8 <spib_set_ifset>:
    outw(SPIB_REG_IFSET(base), reg);
  2066f8:	c90c                	sw	a1,16(a0)
}
  2066fa:	8082                	ret

002066fc <spib_get_pio>:
    unsigned int reg = inw(SPIB_REG_PIO(base));
  2066fc:	4948                	lw	a0,20(a0)
}
  2066fe:	8082                	ret

00206700 <spib_set_pio>:
    outw(SPIB_REG_PIO(base), reg);
  206700:	c94c                	sw	a1,20(a0)
}
  206702:	8082                	ret

00206704 <spib_get_ctrl>:
    unsigned int reg = inw(SPIB_REG_CTRL(base));
  206704:	5908                	lw	a0,48(a0)
}
  206706:	8082                	ret

00206708 <spib_set_ctrl>:
    outw(SPIB_REG_CTRL(base), reg);
  206708:	d90c                	sw	a1,48(a0)
}
  20670a:	8082                	ret

0020670c <spib_get_fifost>:
    unsigned int reg = inw(SPIB_REG_FIFOST(base));
  20670c:	5948                	lw	a0,52(a0)
}
  20670e:	8082                	ret

00206710 <spib_get_inten>:
    unsigned int reg = inw(SPIB_REG_INTEN(base));
  206710:	5d08                	lw	a0,56(a0)
}
  206712:	8082                	ret

00206714 <spib_set_inten>:
    outw(SPIB_REG_INTEN(base), reg);
  206714:	dd0c                	sw	a1,56(a0)
}
  206716:	8082                	ret

00206718 <spib_get_intst>:
    unsigned int reg = inw(SPIB_REG_INTST(base));
  206718:	5d48                	lw	a0,60(a0)
}
  20671a:	8082                	ret

0020671c <spib_set_intst>:
    outw(SPIB_REG_INTST(base), reg);
  20671c:	dd4c                	sw	a1,60(a0)
}
  20671e:	8082                	ret

00206720 <spib_get_dctrl>:
    unsigned int reg = inw(SPIB_REG_DCTRL(base));
  206720:	5108                	lw	a0,32(a0)
}
  206722:	8082                	ret

00206724 <spib_set_dctrl>:
    outw(SPIB_REG_DCTRL(base), reg);
  206724:	d10c                	sw	a1,32(a0)
}
  206726:	8082                	ret

00206728 <spib_get_cmd>:
    return inw(SPIB_REG_CMD(base));
  206728:	5148                	lw	a0,36(a0)
}
  20672a:	8082                	ret

0020672c <spib_set_cmd>:
    outw(SPIB_REG_CMD(base), cmd);
  20672c:	d14c                	sw	a1,36(a0)
}
  20672e:	8082                	ret

00206730 <spib_get_addr>:
    return inw(SPIB_REG_ADDR(base));
  206730:	5508                	lw	a0,40(a0)
}
  206732:	8082                	ret

00206734 <spib_set_addr>:
    outw(SPIB_REG_ADDR(base), addr);
  206734:	d50c                	sw	a1,40(a0)
}
  206736:	8082                	ret

00206738 <spib_get_data>:
    return inw(SPIB_REG_DATA(base));
  206738:	5548                	lw	a0,44(a0)
}
  20673a:	8082                	ret

0020673c <spib_set_data>:
    outw(SPIB_REG_DATA(base), data);
  20673c:	d54c                	sw	a1,44(a0)
}
  20673e:	8082                	ret

00206740 <spib_get_regtiming>:
    return inw(SPIB_REG_REGTIMING(base));
  206740:	4128                	lw	a0,64(a0)
}
  206742:	8082                	ret

00206744 <spib_set_regtiming>:
    outw(SPIB_REG_REGTIMING(base), data);
  206744:	c12c                	sw	a1,64(a0)
}
  206746:	8082                	ret

00206748 <spib_prepare_dctrl>:
{
    unsigned int v[8];
    unsigned int i;
    unsigned int dctrl = 0x0;

    v[0] = ((cmden << SPIB_DCTRL_CMDEN_OFFSET) & SPIB_DCTRL_CMDEN_MASK);
  206748:	057a                	sll	a0,a0,0x1e
  20674a:	40000837          	lui	a6,0x40000
{
  20674e:	1101                	add	sp,sp,-32
    v[0] = ((cmden << SPIB_DCTRL_CMDEN_OFFSET) & SPIB_DCTRL_CMDEN_MASK);
  206750:	01057533          	and	a0,a0,a6
  206754:	c02a                	sw	a0,0(sp)
    v[1] = ((addren << SPIB_DCTRL_ADDREN_OFFSET) & SPIB_DCTRL_ADDREN_MASK);
  206756:	05f6                	sll	a1,a1,0x1d
  206758:	20000537          	lui	a0,0x20000
  20675c:	8de9                	and	a1,a1,a0
  20675e:	c22e                	sw	a1,4(sp)
    v[2] = ((tm << SPIB_DCTRL_TRAMODE_OFFSET) & SPIB_DCTRL_TRAMODE_MASK);
  206760:	0662                	sll	a2,a2,0x18
  206762:	0f0005b7          	lui	a1,0xf000
  206766:	8e6d                	and	a2,a2,a1
  206768:	c432                	sw	a2,8(sp)
    v[3] = ((wcnt << SPIB_DCTRL_WCNT_OFFSET) & SPIB_DCTRL_WCNT_MASK);
  20676a:	06b2                	sll	a3,a3,0xc
  20676c:	001ff637          	lui	a2,0x1ff
    v[4] = ((dycnt << SPIB_DCTRL_DYCNT_OFFSET) & SPIB_DCTRL_DYCNT_MASK);
  206770:	0726                	sll	a4,a4,0x9
  206772:	60077713          	and	a4,a4,1536
    v[5] = ((rcnt << SPIB_DCTRL_RCNT_OFFSET) & SPIB_DCTRL_RCNT_MASK);
  206776:	1ff7f793          	and	a5,a5,511
    v[3] = ((wcnt << SPIB_DCTRL_WCNT_OFFSET) & SPIB_DCTRL_WCNT_MASK);
  20677a:	8ef1                	and	a3,a3,a2
    v[4] = ((dycnt << SPIB_DCTRL_DYCNT_OFFSET) & SPIB_DCTRL_DYCNT_MASK);
  20677c:	c83a                	sw	a4,16(sp)
    v[5] = ((rcnt << SPIB_DCTRL_RCNT_OFFSET) & SPIB_DCTRL_RCNT_MASK);
  20677e:	ca3e                	sw	a5,20(sp)
    v[3] = ((wcnt << SPIB_DCTRL_WCNT_OFFSET) & SPIB_DCTRL_WCNT_MASK);
  206780:	c636                	sw	a3,12(sp)

    for(i = 0; i < 6; i++)
  206782:	878a                	mv	a5,sp
  206784:	0838                	add	a4,sp,24
    unsigned int dctrl = 0x0;
  206786:	4501                	li	a0,0
        dctrl |= v[i];
  206788:	4394                	lw	a3,0(a5)
    for(i = 0; i < 6; i++)
  20678a:	0791                	add	a5,a5,4
        dctrl |= v[i];
  20678c:	8d55                	or	a0,a0,a3
    for(i = 0; i < 6; i++)
  20678e:	fee79de3          	bne	a5,a4,206788 <spib_prepare_dctrl+0x40>
    // printf("dctrl = %x\n", dctrl);
    return dctrl;
}
  206792:	6105                	add	sp,sp,32
  206794:	8082                	ret

00206796 <spib_prepare_dctrl2>:
{
    unsigned int v[9];
    unsigned int i;
    unsigned int dctrl = 0x0;

    v[0] = ((cmden << SPIB_DCTRL_CMDEN_OFFSET) & SPIB_DCTRL_CMDEN_MASK);
  206796:	057a                	sll	a0,a0,0x1e
  206798:	40000337          	lui	t1,0x40000
{
  20679c:	7179                	add	sp,sp,-48
    v[0] = ((cmden << SPIB_DCTRL_CMDEN_OFFSET) & SPIB_DCTRL_CMDEN_MASK);
  20679e:	00657533          	and	a0,a0,t1
    v[1] = ((addren << SPIB_DCTRL_ADDREN_OFFSET) & SPIB_DCTRL_ADDREN_MASK);
    v[2] = ((tm << SPIB_DCTRL_TRAMODE_OFFSET) & SPIB_DCTRL_TRAMODE_MASK);
    v[3] = ((wcnt << SPIB_DCTRL_WCNT_OFFSET) & SPIB_DCTRL_WCNT_MASK);
    v[4] = ((dycnt << SPIB_DCTRL_DYCNT_OFFSET) & SPIB_DCTRL_DYCNT_MASK);
    v[5] = ((rcnt << SPIB_DCTRL_RCNT_OFFSET) & SPIB_DCTRL_RCNT_MASK);
  2067a2:	1ff7f793          	and	a5,a5,511
    v[0] = ((cmden << SPIB_DCTRL_CMDEN_OFFSET) & SPIB_DCTRL_CMDEN_MASK);
  2067a6:	c62a                	sw	a0,12(sp)
    v[1] = ((addren << SPIB_DCTRL_ADDREN_OFFSET) & SPIB_DCTRL_ADDREN_MASK);
  2067a8:	05f6                	sll	a1,a1,0x1d
  2067aa:	20000537          	lui	a0,0x20000
  2067ae:	8de9                	and	a1,a1,a0
    v[5] = ((rcnt << SPIB_DCTRL_RCNT_OFFSET) & SPIB_DCTRL_RCNT_MASK);
  2067b0:	d03e                	sw	a5,32(sp)
    v[6] = (addrfmt << SPIB_DCTRL_ADDRFMT_OFFSET) & SPIB_DCTRL_ADDRFMT_MASK;
  2067b2:	0872                	sll	a6,a6,0x1c
  2067b4:	100007b7          	lui	a5,0x10000
  2067b8:	00f87833          	and	a6,a6,a5
    v[1] = ((addren << SPIB_DCTRL_ADDREN_OFFSET) & SPIB_DCTRL_ADDREN_MASK);
  2067bc:	c82e                	sw	a1,16(sp)
    v[7] = (datafmt << SPIB_DCTRL_DATAFMT_OFFSET) & SPIB_DCTRL_DATAFMT_MASK;
  2067be:	00c007b7          	lui	a5,0xc00
    v[2] = ((tm << SPIB_DCTRL_TRAMODE_OFFSET) & SPIB_DCTRL_TRAMODE_MASK);
  2067c2:	0662                	sll	a2,a2,0x18
  2067c4:	0f0005b7          	lui	a1,0xf000
    v[4] = ((dycnt << SPIB_DCTRL_DYCNT_OFFSET) & SPIB_DCTRL_DYCNT_MASK);
  2067c8:	0726                	sll	a4,a4,0x9
    v[7] = (datafmt << SPIB_DCTRL_DATAFMT_OFFSET) & SPIB_DCTRL_DATAFMT_MASK;
  2067ca:	08da                	sll	a7,a7,0x16
    v[2] = ((tm << SPIB_DCTRL_TRAMODE_OFFSET) & SPIB_DCTRL_TRAMODE_MASK);
  2067cc:	8e6d                	and	a2,a2,a1
    v[4] = ((dycnt << SPIB_DCTRL_DYCNT_OFFSET) & SPIB_DCTRL_DYCNT_MASK);
  2067ce:	60077713          	and	a4,a4,1536
    v[7] = (datafmt << SPIB_DCTRL_DATAFMT_OFFSET) & SPIB_DCTRL_DATAFMT_MASK;
  2067d2:	00f8f8b3          	and	a7,a7,a5
    v[8] = (tokenen << SPIB_DCTRL_TOKENEN_OFFSET) & SPIB_DCTRL_TOKENEN_MASK;
  2067d6:	57c2                	lw	a5,48(sp)
    v[2] = ((tm << SPIB_DCTRL_TRAMODE_OFFSET) & SPIB_DCTRL_TRAMODE_MASK);
  2067d8:	ca32                	sw	a2,20(sp)
    v[3] = ((wcnt << SPIB_DCTRL_WCNT_OFFSET) & SPIB_DCTRL_WCNT_MASK);
  2067da:	06b2                	sll	a3,a3,0xc
  2067dc:	001ff637          	lui	a2,0x1ff
    v[4] = ((dycnt << SPIB_DCTRL_DYCNT_OFFSET) & SPIB_DCTRL_DYCNT_MASK);
  2067e0:	ce3a                	sw	a4,28(sp)
    v[8] = (tokenen << SPIB_DCTRL_TOKENEN_OFFSET) & SPIB_DCTRL_TOKENEN_MASK;
  2067e2:	07d6                	sll	a5,a5,0x15
  2067e4:	00200737          	lui	a4,0x200
  2067e8:	8ff9                	and	a5,a5,a4
    v[3] = ((wcnt << SPIB_DCTRL_WCNT_OFFSET) & SPIB_DCTRL_WCNT_MASK);
  2067ea:	8ef1                	and	a3,a3,a2
    v[8] = (tokenen << SPIB_DCTRL_TOKENEN_OFFSET) & SPIB_DCTRL_TOKENEN_MASK;
  2067ec:	d63e                	sw	a5,44(sp)
    v[3] = ((wcnt << SPIB_DCTRL_WCNT_OFFSET) & SPIB_DCTRL_WCNT_MASK);
  2067ee:	cc36                	sw	a3,24(sp)
    v[6] = (addrfmt << SPIB_DCTRL_ADDRFMT_OFFSET) & SPIB_DCTRL_ADDRFMT_MASK;
  2067f0:	d242                	sw	a6,36(sp)
    v[7] = (datafmt << SPIB_DCTRL_DATAFMT_OFFSET) & SPIB_DCTRL_DATAFMT_MASK;
  2067f2:	d446                	sw	a7,40(sp)

    for(i = 0; i < 9; i++)
  2067f4:	007c                	add	a5,sp,12
    unsigned int dctrl = 0x0;
  2067f6:	4501                	li	a0,0
        dctrl |= v[i];
  2067f8:	4398                	lw	a4,0(a5)
  2067fa:	8d59                	or	a0,a0,a4
    for(i = 0; i < 9; i++)
  2067fc:	0791                	add	a5,a5,4 # c00004 <_sp+0x8fe004>
  2067fe:	1818                	add	a4,sp,48
  206800:	fef71ce3          	bne	a4,a5,2067f8 <spib_prepare_dctrl2+0x62>
    // printf("dctrl = %x\n", dctrl);
    return dctrl;
}
  206804:	6145                	add	sp,sp,48
  206806:	8082                	ret

00206808 <spib_get_version>:

_EXT_RAM unsigned int spib_get_version(unsigned long base)
{
    unsigned int reg = inw(SPIB_REG_VER(base));
  206808:	4108                	lw	a0,0(a0)
    return reg;
}
  20680a:	8082                	ret

0020680c <spib_get_busy>:

_EXT_RAM unsigned int spib_get_busy(unsigned long base)
{
    unsigned int reg = inw(SPIB_REG_FIFOST(base));
  20680c:	5948                	lw	a0,52(a0)
    // printf("spib_get_busy ===0x%08x\n", reg);
    return (reg & SPIB_FIFOST_SPIBSY_MASK);
}
  20680e:	8905                	and	a0,a0,1
  206810:	8082                	ret

00206812 <spib_wait_spi>:

_EXT_RAM int spib_wait_spi(unsigned long base)
{
  206812:	3e700793          	li	a5,999
    unsigned int reg = inw(SPIB_REG_FIFOST(base));
  206816:	5958                	lw	a4,52(a0)
    return (reg & SPIB_FIFOST_SPIBSY_MASK);
  206818:	8b05                	and	a4,a4,1
    unsigned int i;
    unsigned int timeout = 1000;

    for(i = 1; i < timeout; i++) {
        if(spib_get_busy(base) == 0)
  20681a:	c709                	beqz	a4,206824 <spib_wait_spi+0x12>
    for(i = 1; i < timeout; i++) {
  20681c:	17fd                	add	a5,a5,-1
  20681e:	ffe5                	bnez	a5,206816 <spib_wait_spi+0x4>
            return 0;
    }
    return -1;
  206820:	557d                	li	a0,-1
  206822:	8082                	ret
            return 0;
  206824:	4501                	li	a0,0
}
  206826:	8082                	ret

00206828 <spib_get_rx_empty>:

_EXT_RAM unsigned int spib_get_rx_empty(unsigned long base)
{
    unsigned int reg = inw(SPIB_REG_FIFOST(base));
  206828:	5948                	lw	a0,52(a0)
    return (reg & SPIB_FIFOST_RXFEM_MASK);
}
  20682a:	6791                	lui	a5,0x4
  20682c:	8d7d                	and	a0,a0,a5
  20682e:	8082                	ret

00206830 <spib_wait_rx_empty>:

_EXT_RAM int spib_wait_rx_empty(unsigned long base)
{
  206830:	3e700793          	li	a5,999
    unsigned int reg = inw(SPIB_REG_FIFOST(base));
  206834:	5958                	lw	a4,52(a0)
	unsigned int i;
	unsigned int timeout = 1000;

	for(i = 1; i < timeout; i++) {
		if(spib_get_rx_empty(base) == 0)
  206836:	01171693          	sll	a3,a4,0x11
  20683a:	0006d663          	bgez	a3,206846 <spib_wait_rx_empty+0x16>
	for(i = 1; i < timeout; i++) {
  20683e:	17fd                	add	a5,a5,-1 # 3fff <__HEAP_SIZE+0x2fff>
  206840:	fbf5                	bnez	a5,206834 <spib_wait_rx_empty+0x4>
			return 0;
	}
	return -1;
  206842:	557d                	li	a0,-1
  206844:	8082                	ret
			return 0;
  206846:	4501                	li	a0,0
}
  206848:	8082                	ret

0020684a <spib_get_rx_entries>:

_EXT_RAM unsigned int spib_get_rx_entries(unsigned long base)
{
    unsigned int reg = inw(SPIB_REG_FIFOST(base));
  20684a:	5948                	lw	a0,52(a0)
    unsigned int RetData;

    RetData = ((reg & SPIB_FIFOST_RXFVE_MASK) >> SPIB_FIFOST_RXFVE_OFFSET);
  20684c:	8121                	srl	a0,a0,0x8
    return (RetData);
}
  20684e:	897d                	and	a0,a0,31
  206850:	8082                	ret

00206852 <spib_clr_fifo>:

_EXT_RAM void spib_clr_fifo(unsigned long base)
{
    unsigned int spib_ctrl = inw(SPIB_REG_CTRL(base));
  206852:	591c                	lw	a5,48(a0)
    spib_ctrl |= (SPIB_CTRL_TXFRST_MASK | SPIB_CTRL_RXFRST_MASK);
  206854:	0067e793          	or	a5,a5,6
    outw(SPIB_REG_CTRL(base), reg);
  206858:	d91c                	sw	a5,48(a0)
    spib_set_ctrl(base, spib_ctrl);
}
  20685a:	8082                	ret

0020685c <spib_exe_cmmd>:
    outw(SPIB_REG_DATA(base), data);
  20685c:	d54c                	sw	a1,44(a0)
    outw(SPIB_REG_DCTRL(base), reg);
  20685e:	d110                	sw	a2,32(a0)
    outw(SPIB_REG_CMD(base), cmd);
  206860:	02052223          	sw	zero,36(a0) # 20000024 <_sp+0x1fcfe024>
    if(guiWithMultiout == 0) {
        spib_set_data(base, op_addr);     /*-- push flash command into tx fifo --*/
        spib_set_dctrl(base, spib_dctrl); /*-- set dctrl --*/
        spib_set_cmd(base, 0x0);          /*-- set dummy command to trigger transation start --*/
    }
}
  206864:	8082                	ret

00206866 <spib_exe_cmmd2>:
    outw(SPIB_REG_DCTRL(base), reg);
  206866:	d114                	sw	a3,32(a0)
    outw(SPIB_REG_ADDR(base), addr);
  206868:	d510                	sw	a2,40(a0)
    outw(SPIB_REG_CMD(base), cmd);
  20686a:	d14c                	sw	a1,36(a0)
{
    /*-- execute command --*/
	spib_set_dctrl(base, spib_dctrl);
	spib_set_addr(base, addr);
	spib_set_cmd(base, op);
}
  20686c:	8082                	ret

0020686e <spib_rx_data>:

_EXT_RAM void spib_rx_data(unsigned long base, unsigned int* pRxdata, int RxBytes)
{
  20686e:	1101                	add	sp,sp,-32
  206870:	cc22                	sw	s0,24(sp)
  206872:	c84a                	sw	s2,16(sp)
  206874:	c64e                	sw	s3,12(sp)
  206876:	ce06                	sw	ra,28(sp)
  206878:	ca26                	sw	s1,20(sp)
  20687a:	842a                	mv	s0,a0
  20687c:	892e                	mv	s2,a1
    return (reg & SPIB_FIFOST_RXFEM_MASK);
  20687e:	6991                	lui	s3,0x4
    unsigned int reg = inw(SPIB_REG_FIFOST(base));
  206880:	5844                	lw	s1,52(s0)
    return (reg & SPIB_FIFOST_SPIBSY_MASK);
  206882:	8885                	and	s1,s1,1
    unsigned int i, RxWords = 0;
    unsigned int* p_dst_buffer = (unsigned int*)pRxdata;

    if(guiWithMultiout == 0) {
        /*-- wait completion --*/
        while(spib_get_busy(base) != 0) {
  206884:	ec81                	bnez	s1,20689c <spib_rx_data+0x2e>
                for(i = 0; i < RxWords; i++) {
                    *p_dst_buffer++ = inw(SPIB_REG_DATA(base));
                }
            }
        }
        RxWords = spib_get_rx_entries(base);
  206886:	8522                	mv	a0,s0
  206888:	37c9                	jal	20684a <spib_get_rx_entries>
        for(i = 0; i < RxWords; i++) {
  20688a:	02a49a63          	bne	s1,a0,2068be <spib_rx_data+0x50>
            *p_dst_buffer++ = inw(SPIB_REG_DATA(base));
        }
    }
}
  20688e:	40f2                	lw	ra,28(sp)
  206890:	4462                	lw	s0,24(sp)
  206892:	44d2                	lw	s1,20(sp)
  206894:	4942                	lw	s2,16(sp)
  206896:	49b2                	lw	s3,12(sp)
  206898:	6105                	add	sp,sp,32
  20689a:	8082                	ret
    unsigned int reg = inw(SPIB_REG_FIFOST(base));
  20689c:	5844                	lw	s1,52(s0)
    return (reg & SPIB_FIFOST_RXFEM_MASK);
  20689e:	0134f4b3          	and	s1,s1,s3
            if(spib_get_rx_empty(base) == 0) {
  2068a2:	fcf9                	bnez	s1,206880 <spib_rx_data+0x12>
                RxWords = spib_get_rx_entries(base);
  2068a4:	8522                	mv	a0,s0
  2068a6:	3755                	jal	20684a <spib_get_rx_entries>
                for(i = 0; i < RxWords; i++) {
  2068a8:	00249793          	sll	a5,s1,0x2
  2068ac:	00a49463          	bne	s1,a0,2068b4 <spib_rx_data+0x46>
  2068b0:	993e                	add	s2,s2,a5
  2068b2:	b7f9                	j	206880 <spib_rx_data+0x12>
                    *p_dst_buffer++ = inw(SPIB_REG_DATA(base));
  2068b4:	5458                	lw	a4,44(s0)
  2068b6:	97ca                	add	a5,a5,s2
  2068b8:	c398                	sw	a4,0(a5)
                for(i = 0; i < RxWords; i++) {
  2068ba:	0485                	add	s1,s1,1
  2068bc:	b7f5                	j	2068a8 <spib_rx_data+0x3a>
            *p_dst_buffer++ = inw(SPIB_REG_DATA(base));
  2068be:	2124c7b3          	sh2add	a5,s1,s2
  2068c2:	5458                	lw	a4,44(s0)
  2068c4:	c398                	sw	a4,0(a5)
        for(i = 0; i < RxWords; i++) {
  2068c6:	0485                	add	s1,s1,1
  2068c8:	b7c9                	j	20688a <spib_rx_data+0x1c>

002068ca <spib_tx_data>:

_EXT_RAM void spib_tx_data(unsigned long base, void* pTxdata, int TxBytes)
{
    unsigned int i, j, data;
    unsigned int TxWords = (TxBytes + 3) / 4;
  2068ca:	060d                	add	a2,a2,3 # 1ff003 <__HEAP_SIZE+0x1fe003>
  2068cc:	4791                	li	a5,4
  2068ce:	02f64633          	div	a2,a2,a5
    unsigned int* p_src_buffer = (unsigned int*)pTxdata;
    unsigned int timeout = 8000;
    unsigned int spib_tx_full;

    if(guiWithMultiout == 0) {
        for(i = 0; i < TxWords; i++) {
  2068d2:	4701                	li	a4,0
  2068d4:	00c71363          	bne	a4,a2,2068da <spib_tx_data+0x10>
            spib_set_data(base, *p_src_buffer);

            p_src_buffer++;
        }
    }
}
  2068d8:	8082                	ret
  2068da:	6789                	lui	a5,0x2
  2068dc:	f4078793          	add	a5,a5,-192 # 1f40 <__HEAP_SIZE+0xf40>
    unsigned int reg = inw(SPIB_REG_FIFOST(base));
  2068e0:	5954                	lw	a3,52(a0)
                if(spib_tx_full == 0) {
  2068e2:	00869813          	sll	a6,a3,0x8
  2068e6:	00085563          	bgez	a6,2068f0 <spib_tx_data+0x26>
            for(j = 0; j < timeout; j++) {
  2068ea:	17fd                	add	a5,a5,-1
  2068ec:	fbf5                	bnez	a5,2068e0 <spib_tx_data+0x16>
  2068ee:	8082                	ret
            spib_set_data(base, *p_src_buffer);
  2068f0:	20b747b3          	sh2add	a5,a4,a1
  2068f4:	439c                	lw	a5,0(a5)
    outw(SPIB_REG_DATA(base), data);
  2068f6:	d55c                	sw	a5,44(a0)
        for(i = 0; i < TxWords; i++) {
  2068f8:	0705                	add	a4,a4,1 # 200001 <vector_base+0x1>
  2068fa:	bfe9                	j	2068d4 <spib_tx_data+0xa>

002068fc <flash_init>:
static int mxic_wr_rdy(FLASH_DEV *dev);
static int mxic_id_rems(FLASH_DEV *dev, unsigned short *id_rems);

// udx: user defined
_EXT_RAM int flash_init(FLASH_DEV *dev, unsigned char ud0, unsigned char ud1)
{
  2068fc:	1101                	add	sp,sp,-32
  2068fe:	cc22                	sw	s0,24(sp)
  206900:	ca26                	sw	s1,20(sp)
  206902:	c84a                	sw	s2,16(sp)
	int ret;

	dev->w_protect = true;
  206904:	4785                	li	a5,1
{
  206906:	ce06                	sw	ra,28(sp)
	dev->w_protect = true;
  206908:	00f503a3          	sb	a5,7(a0)
	if(dev->timeout == 0) {
  20690c:	451c                	lw	a5,8(a0)
{
  20690e:	842a                	mv	s0,a0
  206910:	84ae                	mv	s1,a1
  206912:	8932                	mv	s2,a2
	if(dev->timeout == 0) {
  206914:	e791                	bnez	a5,206920 <flash_init+0x24>
		dev->timeout = FLASH_RETRY_TIMES;
  206916:	001b77b7          	lui	a5,0x1b7
  20691a:	74078793          	add	a5,a5,1856 # 1b7740 <__HEAP_SIZE+0x1b6740>
  20691e:	c51c                	sw	a5,8(a0)
	}
	if(RUN_WITHOUT_INT == dev->run_mod) {
  206920:	00644783          	lbu	a5,6(s0)
  206924:	e781                	bnez	a5,20692c <flash_init+0x30>
		if(dev->interrupt_disable != NULL) {
  206926:	485c                	lw	a5,20(s0)
  206928:	c391                	beqz	a5,20692c <flash_init+0x30>
			dev->interrupt_disable();
  20692a:	9782                	jalr	a5
		}
	}

	if(dev->dualflash_mode != 0)
  20692c:	00e44783          	lbu	a5,14(s0)
  206930:	c791                	beqz	a5,20693c <flash_init+0x40>
        outw(0x47600058, 0xffff0009);
  206932:	77c1                	lui	a5,0xffff0
  206934:	47600737          	lui	a4,0x47600
  206938:	07a5                	add	a5,a5,9 # ffff0009 <_end+0xdff48a15>
  20693a:	cf3c                	sw	a5,88(a4)
		flash_dualflash_enable_excl(0);

	ret = platform_init(dev, ud0, ud1);
  20693c:	864a                	mv	a2,s2
  20693e:	85a6                	mv	a1,s1
  206940:	8522                	mv	a0,s0
  206942:	badff0ef          	jal	2064ee <platform_init>

	if(dev->dualflash_mode != 0 && ret == 0) {
  206946:	00e44783          	lbu	a5,14(s0)
  20694a:	cb9d                	beqz	a5,206980 <flash_init+0x84>
  20694c:	e915                	bnez	a0,206980 <flash_init+0x84>
        outw(0x47600058, 0xffff0006);
  20694e:	77c1                	lui	a5,0xffff0
  206950:	0799                	add	a5,a5,6 # ffff0006 <_end+0xdff48a12>
  206952:	47600737          	lui	a4,0x47600
  206956:	cf3c                	sw	a5,88(a4)
		flash_dualflash_enable_excl(1);
		if(0 != platform_init(dev, ud0, ud1)) {
  206958:	864a                	mv	a2,s2
  20695a:	85a6                	mv	a1,s1
  20695c:	8522                	mv	a0,s0
  20695e:	b91ff0ef          	jal	2064ee <platform_init>
  206962:	4785                	li	a5,1
  206964:	c901                	beqz	a0,206974 <flash_init+0x78>
			if(dev->dualflash_mode == 0xAD) {
  206966:	00e44503          	lbu	a0,14(s0)
  20696a:	f5350513          	add	a0,a0,-173
  20696e:	00153513          	seqz	a0,a0
				// if auto detect mode, set (1 << 0) to indicate the 2nd flash is not supported
				ret |= (1 << 0);
			}

			dev->dualflash_mode = 0; // disable dual flash mode
  206972:	4781                	li	a5,0
  206974:	00f40723          	sb	a5,14(s0)
    outw(0x47600058, 0xffff0000);
  206978:	7741                	lui	a4,0xffff0
  20697a:	476007b7          	lui	a5,0x47600
  20697e:	cfb8                	sw	a4,88(a5)
			dev->dualflash_mode = 1; // enable dual flash mode
		}
		flash_dualflash_enable_both();
	}

	if(RUN_WITHOUT_INT == dev->run_mod) {
  206980:	00644783          	lbu	a5,6(s0)
  206984:	e791                	bnez	a5,206990 <flash_init+0x94>
		if(dev->interrupt_enable != NULL) {
  206986:	481c                	lw	a5,16(s0)
  206988:	c781                	beqz	a5,206990 <flash_init+0x94>
  20698a:	c62a                	sw	a0,12(sp)
			dev->interrupt_enable();
  20698c:	9782                	jalr	a5
  20698e:	4532                	lw	a0,12(sp)
		}
	}

	return ret;
}
  206990:	40f2                	lw	ra,28(sp)
  206992:	4462                	lw	s0,24(sp)
  206994:	44d2                	lw	s1,20(sp)
  206996:	4942                	lw	s2,16(sp)
  206998:	6105                	add	sp,sp,32
  20699a:	8082                	ret

0020699c <flash_write_protection_set>:

_EXT_RAM int flash_write_protection_set(FLASH_DEV *dev, bool enable)
{
	int ret = -1;

	if(dev) {
  20699c:	c509                	beqz	a0,2069a6 <flash_write_protection_set+0xa>
		((FLASH_DEV *)dev)->w_protect = enable;
  20699e:	00b503a3          	sb	a1,7(a0)
				ret = 0;
  2069a2:	4501                	li	a0,0
  2069a4:	8082                	ret
	int ret = -1;
  2069a6:	557d                	li	a0,-1
	}
	return ret;
}
  2069a8:	8082                	ret

002069aa <flash_get_write_block_size>:

_EXT_RAM size_t flash_get_write_block_size(FLASH_DEV *dev)
{
	return -1;
}
  2069aa:	557d                	li	a0,-1
  2069ac:	8082                	ret

002069ae <flash_get_page_info_by_offs>:

_EXT_RAM int flash_get_page_info_by_offs(FLASH_DEV *dev, off_t offset, struct flash_pages_info *info)
{
	info->index = offset / SPIROM_SECTOR_SIZE;
  2069ae:	6785                	lui	a5,0x1
  2069b0:	02f5c733          	div	a4,a1,a5
	info->size = SPIROM_SECTOR_SIZE;
	info->start_offset = offset & (~(SPIROM_SECTOR_SIZE - 1));
  2069b4:	8005f593          	and	a1,a1,-2048
  2069b8:	48b59593          	bclr	a1,a1,0xb
	info->size = SPIROM_SECTOR_SIZE;
  2069bc:	c25c                	sw	a5,4(a2)
	info->start_offset = offset & (~(SPIROM_SECTOR_SIZE - 1));
  2069be:	c20c                	sw	a1,0(a2)
	return 0;
}
  2069c0:	4501                	li	a0,0
	info->index = offset / SPIROM_SECTOR_SIZE;
  2069c2:	c618                	sw	a4,8(a2)
}
  2069c4:	8082                	ret

002069c6 <spirom_prepare_cmd>:
}

_EXT_RAM unsigned int spirom_prepare_cmd(unsigned int cmd, unsigned int addr)
{
    unsigned int b0 = (cmd & 0xff);
    unsigned int b1 = (((addr >> 16) & 0xff) << 8);
  2069c6:	0105d793          	srl	a5,a1,0x10
    unsigned int b2 = (((addr >> 8) & 0xff) << 16);
    unsigned int b3 = ((addr & 0xff) << 24);
  2069ca:	01859713          	sll	a4,a1,0x18
    unsigned int b1 = (((addr >> 16) & 0xff) << 8);
  2069ce:	07a2                	sll	a5,a5,0x8
    unsigned int b0 = (cmd & 0xff);
  2069d0:	0ff57513          	zext.b	a0,a0
    unsigned int b1 = (((addr >> 16) & 0xff) << 8);
  2069d4:	0807c7b3          	zext.h	a5,a5
    unsigned int word = (b0 | b1 | b2 | b3);
  2069d8:	8d59                	or	a0,a0,a4
  2069da:	8d5d                	or	a0,a0,a5
    unsigned int b2 = (((addr >> 8) & 0xff) << 16);
  2069dc:	05a2                	sll	a1,a1,0x8
  2069de:	00ff07b7          	lui	a5,0xff0
  2069e2:	8dfd                	and	a1,a1,a5
    return word;
}
  2069e4:	8d4d                	or	a0,a0,a1
  2069e6:	8082                	ret

002069e8 <spirom_cmd_send>:

_EXT_RAM int
spirom_cmd_send(FLASH_DEV *dev, unsigned int cmd, unsigned int addr, unsigned int bytes, unsigned int* pdata, unsigned int* Retdata)
{
  2069e8:	715d                	add	sp,sp,-80
  2069ea:	c4a2                	sw	s0,72(sp)
    unsigned int spib_dctrl;
    unsigned int op_addr, op;
    unsigned int data = 0;
    unsigned int spib_busy = 0;
    unsigned long spib_rx_empty = 0, base = dev->base_addr;
  2069ec:	4100                	lw	s0,0(a0)
{
  2069ee:	d85a                	sw	s6,48(sp)
  2069f0:	8b2a                	mv	s6,a0
    /*-- wait if there is active transaction --*/
    spib_busy = spib_wait_spi(base);
  2069f2:	8522                	mv	a0,s0
{
  2069f4:	c2a6                	sw	s1,68(sp)
  2069f6:	c0ca                	sw	s2,64(sp)
  2069f8:	de4e                	sw	s3,60(sp)
  2069fa:	dc52                	sw	s4,56(sp)
  2069fc:	da56                	sw	s5,52(sp)
  2069fe:	c686                	sw	ra,76(sp)
  206a00:	d65e                	sw	s7,44(sp)
  206a02:	84ae                	mv	s1,a1
  206a04:	8932                	mv	s2,a2
  206a06:	8a36                	mv	s4,a3
  206a08:	8aba                	mv	s5,a4
  206a0a:	89be                	mv	s3,a5
    spib_busy = spib_wait_spi(base);
  206a0c:	e07ff0ef          	jal	206812 <spib_wait_spi>
    if(spib_busy != 0) {
  206a10:	e549                	bnez	a0,206a9a <spirom_cmd_send+0xb2>
        return -1;
    }
    /*-- clear tx/rx fifo --*/
    spib_clr_fifo(base);
  206a12:	8522                	mv	a0,s0
  206a14:	e3fff0ef          	jal	206852 <spib_clr_fifo>

    /*-- prepare opcode and address --*/
    switch(cmd) {
  206a18:	47c1                	li	a5,16
  206a1a:	24f48c63          	beq	s1,a5,206c72 <spirom_cmd_send+0x28a>
  206a1e:	0a97e063          	bltu	a5,s1,206abe <spirom_cmd_send+0xd6>
  206a22:	4b99                	li	s7,6
  206a24:	29748463          	beq	s1,s7,206cac <spirom_cmd_send+0x2c4>
  206a28:	029bed63          	bltu	s7,s1,206a62 <spirom_cmd_send+0x7a>
  206a2c:	460d                	li	a2,3
  206a2e:	1ec48b63          	beq	s1,a2,206c24 <spirom_cmd_send+0x23c>
  206a32:	00966a63          	bltu	a2,s1,206a46 <spirom_cmd_send+0x5e>
  206a36:	4785                	li	a5,1
  206a38:	2cf48663          	beq	s1,a5,206d04 <spirom_cmd_send+0x31c>
  206a3c:	4789                	li	a5,2
  206a3e:	14f49163          	bne	s1,a5,206b80 <spirom_cmd_send+0x198>
    	break;
    case SPIROM_CMD_RDST:
	case SPIROM_CMD_RDST2:
	case SPIROM_CMD_RDST3:
		if(cmd == SPIROM_CMD_RDST) {
			op_addr = SPIROM_OP_RDSR;
  206a42:	4495                	li	s1,5
  206a44:	a04d                	j	206ae6 <spirom_cmd_send+0xfe>
    switch(cmd) {
  206a46:	4791                	li	a5,4
  206a48:	1ef49c63          	bne	s1,a5,206c40 <spirom_cmd_send+0x258>
		spib_dctrl = spib_prepare_dctrl(0x0, 0x0, SPIB_TM_WRonly, 0, 0, 0);
  206a4c:	4781                	li	a5,0
  206a4e:	4701                	li	a4,0
  206a50:	4681                	li	a3,0
		spib_dctrl = spib_prepare_dctrl(0x0, 0x0, SPIB_TM_WRonly, 3, 0, 0);
  206a52:	4605                	li	a2,1
  206a54:	4581                	li	a1,0
  206a56:	4501                	li	a0,0
  206a58:	cf1ff0ef          	jal	206748 <spib_prepare_dctrl>
  206a5c:	862a                	mv	a2,a0
		spib_exe_cmmd(base, op_addr, spib_dctrl);
  206a5e:	85a6                	mv	a1,s1
  206a60:	aae1                	j	206c38 <spirom_cmd_send+0x250>
    switch(cmd) {
  206a62:	47a9                	li	a5,10
  206a64:	2ef48163          	beq	s1,a5,206d46 <spirom_cmd_send+0x35e>
  206a68:	0297e163          	bltu	a5,s1,206a8a <spirom_cmd_send+0xa2>
  206a6c:	47a1                	li	a5,8
  206a6e:	2cf48863          	beq	s1,a5,206d3e <spirom_cmd_send+0x356>
  206a72:	47a5                	li	a5,9
  206a74:	2cf49163          	bne	s1,a5,206d36 <spirom_cmd_send+0x34e>
		// spib_dctrl = spib_prepare_dctrl (0x0, 0x0, SPIB_TM_WRonly, 0, 0, 0);
		spib_dctrl = spib_prepare_dctrl(0x0, 0x0, SPIB_TM_WRonly, 3, 0, 0);
		spib_exe_cmmd(base, op_addr, spib_dctrl);
		break;
    case SPIROM_CMD_RDBLOCK:
    	op_addr = spirom_prepare_cmd(SPIROM_OP_RDBLOCK, addr);
  206a78:	85ca                	mv	a1,s2
  206a7a:	03c00513          	li	a0,60
  206a7e:	37a1                	jal	2069c6 <spirom_prepare_cmd>
  206a80:	84aa                	mv	s1,a0
		spib_dctrl = spib_prepare_dctrl(0x0, 0x0, SPIB_TM_WR_RD, 3, 0, 0);
  206a82:	4781                	li	a5,0
  206a84:	4701                	li	a4,0
  206a86:	468d                	li	a3,3
  206a88:	a095                	j	206aec <spirom_cmd_send+0x104>
    switch(cmd) {
  206a8a:	47b5                	li	a5,13
  206a8c:	30f48463          	beq	s1,a5,206d94 <spirom_cmd_send+0x3ac>
  206a90:	0297e163          	bltu	a5,s1,206ab2 <spirom_cmd_send+0xca>
  206a94:	47b1                	li	a5,12
  206a96:	2cf48463          	beq	s1,a5,206d5e <spirom_cmd_send+0x376>
    unsigned int data = 0;
  206a9a:	557d                	li	a0,-1
    if(spib_busy || spib_rx_empty) {
    	return -1;
    }
    *Retdata = data;
    return 0;
}
  206a9c:	40b6                	lw	ra,76(sp)
  206a9e:	4426                	lw	s0,72(sp)
  206aa0:	4496                	lw	s1,68(sp)
  206aa2:	4906                	lw	s2,64(sp)
  206aa4:	59f2                	lw	s3,60(sp)
  206aa6:	5a62                	lw	s4,56(sp)
  206aa8:	5ad2                	lw	s5,52(sp)
  206aaa:	5b42                	lw	s6,48(sp)
  206aac:	5bb2                	lw	s7,44(sp)
  206aae:	6161                	add	sp,sp,80
  206ab0:	8082                	ret
    switch(cmd) {
  206ab2:	47b9                	li	a5,14
  206ab4:	2cf49163          	bne	s1,a5,206d76 <spirom_cmd_send+0x38e>
			op_addr = SPIROM_OP_RDSR2;
  206ab8:	03500493          	li	s1,53
  206abc:	a02d                	j	206ae6 <spirom_cmd_send+0xfe>
    switch(cmd) {
  206abe:	47e1                	li	a5,24
  206ac0:	32f48463          	beq	s1,a5,206de8 <spirom_cmd_send+0x400>
  206ac4:	0697e063          	bltu	a5,s1,206b24 <spirom_cmd_send+0x13c>
  206ac8:	47d5                	li	a5,21
  206aca:	2cf48d63          	beq	s1,a5,206da4 <spirom_cmd_send+0x3bc>
  206ace:	0297e763          	bltu	a5,s1,206afc <spirom_cmd_send+0x114>
  206ad2:	47cd                	li	a5,19
  206ad4:	2cf48463          	beq	s1,a5,206d9c <spirom_cmd_send+0x3b4>
  206ad8:	47d1                	li	a5,20
  206ada:	1cf48063          	beq	s1,a5,206c9a <spirom_cmd_send+0x2b2>
  206ade:	47c5                	li	a5,17
  206ae0:	1af48363          	beq	s1,a5,206c86 <spirom_cmd_send+0x29e>
			op_addr = SPIROM_OP_RDSR3;
  206ae4:	44d5                	li	s1,21
		spib_dctrl = spib_prepare_dctrl(0x0, 0x0, SPIB_TM_WR_RD, 0, 0, 0);
  206ae6:	4781                	li	a5,0
  206ae8:	4701                	li	a4,0
  206aea:	4681                	li	a3,0
  206aec:	460d                	li	a2,3
  206aee:	4581                	li	a1,0
  206af0:	4501                	li	a0,0
  206af2:	c57ff0ef          	jal	206748 <spib_prepare_dctrl>
  206af6:	862a                	mv	a2,a0
		spib_exe_cmmd(base, op_addr, spib_dctrl);
  206af8:	85a6                	mv	a1,s1
  206afa:	ac39                	j	206d18 <spirom_cmd_send+0x330>
    switch(cmd) {
  206afc:	4759                	li	a4,22
  206afe:	fffa0793          	add	a5,s4,-1
  206b02:	2ce49463          	bne	s1,a4,206dca <spirom_cmd_send+0x3e2>
		spib_dctrl = spib_prepare_dctrl2(0x1, 0x1, SPIB_TM_DY_RD, 0, 0, bytes - 1, 0, 0, 0);
  206b06:	4585                	li	a1,1
  206b08:	4681                	li	a3,0
  206b0a:	4625                	li	a2,9
  206b0c:	852e                	mv	a0,a1
  206b0e:	c002                	sw	zero,0(sp)
  206b10:	4881                	li	a7,0
  206b12:	4801                	li	a6,0
  206b14:	4701                	li	a4,0
  206b16:	c81ff0ef          	jal	206796 <spib_prepare_dctrl2>
  206b1a:	86aa                	mv	a3,a0
		spib_exe_cmmd2(base, op_addr, addr, spib_dctrl);
  206b1c:	864a                	mv	a2,s2
  206b1e:	05a00593          	li	a1,90
  206b22:	a849                	j	206bb4 <spirom_cmd_send+0x1cc>
    switch(cmd) {
  206b24:	47f1                	li	a5,28
  206b26:	32f48363          	beq	s1,a5,206e4c <spirom_cmd_send+0x464>
  206b2a:	0297e463          	bltu	a5,s1,206b52 <spirom_cmd_send+0x16a>
  206b2e:	47e9                	li	a5,26
  206b30:	2ef48d63          	beq	s1,a5,206e2a <spirom_cmd_send+0x442>
  206b34:	47ed                	li	a5,27
  206b36:	2cf49a63          	bne	s1,a5,206e0a <spirom_cmd_send+0x422>
    	spib_dctrl = spib_prepare_dctrl(0x0, 0x0, SPIB_TM_WRonly, 0, 0, 0);
  206b3a:	4605                	li	a2,1
  206b3c:	4581                	li	a1,0
  206b3e:	4781                	li	a5,0
  206b40:	4701                	li	a4,0
  206b42:	4681                	li	a3,0
  206b44:	4501                	li	a0,0
  206b46:	c03ff0ef          	jal	206748 <spib_prepare_dctrl>
  206b4a:	862a                	mv	a2,a0
    	spib_exe_cmmd(base, op, spib_dctrl);
  206b4c:	0b900593          	li	a1,185
  206b50:	a0e5                	j	206c38 <spirom_cmd_send+0x250>
    switch(cmd) {
  206b52:	47f5                	li	a5,29
  206b54:	30f48863          	beq	s1,a5,206e64 <spirom_cmd_send+0x47c>
  206b58:	47f9                	li	a5,30
  206b5a:	f4f490e3          	bne	s1,a5,206a9a <spirom_cmd_send+0xb2>
        spib_dctrl = spib_prepare_dctrl2(0x1, 0x1, SPIB_TM_RDonly, 0, 0, bytes - 1, 0, 0, 0);
  206b5e:	4585                	li	a1,1
  206b60:	4681                	li	a3,0
  206b62:	4609                	li	a2,2
  206b64:	852e                	mv	a0,a1
  206b66:	c002                	sw	zero,0(sp)
  206b68:	4881                	li	a7,0
  206b6a:	4801                	li	a6,0
  206b6c:	fffa0793          	add	a5,s4,-1
  206b70:	4701                	li	a4,0
  206b72:	c25ff0ef          	jal	206796 <spib_prepare_dctrl2>
  206b76:	86aa                	mv	a3,a0
        spib_exe_cmmd2(base, op, addr, spib_dctrl);
  206b78:	864a                	mv	a2,s2
  206b7a:	09000593          	li	a1,144
  206b7e:	a81d                	j	206bb4 <spirom_cmd_send+0x1cc>
    	if(dev->d_width == 4) {
  206b80:	004b4703          	lbu	a4,4(s6) # 1004 <__HEAP_SIZE+0x4>
  206b84:	4691                	li	a3,4
			spib_dctrl = spib_prepare_dctrl2(0x1, 0x1, SPIB_TM_DY_RD, 0, 1, bytes - 1, 1, 2, 1);
  206b86:	fffa0793          	add	a5,s4,-1
    	if(dev->d_width == 4) {
  206b8a:	04d71863          	bne	a4,a3,206bda <spirom_cmd_send+0x1f2>
			spib_dctrl = spib_prepare_dctrl2(0x1, 0x1, SPIB_TM_DY_RD, 0, 1, bytes - 1, 1, 2, 1);
  206b8e:	4805                	li	a6,1
  206b90:	85c2                	mv	a1,a6
  206b92:	c042                	sw	a6,0(sp)
  206b94:	4889                	li	a7,2
  206b96:	8742                	mv	a4,a6
  206b98:	4681                	li	a3,0
  206b9a:	4625                	li	a2,9
  206b9c:	8542                	mv	a0,a6
  206b9e:	bf9ff0ef          	jal	206796 <spib_prepare_dctrl2>
			op = dev->addr_bytes == 4 ? SPIROM_OP_QFAST_READA4 : SPIROM_OP_QFAST_READ;
  206ba2:	00cb4583          	lbu	a1,12(s6)
  206ba6:	15f1                	add	a1,a1,-4 # efffffc <_sp+0xecfdffc>
  206ba8:	0015b593          	seqz	a1,a1
  206bac:	0eb58593          	add	a1,a1,235
    	spib_exe_cmmd2(base, op, addr, spib_dctrl);
  206bb0:	86aa                	mv	a3,a0
  206bb2:	864a                	mv	a2,s2
  206bb4:	8522                	mv	a0,s0
  206bb6:	cb1ff0ef          	jal	206866 <spib_exe_cmmd2>
		spib_rx_data(base, pdata, bytes);
  206bba:	8652                	mv	a2,s4
  206bbc:	85d6                	mv	a1,s5
  206bbe:	8522                	mv	a0,s0
  206bc0:	cafff0ef          	jal	20686e <spib_rx_data>
    unsigned long spib_rx_empty = 0, base = dev->base_addr;
  206bc4:	4481                	li	s1,0
    unsigned int data = 0;
  206bc6:	4901                	li	s2,0
	spib_busy = spib_wait_spi(base);
  206bc8:	8522                	mv	a0,s0
  206bca:	c49ff0ef          	jal	206812 <spib_wait_spi>
    if(spib_busy || spib_rx_empty) {
  206bce:	8d45                	or	a0,a0,s1
  206bd0:	ec0515e3          	bnez	a0,206a9a <spirom_cmd_send+0xb2>
    *Retdata = data;
  206bd4:	0129a023          	sw	s2,0(s3) # 4000 <__HEAP_SIZE+0x3000>
    return 0;
  206bd8:	b5d1                	j	206a9c <spirom_cmd_send+0xb4>
    	} else if(dev->d_width == 2) {
  206bda:	4689                	li	a3,2
    		spib_dctrl = spib_prepare_dctrl2(0x1, 0x1, SPIB_TM_DY_RD, 0, 0, bytes - 1, 1, 1, 0);
  206bdc:	c002                	sw	zero,0(sp)
    	} else if(dev->d_width == 2) {
  206bde:	02d71363          	bne	a4,a3,206c04 <spirom_cmd_send+0x21c>
    		spib_dctrl = spib_prepare_dctrl2(0x1, 0x1, SPIB_TM_DY_RD, 0, 0, bytes - 1, 1, 1, 0);
  206be2:	4885                	li	a7,1
  206be4:	85c6                	mv	a1,a7
  206be6:	8846                	mv	a6,a7
  206be8:	4701                	li	a4,0
  206bea:	4681                	li	a3,0
  206bec:	4625                	li	a2,9
  206bee:	8546                	mv	a0,a7
  206bf0:	ba7ff0ef          	jal	206796 <spib_prepare_dctrl2>
    		op = dev->addr_bytes == 4 ? SPIROM_OP_DFAST_READA4 : SPIROM_OP_DFAST_READ;
  206bf4:	00cb4583          	lbu	a1,12(s6)
  206bf8:	15f1                	add	a1,a1,-4
  206bfa:	0015b593          	seqz	a1,a1
  206bfe:	0bb58593          	add	a1,a1,187
  206c02:	b77d                	j	206bb0 <spirom_cmd_send+0x1c8>
    		spib_dctrl = spib_prepare_dctrl2(0x1, 0x1, SPIB_TM_DY_RD, 0, 0, bytes - 1, 0, 0, 0);
  206c04:	4585                	li	a1,1
  206c06:	852e                	mv	a0,a1
  206c08:	4881                	li	a7,0
  206c0a:	4801                	li	a6,0
  206c0c:	4701                	li	a4,0
  206c0e:	4681                	li	a3,0
  206c10:	4625                	li	a2,9
  206c12:	b85ff0ef          	jal	206796 <spib_prepare_dctrl2>
    		op = dev->addr_bytes == 4 ? SPIROM_OP_FAST_READA4 : SPIROM_OP_FAST_READ;
  206c16:	00cb4583          	lbu	a1,12(s6)
  206c1a:	15f1                	add	a1,a1,-4
  206c1c:	0015b593          	seqz	a1,a1
  206c20:	05ad                	add	a1,a1,11
  206c22:	b779                	j	206bb0 <spirom_cmd_send+0x1c8>
		spib_dctrl = spib_prepare_dctrl(0x0, 0x0, SPIB_TM_WRonly, 0, 0, 0);
  206c24:	4605                	li	a2,1
  206c26:	4581                	li	a1,0
  206c28:	4781                	li	a5,0
  206c2a:	4701                	li	a4,0
  206c2c:	4681                	li	a3,0
  206c2e:	4501                	li	a0,0
  206c30:	b19ff0ef          	jal	206748 <spib_prepare_dctrl>
  206c34:	862a                	mv	a2,a0
		spib_exe_cmmd(base, op_addr, spib_dctrl);
  206c36:	85de                	mv	a1,s7
  206c38:	8522                	mv	a0,s0
  206c3a:	c23ff0ef          	jal	20685c <spib_exe_cmmd>
  206c3e:	b759                	j	206bc4 <spirom_cmd_send+0x1dc>
    	op = dev->addr_bytes == 4 ? SPIROM_OP_SEA4 : SPIROM_OP_SE;
  206c40:	00cb4483          	lbu	s1,12(s6)
  206c44:	14f1                	add	s1,s1,-4
  206c46:	0014b493          	seqz	s1,s1
  206c4a:	02048493          	add	s1,s1,32
		spib_dctrl = spib_prepare_dctrl2(0x1, 0x1, SPIB_TM_NONE, 0, 0, 0, 0, 0, 0);
  206c4e:	4585                	li	a1,1
  206c50:	4681                	li	a3,0
  206c52:	461d                	li	a2,7
  206c54:	852e                	mv	a0,a1
  206c56:	c002                	sw	zero,0(sp)
  206c58:	4881                	li	a7,0
  206c5a:	4801                	li	a6,0
  206c5c:	4781                	li	a5,0
  206c5e:	4701                	li	a4,0
  206c60:	b37ff0ef          	jal	206796 <spib_prepare_dctrl2>
  206c64:	86aa                	mv	a3,a0
		spib_exe_cmmd2(base, op, addr, spib_dctrl);
  206c66:	864a                	mv	a2,s2
  206c68:	85a6                	mv	a1,s1
		spib_exe_cmmd2(base, op, addr, spib_dctrl);
  206c6a:	8522                	mv	a0,s0
  206c6c:	bfbff0ef          	jal	206866 <spib_exe_cmmd2>
    	break;
  206c70:	bf91                	j	206bc4 <spirom_cmd_send+0x1dc>
    	op = dev->addr_bytes == 4 ? SPIROM_OP_BEA4 : SPIROM_OP_BE;
  206c72:	00cb4703          	lbu	a4,12(s6)
  206c76:	4791                	li	a5,4
  206c78:	05200493          	li	s1,82
  206c7c:	fcf719e3          	bne	a4,a5,206c4e <spirom_cmd_send+0x266>
  206c80:	05c00493          	li	s1,92
		spib_dctrl = spib_prepare_dctrl2(0x1, 0x1, SPIB_TM_NONE, 0, 0, 0, 0, 0, 0);
  206c84:	b7e9                	j	206c4e <spirom_cmd_send+0x266>
    	op = dev->addr_bytes == 4 ? SPIROM_OP_BE2A4 : SPIROM_OP_BE2;
  206c86:	00cb4703          	lbu	a4,12(s6)
  206c8a:	4791                	li	a5,4
  206c8c:	0d800493          	li	s1,216
  206c90:	faf71fe3          	bne	a4,a5,206c4e <spirom_cmd_send+0x266>
  206c94:	0dc00493          	li	s1,220
  206c98:	bf5d                	j	206c4e <spirom_cmd_send+0x266>
    	op_addr = spirom_prepare_cmd(SPIROM_OP_PE, addr);
  206c9a:	85ca                	mv	a1,s2
  206c9c:	08100513          	li	a0,129
  206ca0:	331d                	jal	2069c6 <spirom_prepare_cmd>
  206ca2:	84aa                	mv	s1,a0
		spib_dctrl = spib_prepare_dctrl(0x0, 0x0, SPIB_TM_WRonly, 3, 0, 0);
  206ca4:	4781                	li	a5,0
  206ca6:	4701                	li	a4,0
  206ca8:	468d                	li	a3,3
  206caa:	b365                	j	206a52 <spirom_cmd_send+0x6a>
    	if(dev->d_width == 4) {
  206cac:	004b4603          	lbu	a2,4(s6)
  206cb0:	4791                	li	a5,4
    	op = dev->addr_bytes == 4 ? SPIROM_OP_SEA4 : SPIROM_OP_SE;
  206cb2:	00cb4703          	lbu	a4,12(s6)
  206cb6:	fffa0693          	add	a3,s4,-1
    	if(dev->d_width == 4) {
  206cba:	02f61e63          	bne	a2,a5,206cf6 <spirom_cmd_send+0x30e>
    		op = dev->addr_bytes == 4 ? SPIROM_OP_QPPA4 : SPIROM_OP_QPP;
  206cbe:	03200493          	li	s1,50
  206cc2:	00c71463          	bne	a4,a2,206cca <spirom_cmd_send+0x2e2>
  206cc6:	03400493          	li	s1,52
    		spib_dctrl = spib_prepare_dctrl2(0x1, 0x1, SPIB_TM_WRonly, bytes - 1, 0, 0, 0, 2, 0);
  206cca:	c002                	sw	zero,0(sp)
  206ccc:	4889                	li	a7,2
    		spib_dctrl = spib_prepare_dctrl2(0x1, 0x1, SPIB_TM_WRonly, bytes - 1, 0, 0, 0, 0, 0);
  206cce:	4605                	li	a2,1
  206cd0:	85b2                	mv	a1,a2
  206cd2:	8532                	mv	a0,a2
  206cd4:	4801                	li	a6,0
  206cd6:	4781                	li	a5,0
  206cd8:	4701                	li	a4,0
  206cda:	abdff0ef          	jal	206796 <spib_prepare_dctrl2>
  206cde:	86aa                	mv	a3,a0
    	spib_exe_cmmd2(base, op, addr, spib_dctrl);
  206ce0:	864a                	mv	a2,s2
  206ce2:	85a6                	mv	a1,s1
    	spib_exe_cmmd2(base, op, addr, spib_dctrl);
  206ce4:	8522                	mv	a0,s0
  206ce6:	b81ff0ef          	jal	206866 <spib_exe_cmmd2>
		spib_tx_data(base, pdata, bytes);
  206cea:	8652                	mv	a2,s4
  206cec:	85d6                	mv	a1,s5
  206cee:	8522                	mv	a0,s0
  206cf0:	bdbff0ef          	jal	2068ca <spib_tx_data>
    	break;
  206cf4:	bdc1                	j	206bc4 <spirom_cmd_send+0x1dc>
    		op = dev->addr_bytes == 4 ? SPIROM_OP_PPA4 : SPIROM_OP_PP;
  206cf6:	4489                	li	s1,2
  206cf8:	00f71363          	bne	a4,a5,206cfe <spirom_cmd_send+0x316>
  206cfc:	44c9                	li	s1,18
    		spib_dctrl = spib_prepare_dctrl2(0x1, 0x1, SPIB_TM_WRonly, bytes - 1, 0, 0, 0, 0, 0);
  206cfe:	c002                	sw	zero,0(sp)
  206d00:	4881                	li	a7,0
  206d02:	b7f1                	j	206cce <spirom_cmd_send+0x2e6>
		spib_dctrl = spib_prepare_dctrl(0x0, 0x0, SPIB_TM_WR_RD, 0, 0, 2);
  206d04:	4581                	li	a1,0
  206d06:	4789                	li	a5,2
  206d08:	4701                	li	a4,0
  206d0a:	4681                	li	a3,0
  206d0c:	4501                	li	a0,0
  206d0e:	a3bff0ef          	jal	206748 <spib_prepare_dctrl>
  206d12:	862a                	mv	a2,a0
		spib_exe_cmmd(base, op_addr, spib_dctrl);
  206d14:	09f00593          	li	a1,159
		spib_exe_cmmd(base, op_addr, spib_dctrl);
  206d18:	8522                	mv	a0,s0
  206d1a:	b43ff0ef          	jal	20685c <spib_exe_cmmd>
		spib_rx_empty = spib_wait_rx_empty(base);
  206d1e:	8522                	mv	a0,s0
  206d20:	b11ff0ef          	jal	206830 <spib_wait_rx_empty>
  206d24:	84aa                	mv	s1,a0
    unsigned int data = 0;
  206d26:	4901                	li	s2,0
		if(spib_rx_empty == 0) {
  206d28:	ea0510e3          	bnez	a0,206bc8 <spirom_cmd_send+0x1e0>
			data = spib_get_data(base);
  206d2c:	8522                	mv	a0,s0
  206d2e:	a0bff0ef          	jal	206738 <spib_get_data>
  206d32:	892a                	mv	s2,a0
  206d34:	bd51                	j	206bc8 <spirom_cmd_send+0x1e0>
    	op_addr = spirom_prepare_cmd(SPIROM_OP_SBLK, addr);
  206d36:	85ca                	mv	a1,s2
  206d38:	03600513          	li	a0,54
  206d3c:	b795                	j	206ca0 <spirom_cmd_send+0x2b8>
    	op_addr = spirom_prepare_cmd(SPIROM_OP_SBULK, addr);
  206d3e:	85ca                	mv	a1,s2
  206d40:	03900513          	li	a0,57
  206d44:	bfb1                	j	206ca0 <spirom_cmd_send+0x2b8>
		spib_dctrl = spib_prepare_dctrl(0x0, 0x0, SPIB_TM_WR_RD, 0, 0, 0);
  206d46:	460d                	li	a2,3
  206d48:	4581                	li	a1,0
  206d4a:	4781                	li	a5,0
  206d4c:	4701                	li	a4,0
  206d4e:	4681                	li	a3,0
  206d50:	4501                	li	a0,0
  206d52:	9f7ff0ef          	jal	206748 <spib_prepare_dctrl>
  206d56:	862a                	mv	a2,a0
		spib_exe_cmmd(base, op_addr, spib_dctrl);
  206d58:	02b00593          	li	a1,43
  206d5c:	bf75                	j	206d18 <spirom_cmd_send+0x330>
		spib_dctrl = spib_prepare_dctrl(0x0, 0x0, SPIB_TM_WRonly, 0, 0, 0);
  206d5e:	4605                	li	a2,1
  206d60:	4581                	li	a1,0
  206d62:	4781                	li	a5,0
  206d64:	4701                	li	a4,0
  206d66:	4681                	li	a3,0
  206d68:	4501                	li	a0,0
  206d6a:	9dfff0ef          	jal	206748 <spib_prepare_dctrl>
  206d6e:	862a                	mv	a2,a0
		spib_exe_cmmd(base, op_addr, spib_dctrl);
  206d70:	09800593          	li	a1,152
  206d74:	b5d1                	j	206c38 <spirom_cmd_send+0x250>
			op_addr = (SPIROM_OP_WRSR | (addr << 8));
  206d76:	0922                	sll	s2,s2,0x8
			op_addr = (SPIROM_OP_WRSR2 | (addr << 8));
  206d78:	03196913          	or	s2,s2,49
		spib_dctrl = spib_prepare_dctrl(0x0, 0x0, SPIB_TM_WRonly, bytes + 1, 0, 0);
  206d7c:	4605                	li	a2,1
  206d7e:	4581                	li	a1,0
  206d80:	4781                	li	a5,0
  206d82:	4701                	li	a4,0
  206d84:	001a0693          	add	a3,s4,1
  206d88:	4501                	li	a0,0
  206d8a:	9bfff0ef          	jal	206748 <spib_prepare_dctrl>
  206d8e:	862a                	mv	a2,a0
		spib_exe_cmmd(base, op_addr, spib_dctrl);
  206d90:	85ca                	mv	a1,s2
  206d92:	b55d                	j	206c38 <spirom_cmd_send+0x250>
			op_addr = (SPIROM_OP_WRSR | (addr << 8));
  206d94:	0922                	sll	s2,s2,0x8
  206d96:	00196913          	or	s2,s2,1
  206d9a:	b7cd                	j	206d7c <spirom_cmd_send+0x394>
  206d9c:	0922                	sll	s2,s2,0x8
			op_addr = (SPIROM_OP_WRSR3 | (addr << 8));
  206d9e:	01196913          	or	s2,s2,17
  206da2:	bfe9                	j	206d7c <spirom_cmd_send+0x394>
		spib_dctrl = spib_prepare_dctrl(0x1, 0x0, SPIB_TM_NONE, 0, 0, 0);
  206da4:	4781                	li	a5,0
  206da6:	4701                	li	a4,0
  206da8:	4681                	li	a3,0
  206daa:	461d                	li	a2,7
  206dac:	4581                	li	a1,0
  206dae:	4505                	li	a0,1
  206db0:	999ff0ef          	jal	206748 <spib_prepare_dctrl>
  206db4:	862a                	mv	a2,a0
		spib_exe_cmmd(base, op_addr, spib_dctrl);
  206db6:	ce2a                	sw	a0,28(sp)
  206db8:	06600593          	li	a1,102
  206dbc:	8522                	mv	a0,s0
  206dbe:	a9fff0ef          	jal	20685c <spib_exe_cmmd>
		spib_exe_cmmd(base, op_addr, spib_dctrl);
  206dc2:	4672                	lw	a2,28(sp)
  206dc4:	09900593          	li	a1,153
  206dc8:	bd85                	j	206c38 <spirom_cmd_send+0x250>
		spib_dctrl = spib_prepare_dctrl2(0x1, 0, SPIB_TM_DY_RD, 0, 3, bytes - 1, 0 ,0, 0); //4 dummy cycle
  206dca:	4681                	li	a3,0
  206dcc:	4625                	li	a2,9
  206dce:	4581                	li	a1,0
  206dd0:	c002                	sw	zero,0(sp)
  206dd2:	4881                	li	a7,0
  206dd4:	4801                	li	a6,0
  206dd6:	470d                	li	a4,3
  206dd8:	4505                	li	a0,1
  206dda:	9bdff0ef          	jal	206796 <spib_prepare_dctrl2>
  206dde:	86aa                	mv	a3,a0
		spib_exe_cmmd2(base, op_addr, addr, spib_dctrl);
  206de0:	864a                	mv	a2,s2
  206de2:	04b00593          	li	a1,75
  206de6:	b3f9                	j	206bb4 <spirom_cmd_send+0x1cc>
    	spib_dctrl = spib_prepare_dctrl2(0x1, 0x1, SPIB_TM_WRonly, bytes - 1, 0, 0, 0, 0, 0);
  206de8:	4605                	li	a2,1
  206dea:	85b2                	mv	a1,a2
  206dec:	fffa0693          	add	a3,s4,-1
  206df0:	8532                	mv	a0,a2
  206df2:	c002                	sw	zero,0(sp)
  206df4:	4881                	li	a7,0
  206df6:	4801                	li	a6,0
  206df8:	4781                	li	a5,0
  206dfa:	4701                	li	a4,0
  206dfc:	99bff0ef          	jal	206796 <spib_prepare_dctrl2>
  206e00:	86aa                	mv	a3,a0
    	spib_exe_cmmd2(base, op, addr, spib_dctrl);
  206e02:	864a                	mv	a2,s2
  206e04:	04200593          	li	a1,66
  206e08:	bdf1                	j	206ce4 <spirom_cmd_send+0x2fc>
		spib_dctrl = spib_prepare_dctrl2(0x1, 0x1, SPIB_TM_NONE, 0, 0, 0, 0, 0, 0);
  206e0a:	4585                	li	a1,1
  206e0c:	4681                	li	a3,0
  206e0e:	461d                	li	a2,7
  206e10:	852e                	mv	a0,a1
  206e12:	c002                	sw	zero,0(sp)
  206e14:	4881                	li	a7,0
  206e16:	4801                	li	a6,0
  206e18:	4781                	li	a5,0
  206e1a:	4701                	li	a4,0
  206e1c:	97bff0ef          	jal	206796 <spib_prepare_dctrl2>
  206e20:	86aa                	mv	a3,a0
		spib_exe_cmmd2(base, op, addr, spib_dctrl);
  206e22:	864a                	mv	a2,s2
  206e24:	04400593          	li	a1,68
  206e28:	b589                	j	206c6a <spirom_cmd_send+0x282>
    	spib_dctrl = spib_prepare_dctrl2(0x1, 0x1, SPIB_TM_DY_RD, 0, 0, bytes - 1, 0, 0, 0);
  206e2a:	4585                	li	a1,1
  206e2c:	4681                	li	a3,0
  206e2e:	4625                	li	a2,9
  206e30:	852e                	mv	a0,a1
  206e32:	c002                	sw	zero,0(sp)
  206e34:	4881                	li	a7,0
  206e36:	4801                	li	a6,0
  206e38:	fffa0793          	add	a5,s4,-1
  206e3c:	4701                	li	a4,0
  206e3e:	959ff0ef          	jal	206796 <spib_prepare_dctrl2>
  206e42:	86aa                	mv	a3,a0
    	spib_exe_cmmd2(base, op, addr, spib_dctrl);
  206e44:	864a                	mv	a2,s2
  206e46:	04800593          	li	a1,72
  206e4a:	b3ad                	j	206bb4 <spirom_cmd_send+0x1cc>
    	spib_dctrl = spib_prepare_dctrl(0x0, 0x0, SPIB_TM_WRonly, 0, 0, 0);
  206e4c:	4605                	li	a2,1
  206e4e:	4581                	li	a1,0
  206e50:	4781                	li	a5,0
  206e52:	4701                	li	a4,0
  206e54:	4681                	li	a3,0
  206e56:	4501                	li	a0,0
  206e58:	8f1ff0ef          	jal	206748 <spib_prepare_dctrl>
  206e5c:	862a                	mv	a2,a0
    	spib_exe_cmmd(base, op, spib_dctrl);
  206e5e:	0ab00593          	li	a1,171
  206e62:	bbd9                	j	206c38 <spirom_cmd_send+0x250>
        spib_dctrl = spib_prepare_dctrl(0x0, 0x0, SPIB_TM_WRonly, 0, 0, 0);
  206e64:	4605                	li	a2,1
  206e66:	4581                	li	a1,0
  206e68:	4781                	li	a5,0
  206e6a:	4701                	li	a4,0
  206e6c:	4681                	li	a3,0
  206e6e:	4501                	li	a0,0
  206e70:	8d9ff0ef          	jal	206748 <spib_prepare_dctrl>
  206e74:	862a                	mv	a2,a0
        spib_exe_cmmd(base, op_addr, spib_dctrl);
  206e76:	06000593          	li	a1,96
  206e7a:	bb7d                	j	206c38 <spirom_cmd_send+0x250>

00206e7c <flash_status_register_get>:
{
  206e7c:	1141                	add	sp,sp,-16
  206e7e:	c606                	sw	ra,12(sp)
  206e80:	c422                	sw	s0,8(sp)
  206e82:	c226                	sw	s1,4(sp)
  206e84:	c04a                	sw	s2,0(sp)
  206e86:	842a                	mv	s0,a0
  206e88:	84b2                	mv	s1,a2
	if(reg_addr == 1) {
  206e8a:	4789                	li	a5,2
  206e8c:	00f58a63          	beq	a1,a5,206ea0 <flash_status_register_get+0x24>
  206e90:	478d                	li	a5,3
  206e92:	00f58963          	beq	a1,a5,206ea4 <flash_status_register_get+0x28>
  206e96:	4785                	li	a5,1
  206e98:	04f59263          	bne	a1,a5,206edc <flash_status_register_get+0x60>
{
  206e9c:	4909                	li	s2,2
  206e9e:	a021                	j	206ea6 <flash_status_register_get+0x2a>
  206ea0:	4939                	li	s2,14
  206ea2:	a011                	j	206ea6 <flash_status_register_get+0x2a>
  206ea4:	4949                	li	s2,18
	if(RUN_WITHOUT_INT == dev->run_mod) {
  206ea6:	00644783          	lbu	a5,6(s0)
  206eaa:	e781                	bnez	a5,206eb2 <flash_status_register_get+0x36>
		if(dev->interrupt_disable != NULL) {
  206eac:	485c                	lw	a5,20(s0)
  206eae:	c391                	beqz	a5,206eb2 <flash_status_register_get+0x36>
			dev->interrupt_disable();
  206eb0:	9782                	jalr	a5
		result = spirom_cmd_send(dev, cmd_rd, 0x0, 0, NULL, (unsigned int*)data_out);
  206eb2:	87a6                	mv	a5,s1
  206eb4:	4701                	li	a4,0
  206eb6:	4681                	li	a3,0
  206eb8:	4601                	li	a2,0
  206eba:	85ca                	mv	a1,s2
  206ebc:	8522                	mv	a0,s0
  206ebe:	362d                	jal	2069e8 <spirom_cmd_send>
  206ec0:	84aa                	mv	s1,a0
	if(RUN_WITHOUT_INT == dev->run_mod) {
  206ec2:	00644783          	lbu	a5,6(s0)
  206ec6:	e781                	bnez	a5,206ece <flash_status_register_get+0x52>
		if(dev->interrupt_enable != NULL) {
  206ec8:	481c                	lw	a5,16(s0)
  206eca:	c391                	beqz	a5,206ece <flash_status_register_get+0x52>
			dev->interrupt_enable();
  206ecc:	9782                	jalr	a5
}
  206ece:	8526                	mv	a0,s1
  206ed0:	40b2                	lw	ra,12(sp)
  206ed2:	4422                	lw	s0,8(sp)
  206ed4:	4492                	lw	s1,4(sp)
  206ed6:	4902                	lw	s2,0(sp)
  206ed8:	0141                	add	sp,sp,16
  206eda:	8082                	ret
{
  206edc:	54fd                	li	s1,-1
  206ede:	bfc5                	j	206ece <flash_status_register_get+0x52>

00206ee0 <mxic_wr_en>:

_EXT_RAM static int mxic_wr_en(FLASH_DEV *dev)
{
  206ee0:	1101                	add	sp,sp,-32
	unsigned int result, RetData, j;

	result = spirom_cmd_send(dev, SPIROM_CMD_WREN, 0x0, 0, NULL, &RetData);
  206ee2:	007c                	add	a5,sp,12
  206ee4:	4701                	li	a4,0
  206ee6:	4681                	li	a3,0
  206ee8:	4601                	li	a2,0
  206eea:	458d                	li	a1,3
{
  206eec:	cc22                	sw	s0,24(sp)
  206eee:	ca26                	sw	s1,20(sp)
  206ef0:	ce06                	sw	ra,28(sp)
  206ef2:	842a                	mv	s0,a0
	result = spirom_cmd_send(dev, SPIROM_CMD_WREN, 0x0, 0, NULL, &RetData);
  206ef4:	3cd5                	jal	2069e8 <spirom_cmd_send>
	if(result != 0) {
  206ef6:	4485                	li	s1,1
  206ef8:	c901                	beqz	a0,206f08 <mxic_wr_en+0x28>
		printf("mxic_program: (program) page %d enable write fail\n", i);
		return -1;
  206efa:	557d                	li	a0,-1
	if((RetData & SPIROM_SR_WEL_MASK) == 0) {
		printf("mxic_program: (program) page %d, write enable is not set (status %x)\n", i, RetData);
		return -1;
	}
	return 0;
}
  206efc:	40f2                	lw	ra,28(sp)
  206efe:	4462                	lw	s0,24(sp)
  206f00:	44d2                	lw	s1,20(sp)
  206f02:	6105                	add	sp,sp,32
  206f04:	8082                	ret
	for(j = 1; j < dev->timeout; j++) {
  206f06:	0485                	add	s1,s1,1
  206f08:	441c                	lw	a5,8(s0)
  206f0a:	00f4fd63          	bgeu	s1,a5,206f24 <mxic_wr_en+0x44>
		result = spirom_cmd_send(dev, SPIROM_CMD_RDST, 0x0, 0, NULL, &RetData);
  206f0e:	007c                	add	a5,sp,12
  206f10:	4701                	li	a4,0
  206f12:	4681                	li	a3,0
  206f14:	4601                	li	a2,0
  206f16:	4589                	li	a1,2
  206f18:	8522                	mv	a0,s0
  206f1a:	34f9                	jal	2069e8 <spirom_cmd_send>
		if(result != 0) {
  206f1c:	fd79                	bnez	a0,206efa <mxic_wr_en+0x1a>
		if(RetData & SPIROM_SR_WEL_MASK)
  206f1e:	47b2                	lw	a5,12(sp)
  206f20:	8b89                	and	a5,a5,2
  206f22:	d3f5                	beqz	a5,206f06 <mxic_wr_en+0x26>
	if((RetData & SPIROM_SR_WEL_MASK) == 0) {
  206f24:	4532                	lw	a0,12(sp)
  206f26:	00254513          	xor	a0,a0,2
  206f2a:	48155513          	bext	a0,a0,0x1
  206f2e:	40a00533          	neg	a0,a0
  206f32:	b7e9                	j	206efc <mxic_wr_en+0x1c>

00206f34 <mxic_wr_rdy>:

_EXT_RAM static int mxic_wr_rdy(FLASH_DEV *dev)
{
  206f34:	1101                	add	sp,sp,-32
  206f36:	cc22                	sw	s0,24(sp)
  206f38:	ca26                	sw	s1,20(sp)
  206f3a:	ce06                	sw	ra,28(sp)
  206f3c:	842a                	mv	s0,a0
	unsigned int result, RetData = 0, j;
  206f3e:	c602                	sw	zero,12(sp)

	for(j = 1; j < dev->timeout; j++) {
  206f40:	4485                	li	s1,1
  206f42:	441c                	lw	a5,8(s0)
  206f44:	00f4fd63          	bgeu	s1,a5,206f5e <mxic_wr_rdy+0x2a>
		result = spirom_cmd_send(dev, SPIROM_CMD_RDST, 0x0, 0, NULL, &RetData);
  206f48:	007c                	add	a5,sp,12
  206f4a:	4701                	li	a4,0
  206f4c:	4681                	li	a3,0
  206f4e:	4601                	li	a2,0
  206f50:	4589                	li	a1,2
  206f52:	8522                	mv	a0,s0
  206f54:	3c51                	jal	2069e8 <spirom_cmd_send>
		if(result != 0) {
  206f56:	e10d                	bnez	a0,206f78 <mxic_wr_rdy+0x44>
			printf("mxic_program: get (program) page %d write enable status fail\n", i);
			return -1;
		}
		if((RetData & (SPIROM_SR_WIP_MASK | SPIROM_SR_WEL_MASK)) == 0)
  206f58:	47b2                	lw	a5,12(sp)
  206f5a:	8b8d                	and	a5,a5,3
  206f5c:	ef81                	bnez	a5,206f74 <mxic_wr_rdy+0x40>
			break;
	}
	if((RetData & (SPIROM_SR_WIP_MASK | SPIROM_SR_WEL_MASK)) != 0) {
  206f5e:	4532                	lw	a0,12(sp)
  206f60:	890d                	and	a0,a0,3
  206f62:	00a03533          	snez	a0,a0
  206f66:	40a00533          	neg	a0,a0
		printf("mxic_program: (program) page %d, write enable is not clear (status %x)\n", i, RetData);
		return -1;
	}
	return 0;
}
  206f6a:	40f2                	lw	ra,28(sp)
  206f6c:	4462                	lw	s0,24(sp)
  206f6e:	44d2                	lw	s1,20(sp)
  206f70:	6105                	add	sp,sp,32
  206f72:	8082                	ret
	for(j = 1; j < dev->timeout; j++) {
  206f74:	0485                	add	s1,s1,1
  206f76:	b7f1                	j	206f42 <mxic_wr_rdy+0xe>
			return -1;
  206f78:	557d                	li	a0,-1
  206f7a:	bfc5                	j	206f6a <mxic_wr_rdy+0x36>

00206f7c <flash_status_register_set>:
{
  206f7c:	7179                	add	sp,sp,-48
  206f7e:	d606                	sw	ra,44(sp)
  206f80:	d226                	sw	s1,36(sp)
	if(dev && dev->w_protect == false) {
  206f82:	c545                	beqz	a0,20702a <flash_status_register_set+0xae>
  206f84:	d422                	sw	s0,40(sp)
  206f86:	d04a                	sw	s2,32(sp)
  206f88:	ce4e                	sw	s3,28(sp)
  206f8a:	842a                	mv	s0,a0
  206f8c:	8932                	mv	s2,a2
  206f8e:	89b6                	mv	s3,a3
  206f90:	00754783          	lbu	a5,7(a0)
  206f94:	efc9                	bnez	a5,20702e <flash_status_register_set+0xb2>
  206f96:	cc52                	sw	s4,24(sp)
  206f98:	ca56                	sw	s5,20(sp)
		if(reg_addr == 1) {
  206f9a:	4789                	li	a5,2
  206f9c:	00f58f63          	beq	a1,a5,206fba <flash_status_register_set+0x3e>
  206fa0:	478d                	li	a5,3
  206fa2:	00f58f63          	beq	a1,a5,206fc0 <flash_status_register_set+0x44>
  206fa6:	4785                	li	a5,1
  206fa8:	04f58463          	beq	a1,a5,206ff0 <flash_status_register_set+0x74>
			return ret;
  206fac:	54fd                	li	s1,-1
  206fae:	5422                	lw	s0,40(sp)
  206fb0:	5902                	lw	s2,32(sp)
  206fb2:	49f2                	lw	s3,28(sp)
  206fb4:	4a62                	lw	s4,24(sp)
  206fb6:	4ad2                	lw	s5,20(sp)
  206fb8:	a069                	j	207042 <flash_status_register_set+0xc6>
	if(dev && dev->w_protect == false) {
  206fba:	4a3d                	li	s4,15
  206fbc:	4ab9                	li	s5,14
  206fbe:	a019                	j	206fc4 <flash_status_register_set+0x48>
  206fc0:	4a4d                	li	s4,19
  206fc2:	4ac9                	li	s5,18
		if(RUN_WITHOUT_INT == dev->run_mod) {
  206fc4:	00644783          	lbu	a5,6(s0)
  206fc8:	e781                	bnez	a5,206fd0 <flash_status_register_set+0x54>
			if(dev->interrupt_disable != NULL) {
  206fca:	485c                	lw	a5,20(s0)
  206fcc:	c391                	beqz	a5,206fd0 <flash_status_register_set+0x54>
				dev->interrupt_disable();
  206fce:	9782                	jalr	a5
			result = mxic_wr_en(dev);
  206fd0:	8522                	mv	a0,s0
  206fd2:	3739                	jal	206ee0 <mxic_wr_en>
  206fd4:	84aa                	mv	s1,a0
			if(result) break;
  206fd6:	c105                	beqz	a0,206ff6 <flash_status_register_set+0x7a>
		if(RUN_WITHOUT_INT == dev->run_mod) {
  206fd8:	00644783          	lbu	a5,6(s0)
  206fdc:	efb1                	bnez	a5,207038 <flash_status_register_set+0xbc>
			if(dev->interrupt_enable != NULL) {
  206fde:	481c                	lw	a5,16(s0)
  206fe0:	c7b5                	beqz	a5,20704c <flash_status_register_set+0xd0>
				dev->interrupt_enable();
  206fe2:	9782                	jalr	a5
  206fe4:	5422                	lw	s0,40(sp)
  206fe6:	5902                	lw	s2,32(sp)
  206fe8:	49f2                	lw	s3,28(sp)
  206fea:	4a62                	lw	s4,24(sp)
  206fec:	4ad2                	lw	s5,20(sp)
  206fee:	a891                	j	207042 <flash_status_register_set+0xc6>
	if(dev && dev->w_protect == false) {
  206ff0:	4a35                	li	s4,13
  206ff2:	4a89                	li	s5,2
  206ff4:	bfc1                	j	206fc4 <flash_status_register_set+0x48>
			result = spirom_cmd_send(dev, cmd_wr, data_in, 0, NULL, &buf_out);
  206ff6:	007c                	add	a5,sp,12
  206ff8:	4701                	li	a4,0
  206ffa:	4681                	li	a3,0
  206ffc:	864a                	mv	a2,s2
  206ffe:	85d2                	mv	a1,s4
  207000:	8522                	mv	a0,s0
  207002:	32dd                	jal	2069e8 <spirom_cmd_send>
  207004:	84aa                	mv	s1,a0
			if(result) break;
  207006:	f969                	bnez	a0,206fd8 <flash_status_register_set+0x5c>
			result = mxic_wr_rdy(dev);
  207008:	8522                	mv	a0,s0
  20700a:	372d                	jal	206f34 <mxic_wr_rdy>
  20700c:	84aa                	mv	s1,a0
			if(result) break;
  20700e:	f569                	bnez	a0,206fd8 <flash_status_register_set+0x5c>
			result = spirom_cmd_send(dev, cmd_rd, 0x0, 0, NULL, &buf_out);
  207010:	007c                	add	a5,sp,12
  207012:	4701                	li	a4,0
  207014:	4681                	li	a3,0
  207016:	4601                	li	a2,0
  207018:	85d6                	mv	a1,s5
  20701a:	8522                	mv	a0,s0
  20701c:	32f1                	jal	2069e8 <spirom_cmd_send>
  20701e:	84aa                	mv	s1,a0
			if(result) break;
  207020:	fd45                	bnez	a0,206fd8 <flash_status_register_set+0x5c>
			*data_out = buf_out;
  207022:	47b2                	lw	a5,12(sp)
  207024:	00f9a023          	sw	a5,0(s3)
  207028:	bf45                	j	206fd8 <flash_status_register_set+0x5c>
	int ret = -1;
  20702a:	54fd                	li	s1,-1
  20702c:	a819                	j	207042 <flash_status_register_set+0xc6>
  20702e:	54fd                	li	s1,-1
  207030:	5422                	lw	s0,40(sp)
  207032:	5902                	lw	s2,32(sp)
  207034:	49f2                	lw	s3,28(sp)
  207036:	a031                	j	207042 <flash_status_register_set+0xc6>
  207038:	5422                	lw	s0,40(sp)
  20703a:	5902                	lw	s2,32(sp)
  20703c:	49f2                	lw	s3,28(sp)
  20703e:	4a62                	lw	s4,24(sp)
  207040:	4ad2                	lw	s5,20(sp)
}
  207042:	8526                	mv	a0,s1
  207044:	50b2                	lw	ra,44(sp)
  207046:	5492                	lw	s1,36(sp)
  207048:	6145                	add	sp,sp,48
  20704a:	8082                	ret
  20704c:	5422                	lw	s0,40(sp)
  20704e:	5902                	lw	s2,32(sp)
  207050:	49f2                	lw	s3,28(sp)
  207052:	4a62                	lw	s4,24(sp)
  207054:	4ad2                	lw	s5,20(sp)
  207056:	b7f5                	j	207042 <flash_status_register_set+0xc6>

00207058 <flash_id>:
    if(dev) {
  207058:	c125                	beqz	a0,2070b8 <flash_id+0x60>
{
  20705a:	7179                	add	sp,sp,-48
  20705c:	d422                	sw	s0,40(sp)
  20705e:	d226                	sw	s1,36(sp)
  207060:	d04a                	sw	s2,32(sp)
  207062:	d606                	sw	ra,44(sp)
		if(RUN_WITHOUT_INT == dev->run_mod) {
  207064:	00654783          	lbu	a5,6(a0)
  207068:	842a                	mv	s0,a0
  20706a:	892e                	mv	s2,a1
  20706c:	84b2                	mv	s1,a2
  20706e:	e781                	bnez	a5,207076 <flash_id+0x1e>
			if(dev->interrupt_disable != NULL) {
  207070:	495c                	lw	a5,20(a0)
  207072:	c391                	beqz	a5,207076 <flash_id+0x1e>
				dev->interrupt_disable();
  207074:	9782                	jalr	a5
_EXT_RAM static int mxic_id_rems(FLASH_DEV *dev, unsigned short *id_rems)
{
    unsigned int result, RetData;
    unsigned char data[8] __attribute__((aligned(4)));

    result = spirom_cmd_send(dev, SPIROM_CMD_REMSID, 0x0, 2, (unsigned int*)data, &RetData);
  207076:	085c                	add	a5,sp,20
  207078:	0838                	add	a4,sp,24
  20707a:	4689                	li	a3,2
  20707c:	4601                	li	a2,0
  20707e:	45f9                	li	a1,30
  207080:	8522                	mv	a0,s0
  207082:	329d                	jal	2069e8 <spirom_cmd_send>
    if(result != 0) {
  207084:	ed01                	bnez	a0,20709c <flash_id+0x44>
        printf("mxic_id_rems: fail\n");
        return result;
    }

    *id_rems = (data[1] << 8) | data[0];
  207086:	01815783          	lhu	a5,24(sp)
            if(id_manufacturer != NULL) {
  20708a:	00090663          	beqz	s2,207096 <flash_id+0x3e>
                *id_manufacturer = (id_rems) & 0xff; // Manufacturer ID
  20708e:	0ff7f713          	zext.b	a4,a5
  207092:	00e92023          	sw	a4,0(s2)
            if(id_device != NULL) {
  207096:	c099                	beqz	s1,20709c <flash_id+0x44>
                *id_device = (id_rems >> 8) & 0xff; // Device ID
  207098:	83a1                	srl	a5,a5,0x8
  20709a:	c09c                	sw	a5,0(s1)
		if(RUN_WITHOUT_INT == dev->run_mod) {
  20709c:	00644783          	lbu	a5,6(s0)
  2070a0:	e791                	bnez	a5,2070ac <flash_id+0x54>
			if(dev->interrupt_enable != NULL) {
  2070a2:	481c                	lw	a5,16(s0)
  2070a4:	c781                	beqz	a5,2070ac <flash_id+0x54>
  2070a6:	c62a                	sw	a0,12(sp)
				dev->interrupt_enable();
  2070a8:	9782                	jalr	a5
  2070aa:	4532                	lw	a0,12(sp)
}
  2070ac:	50b2                	lw	ra,44(sp)
  2070ae:	5422                	lw	s0,40(sp)
  2070b0:	5492                	lw	s1,36(sp)
  2070b2:	5902                	lw	s2,32(sp)
  2070b4:	6145                	add	sp,sp,48
  2070b6:	8082                	ret
    int ret = -1;
  2070b8:	557d                	li	a0,-1
}
  2070ba:	8082                	ret

002070bc <spirom_set_extaddr>:
{
  2070bc:	1101                	add	sp,sp,-32
	spib_dctrl = spib_prepare_dctrl(0x0, 0x0, SPIB_TM_WR_RD, 0, 0, 0);
  2070be:	4781                	li	a5,0
  2070c0:	4701                	li	a4,0
  2070c2:	4681                	li	a3,0
{
  2070c4:	ca26                	sw	s1,20(sp)
  2070c6:	c84a                	sw	s2,16(sp)
  2070c8:	c64e                	sw	s3,12(sp)
	unsigned long base = dev->base_addr;
  2070ca:	00052903          	lw	s2,0(a0)
	spib_dctrl = spib_prepare_dctrl(0x0, 0x0, SPIB_TM_WR_RD, 0, 0, 0);
  2070ce:	460d                	li	a2,3
{
  2070d0:	89aa                	mv	s3,a0
  2070d2:	84ae                	mv	s1,a1
	spib_dctrl = spib_prepare_dctrl(0x0, 0x0, SPIB_TM_WR_RD, 0, 0, 0);
  2070d4:	4501                	li	a0,0
  2070d6:	4581                	li	a1,0
{
  2070d8:	ce06                	sw	ra,28(sp)
  2070da:	cc22                	sw	s0,24(sp)
	spib_dctrl = spib_prepare_dctrl(0x0, 0x0, SPIB_TM_WR_RD, 0, 0, 0);
  2070dc:	e6cff0ef          	jal	206748 <spib_prepare_dctrl>
  2070e0:	862a                	mv	a2,a0
	spib_exe_cmmd(base, EXT_ADDR_R, spib_dctrl);
  2070e2:	0c800593          	li	a1,200
  2070e6:	854a                	mv	a0,s2
  2070e8:	f74ff0ef          	jal	20685c <spib_exe_cmmd>
	result = spib_wait_rx_empty(base);
  2070ec:	854a                	mv	a0,s2
  2070ee:	f42ff0ef          	jal	206830 <spib_wait_rx_empty>
  2070f2:	842a                	mv	s0,a0
	if(result == 0) {
  2070f4:	4501                	li	a0,0
  2070f6:	e401                	bnez	s0,2070fe <spirom_set_extaddr+0x42>
		data = spib_get_data(base);
  2070f8:	854a                	mv	a0,s2
  2070fa:	e3eff0ef          	jal	206738 <spib_get_data>
	if((addr >> 24) != data) {
  2070fe:	0184d793          	srl	a5,s1,0x18
  207102:	04a78163          	beq	a5,a0,207144 <spirom_set_extaddr+0x88>
			result = mxic_wr_en(dev);
  207106:	854e                	mv	a0,s3
  207108:	3be1                	jal	206ee0 <mxic_wr_en>
  20710a:	842a                	mv	s0,a0
			if(result) break;
  20710c:	ed05                	bnez	a0,207144 <spirom_set_extaddr+0x88>
			spib_dctrl = spib_prepare_dctrl(0x0, 0x0, SPIB_TM_WRonly, 1, 0, 0);
  20710e:	4685                	li	a3,1
  207110:	8636                	mv	a2,a3
  207112:	4781                	li	a5,0
  207114:	4701                	li	a4,0
  207116:	4581                	li	a1,0
  207118:	e30ff0ef          	jal	206748 <spib_prepare_dctrl>
			addr = (addr >> 16) & 0xff00;
  20711c:	67c1                	lui	a5,0x10
  20711e:	f0078793          	add	a5,a5,-256 # ff00 <__HEAP_SIZE+0xef00>
  207122:	80c1                	srl	s1,s1,0x10
  207124:	8cfd                	and	s1,s1,a5
			spib_dctrl = spib_prepare_dctrl(0x0, 0x0, SPIB_TM_WRonly, 1, 0, 0);
  207126:	862a                	mv	a2,a0
			spib_exe_cmmd(base, op_addr, spib_dctrl);
  207128:	0c54e593          	or	a1,s1,197
  20712c:	854a                	mv	a0,s2
  20712e:	f2eff0ef          	jal	20685c <spib_exe_cmmd>
}
  207132:	4462                	lw	s0,24(sp)
  207134:	40f2                	lw	ra,28(sp)
  207136:	44d2                	lw	s1,20(sp)
  207138:	49b2                	lw	s3,12(sp)
			result = spib_wait_spi(base);
  20713a:	854a                	mv	a0,s2
}
  20713c:	4942                	lw	s2,16(sp)
  20713e:	6105                	add	sp,sp,32
			result = spib_wait_spi(base);
  207140:	ed2ff06f          	j	206812 <spib_wait_spi>
}
  207144:	8522                	mv	a0,s0
  207146:	40f2                	lw	ra,28(sp)
  207148:	4462                	lw	s0,24(sp)
  20714a:	44d2                	lw	s1,20(sp)
  20714c:	4942                	lw	s2,16(sp)
  20714e:	49b2                	lw	s3,12(sp)
  207150:	6105                	add	sp,sp,32
  207152:	8082                	ret

00207154 <spirom_set_addr4>:
{
  207154:	1141                	add	sp,sp,-16
  207156:	c422                	sw	s0,8(sp)
	if(en) op_addr = EXT_SET_ADDR4;
  207158:	0015b413          	seqz	s0,a1
  20715c:	40800433          	neg	s0,s0
{
  207160:	c226                	sw	s1,4(sp)
	spib_dctrl = spib_prepare_dctrl(0x0, 0x0, SPIB_TM_WRonly, 0, 0, 0);
  207162:	4781                	li	a5,0
	unsigned long base = dev->base_addr;
  207164:	4104                	lw	s1,0(a0)
	spib_dctrl = spib_prepare_dctrl(0x0, 0x0, SPIB_TM_WRonly, 0, 0, 0);
  207166:	4701                	li	a4,0
  207168:	4681                	li	a3,0
  20716a:	4605                	li	a2,1
  20716c:	4581                	li	a1,0
	if(en) op_addr = EXT_SET_ADDR4;
  20716e:	03247413          	and	s0,s0,50
	spib_dctrl = spib_prepare_dctrl(0x0, 0x0, SPIB_TM_WRonly, 0, 0, 0);
  207172:	4501                	li	a0,0
{
  207174:	c606                	sw	ra,12(sp)
	if(en) op_addr = EXT_SET_ADDR4;
  207176:	0b740413          	add	s0,s0,183
	spib_dctrl = spib_prepare_dctrl(0x0, 0x0, SPIB_TM_WRonly, 0, 0, 0);
  20717a:	dceff0ef          	jal	206748 <spib_prepare_dctrl>
  20717e:	862a                	mv	a2,a0
	spib_exe_cmmd(base, op_addr, spib_dctrl);
  207180:	85a2                	mv	a1,s0
  207182:	8526                	mv	a0,s1
  207184:	ed8ff0ef          	jal	20685c <spib_exe_cmmd>
}
  207188:	4422                	lw	s0,8(sp)
  20718a:	40b2                	lw	ra,12(sp)
	return spib_wait_spi(base);
  20718c:	8526                	mv	a0,s1
}
  20718e:	4492                	lw	s1,4(sp)
  207190:	0141                	add	sp,sp,16
	return spib_wait_spi(base);
  207192:	e80ff06f          	j	206812 <spib_wait_spi>

00207196 <mxic_unlock_chip>:
{
  207196:	1101                	add	sp,sp,-32
  207198:	cc22                	sw	s0,24(sp)
  20719a:	ce06                	sw	ra,28(sp)
  20719c:	842a                	mv	s0,a0
		result = mxic_wr_en(dev);
  20719e:	3389                	jal	206ee0 <mxic_wr_en>
		if(result) break;
  2071a0:	ed15                	bnez	a0,2071dc <mxic_unlock_chip+0x46>
		result = spirom_cmd_send(dev, SPIROM_CMD_CHIP_UNLOCK, 0x0, 0, NULL, &RetData);
  2071a2:	007c                	add	a5,sp,12
  2071a4:	4701                	li	a4,0
  2071a6:	4681                	li	a3,0
  2071a8:	4601                	li	a2,0
  2071aa:	45b1                	li	a1,12
  2071ac:	8522                	mv	a0,s0
  2071ae:	83bff0ef          	jal	2069e8 <spirom_cmd_send>
		if(result) break;
  2071b2:	e50d                	bnez	a0,2071dc <mxic_unlock_chip+0x46>
		result = mxic_wr_rdy(dev);
  2071b4:	8522                	mv	a0,s0
  2071b6:	3bbd                	jal	206f34 <mxic_wr_rdy>
		if(result) break;
  2071b8:	e115                	bnez	a0,2071dc <mxic_unlock_chip+0x46>
		result = spirom_cmd_send(dev, SPIROM_CMD_RDBLOCK, 0, 0, NULL, &RetData);
  2071ba:	007c                	add	a5,sp,12
  2071bc:	4701                	li	a4,0
  2071be:	4681                	li	a3,0
  2071c0:	4601                	li	a2,0
  2071c2:	45a5                	li	a1,9
  2071c4:	8522                	mv	a0,s0
  2071c6:	823ff0ef          	jal	2069e8 <spirom_cmd_send>
		if(result) break;
  2071ca:	e909                	bnez	a0,2071dc <mxic_unlock_chip+0x46>
		if((RetData & 0xFF) == 0xFF) {
  2071cc:	00c14503          	lbu	a0,12(sp)
  2071d0:	f0150513          	add	a0,a0,-255
  2071d4:	00153513          	seqz	a0,a0
  2071d8:	40a00533          	neg	a0,a0
}
  2071dc:	40f2                	lw	ra,28(sp)
  2071de:	4462                	lw	s0,24(sp)
  2071e0:	6105                	add	sp,sp,32
  2071e2:	8082                	ret

002071e4 <mxic_check>:
{
  2071e4:	1101                	add	sp,sp,-32
  2071e6:	ca26                	sw	s1,20(sp)
    unsigned long result, RetData, FlashId, i, base = dev->base_addr;
  2071e8:	4104                	lw	s1,0(a0)
{
  2071ea:	cc22                	sw	s0,24(sp)
  2071ec:	842a                	mv	s0,a0
    RetData = (spib_get_regtiming(base) & (~0xFF));
  2071ee:	8526                	mv	a0,s1
{
  2071f0:	ce06                	sw	ra,28(sp)
    RetData = (spib_get_regtiming(base) & (~0xFF));
  2071f2:	d4eff0ef          	jal	206740 <spib_get_regtiming>
    spib_set_regtiming(base, RetData | SCLK_DIV);
  2071f6:	0ff56593          	or	a1,a0,255
  2071fa:	8526                	mv	a0,s1
  2071fc:	d48ff0ef          	jal	206744 <spib_set_regtiming>
    SCLK_DIV = spib_get_regtiming(base);
  207200:	8526                	mv	a0,s1
  207202:	d3eff0ef          	jal	206740 <spib_get_regtiming>
		result = spirom_cmd_send(dev, SPIROM_CMD_RDID, 0x0, 0, NULL, (unsigned int*)temp);
  207206:	007c                	add	a5,sp,12
  207208:	8522                	mv	a0,s0
  20720a:	4701                	li	a4,0
  20720c:	4681                	li	a3,0
  20720e:	4601                	li	a2,0
  207210:	4585                	li	a1,1
  207212:	fd6ff0ef          	jal	2069e8 <spirom_cmd_send>
}
  207216:	40f2                	lw	ra,28(sp)
  207218:	4462                	lw	s0,24(sp)
  20721a:	44d2                	lw	s1,20(sp)
  20721c:	6105                	add	sp,sp,32
  20721e:	8082                	ret

00207220 <mxic_erase>:
{
  207220:	7179                	add	sp,sp,-48
  207222:	cc52                	sw	s4,24(sp)
    EraseSectorCnt = (EraseSize + (SPIROM_SECTOR_SIZE - 1)) / SPIROM_SECTOR_SIZE;
  207224:	6a05                	lui	s4,0x1
  207226:	fffa0793          	add	a5,s4,-1 # fff <__STACK_SIZE+0x7ff>
{
  20722a:	d422                	sw	s0,40(sp)
  20722c:	d226                	sw	s1,36(sp)
    EraseAddrStart = (FlashAddr / SPIROM_SECTOR_SIZE) * SPIROM_SECTOR_SIZE;
  20722e:	8005f413          	and	s0,a1,-2048
    EraseSectorCnt = (EraseSize + (SPIROM_SECTOR_SIZE - 1)) / SPIROM_SECTOR_SIZE;
  207232:	00f604b3          	add	s1,a2,a5
    EraseAddrStart = (FlashAddr / SPIROM_SECTOR_SIZE) * SPIROM_SECTOR_SIZE;
  207236:	48b41413          	bclr	s0,s0,0xb
    EraseSectorCnt = (EraseSize + (SPIROM_SECTOR_SIZE - 1)) / SPIROM_SECTOR_SIZE;
  20723a:	94ae                	add	s1,s1,a1
  20723c:	8c81                	sub	s1,s1,s0
{
  20723e:	d04a                	sw	s2,32(sp)
  207240:	ce4e                	sw	s3,28(sp)
  207242:	ca56                	sw	s5,20(sp)
  207244:	d606                	sw	ra,44(sp)
  207246:	c85a                	sw	s6,16(sp)
  207248:	89aa                	mv	s3,a0
    EraseSectorCnt = (EraseSize + (SPIROM_SECTOR_SIZE - 1)) / SPIROM_SECTOR_SIZE;
  20724a:	80b1                	srl	s1,s1,0xc
    for(i = 0; i < EraseSectorCnt; ) {
  20724c:	4901                	li	s2,0
			EraseAddrStart += SPIROM_BLK32_SIZE;
  20724e:	6aa1                	lui	s5,0x8
    for(i = 0; i < EraseSectorCnt; ) {
  207250:	00996463          	bltu	s2,s1,207258 <mxic_erase+0x38>
  207254:	4501                	li	a0,0
  207256:	a815                	j	20728a <mxic_erase+0x6a>
    	result = mxic_wr_en(dev);
  207258:	854e                	mv	a0,s3
  20725a:	3159                	jal	206ee0 <mxic_wr_en>
    	if(result) break;
  20725c:	e51d                	bnez	a0,20728a <mxic_erase+0x6a>
        if(!(EraseAddrStart & SPIROM_BLK64_MASK) && (EraseSectorCnt >= (SPIROM_BLK64_SIZE / SPIROM_SECTOR_SIZE + i))) {
  20725e:	080447b3          	zext.h	a5,s0
  207262:	ef95                	bnez	a5,20729e <mxic_erase+0x7e>
  207264:	01090b13          	add	s6,s2,16
  207268:	0364ee63          	bltu	s1,s6,2072a4 <mxic_erase+0x84>
			result = spirom_cmd_send(dev, SPIROM_CMD_ERASE_B64, EraseAddrStart, 0, NULL, &RetData);
  20726c:	007c                	add	a5,sp,12
  20726e:	8622                	mv	a2,s0
  207270:	4701                	li	a4,0
  207272:	4681                	li	a3,0
  207274:	45c5                	li	a1,17
  207276:	854e                	mv	a0,s3
  207278:	f70ff0ef          	jal	2069e8 <spirom_cmd_send>
			EraseAddrStart += SPIROM_BLK64_SIZE;
  20727c:	67c1                	lui	a5,0x10
  20727e:	943e                	add	s0,s0,a5
			i += SPIROM_BLK32_SIZE / SPIROM_SECTOR_SIZE;
  207280:	895a                	mv	s2,s6
        if(result != 0) {
  207282:	e501                	bnez	a0,20728a <mxic_erase+0x6a>
        result = mxic_wr_rdy(dev);
  207284:	854e                	mv	a0,s3
  207286:	317d                	jal	206f34 <mxic_wr_rdy>
        if(result) break;
  207288:	d561                	beqz	a0,207250 <mxic_erase+0x30>
}
  20728a:	50b2                	lw	ra,44(sp)
  20728c:	5422                	lw	s0,40(sp)
  20728e:	5492                	lw	s1,36(sp)
  207290:	5902                	lw	s2,32(sp)
  207292:	49f2                	lw	s3,28(sp)
  207294:	4a62                	lw	s4,24(sp)
  207296:	4ad2                	lw	s5,20(sp)
  207298:	4b42                	lw	s6,16(sp)
  20729a:	6145                	add	sp,sp,48
  20729c:	8082                	ret
		} else if(!(EraseAddrStart & SPIROM_BLK32_MASK) && (EraseSectorCnt >= (SPIROM_BLK32_SIZE / SPIROM_SECTOR_SIZE + i))) {
  20729e:	01141793          	sll	a5,s0,0x11
  2072a2:	ef99                	bnez	a5,2072c0 <mxic_erase+0xa0>
  2072a4:	00890b13          	add	s6,s2,8
  2072a8:	0164ec63          	bltu	s1,s6,2072c0 <mxic_erase+0xa0>
			result = spirom_cmd_send(dev, SPIROM_CMD_ERASE_B32, EraseAddrStart, 0, NULL, &RetData);
  2072ac:	8622                	mv	a2,s0
  2072ae:	007c                	add	a5,sp,12
  2072b0:	4701                	li	a4,0
  2072b2:	4681                	li	a3,0
  2072b4:	45c1                	li	a1,16
  2072b6:	854e                	mv	a0,s3
  2072b8:	f30ff0ef          	jal	2069e8 <spirom_cmd_send>
			EraseAddrStart += SPIROM_BLK32_SIZE;
  2072bc:	9456                	add	s0,s0,s5
  2072be:	b7c9                	j	207280 <mxic_erase+0x60>
			result = spirom_cmd_send(dev, SPIROM_CMD_ERASE, EraseAddrStart, 0, NULL, &RetData);
  2072c0:	8622                	mv	a2,s0
  2072c2:	007c                	add	a5,sp,12
  2072c4:	4701                	li	a4,0
  2072c6:	4681                	li	a3,0
  2072c8:	4595                	li	a1,5
  2072ca:	854e                	mv	a0,s3
  2072cc:	f1cff0ef          	jal	2069e8 <spirom_cmd_send>
			EraseAddrStart += SPIROM_SECTOR_SIZE;
  2072d0:	9452                	add	s0,s0,s4
			i += 1;
  2072d2:	0905                	add	s2,s2,1
  2072d4:	b77d                	j	207282 <mxic_erase+0x62>

002072d6 <flash_erase>:
	if(dev && dev->w_protect == false) {
  2072d6:	c525                	beqz	a0,20733e <flash_erase+0x68>
{
  2072d8:	1101                	add	sp,sp,-32
  2072da:	cc22                	sw	s0,24(sp)
  2072dc:	ce06                	sw	ra,28(sp)
  2072de:	ca26                	sw	s1,20(sp)
  2072e0:	c84a                	sw	s2,16(sp)
	if(dev && dev->w_protect == false) {
  2072e2:	00754783          	lbu	a5,7(a0)
  2072e6:	842a                	mv	s0,a0
	int ret = -1;
  2072e8:	557d                	li	a0,-1
	if(dev && dev->w_protect == false) {
  2072ea:	e7a1                	bnez	a5,207332 <flash_erase+0x5c>
		if(RUN_WITHOUT_INT == dev->run_mod) {
  2072ec:	00644783          	lbu	a5,6(s0)
  2072f0:	84ae                	mv	s1,a1
  2072f2:	8932                	mv	s2,a2
  2072f4:	e781                	bnez	a5,2072fc <flash_erase+0x26>
			if(dev->interrupt_disable != NULL) {
  2072f6:	485c                	lw	a5,20(s0)
  2072f8:	c391                	beqz	a5,2072fc <flash_erase+0x26>
				dev->interrupt_disable();
  2072fa:	9782                	jalr	a5
		if(dev->dualflash_mode != 0)
  2072fc:	00e44783          	lbu	a5,14(s0)
  207300:	c791                	beqz	a5,20730c <flash_erase+0x36>
        	flash_dualflash_enable_excl(flash_dualflash_id_get(offset));
  207302:	8526                	mv	a0,s1
  207304:	f33f90ef          	jal	201236 <flash_dualflash_id_get>
  207308:	f13f90ef          	jal	20121a <flash_dualflash_enable_excl>
		ret = mxic_erase(dev, (unsigned int)offset, (unsigned int)size);
  20730c:	864a                	mv	a2,s2
  20730e:	85a6                	mv	a1,s1
  207310:	8522                	mv	a0,s0
  207312:	3739                	jal	207220 <mxic_erase>
		if(dev->dualflash_mode != 0)
  207314:	00e44783          	lbu	a5,14(s0)
  207318:	c789                	beqz	a5,207322 <flash_erase+0x4c>
    outw(0x47600058, 0xffff0000);
  20731a:	476007b7          	lui	a5,0x47600
  20731e:	7741                	lui	a4,0xffff0
  207320:	cfb8                	sw	a4,88(a5)
		if(RUN_WITHOUT_INT == dev->run_mod) {
  207322:	00644783          	lbu	a5,6(s0)
  207326:	e791                	bnez	a5,207332 <flash_erase+0x5c>
			if(dev->interrupt_enable != NULL) {
  207328:	481c                	lw	a5,16(s0)
  20732a:	c781                	beqz	a5,207332 <flash_erase+0x5c>
  20732c:	c62a                	sw	a0,12(sp)
				dev->interrupt_enable();
  20732e:	9782                	jalr	a5
  207330:	4532                	lw	a0,12(sp)
}
  207332:	40f2                	lw	ra,28(sp)
  207334:	4462                	lw	s0,24(sp)
  207336:	44d2                	lw	s1,20(sp)
  207338:	4942                	lw	s2,16(sp)
  20733a:	6105                	add	sp,sp,32
  20733c:	8082                	ret
	int ret = -1;
  20733e:	557d                	li	a0,-1
}
  207340:	8082                	ret

00207342 <mxic_erase_page>:
{
  207342:	1101                	add	sp,sp,-32
  207344:	cc22                	sw	s0,24(sp)
    EraseCnt = (EraseSize + (SPIROM_PAGE_SIZE - 1)) / SPIROM_PAGE_SIZE;
  207346:	0ff60413          	add	s0,a2,255
{
  20734a:	ca26                	sw	s1,20(sp)
    EraseCnt = (EraseSize + (SPIROM_PAGE_SIZE - 1)) / SPIROM_PAGE_SIZE;
  20734c:	942e                	add	s0,s0,a1
    EraseAddrStart = (FlashAddr / SPIROM_PAGE_SIZE) * SPIROM_PAGE_SIZE;
  20734e:	f005f493          	and	s1,a1,-256
    EraseCnt = (EraseSize + (SPIROM_PAGE_SIZE - 1)) / SPIROM_PAGE_SIZE;
  207352:	8c05                	sub	s0,s0,s1
  207354:	f0047413          	and	s0,s0,-256
{
  207358:	c84a                	sw	s2,16(sp)
  20735a:	ce06                	sw	ra,28(sp)
  20735c:	892a                	mv	s2,a0
    for(i = 0; i < EraseCnt; ) {
  20735e:	9426                	add	s0,s0,s1
  207360:	00849463          	bne	s1,s0,207368 <mxic_erase_page+0x26>
  207364:	4501                	li	a0,0
  207366:	a015                	j	20738a <mxic_erase_page+0x48>
    	result = mxic_wr_en(dev);
  207368:	854a                	mv	a0,s2
  20736a:	3e9d                	jal	206ee0 <mxic_wr_en>
    	if(result) break;
  20736c:	ed19                	bnez	a0,20738a <mxic_erase_page+0x48>
		result = spirom_cmd_send(dev, SPIROM_CMD_ERASE_PG, EraseAddrStart, 0, NULL, &RetData);
  20736e:	8626                	mv	a2,s1
  207370:	007c                	add	a5,sp,12
  207372:	4701                	li	a4,0
  207374:	4681                	li	a3,0
  207376:	45d1                	li	a1,20
  207378:	854a                	mv	a0,s2
  20737a:	e6eff0ef          	jal	2069e8 <spirom_cmd_send>
		EraseAddrStart += SPIROM_PAGE_SIZE;
  20737e:	10048493          	add	s1,s1,256
        if(result != 0) {
  207382:	e501                	bnez	a0,20738a <mxic_erase_page+0x48>
        result = mxic_wr_rdy(dev);
  207384:	854a                	mv	a0,s2
  207386:	367d                	jal	206f34 <mxic_wr_rdy>
        if(result) break;
  207388:	dd61                	beqz	a0,207360 <mxic_erase_page+0x1e>
}
  20738a:	40f2                	lw	ra,28(sp)
  20738c:	4462                	lw	s0,24(sp)
  20738e:	44d2                	lw	s1,20(sp)
  207390:	4942                	lw	s2,16(sp)
  207392:	6105                	add	sp,sp,32
  207394:	8082                	ret

00207396 <flash_erase_page>:
	if(dev && dev->w_protect == false) {
  207396:	c525                	beqz	a0,2073fe <flash_erase_page+0x68>
{
  207398:	1101                	add	sp,sp,-32
  20739a:	cc22                	sw	s0,24(sp)
  20739c:	ce06                	sw	ra,28(sp)
  20739e:	ca26                	sw	s1,20(sp)
  2073a0:	c84a                	sw	s2,16(sp)
	if(dev && dev->w_protect == false) {
  2073a2:	00754783          	lbu	a5,7(a0)
  2073a6:	842a                	mv	s0,a0
	int ret = -1;
  2073a8:	557d                	li	a0,-1
	if(dev && dev->w_protect == false) {
  2073aa:	e7a1                	bnez	a5,2073f2 <flash_erase_page+0x5c>
		if(RUN_WITHOUT_INT == dev->run_mod) {
  2073ac:	00644783          	lbu	a5,6(s0)
  2073b0:	84ae                	mv	s1,a1
  2073b2:	8932                	mv	s2,a2
  2073b4:	e781                	bnez	a5,2073bc <flash_erase_page+0x26>
			if(dev->interrupt_disable != NULL) {
  2073b6:	485c                	lw	a5,20(s0)
  2073b8:	c391                	beqz	a5,2073bc <flash_erase_page+0x26>
				dev->interrupt_disable();
  2073ba:	9782                	jalr	a5
		if(dev->dualflash_mode != 0)
  2073bc:	00e44783          	lbu	a5,14(s0)
  2073c0:	c791                	beqz	a5,2073cc <flash_erase_page+0x36>
        	flash_dualflash_enable_excl(flash_dualflash_id_get(offset));
  2073c2:	8526                	mv	a0,s1
  2073c4:	e73f90ef          	jal	201236 <flash_dualflash_id_get>
  2073c8:	e53f90ef          	jal	20121a <flash_dualflash_enable_excl>
		ret = mxic_erase_page(dev, (unsigned int)offset, (unsigned int)size);
  2073cc:	864a                	mv	a2,s2
  2073ce:	85a6                	mv	a1,s1
  2073d0:	8522                	mv	a0,s0
  2073d2:	3f85                	jal	207342 <mxic_erase_page>
		if(dev->dualflash_mode != 0)
  2073d4:	00e44783          	lbu	a5,14(s0)
  2073d8:	c789                	beqz	a5,2073e2 <flash_erase_page+0x4c>
    outw(0x47600058, 0xffff0000);
  2073da:	476007b7          	lui	a5,0x47600
  2073de:	7741                	lui	a4,0xffff0
  2073e0:	cfb8                	sw	a4,88(a5)
		if(RUN_WITHOUT_INT == dev->run_mod) {
  2073e2:	00644783          	lbu	a5,6(s0)
  2073e6:	e791                	bnez	a5,2073f2 <flash_erase_page+0x5c>
			if(dev->interrupt_enable != NULL) {
  2073e8:	481c                	lw	a5,16(s0)
  2073ea:	c781                	beqz	a5,2073f2 <flash_erase_page+0x5c>
  2073ec:	c62a                	sw	a0,12(sp)
				dev->interrupt_enable();
  2073ee:	9782                	jalr	a5
  2073f0:	4532                	lw	a0,12(sp)
}
  2073f2:	40f2                	lw	ra,28(sp)
  2073f4:	4462                	lw	s0,24(sp)
  2073f6:	44d2                	lw	s1,20(sp)
  2073f8:	4942                	lw	s2,16(sp)
  2073fa:	6105                	add	sp,sp,32
  2073fc:	8082                	ret
	int ret = -1;
  2073fe:	557d                	li	a0,-1
}
  207400:	8082                	ret

00207402 <_mxic_program>:
{
  207402:	7179                	add	sp,sp,-48
  207404:	d226                	sw	s1,36(sp)
  207406:	d04a                	sw	s2,32(sp)
  207408:	ce4e                	sw	s3,28(sp)
  20740a:	cc52                	sw	s4,24(sp)
  20740c:	ca56                	sw	s5,20(sp)
  20740e:	d606                	sw	ra,44(sp)
  207410:	d422                	sw	s0,40(sp)
  207412:	8a2a                	mv	s4,a0
  207414:	892e                	mv	s2,a1
  207416:	89b2                	mv	s3,a2
  207418:	84b6                	mv	s1,a3
		step_size = SPIROM_PAGE_SIZE - (FlashAddr & SPIROM_PAGE_MASK);
  20741a:	10000a93          	li	s5,256
  20741e:	0ff97413          	zext.b	s0,s2
  207422:	408a8433          	sub	s0,s5,s0
		result = mxic_wr_en(dev);
  207426:	8552                	mv	a0,s4
		step_size = (step_size > remain_size) ? remain_size : step_size;
  207428:	0a84d433          	minu	s0,s1,s0
		result = mxic_wr_en(dev);
  20742c:	3c55                	jal	206ee0 <mxic_wr_en>
		if(result) break;
  20742e:	e11d                	bnez	a0,207454 <_mxic_program+0x52>
		result = spirom_cmd_send(dev, SPIROM_CMD_PROGRAM, FlashAddr, step_size, pdata, &RetData);
  207430:	007c                	add	a5,sp,12
  207432:	874e                	mv	a4,s3
  207434:	86a2                	mv	a3,s0
  207436:	864a                	mv	a2,s2
  207438:	4599                	li	a1,6
  20743a:	8552                	mv	a0,s4
  20743c:	dacff0ef          	jal	2069e8 <spirom_cmd_send>
		if(result != 0) {
  207440:	e911                	bnez	a0,207454 <_mxic_program+0x52>
		result = mxic_wr_rdy(dev);
  207442:	8552                	mv	a0,s4
  207444:	3cc5                	jal	206f34 <mxic_wr_rdy>
		if(result) break;
  207446:	e519                	bnez	a0,207454 <_mxic_program+0x52>
		FlashAddr += step_size;
  207448:	9922                	add	s2,s2,s0
		pdata = (unsigned int *)((unsigned int)pdata + step_size);
  20744a:	99a2                	add	s3,s3,s0
		remain_size -= step_size;
  20744c:	40848533          	sub	a0,s1,s0
    }while(remain_size);
  207450:	00849b63          	bne	s1,s0,207466 <_mxic_program+0x64>
}
  207454:	50b2                	lw	ra,44(sp)
  207456:	5422                	lw	s0,40(sp)
  207458:	5492                	lw	s1,36(sp)
  20745a:	5902                	lw	s2,32(sp)
  20745c:	49f2                	lw	s3,28(sp)
  20745e:	4a62                	lw	s4,24(sp)
  207460:	4ad2                	lw	s5,20(sp)
  207462:	6145                	add	sp,sp,48
  207464:	8082                	ret
		remain_size -= step_size;
  207466:	84aa                	mv	s1,a0
  207468:	bf5d                	j	20741e <_mxic_program+0x1c>

0020746a <mem_cpy>:
	for(int i = 0; i < size; i++) {
  20746a:	4781                	li	a5,0
  20746c:	00c7c363          	blt	a5,a2,207472 <mem_cpy+0x8>
}
  207470:	8082                	ret
		((unsigned char *)dst)[i] = ((unsigned char *)src)[i];
  207472:	00f58733          	add	a4,a1,a5
  207476:	00074683          	lbu	a3,0(a4) # ffff0000 <_end+0xdff48a0c>
  20747a:	00f50733          	add	a4,a0,a5
  20747e:	00d70023          	sb	a3,0(a4)
	for(int i = 0; i < size; i++) {
  207482:	0785                	add	a5,a5,1 # 47600001 <_end+0x27558a0d>
  207484:	b7e5                	j	20746c <mem_cpy+0x2>

00207486 <mxic_program>:
{
  207486:	7179                	add	sp,sp,-48
  207488:	d226                	sw	s1,36(sp)
		FirstWrite = 4 - ((unsigned int)start & 0x3);
  20748a:	4791                	li	a5,4
  20748c:	00367493          	and	s1,a2,3
{
  207490:	d422                	sw	s0,40(sp)
  207492:	d04a                	sw	s2,32(sp)
  207494:	ce4e                	sw	s3,28(sp)
  207496:	cc52                	sw	s4,24(sp)
  207498:	d606                	sw	ra,44(sp)
  20749a:	ca56                	sw	s5,20(sp)
		FirstWrite = 4 - ((unsigned int)start & 0x3);
  20749c:	409784b3          	sub	s1,a5,s1
{
  2074a0:	8a2a                	mv	s4,a0
  2074a2:	89ae                	mv	s3,a1
  2074a4:	8932                	mv	s2,a2
  2074a6:	8436                	mv	s0,a3
		if(FirstWrite == 4) {
  2074a8:	00f49363          	bne	s1,a5,2074ae <mxic_program+0x28>
			FirstWrite = 0;
  2074ac:	4481                	li	s1,0
		if(DataSize > FirstWrite) {
  2074ae:	0684f263          	bgeu	s1,s0,207512 <mxic_program+0x8c>
			LastWrite = (DataSize - FirstWrite) & 0x3;
  2074b2:	8c05                	sub	s0,s0,s1
  2074b4:	00347a93          	and	s5,s0,3
			MidWrite = DataSize - FirstWrite - LastWrite;
  2074b8:	9871                	and	s0,s0,-4
		if(FirstWrite) {
  2074ba:	cc89                	beqz	s1,2074d4 <mxic_program+0x4e>
			mem_cpy(data, pdata, FirstWrite);
  2074bc:	8626                	mv	a2,s1
  2074be:	85ca                	mv	a1,s2
  2074c0:	0068                	add	a0,sp,12
  2074c2:	3765                	jal	20746a <mem_cpy>
			result = _mxic_program(dev, addr, (unsigned int*)data, FirstWrite);
  2074c4:	86a6                	mv	a3,s1
  2074c6:	0070                	add	a2,sp,12
  2074c8:	85ce                	mv	a1,s3
  2074ca:	8552                	mv	a0,s4
  2074cc:	3f1d                	jal	207402 <_mxic_program>
			if(result) break;
  2074ce:	ed19                	bnez	a0,2074ec <mxic_program+0x66>
			pdata += FirstWrite;
  2074d0:	9926                	add	s2,s2,s1
			addr += FirstWrite;
  2074d2:	99a6                	add	s3,s3,s1
		if(MidWrite) {
  2074d4:	c809                	beqz	s0,2074e6 <mxic_program+0x60>
			result = _mxic_program(dev, addr, (unsigned int*)pdata, MidWrite);
  2074d6:	86a2                	mv	a3,s0
  2074d8:	864a                	mv	a2,s2
  2074da:	85ce                	mv	a1,s3
  2074dc:	8552                	mv	a0,s4
  2074de:	3715                	jal	207402 <_mxic_program>
			if(result) break;
  2074e0:	e511                	bnez	a0,2074ec <mxic_program+0x66>
			pdata += MidWrite;
  2074e2:	9922                	add	s2,s2,s0
			addr += MidWrite;
  2074e4:	99a2                	add	s3,s3,s0
		if(LastWrite) {
  2074e6:	000a9c63          	bnez	s5,2074fe <mxic_program+0x78>
			MidWrite = 0;
  2074ea:	4501                	li	a0,0
}
  2074ec:	50b2                	lw	ra,44(sp)
  2074ee:	5422                	lw	s0,40(sp)
  2074f0:	5492                	lw	s1,36(sp)
  2074f2:	5902                	lw	s2,32(sp)
  2074f4:	49f2                	lw	s3,28(sp)
  2074f6:	4a62                	lw	s4,24(sp)
  2074f8:	4ad2                	lw	s5,20(sp)
  2074fa:	6145                	add	sp,sp,48
  2074fc:	8082                	ret
			mem_cpy(data, pdata, LastWrite);
  2074fe:	8656                	mv	a2,s5
  207500:	85ca                	mv	a1,s2
  207502:	0068                	add	a0,sp,12
  207504:	379d                	jal	20746a <mem_cpy>
			result = _mxic_program(dev, addr, (unsigned int*)data, LastWrite);
  207506:	86d6                	mv	a3,s5
  207508:	0070                	add	a2,sp,12
  20750a:	85ce                	mv	a1,s3
  20750c:	8552                	mv	a0,s4
  20750e:	3dd5                	jal	207402 <_mxic_program>
	return result;
  207510:	bff1                	j	2074ec <mxic_program+0x66>
		if(FirstWrite) {
  207512:	dc61                	beqz	s0,2074ea <mxic_program+0x64>
			FirstWrite = DataSize;
  207514:	84a2                	mv	s1,s0
			LastWrite = 0;
  207516:	4a81                	li	s5,0
			MidWrite = 0;
  207518:	4401                	li	s0,0
  20751a:	b74d                	j	2074bc <mxic_program+0x36>

0020751c <flash_write>:
	if(dev && dev->w_protect == false) {
  20751c:	cd51                	beqz	a0,2075b8 <flash_write+0x9c>
{
  20751e:	7139                	add	sp,sp,-64
  207520:	dc22                	sw	s0,56(sp)
  207522:	de06                	sw	ra,60(sp)
  207524:	da26                	sw	s1,52(sp)
  207526:	d84a                	sw	s2,48(sp)
  207528:	d64e                	sw	s3,44(sp)
	if(dev && dev->w_protect == false) {
  20752a:	00754783          	lbu	a5,7(a0)
  20752e:	842a                	mv	s0,a0
	int ret = -1;
  207530:	557d                	li	a0,-1
	if(dev && dev->w_protect == false) {
  207532:	efa5                	bnez	a5,2075aa <flash_write+0x8e>
		if(RUN_WITHOUT_INT == dev->run_mod) {
  207534:	00644783          	lbu	a5,6(s0)
  207538:	84ae                	mv	s1,a1
  20753a:	8932                	mv	s2,a2
  20753c:	89b6                	mv	s3,a3
  20753e:	e781                	bnez	a5,207546 <flash_write+0x2a>
			if(dev->interrupt_disable != NULL) {
  207540:	485c                	lw	a5,20(s0)
  207542:	c391                	beqz	a5,207546 <flash_write+0x2a>
				dev->interrupt_disable();
  207544:	9782                	jalr	a5
		if(dev->dualflash_mode != 0)
  207546:	00e44783          	lbu	a5,14(s0)
  20754a:	c791                	beqz	a5,207556 <flash_write+0x3a>
        	flash_dualflash_enable_excl(flash_dualflash_id_get(offset));
  20754c:	8526                	mv	a0,s1
  20754e:	ce9f90ef          	jal	201236 <flash_dualflash_id_get>
  207552:	cc9f90ef          	jal	20121a <flash_dualflash_enable_excl>
		ret = mxic_program(dev, (unsigned int)offset, (unsigned char *)data, (unsigned int)len);
  207556:	86ce                	mv	a3,s3
  207558:	864a                	mv	a2,s2
  20755a:	85a6                	mv	a1,s1
  20755c:	8522                	mv	a0,s0
  20755e:	3725                	jal	207486 <mxic_program>
		if(dev->dualflash_mode != 0)
  207560:	00e44783          	lbu	a5,14(s0)
  207564:	c789                	beqz	a5,20756e <flash_write+0x52>
    outw(0x47600058, 0xffff0000);
  207566:	476007b7          	lui	a5,0x47600
  20756a:	7741                	lui	a4,0xffff0
  20756c:	cfb8                	sw	a4,88(a5)
		if((IP_SYSCTRL->REG_CIPHER_CTRL3.bit.CIPHER_TGT_SLV_SEL == 1) && (IP_SYSCTRL->REG_CIPHER_CTRL3.bit.CIPHER_EN_REGION_A == 1)) {
  20756e:	46000737          	lui	a4,0x46000
  207572:	08c72783          	lw	a5,140(a4) # 4600008c <_end+0x25f58a98>
  207576:	4847d793          	bext	a5,a5,0x4
  20757a:	c385                	beqz	a5,20759a <flash_write+0x7e>
  20757c:	08c72703          	lw	a4,140(a4)
  207580:	8b05                	and	a4,a4,1
  207582:	00f71c63          	bne	a4,a5,20759a <flash_write+0x7e>
			__RV_CSR_WRITE(CSR_CCM_MCOMMAND, CCM_DC_INVAL_ALL);
  207586:	7ccbd073          	csrw	ccm_mcommand,23
			__RWMB();
  20758a:	0ff0000f          	fence
    __ASM volatile("fence.i");
  20758e:	0000100f          	fence.i
			result = *((int *)CP_CIPHER_REGION_A);
  207592:	080007b7          	lui	a5,0x8000
  207596:	439c                	lw	a5,0(a5)
  207598:	ce3e                	sw	a5,28(sp)
		if(RUN_WITHOUT_INT == dev->run_mod) {
  20759a:	00644783          	lbu	a5,6(s0)
  20759e:	e791                	bnez	a5,2075aa <flash_write+0x8e>
			if(dev->interrupt_enable != NULL) {
  2075a0:	481c                	lw	a5,16(s0)
  2075a2:	c781                	beqz	a5,2075aa <flash_write+0x8e>
  2075a4:	c62a                	sw	a0,12(sp)
				dev->interrupt_enable();
  2075a6:	9782                	jalr	a5
  2075a8:	4532                	lw	a0,12(sp)
}
  2075aa:	50f2                	lw	ra,60(sp)
  2075ac:	5462                	lw	s0,56(sp)
  2075ae:	54d2                	lw	s1,52(sp)
  2075b0:	5942                	lw	s2,48(sp)
  2075b2:	59b2                	lw	s3,44(sp)
  2075b4:	6121                	add	sp,sp,64
  2075b6:	8082                	ret
	int ret = -1;
  2075b8:	557d                	li	a0,-1
}
  2075ba:	8082                	ret

002075bc <_mxic_read>:
{
  2075bc:	7179                	add	sp,sp,-48
  2075be:	d422                	sw	s0,40(sp)
  2075c0:	d226                	sw	s1,36(sp)
  2075c2:	d04a                	sw	s2,32(sp)
  2075c4:	cc52                	sw	s4,24(sp)
  2075c6:	ca56                	sw	s5,20(sp)
  2075c8:	d606                	sw	ra,44(sp)
  2075ca:	ce4e                	sw	s3,28(sp)
  2075cc:	8a2a                	mv	s4,a0
  2075ce:	84ae                	mv	s1,a1
  2075d0:	8932                	mv	s2,a2
  2075d2:	8436                	mv	s0,a3
        if(DataSize >= 0x200)
  2075d4:	20000a93          	li	s5,512
    while(DataSize) {
  2075d8:	e819                	bnez	s0,2075ee <_mxic_read+0x32>
  2075da:	4501                	li	a0,0
}
  2075dc:	50b2                	lw	ra,44(sp)
  2075de:	5422                	lw	s0,40(sp)
  2075e0:	5492                	lw	s1,36(sp)
  2075e2:	5902                	lw	s2,32(sp)
  2075e4:	49f2                	lw	s3,28(sp)
  2075e6:	4a62                	lw	s4,24(sp)
  2075e8:	4ad2                	lw	s5,20(sp)
  2075ea:	6145                	add	sp,sp,48
  2075ec:	8082                	ret
        if(DataSize >= 0x200)
  2075ee:	0b5459b3          	minu	s3,s0,s5
        result = spirom_cmd_send(dev, SPIROM_CMD_READ, FlashAddr, CurrSize, (unsigned int*)start, &RetData);
  2075f2:	007c                	add	a5,sp,12
  2075f4:	874a                	mv	a4,s2
  2075f6:	86ce                	mv	a3,s3
  2075f8:	8626                	mv	a2,s1
  2075fa:	4581                	li	a1,0
  2075fc:	8552                	mv	a0,s4
  2075fe:	beaff0ef          	jal	2069e8 <spirom_cmd_send>
        if(result != 0) {
  207602:	fd69                	bnez	a0,2075dc <_mxic_read+0x20>
        FlashAddr += CurrSize;
  207604:	94ce                	add	s1,s1,s3
        start += CurrSize;
  207606:	994e                	add	s2,s2,s3
        DataSize -= CurrSize;
  207608:	41340433          	sub	s0,s0,s3
  20760c:	b7f1                	j	2075d8 <_mxic_read+0x1c>

0020760e <mxic_read>:
{
  20760e:	7179                	add	sp,sp,-48
  207610:	d04a                	sw	s2,32(sp)
		FirstRead = 4 - ((unsigned int)start & 0x3);
  207612:	4791                	li	a5,4
  207614:	00367913          	and	s2,a2,3
{
  207618:	d422                	sw	s0,40(sp)
  20761a:	ce4e                	sw	s3,28(sp)
  20761c:	cc52                	sw	s4,24(sp)
  20761e:	ca56                	sw	s5,20(sp)
  207620:	d606                	sw	ra,44(sp)
  207622:	d226                	sw	s1,36(sp)
  207624:	c85a                	sw	s6,16(sp)
		FirstRead = 4 - ((unsigned int)start & 0x3);
  207626:	41278933          	sub	s2,a5,s2
{
  20762a:	8aaa                	mv	s5,a0
  20762c:	8a2e                	mv	s4,a1
  20762e:	89b2                	mv	s3,a2
  207630:	8436                	mv	s0,a3
		if(FirstRead == 4) {
  207632:	00f91363          	bne	s2,a5,207638 <mxic_read+0x2a>
			FirstRead = 0;
  207636:	4901                	li	s2,0
		if(DataSize > FirstRead) {
  207638:	06897a63          	bgeu	s2,s0,2076ac <mxic_read+0x9e>
			LastRead = (DataSize - FirstRead) & 0x3;
  20763c:	41240433          	sub	s0,s0,s2
  207640:	00347b13          	and	s6,s0,3
			MidRead = DataSize - FirstRead - LastRead;
  207644:	9871                	and	s0,s0,-4
		if(FirstRead) {
  207646:	00090f63          	beqz	s2,207664 <mxic_read+0x56>
			result = _mxic_read(dev, addr, (unsigned int)data, FirstRead);
  20764a:	86ca                	mv	a3,s2
  20764c:	0070                	add	a2,sp,12
  20764e:	85d2                	mv	a1,s4
  207650:	8556                	mv	a0,s5
  207652:	37ad                	jal	2075bc <_mxic_read>
  207654:	84aa                	mv	s1,a0
			if(result) break;
  207656:	e505                	bnez	a0,20767e <mxic_read+0x70>
			mem_cpy(pdata, data, FirstRead);
  207658:	854e                	mv	a0,s3
  20765a:	864a                	mv	a2,s2
  20765c:	006c                	add	a1,sp,12
  20765e:	3531                	jal	20746a <mem_cpy>
			pdata += FirstRead;
  207660:	99ca                	add	s3,s3,s2
			addr += FirstRead;
  207662:	9a4a                	add	s4,s4,s2
		if(MidRead) {
  207664:	c811                	beqz	s0,207678 <mxic_read+0x6a>
			result = _mxic_read(dev, addr, (unsigned int)pdata, MidRead);
  207666:	86a2                	mv	a3,s0
  207668:	864e                	mv	a2,s3
  20766a:	85d2                	mv	a1,s4
  20766c:	8556                	mv	a0,s5
  20766e:	37b9                	jal	2075bc <_mxic_read>
  207670:	84aa                	mv	s1,a0
			if(result) break;
  207672:	e511                	bnez	a0,20767e <mxic_read+0x70>
			pdata += MidRead;
  207674:	99a2                	add	s3,s3,s0
			addr += MidRead;
  207676:	9a22                	add	s4,s4,s0
		if(LastRead) {
  207678:	000b1e63          	bnez	s6,207694 <mxic_read+0x86>
			MidRead = 0;
  20767c:	4481                	li	s1,0
}
  20767e:	50b2                	lw	ra,44(sp)
  207680:	5422                	lw	s0,40(sp)
  207682:	8526                	mv	a0,s1
  207684:	5902                	lw	s2,32(sp)
  207686:	5492                	lw	s1,36(sp)
  207688:	49f2                	lw	s3,28(sp)
  20768a:	4a62                	lw	s4,24(sp)
  20768c:	4ad2                	lw	s5,20(sp)
  20768e:	4b42                	lw	s6,16(sp)
  207690:	6145                	add	sp,sp,48
  207692:	8082                	ret
			result = _mxic_read(dev, addr, (unsigned int)data, LastRead);
  207694:	86da                	mv	a3,s6
  207696:	0070                	add	a2,sp,12
  207698:	85d2                	mv	a1,s4
  20769a:	8556                	mv	a0,s5
  20769c:	3705                	jal	2075bc <_mxic_read>
  20769e:	84aa                	mv	s1,a0
			if(result) break;
  2076a0:	fd79                	bnez	a0,20767e <mxic_read+0x70>
			mem_cpy(pdata, data, LastRead);
  2076a2:	865a                	mv	a2,s6
  2076a4:	006c                	add	a1,sp,12
  2076a6:	854e                	mv	a0,s3
  2076a8:	33c9                	jal	20746a <mem_cpy>
    return result;
  2076aa:	bfd1                	j	20767e <mxic_read+0x70>
		if(FirstRead) {
  2076ac:	d861                	beqz	s0,20767c <mxic_read+0x6e>
			FirstRead = DataSize;
  2076ae:	8922                	mv	s2,s0
			LastRead = 0;
  2076b0:	4b01                	li	s6,0
			MidRead = 0;
  2076b2:	4401                	li	s0,0
  2076b4:	bf59                	j	20764a <mxic_read+0x3c>

002076b6 <flash_read>:
		if(dev == NULL) break;
  2076b6:	cd1d                	beqz	a0,2076f4 <flash_read+0x3e>
{
  2076b8:	1101                	add	sp,sp,-32
  2076ba:	cc22                	sw	s0,24(sp)
  2076bc:	ce06                	sw	ra,28(sp)
		if(RUN_WITHOUT_INT == dev->run_mod) {
  2076be:	00654783          	lbu	a5,6(a0)
  2076c2:	842a                	mv	s0,a0
  2076c4:	eb91                	bnez	a5,2076d8 <flash_read+0x22>
			if(dev->interrupt_disable != NULL) {
  2076c6:	495c                	lw	a5,20(a0)
  2076c8:	cb81                	beqz	a5,2076d8 <flash_read+0x22>
  2076ca:	c636                	sw	a3,12(sp)
  2076cc:	c432                	sw	a2,8(sp)
  2076ce:	c22e                	sw	a1,4(sp)
				dev->interrupt_disable();
  2076d0:	9782                	jalr	a5
  2076d2:	46b2                	lw	a3,12(sp)
  2076d4:	4622                	lw	a2,8(sp)
  2076d6:	4592                	lw	a1,4(sp)
		ret = mxic_read(dev, (unsigned int)offset, (unsigned char *)data, (unsigned int)len);
  2076d8:	8522                	mv	a0,s0
  2076da:	3f15                	jal	20760e <mxic_read>
		if(RUN_WITHOUT_INT == dev->run_mod) {
  2076dc:	00644783          	lbu	a5,6(s0)
  2076e0:	e791                	bnez	a5,2076ec <flash_read+0x36>
			if(dev->interrupt_enable != NULL) {
  2076e2:	481c                	lw	a5,16(s0)
  2076e4:	c781                	beqz	a5,2076ec <flash_read+0x36>
  2076e6:	c22a                	sw	a0,4(sp)
				dev->interrupt_enable();
  2076e8:	9782                	jalr	a5
  2076ea:	4512                	lw	a0,4(sp)
}
  2076ec:	40f2                	lw	ra,28(sp)
  2076ee:	4462                	lw	s0,24(sp)
  2076f0:	6105                	add	sp,sp,32
  2076f2:	8082                	ret
	int ret = -1;
  2076f4:	557d                	li	a0,-1
}
  2076f6:	8082                	ret

002076f8 <mxic_set_wrsr>:
{
  2076f8:	7179                	add	sp,sp,-48
  2076fa:	d422                	sw	s0,40(sp)
  2076fc:	d606                	sw	ra,44(sp)
  2076fe:	842a                	mv	s0,a0
  207700:	c62e                	sw	a1,12(sp)
		result = mxic_wr_en(dev);
  207702:	fdeff0ef          	jal	206ee0 <mxic_wr_en>
		if(result) break;
  207706:	4632                	lw	a2,12(sp)
  207708:	ed19                	bnez	a0,207726 <mxic_set_wrsr+0x2e>
		result = spirom_cmd_send(dev, SPIROM_CMD_WRSR, uiStat, 0, NULL, &RetData);
  20770a:	087c                	add	a5,sp,28
  20770c:	4701                	li	a4,0
  20770e:	4681                	li	a3,0
  207710:	45b5                	li	a1,13
  207712:	8522                	mv	a0,s0
  207714:	ad4ff0ef          	jal	2069e8 <spirom_cmd_send>
		if(result) break;
  207718:	e519                	bnez	a0,207726 <mxic_set_wrsr+0x2e>
		result = mxic_wr_rdy(dev);
  20771a:	8522                	mv	a0,s0
}
  20771c:	5422                	lw	s0,40(sp)
  20771e:	50b2                	lw	ra,44(sp)
  207720:	6145                	add	sp,sp,48
		result = mxic_wr_rdy(dev);
  207722:	813ff06f          	j	206f34 <mxic_wr_rdy>
}
  207726:	50b2                	lw	ra,44(sp)
  207728:	5422                	lw	s0,40(sp)
  20772a:	6145                	add	sp,sp,48
  20772c:	8082                	ret

0020772e <mxic_lock>:
{
  20772e:	1101                	add	sp,sp,-32
    spirom_cmd_send(dev, SPIROM_CMD_RDST, 0x0, 0, NULL, &RetData);
  207730:	007c                	add	a5,sp,12
  207732:	4701                	li	a4,0
  207734:	4681                	li	a3,0
  207736:	4601                	li	a2,0
  207738:	4589                	li	a1,2
{
  20773a:	ce06                	sw	ra,28(sp)
  20773c:	cc22                	sw	s0,24(sp)
    unsigned int RetData = 0;
  20773e:	c602                	sw	zero,12(sp)
{
  207740:	842a                	mv	s0,a0
    spirom_cmd_send(dev, SPIROM_CMD_RDST, 0x0, 0, NULL, &RetData);
  207742:	aa6ff0ef          	jal	2069e8 <spirom_cmd_send>
    mxic_set_wrsr(dev, RetData | 0x3C);
  207746:	45b2                	lw	a1,12(sp)
  207748:	03c5e593          	or	a1,a1,60
  20774c:	8522                	mv	a0,s0
  20774e:	376d                	jal	2076f8 <mxic_set_wrsr>
    spirom_cmd_send(dev, SPIROM_CMD_RDST, 0x0, 0, NULL, &RetData);
  207750:	007c                	add	a5,sp,12
  207752:	8522                	mv	a0,s0
  207754:	4701                	li	a4,0
  207756:	4681                	li	a3,0
  207758:	4601                	li	a2,0
  20775a:	4589                	li	a1,2
  20775c:	a8cff0ef          	jal	2069e8 <spirom_cmd_send>
}
  207760:	40f2                	lw	ra,28(sp)
  207762:	4462                	lw	s0,24(sp)
  207764:	4501                	li	a0,0
  207766:	6105                	add	sp,sp,32
  207768:	8082                	ret

0020776a <mxic_unlock>:
{
  20776a:	1101                	add	sp,sp,-32
    spirom_cmd_send(dev, SPIROM_CMD_RDST, 0x0, 0, NULL, &RetData);
  20776c:	007c                	add	a5,sp,12
  20776e:	4701                	li	a4,0
  207770:	4681                	li	a3,0
  207772:	4601                	li	a2,0
  207774:	4589                	li	a1,2
{
  207776:	ce06                	sw	ra,28(sp)
  207778:	cc22                	sw	s0,24(sp)
    unsigned int RetData = 0;
  20777a:	c602                	sw	zero,12(sp)
{
  20777c:	842a                	mv	s0,a0
    spirom_cmd_send(dev, SPIROM_CMD_RDST, 0x0, 0, NULL, &RetData);
  20777e:	a6aff0ef          	jal	2069e8 <spirom_cmd_send>
    mxic_set_wrsr(dev, RetData & ~0x3C);
  207782:	45b2                	lw	a1,12(sp)
  207784:	fc35f593          	and	a1,a1,-61
  207788:	8522                	mv	a0,s0
  20778a:	37bd                	jal	2076f8 <mxic_set_wrsr>
    spirom_cmd_send(dev, SPIROM_CMD_RDST, 0x0, 0, NULL, &RetData);
  20778c:	007c                	add	a5,sp,12
  20778e:	8522                	mv	a0,s0
  207790:	4701                	li	a4,0
  207792:	4681                	li	a3,0
  207794:	4601                	li	a2,0
  207796:	4589                	li	a1,2
  207798:	a50ff0ef          	jal	2069e8 <spirom_cmd_send>
}
  20779c:	40f2                	lw	ra,28(sp)
  20779e:	4462                	lw	s0,24(sp)
  2077a0:	4501                	li	a0,0
  2077a2:	6105                	add	sp,sp,32
  2077a4:	8082                	ret

002077a6 <mxic_qd_bit>:
{
  2077a6:	1101                	add	sp,sp,-32
		result = spirom_cmd_send(dev, SPIROM_CMD_RDST2, 0x0, 0, NULL, &buf2);
  2077a8:	007c                	add	a5,sp,12
  2077aa:	4701                	li	a4,0
  2077ac:	4681                	li	a3,0
  2077ae:	4601                	li	a2,0
  2077b0:	45b9                	li	a1,14
{
  2077b2:	ce06                	sw	ra,28(sp)
		result = spirom_cmd_send(dev, SPIROM_CMD_RDST2, 0x0, 0, NULL, &buf2);
  2077b4:	a34ff0ef          	jal	2069e8 <spirom_cmd_send>
		if(result) break;
  2077b8:	e501                	bnez	a0,2077c0 <mxic_qd_bit+0x1a>
		if(buf2 & 0x2) {//if it is in QE mode, return 1, else return 0
  2077ba:	4532                	lw	a0,12(sp)
  2077bc:	48155513          	bext	a0,a0,0x1
}
  2077c0:	40f2                	lw	ra,28(sp)
  2077c2:	6105                	add	sp,sp,32
  2077c4:	8082                	ret

002077c6 <mxic_enable_qd>:
{
  2077c6:	1101                	add	sp,sp,-32
		result = spirom_cmd_send(dev, SPIROM_CMD_RDST2, 0x0, 0, NULL, &buf2);
  2077c8:	003c                	add	a5,sp,8
  2077ca:	4701                	li	a4,0
  2077cc:	4681                	li	a3,0
  2077ce:	4601                	li	a2,0
  2077d0:	45b9                	li	a1,14
{
  2077d2:	ca26                	sw	s1,20(sp)
  2077d4:	ce06                	sw	ra,28(sp)
  2077d6:	cc22                	sw	s0,24(sp)
  2077d8:	84aa                	mv	s1,a0
		result = spirom_cmd_send(dev, SPIROM_CMD_RDST2, 0x0, 0, NULL, &buf2);
  2077da:	a0eff0ef          	jal	2069e8 <spirom_cmd_send>
		if(result) break;
  2077de:	e535                	bnez	a0,20784a <mxic_enable_qd+0x84>
		if(buf2 & 0x2) {//if it is in QE mode, return
  2077e0:	4422                	lw	s0,8(sp)
  2077e2:	00247793          	and	a5,s0,2
  2077e6:	e3b5                	bnez	a5,20784a <mxic_enable_qd+0x84>
			buf2 |= 0x2;
  2077e8:	00246413          	or	s0,s0,2
			result = spirom_cmd_send(dev, SPIROM_CMD_RDST, 0x0, 0, NULL, &buf_st12);
  2077ec:	007c                	add	a5,sp,12
  2077ee:	4701                	li	a4,0
  2077f0:	4681                	li	a3,0
  2077f2:	4601                	li	a2,0
  2077f4:	4589                	li	a1,2
  2077f6:	8526                	mv	a0,s1
			buf2 |= 0x2;
  2077f8:	c422                	sw	s0,8(sp)
			result = spirom_cmd_send(dev, SPIROM_CMD_RDST, 0x0, 0, NULL, &buf_st12);
  2077fa:	9eeff0ef          	jal	2069e8 <spirom_cmd_send>
			if(result) break;
  2077fe:	e531                	bnez	a0,20784a <mxic_enable_qd+0x84>
			buf_st12 |= (buf2 << 8);
  207800:	47b2                	lw	a5,12(sp)
  207802:	0422                	sll	s0,s0,0x8
  207804:	8c5d                	or	s0,s0,a5
			result = mxic_wr_en(dev);
  207806:	8526                	mv	a0,s1
			buf_st12 |= (buf2 << 8);
  207808:	c622                	sw	s0,12(sp)
			result = mxic_wr_en(dev);
  20780a:	ed6ff0ef          	jal	206ee0 <mxic_wr_en>
			if(result) break;
  20780e:	ed15                	bnez	a0,20784a <mxic_enable_qd+0x84>
			result = spirom_cmd_send(dev, SPIROM_CMD_WRSR, buf_st12, 1, NULL, &buf1);
  207810:	005c                	add	a5,sp,4
  207812:	4701                	li	a4,0
  207814:	4685                	li	a3,1
  207816:	8622                	mv	a2,s0
  207818:	45b5                	li	a1,13
  20781a:	8526                	mv	a0,s1
  20781c:	9ccff0ef          	jal	2069e8 <spirom_cmd_send>
			if(result) break;
  207820:	e50d                	bnez	a0,20784a <mxic_enable_qd+0x84>
			result = mxic_wr_rdy(dev);
  207822:	8526                	mv	a0,s1
  207824:	f10ff0ef          	jal	206f34 <mxic_wr_rdy>
			if(result) break;
  207828:	e10d                	bnez	a0,20784a <mxic_enable_qd+0x84>
			result = spirom_cmd_send(dev, SPIROM_CMD_RDST2, 0x0, 0, NULL, &buf2);
  20782a:	003c                	add	a5,sp,8
  20782c:	4701                	li	a4,0
  20782e:	4681                	li	a3,0
  207830:	4601                	li	a2,0
  207832:	45b9                	li	a1,14
  207834:	8526                	mv	a0,s1
  207836:	9b2ff0ef          	jal	2069e8 <spirom_cmd_send>
			if(result) break;
  20783a:	e901                	bnez	a0,20784a <mxic_enable_qd+0x84>
			if(buf2 & 0x2) {//QE mode enabled
  20783c:	4522                	lw	a0,8(sp)
  20783e:	00254513          	xor	a0,a0,2
  207842:	48155513          	bext	a0,a0,0x1
  207846:	40a00533          	neg	a0,a0
}
  20784a:	40f2                	lw	ra,28(sp)
  20784c:	4462                	lw	s0,24(sp)
  20784e:	44d2                	lw	s1,20(sp)
  207850:	6105                	add	sp,sp,32
  207852:	8082                	ret

00207854 <mxic_disable_qd>:
{
  207854:	1101                	add	sp,sp,-32
		result = spirom_cmd_send(dev, SPIROM_CMD_RDST2, 0x0, 0, NULL, &buf2);
  207856:	003c                	add	a5,sp,8
  207858:	4701                	li	a4,0
  20785a:	4681                	li	a3,0
  20785c:	4601                	li	a2,0
  20785e:	45b9                	li	a1,14
{
  207860:	ca26                	sw	s1,20(sp)
  207862:	ce06                	sw	ra,28(sp)
  207864:	cc22                	sw	s0,24(sp)
  207866:	84aa                	mv	s1,a0
		result = spirom_cmd_send(dev, SPIROM_CMD_RDST2, 0x0, 0, NULL, &buf2);
  207868:	980ff0ef          	jal	2069e8 <spirom_cmd_send>
		if(result) break;
  20786c:	e921                	bnez	a0,2078bc <mxic_disable_qd+0x68>
		if(buf2 & 0x2) {//if it is in QE mode
  20786e:	4422                	lw	s0,8(sp)
  207870:	00247793          	and	a5,s0,2
  207874:	c7a1                	beqz	a5,2078bc <mxic_disable_qd+0x68>
			buf2 &= ~0x2;
  207876:	9875                	and	s0,s0,-3
			result = spirom_cmd_send(dev, SPIROM_CMD_RDST, 0x0, 0, NULL, &buf_st12);
  207878:	007c                	add	a5,sp,12
  20787a:	4701                	li	a4,0
  20787c:	4681                	li	a3,0
  20787e:	4601                	li	a2,0
  207880:	4589                	li	a1,2
  207882:	8526                	mv	a0,s1
			buf2 &= ~0x2;
  207884:	c422                	sw	s0,8(sp)
			result = spirom_cmd_send(dev, SPIROM_CMD_RDST, 0x0, 0, NULL, &buf_st12);
  207886:	962ff0ef          	jal	2069e8 <spirom_cmd_send>
			if(result) break;
  20788a:	e90d                	bnez	a0,2078bc <mxic_disable_qd+0x68>
			buf_st12 |= (buf2 << 8);
  20788c:	47b2                	lw	a5,12(sp)
  20788e:	0422                	sll	s0,s0,0x8
  207890:	8c5d                	or	s0,s0,a5
			result = mxic_wr_en(dev);
  207892:	8526                	mv	a0,s1
			buf_st12 |= (buf2 << 8);
  207894:	c622                	sw	s0,12(sp)
			result = mxic_wr_en(dev);
  207896:	e4aff0ef          	jal	206ee0 <mxic_wr_en>
			if(result) break;
  20789a:	e10d                	bnez	a0,2078bc <mxic_disable_qd+0x68>
			result = spirom_cmd_send(dev, SPIROM_CMD_WRSR, buf_st12, 1, NULL, &buf1);
  20789c:	005c                	add	a5,sp,4
  20789e:	4701                	li	a4,0
  2078a0:	4685                	li	a3,1
  2078a2:	8622                	mv	a2,s0
  2078a4:	45b5                	li	a1,13
  2078a6:	8526                	mv	a0,s1
  2078a8:	940ff0ef          	jal	2069e8 <spirom_cmd_send>
			if(result) break;
  2078ac:	e901                	bnez	a0,2078bc <mxic_disable_qd+0x68>
}
  2078ae:	4462                	lw	s0,24(sp)
  2078b0:	40f2                	lw	ra,28(sp)
			result = mxic_wr_rdy(dev);
  2078b2:	8526                	mv	a0,s1
}
  2078b4:	44d2                	lw	s1,20(sp)
  2078b6:	6105                	add	sp,sp,32
			result = mxic_wr_rdy(dev);
  2078b8:	e7cff06f          	j	206f34 <mxic_wr_rdy>
}
  2078bc:	40f2                	lw	ra,28(sp)
  2078be:	4462                	lw	s0,24(sp)
  2078c0:	44d2                	lw	s1,20(sp)
  2078c2:	6105                	add	sp,sp,32
  2078c4:	8082                	ret

002078c6 <mxic_enable_dc>:
{
  2078c6:	7179                	add	sp,sp,-48
		result = spirom_cmd_send(dev, SPIROM_CMD_RDST3, 0x0, 0, NULL, &buf2);
  2078c8:	087c                	add	a5,sp,28
  2078ca:	4701                	li	a4,0
  2078cc:	4681                	li	a3,0
  2078ce:	4601                	li	a2,0
  2078d0:	45c9                	li	a1,18
{
  2078d2:	d422                	sw	s0,40(sp)
  2078d4:	d606                	sw	ra,44(sp)
  2078d6:	842a                	mv	s0,a0
		result = spirom_cmd_send(dev, SPIROM_CMD_RDST3, 0x0, 0, NULL, &buf2);
  2078d8:	910ff0ef          	jal	2069e8 <spirom_cmd_send>
		if(result) break;
  2078dc:	ed05                	bnez	a0,207914 <mxic_enable_dc+0x4e>
		if(buf2 & 0x1) { //if DC bit is set
  2078de:	4672                	lw	a2,28(sp)
  2078e0:	00167793          	and	a5,a2,1
  2078e4:	eb85                	bnez	a5,207914 <mxic_enable_dc+0x4e>
			buf2 |= 0x1;
  2078e6:	00166613          	or	a2,a2,1
			result = mxic_wr_en(dev);
  2078ea:	8522                	mv	a0,s0
			buf2 |= 0x1;
  2078ec:	ce32                	sw	a2,28(sp)
  2078ee:	c632                	sw	a2,12(sp)
			result = mxic_wr_en(dev);
  2078f0:	df0ff0ef          	jal	206ee0 <mxic_wr_en>
			if(result) break;
  2078f4:	4632                	lw	a2,12(sp)
  2078f6:	ed19                	bnez	a0,207914 <mxic_enable_dc+0x4e>
			result = spirom_cmd_send(dev, SPIROM_CMD_WRSR3, buf2, 0, NULL, &buf1);
  2078f8:	083c                	add	a5,sp,24
  2078fa:	4701                	li	a4,0
  2078fc:	4681                	li	a3,0
  2078fe:	45cd                	li	a1,19
  207900:	8522                	mv	a0,s0
  207902:	8e6ff0ef          	jal	2069e8 <spirom_cmd_send>
			if(result) break;
  207906:	e519                	bnez	a0,207914 <mxic_enable_dc+0x4e>
			result = mxic_wr_rdy(dev);
  207908:	8522                	mv	a0,s0
}
  20790a:	5422                	lw	s0,40(sp)
  20790c:	50b2                	lw	ra,44(sp)
  20790e:	6145                	add	sp,sp,48
			result = mxic_wr_rdy(dev);
  207910:	e24ff06f          	j	206f34 <mxic_wr_rdy>
}
  207914:	50b2                	lw	ra,44(sp)
  207916:	5422                	lw	s0,40(sp)
  207918:	6145                	add	sp,sp,48
  20791a:	8082                	ret

0020791c <mxic_disable_dc>:
{
  20791c:	7179                	add	sp,sp,-48
		result = spirom_cmd_send(dev, SPIROM_CMD_RDST3, 0x0, 0, NULL, &buf2);
  20791e:	087c                	add	a5,sp,28
  207920:	4701                	li	a4,0
  207922:	4681                	li	a3,0
  207924:	4601                	li	a2,0
  207926:	45c9                	li	a1,18
{
  207928:	d422                	sw	s0,40(sp)
  20792a:	d606                	sw	ra,44(sp)
  20792c:	842a                	mv	s0,a0
		result = spirom_cmd_send(dev, SPIROM_CMD_RDST3, 0x0, 0, NULL, &buf2);
  20792e:	8baff0ef          	jal	2069e8 <spirom_cmd_send>
		if(result) break;
  207932:	e91d                	bnez	a0,207968 <mxic_disable_dc+0x4c>
		if(buf2 & 0x1) { //if DC bit is set
  207934:	4672                	lw	a2,28(sp)
  207936:	00167793          	and	a5,a2,1
  20793a:	c79d                	beqz	a5,207968 <mxic_disable_dc+0x4c>
			buf2 &= ~0x1;
  20793c:	9a79                	and	a2,a2,-2
			result = mxic_wr_en(dev);
  20793e:	8522                	mv	a0,s0
			buf2 &= ~0x1;
  207940:	ce32                	sw	a2,28(sp)
  207942:	c632                	sw	a2,12(sp)
			result = mxic_wr_en(dev);
  207944:	d9cff0ef          	jal	206ee0 <mxic_wr_en>
			if(result) break;
  207948:	4632                	lw	a2,12(sp)
  20794a:	ed19                	bnez	a0,207968 <mxic_disable_dc+0x4c>
			result = spirom_cmd_send(dev, SPIROM_CMD_WRSR3, buf2, 0, NULL, &buf1);
  20794c:	083c                	add	a5,sp,24
  20794e:	4701                	li	a4,0
  207950:	4681                	li	a3,0
  207952:	45cd                	li	a1,19
  207954:	8522                	mv	a0,s0
  207956:	892ff0ef          	jal	2069e8 <spirom_cmd_send>
			if(result) break;
  20795a:	e519                	bnez	a0,207968 <mxic_disable_dc+0x4c>
			result = mxic_wr_rdy(dev);
  20795c:	8522                	mv	a0,s0
}
  20795e:	5422                	lw	s0,40(sp)
  207960:	50b2                	lw	ra,44(sp)
  207962:	6145                	add	sp,sp,48
			result = mxic_wr_rdy(dev);
  207964:	dd0ff06f          	j	206f34 <mxic_wr_rdy>
}
  207968:	50b2                	lw	ra,44(sp)
  20796a:	5422                	lw	s0,40(sp)
  20796c:	6145                	add	sp,sp,48
  20796e:	8082                	ret

00207970 <mxic_get_dc>:
{
  207970:	1101                	add	sp,sp,-32
  207972:	cc22                	sw	s0,24(sp)
		result = spirom_cmd_send(dev, SPIROM_CMD_RDST3, 0x0, 0, NULL, &buf2);
  207974:	007c                	add	a5,sp,12
{
  207976:	842e                	mv	s0,a1
		result = spirom_cmd_send(dev, SPIROM_CMD_RDST3, 0x0, 0, NULL, &buf2);
  207978:	4701                	li	a4,0
  20797a:	4681                	li	a3,0
  20797c:	4601                	li	a2,0
  20797e:	45c9                	li	a1,18
{
  207980:	ce06                	sw	ra,28(sp)
		result = spirom_cmd_send(dev, SPIROM_CMD_RDST3, 0x0, 0, NULL, &buf2);
  207982:	866ff0ef          	jal	2069e8 <spirom_cmd_send>
		if(result) break;
  207986:	e509                	bnez	a0,207990 <mxic_get_dc+0x20>
		*dc = buf2 & 0x1;
  207988:	47b2                	lw	a5,12(sp)
  20798a:	8b85                	and	a5,a5,1
  20798c:	00f40023          	sb	a5,0(s0)
}
  207990:	40f2                	lw	ra,28(sp)
  207992:	4462                	lw	s0,24(sp)
  207994:	6105                	add	sp,sp,32
  207996:	8082                	ret

00207998 <mxic_security_program>:
{
  207998:	7179                	add	sp,sp,-48
  20799a:	d422                	sw	s0,40(sp)
  20799c:	d226                	sw	s1,36(sp)
  20799e:	d606                	sw	ra,44(sp)
  2079a0:	842a                	mv	s0,a0
  2079a2:	84ae                	mv	s1,a1
  2079a4:	c632                	sw	a2,12(sp)
  2079a6:	c436                	sw	a3,8(sp)
	result = mxic_wr_en(dev);
  2079a8:	d38ff0ef          	jal	206ee0 <mxic_wr_en>
	if(result) return result;
  2079ac:	e10d                	bnez	a0,2079ce <mxic_security_program+0x36>
	result = spirom_cmd_send(dev, SPIROM_CMD_SEC_PRGM, FlashAddr, DataSize, (unsigned int*)start, &RetData);
  2079ae:	087c                	add	a5,sp,28
  2079b0:	4732                	lw	a4,12(sp)
  2079b2:	46a2                	lw	a3,8(sp)
  2079b4:	8626                	mv	a2,s1
  2079b6:	45e1                	li	a1,24
  2079b8:	8522                	mv	a0,s0
  2079ba:	82eff0ef          	jal	2069e8 <spirom_cmd_send>
	if(result != 0) {
  2079be:	e901                	bnez	a0,2079ce <mxic_security_program+0x36>
	result = mxic_wr_rdy(dev);
  2079c0:	8522                	mv	a0,s0
}
  2079c2:	5422                	lw	s0,40(sp)
  2079c4:	50b2                	lw	ra,44(sp)
  2079c6:	5492                	lw	s1,36(sp)
  2079c8:	6145                	add	sp,sp,48
	result = mxic_wr_rdy(dev);
  2079ca:	d6aff06f          	j	206f34 <mxic_wr_rdy>
}
  2079ce:	50b2                	lw	ra,44(sp)
  2079d0:	5422                	lw	s0,40(sp)
  2079d2:	5492                	lw	s1,36(sp)
  2079d4:	6145                	add	sp,sp,48
  2079d6:	8082                	ret

002079d8 <flash_security_write>:
	if(dev && dev->w_protect == false) {
  2079d8:	c139                	beqz	a0,207a1e <flash_security_write+0x46>
{
  2079da:	1101                	add	sp,sp,-32
  2079dc:	cc22                	sw	s0,24(sp)
  2079de:	ce06                	sw	ra,28(sp)
	if(dev && dev->w_protect == false) {
  2079e0:	00754783          	lbu	a5,7(a0)
  2079e4:	842a                	mv	s0,a0
	int ret = -1;
  2079e6:	557d                	li	a0,-1
	if(dev && dev->w_protect == false) {
  2079e8:	e79d                	bnez	a5,207a16 <flash_security_write+0x3e>
		if(RUN_WITHOUT_INT == dev->run_mod) {
  2079ea:	00644783          	lbu	a5,6(s0)
  2079ee:	eb91                	bnez	a5,207a02 <flash_security_write+0x2a>
			if(dev->interrupt_disable != NULL) {
  2079f0:	485c                	lw	a5,20(s0)
  2079f2:	cb81                	beqz	a5,207a02 <flash_security_write+0x2a>
  2079f4:	c636                	sw	a3,12(sp)
  2079f6:	c432                	sw	a2,8(sp)
  2079f8:	c22e                	sw	a1,4(sp)
				dev->interrupt_disable();
  2079fa:	9782                	jalr	a5
  2079fc:	46b2                	lw	a3,12(sp)
  2079fe:	4622                	lw	a2,8(sp)
  207a00:	4592                	lw	a1,4(sp)
		ret = mxic_security_program(dev, (unsigned int)offset, (unsigned char *)data, (unsigned int)len);
  207a02:	8522                	mv	a0,s0
  207a04:	3f51                	jal	207998 <mxic_security_program>
		if(RUN_WITHOUT_INT == dev->run_mod) {
  207a06:	00644783          	lbu	a5,6(s0)
  207a0a:	e791                	bnez	a5,207a16 <flash_security_write+0x3e>
			if(dev->interrupt_enable != NULL) {
  207a0c:	481c                	lw	a5,16(s0)
  207a0e:	c781                	beqz	a5,207a16 <flash_security_write+0x3e>
  207a10:	c22a                	sw	a0,4(sp)
				dev->interrupt_enable();
  207a12:	9782                	jalr	a5
  207a14:	4512                	lw	a0,4(sp)
}
  207a16:	40f2                	lw	ra,28(sp)
  207a18:	4462                	lw	s0,24(sp)
  207a1a:	6105                	add	sp,sp,32
  207a1c:	8082                	ret
	int ret = -1;
  207a1e:	557d                	li	a0,-1
}
  207a20:	8082                	ret

00207a22 <mxic_security_erase>:
{
  207a22:	7179                	add	sp,sp,-48
  207a24:	d422                	sw	s0,40(sp)
  207a26:	d606                	sw	ra,44(sp)
  207a28:	842a                	mv	s0,a0
  207a2a:	c62e                	sw	a1,12(sp)
	result = mxic_wr_en(dev);
  207a2c:	cb4ff0ef          	jal	206ee0 <mxic_wr_en>
	if(result) return result;
  207a30:	e105                	bnez	a0,207a50 <mxic_security_erase+0x2e>
	result = spirom_cmd_send(dev, SPIROM_CMD_SEC_ERASE, FlashAddr, 0, NULL, &RetData);
  207a32:	087c                	add	a5,sp,28
  207a34:	4701                	li	a4,0
  207a36:	4681                	li	a3,0
  207a38:	4632                	lw	a2,12(sp)
  207a3a:	45e5                	li	a1,25
  207a3c:	8522                	mv	a0,s0
  207a3e:	fabfe0ef          	jal	2069e8 <spirom_cmd_send>
	if(result != 0) {
  207a42:	e519                	bnez	a0,207a50 <mxic_security_erase+0x2e>
	result = mxic_wr_rdy(dev);
  207a44:	8522                	mv	a0,s0
}
  207a46:	5422                	lw	s0,40(sp)
  207a48:	50b2                	lw	ra,44(sp)
  207a4a:	6145                	add	sp,sp,48
	result = mxic_wr_rdy(dev);
  207a4c:	ce8ff06f          	j	206f34 <mxic_wr_rdy>
}
  207a50:	50b2                	lw	ra,44(sp)
  207a52:	5422                	lw	s0,40(sp)
  207a54:	6145                	add	sp,sp,48
  207a56:	8082                	ret

00207a58 <flash_security_erase>:
	if(dev && dev->w_protect == false) {
  207a58:	cd1d                	beqz	a0,207a96 <flash_security_erase+0x3e>
{
  207a5a:	1101                	add	sp,sp,-32
  207a5c:	cc22                	sw	s0,24(sp)
  207a5e:	ce06                	sw	ra,28(sp)
	if(dev && dev->w_protect == false) {
  207a60:	00754783          	lbu	a5,7(a0)
  207a64:	842a                	mv	s0,a0
	int ret = -1;
  207a66:	557d                	li	a0,-1
	if(dev && dev->w_protect == false) {
  207a68:	e39d                	bnez	a5,207a8e <flash_security_erase+0x36>
		if(RUN_WITHOUT_INT == dev->run_mod) {
  207a6a:	00644783          	lbu	a5,6(s0)
  207a6e:	e791                	bnez	a5,207a7a <flash_security_erase+0x22>
			if(dev->interrupt_disable != NULL) {
  207a70:	485c                	lw	a5,20(s0)
  207a72:	c781                	beqz	a5,207a7a <flash_security_erase+0x22>
  207a74:	c62e                	sw	a1,12(sp)
				dev->interrupt_disable();
  207a76:	9782                	jalr	a5
  207a78:	45b2                	lw	a1,12(sp)
		ret = mxic_security_erase(dev, (unsigned int)offset);
  207a7a:	8522                	mv	a0,s0
  207a7c:	375d                	jal	207a22 <mxic_security_erase>
		if(RUN_WITHOUT_INT == dev->run_mod) {
  207a7e:	00644783          	lbu	a5,6(s0)
  207a82:	e791                	bnez	a5,207a8e <flash_security_erase+0x36>
			if(dev->interrupt_enable != NULL) {
  207a84:	481c                	lw	a5,16(s0)
  207a86:	c781                	beqz	a5,207a8e <flash_security_erase+0x36>
  207a88:	c62a                	sw	a0,12(sp)
				dev->interrupt_enable();
  207a8a:	9782                	jalr	a5
  207a8c:	4532                	lw	a0,12(sp)
}
  207a8e:	40f2                	lw	ra,28(sp)
  207a90:	4462                	lw	s0,24(sp)
  207a92:	6105                	add	sp,sp,32
  207a94:	8082                	ret
	int ret = -1;
  207a96:	557d                	li	a0,-1
}
  207a98:	8082                	ret

00207a9a <mxic_security_read>:
{
  207a9a:	1101                	add	sp,sp,-32
  207a9c:	8732                	mv	a4,a2
	result = spirom_cmd_send(dev, SPIROM_CMD_SEC_READ, FlashAddr, DataSize, (unsigned int*)start, &RetData);
  207a9e:	007c                	add	a5,sp,12
  207aa0:	862e                	mv	a2,a1
  207aa2:	45e9                	li	a1,26
{
  207aa4:	ce06                	sw	ra,28(sp)
	result = spirom_cmd_send(dev, SPIROM_CMD_SEC_READ, FlashAddr, DataSize, (unsigned int*)start, &RetData);
  207aa6:	f43fe0ef          	jal	2069e8 <spirom_cmd_send>
}
  207aaa:	40f2                	lw	ra,28(sp)
  207aac:	6105                	add	sp,sp,32
  207aae:	8082                	ret

00207ab0 <flash_security_read>:
		if(dev == NULL) break;
  207ab0:	cd1d                	beqz	a0,207aee <flash_security_read+0x3e>
{
  207ab2:	1101                	add	sp,sp,-32
  207ab4:	cc22                	sw	s0,24(sp)
  207ab6:	ce06                	sw	ra,28(sp)
		if(RUN_WITHOUT_INT == dev->run_mod) {
  207ab8:	00654783          	lbu	a5,6(a0)
  207abc:	842a                	mv	s0,a0
  207abe:	eb91                	bnez	a5,207ad2 <flash_security_read+0x22>
			if(dev->interrupt_disable != NULL) {
  207ac0:	495c                	lw	a5,20(a0)
  207ac2:	cb81                	beqz	a5,207ad2 <flash_security_read+0x22>
  207ac4:	c636                	sw	a3,12(sp)
  207ac6:	c432                	sw	a2,8(sp)
  207ac8:	c22e                	sw	a1,4(sp)
				dev->interrupt_disable();
  207aca:	9782                	jalr	a5
  207acc:	46b2                	lw	a3,12(sp)
  207ace:	4622                	lw	a2,8(sp)
  207ad0:	4592                	lw	a1,4(sp)
		ret = mxic_security_read(dev, (unsigned int)offset, (unsigned char *)data, (unsigned int)len);
  207ad2:	8522                	mv	a0,s0
  207ad4:	37d9                	jal	207a9a <mxic_security_read>
		if(RUN_WITHOUT_INT == dev->run_mod) {
  207ad6:	00644783          	lbu	a5,6(s0)
  207ada:	e791                	bnez	a5,207ae6 <flash_security_read+0x36>
			if(dev->interrupt_enable != NULL) {
  207adc:	481c                	lw	a5,16(s0)
  207ade:	c781                	beqz	a5,207ae6 <flash_security_read+0x36>
  207ae0:	c22a                	sw	a0,4(sp)
				dev->interrupt_enable();
  207ae2:	9782                	jalr	a5
  207ae4:	4512                	lw	a0,4(sp)
}
  207ae6:	40f2                	lw	ra,28(sp)
  207ae8:	4462                	lw	s0,24(sp)
  207aea:	6105                	add	sp,sp,32
  207aec:	8082                	ret
	int ret = -1;
  207aee:	557d                	li	a0,-1
}
  207af0:	8082                	ret

00207af2 <mxic_deep_power_down>:
{
  207af2:	1101                	add	sp,sp,-32
	result = spirom_cmd_send(dev, SPIROM_CMD_PD, 0x0, 0, NULL, &RetData);
  207af4:	007c                	add	a5,sp,12
  207af6:	4701                	li	a4,0
  207af8:	4681                	li	a3,0
  207afa:	4601                	li	a2,0
  207afc:	45ed                	li	a1,27
{
  207afe:	ce06                	sw	ra,28(sp)
	result = spirom_cmd_send(dev, SPIROM_CMD_PD, 0x0, 0, NULL, &RetData);
  207b00:	ee9fe0ef          	jal	2069e8 <spirom_cmd_send>
}
  207b04:	40f2                	lw	ra,28(sp)
  207b06:	6105                	add	sp,sp,32
  207b08:	8082                	ret

00207b0a <mxic_release_deep_power_down>:
{
  207b0a:	1101                	add	sp,sp,-32
	result = spirom_cmd_send(dev, SPIROM_CMD_REL_PD, 0x0, 0, NULL, &RetData);
  207b0c:	007c                	add	a5,sp,12
  207b0e:	4701                	li	a4,0
  207b10:	4681                	li	a3,0
  207b12:	4601                	li	a2,0
  207b14:	45f1                	li	a1,28
{
  207b16:	ce06                	sw	ra,28(sp)
	result = spirom_cmd_send(dev, SPIROM_CMD_REL_PD, 0x0, 0, NULL, &RetData);
  207b18:	ed1fe0ef          	jal	2069e8 <spirom_cmd_send>
}
  207b1c:	40f2                	lw	ra,28(sp)
  207b1e:	6105                	add	sp,sp,32
  207b20:	8082                	ret

00207b22 <mxic_write_lock_bit>:
{
  207b22:	7179                	add	sp,sp,-48
  207b24:	d04a                	sw	s2,32(sp)
		result = spirom_cmd_send(dev, SPIROM_CMD_RDST2, 0x0, 0, NULL, &buf2);
  207b26:	003c                	add	a5,sp,8
{
  207b28:	892e                	mv	s2,a1
		result = spirom_cmd_send(dev, SPIROM_CMD_RDST2, 0x0, 0, NULL, &buf2);
  207b2a:	4701                	li	a4,0
  207b2c:	4681                	li	a3,0
  207b2e:	4601                	li	a2,0
  207b30:	45b9                	li	a1,14
{
  207b32:	d422                	sw	s0,40(sp)
  207b34:	ce4e                	sw	s3,28(sp)
  207b36:	d606                	sw	ra,44(sp)
  207b38:	d226                	sw	s1,36(sp)
  207b3a:	89aa                	mv	s3,a0
		result = spirom_cmd_send(dev, SPIROM_CMD_RDST2, 0x0, 0, NULL, &buf2);
  207b3c:	eadfe0ef          	jal	2069e8 <spirom_cmd_send>
  207b40:	842a                	mv	s0,a0
		if(result) break;
  207b42:	e12d                	bnez	a0,207ba4 <mxic_write_lock_bit+0x82>
		if(buf2 & value) {
  207b44:	44a2                	lw	s1,8(sp)
  207b46:	009977b3          	and	a5,s2,s1
  207b4a:	efa9                	bnez	a5,207ba4 <mxic_write_lock_bit+0x82>
			buf2 |= value;
  207b4c:	009964b3          	or	s1,s2,s1
			result = spirom_cmd_send(dev, SPIROM_CMD_RDST, 0x0, 0, NULL, &buf_st12);
  207b50:	007c                	add	a5,sp,12
  207b52:	4701                	li	a4,0
  207b54:	4681                	li	a3,0
  207b56:	4601                	li	a2,0
  207b58:	4589                	li	a1,2
  207b5a:	854e                	mv	a0,s3
			buf2 |= value;
  207b5c:	c426                	sw	s1,8(sp)
			result = spirom_cmd_send(dev, SPIROM_CMD_RDST, 0x0, 0, NULL, &buf_st12);
  207b5e:	e8bfe0ef          	jal	2069e8 <spirom_cmd_send>
			if(result) break;
  207b62:	e929                	bnez	a0,207bb4 <mxic_write_lock_bit+0x92>
			buf_st12 |= (buf2 << 8);
  207b64:	47b2                	lw	a5,12(sp)
  207b66:	04a2                	sll	s1,s1,0x8
  207b68:	8cdd                	or	s1,s1,a5
			result = mxic_wr_en(dev);
  207b6a:	854e                	mv	a0,s3
			buf_st12 |= (buf2 << 8);
  207b6c:	c626                	sw	s1,12(sp)
			result = mxic_wr_en(dev);
  207b6e:	b72ff0ef          	jal	206ee0 <mxic_wr_en>
			if(result) break;
  207b72:	e129                	bnez	a0,207bb4 <mxic_write_lock_bit+0x92>
			result = spirom_cmd_send(dev, SPIROM_CMD_WRSR, buf_st12, 0, NULL, &buf1);
  207b74:	005c                	add	a5,sp,4
  207b76:	4701                	li	a4,0
  207b78:	4681                	li	a3,0
  207b7a:	8626                	mv	a2,s1
  207b7c:	45b5                	li	a1,13
  207b7e:	854e                	mv	a0,s3
  207b80:	e69fe0ef          	jal	2069e8 <spirom_cmd_send>
			if(result) break;
  207b84:	e905                	bnez	a0,207bb4 <mxic_write_lock_bit+0x92>
			result = spirom_cmd_send(dev, SPIROM_CMD_RDST2, 0x0, 0, NULL, &buf2);
  207b86:	003c                	add	a5,sp,8
  207b88:	4701                	li	a4,0
  207b8a:	4681                	li	a3,0
  207b8c:	4601                	li	a2,0
  207b8e:	45b9                	li	a1,14
  207b90:	854e                	mv	a0,s3
  207b92:	e57fe0ef          	jal	2069e8 <spirom_cmd_send>
			if(result) break;
  207b96:	ed19                	bnez	a0,207bb4 <mxic_write_lock_bit+0x92>
			if(buf2 & value) {
  207b98:	47a2                	lw	a5,8(sp)
  207b9a:	00f97933          	and	s2,s2,a5
				return -1;
  207b9e:	557d                	li	a0,-1
			if(buf2 & value) {
  207ba0:	00090363          	beqz	s2,207ba6 <mxic_write_lock_bit+0x84>
	return result;
  207ba4:	8522                	mv	a0,s0
}
  207ba6:	50b2                	lw	ra,44(sp)
  207ba8:	5422                	lw	s0,40(sp)
  207baa:	5492                	lw	s1,36(sp)
  207bac:	5902                	lw	s2,32(sp)
  207bae:	49f2                	lw	s3,28(sp)
  207bb0:	6145                	add	sp,sp,48
  207bb2:	8082                	ret
			result = spirom_cmd_send(dev, SPIROM_CMD_RDST2, 0x0, 0, NULL, &buf2);
  207bb4:	842a                	mv	s0,a0
  207bb6:	b7fd                	j	207ba4 <mxic_write_lock_bit+0x82>

00207bb8 <mxic_read_uinque_id>:
{
  207bb8:	1101                	add	sp,sp,-32
  207bba:	872e                	mv	a4,a1
	result = spirom_cmd_send(dev, SPIROM_CMD_RUID, 0x0, 16, (unsigned int*)buff, &RetData);
  207bbc:	007c                	add	a5,sp,12
  207bbe:	46c1                	li	a3,16
  207bc0:	4601                	li	a2,0
  207bc2:	45dd                	li	a1,23
{
  207bc4:	ce06                	sw	ra,28(sp)
	result = spirom_cmd_send(dev, SPIROM_CMD_RUID, 0x0, 16, (unsigned int*)buff, &RetData);
  207bc6:	e23fe0ef          	jal	2069e8 <spirom_cmd_send>
}
  207bca:	40f2                	lw	ra,28(sp)
  207bcc:	6105                	add	sp,sp,32
  207bce:	8082                	ret
