#include "chip.h"

const uint8_t buf_yuv422[] = {
		0xEA, 0x80, 0xEA, 0x80, 0xEA, 0x80, 0xEA, 0x80, 0xEA, 0x80, 0xEA, 0x80, 0xEA, 0x80, 0xEA, 0x80,
		0xEA, 0x80, 0xEA, 0x80, 0x51, 0x5A, 0x51, 0xF0, 0x51, 0x5A, 0x51, 0xF0, 0x51, 0x5A, 0x51, 0xF0,
		0x51, 0x5A, 0x51, 0xF0, 0x51, 0x5A, 0x51, 0xF0, 0x90, 0x35, 0x90, 0x22, 0x90, 0x35, 0x90, 0x22,
		0x90, 0x35, 0x90, 0x22, 0x90, 0x35, 0x90, 0x22, 0x90, 0x35, 0x90, 0x22, 0x28, 0xF0, 0x28, 0x6D,
		0x28, 0xF0, 0x28, 0x6D, 0x28, 0xF0, 0x28, 0x6D, 0x28, 0xF0, 0x28, 0x6D, 0x28, 0xF0, 0x28, 0x6D,
		0xEA, 0x80, 0xEA, 0x80, 0xEA, 0x80, 0xEA, 0x80, 0xEA, 0x80, 0xEA, 0x80, 0xEA, 0x80, 0xEA, 0x80,
		0xEA, 0x80, 0xEA, 0x80, 0x10, 0x80, 0x10, 0x80, 0x10, 0x80, 0x10, 0x80, 0x10, 0x80, 0x10, 0x80,
		0x10, 0x80, 0x10, 0x80, 0x10, 0x80, 0x10, 0x80, 0xD1, 0x10, 0xD1, 0x92, 0xD1, 0x10, 0xD1, 0x92,
		0xEA, 0x80, 0xEA, 0x80, 0xEA, 0x80, 0xEA, 0x80, 0xEA, 0x80, 0xEA, 0x80, 0xEA, 0x80, 0xEA, 0x80,
		0xEA, 0x80, 0xEA, 0x80, 0x51, 0x5A, 0x51, 0xF0, 0x51, 0x5A, 0x51, 0xF0, 0x51, 0x5A, 0x51, 0xF0,
		0x51, 0x5A, 0x51, 0xF0, 0x51, 0x5A, 0x51, 0xF0, 0x90, 0x35, 0x90, 0x22, 0x90, 0x35, 0x90, 0x22,
		0x90, 0x35, 0x90, 0x22, 0x90, 0x35, 0x90, 0x22, 0x90, 0x35, 0x90, 0x22, 0x28, 0xF0, 0x28, 0x6D,
		0x28, 0xF0, 0x28, 0x6D, 0x28, 0xF0, 0x28, 0x6D, 0x28, 0xF0, 0x28, 0x6D, 0x28, 0xF0, 0x28, 0x6D,
		0xEA, 0x80, 0xEA, 0x80, 0xEA, 0x80, 0xEA, 0x80, 0xEA, 0x80, 0xEA, 0x80, 0xEA, 0x80, 0xEA, 0x80,
		0xEA, 0x80, 0xEA, 0x80, 0x10, 0x80, 0x10, 0x80, 0x10, 0x80, 0x10, 0x80, 0x10, 0x80, 0x10, 0x80,
		0x10, 0x80, 0x10, 0x80, 0x10, 0x80, 0x10, 0x80, 0xD1, 0x10, 0xD1, 0x92, 0xD1, 0x10, 0xD1, 0x92,
		0xEA, 0x80, 0xEA, 0x80, 0xEA, 0x80, 0xEA, 0x80, 0xEA, 0x80, 0xEA, 0x80, 0xEA, 0x80, 0xEA, 0x80,
		0xEA, 0x80, 0xEA, 0x80, 0x51, 0x5A, 0x51, 0xF0, 0x51, 0x5A, 0x51, 0xF0, 0x51, 0x5A, 0x51, 0xF0,
		0x51, 0x5A, 0x51, 0xF0, 0x51, 0x5A, 0x51, 0xF0, 0x90, 0x35, 0x90, 0x22, 0x90, 0x35, 0x90, 0x22,
		0x90, 0x35, 0x90, 0x22, 0x90, 0x35, 0x90, 0x22, 0x90, 0x35, 0x90, 0x22, 0x28, 0xF0, 0x28, 0x6D,
		0x28, 0xF0, 0x28, 0x6D, 0x28, 0xF0, 0x28, 0x6D, 0x28, 0xF0, 0x28, 0x6D, 0x28, 0xF0, 0x28, 0x6D,
		0xEA, 0x80, 0xEA, 0x80, 0xEA, 0x80, 0xEA, 0x80, 0xEA, 0x80, 0xEA, 0x80, 0xEA, 0x80, 0xEA, 0x80,
		0xEA, 0x80, 0xEA, 0x80, 0x10, 0x80, 0x10, 0x80, 0x10, 0x80, 0x10, 0x80, 0x10, 0x80, 0x10, 0x80,
		0x10, 0x80, 0x10, 0x80, 0x10, 0x80, 0x10, 0x80, 0xD1, 0x10, 0xD1, 0x92, 0xD1, 0x10, 0xD1, 0x92,
		0xEA, 0x80, 0xEA, 0x80, 0xEA, 0x80, 0xEA, 0x80, 0xEA, 0x80, 0xEA, 0x80, 0xEA, 0x80, 0xEA, 0x80,
		0xEA, 0x80, 0xEA, 0x80, 0x51, 0x5A, 0x51, 0xF0, 0x51, 0x5A, 0x51, 0xF0, 0x51, 0x5A, 0x51, 0xF0,
		0x51, 0x5A, 0x51, 0xF0, 0x51, 0x5A, 0x51, 0xF0, 0x90, 0x35, 0x90, 0x22, 0x90, 0x35, 0x90, 0x22,
		0x90, 0x35, 0x90, 0x22, 0x90, 0x35, 0x90, 0x22, 0x90, 0x35, 0x90, 0x22, 0x28, 0xF0, 0x28, 0x6D,
		0x28, 0xF0, 0x28, 0x6D, 0x28, 0xF0, 0x28, 0x6D, 0x28, 0xF0, 0x28, 0x6D, 0x28, 0xF0, 0x28, 0x6D,
		0xEA, 0x80, 0xEA, 0x80, 0xEA, 0x80, 0xEA, 0x80, 0xEA, 0x80, 0xEA, 0x80, 0xEA, 0x80, 0xEA, 0x80,
		0xEA, 0x80, 0xEA, 0x80, 0x10, 0x80, 0x10, 0x80, 0x10, 0x80, 0x10, 0x80, 0x10, 0x80, 0x10, 0x80,
		0x10, 0x80, 0x10, 0x80, 0x10, 0x80, 0x10, 0x80, 0xD1, 0x10, 0xD1, 0x92, 0xD1, 0x10, 0xD1, 0x92,
		0xEA, 0x80, 0xEA, 0x80, 0xEA, 0x80, 0xEA, 0x80, 0xEA, 0x80, 0xEA, 0x80, 0xEA, 0x80, 0xEA, 0x80,
		0xEA, 0x80, 0xEA, 0x80, 0x51, 0x5A, 0x51, 0xF0, 0x51, 0x5A, 0x51, 0xF0, 0x51, 0x5A, 0x51, 0xF0,
		0x51, 0x5A, 0x51, 0xF0, 0x51, 0x5A, 0x51, 0xF0, 0x90, 0x35, 0x90, 0x22, 0x90, 0x35, 0x90, 0x22,
		0x90, 0x35, 0x90, 0x22, 0x90, 0x35, 0x90, 0x22, 0x90, 0x35, 0x90, 0x22, 0x28, 0xF0, 0x28, 0x6D,
		0x28, 0xF0, 0x28, 0x6D, 0x28, 0xF0, 0x28, 0x6D, 0x28, 0xF0, 0x28, 0x6D, 0x28, 0xF0, 0x28, 0x6D,
		0xEA, 0x80, 0xEA, 0x80, 0xEA, 0x80, 0xEA, 0x80, 0xEA, 0x80, 0xEA, 0x80, 0xEA, 0x80, 0xEA, 0x80,
		0xEA, 0x80, 0xEA, 0x80, 0x10, 0x80, 0x10, 0x80, 0x10, 0x80, 0x10, 0x80, 0x10, 0x80, 0x10, 0x80,
		0x10, 0x80, 0x10, 0x80, 0x10, 0x80, 0x10, 0x80, 0xD1, 0x10, 0xD1, 0x92, 0xD1, 0x10, 0xD1, 0x92,
		0xEA, 0x80, 0xEA, 0x80, 0xEA, 0x80, 0xEA, 0x80, 0xEA, 0x80, 0xEA, 0x80, 0xEA, 0x80, 0xEA, 0x80,
		0xEA, 0x80, 0xEA, 0x80, 0x51, 0x5A, 0x51, 0xF0, 0x51, 0x5A, 0x51, 0xF0, 0x51, 0x5A, 0x51, 0xF0,
		0x51, 0x5A, 0x51, 0xF0, 0x51, 0x5A, 0x51, 0xF0, 0x90, 0x35, 0x90, 0x22, 0x90, 0x35, 0x90, 0x22,
		0x90, 0x35, 0x90, 0x22, 0x90, 0x35, 0x90, 0x22, 0x90, 0x35, 0x90, 0x22, 0x28, 0xF0, 0x28, 0x6D,
		0x28, 0xF0, 0x28, 0x6D, 0x28, 0xF0, 0x28, 0x6D, 0x28, 0xF0, 0x28, 0x6D, 0x28, 0xF0, 0x28, 0x6D,
		0xEA, 0x80, 0xEA, 0x80, 0xEA, 0x80, 0xEA, 0x80, 0xEA, 0x80, 0xEA, 0x80, 0xEA, 0x80, 0xEA, 0x80,
		0xEA, 0x80, 0xEA, 0x80, 0x10, 0x80, 0x10, 0x80, 0x10, 0x80, 0x10, 0x80, 0x10, 0x80, 0x10, 0x80,
		0x10, 0x80, 0x10, 0x80, 0x10, 0x80, 0x10, 0x80, 0xD1, 0x10, 0xD1, 0x92, 0xD1, 0x10, 0xD1, 0x92,
		0xEA, 0x80, 0xEA, 0x80, 0xEA, 0x80, 0xEA, 0x80, 0xEA, 0x80, 0xEA, 0x80, 0xEA, 0x80, 0xEA, 0x80,
		0xEA, 0x80, 0xEA, 0x80, 0x51, 0x5A, 0x51, 0xF0, 0x51, 0x5A, 0x51, 0xF0, 0x51, 0x5A, 0x51, 0xF0,
		0x51, 0x5A, 0x51, 0xF0, 0x51, 0x5A, 0x51, 0xF0, 0x90, 0x35, 0x90, 0x22, 0x90, 0x35, 0x90, 0x22,
		0x90, 0x35, 0x90, 0x22, 0x90, 0x35, 0x90, 0x22, 0x90, 0x35, 0x90, 0x22, 0x28, 0xF0, 0x28, 0x6D,
		0x28, 0xF0, 0x28, 0x6D, 0x28, 0xF0, 0x28, 0x6D, 0x28, 0xF0, 0x28, 0x6D, 0x28, 0xF0, 0x28, 0x6D,
		0xEA, 0x80, 0xEA, 0x80, 0xEA, 0x80, 0xEA, 0x80, 0xEA, 0x80, 0xEA, 0x80, 0xEA, 0x80, 0xEA, 0x80,
		0xEA, 0x80, 0xEA, 0x80, 0x10, 0x80, 0x10, 0x80, 0x10, 0x80, 0x10, 0x80, 0x10, 0x80, 0x10, 0x80,
		0x10, 0x80, 0x10, 0x80, 0x10, 0x80, 0x10, 0x80, 0xD1, 0x10, 0xD1, 0x92, 0xD1, 0x10, 0xD1, 0x92,
		0xEA, 0x80, 0xEA, 0x80, 0xEA, 0x80, 0xEA, 0x80, 0xEA, 0x80, 0xEA, 0x80, 0xEA, 0x80, 0xEA, 0x80,
		0xEA, 0x80, 0xEA, 0x80, 0x51, 0x5A, 0x51, 0xF0, 0x51, 0x5A, 0x51, 0xF0, 0x51, 0x5A, 0x51, 0xF0,
		0x51, 0x5A, 0x51, 0xF0, 0x51, 0x5A, 0x51, 0xF0, 0x90, 0x35, 0x90, 0x22, 0x90, 0x35, 0x90, 0x22,
		0x90, 0x35, 0x90, 0x22, 0x90, 0x35, 0x90, 0x22, 0x90, 0x35, 0x90, 0x22, 0x28, 0xF0, 0x28, 0x6D,
		0x28, 0xF0, 0x28, 0x6D, 0x28, 0xF0, 0x28, 0x6D, 0x28, 0xF0, 0x28, 0x6D, 0x28, 0xF0, 0x28, 0x6D,
		0xEA, 0x80, 0xEA, 0x80, 0xEA, 0x80, 0xEA, 0x80, 0xEA, 0x80, 0xEA, 0x80, 0xEA, 0x80, 0xEA, 0x80,
		0xEA, 0x80, 0xEA, 0x80, 0x10, 0x80, 0x10, 0x80, 0x10, 0x80, 0x10, 0x80, 0x10, 0x80, 0x10, 0x80,
		0x10, 0x80, 0x10, 0x80, 0x10, 0x80, 0x10, 0x80, 0xD1, 0x10, 0xD1, 0x92, 0xD1, 0x10, 0xD1, 0x92,
		0xEA, 0x80, 0xEA, 0x80, 0xEA, 0x80, 0xEA, 0x80, 0xEA, 0x80, 0xEA, 0x80, 0xEA, 0x80, 0xEA, 0x80,
		0xEA, 0x80, 0xEA, 0x80, 0x51, 0x5A, 0x51, 0xF0, 0x51, 0x5A, 0x51, 0xF0, 0x51, 0x5A, 0x51, 0xF0,
		0x51, 0x5A, 0x51, 0xF0, 0x51, 0x5A, 0x51, 0xF0, 0x90, 0x35, 0x90, 0x22, 0x90, 0x35, 0x90, 0x22,
		0x90, 0x35, 0x90, 0x22, 0x90, 0x35, 0x90, 0x22, 0x90, 0x35, 0x90, 0x22, 0x28, 0xF0, 0x28, 0x6D,
		0x28, 0xF0, 0x28, 0x6D, 0x28, 0xF0, 0x28, 0x6D, 0x28, 0xF0, 0x28, 0x6D, 0x28, 0xF0, 0x28, 0x6D,
		0xEA, 0x80, 0xEA, 0x80, 0xEA, 0x80, 0xEA, 0x80, 0xEA, 0x80, 0xEA, 0x80, 0xEA, 0x80, 0xEA, 0x80,
		0xEA, 0x80, 0xEA, 0x80, 0x10, 0x80, 0x10, 0x80, 0x10, 0x80, 0x10, 0x80, 0x10, 0x80, 0x10, 0x80,
		0x10, 0x80, 0x10, 0x80, 0x10, 0x80, 0x10, 0x80, 0xD1, 0x10, 0xD1, 0x92, 0xD1, 0x10, 0xD1, 0x92,
		0xEA, 0x80, 0xEA, 0x80, 0xEA, 0x80, 0xEA, 0x80, 0xEA, 0x80, 0xEA, 0x80, 0xEA, 0x80, 0xEA, 0x80,
		0xEA, 0x80, 0xEA, 0x80, 0x51, 0x5A, 0x51, 0xF0, 0x51, 0x5A, 0x51, 0xF0, 0x51, 0x5A, 0x51, 0xF0,
		0x51, 0x5A, 0x51, 0xF0, 0x51, 0x5A, 0x51, 0xF0, 0x90, 0x35, 0x90, 0x22, 0x90, 0x35, 0x90, 0x22,
		0x90, 0x35, 0x90, 0x22, 0x90, 0x35, 0x90, 0x22, 0x90, 0x35, 0x90, 0x22, 0x28, 0xF0, 0x28, 0x6D,
		0x28, 0xF0, 0x28, 0x6D, 0x28, 0xF0, 0x28, 0x6D, 0x28, 0xF0, 0x28, 0x6D, 0x28, 0xF0, 0x28, 0x6D,
		0xEA, 0x80, 0xEA, 0x80, 0xEA, 0x80, 0xEA, 0x80, 0xEA, 0x80, 0xEA, 0x80, 0xEA, 0x80, 0xEA, 0x80,
		0xEA, 0x80, 0xEA, 0x80, 0x10, 0x80, 0x10, 0x80, 0x10, 0x80, 0x10, 0x80, 0x10, 0x80, 0x10, 0x80,
		0x10, 0x80, 0x10, 0x80, 0x10, 0x80, 0x10, 0x80, 0xD1, 0x10, 0xD1, 0x92, 0xD1, 0x10, 0xD1, 0x92,
		0x51, 0x5A, 0x51, 0xF0, 0x51, 0x5A, 0x51, 0xF0, 0x51, 0x5A, 0x51, 0xF0, 0x51, 0x5A, 0x51, 0xF0,
		0x51, 0x5A, 0x51, 0xF0, 0x51, 0x5A, 0x51, 0xF0, 0x51, 0x5A, 0x51, 0xF0, 0x51, 0x5A, 0x51, 0xF0,
		0x51, 0x5A, 0x51, 0xF0, 0x51, 0x5A, 0x51, 0xF0, 0x51, 0x5A, 0x51, 0xF0, 0x51, 0x5A, 0x51, 0xF0,
		0x51, 0x5A, 0x51, 0xF0, 0x51, 0x5A, 0x51, 0xF0, 0x51, 0x5A, 0x51, 0xF0, 0x51, 0x5A, 0x51, 0xF0,
		0x51, 0x5A, 0x51, 0xF0, 0x51, 0x5A, 0x51, 0xF0, 0x51, 0x5A, 0x51, 0xF0, 0x51, 0x5A, 0x51, 0xF0,
		0x51, 0x5A, 0x51, 0xF0, 0x51, 0x5A, 0x51, 0xF0, 0x51, 0x5A, 0x51, 0xF0, 0x51, 0x5A, 0x51, 0xF0,
		0x51, 0x5A, 0x51, 0xF0, 0x51, 0x5A, 0x51, 0xF0, 0x51, 0x5A, 0x51, 0xF0, 0x51, 0x5A, 0x51, 0xF0,
		0x51, 0x5A, 0x51, 0xF0, 0x51, 0x5A, 0x51, 0xF0, 0x51, 0x5A, 0x51, 0xF0, 0x51, 0x5A, 0x51, 0xF0,
		0x51, 0x5A, 0x51, 0xF0, 0x51, 0x5A, 0x51, 0xF0, 0x51, 0x5A, 0x51, 0xF0, 0x51, 0x5A, 0x51, 0xF0,
		0x51, 0x5A, 0x51, 0xF0, 0x51, 0x5A, 0x51, 0xF0, 0x51, 0x5A, 0x51, 0xF0, 0x51, 0x5A, 0x51, 0xF0,
		0x51, 0x5A, 0x51, 0xF0, 0x51, 0x5A, 0x51, 0xF0, 0x51, 0x5A, 0x51, 0xF0, 0x51, 0x5A, 0x51, 0xF0,
		0x51, 0x5A, 0x51, 0xF0, 0x51, 0x5A, 0x51, 0xF0, 0x51, 0x5A, 0x51, 0xF0, 0x51, 0x5A, 0x51, 0xF0,
		0x51, 0x5A, 0x51, 0xF0, 0x51, 0x5A, 0x51, 0xF0, 0x51, 0x5A, 0x51, 0xF0, 0x51, 0x5A, 0x51, 0xF0,
		0x51, 0x5A, 0x51, 0xF0, 0x51, 0x5A, 0x51, 0xF0, 0x51, 0x5A, 0x51, 0xF0, 0x51, 0x5A, 0x51, 0xF0,
		0x51, 0x5A, 0x51, 0xF0, 0x51, 0x5A, 0x51, 0xF0, 0x51, 0x5A, 0x51, 0xF0, 0x51, 0x5A, 0x51, 0xF0,
		0x51, 0x5A, 0x51, 0xF0, 0x51, 0x5A, 0x51, 0xF0, 0x51, 0x5A, 0x51, 0xF0, 0x51, 0x5A, 0x51, 0xF0,
		0x51, 0x5A, 0x51, 0xF0, 0x51, 0x5A, 0x51, 0xF0, 0x51, 0x5A, 0x51, 0xF0, 0x51, 0x5A, 0x51, 0xF0,
		0x51, 0x5A, 0x51, 0xF0, 0x51, 0x5A, 0x51, 0xF0, 0x51, 0x5A, 0x51, 0xF0, 0x51, 0x5A, 0x51, 0xF0,
		0x51, 0x5A, 0x51, 0xF0, 0x51, 0x5A, 0x51, 0xF0, 0x51, 0x5A, 0x51, 0xF0, 0x51, 0x5A, 0x51, 0xF0,
		0x51, 0x5A, 0x51, 0xF0, 0x51, 0x5A, 0x51, 0xF0, 0x51, 0x5A, 0x51, 0xF0, 0x51, 0x5A, 0x51, 0xF0,
		0x51, 0x5A, 0x51, 0xF0, 0x51, 0x5A, 0x51, 0xF0, 0x51, 0x5A, 0x51, 0xF0, 0x51, 0x5A, 0x51, 0xF0,
		0x51, 0x5A, 0x51, 0xF0, 0x51, 0x5A, 0x51, 0xF0, 0x51, 0x5A, 0x51, 0xF0, 0x51, 0x5A, 0x51, 0xF0,
		0x51, 0x5A, 0x51, 0xF0, 0x51, 0x5A, 0x51, 0xF0, 0x51, 0x5A, 0x51, 0xF0, 0x51, 0x5A, 0x51, 0xF0,
		0x51, 0x5A, 0x51, 0xF0, 0x51, 0x5A, 0x51, 0xF0, 0x51, 0x5A, 0x51, 0xF0, 0x51, 0x5A, 0x51, 0xF0,
		0x51, 0x5A, 0x51, 0xF0, 0x51, 0x5A, 0x51, 0xF0, 0x51, 0x5A, 0x51, 0xF0, 0x51, 0x5A, 0x51, 0xF0,
		0x51, 0x5A, 0x51, 0xF0, 0x51, 0x5A, 0x51, 0xF0, 0x51, 0x5A, 0x51, 0xF0, 0x51, 0x5A, 0x51, 0xF0,
		0x51, 0x5A, 0x51, 0xF0, 0x51, 0x5A, 0x51, 0xF0, 0x51, 0x5A, 0x51, 0xF0, 0x51, 0x5A, 0x51, 0xF0,
		0x51, 0x5A, 0x51, 0xF0, 0x51, 0x5A, 0x51, 0xF0, 0x51, 0x5A, 0x51, 0xF0, 0x51, 0x5A, 0x51, 0xF0,
		0x51, 0x5A, 0x51, 0xF0, 0x51, 0x5A, 0x51, 0xF0, 0x51, 0x5A, 0x51, 0xF0, 0x51, 0x5A, 0x51, 0xF0,
		0x51, 0x5A, 0x51, 0xF0, 0x51, 0x5A, 0x51, 0xF0, 0x51, 0x5A, 0x51, 0xF0, 0x51, 0x5A, 0x51, 0xF0,
		0x51, 0x5A, 0x51, 0xF0, 0x51, 0x5A, 0x51, 0xF0, 0x51, 0x5A, 0x51, 0xF0, 0x51, 0x5A, 0x51, 0xF0,
		0x51, 0x5A, 0x51, 0xF0, 0x51, 0x5A, 0x51, 0xF0, 0x51, 0x5A, 0x51, 0xF0, 0x51, 0x5A, 0x51, 0xF0,
		0x51, 0x5A, 0x51, 0xF0, 0x51, 0x5A, 0x51, 0xF0, 0x51, 0x5A, 0x51, 0xF0, 0x51, 0x5A, 0x51, 0xF0,
		0x51, 0x5A, 0x51, 0xF0, 0x51, 0x5A, 0x51, 0xF0, 0x51, 0x5A, 0x51, 0xF0, 0x51, 0x5A, 0x51, 0xF0,
		0x51, 0x5A, 0x51, 0xF0, 0x51, 0x5A, 0x51, 0xF0, 0x51, 0x5A, 0x51, 0xF0, 0x51, 0x5A, 0x51, 0xF0,
		0x51, 0x5A, 0x51, 0xF0, 0x51, 0x5A, 0x51, 0xF0, 0x51, 0x5A, 0x51, 0xF0, 0x51, 0x5A, 0x51, 0xF0,
		0x51, 0x5A, 0x51, 0xF0, 0x51, 0x5A, 0x51, 0xF0, 0x51, 0x5A, 0x51, 0xF0, 0x51, 0x5A, 0x51, 0xF0,
		0x51, 0x5A, 0x51, 0xF0, 0x51, 0x5A, 0x51, 0xF0, 0x51, 0x5A, 0x51, 0xF0, 0x51, 0x5A, 0x51, 0xF0,
		0x51, 0x5A, 0x51, 0xF0, 0x51, 0x5A, 0x51, 0xF0, 0x51, 0x5A, 0x51, 0xF0, 0x51, 0x5A, 0x51, 0xF0,
		0x51, 0x5A, 0x51, 0xF0, 0x51, 0x5A, 0x51, 0xF0, 0x51, 0x5A, 0x51, 0xF0, 0x51, 0x5A, 0x51, 0xF0,
		0x51, 0x5A, 0x51, 0xF0, 0x51, 0x5A, 0x51, 0xF0, 0x51, 0x5A, 0x51, 0xF0, 0x51, 0x5A, 0x51, 0xF0,
		0x51, 0x5A, 0x51, 0xF0, 0x51, 0x5A, 0x51, 0xF0, 0x51, 0x5A, 0x51, 0xF0, 0x51, 0x5A, 0x51, 0xF0,
		0x51, 0x5A, 0x51, 0xF0, 0x51, 0x5A, 0x51, 0xF0, 0x51, 0x5A, 0x51, 0xF0, 0x51, 0x5A, 0x51, 0xF0,
		0x51, 0x5A, 0x51, 0xF0, 0x51, 0x5A, 0x51, 0xF0, 0x51, 0x5A, 0x51, 0xF0, 0x51, 0x5A, 0x51, 0xF0,
		0x51, 0x5A, 0x51, 0xF0, 0x51, 0x5A, 0x51, 0xF0, 0x51, 0x5A, 0x51, 0xF0, 0x51, 0x5A, 0x51, 0xF0,
		0x51, 0x5A, 0x51, 0xF0, 0x51, 0x5A, 0x51, 0xF0, 0x51, 0x5A, 0x51, 0xF0, 0x51, 0x5A, 0x51, 0xF0,
		0x51, 0x5A, 0x51, 0xF0, 0x51, 0x5A, 0x51, 0xF0, 0x51, 0x5A, 0x51, 0xF0, 0x51, 0x5A, 0x51, 0xF0,
		0x51, 0x5A, 0x51, 0xF0, 0x51, 0x5A, 0x51, 0xF0, 0x51, 0x5A, 0x51, 0xF0, 0x51, 0x5A, 0x51, 0xF0,
		0x51, 0x5A, 0x51, 0xF0, 0x51, 0x5A, 0x51, 0xF0, 0x51, 0x5A, 0x51, 0xF0, 0x51, 0x5A, 0x51, 0xF0,
		0x51, 0x5A, 0x51, 0xF0, 0x51, 0x5A, 0x51, 0xF0, 0x51, 0x5A, 0x51, 0xF0, 0x51, 0x5A, 0x51, 0xF0,
		0x51, 0x5A, 0x51, 0xF0, 0x51, 0x5A, 0x51, 0xF0, 0x51, 0x5A, 0x51, 0xF0, 0x51, 0x5A, 0x51, 0xF0,
		0x51, 0x5A, 0x51, 0xF0, 0x51, 0x5A, 0x51, 0xF0, 0x51, 0x5A, 0x51, 0xF0, 0x51, 0x5A, 0x51, 0xF0,
		0x51, 0x5A, 0x51, 0xF0, 0x51, 0x5A, 0x51, 0xF0, 0x51, 0x5A, 0x51, 0xF0, 0x51, 0x5A, 0x51, 0xF0,
		0x51, 0x5A, 0x51, 0xF0, 0x51, 0x5A, 0x51, 0xF0, 0x51, 0x5A, 0x51, 0xF0, 0x51, 0x5A, 0x51, 0xF0,
		0x51, 0x5A, 0x51, 0xF0, 0x51, 0x5A, 0x51, 0xF0, 0x51, 0x5A, 0x51, 0xF0, 0x51, 0x5A, 0x51, 0xF0,
		0x51, 0x5A, 0x51, 0xF0, 0x51, 0x5A, 0x51, 0xF0, 0x51, 0x5A, 0x51, 0xF0, 0x51, 0x5A, 0x51, 0xF0,
		0x51, 0x5A, 0x51, 0xF0, 0x51, 0x5A, 0x51, 0xF0, 0x51, 0x5A, 0x51, 0xF0, 0x51, 0x5A, 0x51, 0xF0,
		0x51, 0x5A, 0x51, 0xF0, 0x51, 0x5A, 0x51, 0xF0, 0x51, 0x5A, 0x51, 0xF0, 0x51, 0x5A, 0x51, 0xF0,
		0x51, 0x5A, 0x51, 0xF0, 0x51, 0x5A, 0x51, 0xF0, 0x51, 0x5A, 0x51, 0xF0, 0x51, 0x5A, 0x51, 0xF0,
		0x51, 0x5A, 0x51, 0xF0, 0x51, 0x5A, 0x51, 0xF0, 0x51, 0x5A, 0x51, 0xF0, 0x51, 0x5A, 0x51, 0xF0,
		0x51, 0x5A, 0x51, 0xF0, 0x51, 0x5A, 0x51, 0xF0, 0x51, 0x5A, 0x51, 0xF0, 0x51, 0x5A, 0x51, 0xF0,
		0x51, 0x5A, 0x51, 0xF0, 0x51, 0x5A, 0x51, 0xF0, 0x51, 0x5A, 0x51, 0xF0, 0x51, 0x5A, 0x51, 0xF0,
		0x51, 0x5A, 0x51, 0xF0, 0x51, 0x5A, 0x51, 0xF0, 0x51, 0x5A, 0x51, 0xF0, 0x51, 0x5A, 0x51, 0xF0,
		0x51, 0x5A, 0x51, 0xF0, 0x51, 0x5A, 0x51, 0xF0, 0x51, 0x5A, 0x51, 0xF0, 0x51, 0x5A, 0x51, 0xF0,
		0x51, 0x5A, 0x51, 0xF0, 0x51, 0x5A, 0x51, 0xF0, 0x51, 0x5A, 0x51, 0xF0, 0x51, 0x5A, 0x51, 0xF0,
		0x51, 0x5A, 0x51, 0xF0, 0x51, 0x5A, 0x51, 0xF0, 0x51, 0x5A, 0x51, 0xF0, 0x51, 0x5A, 0x51, 0xF0,
		0x51, 0x5A, 0x51, 0xF0, 0x51, 0x5A, 0x51, 0xF0, 0x51, 0x5A, 0x51, 0xF0, 0x51, 0x5A, 0x51, 0xF0,
		0x51, 0x5A, 0x51, 0xF0, 0x51, 0x5A, 0x51, 0xF0, 0x51, 0x5A, 0x51, 0xF0, 0x51, 0x5A, 0x51, 0xF0,
		0x51, 0x5A, 0x51, 0xF0, 0x51, 0x5A, 0x51, 0xF0, 0x51, 0x5A, 0x51, 0xF0, 0x51, 0x5A, 0x51, 0xF0,
		0x51, 0x5A, 0x51, 0xF0, 0x51, 0x5A, 0x51, 0xF0, 0x51, 0x5A, 0x51, 0xF0, 0x51, 0x5A, 0x51, 0xF0,
		0x51, 0x5A, 0x51, 0xF0, 0x51, 0x5A, 0x51, 0xF0, 0x51, 0x5A, 0x51, 0xF0, 0x51, 0x5A, 0x51, 0xF0,
		0x51, 0x5A, 0x51, 0xF0, 0x51, 0x5A, 0x51, 0xF0, 0x51, 0x5A, 0x51, 0xF0, 0x51, 0x5A, 0x51, 0xF0,
		0x51, 0x5A, 0x51, 0xF0, 0x51, 0x5A, 0x51, 0xF0, 0x51, 0x5A, 0x51, 0xF0, 0x51, 0x5A, 0x51, 0xF0,
		0x51, 0x5A, 0x51, 0xF0, 0x51, 0x5A, 0x51, 0xF0, 0x51, 0x5A, 0x51, 0xF0, 0x51, 0x5A, 0x51, 0xF0,
		0x51, 0x5A, 0x51, 0xF0, 0x51, 0x5A, 0x51, 0xF0, 0x51, 0x5A, 0x51, 0xF0, 0x51, 0x5A, 0x51, 0xF0,
		0x51, 0x5A, 0x51, 0xF0, 0x51, 0x5A, 0x51, 0xF0, 0x51, 0x5A, 0x51, 0xF0, 0x51, 0x5A, 0x51, 0xF0,
		0x51, 0x5A, 0x51, 0xF0, 0x51, 0x5A, 0x51, 0xF0, 0x51, 0x5A, 0x51, 0xF0, 0x51, 0x5A, 0x51, 0xF0,
		0x51, 0x5A, 0x51, 0xF0, 0x51, 0x5A, 0x51, 0xF0, 0x51, 0x5A, 0x51, 0xF0, 0x51, 0x5A, 0x51, 0xF0,
		0x51, 0x5A, 0x51, 0xF0, 0x51, 0x5A, 0x51, 0xF0, 0x51, 0x5A, 0x51, 0xF0, 0x51, 0x5A, 0x51, 0xF0,
		0x51, 0x5A, 0x51, 0xF0, 0x51, 0x5A, 0x51, 0xF0, 0x51, 0x5A, 0x51, 0xF0, 0x51, 0x5A, 0x51, 0xF0,
		0x90, 0x35, 0x90, 0x22, 0x90, 0x35, 0x90, 0x22, 0x90, 0x35, 0x90, 0x22, 0x90, 0x35, 0x90, 0x22,
		0x90, 0x35, 0x90, 0x22, 0x90, 0x35, 0x90, 0x22, 0x90, 0x35, 0x90, 0x22, 0x90, 0x35, 0x90, 0x22,
		0x90, 0x35, 0x90, 0x22, 0x90, 0x35, 0x90, 0x22, 0x90, 0x35, 0x90, 0x22, 0x90, 0x35, 0x90, 0x22,
		0x90, 0x35, 0x90, 0x22, 0x90, 0x35, 0x90, 0x22, 0x90, 0x35, 0x90, 0x22, 0x90, 0x35, 0x90, 0x22,
		0x90, 0x35, 0x90, 0x22, 0x90, 0x35, 0x90, 0x22, 0x90, 0x35, 0x90, 0x22, 0x90, 0x35, 0x90, 0x22,
		0x90, 0x35, 0x90, 0x22, 0x90, 0x35, 0x90, 0x22, 0x90, 0x35, 0x90, 0x22, 0x90, 0x35, 0x90, 0x22,
		0x90, 0x35, 0x90, 0x22, 0x90, 0x35, 0x90, 0x22, 0x90, 0x35, 0x90, 0x22, 0x90, 0x35, 0x90, 0x22,
		0x90, 0x35, 0x90, 0x22, 0x90, 0x35, 0x90, 0x22, 0x90, 0x35, 0x90, 0x22, 0x90, 0x35, 0x90, 0x22,
		0x90, 0x35, 0x90, 0x22, 0x90, 0x35, 0x90, 0x22, 0x90, 0x35, 0x90, 0x22, 0x90, 0x35, 0x90, 0x22,
		0x90, 0x35, 0x90, 0x22, 0x90, 0x35, 0x90, 0x22, 0x90, 0x35, 0x90, 0x22, 0x90, 0x35, 0x90, 0x22,
		0x90, 0x35, 0x90, 0x22, 0x90, 0x35, 0x90, 0x22, 0x90, 0x35, 0x90, 0x22, 0x90, 0x35, 0x90, 0x22,
		0x90, 0x35, 0x90, 0x22, 0x90, 0x35, 0x90, 0x22, 0x90, 0x35, 0x90, 0x22, 0x90, 0x35, 0x90, 0x22,
		0x90, 0x35, 0x90, 0x22, 0x90, 0x35, 0x90, 0x22, 0x90, 0x35, 0x90, 0x22, 0x90, 0x35, 0x90, 0x22,
		0x90, 0x35, 0x90, 0x22, 0x90, 0x35, 0x90, 0x22, 0x90, 0x35, 0x90, 0x22, 0x90, 0x35, 0x90, 0x22,
		0x90, 0x35, 0x90, 0x22, 0x90, 0x35, 0x90, 0x22, 0x90, 0x35, 0x90, 0x22, 0x90, 0x35, 0x90, 0x22,
		0x90, 0x35, 0x90, 0x22, 0x90, 0x35, 0x90, 0x22, 0x90, 0x35, 0x90, 0x22, 0x90, 0x35, 0x90, 0x22,
		0x90, 0x35, 0x90, 0x22, 0x90, 0x35, 0x90, 0x22, 0x90, 0x35, 0x90, 0x22, 0x90, 0x35, 0x90, 0x22,
		0x90, 0x35, 0x90, 0x22, 0x90, 0x35, 0x90, 0x22, 0x90, 0x35, 0x90, 0x22, 0x90, 0x35, 0x90, 0x22,
		0x90, 0x35, 0x90, 0x22, 0x90, 0x35, 0x90, 0x22, 0x90, 0x35, 0x90, 0x22, 0x90, 0x35, 0x90, 0x22,
		0x90, 0x35, 0x90, 0x22, 0x90, 0x35, 0x90, 0x22, 0x90, 0x35, 0x90, 0x22, 0x90, 0x35, 0x90, 0x22,
		0x90, 0x35, 0x90, 0x22, 0x90, 0x35, 0x90, 0x22, 0x90, 0x35, 0x90, 0x22, 0x90, 0x35, 0x90, 0x22,
		0x90, 0x35, 0x90, 0x22, 0x90, 0x35, 0x90, 0x22, 0x90, 0x35, 0x90, 0x22, 0x90, 0x35, 0x90, 0x22,
		0x90, 0x35, 0x90, 0x22, 0x90, 0x35, 0x90, 0x22, 0x90, 0x35, 0x90, 0x22, 0x90, 0x35, 0x90, 0x22,
		0x90, 0x35, 0x90, 0x22, 0x90, 0x35, 0x90, 0x22, 0x90, 0x35, 0x90, 0x22, 0x90, 0x35, 0x90, 0x22,
		0x90, 0x35, 0x90, 0x22, 0x90, 0x35, 0x90, 0x22, 0x90, 0x35, 0x90, 0x22, 0x90, 0x35, 0x90, 0x22,
		0x90, 0x35, 0x90, 0x22, 0x90, 0x35, 0x90, 0x22, 0x90, 0x35, 0x90, 0x22, 0x90, 0x35, 0x90, 0x22,
		0x90, 0x35, 0x90, 0x22, 0x90, 0x35, 0x90, 0x22, 0x90, 0x35, 0x90, 0x22, 0x90, 0x35, 0x90, 0x22,
		0x90, 0x35, 0x90, 0x22, 0x90, 0x35, 0x90, 0x22, 0x90, 0x35, 0x90, 0x22, 0x90, 0x35, 0x90, 0x22,
		0x90, 0x35, 0x90, 0x22, 0x90, 0x35, 0x90, 0x22, 0x90, 0x35, 0x90, 0x22, 0x90, 0x35, 0x90, 0x22,
		0x90, 0x35, 0x90, 0x22, 0x90, 0x35, 0x90, 0x22, 0x90, 0x35, 0x90, 0x22, 0x90, 0x35, 0x90, 0x22,
		0x90, 0x35, 0x90, 0x22, 0x90, 0x35, 0x90, 0x22, 0x90, 0x35, 0x90, 0x22, 0x90, 0x35, 0x90, 0x22,
		0x90, 0x35, 0x90, 0x22, 0x90, 0x35, 0x90, 0x22, 0x90, 0x35, 0x90, 0x22, 0x90, 0x35, 0x90, 0x22,
		0x90, 0x35, 0x90, 0x22, 0x90, 0x35, 0x90, 0x22, 0x90, 0x35, 0x90, 0x22, 0x90, 0x35, 0x90, 0x22,
		0x90, 0x35, 0x90, 0x22, 0x90, 0x35, 0x90, 0x22, 0x90, 0x35, 0x90, 0x22, 0x90, 0x35, 0x90, 0x22,
		0x90, 0x35, 0x90, 0x22, 0x90, 0x35, 0x90, 0x22, 0x90, 0x35, 0x90, 0x22, 0x90, 0x35, 0x90, 0x22,
		0x90, 0x35, 0x90, 0x22, 0x90, 0x35, 0x90, 0x22, 0x90, 0x35, 0x90, 0x22, 0x90, 0x35, 0x90, 0x22,
		0x90, 0x35, 0x90, 0x22, 0x90, 0x35, 0x90, 0x22, 0x90, 0x35, 0x90, 0x22, 0x90, 0x35, 0x90, 0x22,
		0x90, 0x35, 0x90, 0x22, 0x90, 0x35, 0x90, 0x22, 0x90, 0x35, 0x90, 0x22, 0x90, 0x35, 0x90, 0x22,
		0x90, 0x35, 0x90, 0x22, 0x90, 0x35, 0x90, 0x22, 0x90, 0x35, 0x90, 0x22, 0x90, 0x35, 0x90, 0x22,
		0x90, 0x35, 0x90, 0x22, 0x90, 0x35, 0x90, 0x22, 0x90, 0x35, 0x90, 0x22, 0x90, 0x35, 0x90, 0x22,
		0x90, 0x35, 0x90, 0x22, 0x90, 0x35, 0x90, 0x22, 0x90, 0x35, 0x90, 0x22, 0x90, 0x35, 0x90, 0x22,
		0x90, 0x35, 0x90, 0x22, 0x90, 0x35, 0x90, 0x22, 0x90, 0x35, 0x90, 0x22, 0x90, 0x35, 0x90, 0x22,
		0x90, 0x35, 0x90, 0x22, 0x90, 0x35, 0x90, 0x22, 0x90, 0x35, 0x90, 0x22, 0x90, 0x35, 0x90, 0x22,
		0x90, 0x35, 0x90, 0x22, 0x90, 0x35, 0x90, 0x22, 0x90, 0x35, 0x90, 0x22, 0x90, 0x35, 0x90, 0x22,
		0x90, 0x35, 0x90, 0x22, 0x90, 0x35, 0x90, 0x22, 0x90, 0x35, 0x90, 0x22, 0x90, 0x35, 0x90, 0x22,
		0x90, 0x35, 0x90, 0x22, 0x90, 0x35, 0x90, 0x22, 0x90, 0x35, 0x90, 0x22, 0x90, 0x35, 0x90, 0x22,
		0x90, 0x35, 0x90, 0x22, 0x90, 0x35, 0x90, 0x22, 0x90, 0x35, 0x90, 0x22, 0x90, 0x35, 0x90, 0x22,
		0x90, 0x35, 0x90, 0x22, 0x90, 0x35, 0x90, 0x22, 0x90, 0x35, 0x90, 0x22, 0x90, 0x35, 0x90, 0x22,
		0x90, 0x35, 0x90, 0x22, 0x90, 0x35, 0x90, 0x22, 0x90, 0x35, 0x90, 0x22, 0x90, 0x35, 0x90, 0x22,
		0x90, 0x35, 0x90, 0x22, 0x90, 0x35, 0x90, 0x22, 0x90, 0x35, 0x90, 0x22, 0x90, 0x35, 0x90, 0x22,
		0x90, 0x35, 0x90, 0x22, 0x90, 0x35, 0x90, 0x22, 0x90, 0x35, 0x90, 0x22, 0x90, 0x35, 0x90, 0x22,
		0x90, 0x35, 0x90, 0x22, 0x90, 0x35, 0x90, 0x22, 0x90, 0x35, 0x90, 0x22, 0x90, 0x35, 0x90, 0x22,
		0x90, 0x35, 0x90, 0x22, 0x90, 0x35, 0x90, 0x22, 0x90, 0x35, 0x90, 0x22, 0x90, 0x35, 0x90, 0x22,
		0x90, 0x35, 0x90, 0x22, 0x90, 0x35, 0x90, 0x22, 0x90, 0x35, 0x90, 0x22, 0x90, 0x35, 0x90, 0x22,
		0x90, 0x35, 0x90, 0x22, 0x90, 0x35, 0x90, 0x22, 0x90, 0x35, 0x90, 0x22, 0x90, 0x35, 0x90, 0x22,
		0x90, 0x35, 0x90, 0x22, 0x90, 0x35, 0x90, 0x22, 0x90, 0x35, 0x90, 0x22, 0x90, 0x35, 0x90, 0x22,
		0x90, 0x35, 0x90, 0x22, 0x90, 0x35, 0x90, 0x22, 0x90, 0x35, 0x90, 0x22, 0x90, 0x35, 0x90, 0x22,
		0x90, 0x35, 0x90, 0x22, 0x90, 0x35, 0x90, 0x22, 0x90, 0x35, 0x90, 0x22, 0x90, 0x35, 0x90, 0x22,
		0x90, 0x35, 0x90, 0x22, 0x90, 0x35, 0x90, 0x22, 0x90, 0x35, 0x90, 0x22, 0x90, 0x35, 0x90, 0x22,
		0x90, 0x35, 0x90, 0x22, 0x90, 0x35, 0x90, 0x22, 0x90, 0x35, 0x90, 0x22, 0x90, 0x35, 0x90, 0x22,
		0x90, 0x35, 0x90, 0x22, 0x90, 0x35, 0x90, 0x22, 0x90, 0x35, 0x90, 0x22, 0x90, 0x35, 0x90, 0x22,
		0x90, 0x35, 0x90, 0x22, 0x90, 0x35, 0x90, 0x22, 0x90, 0x35, 0x90, 0x22, 0x90, 0x35, 0x90, 0x22,
		0x90, 0x35, 0x90, 0x22, 0x90, 0x35, 0x90, 0x22, 0x90, 0x35, 0x90, 0x22, 0x90, 0x35, 0x90, 0x22,
		0x90, 0x35, 0x90, 0x22, 0x90, 0x35, 0x90, 0x22, 0x90, 0x35, 0x90, 0x22, 0x90, 0x35, 0x90, 0x22,
		0x90, 0x35, 0x90, 0x22, 0x90, 0x35, 0x90, 0x22, 0x90, 0x35, 0x90, 0x22, 0x90, 0x35, 0x90, 0x22,
		0x90, 0x35, 0x90, 0x22, 0x90, 0x35, 0x90, 0x22, 0x90, 0x35, 0x90, 0x22, 0x90, 0x35, 0x90, 0x22,
		0x90, 0x35, 0x90, 0x22, 0x90, 0x35, 0x90, 0x22, 0x90, 0x35, 0x90, 0x22, 0x90, 0x35, 0x90, 0x22,
		0x90, 0x35, 0x90, 0x22, 0x90, 0x35, 0x90, 0x22, 0x90, 0x35, 0x90, 0x22, 0x90, 0x35, 0x90, 0x22,
		0x90, 0x35, 0x90, 0x22, 0x90, 0x35, 0x90, 0x22, 0x90, 0x35, 0x90, 0x22, 0x90, 0x35, 0x90, 0x22,
		0x90, 0x35, 0x90, 0x22, 0x90, 0x35, 0x90, 0x22, 0x90, 0x35, 0x90, 0x22, 0x90, 0x35, 0x90, 0x22,
		0x90, 0x35, 0x90, 0x22, 0x90, 0x35, 0x90, 0x22, 0x90, 0x35, 0x90, 0x22, 0x90, 0x35, 0x90, 0x22,
		0x90, 0x35, 0x90, 0x22, 0x90, 0x35, 0x90, 0x22, 0x90, 0x35, 0x90, 0x22, 0x90, 0x35, 0x90, 0x22,
		0x90, 0x35, 0x90, 0x22, 0x90, 0x35, 0x90, 0x22, 0x90, 0x35, 0x90, 0x22, 0x90, 0x35, 0x90, 0x22,
		0x90, 0x35, 0x90, 0x22, 0x90, 0x35, 0x90, 0x22, 0x90, 0x35, 0x90, 0x22, 0x90, 0x35, 0x90, 0x22,
		0x90, 0x35, 0x90, 0x22, 0x90, 0x35, 0x90, 0x22, 0x90, 0x35, 0x90, 0x22, 0x90, 0x35, 0x90, 0x22,
		0x90, 0x35, 0x90, 0x22, 0x90, 0x35, 0x90, 0x22, 0x90, 0x35, 0x90, 0x22, 0x90, 0x35, 0x90, 0x22,
		0x90, 0x35, 0x90, 0x22, 0x90, 0x35, 0x90, 0x22, 0x90, 0x35, 0x90, 0x22, 0x90, 0x35, 0x90, 0x22,
		0x90, 0x35, 0x90, 0x22, 0x90, 0x35, 0x90, 0x22, 0x90, 0x35, 0x90, 0x22, 0x90, 0x35, 0x90, 0x22,
		0x90, 0x35, 0x90, 0x22, 0x90, 0x35, 0x90, 0x22, 0x90, 0x35, 0x90, 0x22, 0x90, 0x35, 0x90, 0x22,
		0x90, 0x35, 0x90, 0x22, 0x90, 0x35, 0x90, 0x22, 0x90, 0x35, 0x90, 0x22, 0x90, 0x35, 0x90, 0x22,
		0x28, 0xF0, 0x28, 0x6D, 0x28, 0xF0, 0x28, 0x6D, 0x28, 0xF0, 0x28, 0x6D, 0x28, 0xF0, 0x28, 0x6D,
		0x28, 0xF0, 0x28, 0x6D, 0x28, 0xF0, 0x28, 0x6D, 0x28, 0xF0, 0x28, 0x6D, 0x28, 0xF0, 0x28, 0x6D,
		0x28, 0xF0, 0x28, 0x6D, 0x28, 0xF0, 0x28, 0x6D, 0x28, 0xF0, 0x28, 0x6D, 0x28, 0xF0, 0x28, 0x6D,
		0x28, 0xF0, 0x28, 0x6D, 0x28, 0xF0, 0x28, 0x6D, 0x28, 0xF0, 0x28, 0x6D, 0x28, 0xF0, 0x28, 0x6D,
		0x28, 0xF0, 0x28, 0x6D, 0x28, 0xF0, 0x28, 0x6D, 0x28, 0xF0, 0x28, 0x6D, 0x28, 0xF0, 0x28, 0x6D,
		0x28, 0xF0, 0x28, 0x6D, 0x28, 0xF0, 0x28, 0x6D, 0x28, 0xF0, 0x28, 0x6D, 0x28, 0xF0, 0x28, 0x6D,
		0x28, 0xF0, 0x28, 0x6D, 0x28, 0xF0, 0x28, 0x6D, 0x28, 0xF0, 0x28, 0x6D, 0x28, 0xF0, 0x28, 0x6D,
		0x28, 0xF0, 0x28, 0x6D, 0x28, 0xF0, 0x28, 0x6D, 0x28, 0xF0, 0x28, 0x6D, 0x28, 0xF0, 0x28, 0x6D,
		0x28, 0xF0, 0x28, 0x6D, 0x28, 0xF0, 0x28, 0x6D, 0x28, 0xF0, 0x28, 0x6D, 0x28, 0xF0, 0x28, 0x6D,
		0x28, 0xF0, 0x28, 0x6D, 0x28, 0xF0, 0x28, 0x6D, 0x28, 0xF0, 0x28, 0x6D, 0x28, 0xF0, 0x28, 0x6D,
		0x28, 0xF0, 0x28, 0x6D, 0x28, 0xF0, 0x28, 0x6D, 0x28, 0xF0, 0x28, 0x6D, 0x28, 0xF0, 0x28, 0x6D,
		0x28, 0xF0, 0x28, 0x6D, 0x28, 0xF0, 0x28, 0x6D, 0x28, 0xF0, 0x28, 0x6D, 0x28, 0xF0, 0x28, 0x6D,
		0x28, 0xF0, 0x28, 0x6D, 0x28, 0xF0, 0x28, 0x6D, 0x28, 0xF0, 0x28, 0x6D, 0x28, 0xF0, 0x28, 0x6D,
		0x28, 0xF0, 0x28, 0x6D, 0x28, 0xF0, 0x28, 0x6D, 0x28, 0xF0, 0x28, 0x6D, 0x28, 0xF0, 0x28, 0x6D,
		0x28, 0xF0, 0x28, 0x6D, 0x28, 0xF0, 0x28, 0x6D, 0x28, 0xF0, 0x28, 0x6D, 0x28, 0xF0, 0x28, 0x6D,
		0x28, 0xF0, 0x28, 0x6D, 0x28, 0xF0, 0x28, 0x6D, 0x28, 0xF0, 0x28, 0x6D, 0x28, 0xF0, 0x28, 0x6D,
		0x28, 0xF0, 0x28, 0x6D, 0x28, 0xF0, 0x28, 0x6D, 0x28, 0xF0, 0x28, 0x6D, 0x28, 0xF0, 0x28, 0x6D,
		0x28, 0xF0, 0x28, 0x6D, 0x28, 0xF0, 0x28, 0x6D, 0x28, 0xF0, 0x28, 0x6D, 0x28, 0xF0, 0x28, 0x6D,
		0x28, 0xF0, 0x28, 0x6D, 0x28, 0xF0, 0x28, 0x6D, 0x28, 0xF0, 0x28, 0x6D, 0x28, 0xF0, 0x28, 0x6D,
		0x28, 0xF0, 0x28, 0x6D, 0x28, 0xF0, 0x28, 0x6D, 0x28, 0xF0, 0x28, 0x6D, 0x28, 0xF0, 0x28, 0x6D,
		0x28, 0xF0, 0x28, 0x6D, 0x28, 0xF0, 0x28, 0x6D, 0x28, 0xF0, 0x28, 0x6D, 0x28, 0xF0, 0x28, 0x6D,
		0x28, 0xF0, 0x28, 0x6D, 0x28, 0xF0, 0x28, 0x6D, 0x28, 0xF0, 0x28, 0x6D, 0x28, 0xF0, 0x28, 0x6D,
		0x28, 0xF0, 0x28, 0x6D, 0x28, 0xF0, 0x28, 0x6D, 0x28, 0xF0, 0x28, 0x6D, 0x28, 0xF0, 0x28, 0x6D,
		0x28, 0xF0, 0x28, 0x6D, 0x28, 0xF0, 0x28, 0x6D, 0x28, 0xF0, 0x28, 0x6D, 0x28, 0xF0, 0x28, 0x6D,
		0x28, 0xF0, 0x28, 0x6D, 0x28, 0xF0, 0x28, 0x6D, 0x28, 0xF0, 0x28, 0x6D, 0x28, 0xF0, 0x28, 0x6D,
		0x28, 0xF0, 0x28, 0x6D, 0x28, 0xF0, 0x28, 0x6D, 0x28, 0xF0, 0x28, 0x6D, 0x28, 0xF0, 0x28, 0x6D,
		0x28, 0xF0, 0x28, 0x6D, 0x28, 0xF0, 0x28, 0x6D, 0x28, 0xF0, 0x28, 0x6D, 0x28, 0xF0, 0x28, 0x6D,
		0x28, 0xF0, 0x28, 0x6D, 0x28, 0xF0, 0x28, 0x6D, 0x28, 0xF0, 0x28, 0x6D, 0x28, 0xF0, 0x28, 0x6D,
		0x28, 0xF0, 0x28, 0x6D, 0x28, 0xF0, 0x28, 0x6D, 0x28, 0xF0, 0x28, 0x6D, 0x28, 0xF0, 0x28, 0x6D,
		0x28, 0xF0, 0x28, 0x6D, 0x28, 0xF0, 0x28, 0x6D, 0x28, 0xF0, 0x28, 0x6D, 0x28, 0xF0, 0x28, 0x6D,
		0x28, 0xF0, 0x28, 0x6D, 0x28, 0xF0, 0x28, 0x6D, 0x28, 0xF0, 0x28, 0x6D, 0x28, 0xF0, 0x28, 0x6D,
		0x28, 0xF0, 0x28, 0x6D, 0x28, 0xF0, 0x28, 0x6D, 0x28, 0xF0, 0x28, 0x6D, 0x28, 0xF0, 0x28, 0x6D,
		0x28, 0xF0, 0x28, 0x6D, 0x28, 0xF0, 0x28, 0x6D, 0x28, 0xF0, 0x28, 0x6D, 0x28, 0xF0, 0x28, 0x6D,
		0x28, 0xF0, 0x28, 0x6D, 0x28, 0xF0, 0x28, 0x6D, 0x28, 0xF0, 0x28, 0x6D, 0x28, 0xF0, 0x28, 0x6D,
		0x28, 0xF0, 0x28, 0x6D, 0x28, 0xF0, 0x28, 0x6D, 0x28, 0xF0, 0x28, 0x6D, 0x28, 0xF0, 0x28, 0x6D,
		0x28, 0xF0, 0x28, 0x6D, 0x28, 0xF0, 0x28, 0x6D, 0x28, 0xF0, 0x28, 0x6D, 0x28, 0xF0, 0x28, 0x6D,
		0x28, 0xF0, 0x28, 0x6D, 0x28, 0xF0, 0x28, 0x6D, 0x28, 0xF0, 0x28, 0x6D, 0x28, 0xF0, 0x28, 0x6D,
		0x28, 0xF0, 0x28, 0x6D, 0x28, 0xF0, 0x28, 0x6D, 0x28, 0xF0, 0x28, 0x6D, 0x28, 0xF0, 0x28, 0x6D,
		0x28, 0xF0, 0x28, 0x6D, 0x28, 0xF0, 0x28, 0x6D, 0x28, 0xF0, 0x28, 0x6D, 0x28, 0xF0, 0x28, 0x6D,
		0x28, 0xF0, 0x28, 0x6D, 0x28, 0xF0, 0x28, 0x6D, 0x28, 0xF0, 0x28, 0x6D, 0x28, 0xF0, 0x28, 0x6D,
		0x28, 0xF0, 0x28, 0x6D, 0x28, 0xF0, 0x28, 0x6D, 0x28, 0xF0, 0x28, 0x6D, 0x28, 0xF0, 0x28, 0x6D,
		0x28, 0xF0, 0x28, 0x6D, 0x28, 0xF0, 0x28, 0x6D, 0x28, 0xF0, 0x28, 0x6D, 0x28, 0xF0, 0x28, 0x6D,
		0x28, 0xF0, 0x28, 0x6D, 0x28, 0xF0, 0x28, 0x6D, 0x28, 0xF0, 0x28, 0x6D, 0x28, 0xF0, 0x28, 0x6D,
		0x28, 0xF0, 0x28, 0x6D, 0x28, 0xF0, 0x28, 0x6D, 0x28, 0xF0, 0x28, 0x6D, 0x28, 0xF0, 0x28, 0x6D,
		0x28, 0xF0, 0x28, 0x6D, 0x28, 0xF0, 0x28, 0x6D, 0x28, 0xF0, 0x28, 0x6D, 0x28, 0xF0, 0x28, 0x6D,
		0x28, 0xF0, 0x28, 0x6D, 0x28, 0xF0, 0x28, 0x6D, 0x28, 0xF0, 0x28, 0x6D, 0x28, 0xF0, 0x28, 0x6D,
		0x28, 0xF0, 0x28, 0x6D, 0x28, 0xF0, 0x28, 0x6D, 0x28, 0xF0, 0x28, 0x6D, 0x28, 0xF0, 0x28, 0x6D,
		0x28, 0xF0, 0x28, 0x6D, 0x28, 0xF0, 0x28, 0x6D, 0x28, 0xF0, 0x28, 0x6D, 0x28, 0xF0, 0x28, 0x6D,
		0x28, 0xF0, 0x28, 0x6D, 0x28, 0xF0, 0x28, 0x6D, 0x28, 0xF0, 0x28, 0x6D, 0x28, 0xF0, 0x28, 0x6D,
		0x28, 0xF0, 0x28, 0x6D, 0x28, 0xF0, 0x28, 0x6D, 0x28, 0xF0, 0x28, 0x6D, 0x28, 0xF0, 0x28, 0x6D,
		0x28, 0xF0, 0x28, 0x6D, 0x28, 0xF0, 0x28, 0x6D, 0x28, 0xF0, 0x28, 0x6D, 0x28, 0xF0, 0x28, 0x6D,
		0x28, 0xF0, 0x28, 0x6D, 0x28, 0xF0, 0x28, 0x6D, 0x28, 0xF0, 0x28, 0x6D, 0x28, 0xF0, 0x28, 0x6D,
		0x28, 0xF0, 0x28, 0x6D, 0x28, 0xF0, 0x28, 0x6D, 0x28, 0xF0, 0x28, 0x6D, 0x28, 0xF0, 0x28, 0x6D,
		0x28, 0xF0, 0x28, 0x6D, 0x28, 0xF0, 0x28, 0x6D, 0x28, 0xF0, 0x28, 0x6D, 0x28, 0xF0, 0x28, 0x6D,
		0x28, 0xF0, 0x28, 0x6D, 0x28, 0xF0, 0x28, 0x6D, 0x28, 0xF0, 0x28, 0x6D, 0x28, 0xF0, 0x28, 0x6D,
		0x28, 0xF0, 0x28, 0x6D, 0x28, 0xF0, 0x28, 0x6D, 0x28, 0xF0, 0x28, 0x6D, 0x28, 0xF0, 0x28, 0x6D,
		0x28, 0xF0, 0x28, 0x6D, 0x28, 0xF0, 0x28, 0x6D, 0x28, 0xF0, 0x28, 0x6D, 0x28, 0xF0, 0x28, 0x6D,
		0x28, 0xF0, 0x28, 0x6D, 0x28, 0xF0, 0x28, 0x6D, 0x28, 0xF0, 0x28, 0x6D, 0x28, 0xF0, 0x28, 0x6D,
		0x28, 0xF0, 0x28, 0x6D, 0x28, 0xF0, 0x28, 0x6D, 0x28, 0xF0, 0x28, 0x6D, 0x28, 0xF0, 0x28, 0x6D,
		0x28, 0xF0, 0x28, 0x6D, 0x28, 0xF0, 0x28, 0x6D, 0x28, 0xF0, 0x28, 0x6D, 0x28, 0xF0, 0x28, 0x6D,
		0x28, 0xF0, 0x28, 0x6D, 0x28, 0xF0, 0x28, 0x6D, 0x28, 0xF0, 0x28, 0x6D, 0x28, 0xF0, 0x28, 0x6D,
		0x28, 0xF0, 0x28, 0x6D, 0x28, 0xF0, 0x28, 0x6D, 0x28, 0xF0, 0x28, 0x6D, 0x28, 0xF0, 0x28, 0x6D,
		0x28, 0xF0, 0x28, 0x6D, 0x28, 0xF0, 0x28, 0x6D, 0x28, 0xF0, 0x28, 0x6D, 0x28, 0xF0, 0x28, 0x6D,
		0x28, 0xF0, 0x28, 0x6D, 0x28, 0xF0, 0x28, 0x6D, 0x28, 0xF0, 0x28, 0x6D, 0x28, 0xF0, 0x28, 0x6D,
		0x28, 0xF0, 0x28, 0x6D, 0x28, 0xF0, 0x28, 0x6D, 0x28, 0xF0, 0x28, 0x6D, 0x28, 0xF0, 0x28, 0x6D,
		0x28, 0xF0, 0x28, 0x6D, 0x28, 0xF0, 0x28, 0x6D, 0x28, 0xF0, 0x28, 0x6D, 0x28, 0xF0, 0x28, 0x6D,
		0x28, 0xF0, 0x28, 0x6D, 0x28, 0xF0, 0x28, 0x6D, 0x28, 0xF0, 0x28, 0x6D, 0x28, 0xF0, 0x28, 0x6D,
		0x28, 0xF0, 0x28, 0x6D, 0x28, 0xF0, 0x28, 0x6D, 0x28, 0xF0, 0x28, 0x6D, 0x28, 0xF0, 0x28, 0x6D,
		0x28, 0xF0, 0x28, 0x6D, 0x28, 0xF0, 0x28, 0x6D, 0x28, 0xF0, 0x28, 0x6D, 0x28, 0xF0, 0x28, 0x6D,
		0x28, 0xF0, 0x28, 0x6D, 0x28, 0xF0, 0x28, 0x6D, 0x28, 0xF0, 0x28, 0x6D, 0x28, 0xF0, 0x28, 0x6D,
		0x28, 0xF0, 0x28, 0x6D, 0x28, 0xF0, 0x28, 0x6D, 0x28, 0xF0, 0x28, 0x6D, 0x28, 0xF0, 0x28, 0x6D,
		0x28, 0xF0, 0x28, 0x6D, 0x28, 0xF0, 0x28, 0x6D, 0x28, 0xF0, 0x28, 0x6D, 0x28, 0xF0, 0x28, 0x6D,
		0x28, 0xF0, 0x28, 0x6D, 0x28, 0xF0, 0x28, 0x6D, 0x28, 0xF0, 0x28, 0x6D, 0x28, 0xF0, 0x28, 0x6D,
		0x28, 0xF0, 0x28, 0x6D, 0x28, 0xF0, 0x28, 0x6D, 0x28, 0xF0, 0x28, 0x6D, 0x28, 0xF0, 0x28, 0x6D,
		0x28, 0xF0, 0x28, 0x6D, 0x28, 0xF0, 0x28, 0x6D, 0x28, 0xF0, 0x28, 0x6D, 0x28, 0xF0, 0x28, 0x6D,
		0x28, 0xF0, 0x28, 0x6D, 0x28, 0xF0, 0x28, 0x6D, 0x28, 0xF0, 0x28, 0x6D, 0x28, 0xF0, 0x28, 0x6D,
		0x28, 0xF0, 0x28, 0x6D, 0x28, 0xF0, 0x28, 0x6D, 0x28, 0xF0, 0x28, 0x6D, 0x28, 0xF0, 0x28, 0x6D,
		0x28, 0xF0, 0x28, 0x6D, 0x28, 0xF0, 0x28, 0x6D, 0x28, 0xF0, 0x28, 0x6D, 0x28, 0xF0, 0x28, 0x6D,
		0x28, 0xF0, 0x28, 0x6D, 0x28, 0xF0, 0x28, 0x6D, 0x28, 0xF0, 0x28, 0x6D, 0x28, 0xF0, 0x28, 0x6D,
		0x28, 0xF0, 0x28, 0x6D, 0x28, 0xF0, 0x28, 0x6D, 0x28, 0xF0, 0x28, 0x6D, 0x28, 0xF0, 0x28, 0x6D,
		0xE4, 0x80, 0xDD, 0x80, 0xD6, 0x7F, 0xCF, 0x7F, 0xC8, 0x7F, 0xC1, 0x7F, 0xBA, 0x7F, 0xB2, 0x7F,
		0xAB, 0x7F, 0xA5, 0x7F, 0x9E, 0x7F, 0x96, 0x7F, 0x90, 0x7F, 0x89, 0x7F, 0x82, 0x7F, 0x7A, 0x7F,
		0x73, 0x7F, 0x6C, 0x7F, 0x65, 0x7F, 0x5E, 0x7E, 0x57, 0x7F, 0x51, 0x7E, 0x4A, 0x7F, 0x42, 0x7E,
		0x3B, 0x7F, 0x34, 0x7E, 0x2D, 0x7E, 0x26, 0x7E, 0x1F, 0x7E, 0x18, 0x7E, 0x12, 0x7F, 0xEA, 0x7F,
		0xE4, 0x80, 0xDD, 0x80, 0xD6, 0x7F, 0xCF, 0x7F, 0xC8, 0x7F, 0xC1, 0x7F, 0xBA, 0x7F, 0xB2, 0x7F,
		0xAB, 0x7F, 0xA5, 0x7F, 0x9E, 0x7F, 0x96, 0x7F, 0x90, 0x7F, 0x89, 0x7F, 0x82, 0x7F, 0x7A, 0x7F,
		0x73, 0x7F, 0x6C, 0x7F, 0x65, 0x7F, 0x5E, 0x7E, 0x57, 0x7F, 0x51, 0x7E, 0x4A, 0x7F, 0x42, 0x7E,
		0x3B, 0x7F, 0x34, 0x7E, 0x2D, 0x7E, 0x26, 0x7E, 0x1F, 0x7E, 0x18, 0x7E, 0x12, 0x7F, 0xEA, 0x7F,
		0xE4, 0x80, 0xDD, 0x80, 0xD6, 0x7F, 0xCF, 0x7F, 0xC8, 0x7F, 0xC1, 0x7F, 0xBA, 0x7F, 0xB2, 0x7F,
		0xAB, 0x7F, 0xA5, 0x7F, 0x9E, 0x7F, 0x96, 0x7F, 0x90, 0x7F, 0x89, 0x7F, 0x82, 0x7F, 0x7A, 0x7F,
		0x73, 0x7F, 0x6C, 0x7F, 0x65, 0x7F, 0x5E, 0x7E, 0x57, 0x7F, 0x51, 0x7E, 0x4A, 0x7F, 0x42, 0x7E,
		0x3B, 0x7F, 0x34, 0x7E, 0x2D, 0x7E, 0x26, 0x7E, 0x1F, 0x7E, 0x18, 0x7E, 0x12, 0x7F, 0xEA, 0x7F,
		0xE4, 0x80, 0xDD, 0x80, 0xD6, 0x7F, 0xCF, 0x7F, 0xC8, 0x7F, 0xC1, 0x7F, 0xBA, 0x7F, 0xB2, 0x7F,
		0xAB, 0x7F, 0xA5, 0x7F, 0x9E, 0x7F, 0x96, 0x7F, 0x90, 0x7F, 0x89, 0x7F, 0x82, 0x7F, 0x7A, 0x7F,
		0x73, 0x7F, 0x6C, 0x7F, 0x65, 0x7F, 0x5E, 0x7E, 0x57, 0x7F, 0x51, 0x7E, 0x4A, 0x7F, 0x42, 0x7E,
		0x3B, 0x7F, 0x34, 0x7E, 0x2D, 0x7E, 0x26, 0x7E, 0x1F, 0x7E, 0x18, 0x7E, 0x12, 0x7F, 0xEA, 0x7F,
		0xE4, 0x80, 0xDD, 0x80, 0xD6, 0x7F, 0xCF, 0x7F, 0xC8, 0x7F, 0xC1, 0x7F, 0xBA, 0x7F, 0xB2, 0x7F,
		0xAB, 0x7F, 0xA5, 0x7F, 0x9E, 0x7F, 0x96, 0x7F, 0x90, 0x7F, 0x89, 0x7F, 0x82, 0x7F, 0x7A, 0x7F,
		0x73, 0x7F, 0x6C, 0x7F, 0x65, 0x7F, 0x5E, 0x7E, 0x57, 0x7F, 0x51, 0x7E, 0x4A, 0x7F, 0x42, 0x7E,
		0x3B, 0x7F, 0x34, 0x7E, 0x2D, 0x7E, 0x26, 0x7E, 0x1F, 0x7E, 0x18, 0x7E, 0x12, 0x7F, 0xEA, 0x7F,
		0xE4, 0x80, 0xDD, 0x80, 0xD6, 0x7F, 0xCF, 0x7F, 0xC8, 0x7F, 0xC1, 0x7F, 0xBA, 0x7F, 0xB2, 0x7F,
		0xAB, 0x7F, 0xA5, 0x7F, 0x9E, 0x7F, 0x96, 0x7F, 0x90, 0x7F, 0x89, 0x7F, 0x82, 0x7F, 0x7A, 0x7F,
		0x73, 0x7F, 0x6C, 0x7F, 0x65, 0x7F, 0x5E, 0x7E, 0x57, 0x7F, 0x51, 0x7E, 0x4A, 0x7F, 0x42, 0x7E,
		0x3B, 0x7F, 0x34, 0x7E, 0x2D, 0x7E, 0x26, 0x7E, 0x1F, 0x7E, 0x18, 0x7E, 0x12, 0x7F, 0xEA, 0x7F,
		0xE4, 0x80, 0xDD, 0x80, 0xD6, 0x7F, 0xCF, 0x7F, 0xC8, 0x7F, 0xC1, 0x7F, 0xBA, 0x7F, 0xB2, 0x7F,
		0xAB, 0x7F, 0xA5, 0x7F, 0x9E, 0x7F, 0x96, 0x7F, 0x90, 0x7F, 0x89, 0x7F, 0x82, 0x7F, 0x7A, 0x7F,
		0x73, 0x7F, 0x6C, 0x7F, 0x65, 0x7F, 0x5E, 0x7E, 0x57, 0x7F, 0x51, 0x7E, 0x4A, 0x7F, 0x42, 0x7E,
		0x3B, 0x7F, 0x34, 0x7E, 0x2D, 0x7E, 0x26, 0x7E, 0x1F, 0x7E, 0x18, 0x7E, 0x12, 0x7F, 0xEA, 0x7F,
		0xE4, 0x80, 0xDD, 0x80, 0xD6, 0x7F, 0xCF, 0x7F, 0xC8, 0x7F, 0xC1, 0x7F, 0xBA, 0x7F, 0xB2, 0x7F,
		0xAB, 0x7F, 0xA5, 0x7F, 0x9E, 0x7F, 0x96, 0x7F, 0x90, 0x7F, 0x89, 0x7F, 0x82, 0x7F, 0x7A, 0x7F,
		0x73, 0x7F, 0x6C, 0x7F, 0x65, 0x7F, 0x5E, 0x7E, 0x57, 0x7F, 0x51, 0x7E, 0x4A, 0x7F, 0x42, 0x7E,
		0x3B, 0x7F, 0x34, 0x7E, 0x2D, 0x7E, 0x26, 0x7E, 0x1F, 0x7E, 0x18, 0x7E, 0x12, 0x7F, 0xEA, 0x7F,
		0xE4, 0x80, 0xDD, 0x80, 0xD6, 0x7F, 0xCF, 0x7F, 0xC8, 0x7F, 0xC1, 0x7F, 0xBA, 0x7F, 0xB2, 0x7F,
		0xAB, 0x7F, 0xA5, 0x7F, 0x9E, 0x7F, 0x96, 0x7F, 0x90, 0x7F, 0x89, 0x7F, 0x82, 0x7F, 0x7A, 0x7F,
		0x73, 0x7F, 0x6C, 0x7F, 0x65, 0x7F, 0x5E, 0x7E, 0x57, 0x7F, 0x51, 0x7E, 0x4A, 0x7F, 0x42, 0x7E,
		0x3B, 0x7F, 0x34, 0x7E, 0x2D, 0x7E, 0x26, 0x7E, 0x1F, 0x7E, 0x18, 0x7E, 0x12, 0x7F, 0xEA, 0x7F,
		0xE4, 0x80, 0xDD, 0x80, 0xD6, 0x7F, 0xCF, 0x7F, 0xC8, 0x7F, 0xC1, 0x7F, 0xBA, 0x7F, 0xB2, 0x7F,
		0xAB, 0x7F, 0xA5, 0x7F, 0x9E, 0x7F, 0x96, 0x7F, 0x90, 0x7F, 0x89, 0x7F, 0x82, 0x7F, 0x7A, 0x7F,
		0x73, 0x7F, 0x6C, 0x7F, 0x65, 0x7F, 0x5E, 0x7E, 0x57, 0x7F, 0x51, 0x7E, 0x4A, 0x7F, 0x42, 0x7E,
		0x3B, 0x7F, 0x34, 0x7E, 0x2D, 0x7E, 0x26, 0x7E, 0x1F, 0x7E, 0x18, 0x7E, 0x12, 0x7F, 0xEA, 0x7F,
		0xE4, 0x80, 0xDD, 0x80, 0xD6, 0x7F, 0xCF, 0x7F, 0xC8, 0x7F, 0xC1, 0x7F, 0xBA, 0x7F, 0xB2, 0x7F,
		0xAB, 0x7F, 0xA5, 0x7F, 0x9E, 0x7F, 0x96, 0x7F, 0x90, 0x7F, 0x89, 0x7F, 0x82, 0x7F, 0x7A, 0x7F,
		0x73, 0x7F, 0x6C, 0x7F, 0x65, 0x7F, 0x5E, 0x7E, 0x57, 0x7F, 0x51, 0x7E, 0x4A, 0x7F, 0x42, 0x7E,
		0x3B, 0x7F, 0x34, 0x7E, 0x2D, 0x7E, 0x26, 0x7E, 0x1F, 0x7E, 0x18, 0x7E, 0x12, 0x7F, 0xEA, 0x7F,
		0xE4, 0x80, 0xDD, 0x80, 0xD6, 0x7F, 0xCF, 0x7F, 0xC8, 0x7F, 0xC1, 0x7F, 0xBA, 0x7F, 0xB2, 0x7F,
		0xAB, 0x7F, 0xA5, 0x7F, 0x9E, 0x7F, 0x96, 0x7F, 0x90, 0x7F, 0x89, 0x7F, 0x82, 0x7F, 0x7A, 0x7F,
		0x73, 0x7F, 0x6C, 0x7F, 0x65, 0x7F, 0x5E, 0x7E, 0x57, 0x7F, 0x51, 0x7E, 0x4A, 0x7F, 0x42, 0x7E,
		0x3B, 0x7F, 0x34, 0x7E, 0x2D, 0x7E, 0x26, 0x7E, 0x1F, 0x7E, 0x18, 0x7E, 0x12, 0x7F, 0xEA, 0x7F,
		0xE4, 0x80, 0xDD, 0x80, 0xD6, 0x7F, 0xCF, 0x7F, 0xC8, 0x7F, 0xC1, 0x7F, 0xBA, 0x7F, 0xB2, 0x7F,
		0xAB, 0x7F, 0xA5, 0x7F, 0x9E, 0x7F, 0x96, 0x7F, 0x90, 0x7F, 0x89, 0x7F, 0x82, 0x7F, 0x7A, 0x7F,
		0x73, 0x7F, 0x6C, 0x7F, 0x65, 0x7F, 0x5E, 0x7E, 0x57, 0x7F, 0x51, 0x7E, 0x4A, 0x7F, 0x42, 0x7E,
		0x3B, 0x7F, 0x34, 0x7E, 0x2D, 0x7E, 0x26, 0x7E, 0x1F, 0x7E, 0x18, 0x7E, 0x12, 0x7F, 0xEA, 0x7F,
		0xE4, 0x80, 0xDD, 0x80, 0xD6, 0x7F, 0xCF, 0x7F, 0xC8, 0x7F, 0xC1, 0x7F, 0xBA, 0x7F, 0xB2, 0x7F,
		0xAB, 0x7F, 0xA5, 0x7F, 0x9E, 0x7F, 0x96, 0x7F, 0x90, 0x7F, 0x89, 0x7F, 0x82, 0x7F, 0x7A, 0x7F,
		0x73, 0x7F, 0x6C, 0x7F, 0x65, 0x7F, 0x5E, 0x7E, 0x57, 0x7F, 0x51, 0x7E, 0x4A, 0x7F, 0x42, 0x7E,
		0x3B, 0x7F, 0x34, 0x7E, 0x2D, 0x7E, 0x26, 0x7E, 0x1F, 0x7E, 0x18, 0x7E, 0x12, 0x7F, 0xEA, 0x7F,
		0xE4, 0x80, 0xDD, 0x80, 0xD6, 0x7F, 0xCF, 0x7F, 0xC8, 0x7F, 0xC1, 0x7F, 0xBA, 0x7F, 0xB2, 0x7F,
		0xAB, 0x7F, 0xA5, 0x7F, 0x9E, 0x7F, 0x96, 0x7F, 0x90, 0x7F, 0x89, 0x7F, 0x82, 0x7F, 0x7A, 0x7F,
		0x73, 0x7F, 0x6C, 0x7F, 0x65, 0x7F, 0x5E, 0x7E, 0x57, 0x7F, 0x51, 0x7E, 0x4A, 0x7F, 0x42, 0x7E,
		0x3B, 0x7F, 0x34, 0x7E, 0x2D, 0x7E, 0x26, 0x7E, 0x1F, 0x7E, 0x18, 0x7E, 0x12, 0x7F, 0xEA, 0x7F,
		0xE4, 0x80, 0xDD, 0x80, 0xD6, 0x7F, 0xCF, 0x7F, 0xC8, 0x7F, 0xC1, 0x7F, 0xBA, 0x7F, 0xB2, 0x7F,
		0xAB, 0x7F, 0xA5, 0x7F, 0x9E, 0x7F, 0x96, 0x7F, 0x90, 0x7F, 0x89, 0x7F, 0x82, 0x7F, 0x7A, 0x7F,
		0x73, 0x7F, 0x6C, 0x7F, 0x65, 0x7F, 0x5E, 0x7E, 0x57, 0x7F, 0x51, 0x7E, 0x4A, 0x7F, 0x42, 0x7E,
		0x3B, 0x7F, 0x34, 0x7E, 0x2D, 0x7E, 0x26, 0x7E, 0x1F, 0x7E, 0x18, 0x7E, 0x12, 0x7F, 0xEA, 0x7F,
		0xE4, 0x80, 0xDD, 0x80, 0xD6, 0x7F, 0xCF, 0x7F, 0xC8, 0x7F, 0xC1, 0x7F, 0xBA, 0x7F, 0xB2, 0x7F,
		0xAB, 0x7F, 0xA5, 0x7F, 0x9E, 0x7F, 0x96, 0x7F, 0x90, 0x7F, 0x89, 0x7F, 0x82, 0x7F, 0x7A, 0x7F,
		0x73, 0x7F, 0x6C, 0x7F, 0x65, 0x7F, 0x5E, 0x7E, 0x57, 0x7F, 0x51, 0x7E, 0x4A, 0x7F, 0x42, 0x7E,
		0x3B, 0x7F, 0x34, 0x7E, 0x2D, 0x7E, 0x26, 0x7E, 0x1F, 0x7E, 0x18, 0x7E, 0x12, 0x7F, 0xEA, 0x7F,
		0xE4, 0x80, 0xDD, 0x80, 0xD6, 0x7F, 0xCF, 0x7F, 0xC8, 0x7F, 0xC1, 0x7F, 0xBA, 0x7F, 0xB2, 0x7F,
		0xAB, 0x7F, 0xA5, 0x7F, 0x9E, 0x7F, 0x96, 0x7F, 0x90, 0x7F, 0x89, 0x7F, 0x82, 0x7F, 0x7A, 0x7F,
		0x73, 0x7F, 0x6C, 0x7F, 0x65, 0x7F, 0x5E, 0x7E, 0x57, 0x7F, 0x51, 0x7E, 0x4A, 0x7F, 0x42, 0x7E,
		0x3B, 0x7F, 0x34, 0x7E, 0x2D, 0x7E, 0x26, 0x7E, 0x1F, 0x7E, 0x18, 0x7E, 0x12, 0x7F, 0xEA, 0x7F,
		0xE4, 0x80, 0xDD, 0x80, 0xD6, 0x7F, 0xCF, 0x7F, 0xC8, 0x7F, 0xC1, 0x7F, 0xBA, 0x7F, 0xB2, 0x7F,
		0xAB, 0x7F, 0xA5, 0x7F, 0x9E, 0x7F, 0x96, 0x7F, 0x90, 0x7F, 0x89, 0x7F, 0x82, 0x7F, 0x7A, 0x7F,
		0x73, 0x7F, 0x6C, 0x7F, 0x65, 0x7F, 0x5E, 0x7E, 0x57, 0x7F, 0x51, 0x7E, 0x4A, 0x7F, 0x42, 0x7E,
		0x3B, 0x7F, 0x34, 0x7E, 0x2D, 0x7E, 0x26, 0x7E, 0x1F, 0x7E, 0x18, 0x7E, 0x12, 0x7F, 0xEA, 0x7F,
		0xE4, 0x80, 0xDD, 0x80, 0xD6, 0x7F, 0xCF, 0x7F, 0xC8, 0x7F, 0xC1, 0x7F, 0xBA, 0x7F, 0xB2, 0x7F,
		0xAB, 0x7F, 0xA5, 0x7F, 0x9E, 0x7F, 0x96, 0x7F, 0x90, 0x7F, 0x89, 0x7F, 0x82, 0x7F, 0x7A, 0x7F,
		0x73, 0x7F, 0x6C, 0x7F, 0x65, 0x7F, 0x5E, 0x7E, 0x57, 0x7F, 0x51, 0x7E, 0x4A, 0x7F, 0x42, 0x7E,
		0x3B, 0x7F, 0x34, 0x7E, 0x2D, 0x7E, 0x26, 0x7E, 0x1F, 0x7E, 0x18, 0x7E, 0x12, 0x7F, 0xEA, 0x7F,
		0x16, 0x80, 0x1D, 0x80, 0x24, 0x80, 0x2B, 0x80, 0x32, 0x80, 0x39, 0x80, 0x40, 0x80, 0x48, 0x80,
		0x4F, 0x80, 0x55, 0x80, 0x5C, 0x80, 0x63, 0x80, 0x6A, 0x80, 0x71, 0x80, 0x78, 0x80, 0x80, 0x80,
		0x87, 0x80, 0x8E, 0x80, 0x94, 0x80, 0x9C, 0x80, 0xA2, 0x81, 0xA9, 0x81, 0xB0, 0x81, 0xB8, 0x81,
		0xBF, 0x81, 0xC6, 0x81, 0xCD, 0x81, 0xD4, 0x81, 0xDB, 0x81, 0xE2, 0x81, 0xE8, 0x80, 0x10, 0x80,
		0x16, 0x80, 0x1D, 0x80, 0x24, 0x80, 0x2B, 0x80, 0x32, 0x80, 0x39, 0x80, 0x40, 0x80, 0x48, 0x80,
		0x4F, 0x80, 0x55, 0x80, 0x5C, 0x80, 0x63, 0x80, 0x6A, 0x80, 0x71, 0x80, 0x78, 0x80, 0x80, 0x80,
		0x87, 0x80, 0x8E, 0x80, 0x94, 0x80, 0x9C, 0x80, 0xA2, 0x81, 0xA9, 0x81, 0xB0, 0x81, 0xB8, 0x81,
		0xBF, 0x81, 0xC6, 0x81, 0xCD, 0x81, 0xD4, 0x81, 0xDB, 0x81, 0xE2, 0x81, 0xE8, 0x80, 0x10, 0x80,
		0x16, 0x80, 0x1D, 0x80, 0x24, 0x80, 0x2B, 0x80, 0x32, 0x80, 0x39, 0x80, 0x40, 0x80, 0x48, 0x80,
		0x4F, 0x80, 0x55, 0x80, 0x5C, 0x80, 0x63, 0x80, 0x6A, 0x80, 0x71, 0x80, 0x78, 0x80, 0x80, 0x80,
		0x87, 0x80, 0x8E, 0x80, 0x94, 0x80, 0x9C, 0x80, 0xA2, 0x81, 0xA9, 0x81, 0xB0, 0x81, 0xB8, 0x81,
		0xBF, 0x81, 0xC6, 0x81, 0xCD, 0x81, 0xD4, 0x81, 0xDB, 0x81, 0xE2, 0x81, 0xE8, 0x80, 0x10, 0x80,
		0x16, 0x80, 0x1D, 0x80, 0x24, 0x80, 0x2B, 0x80, 0x32, 0x80, 0x39, 0x80, 0x40, 0x80, 0x48, 0x80,
		0x4F, 0x80, 0x55, 0x80, 0x5C, 0x80, 0x63, 0x80, 0x6A, 0x80, 0x71, 0x80, 0x78, 0x80, 0x80, 0x80,
		0x87, 0x80, 0x8E, 0x80, 0x94, 0x80, 0x9C, 0x80, 0xA2, 0x81, 0xA9, 0x81, 0xB0, 0x81, 0xB8, 0x81,
		0xBF, 0x81, 0xC6, 0x81, 0xCD, 0x81, 0xD4, 0x81, 0xDB, 0x81, 0xE2, 0x81, 0xE8, 0x80, 0x10, 0x80,
		0x16, 0x80, 0x1D, 0x80, 0x24, 0x80, 0x2B, 0x80, 0x32, 0x80, 0x39, 0x80, 0x40, 0x80, 0x48, 0x80,
		0x4F, 0x80, 0x55, 0x80, 0x5C, 0x80, 0x63, 0x80, 0x6A, 0x80, 0x71, 0x80, 0x78, 0x80, 0x80, 0x80,
		0x87, 0x80, 0x8E, 0x80, 0x94, 0x80, 0x9C, 0x80, 0xA2, 0x81, 0xA9, 0x81, 0xB0, 0x81, 0xB8, 0x81,
		0xBF, 0x81, 0xC6, 0x81, 0xCD, 0x81, 0xD4, 0x81, 0xDB, 0x81, 0xE2, 0x81, 0xE8, 0x80, 0x10, 0x80,
		0x16, 0x80, 0x1D, 0x80, 0x24, 0x80, 0x2B, 0x80, 0x32, 0x80, 0x39, 0x80, 0x40, 0x80, 0x48, 0x80,
		0x4F, 0x80, 0x55, 0x80, 0x5C, 0x80, 0x63, 0x80, 0x6A, 0x80, 0x71, 0x80, 0x78, 0x80, 0x80, 0x80,
		0x87, 0x80, 0x8E, 0x80, 0x94, 0x80, 0x9C, 0x80, 0xA2, 0x81, 0xA9, 0x81, 0xB0, 0x81, 0xB8, 0x81,
		0xBF, 0x81, 0xC6, 0x81, 0xCD, 0x81, 0xD4, 0x81, 0xDB, 0x81, 0xE2, 0x81, 0xE8, 0x80, 0x10, 0x80,
		0x16, 0x80, 0x1D, 0x80, 0x24, 0x80, 0x2B, 0x80, 0x32, 0x80, 0x39, 0x80, 0x40, 0x80, 0x48, 0x80,
		0x4F, 0x80, 0x55, 0x80, 0x5C, 0x80, 0x63, 0x80, 0x6A, 0x80, 0x71, 0x80, 0x78, 0x80, 0x80, 0x80,
		0x87, 0x80, 0x8E, 0x80, 0x94, 0x80, 0x9C, 0x80, 0xA2, 0x81, 0xA9, 0x81, 0xB0, 0x81, 0xB8, 0x81,
		0xBF, 0x81, 0xC6, 0x81, 0xCD, 0x81, 0xD4, 0x81, 0xDB, 0x81, 0xE2, 0x81, 0xE8, 0x80, 0x10, 0x80,
		0x16, 0x80, 0x1D, 0x80, 0x24, 0x80, 0x2B, 0x80, 0x32, 0x80, 0x39, 0x80, 0x40, 0x80, 0x48, 0x80,
		0x4F, 0x80, 0x55, 0x80, 0x5C, 0x80, 0x63, 0x80, 0x6A, 0x80, 0x71, 0x80, 0x78, 0x80, 0x80, 0x80,
		0x87, 0x80, 0x8E, 0x80, 0x94, 0x80, 0x9C, 0x80, 0xA2, 0x81, 0xA9, 0x81, 0xB0, 0x81, 0xB8, 0x81,
		0xBF, 0x81, 0xC6, 0x81, 0xCD, 0x81, 0xD4, 0x81, 0xDB, 0x81, 0xE2, 0x81, 0xE8, 0x80, 0x10, 0x80,
		0x16, 0x80, 0x1D, 0x80, 0x24, 0x80, 0x2B, 0x80, 0x32, 0x80, 0x39, 0x80, 0x40, 0x80, 0x48, 0x80,
		0x4F, 0x80, 0x55, 0x80, 0x5C, 0x80, 0x63, 0x80, 0x6A, 0x80, 0x71, 0x80, 0x78, 0x80, 0x80, 0x80,
		0x87, 0x80, 0x8E, 0x80, 0x94, 0x80, 0x9C, 0x80, 0xA2, 0x81, 0xA9, 0x81, 0xB0, 0x81, 0xB8, 0x81,
		0xBF, 0x81, 0xC6, 0x81, 0xCD, 0x81, 0xD4, 0x81, 0xDB, 0x81, 0xE2, 0x81, 0xE8, 0x80, 0x10, 0x80,
		0x16, 0x80, 0x1D, 0x80, 0x24, 0x80, 0x2B, 0x80, 0x32, 0x80, 0x39, 0x80, 0x40, 0x80, 0x48, 0x80,
		0x4F, 0x80, 0x55, 0x80, 0x5C, 0x80, 0x63, 0x80, 0x6A, 0x80, 0x71, 0x80, 0x78, 0x80, 0x80, 0x80,
		0x87, 0x80, 0x8E, 0x80, 0x94, 0x80, 0x9C, 0x80, 0xA2, 0x81, 0xA9, 0x81, 0xB0, 0x81, 0xB8, 0x81,
		0xBF, 0x81, 0xC6, 0x81, 0xCD, 0x81, 0xD4, 0x81, 0xDB, 0x81, 0xE2, 0x81, 0xE8, 0x80, 0x10, 0x80,
		0x16, 0x80, 0x1D, 0x80, 0x24, 0x80, 0x2B, 0x80, 0x32, 0x80, 0x39, 0x80, 0x40, 0x80, 0x48, 0x80,
		0x4F, 0x80, 0x55, 0x80, 0x5C, 0x80, 0x63, 0x80, 0x6A, 0x80, 0x71, 0x80, 0x78, 0x80, 0x80, 0x80,
		0x87, 0x80, 0x8E, 0x80, 0x94, 0x80, 0x9C, 0x80, 0xA2, 0x81, 0xA9, 0x81, 0xB0, 0x81, 0xB8, 0x81,
		0xBF, 0x81, 0xC6, 0x81, 0xCD, 0x81, 0xD4, 0x81, 0xDB, 0x81, 0xE2, 0x81, 0xE8, 0x80, 0x10, 0x80,
		0x16, 0x80, 0x1D, 0x80, 0x24, 0x80, 0x2B, 0x80, 0x32, 0x80, 0x39, 0x80, 0x40, 0x80, 0x48, 0x80,
		0x4F, 0x80, 0x55, 0x80, 0x5C, 0x80, 0x63, 0x80, 0x6A, 0x80, 0x71, 0x80, 0x78, 0x80, 0x80, 0x80,
		0x87, 0x80, 0x8E, 0x80, 0x94, 0x80, 0x9C, 0x80, 0xA2, 0x81, 0xA9, 0x81, 0xB0, 0x81, 0xB8, 0x81,
		0xBF, 0x81, 0xC6, 0x81, 0xCD, 0x81, 0xD4, 0x81, 0xDB, 0x81, 0xE2, 0x81, 0xE8, 0x80, 0x10, 0x80,
		0x16, 0x80, 0x1D, 0x80, 0x24, 0x80, 0x2B, 0x80, 0x32, 0x80, 0x39, 0x80, 0x40, 0x80, 0x48, 0x80,
		0x4F, 0x80, 0x55, 0x80, 0x5C, 0x80, 0x63, 0x80, 0x6A, 0x80, 0x71, 0x80, 0x78, 0x80, 0x80, 0x80,
		0x87, 0x80, 0x8E, 0x80, 0x94, 0x80, 0x9C, 0x80, 0xA2, 0x81, 0xA9, 0x81, 0xB0, 0x81, 0xB8, 0x81,
		0xBF, 0x81, 0xC6, 0x81, 0xCD, 0x81, 0xD4, 0x81, 0xDB, 0x81, 0xE2, 0x81, 0xE8, 0x80, 0x10, 0x80,
		0x16, 0x80, 0x1D, 0x80, 0x24, 0x80, 0x2B, 0x80, 0x32, 0x80, 0x39, 0x80, 0x40, 0x80, 0x48, 0x80,
		0x4F, 0x80, 0x55, 0x80, 0x5C, 0x80, 0x63, 0x80, 0x6A, 0x80, 0x71, 0x80, 0x78, 0x80, 0x80, 0x80,
		0x87, 0x80, 0x8E, 0x80, 0x94, 0x80, 0x9C, 0x80, 0xA2, 0x81, 0xA9, 0x81, 0xB0, 0x81, 0xB8, 0x81,
		0xBF, 0x81, 0xC6, 0x81, 0xCD, 0x81, 0xD4, 0x81, 0xDB, 0x81, 0xE2, 0x81, 0xE8, 0x80, 0x10, 0x80,
		0x16, 0x80, 0x1D, 0x80, 0x24, 0x80, 0x2B, 0x80, 0x32, 0x80, 0x39, 0x80, 0x40, 0x80, 0x48, 0x80,
		0x4F, 0x80, 0x55, 0x80, 0x5C, 0x80, 0x63, 0x80, 0x6A, 0x80, 0x71, 0x80, 0x78, 0x80, 0x80, 0x80,
		0x87, 0x80, 0x8E, 0x80, 0x94, 0x80, 0x9C, 0x80, 0xA2, 0x81, 0xA9, 0x81, 0xB0, 0x81, 0xB8, 0x81,
		0xBF, 0x81, 0xC6, 0x81, 0xCD, 0x81, 0xD4, 0x81, 0xDB, 0x81, 0xE2, 0x81, 0xE8, 0x80, 0x10, 0x80,
		0x16, 0x80, 0x1D, 0x80, 0x24, 0x80, 0x2B, 0x80, 0x32, 0x80, 0x39, 0x80, 0x40, 0x80, 0x48, 0x80,
		0x4F, 0x80, 0x55, 0x80, 0x5C, 0x80, 0x63, 0x80, 0x6A, 0x80, 0x71, 0x80, 0x78, 0x80, 0x80, 0x80,
		0x87, 0x80, 0x8E, 0x80, 0x94, 0x80, 0x9C, 0x80, 0xA2, 0x81, 0xA9, 0x81, 0xB0, 0x81, 0xB8, 0x81,
		0xBF, 0x81, 0xC6, 0x81, 0xCD, 0x81, 0xD4, 0x81, 0xDB, 0x81, 0xE2, 0x81, 0xE8, 0x80, 0x10, 0x80,
		0x16, 0x80, 0x1D, 0x80, 0x24, 0x80, 0x2B, 0x80, 0x32, 0x80, 0x39, 0x80, 0x40, 0x80, 0x48, 0x80,
		0x4F, 0x80, 0x55, 0x80, 0x5C, 0x80, 0x63, 0x80, 0x6A, 0x80, 0x71, 0x80, 0x78, 0x80, 0x80, 0x80,
		0x87, 0x80, 0x8E, 0x80, 0x94, 0x80, 0x9C, 0x80, 0xA2, 0x81, 0xA9, 0x81, 0xB0, 0x81, 0xB8, 0x81,
		0xBF, 0x81, 0xC6, 0x81, 0xCD, 0x81, 0xD4, 0x81, 0xDB, 0x81, 0xE2, 0x81, 0xE8, 0x80, 0x10, 0x80,
		0x16, 0x80, 0x1D, 0x80, 0x24, 0x80, 0x2B, 0x80, 0x32, 0x80, 0x39, 0x80, 0x40, 0x80, 0x48, 0x80,
		0x4F, 0x80, 0x55, 0x80, 0x5C, 0x80, 0x63, 0x80, 0x6A, 0x80, 0x71, 0x80, 0x78, 0x80, 0x80, 0x80,
		0x87, 0x80, 0x8E, 0x80, 0x94, 0x80, 0x9C, 0x80, 0xA2, 0x81, 0xA9, 0x81, 0xB0, 0x81, 0xB8, 0x81,
		0xBF, 0x81, 0xC6, 0x81, 0xCD, 0x81, 0xD4, 0x81, 0xDB, 0x81, 0xE2, 0x81, 0xE8, 0x80, 0x10, 0x80,
		0x16, 0x80, 0x1D, 0x80, 0x24, 0x80, 0x2B, 0x80, 0x32, 0x80, 0x39, 0x80, 0x40, 0x80, 0x48, 0x80,
		0x4F, 0x80, 0x55, 0x80, 0x5C, 0x80, 0x63, 0x80, 0x6A, 0x80, 0x71, 0x80, 0x78, 0x80, 0x80, 0x80,
		0x87, 0x80, 0x8E, 0x80, 0x94, 0x80, 0x9C, 0x80, 0xA2, 0x81, 0xA9, 0x81, 0xB0, 0x81, 0xB8, 0x81,
		0xBF, 0x81, 0xC6, 0x81, 0xCD, 0x81, 0xD4, 0x81, 0xDB, 0x81, 0xE2, 0x81, 0xE8, 0x80, 0x10, 0x80,
		0x16, 0x80, 0x1D, 0x80, 0x24, 0x80, 0x2B, 0x80, 0x32, 0x80, 0x39, 0x80, 0x40, 0x80, 0x48, 0x80,
		0x4F, 0x80, 0x55, 0x80, 0x5C, 0x80, 0x63, 0x80, 0x6A, 0x80, 0x71, 0x80, 0x78, 0x80, 0x80, 0x80,
		0x87, 0x80, 0x8E, 0x80, 0x94, 0x80, 0x9C, 0x80, 0xA2, 0x81, 0xA9, 0x81, 0xB0, 0x81, 0xB8, 0x81,
		0xBF, 0x81, 0xC6, 0x81, 0xCD, 0x81, 0xD4, 0x81, 0xDB, 0x81, 0xE2, 0x81, 0xE8, 0x80, 0x10, 0x80,
		0xD1, 0x10, 0xD1, 0x92, 0xD1, 0x10, 0xD1, 0x92, 0xD1, 0x10, 0xD1, 0x92, 0xD1, 0x10, 0xD1, 0x92,
		0xD1, 0x10, 0xD1, 0x92, 0xD1, 0x10, 0xD1, 0x92, 0xD1, 0x10, 0xD1, 0x92, 0xD1, 0x10, 0xD1, 0x92,
		0xD1, 0x10, 0xD1, 0x92, 0xD1, 0x10, 0xD1, 0x92, 0xD1, 0x10, 0xD1, 0x92, 0xD1, 0x10, 0xD1, 0x92,
		0xD1, 0x10, 0xD1, 0x92, 0xD1, 0x10, 0xD1, 0x92, 0xD1, 0x10, 0xD1, 0x92, 0xD1, 0x10, 0xD1, 0x92,
		0xD1, 0x10, 0xD1, 0x92, 0xD1, 0x10, 0xD1, 0x92, 0xD1, 0x10, 0xD1, 0x92, 0xD1, 0x10, 0xD1, 0x92,
		0xD1, 0x10, 0xD1, 0x92, 0xD1, 0x10, 0xD1, 0x92, 0xD1, 0x10, 0xD1, 0x92, 0xD1, 0x10, 0xD1, 0x92,
		0xD1, 0x10, 0xD1, 0x92, 0xD1, 0x10, 0xD1, 0x92, 0xD1, 0x10, 0xD1, 0x92, 0xD1, 0x10, 0xD1, 0x92,
		0xD1, 0x10, 0xD1, 0x92, 0xD1, 0x10, 0xD1, 0x92, 0xD1, 0x10, 0xD1, 0x92, 0xD1, 0x10, 0xD1, 0x92,
		0xD1, 0x10, 0xD1, 0x92, 0xD1, 0x10, 0xD1, 0x92, 0xD1, 0x10, 0xD1, 0x92, 0xD1, 0x10, 0xD1, 0x92,
		0xD1, 0x10, 0xD1, 0x92, 0xD1, 0x10, 0xD1, 0x92, 0xD1, 0x10, 0xD1, 0x92, 0xD1, 0x10, 0xD1, 0x92,
		0xD1, 0x10, 0xD1, 0x92, 0xD1, 0x10, 0xD1, 0x92, 0xD1, 0x10, 0xD1, 0x92, 0xD1, 0x10, 0xD1, 0x92,
		0xD1, 0x10, 0xD1, 0x92, 0xD1, 0x10, 0xD1, 0x92, 0xD1, 0x10, 0xD1, 0x92, 0xD1, 0x10, 0xD1, 0x92,
		0xD1, 0x10, 0xD1, 0x92, 0xD1, 0x10, 0xD1, 0x92, 0xD1, 0x10, 0xD1, 0x92, 0xD1, 0x10, 0xD1, 0x92,
		0xD1, 0x10, 0xD1, 0x92, 0xD1, 0x10, 0xD1, 0x92, 0xD1, 0x10, 0xD1, 0x92, 0xD1, 0x10, 0xD1, 0x92,
		0xD1, 0x10, 0xD1, 0x92, 0xD1, 0x10, 0xD1, 0x92, 0xD1, 0x10, 0xD1, 0x92, 0xD1, 0x10, 0xD1, 0x92,
		0xD1, 0x10, 0xD1, 0x92, 0xD1, 0x10, 0xD1, 0x92, 0xD1, 0x10, 0xD1, 0x92, 0xD1, 0x10, 0xD1, 0x92,
		0xD1, 0x10, 0xD1, 0x92, 0xD1, 0x10, 0xD1, 0x92, 0xD1, 0x10, 0xD1, 0x92, 0xD1, 0x10, 0xD1, 0x92,
		0xD1, 0x10, 0xD1, 0x92, 0xD1, 0x10, 0xD1, 0x92, 0xD1, 0x10, 0xD1, 0x92, 0xD1, 0x10, 0xD1, 0x92,
		0xD1, 0x10, 0xD1, 0x92, 0xD1, 0x10, 0xD1, 0x92, 0xD1, 0x10, 0xD1, 0x92, 0xD1, 0x10, 0xD1, 0x92,
		0xD1, 0x10, 0xD1, 0x92, 0xD1, 0x10, 0xD1, 0x92, 0xD1, 0x10, 0xD1, 0x92, 0xD1, 0x10, 0xD1, 0x92,
		0xD1, 0x10, 0xD1, 0x92, 0xD1, 0x10, 0xD1, 0x92, 0xD1, 0x10, 0xD1, 0x92, 0xD1, 0x10, 0xD1, 0x92,
		0xD1, 0x10, 0xD1, 0x92, 0xD1, 0x10, 0xD1, 0x92, 0xD1, 0x10, 0xD1, 0x92, 0xD1, 0x10, 0xD1, 0x92,
		0xD1, 0x10, 0xD1, 0x92, 0xD1, 0x10, 0xD1, 0x92, 0xD1, 0x10, 0xD1, 0x92, 0xD1, 0x10, 0xD1, 0x92,
		0xD1, 0x10, 0xD1, 0x92, 0xD1, 0x10, 0xD1, 0x92, 0xD1, 0x10, 0xD1, 0x92, 0xD1, 0x10, 0xD1, 0x92,
		0xD1, 0x10, 0xD1, 0x92, 0xD1, 0x10, 0xD1, 0x92, 0xD1, 0x10, 0xD1, 0x92, 0xD1, 0x10, 0xD1, 0x92,
		0xD1, 0x10, 0xD1, 0x92, 0xD1, 0x10, 0xD1, 0x92, 0xD1, 0x10, 0xD1, 0x92, 0xD1, 0x10, 0xD1, 0x92,
		0xD1, 0x10, 0xD1, 0x92, 0xD1, 0x10, 0xD1, 0x92, 0xD1, 0x10, 0xD1, 0x92, 0xD1, 0x10, 0xD1, 0x92,
		0xD1, 0x10, 0xD1, 0x92, 0xD1, 0x10, 0xD1, 0x92, 0xD1, 0x10, 0xD1, 0x92, 0xD1, 0x10, 0xD1, 0x92,
		0xD1, 0x10, 0xD1, 0x92, 0xD1, 0x10, 0xD1, 0x92, 0xD1, 0x10, 0xD1, 0x92, 0xD1, 0x10, 0xD1, 0x92,
		0xD1, 0x10, 0xD1, 0x92, 0xD1, 0x10, 0xD1, 0x92, 0xD1, 0x10, 0xD1, 0x92, 0xD1, 0x10, 0xD1, 0x92,
		0xD1, 0x10, 0xD1, 0x92, 0xD1, 0x10, 0xD1, 0x92, 0xD1, 0x10, 0xD1, 0x92, 0xD1, 0x10, 0xD1, 0x92,
		0xD1, 0x10, 0xD1, 0x92, 0xD1, 0x10, 0xD1, 0x92, 0xD1, 0x10, 0xD1, 0x92, 0xD1, 0x10, 0xD1, 0x92,
};

const uint8_t buf_yuv444[] = {
		0xEA, 0x80, 0x80, 0x00, 0xEA, 0x80, 0x80, 0x00, 0xEA, 0x80, 0x80, 0x00, 0xEA, 0x80, 0x80, 0x00,
		0xEA, 0x80, 0x80, 0x00, 0xEA, 0x80, 0x80, 0x00, 0xEA, 0x80, 0x80, 0x00, 0xEA, 0x80, 0x80, 0x00,
		0xEA, 0x80, 0x80, 0x00, 0xEA, 0x80, 0x80, 0x00, 0x51, 0x5A, 0xF0, 0x00, 0x51, 0x5A, 0xF0, 0x00,
		0x51, 0x5A, 0xF0, 0x00, 0x51, 0x5A, 0xF0, 0x00, 0x51, 0x5A, 0xF0, 0x00, 0x51, 0x5A, 0xF0, 0x00,
		0x51, 0x5A, 0xF0, 0x00, 0x51, 0x5A, 0xF0, 0x00, 0x51, 0x5A, 0xF0, 0x00, 0x51, 0x5A, 0xF0, 0x00,
		0x90, 0x35, 0x22, 0x00, 0x90, 0x35, 0x22, 0x00, 0x90, 0x35, 0x22, 0x00, 0x90, 0x35, 0x22, 0x00,
		0x90, 0x35, 0x22, 0x00, 0x90, 0x35, 0x22, 0x00, 0x90, 0x35, 0x22, 0x00, 0x90, 0x35, 0x22, 0x00,
		0x90, 0x35, 0x22, 0x00, 0x90, 0x35, 0x22, 0x00, 0x28, 0xF0, 0x6D, 0x00, 0x28, 0xF0, 0x6D, 0x00,
		0x28, 0xF0, 0x6D, 0x00, 0x28, 0xF0, 0x6D, 0x00, 0x28, 0xF0, 0x6D, 0x00, 0x28, 0xF0, 0x6D, 0x00,
		0x28, 0xF0, 0x6D, 0x00, 0x28, 0xF0, 0x6D, 0x00, 0x28, 0xF0, 0x6D, 0x00, 0x28, 0xF0, 0x6D, 0x00,
		0xEA, 0x80, 0x80, 0x00, 0xEA, 0x80, 0x80, 0x00, 0xEA, 0x80, 0x80, 0x00, 0xEA, 0x80, 0x80, 0x00,
		0xEA, 0x80, 0x80, 0x00, 0xEA, 0x80, 0x80, 0x00, 0xEA, 0x80, 0x80, 0x00, 0xEA, 0x80, 0x80, 0x00,
		0xEA, 0x80, 0x80, 0x00, 0xEA, 0x80, 0x80, 0x00, 0x10, 0x80, 0x80, 0x00, 0x10, 0x80, 0x80, 0x00,
		0x10, 0x80, 0x80, 0x00, 0x10, 0x80, 0x80, 0x00, 0x10, 0x80, 0x80, 0x00, 0x10, 0x80, 0x80, 0x00,
		0x10, 0x80, 0x80, 0x00, 0x10, 0x80, 0x80, 0x00, 0x10, 0x80, 0x80, 0x00, 0x10, 0x80, 0x80, 0x00,
		0xD1, 0x10, 0x92, 0x00, 0xD1, 0x10, 0x92, 0x00, 0xD1, 0x10, 0x92, 0x00, 0xD1, 0x10, 0x92, 0x00,
		0xEA, 0x80, 0x80, 0x00, 0xEA, 0x80, 0x80, 0x00, 0xEA, 0x80, 0x80, 0x00, 0xEA, 0x80, 0x80, 0x00,
		0xEA, 0x80, 0x80, 0x00, 0xEA, 0x80, 0x80, 0x00, 0xEA, 0x80, 0x80, 0x00, 0xEA, 0x80, 0x80, 0x00,
		0xEA, 0x80, 0x80, 0x00, 0xEA, 0x80, 0x80, 0x00, 0x51, 0x5A, 0xF0, 0x00, 0x51, 0x5A, 0xF0, 0x00,
		0x51, 0x5A, 0xF0, 0x00, 0x51, 0x5A, 0xF0, 0x00, 0x51, 0x5A, 0xF0, 0x00, 0x51, 0x5A, 0xF0, 0x00,
		0x51, 0x5A, 0xF0, 0x00, 0x51, 0x5A, 0xF0, 0x00, 0x51, 0x5A, 0xF0, 0x00, 0x51, 0x5A, 0xF0, 0x00,
		0x90, 0x35, 0x22, 0x00, 0x90, 0x35, 0x22, 0x00, 0x90, 0x35, 0x22, 0x00, 0x90, 0x35, 0x22, 0x00,
		0x90, 0x35, 0x22, 0x00, 0x90, 0x35, 0x22, 0x00, 0x90, 0x35, 0x22, 0x00, 0x90, 0x35, 0x22, 0x00,
		0x90, 0x35, 0x22, 0x00, 0x90, 0x35, 0x22, 0x00, 0x28, 0xF0, 0x6D, 0x00, 0x28, 0xF0, 0x6D, 0x00,
		0x28, 0xF0, 0x6D, 0x00, 0x28, 0xF0, 0x6D, 0x00, 0x28, 0xF0, 0x6D, 0x00, 0x28, 0xF0, 0x6D, 0x00,
		0x28, 0xF0, 0x6D, 0x00, 0x28, 0xF0, 0x6D, 0x00, 0x28, 0xF0, 0x6D, 0x00, 0x28, 0xF0, 0x6D, 0x00,
		0xEA, 0x80, 0x80, 0x00, 0xEA, 0x80, 0x80, 0x00, 0xEA, 0x80, 0x80, 0x00, 0xEA, 0x80, 0x80, 0x00,
		0xEA, 0x80, 0x80, 0x00, 0xEA, 0x80, 0x80, 0x00, 0xEA, 0x80, 0x80, 0x00, 0xEA, 0x80, 0x80, 0x00,
		0xEA, 0x80, 0x80, 0x00, 0xEA, 0x80, 0x80, 0x00, 0x10, 0x80, 0x80, 0x00, 0x10, 0x80, 0x80, 0x00,
		0x10, 0x80, 0x80, 0x00, 0x10, 0x80, 0x80, 0x00, 0x10, 0x80, 0x80, 0x00, 0x10, 0x80, 0x80, 0x00,
		0x10, 0x80, 0x80, 0x00, 0x10, 0x80, 0x80, 0x00, 0x10, 0x80, 0x80, 0x00, 0x10, 0x80, 0x80, 0x00,
		0xD1, 0x10, 0x92, 0x00, 0xD1, 0x10, 0x92, 0x00, 0xD1, 0x10, 0x92, 0x00, 0xD1, 0x10, 0x92, 0x00,
		0xEA, 0x80, 0x80, 0x00, 0xEA, 0x80, 0x80, 0x00, 0xEA, 0x80, 0x80, 0x00, 0xEA, 0x80, 0x80, 0x00,
		0xEA, 0x80, 0x80, 0x00, 0xEA, 0x80, 0x80, 0x00, 0xEA, 0x80, 0x80, 0x00, 0xEA, 0x80, 0x80, 0x00,
		0xEA, 0x80, 0x80, 0x00, 0xEA, 0x80, 0x80, 0x00, 0x51, 0x5A, 0xF0, 0x00, 0x51, 0x5A, 0xF0, 0x00,
		0x51, 0x5A, 0xF0, 0x00, 0x51, 0x5A, 0xF0, 0x00, 0x51, 0x5A, 0xF0, 0x00, 0x51, 0x5A, 0xF0, 0x00,
		0x51, 0x5A, 0xF0, 0x00, 0x51, 0x5A, 0xF0, 0x00, 0x51, 0x5A, 0xF0, 0x00, 0x51, 0x5A, 0xF0, 0x00,
		0x90, 0x35, 0x22, 0x00, 0x90, 0x35, 0x22, 0x00, 0x90, 0x35, 0x22, 0x00, 0x90, 0x35, 0x22, 0x00,
		0x90, 0x35, 0x22, 0x00, 0x90, 0x35, 0x22, 0x00, 0x90, 0x35, 0x22, 0x00, 0x90, 0x35, 0x22, 0x00,
		0x90, 0x35, 0x22, 0x00, 0x90, 0x35, 0x22, 0x00, 0x28, 0xF0, 0x6D, 0x00, 0x28, 0xF0, 0x6D, 0x00,
		0x28, 0xF0, 0x6D, 0x00, 0x28, 0xF0, 0x6D, 0x00, 0x28, 0xF0, 0x6D, 0x00, 0x28, 0xF0, 0x6D, 0x00,
		0x28, 0xF0, 0x6D, 0x00, 0x28, 0xF0, 0x6D, 0x00, 0x28, 0xF0, 0x6D, 0x00, 0x28, 0xF0, 0x6D, 0x00,
		0xEA, 0x80, 0x80, 0x00, 0xEA, 0x80, 0x80, 0x00, 0xEA, 0x80, 0x80, 0x00, 0xEA, 0x80, 0x80, 0x00,
		0xEA, 0x80, 0x80, 0x00, 0xEA, 0x80, 0x80, 0x00, 0xEA, 0x80, 0x80, 0x00, 0xEA, 0x80, 0x80, 0x00,
		0xEA, 0x80, 0x80, 0x00, 0xEA, 0x80, 0x80, 0x00, 0x10, 0x80, 0x80, 0x00, 0x10, 0x80, 0x80, 0x00,
		0x10, 0x80, 0x80, 0x00, 0x10, 0x80, 0x80, 0x00, 0x10, 0x80, 0x80, 0x00, 0x10, 0x80, 0x80, 0x00,
		0x10, 0x80, 0x80, 0x00, 0x10, 0x80, 0x80, 0x00, 0x10, 0x80, 0x80, 0x00, 0x10, 0x80, 0x80, 0x00,
		0xD1, 0x10, 0x92, 0x00, 0xD1, 0x10, 0x92, 0x00, 0xD1, 0x10, 0x92, 0x00, 0xD1, 0x10, 0x92, 0x00,
		0xEA, 0x80, 0x80, 0x00, 0xEA, 0x80, 0x80, 0x00, 0xEA, 0x80, 0x80, 0x00, 0xEA, 0x80, 0x80, 0x00,
		0xEA, 0x80, 0x80, 0x00, 0xEA, 0x80, 0x80, 0x00, 0xEA, 0x80, 0x80, 0x00, 0xEA, 0x80, 0x80, 0x00,
		0xEA, 0x80, 0x80, 0x00, 0xEA, 0x80, 0x80, 0x00, 0x51, 0x5A, 0xF0, 0x00, 0x51, 0x5A, 0xF0, 0x00,
		0x51, 0x5A, 0xF0, 0x00, 0x51, 0x5A, 0xF0, 0x00, 0x51, 0x5A, 0xF0, 0x00, 0x51, 0x5A, 0xF0, 0x00,
		0x51, 0x5A, 0xF0, 0x00, 0x51, 0x5A, 0xF0, 0x00, 0x51, 0x5A, 0xF0, 0x00, 0x51, 0x5A, 0xF0, 0x00,
		0x90, 0x35, 0x22, 0x00, 0x90, 0x35, 0x22, 0x00, 0x90, 0x35, 0x22, 0x00, 0x90, 0x35, 0x22, 0x00,
		0x90, 0x35, 0x22, 0x00, 0x90, 0x35, 0x22, 0x00, 0x90, 0x35, 0x22, 0x00, 0x90, 0x35, 0x22, 0x00,
		0x90, 0x35, 0x22, 0x00, 0x90, 0x35, 0x22, 0x00, 0x28, 0xF0, 0x6D, 0x00, 0x28, 0xF0, 0x6D, 0x00,
		0x28, 0xF0, 0x6D, 0x00, 0x28, 0xF0, 0x6D, 0x00, 0x28, 0xF0, 0x6D, 0x00, 0x28, 0xF0, 0x6D, 0x00,
		0x28, 0xF0, 0x6D, 0x00, 0x28, 0xF0, 0x6D, 0x00, 0x28, 0xF0, 0x6D, 0x00, 0x28, 0xF0, 0x6D, 0x00,
		0xEA, 0x80, 0x80, 0x00, 0xEA, 0x80, 0x80, 0x00, 0xEA, 0x80, 0x80, 0x00, 0xEA, 0x80, 0x80, 0x00,
		0xEA, 0x80, 0x80, 0x00, 0xEA, 0x80, 0x80, 0x00, 0xEA, 0x80, 0x80, 0x00, 0xEA, 0x80, 0x80, 0x00,
		0xEA, 0x80, 0x80, 0x00, 0xEA, 0x80, 0x80, 0x00, 0x10, 0x80, 0x80, 0x00, 0x10, 0x80, 0x80, 0x00,
		0x10, 0x80, 0x80, 0x00, 0x10, 0x80, 0x80, 0x00, 0x10, 0x80, 0x80, 0x00, 0x10, 0x80, 0x80, 0x00,
		0x10, 0x80, 0x80, 0x00, 0x10, 0x80, 0x80, 0x00, 0x10, 0x80, 0x80, 0x00, 0x10, 0x80, 0x80, 0x00,
		0xD1, 0x10, 0x92, 0x00, 0xD1, 0x10, 0x92, 0x00, 0xD1, 0x10, 0x92, 0x00, 0xD1, 0x10, 0x92, 0x00,
		0xEA, 0x80, 0x80, 0x00, 0xEA, 0x80, 0x80, 0x00, 0xEA, 0x80, 0x80, 0x00, 0xEA, 0x80, 0x80, 0x00,
		0xEA, 0x80, 0x80, 0x00, 0xEA, 0x80, 0x80, 0x00, 0xEA, 0x80, 0x80, 0x00, 0xEA, 0x80, 0x80, 0x00,
		0xEA, 0x80, 0x80, 0x00, 0xEA, 0x80, 0x80, 0x00, 0x51, 0x5A, 0xF0, 0x00, 0x51, 0x5A, 0xF0, 0x00,
		0x51, 0x5A, 0xF0, 0x00, 0x51, 0x5A, 0xF0, 0x00, 0x51, 0x5A, 0xF0, 0x00, 0x51, 0x5A, 0xF0, 0x00,
		0x51, 0x5A, 0xF0, 0x00, 0x51, 0x5A, 0xF0, 0x00, 0x51, 0x5A, 0xF0, 0x00, 0x51, 0x5A, 0xF0, 0x00,
		0x90, 0x35, 0x22, 0x00, 0x90, 0x35, 0x22, 0x00, 0x90, 0x35, 0x22, 0x00, 0x90, 0x35, 0x22, 0x00,
		0x90, 0x35, 0x22, 0x00, 0x90, 0x35, 0x22, 0x00, 0x90, 0x35, 0x22, 0x00, 0x90, 0x35, 0x22, 0x00,
		0x90, 0x35, 0x22, 0x00, 0x90, 0x35, 0x22, 0x00, 0x28, 0xF0, 0x6D, 0x00, 0x28, 0xF0, 0x6D, 0x00,
		0x28, 0xF0, 0x6D, 0x00, 0x28, 0xF0, 0x6D, 0x00, 0x28, 0xF0, 0x6D, 0x00, 0x28, 0xF0, 0x6D, 0x00,
		0x28, 0xF0, 0x6D, 0x00, 0x28, 0xF0, 0x6D, 0x00, 0x28, 0xF0, 0x6D, 0x00, 0x28, 0xF0, 0x6D, 0x00,
		0xEA, 0x80, 0x80, 0x00, 0xEA, 0x80, 0x80, 0x00, 0xEA, 0x80, 0x80, 0x00, 0xEA, 0x80, 0x80, 0x00,
		0xEA, 0x80, 0x80, 0x00, 0xEA, 0x80, 0x80, 0x00, 0xEA, 0x80, 0x80, 0x00, 0xEA, 0x80, 0x80, 0x00,
		0xEA, 0x80, 0x80, 0x00, 0xEA, 0x80, 0x80, 0x00, 0x10, 0x80, 0x80, 0x00, 0x10, 0x80, 0x80, 0x00,
		0x10, 0x80, 0x80, 0x00, 0x10, 0x80, 0x80, 0x00, 0x10, 0x80, 0x80, 0x00, 0x10, 0x80, 0x80, 0x00,
		0x10, 0x80, 0x80, 0x00, 0x10, 0x80, 0x80, 0x00, 0x10, 0x80, 0x80, 0x00, 0x10, 0x80, 0x80, 0x00,
		0xD1, 0x10, 0x92, 0x00, 0xD1, 0x10, 0x92, 0x00, 0xD1, 0x10, 0x92, 0x00, 0xD1, 0x10, 0x92, 0x00,
		0xEA, 0x80, 0x80, 0x00, 0xEA, 0x80, 0x80, 0x00, 0xEA, 0x80, 0x80, 0x00, 0xEA, 0x80, 0x80, 0x00,
		0xEA, 0x80, 0x80, 0x00, 0xEA, 0x80, 0x80, 0x00, 0xEA, 0x80, 0x80, 0x00, 0xEA, 0x80, 0x80, 0x00,
		0xEA, 0x80, 0x80, 0x00, 0xEA, 0x80, 0x80, 0x00, 0x51, 0x5A, 0xF0, 0x00, 0x51, 0x5A, 0xF0, 0x00,
		0x51, 0x5A, 0xF0, 0x00, 0x51, 0x5A, 0xF0, 0x00, 0x51, 0x5A, 0xF0, 0x00, 0x51, 0x5A, 0xF0, 0x00,
		0x51, 0x5A, 0xF0, 0x00, 0x51, 0x5A, 0xF0, 0x00, 0x51, 0x5A, 0xF0, 0x00, 0x51, 0x5A, 0xF0, 0x00,
		0x90, 0x35, 0x22, 0x00, 0x90, 0x35, 0x22, 0x00, 0x90, 0x35, 0x22, 0x00, 0x90, 0x35, 0x22, 0x00,
		0x90, 0x35, 0x22, 0x00, 0x90, 0x35, 0x22, 0x00, 0x90, 0x35, 0x22, 0x00, 0x90, 0x35, 0x22, 0x00,
		0x90, 0x35, 0x22, 0x00, 0x90, 0x35, 0x22, 0x00, 0x28, 0xF0, 0x6D, 0x00, 0x28, 0xF0, 0x6D, 0x00,
		0x28, 0xF0, 0x6D, 0x00, 0x28, 0xF0, 0x6D, 0x00, 0x28, 0xF0, 0x6D, 0x00, 0x28, 0xF0, 0x6D, 0x00,
		0x28, 0xF0, 0x6D, 0x00, 0x28, 0xF0, 0x6D, 0x00, 0x28, 0xF0, 0x6D, 0x00, 0x28, 0xF0, 0x6D, 0x00,
		0xEA, 0x80, 0x80, 0x00, 0xEA, 0x80, 0x80, 0x00, 0xEA, 0x80, 0x80, 0x00, 0xEA, 0x80, 0x80, 0x00,
		0xEA, 0x80, 0x80, 0x00, 0xEA, 0x80, 0x80, 0x00, 0xEA, 0x80, 0x80, 0x00, 0xEA, 0x80, 0x80, 0x00,
		0xEA, 0x80, 0x80, 0x00, 0xEA, 0x80, 0x80, 0x00, 0x10, 0x80, 0x80, 0x00, 0x10, 0x80, 0x80, 0x00,
		0x10, 0x80, 0x80, 0x00, 0x10, 0x80, 0x80, 0x00, 0x10, 0x80, 0x80, 0x00, 0x10, 0x80, 0x80, 0x00,
		0x10, 0x80, 0x80, 0x00, 0x10, 0x80, 0x80, 0x00, 0x10, 0x80, 0x80, 0x00, 0x10, 0x80, 0x80, 0x00,
		0xD1, 0x10, 0x92, 0x00, 0xD1, 0x10, 0x92, 0x00, 0xD1, 0x10, 0x92, 0x00, 0xD1, 0x10, 0x92, 0x00,
		0xEA, 0x80, 0x80, 0x00, 0xEA, 0x80, 0x80, 0x00, 0xEA, 0x80, 0x80, 0x00, 0xEA, 0x80, 0x80, 0x00,
		0xEA, 0x80, 0x80, 0x00, 0xEA, 0x80, 0x80, 0x00, 0xEA, 0x80, 0x80, 0x00, 0xEA, 0x80, 0x80, 0x00,
		0xEA, 0x80, 0x80, 0x00, 0xEA, 0x80, 0x80, 0x00, 0x51, 0x5A, 0xF0, 0x00, 0x51, 0x5A, 0xF0, 0x00,
		0x51, 0x5A, 0xF0, 0x00, 0x51, 0x5A, 0xF0, 0x00, 0x51, 0x5A, 0xF0, 0x00, 0x51, 0x5A, 0xF0, 0x00,
		0x51, 0x5A, 0xF0, 0x00, 0x51, 0x5A, 0xF0, 0x00, 0x51, 0x5A, 0xF0, 0x00, 0x51, 0x5A, 0xF0, 0x00,
		0x90, 0x35, 0x22, 0x00, 0x90, 0x35, 0x22, 0x00, 0x90, 0x35, 0x22, 0x00, 0x90, 0x35, 0x22, 0x00,
		0x90, 0x35, 0x22, 0x00, 0x90, 0x35, 0x22, 0x00, 0x90, 0x35, 0x22, 0x00, 0x90, 0x35, 0x22, 0x00,
		0x90, 0x35, 0x22, 0x00, 0x90, 0x35, 0x22, 0x00, 0x28, 0xF0, 0x6D, 0x00, 0x28, 0xF0, 0x6D, 0x00,
		0x28, 0xF0, 0x6D, 0x00, 0x28, 0xF0, 0x6D, 0x00, 0x28, 0xF0, 0x6D, 0x00, 0x28, 0xF0, 0x6D, 0x00,
		0x28, 0xF0, 0x6D, 0x00, 0x28, 0xF0, 0x6D, 0x00, 0x28, 0xF0, 0x6D, 0x00, 0x28, 0xF0, 0x6D, 0x00,
		0xEA, 0x80, 0x80, 0x00, 0xEA, 0x80, 0x80, 0x00, 0xEA, 0x80, 0x80, 0x00, 0xEA, 0x80, 0x80, 0x00,
		0xEA, 0x80, 0x80, 0x00, 0xEA, 0x80, 0x80, 0x00, 0xEA, 0x80, 0x80, 0x00, 0xEA, 0x80, 0x80, 0x00,
		0xEA, 0x80, 0x80, 0x00, 0xEA, 0x80, 0x80, 0x00, 0x10, 0x80, 0x80, 0x00, 0x10, 0x80, 0x80, 0x00,
		0x10, 0x80, 0x80, 0x00, 0x10, 0x80, 0x80, 0x00, 0x10, 0x80, 0x80, 0x00, 0x10, 0x80, 0x80, 0x00,
		0x10, 0x80, 0x80, 0x00, 0x10, 0x80, 0x80, 0x00, 0x10, 0x80, 0x80, 0x00, 0x10, 0x80, 0x80, 0x00,
		0xD1, 0x10, 0x92, 0x00, 0xD1, 0x10, 0x92, 0x00, 0xD1, 0x10, 0x92, 0x00, 0xD1, 0x10, 0x92, 0x00,
		0xEA, 0x80, 0x80, 0x00, 0xEA, 0x80, 0x80, 0x00, 0xEA, 0x80, 0x80, 0x00, 0xEA, 0x80, 0x80, 0x00,
		0xEA, 0x80, 0x80, 0x00, 0xEA, 0x80, 0x80, 0x00, 0xEA, 0x80, 0x80, 0x00, 0xEA, 0x80, 0x80, 0x00,
		0xEA, 0x80, 0x80, 0x00, 0xEA, 0x80, 0x80, 0x00, 0x51, 0x5A, 0xF0, 0x00, 0x51, 0x5A, 0xF0, 0x00,
		0x51, 0x5A, 0xF0, 0x00, 0x51, 0x5A, 0xF0, 0x00, 0x51, 0x5A, 0xF0, 0x00, 0x51, 0x5A, 0xF0, 0x00,
		0x51, 0x5A, 0xF0, 0x00, 0x51, 0x5A, 0xF0, 0x00, 0x51, 0x5A, 0xF0, 0x00, 0x51, 0x5A, 0xF0, 0x00,
		0x90, 0x35, 0x22, 0x00, 0x90, 0x35, 0x22, 0x00, 0x90, 0x35, 0x22, 0x00, 0x90, 0x35, 0x22, 0x00,
		0x90, 0x35, 0x22, 0x00, 0x90, 0x35, 0x22, 0x00, 0x90, 0x35, 0x22, 0x00, 0x90, 0x35, 0x22, 0x00,
		0x90, 0x35, 0x22, 0x00, 0x90, 0x35, 0x22, 0x00, 0x28, 0xF0, 0x6D, 0x00, 0x28, 0xF0, 0x6D, 0x00,
		0x28, 0xF0, 0x6D, 0x00, 0x28, 0xF0, 0x6D, 0x00, 0x28, 0xF0, 0x6D, 0x00, 0x28, 0xF0, 0x6D, 0x00,
		0x28, 0xF0, 0x6D, 0x00, 0x28, 0xF0, 0x6D, 0x00, 0x28, 0xF0, 0x6D, 0x00, 0x28, 0xF0, 0x6D, 0x00,
		0xEA, 0x80, 0x80, 0x00, 0xEA, 0x80, 0x80, 0x00, 0xEA, 0x80, 0x80, 0x00, 0xEA, 0x80, 0x80, 0x00,
		0xEA, 0x80, 0x80, 0x00, 0xEA, 0x80, 0x80, 0x00, 0xEA, 0x80, 0x80, 0x00, 0xEA, 0x80, 0x80, 0x00,
		0xEA, 0x80, 0x80, 0x00, 0xEA, 0x80, 0x80, 0x00, 0x10, 0x80, 0x80, 0x00, 0x10, 0x80, 0x80, 0x00,
		0x10, 0x80, 0x80, 0x00, 0x10, 0x80, 0x80, 0x00, 0x10, 0x80, 0x80, 0x00, 0x10, 0x80, 0x80, 0x00,
		0x10, 0x80, 0x80, 0x00, 0x10, 0x80, 0x80, 0x00, 0x10, 0x80, 0x80, 0x00, 0x10, 0x80, 0x80, 0x00,
		0xD1, 0x10, 0x92, 0x00, 0xD1, 0x10, 0x92, 0x00, 0xD1, 0x10, 0x92, 0x00, 0xD1, 0x10, 0x92, 0x00,
		0xEA, 0x80, 0x80, 0x00, 0xEA, 0x80, 0x80, 0x00, 0xEA, 0x80, 0x80, 0x00, 0xEA, 0x80, 0x80, 0x00,
		0xEA, 0x80, 0x80, 0x00, 0xEA, 0x80, 0x80, 0x00, 0xEA, 0x80, 0x80, 0x00, 0xEA, 0x80, 0x80, 0x00,
		0xEA, 0x80, 0x80, 0x00, 0xEA, 0x80, 0x80, 0x00, 0x51, 0x5A, 0xF0, 0x00, 0x51, 0x5A, 0xF0, 0x00,
		0x51, 0x5A, 0xF0, 0x00, 0x51, 0x5A, 0xF0, 0x00, 0x51, 0x5A, 0xF0, 0x00, 0x51, 0x5A, 0xF0, 0x00,
		0x51, 0x5A, 0xF0, 0x00, 0x51, 0x5A, 0xF0, 0x00, 0x51, 0x5A, 0xF0, 0x00, 0x51, 0x5A, 0xF0, 0x00,
		0x90, 0x35, 0x22, 0x00, 0x90, 0x35, 0x22, 0x00, 0x90, 0x35, 0x22, 0x00, 0x90, 0x35, 0x22, 0x00,
		0x90, 0x35, 0x22, 0x00, 0x90, 0x35, 0x22, 0x00, 0x90, 0x35, 0x22, 0x00, 0x90, 0x35, 0x22, 0x00,
		0x90, 0x35, 0x22, 0x00, 0x90, 0x35, 0x22, 0x00, 0x28, 0xF0, 0x6D, 0x00, 0x28, 0xF0, 0x6D, 0x00,
		0x28, 0xF0, 0x6D, 0x00, 0x28, 0xF0, 0x6D, 0x00, 0x28, 0xF0, 0x6D, 0x00, 0x28, 0xF0, 0x6D, 0x00,
		0x28, 0xF0, 0x6D, 0x00, 0x28, 0xF0, 0x6D, 0x00, 0x28, 0xF0, 0x6D, 0x00, 0x28, 0xF0, 0x6D, 0x00,
		0xEA, 0x80, 0x80, 0x00, 0xEA, 0x80, 0x80, 0x00, 0xEA, 0x80, 0x80, 0x00, 0xEA, 0x80, 0x80, 0x00,
		0xEA, 0x80, 0x80, 0x00, 0xEA, 0x80, 0x80, 0x00, 0xEA, 0x80, 0x80, 0x00, 0xEA, 0x80, 0x80, 0x00,
		0xEA, 0x80, 0x80, 0x00, 0xEA, 0x80, 0x80, 0x00, 0x10, 0x80, 0x80, 0x00, 0x10, 0x80, 0x80, 0x00,
		0x10, 0x80, 0x80, 0x00, 0x10, 0x80, 0x80, 0x00, 0x10, 0x80, 0x80, 0x00, 0x10, 0x80, 0x80, 0x00,
		0x10, 0x80, 0x80, 0x00, 0x10, 0x80, 0x80, 0x00, 0x10, 0x80, 0x80, 0x00, 0x10, 0x80, 0x80, 0x00,
		0xD1, 0x10, 0x92, 0x00, 0xD1, 0x10, 0x92, 0x00, 0xD1, 0x10, 0x92, 0x00, 0xD1, 0x10, 0x92, 0x00,
		0xEA, 0x80, 0x80, 0x00, 0xEA, 0x80, 0x80, 0x00, 0xEA, 0x80, 0x80, 0x00, 0xEA, 0x80, 0x80, 0x00,
		0xEA, 0x80, 0x80, 0x00, 0xEA, 0x80, 0x80, 0x00, 0xEA, 0x80, 0x80, 0x00, 0xEA, 0x80, 0x80, 0x00,
		0xEA, 0x80, 0x80, 0x00, 0xEA, 0x80, 0x80, 0x00, 0x51, 0x5A, 0xF0, 0x00, 0x51, 0x5A, 0xF0, 0x00,
		0x51, 0x5A, 0xF0, 0x00, 0x51, 0x5A, 0xF0, 0x00, 0x51, 0x5A, 0xF0, 0x00, 0x51, 0x5A, 0xF0, 0x00,
		0x51, 0x5A, 0xF0, 0x00, 0x51, 0x5A, 0xF0, 0x00, 0x51, 0x5A, 0xF0, 0x00, 0x51, 0x5A, 0xF0, 0x00,
		0x90, 0x35, 0x22, 0x00, 0x90, 0x35, 0x22, 0x00, 0x90, 0x35, 0x22, 0x00, 0x90, 0x35, 0x22, 0x00,
		0x90, 0x35, 0x22, 0x00, 0x90, 0x35, 0x22, 0x00, 0x90, 0x35, 0x22, 0x00, 0x90, 0x35, 0x22, 0x00,
		0x90, 0x35, 0x22, 0x00, 0x90, 0x35, 0x22, 0x00, 0x28, 0xF0, 0x6D, 0x00, 0x28, 0xF0, 0x6D, 0x00,
		0x28, 0xF0, 0x6D, 0x00, 0x28, 0xF0, 0x6D, 0x00, 0x28, 0xF0, 0x6D, 0x00, 0x28, 0xF0, 0x6D, 0x00,
		0x28, 0xF0, 0x6D, 0x00, 0x28, 0xF0, 0x6D, 0x00, 0x28, 0xF0, 0x6D, 0x00, 0x28, 0xF0, 0x6D, 0x00,
		0xEA, 0x80, 0x80, 0x00, 0xEA, 0x80, 0x80, 0x00, 0xEA, 0x80, 0x80, 0x00, 0xEA, 0x80, 0x80, 0x00,
		0xEA, 0x80, 0x80, 0x00, 0xEA, 0x80, 0x80, 0x00, 0xEA, 0x80, 0x80, 0x00, 0xEA, 0x80, 0x80, 0x00,
		0xEA, 0x80, 0x80, 0x00, 0xEA, 0x80, 0x80, 0x00, 0x10, 0x80, 0x80, 0x00, 0x10, 0x80, 0x80, 0x00,
		0x10, 0x80, 0x80, 0x00, 0x10, 0x80, 0x80, 0x00, 0x10, 0x80, 0x80, 0x00, 0x10, 0x80, 0x80, 0x00,
		0x10, 0x80, 0x80, 0x00, 0x10, 0x80, 0x80, 0x00, 0x10, 0x80, 0x80, 0x00, 0x10, 0x80, 0x80, 0x00,
		0xD1, 0x10, 0x92, 0x00, 0xD1, 0x10, 0x92, 0x00, 0xD1, 0x10, 0x92, 0x00, 0xD1, 0x10, 0x92, 0x00,
		0x51, 0x5A, 0xF0, 0x00, 0x51, 0x5A, 0xF0, 0x00, 0x51, 0x5A, 0xF0, 0x00, 0x51, 0x5A, 0xF0, 0x00,
		0x51, 0x5A, 0xF0, 0x00, 0x51, 0x5A, 0xF0, 0x00, 0x51, 0x5A, 0xF0, 0x00, 0x51, 0x5A, 0xF0, 0x00,
		0x51, 0x5A, 0xF0, 0x00, 0x51, 0x5A, 0xF0, 0x00, 0x51, 0x5A, 0xF0, 0x00, 0x51, 0x5A, 0xF0, 0x00,
		0x51, 0x5A, 0xF0, 0x00, 0x51, 0x5A, 0xF0, 0x00, 0x51, 0x5A, 0xF0, 0x00, 0x51, 0x5A, 0xF0, 0x00,
		0x51, 0x5A, 0xF0, 0x00, 0x51, 0x5A, 0xF0, 0x00, 0x51, 0x5A, 0xF0, 0x00, 0x51, 0x5A, 0xF0, 0x00,
		0x51, 0x5A, 0xF0, 0x00, 0x51, 0x5A, 0xF0, 0x00, 0x51, 0x5A, 0xF0, 0x00, 0x51, 0x5A, 0xF0, 0x00,
		0x51, 0x5A, 0xF0, 0x00, 0x51, 0x5A, 0xF0, 0x00, 0x51, 0x5A, 0xF0, 0x00, 0x51, 0x5A, 0xF0, 0x00,
		0x51, 0x5A, 0xF0, 0x00, 0x51, 0x5A, 0xF0, 0x00, 0x51, 0x5A, 0xF0, 0x00, 0x51, 0x5A, 0xF0, 0x00,
		0x51, 0x5A, 0xF0, 0x00, 0x51, 0x5A, 0xF0, 0x00, 0x51, 0x5A, 0xF0, 0x00, 0x51, 0x5A, 0xF0, 0x00,
		0x51, 0x5A, 0xF0, 0x00, 0x51, 0x5A, 0xF0, 0x00, 0x51, 0x5A, 0xF0, 0x00, 0x51, 0x5A, 0xF0, 0x00,
		0x51, 0x5A, 0xF0, 0x00, 0x51, 0x5A, 0xF0, 0x00, 0x51, 0x5A, 0xF0, 0x00, 0x51, 0x5A, 0xF0, 0x00,
		0x51, 0x5A, 0xF0, 0x00, 0x51, 0x5A, 0xF0, 0x00, 0x51, 0x5A, 0xF0, 0x00, 0x51, 0x5A, 0xF0, 0x00,
		0x51, 0x5A, 0xF0, 0x00, 0x51, 0x5A, 0xF0, 0x00, 0x51, 0x5A, 0xF0, 0x00, 0x51, 0x5A, 0xF0, 0x00,
		0x51, 0x5A, 0xF0, 0x00, 0x51, 0x5A, 0xF0, 0x00, 0x51, 0x5A, 0xF0, 0x00, 0x51, 0x5A, 0xF0, 0x00,
		0x51, 0x5A, 0xF0, 0x00, 0x51, 0x5A, 0xF0, 0x00, 0x51, 0x5A, 0xF0, 0x00, 0x51, 0x5A, 0xF0, 0x00,
		0x51, 0x5A, 0xF0, 0x00, 0x51, 0x5A, 0xF0, 0x00, 0x51, 0x5A, 0xF0, 0x00, 0x51, 0x5A, 0xF0, 0x00,
		0x51, 0x5A, 0xF0, 0x00, 0x51, 0x5A, 0xF0, 0x00, 0x51, 0x5A, 0xF0, 0x00, 0x51, 0x5A, 0xF0, 0x00,
		0x51, 0x5A, 0xF0, 0x00, 0x51, 0x5A, 0xF0, 0x00, 0x51, 0x5A, 0xF0, 0x00, 0x51, 0x5A, 0xF0, 0x00,
		0x51, 0x5A, 0xF0, 0x00, 0x51, 0x5A, 0xF0, 0x00, 0x51, 0x5A, 0xF0, 0x00, 0x51, 0x5A, 0xF0, 0x00,
		0x51, 0x5A, 0xF0, 0x00, 0x51, 0x5A, 0xF0, 0x00, 0x51, 0x5A, 0xF0, 0x00, 0x51, 0x5A, 0xF0, 0x00,
		0x51, 0x5A, 0xF0, 0x00, 0x51, 0x5A, 0xF0, 0x00, 0x51, 0x5A, 0xF0, 0x00, 0x51, 0x5A, 0xF0, 0x00,
		0x51, 0x5A, 0xF0, 0x00, 0x51, 0x5A, 0xF0, 0x00, 0x51, 0x5A, 0xF0, 0x00, 0x51, 0x5A, 0xF0, 0x00,
		0x51, 0x5A, 0xF0, 0x00, 0x51, 0x5A, 0xF0, 0x00, 0x51, 0x5A, 0xF0, 0x00, 0x51, 0x5A, 0xF0, 0x00,
		0x51, 0x5A, 0xF0, 0x00, 0x51, 0x5A, 0xF0, 0x00, 0x51, 0x5A, 0xF0, 0x00, 0x51, 0x5A, 0xF0, 0x00,
		0x51, 0x5A, 0xF0, 0x00, 0x51, 0x5A, 0xF0, 0x00, 0x51, 0x5A, 0xF0, 0x00, 0x51, 0x5A, 0xF0, 0x00,
		0x51, 0x5A, 0xF0, 0x00, 0x51, 0x5A, 0xF0, 0x00, 0x51, 0x5A, 0xF0, 0x00, 0x51, 0x5A, 0xF0, 0x00,
		0x51, 0x5A, 0xF0, 0x00, 0x51, 0x5A, 0xF0, 0x00, 0x51, 0x5A, 0xF0, 0x00, 0x51, 0x5A, 0xF0, 0x00,
		0x51, 0x5A, 0xF0, 0x00, 0x51, 0x5A, 0xF0, 0x00, 0x51, 0x5A, 0xF0, 0x00, 0x51, 0x5A, 0xF0, 0x00,
		0x51, 0x5A, 0xF0, 0x00, 0x51, 0x5A, 0xF0, 0x00, 0x51, 0x5A, 0xF0, 0x00, 0x51, 0x5A, 0xF0, 0x00,
		0x51, 0x5A, 0xF0, 0x00, 0x51, 0x5A, 0xF0, 0x00, 0x51, 0x5A, 0xF0, 0x00, 0x51, 0x5A, 0xF0, 0x00,
		0x51, 0x5A, 0xF0, 0x00, 0x51, 0x5A, 0xF0, 0x00, 0x51, 0x5A, 0xF0, 0x00, 0x51, 0x5A, 0xF0, 0x00,
		0x51, 0x5A, 0xF0, 0x00, 0x51, 0x5A, 0xF0, 0x00, 0x51, 0x5A, 0xF0, 0x00, 0x51, 0x5A, 0xF0, 0x00,
		0x51, 0x5A, 0xF0, 0x00, 0x51, 0x5A, 0xF0, 0x00, 0x51, 0x5A, 0xF0, 0x00, 0x51, 0x5A, 0xF0, 0x00,
		0x51, 0x5A, 0xF0, 0x00, 0x51, 0x5A, 0xF0, 0x00, 0x51, 0x5A, 0xF0, 0x00, 0x51, 0x5A, 0xF0, 0x00,
		0x51, 0x5A, 0xF0, 0x00, 0x51, 0x5A, 0xF0, 0x00, 0x51, 0x5A, 0xF0, 0x00, 0x51, 0x5A, 0xF0, 0x00,
		0x51, 0x5A, 0xF0, 0x00, 0x51, 0x5A, 0xF0, 0x00, 0x51, 0x5A, 0xF0, 0x00, 0x51, 0x5A, 0xF0, 0x00,
		0x51, 0x5A, 0xF0, 0x00, 0x51, 0x5A, 0xF0, 0x00, 0x51, 0x5A, 0xF0, 0x00, 0x51, 0x5A, 0xF0, 0x00,
		0x51, 0x5A, 0xF0, 0x00, 0x51, 0x5A, 0xF0, 0x00, 0x51, 0x5A, 0xF0, 0x00, 0x51, 0x5A, 0xF0, 0x00,
		0x51, 0x5A, 0xF0, 0x00, 0x51, 0x5A, 0xF0, 0x00, 0x51, 0x5A, 0xF0, 0x00, 0x51, 0x5A, 0xF0, 0x00,
		0x51, 0x5A, 0xF0, 0x00, 0x51, 0x5A, 0xF0, 0x00, 0x51, 0x5A, 0xF0, 0x00, 0x51, 0x5A, 0xF0, 0x00,
		0x51, 0x5A, 0xF0, 0x00, 0x51, 0x5A, 0xF0, 0x00, 0x51, 0x5A, 0xF0, 0x00, 0x51, 0x5A, 0xF0, 0x00,
		0x51, 0x5A, 0xF0, 0x00, 0x51, 0x5A, 0xF0, 0x00, 0x51, 0x5A, 0xF0, 0x00, 0x51, 0x5A, 0xF0, 0x00,
		0x51, 0x5A, 0xF0, 0x00, 0x51, 0x5A, 0xF0, 0x00, 0x51, 0x5A, 0xF0, 0x00, 0x51, 0x5A, 0xF0, 0x00,
		0x51, 0x5A, 0xF0, 0x00, 0x51, 0x5A, 0xF0, 0x00, 0x51, 0x5A, 0xF0, 0x00, 0x51, 0x5A, 0xF0, 0x00,
		0x51, 0x5A, 0xF0, 0x00, 0x51, 0x5A, 0xF0, 0x00, 0x51, 0x5A, 0xF0, 0x00, 0x51, 0x5A, 0xF0, 0x00,
		0x51, 0x5A, 0xF0, 0x00, 0x51, 0x5A, 0xF0, 0x00, 0x51, 0x5A, 0xF0, 0x00, 0x51, 0x5A, 0xF0, 0x00,
		0x51, 0x5A, 0xF0, 0x00, 0x51, 0x5A, 0xF0, 0x00, 0x51, 0x5A, 0xF0, 0x00, 0x51, 0x5A, 0xF0, 0x00,
		0x51, 0x5A, 0xF0, 0x00, 0x51, 0x5A, 0xF0, 0x00, 0x51, 0x5A, 0xF0, 0x00, 0x51, 0x5A, 0xF0, 0x00,
		0x51, 0x5A, 0xF0, 0x00, 0x51, 0x5A, 0xF0, 0x00, 0x51, 0x5A, 0xF0, 0x00, 0x51, 0x5A, 0xF0, 0x00,
		0x51, 0x5A, 0xF0, 0x00, 0x51, 0x5A, 0xF0, 0x00, 0x51, 0x5A, 0xF0, 0x00, 0x51, 0x5A, 0xF0, 0x00,
		0x51, 0x5A, 0xF0, 0x00, 0x51, 0x5A, 0xF0, 0x00, 0x51, 0x5A, 0xF0, 0x00, 0x51, 0x5A, 0xF0, 0x00,
		0x51, 0x5A, 0xF0, 0x00, 0x51, 0x5A, 0xF0, 0x00, 0x51, 0x5A, 0xF0, 0x00, 0x51, 0x5A, 0xF0, 0x00,
		0x51, 0x5A, 0xF0, 0x00, 0x51, 0x5A, 0xF0, 0x00, 0x51, 0x5A, 0xF0, 0x00, 0x51, 0x5A, 0xF0, 0x00,
		0x51, 0x5A, 0xF0, 0x00, 0x51, 0x5A, 0xF0, 0x00, 0x51, 0x5A, 0xF0, 0x00, 0x51, 0x5A, 0xF0, 0x00,
		0x51, 0x5A, 0xF0, 0x00, 0x51, 0x5A, 0xF0, 0x00, 0x51, 0x5A, 0xF0, 0x00, 0x51, 0x5A, 0xF0, 0x00,
		0x51, 0x5A, 0xF0, 0x00, 0x51, 0x5A, 0xF0, 0x00, 0x51, 0x5A, 0xF0, 0x00, 0x51, 0x5A, 0xF0, 0x00,
		0x51, 0x5A, 0xF0, 0x00, 0x51, 0x5A, 0xF0, 0x00, 0x51, 0x5A, 0xF0, 0x00, 0x51, 0x5A, 0xF0, 0x00,
		0x51, 0x5A, 0xF0, 0x00, 0x51, 0x5A, 0xF0, 0x00, 0x51, 0x5A, 0xF0, 0x00, 0x51, 0x5A, 0xF0, 0x00,
		0x51, 0x5A, 0xF0, 0x00, 0x51, 0x5A, 0xF0, 0x00, 0x51, 0x5A, 0xF0, 0x00, 0x51, 0x5A, 0xF0, 0x00,
		0x51, 0x5A, 0xF0, 0x00, 0x51, 0x5A, 0xF0, 0x00, 0x51, 0x5A, 0xF0, 0x00, 0x51, 0x5A, 0xF0, 0x00,
		0x51, 0x5A, 0xF0, 0x00, 0x51, 0x5A, 0xF0, 0x00, 0x51, 0x5A, 0xF0, 0x00, 0x51, 0x5A, 0xF0, 0x00,
		0x51, 0x5A, 0xF0, 0x00, 0x51, 0x5A, 0xF0, 0x00, 0x51, 0x5A, 0xF0, 0x00, 0x51, 0x5A, 0xF0, 0x00,
		0x51, 0x5A, 0xF0, 0x00, 0x51, 0x5A, 0xF0, 0x00, 0x51, 0x5A, 0xF0, 0x00, 0x51, 0x5A, 0xF0, 0x00,
		0x51, 0x5A, 0xF0, 0x00, 0x51, 0x5A, 0xF0, 0x00, 0x51, 0x5A, 0xF0, 0x00, 0x51, 0x5A, 0xF0, 0x00,
		0x51, 0x5A, 0xF0, 0x00, 0x51, 0x5A, 0xF0, 0x00, 0x51, 0x5A, 0xF0, 0x00, 0x51, 0x5A, 0xF0, 0x00,
		0x51, 0x5A, 0xF0, 0x00, 0x51, 0x5A, 0xF0, 0x00, 0x51, 0x5A, 0xF0, 0x00, 0x51, 0x5A, 0xF0, 0x00,
		0x51, 0x5A, 0xF0, 0x00, 0x51, 0x5A, 0xF0, 0x00, 0x51, 0x5A, 0xF0, 0x00, 0x51, 0x5A, 0xF0, 0x00,
		0x51, 0x5A, 0xF0, 0x00, 0x51, 0x5A, 0xF0, 0x00, 0x51, 0x5A, 0xF0, 0x00, 0x51, 0x5A, 0xF0, 0x00,
		0x51, 0x5A, 0xF0, 0x00, 0x51, 0x5A, 0xF0, 0x00, 0x51, 0x5A, 0xF0, 0x00, 0x51, 0x5A, 0xF0, 0x00,
		0x51, 0x5A, 0xF0, 0x00, 0x51, 0x5A, 0xF0, 0x00, 0x51, 0x5A, 0xF0, 0x00, 0x51, 0x5A, 0xF0, 0x00,
		0x51, 0x5A, 0xF0, 0x00, 0x51, 0x5A, 0xF0, 0x00, 0x51, 0x5A, 0xF0, 0x00, 0x51, 0x5A, 0xF0, 0x00,
		0x51, 0x5A, 0xF0, 0x00, 0x51, 0x5A, 0xF0, 0x00, 0x51, 0x5A, 0xF0, 0x00, 0x51, 0x5A, 0xF0, 0x00,
		0x51, 0x5A, 0xF0, 0x00, 0x51, 0x5A, 0xF0, 0x00, 0x51, 0x5A, 0xF0, 0x00, 0x51, 0x5A, 0xF0, 0x00,
		0x51, 0x5A, 0xF0, 0x00, 0x51, 0x5A, 0xF0, 0x00, 0x51, 0x5A, 0xF0, 0x00, 0x51, 0x5A, 0xF0, 0x00,
		0x51, 0x5A, 0xF0, 0x00, 0x51, 0x5A, 0xF0, 0x00, 0x51, 0x5A, 0xF0, 0x00, 0x51, 0x5A, 0xF0, 0x00,
		0x51, 0x5A, 0xF0, 0x00, 0x51, 0x5A, 0xF0, 0x00, 0x51, 0x5A, 0xF0, 0x00, 0x51, 0x5A, 0xF0, 0x00,
		0x51, 0x5A, 0xF0, 0x00, 0x51, 0x5A, 0xF0, 0x00, 0x51, 0x5A, 0xF0, 0x00, 0x51, 0x5A, 0xF0, 0x00,
		0x51, 0x5A, 0xF0, 0x00, 0x51, 0x5A, 0xF0, 0x00, 0x51, 0x5A, 0xF0, 0x00, 0x51, 0x5A, 0xF0, 0x00,
		0x51, 0x5A, 0xF0, 0x00, 0x51, 0x5A, 0xF0, 0x00, 0x51, 0x5A, 0xF0, 0x00, 0x51, 0x5A, 0xF0, 0x00,
		0x51, 0x5A, 0xF0, 0x00, 0x51, 0x5A, 0xF0, 0x00, 0x51, 0x5A, 0xF0, 0x00, 0x51, 0x5A, 0xF0, 0x00,
		0x51, 0x5A, 0xF0, 0x00, 0x51, 0x5A, 0xF0, 0x00, 0x51, 0x5A, 0xF0, 0x00, 0x51, 0x5A, 0xF0, 0x00,
		0x51, 0x5A, 0xF0, 0x00, 0x51, 0x5A, 0xF0, 0x00, 0x51, 0x5A, 0xF0, 0x00, 0x51, 0x5A, 0xF0, 0x00,
		0x51, 0x5A, 0xF0, 0x00, 0x51, 0x5A, 0xF0, 0x00, 0x51, 0x5A, 0xF0, 0x00, 0x51, 0x5A, 0xF0, 0x00,
		0x51, 0x5A, 0xF0, 0x00, 0x51, 0x5A, 0xF0, 0x00, 0x51, 0x5A, 0xF0, 0x00, 0x51, 0x5A, 0xF0, 0x00,
		0x51, 0x5A, 0xF0, 0x00, 0x51, 0x5A, 0xF0, 0x00, 0x51, 0x5A, 0xF0, 0x00, 0x51, 0x5A, 0xF0, 0x00,
		0x51, 0x5A, 0xF0, 0x00, 0x51, 0x5A, 0xF0, 0x00, 0x51, 0x5A, 0xF0, 0x00, 0x51, 0x5A, 0xF0, 0x00,
		0x51, 0x5A, 0xF0, 0x00, 0x51, 0x5A, 0xF0, 0x00, 0x51, 0x5A, 0xF0, 0x00, 0x51, 0x5A, 0xF0, 0x00,
		0x51, 0x5A, 0xF0, 0x00, 0x51, 0x5A, 0xF0, 0x00, 0x51, 0x5A, 0xF0, 0x00, 0x51, 0x5A, 0xF0, 0x00,
		0x51, 0x5A, 0xF0, 0x00, 0x51, 0x5A, 0xF0, 0x00, 0x51, 0x5A, 0xF0, 0x00, 0x51, 0x5A, 0xF0, 0x00,
		0x51, 0x5A, 0xF0, 0x00, 0x51, 0x5A, 0xF0, 0x00, 0x51, 0x5A, 0xF0, 0x00, 0x51, 0x5A, 0xF0, 0x00,
		0x51, 0x5A, 0xF0, 0x00, 0x51, 0x5A, 0xF0, 0x00, 0x51, 0x5A, 0xF0, 0x00, 0x51, 0x5A, 0xF0, 0x00,
		0x51, 0x5A, 0xF0, 0x00, 0x51, 0x5A, 0xF0, 0x00, 0x51, 0x5A, 0xF0, 0x00, 0x51, 0x5A, 0xF0, 0x00,
		0x51, 0x5A, 0xF0, 0x00, 0x51, 0x5A, 0xF0, 0x00, 0x51, 0x5A, 0xF0, 0x00, 0x51, 0x5A, 0xF0, 0x00,
		0x51, 0x5A, 0xF0, 0x00, 0x51, 0x5A, 0xF0, 0x00, 0x51, 0x5A, 0xF0, 0x00, 0x51, 0x5A, 0xF0, 0x00,
		0x51, 0x5A, 0xF0, 0x00, 0x51, 0x5A, 0xF0, 0x00, 0x51, 0x5A, 0xF0, 0x00, 0x51, 0x5A, 0xF0, 0x00,
		0x51, 0x5A, 0xF0, 0x00, 0x51, 0x5A, 0xF0, 0x00, 0x51, 0x5A, 0xF0, 0x00, 0x51, 0x5A, 0xF0, 0x00,
		0x51, 0x5A, 0xF0, 0x00, 0x51, 0x5A, 0xF0, 0x00, 0x51, 0x5A, 0xF0, 0x00, 0x51, 0x5A, 0xF0, 0x00,
		0x51, 0x5A, 0xF0, 0x00, 0x51, 0x5A, 0xF0, 0x00, 0x51, 0x5A, 0xF0, 0x00, 0x51, 0x5A, 0xF0, 0x00,
		0x51, 0x5A, 0xF0, 0x00, 0x51, 0x5A, 0xF0, 0x00, 0x51, 0x5A, 0xF0, 0x00, 0x51, 0x5A, 0xF0, 0x00,
		0x51, 0x5A, 0xF0, 0x00, 0x51, 0x5A, 0xF0, 0x00, 0x51, 0x5A, 0xF0, 0x00, 0x51, 0x5A, 0xF0, 0x00,
		0x51, 0x5A, 0xF0, 0x00, 0x51, 0x5A, 0xF0, 0x00, 0x51, 0x5A, 0xF0, 0x00, 0x51, 0x5A, 0xF0, 0x00,
		0x51, 0x5A, 0xF0, 0x00, 0x51, 0x5A, 0xF0, 0x00, 0x51, 0x5A, 0xF0, 0x00, 0x51, 0x5A, 0xF0, 0x00,
		0x51, 0x5A, 0xF0, 0x00, 0x51, 0x5A, 0xF0, 0x00, 0x51, 0x5A, 0xF0, 0x00, 0x51, 0x5A, 0xF0, 0x00,
		0x51, 0x5A, 0xF0, 0x00, 0x51, 0x5A, 0xF0, 0x00, 0x51, 0x5A, 0xF0, 0x00, 0x51, 0x5A, 0xF0, 0x00,
		0x51, 0x5A, 0xF0, 0x00, 0x51, 0x5A, 0xF0, 0x00, 0x51, 0x5A, 0xF0, 0x00, 0x51, 0x5A, 0xF0, 0x00,
		0x51, 0x5A, 0xF0, 0x00, 0x51, 0x5A, 0xF0, 0x00, 0x51, 0x5A, 0xF0, 0x00, 0x51, 0x5A, 0xF0, 0x00,
		0x51, 0x5A, 0xF0, 0x00, 0x51, 0x5A, 0xF0, 0x00, 0x51, 0x5A, 0xF0, 0x00, 0x51, 0x5A, 0xF0, 0x00,
		0x51, 0x5A, 0xF0, 0x00, 0x51, 0x5A, 0xF0, 0x00, 0x51, 0x5A, 0xF0, 0x00, 0x51, 0x5A, 0xF0, 0x00,
		0x51, 0x5A, 0xF0, 0x00, 0x51, 0x5A, 0xF0, 0x00, 0x51, 0x5A, 0xF0, 0x00, 0x51, 0x5A, 0xF0, 0x00,
		0x51, 0x5A, 0xF0, 0x00, 0x51, 0x5A, 0xF0, 0x00, 0x51, 0x5A, 0xF0, 0x00, 0x51, 0x5A, 0xF0, 0x00,
		0x51, 0x5A, 0xF0, 0x00, 0x51, 0x5A, 0xF0, 0x00, 0x51, 0x5A, 0xF0, 0x00, 0x51, 0x5A, 0xF0, 0x00,
		0x51, 0x5A, 0xF0, 0x00, 0x51, 0x5A, 0xF0, 0x00, 0x51, 0x5A, 0xF0, 0x00, 0x51, 0x5A, 0xF0, 0x00,
		0x51, 0x5A, 0xF0, 0x00, 0x51, 0x5A, 0xF0, 0x00, 0x51, 0x5A, 0xF0, 0x00, 0x51, 0x5A, 0xF0, 0x00,
		0x51, 0x5A, 0xF0, 0x00, 0x51, 0x5A, 0xF0, 0x00, 0x51, 0x5A, 0xF0, 0x00, 0x51, 0x5A, 0xF0, 0x00,
		0x51, 0x5A, 0xF0, 0x00, 0x51, 0x5A, 0xF0, 0x00, 0x51, 0x5A, 0xF0, 0x00, 0x51, 0x5A, 0xF0, 0x00,
		0x51, 0x5A, 0xF0, 0x00, 0x51, 0x5A, 0xF0, 0x00, 0x51, 0x5A, 0xF0, 0x00, 0x51, 0x5A, 0xF0, 0x00,
		0x51, 0x5A, 0xF0, 0x00, 0x51, 0x5A, 0xF0, 0x00, 0x51, 0x5A, 0xF0, 0x00, 0x51, 0x5A, 0xF0, 0x00,
		0x51, 0x5A, 0xF0, 0x00, 0x51, 0x5A, 0xF0, 0x00, 0x51, 0x5A, 0xF0, 0x00, 0x51, 0x5A, 0xF0, 0x00,
		0x51, 0x5A, 0xF0, 0x00, 0x51, 0x5A, 0xF0, 0x00, 0x51, 0x5A, 0xF0, 0x00, 0x51, 0x5A, 0xF0, 0x00,
		0x51, 0x5A, 0xF0, 0x00, 0x51, 0x5A, 0xF0, 0x00, 0x51, 0x5A, 0xF0, 0x00, 0x51, 0x5A, 0xF0, 0x00,
		0x51, 0x5A, 0xF0, 0x00, 0x51, 0x5A, 0xF0, 0x00, 0x51, 0x5A, 0xF0, 0x00, 0x51, 0x5A, 0xF0, 0x00,
		0x51, 0x5A, 0xF0, 0x00, 0x51, 0x5A, 0xF0, 0x00, 0x51, 0x5A, 0xF0, 0x00, 0x51, 0x5A, 0xF0, 0x00,
		0x51, 0x5A, 0xF0, 0x00, 0x51, 0x5A, 0xF0, 0x00, 0x51, 0x5A, 0xF0, 0x00, 0x51, 0x5A, 0xF0, 0x00,
		0x51, 0x5A, 0xF0, 0x00, 0x51, 0x5A, 0xF0, 0x00, 0x51, 0x5A, 0xF0, 0x00, 0x51, 0x5A, 0xF0, 0x00,
		0x51, 0x5A, 0xF0, 0x00, 0x51, 0x5A, 0xF0, 0x00, 0x51, 0x5A, 0xF0, 0x00, 0x51, 0x5A, 0xF0, 0x00,
		0x51, 0x5A, 0xF0, 0x00, 0x51, 0x5A, 0xF0, 0x00, 0x51, 0x5A, 0xF0, 0x00, 0x51, 0x5A, 0xF0, 0x00,
		0x51, 0x5A, 0xF0, 0x00, 0x51, 0x5A, 0xF0, 0x00, 0x51, 0x5A, 0xF0, 0x00, 0x51, 0x5A, 0xF0, 0x00,
		0x51, 0x5A, 0xF0, 0x00, 0x51, 0x5A, 0xF0, 0x00, 0x51, 0x5A, 0xF0, 0x00, 0x51, 0x5A, 0xF0, 0x00,
		0x51, 0x5A, 0xF0, 0x00, 0x51, 0x5A, 0xF0, 0x00, 0x51, 0x5A, 0xF0, 0x00, 0x51, 0x5A, 0xF0, 0x00,
		0x51, 0x5A, 0xF0, 0x00, 0x51, 0x5A, 0xF0, 0x00, 0x51, 0x5A, 0xF0, 0x00, 0x51, 0x5A, 0xF0, 0x00,
		0x51, 0x5A, 0xF0, 0x00, 0x51, 0x5A, 0xF0, 0x00, 0x51, 0x5A, 0xF0, 0x00, 0x51, 0x5A, 0xF0, 0x00,
		0x51, 0x5A, 0xF0, 0x00, 0x51, 0x5A, 0xF0, 0x00, 0x51, 0x5A, 0xF0, 0x00, 0x51, 0x5A, 0xF0, 0x00,
		0x51, 0x5A, 0xF0, 0x00, 0x51, 0x5A, 0xF0, 0x00, 0x51, 0x5A, 0xF0, 0x00, 0x51, 0x5A, 0xF0, 0x00,
		0x51, 0x5A, 0xF0, 0x00, 0x51, 0x5A, 0xF0, 0x00, 0x51, 0x5A, 0xF0, 0x00, 0x51, 0x5A, 0xF0, 0x00,
		0x51, 0x5A, 0xF0, 0x00, 0x51, 0x5A, 0xF0, 0x00, 0x51, 0x5A, 0xF0, 0x00, 0x51, 0x5A, 0xF0, 0x00,
		0x51, 0x5A, 0xF0, 0x00, 0x51, 0x5A, 0xF0, 0x00, 0x51, 0x5A, 0xF0, 0x00, 0x51, 0x5A, 0xF0, 0x00,
		0x51, 0x5A, 0xF0, 0x00, 0x51, 0x5A, 0xF0, 0x00, 0x51, 0x5A, 0xF0, 0x00, 0x51, 0x5A, 0xF0, 0x00,
		0x51, 0x5A, 0xF0, 0x00, 0x51, 0x5A, 0xF0, 0x00, 0x51, 0x5A, 0xF0, 0x00, 0x51, 0x5A, 0xF0, 0x00,
		0x51, 0x5A, 0xF0, 0x00, 0x51, 0x5A, 0xF0, 0x00, 0x51, 0x5A, 0xF0, 0x00, 0x51, 0x5A, 0xF0, 0x00,
		0x51, 0x5A, 0xF0, 0x00, 0x51, 0x5A, 0xF0, 0x00, 0x51, 0x5A, 0xF0, 0x00, 0x51, 0x5A, 0xF0, 0x00,
		0x51, 0x5A, 0xF0, 0x00, 0x51, 0x5A, 0xF0, 0x00, 0x51, 0x5A, 0xF0, 0x00, 0x51, 0x5A, 0xF0, 0x00,
		0x51, 0x5A, 0xF0, 0x00, 0x51, 0x5A, 0xF0, 0x00, 0x51, 0x5A, 0xF0, 0x00, 0x51, 0x5A, 0xF0, 0x00,
		0x51, 0x5A, 0xF0, 0x00, 0x51, 0x5A, 0xF0, 0x00, 0x51, 0x5A, 0xF0, 0x00, 0x51, 0x5A, 0xF0, 0x00,
		0x51, 0x5A, 0xF0, 0x00, 0x51, 0x5A, 0xF0, 0x00, 0x51, 0x5A, 0xF0, 0x00, 0x51, 0x5A, 0xF0, 0x00,
		0x51, 0x5A, 0xF0, 0x00, 0x51, 0x5A, 0xF0, 0x00, 0x51, 0x5A, 0xF0, 0x00, 0x51, 0x5A, 0xF0, 0x00,
		0x51, 0x5A, 0xF0, 0x00, 0x51, 0x5A, 0xF0, 0x00, 0x51, 0x5A, 0xF0, 0x00, 0x51, 0x5A, 0xF0, 0x00,
		0x51, 0x5A, 0xF0, 0x00, 0x51, 0x5A, 0xF0, 0x00, 0x51, 0x5A, 0xF0, 0x00, 0x51, 0x5A, 0xF0, 0x00,
		0x51, 0x5A, 0xF0, 0x00, 0x51, 0x5A, 0xF0, 0x00, 0x51, 0x5A, 0xF0, 0x00, 0x51, 0x5A, 0xF0, 0x00,
		0x51, 0x5A, 0xF0, 0x00, 0x51, 0x5A, 0xF0, 0x00, 0x51, 0x5A, 0xF0, 0x00, 0x51, 0x5A, 0xF0, 0x00,
		0x51, 0x5A, 0xF0, 0x00, 0x51, 0x5A, 0xF0, 0x00, 0x51, 0x5A, 0xF0, 0x00, 0x51, 0x5A, 0xF0, 0x00,
		0x51, 0x5A, 0xF0, 0x00, 0x51, 0x5A, 0xF0, 0x00, 0x51, 0x5A, 0xF0, 0x00, 0x51, 0x5A, 0xF0, 0x00,
		0x51, 0x5A, 0xF0, 0x00, 0x51, 0x5A, 0xF0, 0x00, 0x51, 0x5A, 0xF0, 0x00, 0x51, 0x5A, 0xF0, 0x00,
		0x51, 0x5A, 0xF0, 0x00, 0x51, 0x5A, 0xF0, 0x00, 0x51, 0x5A, 0xF0, 0x00, 0x51, 0x5A, 0xF0, 0x00,
		0x51, 0x5A, 0xF0, 0x00, 0x51, 0x5A, 0xF0, 0x00, 0x51, 0x5A, 0xF0, 0x00, 0x51, 0x5A, 0xF0, 0x00,
		0x51, 0x5A, 0xF0, 0x00, 0x51, 0x5A, 0xF0, 0x00, 0x51, 0x5A, 0xF0, 0x00, 0x51, 0x5A, 0xF0, 0x00,
		0x51, 0x5A, 0xF0, 0x00, 0x51, 0x5A, 0xF0, 0x00, 0x51, 0x5A, 0xF0, 0x00, 0x51, 0x5A, 0xF0, 0x00,
		0x51, 0x5A, 0xF0, 0x00, 0x51, 0x5A, 0xF0, 0x00, 0x51, 0x5A, 0xF0, 0x00, 0x51, 0x5A, 0xF0, 0x00,
		0x51, 0x5A, 0xF0, 0x00, 0x51, 0x5A, 0xF0, 0x00, 0x51, 0x5A, 0xF0, 0x00, 0x51, 0x5A, 0xF0, 0x00,
		0x51, 0x5A, 0xF0, 0x00, 0x51, 0x5A, 0xF0, 0x00, 0x51, 0x5A, 0xF0, 0x00, 0x51, 0x5A, 0xF0, 0x00,
		0x51, 0x5A, 0xF0, 0x00, 0x51, 0x5A, 0xF0, 0x00, 0x51, 0x5A, 0xF0, 0x00, 0x51, 0x5A, 0xF0, 0x00,
		0x90, 0x35, 0x22, 0x00, 0x90, 0x35, 0x22, 0x00, 0x90, 0x35, 0x22, 0x00, 0x90, 0x35, 0x22, 0x00,
		0x90, 0x35, 0x22, 0x00, 0x90, 0x35, 0x22, 0x00, 0x90, 0x35, 0x22, 0x00, 0x90, 0x35, 0x22, 0x00,
		0x90, 0x35, 0x22, 0x00, 0x90, 0x35, 0x22, 0x00, 0x90, 0x35, 0x22, 0x00, 0x90, 0x35, 0x22, 0x00,
		0x90, 0x35, 0x22, 0x00, 0x90, 0x35, 0x22, 0x00, 0x90, 0x35, 0x22, 0x00, 0x90, 0x35, 0x22, 0x00,
		0x90, 0x35, 0x22, 0x00, 0x90, 0x35, 0x22, 0x00, 0x90, 0x35, 0x22, 0x00, 0x90, 0x35, 0x22, 0x00,
		0x90, 0x35, 0x22, 0x00, 0x90, 0x35, 0x22, 0x00, 0x90, 0x35, 0x22, 0x00, 0x90, 0x35, 0x22, 0x00,
		0x90, 0x35, 0x22, 0x00, 0x90, 0x35, 0x22, 0x00, 0x90, 0x35, 0x22, 0x00, 0x90, 0x35, 0x22, 0x00,
		0x90, 0x35, 0x22, 0x00, 0x90, 0x35, 0x22, 0x00, 0x90, 0x35, 0x22, 0x00, 0x90, 0x35, 0x22, 0x00,
		0x90, 0x35, 0x22, 0x00, 0x90, 0x35, 0x22, 0x00, 0x90, 0x35, 0x22, 0x00, 0x90, 0x35, 0x22, 0x00,
		0x90, 0x35, 0x22, 0x00, 0x90, 0x35, 0x22, 0x00, 0x90, 0x35, 0x22, 0x00, 0x90, 0x35, 0x22, 0x00,
		0x90, 0x35, 0x22, 0x00, 0x90, 0x35, 0x22, 0x00, 0x90, 0x35, 0x22, 0x00, 0x90, 0x35, 0x22, 0x00,
		0x90, 0x35, 0x22, 0x00, 0x90, 0x35, 0x22, 0x00, 0x90, 0x35, 0x22, 0x00, 0x90, 0x35, 0x22, 0x00,
		0x90, 0x35, 0x22, 0x00, 0x90, 0x35, 0x22, 0x00, 0x90, 0x35, 0x22, 0x00, 0x90, 0x35, 0x22, 0x00,
		0x90, 0x35, 0x22, 0x00, 0x90, 0x35, 0x22, 0x00, 0x90, 0x35, 0x22, 0x00, 0x90, 0x35, 0x22, 0x00,
		0x90, 0x35, 0x22, 0x00, 0x90, 0x35, 0x22, 0x00, 0x90, 0x35, 0x22, 0x00, 0x90, 0x35, 0x22, 0x00,
		0x90, 0x35, 0x22, 0x00, 0x90, 0x35, 0x22, 0x00, 0x90, 0x35, 0x22, 0x00, 0x90, 0x35, 0x22, 0x00,
		0x90, 0x35, 0x22, 0x00, 0x90, 0x35, 0x22, 0x00, 0x90, 0x35, 0x22, 0x00, 0x90, 0x35, 0x22, 0x00,
		0x90, 0x35, 0x22, 0x00, 0x90, 0x35, 0x22, 0x00, 0x90, 0x35, 0x22, 0x00, 0x90, 0x35, 0x22, 0x00,
		0x90, 0x35, 0x22, 0x00, 0x90, 0x35, 0x22, 0x00, 0x90, 0x35, 0x22, 0x00, 0x90, 0x35, 0x22, 0x00,
		0x90, 0x35, 0x22, 0x00, 0x90, 0x35, 0x22, 0x00, 0x90, 0x35, 0x22, 0x00, 0x90, 0x35, 0x22, 0x00,
		0x90, 0x35, 0x22, 0x00, 0x90, 0x35, 0x22, 0x00, 0x90, 0x35, 0x22, 0x00, 0x90, 0x35, 0x22, 0x00,
		0x90, 0x35, 0x22, 0x00, 0x90, 0x35, 0x22, 0x00, 0x90, 0x35, 0x22, 0x00, 0x90, 0x35, 0x22, 0x00,
		0x90, 0x35, 0x22, 0x00, 0x90, 0x35, 0x22, 0x00, 0x90, 0x35, 0x22, 0x00, 0x90, 0x35, 0x22, 0x00,
		0x90, 0x35, 0x22, 0x00, 0x90, 0x35, 0x22, 0x00, 0x90, 0x35, 0x22, 0x00, 0x90, 0x35, 0x22, 0x00,
		0x90, 0x35, 0x22, 0x00, 0x90, 0x35, 0x22, 0x00, 0x90, 0x35, 0x22, 0x00, 0x90, 0x35, 0x22, 0x00,
		0x90, 0x35, 0x22, 0x00, 0x90, 0x35, 0x22, 0x00, 0x90, 0x35, 0x22, 0x00, 0x90, 0x35, 0x22, 0x00,
		0x90, 0x35, 0x22, 0x00, 0x90, 0x35, 0x22, 0x00, 0x90, 0x35, 0x22, 0x00, 0x90, 0x35, 0x22, 0x00,
		0x90, 0x35, 0x22, 0x00, 0x90, 0x35, 0x22, 0x00, 0x90, 0x35, 0x22, 0x00, 0x90, 0x35, 0x22, 0x00,
		0x90, 0x35, 0x22, 0x00, 0x90, 0x35, 0x22, 0x00, 0x90, 0x35, 0x22, 0x00, 0x90, 0x35, 0x22, 0x00,
		0x90, 0x35, 0x22, 0x00, 0x90, 0x35, 0x22, 0x00, 0x90, 0x35, 0x22, 0x00, 0x90, 0x35, 0x22, 0x00,
		0x90, 0x35, 0x22, 0x00, 0x90, 0x35, 0x22, 0x00, 0x90, 0x35, 0x22, 0x00, 0x90, 0x35, 0x22, 0x00,
		0x90, 0x35, 0x22, 0x00, 0x90, 0x35, 0x22, 0x00, 0x90, 0x35, 0x22, 0x00, 0x90, 0x35, 0x22, 0x00,
		0x90, 0x35, 0x22, 0x00, 0x90, 0x35, 0x22, 0x00, 0x90, 0x35, 0x22, 0x00, 0x90, 0x35, 0x22, 0x00,
		0x90, 0x35, 0x22, 0x00, 0x90, 0x35, 0x22, 0x00, 0x90, 0x35, 0x22, 0x00, 0x90, 0x35, 0x22, 0x00,
		0x90, 0x35, 0x22, 0x00, 0x90, 0x35, 0x22, 0x00, 0x90, 0x35, 0x22, 0x00, 0x90, 0x35, 0x22, 0x00,
		0x90, 0x35, 0x22, 0x00, 0x90, 0x35, 0x22, 0x00, 0x90, 0x35, 0x22, 0x00, 0x90, 0x35, 0x22, 0x00,
		0x90, 0x35, 0x22, 0x00, 0x90, 0x35, 0x22, 0x00, 0x90, 0x35, 0x22, 0x00, 0x90, 0x35, 0x22, 0x00,
		0x90, 0x35, 0x22, 0x00, 0x90, 0x35, 0x22, 0x00, 0x90, 0x35, 0x22, 0x00, 0x90, 0x35, 0x22, 0x00,
		0x90, 0x35, 0x22, 0x00, 0x90, 0x35, 0x22, 0x00, 0x90, 0x35, 0x22, 0x00, 0x90, 0x35, 0x22, 0x00,
		0x90, 0x35, 0x22, 0x00, 0x90, 0x35, 0x22, 0x00, 0x90, 0x35, 0x22, 0x00, 0x90, 0x35, 0x22, 0x00,
		0x90, 0x35, 0x22, 0x00, 0x90, 0x35, 0x22, 0x00, 0x90, 0x35, 0x22, 0x00, 0x90, 0x35, 0x22, 0x00,
		0x90, 0x35, 0x22, 0x00, 0x90, 0x35, 0x22, 0x00, 0x90, 0x35, 0x22, 0x00, 0x90, 0x35, 0x22, 0x00,
		0x90, 0x35, 0x22, 0x00, 0x90, 0x35, 0x22, 0x00, 0x90, 0x35, 0x22, 0x00, 0x90, 0x35, 0x22, 0x00,
		0x90, 0x35, 0x22, 0x00, 0x90, 0x35, 0x22, 0x00, 0x90, 0x35, 0x22, 0x00, 0x90, 0x35, 0x22, 0x00,
		0x90, 0x35, 0x22, 0x00, 0x90, 0x35, 0x22, 0x00, 0x90, 0x35, 0x22, 0x00, 0x90, 0x35, 0x22, 0x00,
		0x90, 0x35, 0x22, 0x00, 0x90, 0x35, 0x22, 0x00, 0x90, 0x35, 0x22, 0x00, 0x90, 0x35, 0x22, 0x00,
		0x90, 0x35, 0x22, 0x00, 0x90, 0x35, 0x22, 0x00, 0x90, 0x35, 0x22, 0x00, 0x90, 0x35, 0x22, 0x00,
		0x90, 0x35, 0x22, 0x00, 0x90, 0x35, 0x22, 0x00, 0x90, 0x35, 0x22, 0x00, 0x90, 0x35, 0x22, 0x00,
		0x90, 0x35, 0x22, 0x00, 0x90, 0x35, 0x22, 0x00, 0x90, 0x35, 0x22, 0x00, 0x90, 0x35, 0x22, 0x00,
		0x90, 0x35, 0x22, 0x00, 0x90, 0x35, 0x22, 0x00, 0x90, 0x35, 0x22, 0x00, 0x90, 0x35, 0x22, 0x00,
		0x90, 0x35, 0x22, 0x00, 0x90, 0x35, 0x22, 0x00, 0x90, 0x35, 0x22, 0x00, 0x90, 0x35, 0x22, 0x00,
		0x90, 0x35, 0x22, 0x00, 0x90, 0x35, 0x22, 0x00, 0x90, 0x35, 0x22, 0x00, 0x90, 0x35, 0x22, 0x00,
		0x90, 0x35, 0x22, 0x00, 0x90, 0x35, 0x22, 0x00, 0x90, 0x35, 0x22, 0x00, 0x90, 0x35, 0x22, 0x00,
		0x90, 0x35, 0x22, 0x00, 0x90, 0x35, 0x22, 0x00, 0x90, 0x35, 0x22, 0x00, 0x90, 0x35, 0x22, 0x00,
		0x90, 0x35, 0x22, 0x00, 0x90, 0x35, 0x22, 0x00, 0x90, 0x35, 0x22, 0x00, 0x90, 0x35, 0x22, 0x00,
		0x90, 0x35, 0x22, 0x00, 0x90, 0x35, 0x22, 0x00, 0x90, 0x35, 0x22, 0x00, 0x90, 0x35, 0x22, 0x00,
		0x90, 0x35, 0x22, 0x00, 0x90, 0x35, 0x22, 0x00, 0x90, 0x35, 0x22, 0x00, 0x90, 0x35, 0x22, 0x00,
		0x90, 0x35, 0x22, 0x00, 0x90, 0x35, 0x22, 0x00, 0x90, 0x35, 0x22, 0x00, 0x90, 0x35, 0x22, 0x00,
		0x90, 0x35, 0x22, 0x00, 0x90, 0x35, 0x22, 0x00, 0x90, 0x35, 0x22, 0x00, 0x90, 0x35, 0x22, 0x00,
		0x90, 0x35, 0x22, 0x00, 0x90, 0x35, 0x22, 0x00, 0x90, 0x35, 0x22, 0x00, 0x90, 0x35, 0x22, 0x00,
		0x90, 0x35, 0x22, 0x00, 0x90, 0x35, 0x22, 0x00, 0x90, 0x35, 0x22, 0x00, 0x90, 0x35, 0x22, 0x00,
		0x90, 0x35, 0x22, 0x00, 0x90, 0x35, 0x22, 0x00, 0x90, 0x35, 0x22, 0x00, 0x90, 0x35, 0x22, 0x00,
		0x90, 0x35, 0x22, 0x00, 0x90, 0x35, 0x22, 0x00, 0x90, 0x35, 0x22, 0x00, 0x90, 0x35, 0x22, 0x00,
		0x90, 0x35, 0x22, 0x00, 0x90, 0x35, 0x22, 0x00, 0x90, 0x35, 0x22, 0x00, 0x90, 0x35, 0x22, 0x00,
		0x90, 0x35, 0x22, 0x00, 0x90, 0x35, 0x22, 0x00, 0x90, 0x35, 0x22, 0x00, 0x90, 0x35, 0x22, 0x00,
		0x90, 0x35, 0x22, 0x00, 0x90, 0x35, 0x22, 0x00, 0x90, 0x35, 0x22, 0x00, 0x90, 0x35, 0x22, 0x00,
		0x90, 0x35, 0x22, 0x00, 0x90, 0x35, 0x22, 0x00, 0x90, 0x35, 0x22, 0x00, 0x90, 0x35, 0x22, 0x00,
		0x90, 0x35, 0x22, 0x00, 0x90, 0x35, 0x22, 0x00, 0x90, 0x35, 0x22, 0x00, 0x90, 0x35, 0x22, 0x00,
		0x90, 0x35, 0x22, 0x00, 0x90, 0x35, 0x22, 0x00, 0x90, 0x35, 0x22, 0x00, 0x90, 0x35, 0x22, 0x00,
		0x90, 0x35, 0x22, 0x00, 0x90, 0x35, 0x22, 0x00, 0x90, 0x35, 0x22, 0x00, 0x90, 0x35, 0x22, 0x00,
		0x90, 0x35, 0x22, 0x00, 0x90, 0x35, 0x22, 0x00, 0x90, 0x35, 0x22, 0x00, 0x90, 0x35, 0x22, 0x00,
		0x90, 0x35, 0x22, 0x00, 0x90, 0x35, 0x22, 0x00, 0x90, 0x35, 0x22, 0x00, 0x90, 0x35, 0x22, 0x00,
		0x90, 0x35, 0x22, 0x00, 0x90, 0x35, 0x22, 0x00, 0x90, 0x35, 0x22, 0x00, 0x90, 0x35, 0x22, 0x00,
		0x90, 0x35, 0x22, 0x00, 0x90, 0x35, 0x22, 0x00, 0x90, 0x35, 0x22, 0x00, 0x90, 0x35, 0x22, 0x00,
		0x90, 0x35, 0x22, 0x00, 0x90, 0x35, 0x22, 0x00, 0x90, 0x35, 0x22, 0x00, 0x90, 0x35, 0x22, 0x00,
		0x90, 0x35, 0x22, 0x00, 0x90, 0x35, 0x22, 0x00, 0x90, 0x35, 0x22, 0x00, 0x90, 0x35, 0x22, 0x00,
		0x90, 0x35, 0x22, 0x00, 0x90, 0x35, 0x22, 0x00, 0x90, 0x35, 0x22, 0x00, 0x90, 0x35, 0x22, 0x00,
		0x90, 0x35, 0x22, 0x00, 0x90, 0x35, 0x22, 0x00, 0x90, 0x35, 0x22, 0x00, 0x90, 0x35, 0x22, 0x00,
		0x90, 0x35, 0x22, 0x00, 0x90, 0x35, 0x22, 0x00, 0x90, 0x35, 0x22, 0x00, 0x90, 0x35, 0x22, 0x00,
		0x90, 0x35, 0x22, 0x00, 0x90, 0x35, 0x22, 0x00, 0x90, 0x35, 0x22, 0x00, 0x90, 0x35, 0x22, 0x00,
		0x90, 0x35, 0x22, 0x00, 0x90, 0x35, 0x22, 0x00, 0x90, 0x35, 0x22, 0x00, 0x90, 0x35, 0x22, 0x00,
		0x90, 0x35, 0x22, 0x00, 0x90, 0x35, 0x22, 0x00, 0x90, 0x35, 0x22, 0x00, 0x90, 0x35, 0x22, 0x00,
		0x90, 0x35, 0x22, 0x00, 0x90, 0x35, 0x22, 0x00, 0x90, 0x35, 0x22, 0x00, 0x90, 0x35, 0x22, 0x00,
		0x90, 0x35, 0x22, 0x00, 0x90, 0x35, 0x22, 0x00, 0x90, 0x35, 0x22, 0x00, 0x90, 0x35, 0x22, 0x00,
		0x90, 0x35, 0x22, 0x00, 0x90, 0x35, 0x22, 0x00, 0x90, 0x35, 0x22, 0x00, 0x90, 0x35, 0x22, 0x00,
		0x90, 0x35, 0x22, 0x00, 0x90, 0x35, 0x22, 0x00, 0x90, 0x35, 0x22, 0x00, 0x90, 0x35, 0x22, 0x00,
		0x90, 0x35, 0x22, 0x00, 0x90, 0x35, 0x22, 0x00, 0x90, 0x35, 0x22, 0x00, 0x90, 0x35, 0x22, 0x00,
		0x90, 0x35, 0x22, 0x00, 0x90, 0x35, 0x22, 0x00, 0x90, 0x35, 0x22, 0x00, 0x90, 0x35, 0x22, 0x00,
		0x90, 0x35, 0x22, 0x00, 0x90, 0x35, 0x22, 0x00, 0x90, 0x35, 0x22, 0x00, 0x90, 0x35, 0x22, 0x00,
		0x90, 0x35, 0x22, 0x00, 0x90, 0x35, 0x22, 0x00, 0x90, 0x35, 0x22, 0x00, 0x90, 0x35, 0x22, 0x00,
		0x90, 0x35, 0x22, 0x00, 0x90, 0x35, 0x22, 0x00, 0x90, 0x35, 0x22, 0x00, 0x90, 0x35, 0x22, 0x00,
		0x90, 0x35, 0x22, 0x00, 0x90, 0x35, 0x22, 0x00, 0x90, 0x35, 0x22, 0x00, 0x90, 0x35, 0x22, 0x00,
		0x90, 0x35, 0x22, 0x00, 0x90, 0x35, 0x22, 0x00, 0x90, 0x35, 0x22, 0x00, 0x90, 0x35, 0x22, 0x00,
		0x90, 0x35, 0x22, 0x00, 0x90, 0x35, 0x22, 0x00, 0x90, 0x35, 0x22, 0x00, 0x90, 0x35, 0x22, 0x00,
		0x90, 0x35, 0x22, 0x00, 0x90, 0x35, 0x22, 0x00, 0x90, 0x35, 0x22, 0x00, 0x90, 0x35, 0x22, 0x00,
		0x90, 0x35, 0x22, 0x00, 0x90, 0x35, 0x22, 0x00, 0x90, 0x35, 0x22, 0x00, 0x90, 0x35, 0x22, 0x00,
		0x90, 0x35, 0x22, 0x00, 0x90, 0x35, 0x22, 0x00, 0x90, 0x35, 0x22, 0x00, 0x90, 0x35, 0x22, 0x00,
		0x90, 0x35, 0x22, 0x00, 0x90, 0x35, 0x22, 0x00, 0x90, 0x35, 0x22, 0x00, 0x90, 0x35, 0x22, 0x00,
		0x90, 0x35, 0x22, 0x00, 0x90, 0x35, 0x22, 0x00, 0x90, 0x35, 0x22, 0x00, 0x90, 0x35, 0x22, 0x00,
		0x90, 0x35, 0x22, 0x00, 0x90, 0x35, 0x22, 0x00, 0x90, 0x35, 0x22, 0x00, 0x90, 0x35, 0x22, 0x00,
		0x90, 0x35, 0x22, 0x00, 0x90, 0x35, 0x22, 0x00, 0x90, 0x35, 0x22, 0x00, 0x90, 0x35, 0x22, 0x00,
		0x90, 0x35, 0x22, 0x00, 0x90, 0x35, 0x22, 0x00, 0x90, 0x35, 0x22, 0x00, 0x90, 0x35, 0x22, 0x00,
		0x90, 0x35, 0x22, 0x00, 0x90, 0x35, 0x22, 0x00, 0x90, 0x35, 0x22, 0x00, 0x90, 0x35, 0x22, 0x00,
		0x90, 0x35, 0x22, 0x00, 0x90, 0x35, 0x22, 0x00, 0x90, 0x35, 0x22, 0x00, 0x90, 0x35, 0x22, 0x00,
		0x90, 0x35, 0x22, 0x00, 0x90, 0x35, 0x22, 0x00, 0x90, 0x35, 0x22, 0x00, 0x90, 0x35, 0x22, 0x00,
		0x90, 0x35, 0x22, 0x00, 0x90, 0x35, 0x22, 0x00, 0x90, 0x35, 0x22, 0x00, 0x90, 0x35, 0x22, 0x00,
		0x90, 0x35, 0x22, 0x00, 0x90, 0x35, 0x22, 0x00, 0x90, 0x35, 0x22, 0x00, 0x90, 0x35, 0x22, 0x00,
		0x90, 0x35, 0x22, 0x00, 0x90, 0x35, 0x22, 0x00, 0x90, 0x35, 0x22, 0x00, 0x90, 0x35, 0x22, 0x00,
		0x90, 0x35, 0x22, 0x00, 0x90, 0x35, 0x22, 0x00, 0x90, 0x35, 0x22, 0x00, 0x90, 0x35, 0x22, 0x00,
		0x90, 0x35, 0x22, 0x00, 0x90, 0x35, 0x22, 0x00, 0x90, 0x35, 0x22, 0x00, 0x90, 0x35, 0x22, 0x00,
		0x90, 0x35, 0x22, 0x00, 0x90, 0x35, 0x22, 0x00, 0x90, 0x35, 0x22, 0x00, 0x90, 0x35, 0x22, 0x00,
		0x90, 0x35, 0x22, 0x00, 0x90, 0x35, 0x22, 0x00, 0x90, 0x35, 0x22, 0x00, 0x90, 0x35, 0x22, 0x00,
		0x90, 0x35, 0x22, 0x00, 0x90, 0x35, 0x22, 0x00, 0x90, 0x35, 0x22, 0x00, 0x90, 0x35, 0x22, 0x00,
		0x90, 0x35, 0x22, 0x00, 0x90, 0x35, 0x22, 0x00, 0x90, 0x35, 0x22, 0x00, 0x90, 0x35, 0x22, 0x00,
		0x90, 0x35, 0x22, 0x00, 0x90, 0x35, 0x22, 0x00, 0x90, 0x35, 0x22, 0x00, 0x90, 0x35, 0x22, 0x00,
		0x90, 0x35, 0x22, 0x00, 0x90, 0x35, 0x22, 0x00, 0x90, 0x35, 0x22, 0x00, 0x90, 0x35, 0x22, 0x00,
		0x90, 0x35, 0x22, 0x00, 0x90, 0x35, 0x22, 0x00, 0x90, 0x35, 0x22, 0x00, 0x90, 0x35, 0x22, 0x00,
		0x90, 0x35, 0x22, 0x00, 0x90, 0x35, 0x22, 0x00, 0x90, 0x35, 0x22, 0x00, 0x90, 0x35, 0x22, 0x00,
		0x90, 0x35, 0x22, 0x00, 0x90, 0x35, 0x22, 0x00, 0x90, 0x35, 0x22, 0x00, 0x90, 0x35, 0x22, 0x00,
		0x90, 0x35, 0x22, 0x00, 0x90, 0x35, 0x22, 0x00, 0x90, 0x35, 0x22, 0x00, 0x90, 0x35, 0x22, 0x00,
		0x90, 0x35, 0x22, 0x00, 0x90, 0x35, 0x22, 0x00, 0x90, 0x35, 0x22, 0x00, 0x90, 0x35, 0x22, 0x00,
		0x90, 0x35, 0x22, 0x00, 0x90, 0x35, 0x22, 0x00, 0x90, 0x35, 0x22, 0x00, 0x90, 0x35, 0x22, 0x00,
		0x90, 0x35, 0x22, 0x00, 0x90, 0x35, 0x22, 0x00, 0x90, 0x35, 0x22, 0x00, 0x90, 0x35, 0x22, 0x00,
		0x90, 0x35, 0x22, 0x00, 0x90, 0x35, 0x22, 0x00, 0x90, 0x35, 0x22, 0x00, 0x90, 0x35, 0x22, 0x00,
		0x90, 0x35, 0x22, 0x00, 0x90, 0x35, 0x22, 0x00, 0x90, 0x35, 0x22, 0x00, 0x90, 0x35, 0x22, 0x00,
		0x90, 0x35, 0x22, 0x00, 0x90, 0x35, 0x22, 0x00, 0x90, 0x35, 0x22, 0x00, 0x90, 0x35, 0x22, 0x00,
		0x90, 0x35, 0x22, 0x00, 0x90, 0x35, 0x22, 0x00, 0x90, 0x35, 0x22, 0x00, 0x90, 0x35, 0x22, 0x00,
		0x90, 0x35, 0x22, 0x00, 0x90, 0x35, 0x22, 0x00, 0x90, 0x35, 0x22, 0x00, 0x90, 0x35, 0x22, 0x00,
		0x90, 0x35, 0x22, 0x00, 0x90, 0x35, 0x22, 0x00, 0x90, 0x35, 0x22, 0x00, 0x90, 0x35, 0x22, 0x00,
		0x90, 0x35, 0x22, 0x00, 0x90, 0x35, 0x22, 0x00, 0x90, 0x35, 0x22, 0x00, 0x90, 0x35, 0x22, 0x00,
		0x90, 0x35, 0x22, 0x00, 0x90, 0x35, 0x22, 0x00, 0x90, 0x35, 0x22, 0x00, 0x90, 0x35, 0x22, 0x00,
		0x90, 0x35, 0x22, 0x00, 0x90, 0x35, 0x22, 0x00, 0x90, 0x35, 0x22, 0x00, 0x90, 0x35, 0x22, 0x00,
		0x90, 0x35, 0x22, 0x00, 0x90, 0x35, 0x22, 0x00, 0x90, 0x35, 0x22, 0x00, 0x90, 0x35, 0x22, 0x00,
		0x90, 0x35, 0x22, 0x00, 0x90, 0x35, 0x22, 0x00, 0x90, 0x35, 0x22, 0x00, 0x90, 0x35, 0x22, 0x00,
		0x90, 0x35, 0x22, 0x00, 0x90, 0x35, 0x22, 0x00, 0x90, 0x35, 0x22, 0x00, 0x90, 0x35, 0x22, 0x00,
		0x90, 0x35, 0x22, 0x00, 0x90, 0x35, 0x22, 0x00, 0x90, 0x35, 0x22, 0x00, 0x90, 0x35, 0x22, 0x00,
		0x90, 0x35, 0x22, 0x00, 0x90, 0x35, 0x22, 0x00, 0x90, 0x35, 0x22, 0x00, 0x90, 0x35, 0x22, 0x00,
		0x90, 0x35, 0x22, 0x00, 0x90, 0x35, 0x22, 0x00, 0x90, 0x35, 0x22, 0x00, 0x90, 0x35, 0x22, 0x00,
		0x90, 0x35, 0x22, 0x00, 0x90, 0x35, 0x22, 0x00, 0x90, 0x35, 0x22, 0x00, 0x90, 0x35, 0x22, 0x00,
		0x90, 0x35, 0x22, 0x00, 0x90, 0x35, 0x22, 0x00, 0x90, 0x35, 0x22, 0x00, 0x90, 0x35, 0x22, 0x00,
		0x90, 0x35, 0x22, 0x00, 0x90, 0x35, 0x22, 0x00, 0x90, 0x35, 0x22, 0x00, 0x90, 0x35, 0x22, 0x00,
		0x90, 0x35, 0x22, 0x00, 0x90, 0x35, 0x22, 0x00, 0x90, 0x35, 0x22, 0x00, 0x90, 0x35, 0x22, 0x00,
		0x90, 0x35, 0x22, 0x00, 0x90, 0x35, 0x22, 0x00, 0x90, 0x35, 0x22, 0x00, 0x90, 0x35, 0x22, 0x00,
		0x90, 0x35, 0x22, 0x00, 0x90, 0x35, 0x22, 0x00, 0x90, 0x35, 0x22, 0x00, 0x90, 0x35, 0x22, 0x00,
		0x90, 0x35, 0x22, 0x00, 0x90, 0x35, 0x22, 0x00, 0x90, 0x35, 0x22, 0x00, 0x90, 0x35, 0x22, 0x00,
		0x90, 0x35, 0x22, 0x00, 0x90, 0x35, 0x22, 0x00, 0x90, 0x35, 0x22, 0x00, 0x90, 0x35, 0x22, 0x00,
		0x90, 0x35, 0x22, 0x00, 0x90, 0x35, 0x22, 0x00, 0x90, 0x35, 0x22, 0x00, 0x90, 0x35, 0x22, 0x00,
		0x90, 0x35, 0x22, 0x00, 0x90, 0x35, 0x22, 0x00, 0x90, 0x35, 0x22, 0x00, 0x90, 0x35, 0x22, 0x00,
		0x90, 0x35, 0x22, 0x00, 0x90, 0x35, 0x22, 0x00, 0x90, 0x35, 0x22, 0x00, 0x90, 0x35, 0x22, 0x00,
		0x90, 0x35, 0x22, 0x00, 0x90, 0x35, 0x22, 0x00, 0x90, 0x35, 0x22, 0x00, 0x90, 0x35, 0x22, 0x00,
		0x90, 0x35, 0x22, 0x00, 0x90, 0x35, 0x22, 0x00, 0x90, 0x35, 0x22, 0x00, 0x90, 0x35, 0x22, 0x00,
		0x90, 0x35, 0x22, 0x00, 0x90, 0x35, 0x22, 0x00, 0x90, 0x35, 0x22, 0x00, 0x90, 0x35, 0x22, 0x00,
		0x90, 0x35, 0x22, 0x00, 0x90, 0x35, 0x22, 0x00, 0x90, 0x35, 0x22, 0x00, 0x90, 0x35, 0x22, 0x00,
		0x90, 0x35, 0x22, 0x00, 0x90, 0x35, 0x22, 0x00, 0x90, 0x35, 0x22, 0x00, 0x90, 0x35, 0x22, 0x00,
		0x90, 0x35, 0x22, 0x00, 0x90, 0x35, 0x22, 0x00, 0x90, 0x35, 0x22, 0x00, 0x90, 0x35, 0x22, 0x00,
		0x90, 0x35, 0x22, 0x00, 0x90, 0x35, 0x22, 0x00, 0x90, 0x35, 0x22, 0x00, 0x90, 0x35, 0x22, 0x00,
		0x90, 0x35, 0x22, 0x00, 0x90, 0x35, 0x22, 0x00, 0x90, 0x35, 0x22, 0x00, 0x90, 0x35, 0x22, 0x00,
		0x90, 0x35, 0x22, 0x00, 0x90, 0x35, 0x22, 0x00, 0x90, 0x35, 0x22, 0x00, 0x90, 0x35, 0x22, 0x00,
		0x90, 0x35, 0x22, 0x00, 0x90, 0x35, 0x22, 0x00, 0x90, 0x35, 0x22, 0x00, 0x90, 0x35, 0x22, 0x00,
		0x90, 0x35, 0x22, 0x00, 0x90, 0x35, 0x22, 0x00, 0x90, 0x35, 0x22, 0x00, 0x90, 0x35, 0x22, 0x00,
		0x28, 0xF0, 0x6D, 0x00, 0x28, 0xF0, 0x6D, 0x00, 0x28, 0xF0, 0x6D, 0x00, 0x28, 0xF0, 0x6D, 0x00,
		0x28, 0xF0, 0x6D, 0x00, 0x28, 0xF0, 0x6D, 0x00, 0x28, 0xF0, 0x6D, 0x00, 0x28, 0xF0, 0x6D, 0x00,
		0x28, 0xF0, 0x6D, 0x00, 0x28, 0xF0, 0x6D, 0x00, 0x28, 0xF0, 0x6D, 0x00, 0x28, 0xF0, 0x6D, 0x00,
		0x28, 0xF0, 0x6D, 0x00, 0x28, 0xF0, 0x6D, 0x00, 0x28, 0xF0, 0x6D, 0x00, 0x28, 0xF0, 0x6D, 0x00,
		0x28, 0xF0, 0x6D, 0x00, 0x28, 0xF0, 0x6D, 0x00, 0x28, 0xF0, 0x6D, 0x00, 0x28, 0xF0, 0x6D, 0x00,
		0x28, 0xF0, 0x6D, 0x00, 0x28, 0xF0, 0x6D, 0x00, 0x28, 0xF0, 0x6D, 0x00, 0x28, 0xF0, 0x6D, 0x00,
		0x28, 0xF0, 0x6D, 0x00, 0x28, 0xF0, 0x6D, 0x00, 0x28, 0xF0, 0x6D, 0x00, 0x28, 0xF0, 0x6D, 0x00,
		0x28, 0xF0, 0x6D, 0x00, 0x28, 0xF0, 0x6D, 0x00, 0x28, 0xF0, 0x6D, 0x00, 0x28, 0xF0, 0x6D, 0x00,
		0x28, 0xF0, 0x6D, 0x00, 0x28, 0xF0, 0x6D, 0x00, 0x28, 0xF0, 0x6D, 0x00, 0x28, 0xF0, 0x6D, 0x00,
		0x28, 0xF0, 0x6D, 0x00, 0x28, 0xF0, 0x6D, 0x00, 0x28, 0xF0, 0x6D, 0x00, 0x28, 0xF0, 0x6D, 0x00,
		0x28, 0xF0, 0x6D, 0x00, 0x28, 0xF0, 0x6D, 0x00, 0x28, 0xF0, 0x6D, 0x00, 0x28, 0xF0, 0x6D, 0x00,
		0x28, 0xF0, 0x6D, 0x00, 0x28, 0xF0, 0x6D, 0x00, 0x28, 0xF0, 0x6D, 0x00, 0x28, 0xF0, 0x6D, 0x00,
		0x28, 0xF0, 0x6D, 0x00, 0x28, 0xF0, 0x6D, 0x00, 0x28, 0xF0, 0x6D, 0x00, 0x28, 0xF0, 0x6D, 0x00,
		0x28, 0xF0, 0x6D, 0x00, 0x28, 0xF0, 0x6D, 0x00, 0x28, 0xF0, 0x6D, 0x00, 0x28, 0xF0, 0x6D, 0x00,
		0x28, 0xF0, 0x6D, 0x00, 0x28, 0xF0, 0x6D, 0x00, 0x28, 0xF0, 0x6D, 0x00, 0x28, 0xF0, 0x6D, 0x00,
		0x28, 0xF0, 0x6D, 0x00, 0x28, 0xF0, 0x6D, 0x00, 0x28, 0xF0, 0x6D, 0x00, 0x28, 0xF0, 0x6D, 0x00,
		0x28, 0xF0, 0x6D, 0x00, 0x28, 0xF0, 0x6D, 0x00, 0x28, 0xF0, 0x6D, 0x00, 0x28, 0xF0, 0x6D, 0x00,
		0x28, 0xF0, 0x6D, 0x00, 0x28, 0xF0, 0x6D, 0x00, 0x28, 0xF0, 0x6D, 0x00, 0x28, 0xF0, 0x6D, 0x00,
		0x28, 0xF0, 0x6D, 0x00, 0x28, 0xF0, 0x6D, 0x00, 0x28, 0xF0, 0x6D, 0x00, 0x28, 0xF0, 0x6D, 0x00,
		0x28, 0xF0, 0x6D, 0x00, 0x28, 0xF0, 0x6D, 0x00, 0x28, 0xF0, 0x6D, 0x00, 0x28, 0xF0, 0x6D, 0x00,
		0x28, 0xF0, 0x6D, 0x00, 0x28, 0xF0, 0x6D, 0x00, 0x28, 0xF0, 0x6D, 0x00, 0x28, 0xF0, 0x6D, 0x00,
		0x28, 0xF0, 0x6D, 0x00, 0x28, 0xF0, 0x6D, 0x00, 0x28, 0xF0, 0x6D, 0x00, 0x28, 0xF0, 0x6D, 0x00,
		0x28, 0xF0, 0x6D, 0x00, 0x28, 0xF0, 0x6D, 0x00, 0x28, 0xF0, 0x6D, 0x00, 0x28, 0xF0, 0x6D, 0x00,
		0x28, 0xF0, 0x6D, 0x00, 0x28, 0xF0, 0x6D, 0x00, 0x28, 0xF0, 0x6D, 0x00, 0x28, 0xF0, 0x6D, 0x00,
		0x28, 0xF0, 0x6D, 0x00, 0x28, 0xF0, 0x6D, 0x00, 0x28, 0xF0, 0x6D, 0x00, 0x28, 0xF0, 0x6D, 0x00,
		0x28, 0xF0, 0x6D, 0x00, 0x28, 0xF0, 0x6D, 0x00, 0x28, 0xF0, 0x6D, 0x00, 0x28, 0xF0, 0x6D, 0x00,
		0x28, 0xF0, 0x6D, 0x00, 0x28, 0xF0, 0x6D, 0x00, 0x28, 0xF0, 0x6D, 0x00, 0x28, 0xF0, 0x6D, 0x00,
		0x28, 0xF0, 0x6D, 0x00, 0x28, 0xF0, 0x6D, 0x00, 0x28, 0xF0, 0x6D, 0x00, 0x28, 0xF0, 0x6D, 0x00,
		0x28, 0xF0, 0x6D, 0x00, 0x28, 0xF0, 0x6D, 0x00, 0x28, 0xF0, 0x6D, 0x00, 0x28, 0xF0, 0x6D, 0x00,
		0x28, 0xF0, 0x6D, 0x00, 0x28, 0xF0, 0x6D, 0x00, 0x28, 0xF0, 0x6D, 0x00, 0x28, 0xF0, 0x6D, 0x00,
		0x28, 0xF0, 0x6D, 0x00, 0x28, 0xF0, 0x6D, 0x00, 0x28, 0xF0, 0x6D, 0x00, 0x28, 0xF0, 0x6D, 0x00,
		0x28, 0xF0, 0x6D, 0x00, 0x28, 0xF0, 0x6D, 0x00, 0x28, 0xF0, 0x6D, 0x00, 0x28, 0xF0, 0x6D, 0x00,
		0x28, 0xF0, 0x6D, 0x00, 0x28, 0xF0, 0x6D, 0x00, 0x28, 0xF0, 0x6D, 0x00, 0x28, 0xF0, 0x6D, 0x00,
		0x28, 0xF0, 0x6D, 0x00, 0x28, 0xF0, 0x6D, 0x00, 0x28, 0xF0, 0x6D, 0x00, 0x28, 0xF0, 0x6D, 0x00,
		0x28, 0xF0, 0x6D, 0x00, 0x28, 0xF0, 0x6D, 0x00, 0x28, 0xF0, 0x6D, 0x00, 0x28, 0xF0, 0x6D, 0x00,
		0x28, 0xF0, 0x6D, 0x00, 0x28, 0xF0, 0x6D, 0x00, 0x28, 0xF0, 0x6D, 0x00, 0x28, 0xF0, 0x6D, 0x00,
		0x28, 0xF0, 0x6D, 0x00, 0x28, 0xF0, 0x6D, 0x00, 0x28, 0xF0, 0x6D, 0x00, 0x28, 0xF0, 0x6D, 0x00,
		0x28, 0xF0, 0x6D, 0x00, 0x28, 0xF0, 0x6D, 0x00, 0x28, 0xF0, 0x6D, 0x00, 0x28, 0xF0, 0x6D, 0x00,
		0x28, 0xF0, 0x6D, 0x00, 0x28, 0xF0, 0x6D, 0x00, 0x28, 0xF0, 0x6D, 0x00, 0x28, 0xF0, 0x6D, 0x00,
		0x28, 0xF0, 0x6D, 0x00, 0x28, 0xF0, 0x6D, 0x00, 0x28, 0xF0, 0x6D, 0x00, 0x28, 0xF0, 0x6D, 0x00,
		0x28, 0xF0, 0x6D, 0x00, 0x28, 0xF0, 0x6D, 0x00, 0x28, 0xF0, 0x6D, 0x00, 0x28, 0xF0, 0x6D, 0x00,
		0x28, 0xF0, 0x6D, 0x00, 0x28, 0xF0, 0x6D, 0x00, 0x28, 0xF0, 0x6D, 0x00, 0x28, 0xF0, 0x6D, 0x00,
		0x28, 0xF0, 0x6D, 0x00, 0x28, 0xF0, 0x6D, 0x00, 0x28, 0xF0, 0x6D, 0x00, 0x28, 0xF0, 0x6D, 0x00,
		0x28, 0xF0, 0x6D, 0x00, 0x28, 0xF0, 0x6D, 0x00, 0x28, 0xF0, 0x6D, 0x00, 0x28, 0xF0, 0x6D, 0x00,
		0x28, 0xF0, 0x6D, 0x00, 0x28, 0xF0, 0x6D, 0x00, 0x28, 0xF0, 0x6D, 0x00, 0x28, 0xF0, 0x6D, 0x00,
		0x28, 0xF0, 0x6D, 0x00, 0x28, 0xF0, 0x6D, 0x00, 0x28, 0xF0, 0x6D, 0x00, 0x28, 0xF0, 0x6D, 0x00,
		0x28, 0xF0, 0x6D, 0x00, 0x28, 0xF0, 0x6D, 0x00, 0x28, 0xF0, 0x6D, 0x00, 0x28, 0xF0, 0x6D, 0x00,
		0x28, 0xF0, 0x6D, 0x00, 0x28, 0xF0, 0x6D, 0x00, 0x28, 0xF0, 0x6D, 0x00, 0x28, 0xF0, 0x6D, 0x00,
		0x28, 0xF0, 0x6D, 0x00, 0x28, 0xF0, 0x6D, 0x00, 0x28, 0xF0, 0x6D, 0x00, 0x28, 0xF0, 0x6D, 0x00,
		0x28, 0xF0, 0x6D, 0x00, 0x28, 0xF0, 0x6D, 0x00, 0x28, 0xF0, 0x6D, 0x00, 0x28, 0xF0, 0x6D, 0x00,
		0x28, 0xF0, 0x6D, 0x00, 0x28, 0xF0, 0x6D, 0x00, 0x28, 0xF0, 0x6D, 0x00, 0x28, 0xF0, 0x6D, 0x00,
		0x28, 0xF0, 0x6D, 0x00, 0x28, 0xF0, 0x6D, 0x00, 0x28, 0xF0, 0x6D, 0x00, 0x28, 0xF0, 0x6D, 0x00,
		0x28, 0xF0, 0x6D, 0x00, 0x28, 0xF0, 0x6D, 0x00, 0x28, 0xF0, 0x6D, 0x00, 0x28, 0xF0, 0x6D, 0x00,
		0x28, 0xF0, 0x6D, 0x00, 0x28, 0xF0, 0x6D, 0x00, 0x28, 0xF0, 0x6D, 0x00, 0x28, 0xF0, 0x6D, 0x00,
		0x28, 0xF0, 0x6D, 0x00, 0x28, 0xF0, 0x6D, 0x00, 0x28, 0xF0, 0x6D, 0x00, 0x28, 0xF0, 0x6D, 0x00,
		0x28, 0xF0, 0x6D, 0x00, 0x28, 0xF0, 0x6D, 0x00, 0x28, 0xF0, 0x6D, 0x00, 0x28, 0xF0, 0x6D, 0x00,
		0x28, 0xF0, 0x6D, 0x00, 0x28, 0xF0, 0x6D, 0x00, 0x28, 0xF0, 0x6D, 0x00, 0x28, 0xF0, 0x6D, 0x00,
		0x28, 0xF0, 0x6D, 0x00, 0x28, 0xF0, 0x6D, 0x00, 0x28, 0xF0, 0x6D, 0x00, 0x28, 0xF0, 0x6D, 0x00,
		0x28, 0xF0, 0x6D, 0x00, 0x28, 0xF0, 0x6D, 0x00, 0x28, 0xF0, 0x6D, 0x00, 0x28, 0xF0, 0x6D, 0x00,
		0x28, 0xF0, 0x6D, 0x00, 0x28, 0xF0, 0x6D, 0x00, 0x28, 0xF0, 0x6D, 0x00, 0x28, 0xF0, 0x6D, 0x00,
		0x28, 0xF0, 0x6D, 0x00, 0x28, 0xF0, 0x6D, 0x00, 0x28, 0xF0, 0x6D, 0x00, 0x28, 0xF0, 0x6D, 0x00,
		0x28, 0xF0, 0x6D, 0x00, 0x28, 0xF0, 0x6D, 0x00, 0x28, 0xF0, 0x6D, 0x00, 0x28, 0xF0, 0x6D, 0x00,
		0x28, 0xF0, 0x6D, 0x00, 0x28, 0xF0, 0x6D, 0x00, 0x28, 0xF0, 0x6D, 0x00, 0x28, 0xF0, 0x6D, 0x00,
		0x28, 0xF0, 0x6D, 0x00, 0x28, 0xF0, 0x6D, 0x00, 0x28, 0xF0, 0x6D, 0x00, 0x28, 0xF0, 0x6D, 0x00,
		0x28, 0xF0, 0x6D, 0x00, 0x28, 0xF0, 0x6D, 0x00, 0x28, 0xF0, 0x6D, 0x00, 0x28, 0xF0, 0x6D, 0x00,
		0x28, 0xF0, 0x6D, 0x00, 0x28, 0xF0, 0x6D, 0x00, 0x28, 0xF0, 0x6D, 0x00, 0x28, 0xF0, 0x6D, 0x00,
		0x28, 0xF0, 0x6D, 0x00, 0x28, 0xF0, 0x6D, 0x00, 0x28, 0xF0, 0x6D, 0x00, 0x28, 0xF0, 0x6D, 0x00,
		0x28, 0xF0, 0x6D, 0x00, 0x28, 0xF0, 0x6D, 0x00, 0x28, 0xF0, 0x6D, 0x00, 0x28, 0xF0, 0x6D, 0x00,
		0x28, 0xF0, 0x6D, 0x00, 0x28, 0xF0, 0x6D, 0x00, 0x28, 0xF0, 0x6D, 0x00, 0x28, 0xF0, 0x6D, 0x00,
		0x28, 0xF0, 0x6D, 0x00, 0x28, 0xF0, 0x6D, 0x00, 0x28, 0xF0, 0x6D, 0x00, 0x28, 0xF0, 0x6D, 0x00,
		0x28, 0xF0, 0x6D, 0x00, 0x28, 0xF0, 0x6D, 0x00, 0x28, 0xF0, 0x6D, 0x00, 0x28, 0xF0, 0x6D, 0x00,
		0x28, 0xF0, 0x6D, 0x00, 0x28, 0xF0, 0x6D, 0x00, 0x28, 0xF0, 0x6D, 0x00, 0x28, 0xF0, 0x6D, 0x00,
		0x28, 0xF0, 0x6D, 0x00, 0x28, 0xF0, 0x6D, 0x00, 0x28, 0xF0, 0x6D, 0x00, 0x28, 0xF0, 0x6D, 0x00,
		0x28, 0xF0, 0x6D, 0x00, 0x28, 0xF0, 0x6D, 0x00, 0x28, 0xF0, 0x6D, 0x00, 0x28, 0xF0, 0x6D, 0x00,
		0x28, 0xF0, 0x6D, 0x00, 0x28, 0xF0, 0x6D, 0x00, 0x28, 0xF0, 0x6D, 0x00, 0x28, 0xF0, 0x6D, 0x00,
		0x28, 0xF0, 0x6D, 0x00, 0x28, 0xF0, 0x6D, 0x00, 0x28, 0xF0, 0x6D, 0x00, 0x28, 0xF0, 0x6D, 0x00,
		0x28, 0xF0, 0x6D, 0x00, 0x28, 0xF0, 0x6D, 0x00, 0x28, 0xF0, 0x6D, 0x00, 0x28, 0xF0, 0x6D, 0x00,
		0x28, 0xF0, 0x6D, 0x00, 0x28, 0xF0, 0x6D, 0x00, 0x28, 0xF0, 0x6D, 0x00, 0x28, 0xF0, 0x6D, 0x00,
		0x28, 0xF0, 0x6D, 0x00, 0x28, 0xF0, 0x6D, 0x00, 0x28, 0xF0, 0x6D, 0x00, 0x28, 0xF0, 0x6D, 0x00,
		0x28, 0xF0, 0x6D, 0x00, 0x28, 0xF0, 0x6D, 0x00, 0x28, 0xF0, 0x6D, 0x00, 0x28, 0xF0, 0x6D, 0x00,
		0x28, 0xF0, 0x6D, 0x00, 0x28, 0xF0, 0x6D, 0x00, 0x28, 0xF0, 0x6D, 0x00, 0x28, 0xF0, 0x6D, 0x00,
		0x28, 0xF0, 0x6D, 0x00, 0x28, 0xF0, 0x6D, 0x00, 0x28, 0xF0, 0x6D, 0x00, 0x28, 0xF0, 0x6D, 0x00,
		0x28, 0xF0, 0x6D, 0x00, 0x28, 0xF0, 0x6D, 0x00, 0x28, 0xF0, 0x6D, 0x00, 0x28, 0xF0, 0x6D, 0x00,
		0x28, 0xF0, 0x6D, 0x00, 0x28, 0xF0, 0x6D, 0x00, 0x28, 0xF0, 0x6D, 0x00, 0x28, 0xF0, 0x6D, 0x00,
		0x28, 0xF0, 0x6D, 0x00, 0x28, 0xF0, 0x6D, 0x00, 0x28, 0xF0, 0x6D, 0x00, 0x28, 0xF0, 0x6D, 0x00,
		0x28, 0xF0, 0x6D, 0x00, 0x28, 0xF0, 0x6D, 0x00, 0x28, 0xF0, 0x6D, 0x00, 0x28, 0xF0, 0x6D, 0x00,
		0x28, 0xF0, 0x6D, 0x00, 0x28, 0xF0, 0x6D, 0x00, 0x28, 0xF0, 0x6D, 0x00, 0x28, 0xF0, 0x6D, 0x00,
		0x28, 0xF0, 0x6D, 0x00, 0x28, 0xF0, 0x6D, 0x00, 0x28, 0xF0, 0x6D, 0x00, 0x28, 0xF0, 0x6D, 0x00,
		0x28, 0xF0, 0x6D, 0x00, 0x28, 0xF0, 0x6D, 0x00, 0x28, 0xF0, 0x6D, 0x00, 0x28, 0xF0, 0x6D, 0x00,
		0x28, 0xF0, 0x6D, 0x00, 0x28, 0xF0, 0x6D, 0x00, 0x28, 0xF0, 0x6D, 0x00, 0x28, 0xF0, 0x6D, 0x00,
		0x28, 0xF0, 0x6D, 0x00, 0x28, 0xF0, 0x6D, 0x00, 0x28, 0xF0, 0x6D, 0x00, 0x28, 0xF0, 0x6D, 0x00,
		0x28, 0xF0, 0x6D, 0x00, 0x28, 0xF0, 0x6D, 0x00, 0x28, 0xF0, 0x6D, 0x00, 0x28, 0xF0, 0x6D, 0x00,
		0x28, 0xF0, 0x6D, 0x00, 0x28, 0xF0, 0x6D, 0x00, 0x28, 0xF0, 0x6D, 0x00, 0x28, 0xF0, 0x6D, 0x00,
		0x28, 0xF0, 0x6D, 0x00, 0x28, 0xF0, 0x6D, 0x00, 0x28, 0xF0, 0x6D, 0x00, 0x28, 0xF0, 0x6D, 0x00,
		0x28, 0xF0, 0x6D, 0x00, 0x28, 0xF0, 0x6D, 0x00, 0x28, 0xF0, 0x6D, 0x00, 0x28, 0xF0, 0x6D, 0x00,
		0x28, 0xF0, 0x6D, 0x00, 0x28, 0xF0, 0x6D, 0x00, 0x28, 0xF0, 0x6D, 0x00, 0x28, 0xF0, 0x6D, 0x00,
		0x28, 0xF0, 0x6D, 0x00, 0x28, 0xF0, 0x6D, 0x00, 0x28, 0xF0, 0x6D, 0x00, 0x28, 0xF0, 0x6D, 0x00,
		0x28, 0xF0, 0x6D, 0x00, 0x28, 0xF0, 0x6D, 0x00, 0x28, 0xF0, 0x6D, 0x00, 0x28, 0xF0, 0x6D, 0x00,
		0x28, 0xF0, 0x6D, 0x00, 0x28, 0xF0, 0x6D, 0x00, 0x28, 0xF0, 0x6D, 0x00, 0x28, 0xF0, 0x6D, 0x00,
		0x28, 0xF0, 0x6D, 0x00, 0x28, 0xF0, 0x6D, 0x00, 0x28, 0xF0, 0x6D, 0x00, 0x28, 0xF0, 0x6D, 0x00,
		0x28, 0xF0, 0x6D, 0x00, 0x28, 0xF0, 0x6D, 0x00, 0x28, 0xF0, 0x6D, 0x00, 0x28, 0xF0, 0x6D, 0x00,
		0x28, 0xF0, 0x6D, 0x00, 0x28, 0xF0, 0x6D, 0x00, 0x28, 0xF0, 0x6D, 0x00, 0x28, 0xF0, 0x6D, 0x00,
		0x28, 0xF0, 0x6D, 0x00, 0x28, 0xF0, 0x6D, 0x00, 0x28, 0xF0, 0x6D, 0x00, 0x28, 0xF0, 0x6D, 0x00,
		0x28, 0xF0, 0x6D, 0x00, 0x28, 0xF0, 0x6D, 0x00, 0x28, 0xF0, 0x6D, 0x00, 0x28, 0xF0, 0x6D, 0x00,
		0x28, 0xF0, 0x6D, 0x00, 0x28, 0xF0, 0x6D, 0x00, 0x28, 0xF0, 0x6D, 0x00, 0x28, 0xF0, 0x6D, 0x00,
		0x28, 0xF0, 0x6D, 0x00, 0x28, 0xF0, 0x6D, 0x00, 0x28, 0xF0, 0x6D, 0x00, 0x28, 0xF0, 0x6D, 0x00,
		0x28, 0xF0, 0x6D, 0x00, 0x28, 0xF0, 0x6D, 0x00, 0x28, 0xF0, 0x6D, 0x00, 0x28, 0xF0, 0x6D, 0x00,
		0x28, 0xF0, 0x6D, 0x00, 0x28, 0xF0, 0x6D, 0x00, 0x28, 0xF0, 0x6D, 0x00, 0x28, 0xF0, 0x6D, 0x00,
		0x28, 0xF0, 0x6D, 0x00, 0x28, 0xF0, 0x6D, 0x00, 0x28, 0xF0, 0x6D, 0x00, 0x28, 0xF0, 0x6D, 0x00,
		0x28, 0xF0, 0x6D, 0x00, 0x28, 0xF0, 0x6D, 0x00, 0x28, 0xF0, 0x6D, 0x00, 0x28, 0xF0, 0x6D, 0x00,
		0x28, 0xF0, 0x6D, 0x00, 0x28, 0xF0, 0x6D, 0x00, 0x28, 0xF0, 0x6D, 0x00, 0x28, 0xF0, 0x6D, 0x00,
		0x28, 0xF0, 0x6D, 0x00, 0x28, 0xF0, 0x6D, 0x00, 0x28, 0xF0, 0x6D, 0x00, 0x28, 0xF0, 0x6D, 0x00,
		0x28, 0xF0, 0x6D, 0x00, 0x28, 0xF0, 0x6D, 0x00, 0x28, 0xF0, 0x6D, 0x00, 0x28, 0xF0, 0x6D, 0x00,
		0x28, 0xF0, 0x6D, 0x00, 0x28, 0xF0, 0x6D, 0x00, 0x28, 0xF0, 0x6D, 0x00, 0x28, 0xF0, 0x6D, 0x00,
		0x28, 0xF0, 0x6D, 0x00, 0x28, 0xF0, 0x6D, 0x00, 0x28, 0xF0, 0x6D, 0x00, 0x28, 0xF0, 0x6D, 0x00,
		0x28, 0xF0, 0x6D, 0x00, 0x28, 0xF0, 0x6D, 0x00, 0x28, 0xF0, 0x6D, 0x00, 0x28, 0xF0, 0x6D, 0x00,
		0x28, 0xF0, 0x6D, 0x00, 0x28, 0xF0, 0x6D, 0x00, 0x28, 0xF0, 0x6D, 0x00, 0x28, 0xF0, 0x6D, 0x00,
		0x28, 0xF0, 0x6D, 0x00, 0x28, 0xF0, 0x6D, 0x00, 0x28, 0xF0, 0x6D, 0x00, 0x28, 0xF0, 0x6D, 0x00,
		0x28, 0xF0, 0x6D, 0x00, 0x28, 0xF0, 0x6D, 0x00, 0x28, 0xF0, 0x6D, 0x00, 0x28, 0xF0, 0x6D, 0x00,
		0x28, 0xF0, 0x6D, 0x00, 0x28, 0xF0, 0x6D, 0x00, 0x28, 0xF0, 0x6D, 0x00, 0x28, 0xF0, 0x6D, 0x00,
		0x28, 0xF0, 0x6D, 0x00, 0x28, 0xF0, 0x6D, 0x00, 0x28, 0xF0, 0x6D, 0x00, 0x28, 0xF0, 0x6D, 0x00,
		0x28, 0xF0, 0x6D, 0x00, 0x28, 0xF0, 0x6D, 0x00, 0x28, 0xF0, 0x6D, 0x00, 0x28, 0xF0, 0x6D, 0x00,
		0x28, 0xF0, 0x6D, 0x00, 0x28, 0xF0, 0x6D, 0x00, 0x28, 0xF0, 0x6D, 0x00, 0x28, 0xF0, 0x6D, 0x00,
		0x28, 0xF0, 0x6D, 0x00, 0x28, 0xF0, 0x6D, 0x00, 0x28, 0xF0, 0x6D, 0x00, 0x28, 0xF0, 0x6D, 0x00,
		0x28, 0xF0, 0x6D, 0x00, 0x28, 0xF0, 0x6D, 0x00, 0x28, 0xF0, 0x6D, 0x00, 0x28, 0xF0, 0x6D, 0x00,
		0x28, 0xF0, 0x6D, 0x00, 0x28, 0xF0, 0x6D, 0x00, 0x28, 0xF0, 0x6D, 0x00, 0x28, 0xF0, 0x6D, 0x00,
		0x28, 0xF0, 0x6D, 0x00, 0x28, 0xF0, 0x6D, 0x00, 0x28, 0xF0, 0x6D, 0x00, 0x28, 0xF0, 0x6D, 0x00,
		0x28, 0xF0, 0x6D, 0x00, 0x28, 0xF0, 0x6D, 0x00, 0x28, 0xF0, 0x6D, 0x00, 0x28, 0xF0, 0x6D, 0x00,
		0x28, 0xF0, 0x6D, 0x00, 0x28, 0xF0, 0x6D, 0x00, 0x28, 0xF0, 0x6D, 0x00, 0x28, 0xF0, 0x6D, 0x00,
		0x28, 0xF0, 0x6D, 0x00, 0x28, 0xF0, 0x6D, 0x00, 0x28, 0xF0, 0x6D, 0x00, 0x28, 0xF0, 0x6D, 0x00,
		0x28, 0xF0, 0x6D, 0x00, 0x28, 0xF0, 0x6D, 0x00, 0x28, 0xF0, 0x6D, 0x00, 0x28, 0xF0, 0x6D, 0x00,
		0x28, 0xF0, 0x6D, 0x00, 0x28, 0xF0, 0x6D, 0x00, 0x28, 0xF0, 0x6D, 0x00, 0x28, 0xF0, 0x6D, 0x00,
		0x28, 0xF0, 0x6D, 0x00, 0x28, 0xF0, 0x6D, 0x00, 0x28, 0xF0, 0x6D, 0x00, 0x28, 0xF0, 0x6D, 0x00,
		0x28, 0xF0, 0x6D, 0x00, 0x28, 0xF0, 0x6D, 0x00, 0x28, 0xF0, 0x6D, 0x00, 0x28, 0xF0, 0x6D, 0x00,
		0x28, 0xF0, 0x6D, 0x00, 0x28, 0xF0, 0x6D, 0x00, 0x28, 0xF0, 0x6D, 0x00, 0x28, 0xF0, 0x6D, 0x00,
		0x28, 0xF0, 0x6D, 0x00, 0x28, 0xF0, 0x6D, 0x00, 0x28, 0xF0, 0x6D, 0x00, 0x28, 0xF0, 0x6D, 0x00,
		0x28, 0xF0, 0x6D, 0x00, 0x28, 0xF0, 0x6D, 0x00, 0x28, 0xF0, 0x6D, 0x00, 0x28, 0xF0, 0x6D, 0x00,
		0x28, 0xF0, 0x6D, 0x00, 0x28, 0xF0, 0x6D, 0x00, 0x28, 0xF0, 0x6D, 0x00, 0x28, 0xF0, 0x6D, 0x00,
		0x28, 0xF0, 0x6D, 0x00, 0x28, 0xF0, 0x6D, 0x00, 0x28, 0xF0, 0x6D, 0x00, 0x28, 0xF0, 0x6D, 0x00,
		0x28, 0xF0, 0x6D, 0x00, 0x28, 0xF0, 0x6D, 0x00, 0x28, 0xF0, 0x6D, 0x00, 0x28, 0xF0, 0x6D, 0x00,
		0x28, 0xF0, 0x6D, 0x00, 0x28, 0xF0, 0x6D, 0x00, 0x28, 0xF0, 0x6D, 0x00, 0x28, 0xF0, 0x6D, 0x00,
		0x28, 0xF0, 0x6D, 0x00, 0x28, 0xF0, 0x6D, 0x00, 0x28, 0xF0, 0x6D, 0x00, 0x28, 0xF0, 0x6D, 0x00,
		0x28, 0xF0, 0x6D, 0x00, 0x28, 0xF0, 0x6D, 0x00, 0x28, 0xF0, 0x6D, 0x00, 0x28, 0xF0, 0x6D, 0x00,
		0x28, 0xF0, 0x6D, 0x00, 0x28, 0xF0, 0x6D, 0x00, 0x28, 0xF0, 0x6D, 0x00, 0x28, 0xF0, 0x6D, 0x00,
		0x28, 0xF0, 0x6D, 0x00, 0x28, 0xF0, 0x6D, 0x00, 0x28, 0xF0, 0x6D, 0x00, 0x28, 0xF0, 0x6D, 0x00,
		0x28, 0xF0, 0x6D, 0x00, 0x28, 0xF0, 0x6D, 0x00, 0x28, 0xF0, 0x6D, 0x00, 0x28, 0xF0, 0x6D, 0x00,
		0x28, 0xF0, 0x6D, 0x00, 0x28, 0xF0, 0x6D, 0x00, 0x28, 0xF0, 0x6D, 0x00, 0x28, 0xF0, 0x6D, 0x00,
		0x28, 0xF0, 0x6D, 0x00, 0x28, 0xF0, 0x6D, 0x00, 0x28, 0xF0, 0x6D, 0x00, 0x28, 0xF0, 0x6D, 0x00,
		0x28, 0xF0, 0x6D, 0x00, 0x28, 0xF0, 0x6D, 0x00, 0x28, 0xF0, 0x6D, 0x00, 0x28, 0xF0, 0x6D, 0x00,
		0x28, 0xF0, 0x6D, 0x00, 0x28, 0xF0, 0x6D, 0x00, 0x28, 0xF0, 0x6D, 0x00, 0x28, 0xF0, 0x6D, 0x00,
		0x28, 0xF0, 0x6D, 0x00, 0x28, 0xF0, 0x6D, 0x00, 0x28, 0xF0, 0x6D, 0x00, 0x28, 0xF0, 0x6D, 0x00,
		0x28, 0xF0, 0x6D, 0x00, 0x28, 0xF0, 0x6D, 0x00, 0x28, 0xF0, 0x6D, 0x00, 0x28, 0xF0, 0x6D, 0x00,
		0x28, 0xF0, 0x6D, 0x00, 0x28, 0xF0, 0x6D, 0x00, 0x28, 0xF0, 0x6D, 0x00, 0x28, 0xF0, 0x6D, 0x00,
		0x28, 0xF0, 0x6D, 0x00, 0x28, 0xF0, 0x6D, 0x00, 0x28, 0xF0, 0x6D, 0x00, 0x28, 0xF0, 0x6D, 0x00,
		0x28, 0xF0, 0x6D, 0x00, 0x28, 0xF0, 0x6D, 0x00, 0x28, 0xF0, 0x6D, 0x00, 0x28, 0xF0, 0x6D, 0x00,
		0x28, 0xF0, 0x6D, 0x00, 0x28, 0xF0, 0x6D, 0x00, 0x28, 0xF0, 0x6D, 0x00, 0x28, 0xF0, 0x6D, 0x00,
		0x28, 0xF0, 0x6D, 0x00, 0x28, 0xF0, 0x6D, 0x00, 0x28, 0xF0, 0x6D, 0x00, 0x28, 0xF0, 0x6D, 0x00,
		0x28, 0xF0, 0x6D, 0x00, 0x28, 0xF0, 0x6D, 0x00, 0x28, 0xF0, 0x6D, 0x00, 0x28, 0xF0, 0x6D, 0x00,
		0x28, 0xF0, 0x6D, 0x00, 0x28, 0xF0, 0x6D, 0x00, 0x28, 0xF0, 0x6D, 0x00, 0x28, 0xF0, 0x6D, 0x00,
		0x28, 0xF0, 0x6D, 0x00, 0x28, 0xF0, 0x6D, 0x00, 0x28, 0xF0, 0x6D, 0x00, 0x28, 0xF0, 0x6D, 0x00,
		0xE4, 0x80, 0x80, 0x00, 0xDD, 0x80, 0x80, 0x00, 0xD6, 0x80, 0x80, 0x00, 0xCF, 0x7F, 0x7F, 0x00,
		0xC8, 0x7F, 0x7F, 0x00, 0xC1, 0x7F, 0x7F, 0x00, 0xBA, 0x7F, 0x7F, 0x00, 0xB2, 0x7F, 0x7F, 0x00,
		0xAB, 0x7F, 0x7F, 0x00, 0xA5, 0x7F, 0x7F, 0x00, 0x9E, 0x7F, 0x7F, 0x00, 0x96, 0x7F, 0x7F, 0x00,
		0x90, 0x7F, 0x7F, 0x00, 0x89, 0x7F, 0x7F, 0x00, 0x82, 0x7F, 0x7F, 0x00, 0x7A, 0x7F, 0x7F, 0x00,
		0x73, 0x7F, 0x7F, 0x00, 0x6C, 0x7F, 0x7F, 0x00, 0x65, 0x7F, 0x7F, 0x00, 0x5E, 0x7F, 0x7E, 0x00,
		0x57, 0x7F, 0x7E, 0x00, 0x51, 0x7F, 0x7E, 0x00, 0x4A, 0x7F, 0x7E, 0x00, 0x42, 0x7F, 0x7E, 0x00,
		0x3B, 0x7F, 0x7E, 0x00, 0x34, 0x7F, 0x7E, 0x00, 0x2D, 0x7F, 0x7E, 0x00, 0x26, 0x7E, 0x7E, 0x00,
		0x1F, 0x7E, 0x7E, 0x00, 0x18, 0x7E, 0x7E, 0x00, 0x12, 0x7E, 0x7E, 0x00, 0xEA, 0x80, 0x80, 0x00,
		0xE4, 0x80, 0x80, 0x00, 0xDD, 0x80, 0x80, 0x00, 0xD6, 0x80, 0x80, 0x00, 0xCF, 0x7F, 0x7F, 0x00,
		0xC8, 0x7F, 0x7F, 0x00, 0xC1, 0x7F, 0x7F, 0x00, 0xBA, 0x7F, 0x7F, 0x00, 0xB2, 0x7F, 0x7F, 0x00,
		0xAB, 0x7F, 0x7F, 0x00, 0xA5, 0x7F, 0x7F, 0x00, 0x9E, 0x7F, 0x7F, 0x00, 0x96, 0x7F, 0x7F, 0x00,
		0x90, 0x7F, 0x7F, 0x00, 0x89, 0x7F, 0x7F, 0x00, 0x82, 0x7F, 0x7F, 0x00, 0x7A, 0x7F, 0x7F, 0x00,
		0x73, 0x7F, 0x7F, 0x00, 0x6C, 0x7F, 0x7F, 0x00, 0x65, 0x7F, 0x7F, 0x00, 0x5E, 0x7F, 0x7E, 0x00,
		0x57, 0x7F, 0x7E, 0x00, 0x51, 0x7F, 0x7E, 0x00, 0x4A, 0x7F, 0x7E, 0x00, 0x42, 0x7F, 0x7E, 0x00,
		0x3B, 0x7F, 0x7E, 0x00, 0x34, 0x7F, 0x7E, 0x00, 0x2D, 0x7F, 0x7E, 0x00, 0x26, 0x7E, 0x7E, 0x00,
		0x1F, 0x7E, 0x7E, 0x00, 0x18, 0x7E, 0x7E, 0x00, 0x12, 0x7E, 0x7E, 0x00, 0xEA, 0x80, 0x80, 0x00,
		0xE4, 0x80, 0x80, 0x00, 0xDD, 0x80, 0x80, 0x00, 0xD6, 0x80, 0x80, 0x00, 0xCF, 0x7F, 0x7F, 0x00,
		0xC8, 0x7F, 0x7F, 0x00, 0xC1, 0x7F, 0x7F, 0x00, 0xBA, 0x7F, 0x7F, 0x00, 0xB2, 0x7F, 0x7F, 0x00,
		0xAB, 0x7F, 0x7F, 0x00, 0xA5, 0x7F, 0x7F, 0x00, 0x9E, 0x7F, 0x7F, 0x00, 0x96, 0x7F, 0x7F, 0x00,
		0x90, 0x7F, 0x7F, 0x00, 0x89, 0x7F, 0x7F, 0x00, 0x82, 0x7F, 0x7F, 0x00, 0x7A, 0x7F, 0x7F, 0x00,
		0x73, 0x7F, 0x7F, 0x00, 0x6C, 0x7F, 0x7F, 0x00, 0x65, 0x7F, 0x7F, 0x00, 0x5E, 0x7F, 0x7E, 0x00,
		0x57, 0x7F, 0x7E, 0x00, 0x51, 0x7F, 0x7E, 0x00, 0x4A, 0x7F, 0x7E, 0x00, 0x42, 0x7F, 0x7E, 0x00,
		0x3B, 0x7F, 0x7E, 0x00, 0x34, 0x7F, 0x7E, 0x00, 0x2D, 0x7F, 0x7E, 0x00, 0x26, 0x7E, 0x7E, 0x00,
		0x1F, 0x7E, 0x7E, 0x00, 0x18, 0x7E, 0x7E, 0x00, 0x12, 0x7E, 0x7E, 0x00, 0xEA, 0x80, 0x80, 0x00,
		0xE4, 0x80, 0x80, 0x00, 0xDD, 0x80, 0x80, 0x00, 0xD6, 0x80, 0x80, 0x00, 0xCF, 0x7F, 0x7F, 0x00,
		0xC8, 0x7F, 0x7F, 0x00, 0xC1, 0x7F, 0x7F, 0x00, 0xBA, 0x7F, 0x7F, 0x00, 0xB2, 0x7F, 0x7F, 0x00,
		0xAB, 0x7F, 0x7F, 0x00, 0xA5, 0x7F, 0x7F, 0x00, 0x9E, 0x7F, 0x7F, 0x00, 0x96, 0x7F, 0x7F, 0x00,
		0x90, 0x7F, 0x7F, 0x00, 0x89, 0x7F, 0x7F, 0x00, 0x82, 0x7F, 0x7F, 0x00, 0x7A, 0x7F, 0x7F, 0x00,
		0x73, 0x7F, 0x7F, 0x00, 0x6C, 0x7F, 0x7F, 0x00, 0x65, 0x7F, 0x7F, 0x00, 0x5E, 0x7F, 0x7E, 0x00,
		0x57, 0x7F, 0x7E, 0x00, 0x51, 0x7F, 0x7E, 0x00, 0x4A, 0x7F, 0x7E, 0x00, 0x42, 0x7F, 0x7E, 0x00,
		0x3B, 0x7F, 0x7E, 0x00, 0x34, 0x7F, 0x7E, 0x00, 0x2D, 0x7F, 0x7E, 0x00, 0x26, 0x7E, 0x7E, 0x00,
		0x1F, 0x7E, 0x7E, 0x00, 0x18, 0x7E, 0x7E, 0x00, 0x12, 0x7E, 0x7E, 0x00, 0xEA, 0x80, 0x80, 0x00,
		0xE4, 0x80, 0x80, 0x00, 0xDD, 0x80, 0x80, 0x00, 0xD6, 0x80, 0x80, 0x00, 0xCF, 0x7F, 0x7F, 0x00,
		0xC8, 0x7F, 0x7F, 0x00, 0xC1, 0x7F, 0x7F, 0x00, 0xBA, 0x7F, 0x7F, 0x00, 0xB2, 0x7F, 0x7F, 0x00,
		0xAB, 0x7F, 0x7F, 0x00, 0xA5, 0x7F, 0x7F, 0x00, 0x9E, 0x7F, 0x7F, 0x00, 0x96, 0x7F, 0x7F, 0x00,
		0x90, 0x7F, 0x7F, 0x00, 0x89, 0x7F, 0x7F, 0x00, 0x82, 0x7F, 0x7F, 0x00, 0x7A, 0x7F, 0x7F, 0x00,
		0x73, 0x7F, 0x7F, 0x00, 0x6C, 0x7F, 0x7F, 0x00, 0x65, 0x7F, 0x7F, 0x00, 0x5E, 0x7F, 0x7E, 0x00,
		0x57, 0x7F, 0x7E, 0x00, 0x51, 0x7F, 0x7E, 0x00, 0x4A, 0x7F, 0x7E, 0x00, 0x42, 0x7F, 0x7E, 0x00,
		0x3B, 0x7F, 0x7E, 0x00, 0x34, 0x7F, 0x7E, 0x00, 0x2D, 0x7F, 0x7E, 0x00, 0x26, 0x7E, 0x7E, 0x00,
		0x1F, 0x7E, 0x7E, 0x00, 0x18, 0x7E, 0x7E, 0x00, 0x12, 0x7E, 0x7E, 0x00, 0xEA, 0x80, 0x80, 0x00,
		0xE4, 0x80, 0x80, 0x00, 0xDD, 0x80, 0x80, 0x00, 0xD6, 0x80, 0x80, 0x00, 0xCF, 0x7F, 0x7F, 0x00,
		0xC8, 0x7F, 0x7F, 0x00, 0xC1, 0x7F, 0x7F, 0x00, 0xBA, 0x7F, 0x7F, 0x00, 0xB2, 0x7F, 0x7F, 0x00,
		0xAB, 0x7F, 0x7F, 0x00, 0xA5, 0x7F, 0x7F, 0x00, 0x9E, 0x7F, 0x7F, 0x00, 0x96, 0x7F, 0x7F, 0x00,
		0x90, 0x7F, 0x7F, 0x00, 0x89, 0x7F, 0x7F, 0x00, 0x82, 0x7F, 0x7F, 0x00, 0x7A, 0x7F, 0x7F, 0x00,
		0x73, 0x7F, 0x7F, 0x00, 0x6C, 0x7F, 0x7F, 0x00, 0x65, 0x7F, 0x7F, 0x00, 0x5E, 0x7F, 0x7E, 0x00,
		0x57, 0x7F, 0x7E, 0x00, 0x51, 0x7F, 0x7E, 0x00, 0x4A, 0x7F, 0x7E, 0x00, 0x42, 0x7F, 0x7E, 0x00,
		0x3B, 0x7F, 0x7E, 0x00, 0x34, 0x7F, 0x7E, 0x00, 0x2D, 0x7F, 0x7E, 0x00, 0x26, 0x7E, 0x7E, 0x00,
		0x1F, 0x7E, 0x7E, 0x00, 0x18, 0x7E, 0x7E, 0x00, 0x12, 0x7E, 0x7E, 0x00, 0xEA, 0x80, 0x80, 0x00,
		0xE4, 0x80, 0x80, 0x00, 0xDD, 0x80, 0x80, 0x00, 0xD6, 0x80, 0x80, 0x00, 0xCF, 0x7F, 0x7F, 0x00,
		0xC8, 0x7F, 0x7F, 0x00, 0xC1, 0x7F, 0x7F, 0x00, 0xBA, 0x7F, 0x7F, 0x00, 0xB2, 0x7F, 0x7F, 0x00,
		0xAB, 0x7F, 0x7F, 0x00, 0xA5, 0x7F, 0x7F, 0x00, 0x9E, 0x7F, 0x7F, 0x00, 0x96, 0x7F, 0x7F, 0x00,
		0x90, 0x7F, 0x7F, 0x00, 0x89, 0x7F, 0x7F, 0x00, 0x82, 0x7F, 0x7F, 0x00, 0x7A, 0x7F, 0x7F, 0x00,
		0x73, 0x7F, 0x7F, 0x00, 0x6C, 0x7F, 0x7F, 0x00, 0x65, 0x7F, 0x7F, 0x00, 0x5E, 0x7F, 0x7E, 0x00,
		0x57, 0x7F, 0x7E, 0x00, 0x51, 0x7F, 0x7E, 0x00, 0x4A, 0x7F, 0x7E, 0x00, 0x42, 0x7F, 0x7E, 0x00,
		0x3B, 0x7F, 0x7E, 0x00, 0x34, 0x7F, 0x7E, 0x00, 0x2D, 0x7F, 0x7E, 0x00, 0x26, 0x7E, 0x7E, 0x00,
		0x1F, 0x7E, 0x7E, 0x00, 0x18, 0x7E, 0x7E, 0x00, 0x12, 0x7E, 0x7E, 0x00, 0xEA, 0x80, 0x80, 0x00,
		0xE4, 0x80, 0x80, 0x00, 0xDD, 0x80, 0x80, 0x00, 0xD6, 0x80, 0x80, 0x00, 0xCF, 0x7F, 0x7F, 0x00,
		0xC8, 0x7F, 0x7F, 0x00, 0xC1, 0x7F, 0x7F, 0x00, 0xBA, 0x7F, 0x7F, 0x00, 0xB2, 0x7F, 0x7F, 0x00,
		0xAB, 0x7F, 0x7F, 0x00, 0xA5, 0x7F, 0x7F, 0x00, 0x9E, 0x7F, 0x7F, 0x00, 0x96, 0x7F, 0x7F, 0x00,
		0x90, 0x7F, 0x7F, 0x00, 0x89, 0x7F, 0x7F, 0x00, 0x82, 0x7F, 0x7F, 0x00, 0x7A, 0x7F, 0x7F, 0x00,
		0x73, 0x7F, 0x7F, 0x00, 0x6C, 0x7F, 0x7F, 0x00, 0x65, 0x7F, 0x7F, 0x00, 0x5E, 0x7F, 0x7E, 0x00,
		0x57, 0x7F, 0x7E, 0x00, 0x51, 0x7F, 0x7E, 0x00, 0x4A, 0x7F, 0x7E, 0x00, 0x42, 0x7F, 0x7E, 0x00,
		0x3B, 0x7F, 0x7E, 0x00, 0x34, 0x7F, 0x7E, 0x00, 0x2D, 0x7F, 0x7E, 0x00, 0x26, 0x7E, 0x7E, 0x00,
		0x1F, 0x7E, 0x7E, 0x00, 0x18, 0x7E, 0x7E, 0x00, 0x12, 0x7E, 0x7E, 0x00, 0xEA, 0x80, 0x80, 0x00,
		0xE4, 0x80, 0x80, 0x00, 0xDD, 0x80, 0x80, 0x00, 0xD6, 0x80, 0x80, 0x00, 0xCF, 0x7F, 0x7F, 0x00,
		0xC8, 0x7F, 0x7F, 0x00, 0xC1, 0x7F, 0x7F, 0x00, 0xBA, 0x7F, 0x7F, 0x00, 0xB2, 0x7F, 0x7F, 0x00,
		0xAB, 0x7F, 0x7F, 0x00, 0xA5, 0x7F, 0x7F, 0x00, 0x9E, 0x7F, 0x7F, 0x00, 0x96, 0x7F, 0x7F, 0x00,
		0x90, 0x7F, 0x7F, 0x00, 0x89, 0x7F, 0x7F, 0x00, 0x82, 0x7F, 0x7F, 0x00, 0x7A, 0x7F, 0x7F, 0x00,
		0x73, 0x7F, 0x7F, 0x00, 0x6C, 0x7F, 0x7F, 0x00, 0x65, 0x7F, 0x7F, 0x00, 0x5E, 0x7F, 0x7E, 0x00,
		0x57, 0x7F, 0x7E, 0x00, 0x51, 0x7F, 0x7E, 0x00, 0x4A, 0x7F, 0x7E, 0x00, 0x42, 0x7F, 0x7E, 0x00,
		0x3B, 0x7F, 0x7E, 0x00, 0x34, 0x7F, 0x7E, 0x00, 0x2D, 0x7F, 0x7E, 0x00, 0x26, 0x7E, 0x7E, 0x00,
		0x1F, 0x7E, 0x7E, 0x00, 0x18, 0x7E, 0x7E, 0x00, 0x12, 0x7E, 0x7E, 0x00, 0xEA, 0x80, 0x80, 0x00,
		0xE4, 0x80, 0x80, 0x00, 0xDD, 0x80, 0x80, 0x00, 0xD6, 0x80, 0x80, 0x00, 0xCF, 0x7F, 0x7F, 0x00,
		0xC8, 0x7F, 0x7F, 0x00, 0xC1, 0x7F, 0x7F, 0x00, 0xBA, 0x7F, 0x7F, 0x00, 0xB2, 0x7F, 0x7F, 0x00,
		0xAB, 0x7F, 0x7F, 0x00, 0xA5, 0x7F, 0x7F, 0x00, 0x9E, 0x7F, 0x7F, 0x00, 0x96, 0x7F, 0x7F, 0x00,
		0x90, 0x7F, 0x7F, 0x00, 0x89, 0x7F, 0x7F, 0x00, 0x82, 0x7F, 0x7F, 0x00, 0x7A, 0x7F, 0x7F, 0x00,
		0x73, 0x7F, 0x7F, 0x00, 0x6C, 0x7F, 0x7F, 0x00, 0x65, 0x7F, 0x7F, 0x00, 0x5E, 0x7F, 0x7E, 0x00,
		0x57, 0x7F, 0x7E, 0x00, 0x51, 0x7F, 0x7E, 0x00, 0x4A, 0x7F, 0x7E, 0x00, 0x42, 0x7F, 0x7E, 0x00,
		0x3B, 0x7F, 0x7E, 0x00, 0x34, 0x7F, 0x7E, 0x00, 0x2D, 0x7F, 0x7E, 0x00, 0x26, 0x7E, 0x7E, 0x00,
		0x1F, 0x7E, 0x7E, 0x00, 0x18, 0x7E, 0x7E, 0x00, 0x12, 0x7E, 0x7E, 0x00, 0xEA, 0x80, 0x80, 0x00,
		0xE4, 0x80, 0x80, 0x00, 0xDD, 0x80, 0x80, 0x00, 0xD6, 0x80, 0x80, 0x00, 0xCF, 0x7F, 0x7F, 0x00,
		0xC8, 0x7F, 0x7F, 0x00, 0xC1, 0x7F, 0x7F, 0x00, 0xBA, 0x7F, 0x7F, 0x00, 0xB2, 0x7F, 0x7F, 0x00,
		0xAB, 0x7F, 0x7F, 0x00, 0xA5, 0x7F, 0x7F, 0x00, 0x9E, 0x7F, 0x7F, 0x00, 0x96, 0x7F, 0x7F, 0x00,
		0x90, 0x7F, 0x7F, 0x00, 0x89, 0x7F, 0x7F, 0x00, 0x82, 0x7F, 0x7F, 0x00, 0x7A, 0x7F, 0x7F, 0x00,
		0x73, 0x7F, 0x7F, 0x00, 0x6C, 0x7F, 0x7F, 0x00, 0x65, 0x7F, 0x7F, 0x00, 0x5E, 0x7F, 0x7E, 0x00,
		0x57, 0x7F, 0x7E, 0x00, 0x51, 0x7F, 0x7E, 0x00, 0x4A, 0x7F, 0x7E, 0x00, 0x42, 0x7F, 0x7E, 0x00,
		0x3B, 0x7F, 0x7E, 0x00, 0x34, 0x7F, 0x7E, 0x00, 0x2D, 0x7F, 0x7E, 0x00, 0x26, 0x7E, 0x7E, 0x00,
		0x1F, 0x7E, 0x7E, 0x00, 0x18, 0x7E, 0x7E, 0x00, 0x12, 0x7E, 0x7E, 0x00, 0xEA, 0x80, 0x80, 0x00,
		0xE4, 0x80, 0x80, 0x00, 0xDD, 0x80, 0x80, 0x00, 0xD6, 0x80, 0x80, 0x00, 0xCF, 0x7F, 0x7F, 0x00,
		0xC8, 0x7F, 0x7F, 0x00, 0xC1, 0x7F, 0x7F, 0x00, 0xBA, 0x7F, 0x7F, 0x00, 0xB2, 0x7F, 0x7F, 0x00,
		0xAB, 0x7F, 0x7F, 0x00, 0xA5, 0x7F, 0x7F, 0x00, 0x9E, 0x7F, 0x7F, 0x00, 0x96, 0x7F, 0x7F, 0x00,
		0x90, 0x7F, 0x7F, 0x00, 0x89, 0x7F, 0x7F, 0x00, 0x82, 0x7F, 0x7F, 0x00, 0x7A, 0x7F, 0x7F, 0x00,
		0x73, 0x7F, 0x7F, 0x00, 0x6C, 0x7F, 0x7F, 0x00, 0x65, 0x7F, 0x7F, 0x00, 0x5E, 0x7F, 0x7E, 0x00,
		0x57, 0x7F, 0x7E, 0x00, 0x51, 0x7F, 0x7E, 0x00, 0x4A, 0x7F, 0x7E, 0x00, 0x42, 0x7F, 0x7E, 0x00,
		0x3B, 0x7F, 0x7E, 0x00, 0x34, 0x7F, 0x7E, 0x00, 0x2D, 0x7F, 0x7E, 0x00, 0x26, 0x7E, 0x7E, 0x00,
		0x1F, 0x7E, 0x7E, 0x00, 0x18, 0x7E, 0x7E, 0x00, 0x12, 0x7E, 0x7E, 0x00, 0xEA, 0x80, 0x80, 0x00,
		0xE4, 0x80, 0x80, 0x00, 0xDD, 0x80, 0x80, 0x00, 0xD6, 0x80, 0x80, 0x00, 0xCF, 0x7F, 0x7F, 0x00,
		0xC8, 0x7F, 0x7F, 0x00, 0xC1, 0x7F, 0x7F, 0x00, 0xBA, 0x7F, 0x7F, 0x00, 0xB2, 0x7F, 0x7F, 0x00,
		0xAB, 0x7F, 0x7F, 0x00, 0xA5, 0x7F, 0x7F, 0x00, 0x9E, 0x7F, 0x7F, 0x00, 0x96, 0x7F, 0x7F, 0x00,
		0x90, 0x7F, 0x7F, 0x00, 0x89, 0x7F, 0x7F, 0x00, 0x82, 0x7F, 0x7F, 0x00, 0x7A, 0x7F, 0x7F, 0x00,
		0x73, 0x7F, 0x7F, 0x00, 0x6C, 0x7F, 0x7F, 0x00, 0x65, 0x7F, 0x7F, 0x00, 0x5E, 0x7F, 0x7E, 0x00,
		0x57, 0x7F, 0x7E, 0x00, 0x51, 0x7F, 0x7E, 0x00, 0x4A, 0x7F, 0x7E, 0x00, 0x42, 0x7F, 0x7E, 0x00,
		0x3B, 0x7F, 0x7E, 0x00, 0x34, 0x7F, 0x7E, 0x00, 0x2D, 0x7F, 0x7E, 0x00, 0x26, 0x7E, 0x7E, 0x00,
		0x1F, 0x7E, 0x7E, 0x00, 0x18, 0x7E, 0x7E, 0x00, 0x12, 0x7E, 0x7E, 0x00, 0xEA, 0x80, 0x80, 0x00,
		0xE4, 0x80, 0x80, 0x00, 0xDD, 0x80, 0x80, 0x00, 0xD6, 0x80, 0x80, 0x00, 0xCF, 0x7F, 0x7F, 0x00,
		0xC8, 0x7F, 0x7F, 0x00, 0xC1, 0x7F, 0x7F, 0x00, 0xBA, 0x7F, 0x7F, 0x00, 0xB2, 0x7F, 0x7F, 0x00,
		0xAB, 0x7F, 0x7F, 0x00, 0xA5, 0x7F, 0x7F, 0x00, 0x9E, 0x7F, 0x7F, 0x00, 0x96, 0x7F, 0x7F, 0x00,
		0x90, 0x7F, 0x7F, 0x00, 0x89, 0x7F, 0x7F, 0x00, 0x82, 0x7F, 0x7F, 0x00, 0x7A, 0x7F, 0x7F, 0x00,
		0x73, 0x7F, 0x7F, 0x00, 0x6C, 0x7F, 0x7F, 0x00, 0x65, 0x7F, 0x7F, 0x00, 0x5E, 0x7F, 0x7E, 0x00,
		0x57, 0x7F, 0x7E, 0x00, 0x51, 0x7F, 0x7E, 0x00, 0x4A, 0x7F, 0x7E, 0x00, 0x42, 0x7F, 0x7E, 0x00,
		0x3B, 0x7F, 0x7E, 0x00, 0x34, 0x7F, 0x7E, 0x00, 0x2D, 0x7F, 0x7E, 0x00, 0x26, 0x7E, 0x7E, 0x00,
		0x1F, 0x7E, 0x7E, 0x00, 0x18, 0x7E, 0x7E, 0x00, 0x12, 0x7E, 0x7E, 0x00, 0xEA, 0x80, 0x80, 0x00,
		0xE4, 0x80, 0x80, 0x00, 0xDD, 0x80, 0x80, 0x00, 0xD6, 0x80, 0x80, 0x00, 0xCF, 0x7F, 0x7F, 0x00,
		0xC8, 0x7F, 0x7F, 0x00, 0xC1, 0x7F, 0x7F, 0x00, 0xBA, 0x7F, 0x7F, 0x00, 0xB2, 0x7F, 0x7F, 0x00,
		0xAB, 0x7F, 0x7F, 0x00, 0xA5, 0x7F, 0x7F, 0x00, 0x9E, 0x7F, 0x7F, 0x00, 0x96, 0x7F, 0x7F, 0x00,
		0x90, 0x7F, 0x7F, 0x00, 0x89, 0x7F, 0x7F, 0x00, 0x82, 0x7F, 0x7F, 0x00, 0x7A, 0x7F, 0x7F, 0x00,
		0x73, 0x7F, 0x7F, 0x00, 0x6C, 0x7F, 0x7F, 0x00, 0x65, 0x7F, 0x7F, 0x00, 0x5E, 0x7F, 0x7E, 0x00,
		0x57, 0x7F, 0x7E, 0x00, 0x51, 0x7F, 0x7E, 0x00, 0x4A, 0x7F, 0x7E, 0x00, 0x42, 0x7F, 0x7E, 0x00,
		0x3B, 0x7F, 0x7E, 0x00, 0x34, 0x7F, 0x7E, 0x00, 0x2D, 0x7F, 0x7E, 0x00, 0x26, 0x7E, 0x7E, 0x00,
		0x1F, 0x7E, 0x7E, 0x00, 0x18, 0x7E, 0x7E, 0x00, 0x12, 0x7E, 0x7E, 0x00, 0xEA, 0x80, 0x80, 0x00,
		0xE4, 0x80, 0x80, 0x00, 0xDD, 0x80, 0x80, 0x00, 0xD6, 0x80, 0x80, 0x00, 0xCF, 0x7F, 0x7F, 0x00,
		0xC8, 0x7F, 0x7F, 0x00, 0xC1, 0x7F, 0x7F, 0x00, 0xBA, 0x7F, 0x7F, 0x00, 0xB2, 0x7F, 0x7F, 0x00,
		0xAB, 0x7F, 0x7F, 0x00, 0xA5, 0x7F, 0x7F, 0x00, 0x9E, 0x7F, 0x7F, 0x00, 0x96, 0x7F, 0x7F, 0x00,
		0x90, 0x7F, 0x7F, 0x00, 0x89, 0x7F, 0x7F, 0x00, 0x82, 0x7F, 0x7F, 0x00, 0x7A, 0x7F, 0x7F, 0x00,
		0x73, 0x7F, 0x7F, 0x00, 0x6C, 0x7F, 0x7F, 0x00, 0x65, 0x7F, 0x7F, 0x00, 0x5E, 0x7F, 0x7E, 0x00,
		0x57, 0x7F, 0x7E, 0x00, 0x51, 0x7F, 0x7E, 0x00, 0x4A, 0x7F, 0x7E, 0x00, 0x42, 0x7F, 0x7E, 0x00,
		0x3B, 0x7F, 0x7E, 0x00, 0x34, 0x7F, 0x7E, 0x00, 0x2D, 0x7F, 0x7E, 0x00, 0x26, 0x7E, 0x7E, 0x00,
		0x1F, 0x7E, 0x7E, 0x00, 0x18, 0x7E, 0x7E, 0x00, 0x12, 0x7E, 0x7E, 0x00, 0xEA, 0x80, 0x80, 0x00,
		0xE4, 0x80, 0x80, 0x00, 0xDD, 0x80, 0x80, 0x00, 0xD6, 0x80, 0x80, 0x00, 0xCF, 0x7F, 0x7F, 0x00,
		0xC8, 0x7F, 0x7F, 0x00, 0xC1, 0x7F, 0x7F, 0x00, 0xBA, 0x7F, 0x7F, 0x00, 0xB2, 0x7F, 0x7F, 0x00,
		0xAB, 0x7F, 0x7F, 0x00, 0xA5, 0x7F, 0x7F, 0x00, 0x9E, 0x7F, 0x7F, 0x00, 0x96, 0x7F, 0x7F, 0x00,
		0x90, 0x7F, 0x7F, 0x00, 0x89, 0x7F, 0x7F, 0x00, 0x82, 0x7F, 0x7F, 0x00, 0x7A, 0x7F, 0x7F, 0x00,
		0x73, 0x7F, 0x7F, 0x00, 0x6C, 0x7F, 0x7F, 0x00, 0x65, 0x7F, 0x7F, 0x00, 0x5E, 0x7F, 0x7E, 0x00,
		0x57, 0x7F, 0x7E, 0x00, 0x51, 0x7F, 0x7E, 0x00, 0x4A, 0x7F, 0x7E, 0x00, 0x42, 0x7F, 0x7E, 0x00,
		0x3B, 0x7F, 0x7E, 0x00, 0x34, 0x7F, 0x7E, 0x00, 0x2D, 0x7F, 0x7E, 0x00, 0x26, 0x7E, 0x7E, 0x00,
		0x1F, 0x7E, 0x7E, 0x00, 0x18, 0x7E, 0x7E, 0x00, 0x12, 0x7E, 0x7E, 0x00, 0xEA, 0x80, 0x80, 0x00,
		0xE4, 0x80, 0x80, 0x00, 0xDD, 0x80, 0x80, 0x00, 0xD6, 0x80, 0x80, 0x00, 0xCF, 0x7F, 0x7F, 0x00,
		0xC8, 0x7F, 0x7F, 0x00, 0xC1, 0x7F, 0x7F, 0x00, 0xBA, 0x7F, 0x7F, 0x00, 0xB2, 0x7F, 0x7F, 0x00,
		0xAB, 0x7F, 0x7F, 0x00, 0xA5, 0x7F, 0x7F, 0x00, 0x9E, 0x7F, 0x7F, 0x00, 0x96, 0x7F, 0x7F, 0x00,
		0x90, 0x7F, 0x7F, 0x00, 0x89, 0x7F, 0x7F, 0x00, 0x82, 0x7F, 0x7F, 0x00, 0x7A, 0x7F, 0x7F, 0x00,
		0x73, 0x7F, 0x7F, 0x00, 0x6C, 0x7F, 0x7F, 0x00, 0x65, 0x7F, 0x7F, 0x00, 0x5E, 0x7F, 0x7E, 0x00,
		0x57, 0x7F, 0x7E, 0x00, 0x51, 0x7F, 0x7E, 0x00, 0x4A, 0x7F, 0x7E, 0x00, 0x42, 0x7F, 0x7E, 0x00,
		0x3B, 0x7F, 0x7E, 0x00, 0x34, 0x7F, 0x7E, 0x00, 0x2D, 0x7F, 0x7E, 0x00, 0x26, 0x7E, 0x7E, 0x00,
		0x1F, 0x7E, 0x7E, 0x00, 0x18, 0x7E, 0x7E, 0x00, 0x12, 0x7E, 0x7E, 0x00, 0xEA, 0x80, 0x80, 0x00,
		0xE4, 0x80, 0x80, 0x00, 0xDD, 0x80, 0x80, 0x00, 0xD6, 0x80, 0x80, 0x00, 0xCF, 0x7F, 0x7F, 0x00,
		0xC8, 0x7F, 0x7F, 0x00, 0xC1, 0x7F, 0x7F, 0x00, 0xBA, 0x7F, 0x7F, 0x00, 0xB2, 0x7F, 0x7F, 0x00,
		0xAB, 0x7F, 0x7F, 0x00, 0xA5, 0x7F, 0x7F, 0x00, 0x9E, 0x7F, 0x7F, 0x00, 0x96, 0x7F, 0x7F, 0x00,
		0x90, 0x7F, 0x7F, 0x00, 0x89, 0x7F, 0x7F, 0x00, 0x82, 0x7F, 0x7F, 0x00, 0x7A, 0x7F, 0x7F, 0x00,
		0x73, 0x7F, 0x7F, 0x00, 0x6C, 0x7F, 0x7F, 0x00, 0x65, 0x7F, 0x7F, 0x00, 0x5E, 0x7F, 0x7E, 0x00,
		0x57, 0x7F, 0x7E, 0x00, 0x51, 0x7F, 0x7E, 0x00, 0x4A, 0x7F, 0x7E, 0x00, 0x42, 0x7F, 0x7E, 0x00,
		0x3B, 0x7F, 0x7E, 0x00, 0x34, 0x7F, 0x7E, 0x00, 0x2D, 0x7F, 0x7E, 0x00, 0x26, 0x7E, 0x7E, 0x00,
		0x1F, 0x7E, 0x7E, 0x00, 0x18, 0x7E, 0x7E, 0x00, 0x12, 0x7E, 0x7E, 0x00, 0xEA, 0x80, 0x80, 0x00,
		0xE4, 0x80, 0x80, 0x00, 0xDD, 0x80, 0x80, 0x00, 0xD6, 0x80, 0x80, 0x00, 0xCF, 0x7F, 0x7F, 0x00,
		0xC8, 0x7F, 0x7F, 0x00, 0xC1, 0x7F, 0x7F, 0x00, 0xBA, 0x7F, 0x7F, 0x00, 0xB2, 0x7F, 0x7F, 0x00,
		0xAB, 0x7F, 0x7F, 0x00, 0xA5, 0x7F, 0x7F, 0x00, 0x9E, 0x7F, 0x7F, 0x00, 0x96, 0x7F, 0x7F, 0x00,
		0x90, 0x7F, 0x7F, 0x00, 0x89, 0x7F, 0x7F, 0x00, 0x82, 0x7F, 0x7F, 0x00, 0x7A, 0x7F, 0x7F, 0x00,
		0x73, 0x7F, 0x7F, 0x00, 0x6C, 0x7F, 0x7F, 0x00, 0x65, 0x7F, 0x7F, 0x00, 0x5E, 0x7F, 0x7E, 0x00,
		0x57, 0x7F, 0x7E, 0x00, 0x51, 0x7F, 0x7E, 0x00, 0x4A, 0x7F, 0x7E, 0x00, 0x42, 0x7F, 0x7E, 0x00,
		0x3B, 0x7F, 0x7E, 0x00, 0x34, 0x7F, 0x7E, 0x00, 0x2D, 0x7F, 0x7E, 0x00, 0x26, 0x7E, 0x7E, 0x00,
		0x1F, 0x7E, 0x7E, 0x00, 0x18, 0x7E, 0x7E, 0x00, 0x12, 0x7E, 0x7E, 0x00, 0xEA, 0x80, 0x80, 0x00,
		0x16, 0x80, 0x80, 0x00, 0x1D, 0x80, 0x80, 0x00, 0x24, 0x80, 0x80, 0x00, 0x2B, 0x80, 0x80, 0x00,
		0x32, 0x80, 0x80, 0x00, 0x39, 0x80, 0x80, 0x00, 0x40, 0x80, 0x80, 0x00, 0x48, 0x80, 0x80, 0x00,
		0x4F, 0x80, 0x80, 0x00, 0x55, 0x80, 0x80, 0x00, 0x5C, 0x80, 0x80, 0x00, 0x63, 0x80, 0x80, 0x00,
		0x6A, 0x80, 0x80, 0x00, 0x71, 0x80, 0x80, 0x00, 0x78, 0x80, 0x80, 0x00, 0x80, 0x80, 0x80, 0x00,
		0x87, 0x80, 0x80, 0x00, 0x8E, 0x80, 0x80, 0x00, 0x94, 0x80, 0x80, 0x00, 0x9C, 0x81, 0x81, 0x00,
		0xA2, 0x81, 0x81, 0x00, 0xA9, 0x81, 0x81, 0x00, 0xB0, 0x81, 0x81, 0x00, 0xB8, 0x81, 0x81, 0x00,
		0xBF, 0x81, 0x81, 0x00, 0xC6, 0x81, 0x81, 0x00, 0xCD, 0x81, 0x81, 0x00, 0xD4, 0x81, 0x81, 0x00,
		0xDB, 0x81, 0x81, 0x00, 0xE2, 0x81, 0x81, 0x00, 0xE8, 0x81, 0x81, 0x00, 0x10, 0x80, 0x80, 0x00,
		0x16, 0x80, 0x80, 0x00, 0x1D, 0x80, 0x80, 0x00, 0x24, 0x80, 0x80, 0x00, 0x2B, 0x80, 0x80, 0x00,
		0x32, 0x80, 0x80, 0x00, 0x39, 0x80, 0x80, 0x00, 0x40, 0x80, 0x80, 0x00, 0x48, 0x80, 0x80, 0x00,
		0x4F, 0x80, 0x80, 0x00, 0x55, 0x80, 0x80, 0x00, 0x5C, 0x80, 0x80, 0x00, 0x63, 0x80, 0x80, 0x00,
		0x6A, 0x80, 0x80, 0x00, 0x71, 0x80, 0x80, 0x00, 0x78, 0x80, 0x80, 0x00, 0x80, 0x80, 0x80, 0x00,
		0x87, 0x80, 0x80, 0x00, 0x8E, 0x80, 0x80, 0x00, 0x94, 0x80, 0x80, 0x00, 0x9C, 0x81, 0x81, 0x00,
		0xA2, 0x81, 0x81, 0x00, 0xA9, 0x81, 0x81, 0x00, 0xB0, 0x81, 0x81, 0x00, 0xB8, 0x81, 0x81, 0x00,
		0xBF, 0x81, 0x81, 0x00, 0xC6, 0x81, 0x81, 0x00, 0xCD, 0x81, 0x81, 0x00, 0xD4, 0x81, 0x81, 0x00,
		0xDB, 0x81, 0x81, 0x00, 0xE2, 0x81, 0x81, 0x00, 0xE8, 0x81, 0x81, 0x00, 0x10, 0x80, 0x80, 0x00,
		0x16, 0x80, 0x80, 0x00, 0x1D, 0x80, 0x80, 0x00, 0x24, 0x80, 0x80, 0x00, 0x2B, 0x80, 0x80, 0x00,
		0x32, 0x80, 0x80, 0x00, 0x39, 0x80, 0x80, 0x00, 0x40, 0x80, 0x80, 0x00, 0x48, 0x80, 0x80, 0x00,
		0x4F, 0x80, 0x80, 0x00, 0x55, 0x80, 0x80, 0x00, 0x5C, 0x80, 0x80, 0x00, 0x63, 0x80, 0x80, 0x00,
		0x6A, 0x80, 0x80, 0x00, 0x71, 0x80, 0x80, 0x00, 0x78, 0x80, 0x80, 0x00, 0x80, 0x80, 0x80, 0x00,
		0x87, 0x80, 0x80, 0x00, 0x8E, 0x80, 0x80, 0x00, 0x94, 0x80, 0x80, 0x00, 0x9C, 0x81, 0x81, 0x00,
		0xA2, 0x81, 0x81, 0x00, 0xA9, 0x81, 0x81, 0x00, 0xB0, 0x81, 0x81, 0x00, 0xB8, 0x81, 0x81, 0x00,
		0xBF, 0x81, 0x81, 0x00, 0xC6, 0x81, 0x81, 0x00, 0xCD, 0x81, 0x81, 0x00, 0xD4, 0x81, 0x81, 0x00,
		0xDB, 0x81, 0x81, 0x00, 0xE2, 0x81, 0x81, 0x00, 0xE8, 0x81, 0x81, 0x00, 0x10, 0x80, 0x80, 0x00,
		0x16, 0x80, 0x80, 0x00, 0x1D, 0x80, 0x80, 0x00, 0x24, 0x80, 0x80, 0x00, 0x2B, 0x80, 0x80, 0x00,
		0x32, 0x80, 0x80, 0x00, 0x39, 0x80, 0x80, 0x00, 0x40, 0x80, 0x80, 0x00, 0x48, 0x80, 0x80, 0x00,
		0x4F, 0x80, 0x80, 0x00, 0x55, 0x80, 0x80, 0x00, 0x5C, 0x80, 0x80, 0x00, 0x63, 0x80, 0x80, 0x00,
		0x6A, 0x80, 0x80, 0x00, 0x71, 0x80, 0x80, 0x00, 0x78, 0x80, 0x80, 0x00, 0x80, 0x80, 0x80, 0x00,
		0x87, 0x80, 0x80, 0x00, 0x8E, 0x80, 0x80, 0x00, 0x94, 0x80, 0x80, 0x00, 0x9C, 0x81, 0x81, 0x00,
		0xA2, 0x81, 0x81, 0x00, 0xA9, 0x81, 0x81, 0x00, 0xB0, 0x81, 0x81, 0x00, 0xB8, 0x81, 0x81, 0x00,
		0xBF, 0x81, 0x81, 0x00, 0xC6, 0x81, 0x81, 0x00, 0xCD, 0x81, 0x81, 0x00, 0xD4, 0x81, 0x81, 0x00,
		0xDB, 0x81, 0x81, 0x00, 0xE2, 0x81, 0x81, 0x00, 0xE8, 0x81, 0x81, 0x00, 0x10, 0x80, 0x80, 0x00,
		0x16, 0x80, 0x80, 0x00, 0x1D, 0x80, 0x80, 0x00, 0x24, 0x80, 0x80, 0x00, 0x2B, 0x80, 0x80, 0x00,
		0x32, 0x80, 0x80, 0x00, 0x39, 0x80, 0x80, 0x00, 0x40, 0x80, 0x80, 0x00, 0x48, 0x80, 0x80, 0x00,
		0x4F, 0x80, 0x80, 0x00, 0x55, 0x80, 0x80, 0x00, 0x5C, 0x80, 0x80, 0x00, 0x63, 0x80, 0x80, 0x00,
		0x6A, 0x80, 0x80, 0x00, 0x71, 0x80, 0x80, 0x00, 0x78, 0x80, 0x80, 0x00, 0x80, 0x80, 0x80, 0x00,
		0x87, 0x80, 0x80, 0x00, 0x8E, 0x80, 0x80, 0x00, 0x94, 0x80, 0x80, 0x00, 0x9C, 0x81, 0x81, 0x00,
		0xA2, 0x81, 0x81, 0x00, 0xA9, 0x81, 0x81, 0x00, 0xB0, 0x81, 0x81, 0x00, 0xB8, 0x81, 0x81, 0x00,
		0xBF, 0x81, 0x81, 0x00, 0xC6, 0x81, 0x81, 0x00, 0xCD, 0x81, 0x81, 0x00, 0xD4, 0x81, 0x81, 0x00,
		0xDB, 0x81, 0x81, 0x00, 0xE2, 0x81, 0x81, 0x00, 0xE8, 0x81, 0x81, 0x00, 0x10, 0x80, 0x80, 0x00,
		0x16, 0x80, 0x80, 0x00, 0x1D, 0x80, 0x80, 0x00, 0x24, 0x80, 0x80, 0x00, 0x2B, 0x80, 0x80, 0x00,
		0x32, 0x80, 0x80, 0x00, 0x39, 0x80, 0x80, 0x00, 0x40, 0x80, 0x80, 0x00, 0x48, 0x80, 0x80, 0x00,
		0x4F, 0x80, 0x80, 0x00, 0x55, 0x80, 0x80, 0x00, 0x5C, 0x80, 0x80, 0x00, 0x63, 0x80, 0x80, 0x00,
		0x6A, 0x80, 0x80, 0x00, 0x71, 0x80, 0x80, 0x00, 0x78, 0x80, 0x80, 0x00, 0x80, 0x80, 0x80, 0x00,
		0x87, 0x80, 0x80, 0x00, 0x8E, 0x80, 0x80, 0x00, 0x94, 0x80, 0x80, 0x00, 0x9C, 0x81, 0x81, 0x00,
		0xA2, 0x81, 0x81, 0x00, 0xA9, 0x81, 0x81, 0x00, 0xB0, 0x81, 0x81, 0x00, 0xB8, 0x81, 0x81, 0x00,
		0xBF, 0x81, 0x81, 0x00, 0xC6, 0x81, 0x81, 0x00, 0xCD, 0x81, 0x81, 0x00, 0xD4, 0x81, 0x81, 0x00,
		0xDB, 0x81, 0x81, 0x00, 0xE2, 0x81, 0x81, 0x00, 0xE8, 0x81, 0x81, 0x00, 0x10, 0x80, 0x80, 0x00,
		0x16, 0x80, 0x80, 0x00, 0x1D, 0x80, 0x80, 0x00, 0x24, 0x80, 0x80, 0x00, 0x2B, 0x80, 0x80, 0x00,
		0x32, 0x80, 0x80, 0x00, 0x39, 0x80, 0x80, 0x00, 0x40, 0x80, 0x80, 0x00, 0x48, 0x80, 0x80, 0x00,
		0x4F, 0x80, 0x80, 0x00, 0x55, 0x80, 0x80, 0x00, 0x5C, 0x80, 0x80, 0x00, 0x63, 0x80, 0x80, 0x00,
		0x6A, 0x80, 0x80, 0x00, 0x71, 0x80, 0x80, 0x00, 0x78, 0x80, 0x80, 0x00, 0x80, 0x80, 0x80, 0x00,
		0x87, 0x80, 0x80, 0x00, 0x8E, 0x80, 0x80, 0x00, 0x94, 0x80, 0x80, 0x00, 0x9C, 0x81, 0x81, 0x00,
		0xA2, 0x81, 0x81, 0x00, 0xA9, 0x81, 0x81, 0x00, 0xB0, 0x81, 0x81, 0x00, 0xB8, 0x81, 0x81, 0x00,
		0xBF, 0x81, 0x81, 0x00, 0xC6, 0x81, 0x81, 0x00, 0xCD, 0x81, 0x81, 0x00, 0xD4, 0x81, 0x81, 0x00,
		0xDB, 0x81, 0x81, 0x00, 0xE2, 0x81, 0x81, 0x00, 0xE8, 0x81, 0x81, 0x00, 0x10, 0x80, 0x80, 0x00,
		0x16, 0x80, 0x80, 0x00, 0x1D, 0x80, 0x80, 0x00, 0x24, 0x80, 0x80, 0x00, 0x2B, 0x80, 0x80, 0x00,
		0x32, 0x80, 0x80, 0x00, 0x39, 0x80, 0x80, 0x00, 0x40, 0x80, 0x80, 0x00, 0x48, 0x80, 0x80, 0x00,
		0x4F, 0x80, 0x80, 0x00, 0x55, 0x80, 0x80, 0x00, 0x5C, 0x80, 0x80, 0x00, 0x63, 0x80, 0x80, 0x00,
		0x6A, 0x80, 0x80, 0x00, 0x71, 0x80, 0x80, 0x00, 0x78, 0x80, 0x80, 0x00, 0x80, 0x80, 0x80, 0x00,
		0x87, 0x80, 0x80, 0x00, 0x8E, 0x80, 0x80, 0x00, 0x94, 0x80, 0x80, 0x00, 0x9C, 0x81, 0x81, 0x00,
		0xA2, 0x81, 0x81, 0x00, 0xA9, 0x81, 0x81, 0x00, 0xB0, 0x81, 0x81, 0x00, 0xB8, 0x81, 0x81, 0x00,
		0xBF, 0x81, 0x81, 0x00, 0xC6, 0x81, 0x81, 0x00, 0xCD, 0x81, 0x81, 0x00, 0xD4, 0x81, 0x81, 0x00,
		0xDB, 0x81, 0x81, 0x00, 0xE2, 0x81, 0x81, 0x00, 0xE8, 0x81, 0x81, 0x00, 0x10, 0x80, 0x80, 0x00,
		0x16, 0x80, 0x80, 0x00, 0x1D, 0x80, 0x80, 0x00, 0x24, 0x80, 0x80, 0x00, 0x2B, 0x80, 0x80, 0x00,
		0x32, 0x80, 0x80, 0x00, 0x39, 0x80, 0x80, 0x00, 0x40, 0x80, 0x80, 0x00, 0x48, 0x80, 0x80, 0x00,
		0x4F, 0x80, 0x80, 0x00, 0x55, 0x80, 0x80, 0x00, 0x5C, 0x80, 0x80, 0x00, 0x63, 0x80, 0x80, 0x00,
		0x6A, 0x80, 0x80, 0x00, 0x71, 0x80, 0x80, 0x00, 0x78, 0x80, 0x80, 0x00, 0x80, 0x80, 0x80, 0x00,
		0x87, 0x80, 0x80, 0x00, 0x8E, 0x80, 0x80, 0x00, 0x94, 0x80, 0x80, 0x00, 0x9C, 0x81, 0x81, 0x00,
		0xA2, 0x81, 0x81, 0x00, 0xA9, 0x81, 0x81, 0x00, 0xB0, 0x81, 0x81, 0x00, 0xB8, 0x81, 0x81, 0x00,
		0xBF, 0x81, 0x81, 0x00, 0xC6, 0x81, 0x81, 0x00, 0xCD, 0x81, 0x81, 0x00, 0xD4, 0x81, 0x81, 0x00,
		0xDB, 0x81, 0x81, 0x00, 0xE2, 0x81, 0x81, 0x00, 0xE8, 0x81, 0x81, 0x00, 0x10, 0x80, 0x80, 0x00,
		0x16, 0x80, 0x80, 0x00, 0x1D, 0x80, 0x80, 0x00, 0x24, 0x80, 0x80, 0x00, 0x2B, 0x80, 0x80, 0x00,
		0x32, 0x80, 0x80, 0x00, 0x39, 0x80, 0x80, 0x00, 0x40, 0x80, 0x80, 0x00, 0x48, 0x80, 0x80, 0x00,
		0x4F, 0x80, 0x80, 0x00, 0x55, 0x80, 0x80, 0x00, 0x5C, 0x80, 0x80, 0x00, 0x63, 0x80, 0x80, 0x00,
		0x6A, 0x80, 0x80, 0x00, 0x71, 0x80, 0x80, 0x00, 0x78, 0x80, 0x80, 0x00, 0x80, 0x80, 0x80, 0x00,
		0x87, 0x80, 0x80, 0x00, 0x8E, 0x80, 0x80, 0x00, 0x94, 0x80, 0x80, 0x00, 0x9C, 0x81, 0x81, 0x00,
		0xA2, 0x81, 0x81, 0x00, 0xA9, 0x81, 0x81, 0x00, 0xB0, 0x81, 0x81, 0x00, 0xB8, 0x81, 0x81, 0x00,
		0xBF, 0x81, 0x81, 0x00, 0xC6, 0x81, 0x81, 0x00, 0xCD, 0x81, 0x81, 0x00, 0xD4, 0x81, 0x81, 0x00,
		0xDB, 0x81, 0x81, 0x00, 0xE2, 0x81, 0x81, 0x00, 0xE8, 0x81, 0x81, 0x00, 0x10, 0x80, 0x80, 0x00,
		0x16, 0x80, 0x80, 0x00, 0x1D, 0x80, 0x80, 0x00, 0x24, 0x80, 0x80, 0x00, 0x2B, 0x80, 0x80, 0x00,
		0x32, 0x80, 0x80, 0x00, 0x39, 0x80, 0x80, 0x00, 0x40, 0x80, 0x80, 0x00, 0x48, 0x80, 0x80, 0x00,
		0x4F, 0x80, 0x80, 0x00, 0x55, 0x80, 0x80, 0x00, 0x5C, 0x80, 0x80, 0x00, 0x63, 0x80, 0x80, 0x00,
		0x6A, 0x80, 0x80, 0x00, 0x71, 0x80, 0x80, 0x00, 0x78, 0x80, 0x80, 0x00, 0x80, 0x80, 0x80, 0x00,
		0x87, 0x80, 0x80, 0x00, 0x8E, 0x80, 0x80, 0x00, 0x94, 0x80, 0x80, 0x00, 0x9C, 0x81, 0x81, 0x00,
		0xA2, 0x81, 0x81, 0x00, 0xA9, 0x81, 0x81, 0x00, 0xB0, 0x81, 0x81, 0x00, 0xB8, 0x81, 0x81, 0x00,
		0xBF, 0x81, 0x81, 0x00, 0xC6, 0x81, 0x81, 0x00, 0xCD, 0x81, 0x81, 0x00, 0xD4, 0x81, 0x81, 0x00,
		0xDB, 0x81, 0x81, 0x00, 0xE2, 0x81, 0x81, 0x00, 0xE8, 0x81, 0x81, 0x00, 0x10, 0x80, 0x80, 0x00,
		0x16, 0x80, 0x80, 0x00, 0x1D, 0x80, 0x80, 0x00, 0x24, 0x80, 0x80, 0x00, 0x2B, 0x80, 0x80, 0x00,
		0x32, 0x80, 0x80, 0x00, 0x39, 0x80, 0x80, 0x00, 0x40, 0x80, 0x80, 0x00, 0x48, 0x80, 0x80, 0x00,
		0x4F, 0x80, 0x80, 0x00, 0x55, 0x80, 0x80, 0x00, 0x5C, 0x80, 0x80, 0x00, 0x63, 0x80, 0x80, 0x00,
		0x6A, 0x80, 0x80, 0x00, 0x71, 0x80, 0x80, 0x00, 0x78, 0x80, 0x80, 0x00, 0x80, 0x80, 0x80, 0x00,
		0x87, 0x80, 0x80, 0x00, 0x8E, 0x80, 0x80, 0x00, 0x94, 0x80, 0x80, 0x00, 0x9C, 0x81, 0x81, 0x00,
		0xA2, 0x81, 0x81, 0x00, 0xA9, 0x81, 0x81, 0x00, 0xB0, 0x81, 0x81, 0x00, 0xB8, 0x81, 0x81, 0x00,
		0xBF, 0x81, 0x81, 0x00, 0xC6, 0x81, 0x81, 0x00, 0xCD, 0x81, 0x81, 0x00, 0xD4, 0x81, 0x81, 0x00,
		0xDB, 0x81, 0x81, 0x00, 0xE2, 0x81, 0x81, 0x00, 0xE8, 0x81, 0x81, 0x00, 0x10, 0x80, 0x80, 0x00,
		0x16, 0x80, 0x80, 0x00, 0x1D, 0x80, 0x80, 0x00, 0x24, 0x80, 0x80, 0x00, 0x2B, 0x80, 0x80, 0x00,
		0x32, 0x80, 0x80, 0x00, 0x39, 0x80, 0x80, 0x00, 0x40, 0x80, 0x80, 0x00, 0x48, 0x80, 0x80, 0x00,
		0x4F, 0x80, 0x80, 0x00, 0x55, 0x80, 0x80, 0x00, 0x5C, 0x80, 0x80, 0x00, 0x63, 0x80, 0x80, 0x00,
		0x6A, 0x80, 0x80, 0x00, 0x71, 0x80, 0x80, 0x00, 0x78, 0x80, 0x80, 0x00, 0x80, 0x80, 0x80, 0x00,
		0x87, 0x80, 0x80, 0x00, 0x8E, 0x80, 0x80, 0x00, 0x94, 0x80, 0x80, 0x00, 0x9C, 0x81, 0x81, 0x00,
		0xA2, 0x81, 0x81, 0x00, 0xA9, 0x81, 0x81, 0x00, 0xB0, 0x81, 0x81, 0x00, 0xB8, 0x81, 0x81, 0x00,
		0xBF, 0x81, 0x81, 0x00, 0xC6, 0x81, 0x81, 0x00, 0xCD, 0x81, 0x81, 0x00, 0xD4, 0x81, 0x81, 0x00,
		0xDB, 0x81, 0x81, 0x00, 0xE2, 0x81, 0x81, 0x00, 0xE8, 0x81, 0x81, 0x00, 0x10, 0x80, 0x80, 0x00,
		0x16, 0x80, 0x80, 0x00, 0x1D, 0x80, 0x80, 0x00, 0x24, 0x80, 0x80, 0x00, 0x2B, 0x80, 0x80, 0x00,
		0x32, 0x80, 0x80, 0x00, 0x39, 0x80, 0x80, 0x00, 0x40, 0x80, 0x80, 0x00, 0x48, 0x80, 0x80, 0x00,
		0x4F, 0x80, 0x80, 0x00, 0x55, 0x80, 0x80, 0x00, 0x5C, 0x80, 0x80, 0x00, 0x63, 0x80, 0x80, 0x00,
		0x6A, 0x80, 0x80, 0x00, 0x71, 0x80, 0x80, 0x00, 0x78, 0x80, 0x80, 0x00, 0x80, 0x80, 0x80, 0x00,
		0x87, 0x80, 0x80, 0x00, 0x8E, 0x80, 0x80, 0x00, 0x94, 0x80, 0x80, 0x00, 0x9C, 0x81, 0x81, 0x00,
		0xA2, 0x81, 0x81, 0x00, 0xA9, 0x81, 0x81, 0x00, 0xB0, 0x81, 0x81, 0x00, 0xB8, 0x81, 0x81, 0x00,
		0xBF, 0x81, 0x81, 0x00, 0xC6, 0x81, 0x81, 0x00, 0xCD, 0x81, 0x81, 0x00, 0xD4, 0x81, 0x81, 0x00,
		0xDB, 0x81, 0x81, 0x00, 0xE2, 0x81, 0x81, 0x00, 0xE8, 0x81, 0x81, 0x00, 0x10, 0x80, 0x80, 0x00,
		0x16, 0x80, 0x80, 0x00, 0x1D, 0x80, 0x80, 0x00, 0x24, 0x80, 0x80, 0x00, 0x2B, 0x80, 0x80, 0x00,
		0x32, 0x80, 0x80, 0x00, 0x39, 0x80, 0x80, 0x00, 0x40, 0x80, 0x80, 0x00, 0x48, 0x80, 0x80, 0x00,
		0x4F, 0x80, 0x80, 0x00, 0x55, 0x80, 0x80, 0x00, 0x5C, 0x80, 0x80, 0x00, 0x63, 0x80, 0x80, 0x00,
		0x6A, 0x80, 0x80, 0x00, 0x71, 0x80, 0x80, 0x00, 0x78, 0x80, 0x80, 0x00, 0x80, 0x80, 0x80, 0x00,
		0x87, 0x80, 0x80, 0x00, 0x8E, 0x80, 0x80, 0x00, 0x94, 0x80, 0x80, 0x00, 0x9C, 0x81, 0x81, 0x00,
		0xA2, 0x81, 0x81, 0x00, 0xA9, 0x81, 0x81, 0x00, 0xB0, 0x81, 0x81, 0x00, 0xB8, 0x81, 0x81, 0x00,
		0xBF, 0x81, 0x81, 0x00, 0xC6, 0x81, 0x81, 0x00, 0xCD, 0x81, 0x81, 0x00, 0xD4, 0x81, 0x81, 0x00,
		0xDB, 0x81, 0x81, 0x00, 0xE2, 0x81, 0x81, 0x00, 0xE8, 0x81, 0x81, 0x00, 0x10, 0x80, 0x80, 0x00,
		0x16, 0x80, 0x80, 0x00, 0x1D, 0x80, 0x80, 0x00, 0x24, 0x80, 0x80, 0x00, 0x2B, 0x80, 0x80, 0x00,
		0x32, 0x80, 0x80, 0x00, 0x39, 0x80, 0x80, 0x00, 0x40, 0x80, 0x80, 0x00, 0x48, 0x80, 0x80, 0x00,
		0x4F, 0x80, 0x80, 0x00, 0x55, 0x80, 0x80, 0x00, 0x5C, 0x80, 0x80, 0x00, 0x63, 0x80, 0x80, 0x00,
		0x6A, 0x80, 0x80, 0x00, 0x71, 0x80, 0x80, 0x00, 0x78, 0x80, 0x80, 0x00, 0x80, 0x80, 0x80, 0x00,
		0x87, 0x80, 0x80, 0x00, 0x8E, 0x80, 0x80, 0x00, 0x94, 0x80, 0x80, 0x00, 0x9C, 0x81, 0x81, 0x00,
		0xA2, 0x81, 0x81, 0x00, 0xA9, 0x81, 0x81, 0x00, 0xB0, 0x81, 0x81, 0x00, 0xB8, 0x81, 0x81, 0x00,
		0xBF, 0x81, 0x81, 0x00, 0xC6, 0x81, 0x81, 0x00, 0xCD, 0x81, 0x81, 0x00, 0xD4, 0x81, 0x81, 0x00,
		0xDB, 0x81, 0x81, 0x00, 0xE2, 0x81, 0x81, 0x00, 0xE8, 0x81, 0x81, 0x00, 0x10, 0x80, 0x80, 0x00,
		0x16, 0x80, 0x80, 0x00, 0x1D, 0x80, 0x80, 0x00, 0x24, 0x80, 0x80, 0x00, 0x2B, 0x80, 0x80, 0x00,
		0x32, 0x80, 0x80, 0x00, 0x39, 0x80, 0x80, 0x00, 0x40, 0x80, 0x80, 0x00, 0x48, 0x80, 0x80, 0x00,
		0x4F, 0x80, 0x80, 0x00, 0x55, 0x80, 0x80, 0x00, 0x5C, 0x80, 0x80, 0x00, 0x63, 0x80, 0x80, 0x00,
		0x6A, 0x80, 0x80, 0x00, 0x71, 0x80, 0x80, 0x00, 0x78, 0x80, 0x80, 0x00, 0x80, 0x80, 0x80, 0x00,
		0x87, 0x80, 0x80, 0x00, 0x8E, 0x80, 0x80, 0x00, 0x94, 0x80, 0x80, 0x00, 0x9C, 0x81, 0x81, 0x00,
		0xA2, 0x81, 0x81, 0x00, 0xA9, 0x81, 0x81, 0x00, 0xB0, 0x81, 0x81, 0x00, 0xB8, 0x81, 0x81, 0x00,
		0xBF, 0x81, 0x81, 0x00, 0xC6, 0x81, 0x81, 0x00, 0xCD, 0x81, 0x81, 0x00, 0xD4, 0x81, 0x81, 0x00,
		0xDB, 0x81, 0x81, 0x00, 0xE2, 0x81, 0x81, 0x00, 0xE8, 0x81, 0x81, 0x00, 0x10, 0x80, 0x80, 0x00,
		0x16, 0x80, 0x80, 0x00, 0x1D, 0x80, 0x80, 0x00, 0x24, 0x80, 0x80, 0x00, 0x2B, 0x80, 0x80, 0x00,
		0x32, 0x80, 0x80, 0x00, 0x39, 0x80, 0x80, 0x00, 0x40, 0x80, 0x80, 0x00, 0x48, 0x80, 0x80, 0x00,
		0x4F, 0x80, 0x80, 0x00, 0x55, 0x80, 0x80, 0x00, 0x5C, 0x80, 0x80, 0x00, 0x63, 0x80, 0x80, 0x00,
		0x6A, 0x80, 0x80, 0x00, 0x71, 0x80, 0x80, 0x00, 0x78, 0x80, 0x80, 0x00, 0x80, 0x80, 0x80, 0x00,
		0x87, 0x80, 0x80, 0x00, 0x8E, 0x80, 0x80, 0x00, 0x94, 0x80, 0x80, 0x00, 0x9C, 0x81, 0x81, 0x00,
		0xA2, 0x81, 0x81, 0x00, 0xA9, 0x81, 0x81, 0x00, 0xB0, 0x81, 0x81, 0x00, 0xB8, 0x81, 0x81, 0x00,
		0xBF, 0x81, 0x81, 0x00, 0xC6, 0x81, 0x81, 0x00, 0xCD, 0x81, 0x81, 0x00, 0xD4, 0x81, 0x81, 0x00,
		0xDB, 0x81, 0x81, 0x00, 0xE2, 0x81, 0x81, 0x00, 0xE8, 0x81, 0x81, 0x00, 0x10, 0x80, 0x80, 0x00,
		0x16, 0x80, 0x80, 0x00, 0x1D, 0x80, 0x80, 0x00, 0x24, 0x80, 0x80, 0x00, 0x2B, 0x80, 0x80, 0x00,
		0x32, 0x80, 0x80, 0x00, 0x39, 0x80, 0x80, 0x00, 0x40, 0x80, 0x80, 0x00, 0x48, 0x80, 0x80, 0x00,
		0x4F, 0x80, 0x80, 0x00, 0x55, 0x80, 0x80, 0x00, 0x5C, 0x80, 0x80, 0x00, 0x63, 0x80, 0x80, 0x00,
		0x6A, 0x80, 0x80, 0x00, 0x71, 0x80, 0x80, 0x00, 0x78, 0x80, 0x80, 0x00, 0x80, 0x80, 0x80, 0x00,
		0x87, 0x80, 0x80, 0x00, 0x8E, 0x80, 0x80, 0x00, 0x94, 0x80, 0x80, 0x00, 0x9C, 0x81, 0x81, 0x00,
		0xA2, 0x81, 0x81, 0x00, 0xA9, 0x81, 0x81, 0x00, 0xB0, 0x81, 0x81, 0x00, 0xB8, 0x81, 0x81, 0x00,
		0xBF, 0x81, 0x81, 0x00, 0xC6, 0x81, 0x81, 0x00, 0xCD, 0x81, 0x81, 0x00, 0xD4, 0x81, 0x81, 0x00,
		0xDB, 0x81, 0x81, 0x00, 0xE2, 0x81, 0x81, 0x00, 0xE8, 0x81, 0x81, 0x00, 0x10, 0x80, 0x80, 0x00,
		0x16, 0x80, 0x80, 0x00, 0x1D, 0x80, 0x80, 0x00, 0x24, 0x80, 0x80, 0x00, 0x2B, 0x80, 0x80, 0x00,
		0x32, 0x80, 0x80, 0x00, 0x39, 0x80, 0x80, 0x00, 0x40, 0x80, 0x80, 0x00, 0x48, 0x80, 0x80, 0x00,
		0x4F, 0x80, 0x80, 0x00, 0x55, 0x80, 0x80, 0x00, 0x5C, 0x80, 0x80, 0x00, 0x63, 0x80, 0x80, 0x00,
		0x6A, 0x80, 0x80, 0x00, 0x71, 0x80, 0x80, 0x00, 0x78, 0x80, 0x80, 0x00, 0x80, 0x80, 0x80, 0x00,
		0x87, 0x80, 0x80, 0x00, 0x8E, 0x80, 0x80, 0x00, 0x94, 0x80, 0x80, 0x00, 0x9C, 0x81, 0x81, 0x00,
		0xA2, 0x81, 0x81, 0x00, 0xA9, 0x81, 0x81, 0x00, 0xB0, 0x81, 0x81, 0x00, 0xB8, 0x81, 0x81, 0x00,
		0xBF, 0x81, 0x81, 0x00, 0xC6, 0x81, 0x81, 0x00, 0xCD, 0x81, 0x81, 0x00, 0xD4, 0x81, 0x81, 0x00,
		0xDB, 0x81, 0x81, 0x00, 0xE2, 0x81, 0x81, 0x00, 0xE8, 0x81, 0x81, 0x00, 0x10, 0x80, 0x80, 0x00,
		0xD1, 0x10, 0x92, 0x00, 0xD1, 0x10, 0x92, 0x00, 0xD1, 0x10, 0x92, 0x00, 0xD1, 0x10, 0x92, 0x00,
		0xD1, 0x10, 0x92, 0x00, 0xD1, 0x10, 0x92, 0x00, 0xD1, 0x10, 0x92, 0x00, 0xD1, 0x10, 0x92, 0x00,
		0xD1, 0x10, 0x92, 0x00, 0xD1, 0x10, 0x92, 0x00, 0xD1, 0x10, 0x92, 0x00, 0xD1, 0x10, 0x92, 0x00,
		0xD1, 0x10, 0x92, 0x00, 0xD1, 0x10, 0x92, 0x00, 0xD1, 0x10, 0x92, 0x00, 0xD1, 0x10, 0x92, 0x00,
		0xD1, 0x10, 0x92, 0x00, 0xD1, 0x10, 0x92, 0x00, 0xD1, 0x10, 0x92, 0x00, 0xD1, 0x10, 0x92, 0x00,
		0xD1, 0x10, 0x92, 0x00, 0xD1, 0x10, 0x92, 0x00, 0xD1, 0x10, 0x92, 0x00, 0xD1, 0x10, 0x92, 0x00,
		0xD1, 0x10, 0x92, 0x00, 0xD1, 0x10, 0x92, 0x00, 0xD1, 0x10, 0x92, 0x00, 0xD1, 0x10, 0x92, 0x00,
		0xD1, 0x10, 0x92, 0x00, 0xD1, 0x10, 0x92, 0x00, 0xD1, 0x10, 0x92, 0x00, 0xD1, 0x10, 0x92, 0x00,
		0xD1, 0x10, 0x92, 0x00, 0xD1, 0x10, 0x92, 0x00, 0xD1, 0x10, 0x92, 0x00, 0xD1, 0x10, 0x92, 0x00,
		0xD1, 0x10, 0x92, 0x00, 0xD1, 0x10, 0x92, 0x00, 0xD1, 0x10, 0x92, 0x00, 0xD1, 0x10, 0x92, 0x00,
		0xD1, 0x10, 0x92, 0x00, 0xD1, 0x10, 0x92, 0x00, 0xD1, 0x10, 0x92, 0x00, 0xD1, 0x10, 0x92, 0x00,
		0xD1, 0x10, 0x92, 0x00, 0xD1, 0x10, 0x92, 0x00, 0xD1, 0x10, 0x92, 0x00, 0xD1, 0x10, 0x92, 0x00,
		0xD1, 0x10, 0x92, 0x00, 0xD1, 0x10, 0x92, 0x00, 0xD1, 0x10, 0x92, 0x00, 0xD1, 0x10, 0x92, 0x00,
		0xD1, 0x10, 0x92, 0x00, 0xD1, 0x10, 0x92, 0x00, 0xD1, 0x10, 0x92, 0x00, 0xD1, 0x10, 0x92, 0x00,
		0xD1, 0x10, 0x92, 0x00, 0xD1, 0x10, 0x92, 0x00, 0xD1, 0x10, 0x92, 0x00, 0xD1, 0x10, 0x92, 0x00,
		0xD1, 0x10, 0x92, 0x00, 0xD1, 0x10, 0x92, 0x00, 0xD1, 0x10, 0x92, 0x00, 0xD1, 0x10, 0x92, 0x00,
		0xD1, 0x10, 0x92, 0x00, 0xD1, 0x10, 0x92, 0x00, 0xD1, 0x10, 0x92, 0x00, 0xD1, 0x10, 0x92, 0x00,
		0xD1, 0x10, 0x92, 0x00, 0xD1, 0x10, 0x92, 0x00, 0xD1, 0x10, 0x92, 0x00, 0xD1, 0x10, 0x92, 0x00,
		0xD1, 0x10, 0x92, 0x00, 0xD1, 0x10, 0x92, 0x00, 0xD1, 0x10, 0x92, 0x00, 0xD1, 0x10, 0x92, 0x00,
		0xD1, 0x10, 0x92, 0x00, 0xD1, 0x10, 0x92, 0x00, 0xD1, 0x10, 0x92, 0x00, 0xD1, 0x10, 0x92, 0x00,
		0xD1, 0x10, 0x92, 0x00, 0xD1, 0x10, 0x92, 0x00, 0xD1, 0x10, 0x92, 0x00, 0xD1, 0x10, 0x92, 0x00,
		0xD1, 0x10, 0x92, 0x00, 0xD1, 0x10, 0x92, 0x00, 0xD1, 0x10, 0x92, 0x00, 0xD1, 0x10, 0x92, 0x00,
		0xD1, 0x10, 0x92, 0x00, 0xD1, 0x10, 0x92, 0x00, 0xD1, 0x10, 0x92, 0x00, 0xD1, 0x10, 0x92, 0x00,
		0xD1, 0x10, 0x92, 0x00, 0xD1, 0x10, 0x92, 0x00, 0xD1, 0x10, 0x92, 0x00, 0xD1, 0x10, 0x92, 0x00,
		0xD1, 0x10, 0x92, 0x00, 0xD1, 0x10, 0x92, 0x00, 0xD1, 0x10, 0x92, 0x00, 0xD1, 0x10, 0x92, 0x00,
		0xD1, 0x10, 0x92, 0x00, 0xD1, 0x10, 0x92, 0x00, 0xD1, 0x10, 0x92, 0x00, 0xD1, 0x10, 0x92, 0x00,
		0xD1, 0x10, 0x92, 0x00, 0xD1, 0x10, 0x92, 0x00, 0xD1, 0x10, 0x92, 0x00, 0xD1, 0x10, 0x92, 0x00,
		0xD1, 0x10, 0x92, 0x00, 0xD1, 0x10, 0x92, 0x00, 0xD1, 0x10, 0x92, 0x00, 0xD1, 0x10, 0x92, 0x00,
		0xD1, 0x10, 0x92, 0x00, 0xD1, 0x10, 0x92, 0x00, 0xD1, 0x10, 0x92, 0x00, 0xD1, 0x10, 0x92, 0x00,
		0xD1, 0x10, 0x92, 0x00, 0xD1, 0x10, 0x92, 0x00, 0xD1, 0x10, 0x92, 0x00, 0xD1, 0x10, 0x92, 0x00,
		0xD1, 0x10, 0x92, 0x00, 0xD1, 0x10, 0x92, 0x00, 0xD1, 0x10, 0x92, 0x00, 0xD1, 0x10, 0x92, 0x00,
		0xD1, 0x10, 0x92, 0x00, 0xD1, 0x10, 0x92, 0x00, 0xD1, 0x10, 0x92, 0x00, 0xD1, 0x10, 0x92, 0x00,
		0xD1, 0x10, 0x92, 0x00, 0xD1, 0x10, 0x92, 0x00, 0xD1, 0x10, 0x92, 0x00, 0xD1, 0x10, 0x92, 0x00,
		0xD1, 0x10, 0x92, 0x00, 0xD1, 0x10, 0x92, 0x00, 0xD1, 0x10, 0x92, 0x00, 0xD1, 0x10, 0x92, 0x00,
		0xD1, 0x10, 0x92, 0x00, 0xD1, 0x10, 0x92, 0x00, 0xD1, 0x10, 0x92, 0x00, 0xD1, 0x10, 0x92, 0x00,
		0xD1, 0x10, 0x92, 0x00, 0xD1, 0x10, 0x92, 0x00, 0xD1, 0x10, 0x92, 0x00, 0xD1, 0x10, 0x92, 0x00,
		0xD1, 0x10, 0x92, 0x00, 0xD1, 0x10, 0x92, 0x00, 0xD1, 0x10, 0x92, 0x00, 0xD1, 0x10, 0x92, 0x00,
		0xD1, 0x10, 0x92, 0x00, 0xD1, 0x10, 0x92, 0x00, 0xD1, 0x10, 0x92, 0x00, 0xD1, 0x10, 0x92, 0x00,
		0xD1, 0x10, 0x92, 0x00, 0xD1, 0x10, 0x92, 0x00, 0xD1, 0x10, 0x92, 0x00, 0xD1, 0x10, 0x92, 0x00,
		0xD1, 0x10, 0x92, 0x00, 0xD1, 0x10, 0x92, 0x00, 0xD1, 0x10, 0x92, 0x00, 0xD1, 0x10, 0x92, 0x00,
		0xD1, 0x10, 0x92, 0x00, 0xD1, 0x10, 0x92, 0x00, 0xD1, 0x10, 0x92, 0x00, 0xD1, 0x10, 0x92, 0x00,
		0xD1, 0x10, 0x92, 0x00, 0xD1, 0x10, 0x92, 0x00, 0xD1, 0x10, 0x92, 0x00, 0xD1, 0x10, 0x92, 0x00,
		0xD1, 0x10, 0x92, 0x00, 0xD1, 0x10, 0x92, 0x00, 0xD1, 0x10, 0x92, 0x00, 0xD1, 0x10, 0x92, 0x00,
		0xD1, 0x10, 0x92, 0x00, 0xD1, 0x10, 0x92, 0x00, 0xD1, 0x10, 0x92, 0x00, 0xD1, 0x10, 0x92, 0x00,
		0xD1, 0x10, 0x92, 0x00, 0xD1, 0x10, 0x92, 0x00, 0xD1, 0x10, 0x92, 0x00, 0xD1, 0x10, 0x92, 0x00,
		0xD1, 0x10, 0x92, 0x00, 0xD1, 0x10, 0x92, 0x00, 0xD1, 0x10, 0x92, 0x00, 0xD1, 0x10, 0x92, 0x00,
		0xD1, 0x10, 0x92, 0x00, 0xD1, 0x10, 0x92, 0x00, 0xD1, 0x10, 0x92, 0x00, 0xD1, 0x10, 0x92, 0x00,
		0xD1, 0x10, 0x92, 0x00, 0xD1, 0x10, 0x92, 0x00, 0xD1, 0x10, 0x92, 0x00, 0xD1, 0x10, 0x92, 0x00,
		0xD1, 0x10, 0x92, 0x00, 0xD1, 0x10, 0x92, 0x00, 0xD1, 0x10, 0x92, 0x00, 0xD1, 0x10, 0x92, 0x00,
		0xD1, 0x10, 0x92, 0x00, 0xD1, 0x10, 0x92, 0x00, 0xD1, 0x10, 0x92, 0x00, 0xD1, 0x10, 0x92, 0x00,
		0xD1, 0x10, 0x92, 0x00, 0xD1, 0x10, 0x92, 0x00, 0xD1, 0x10, 0x92, 0x00, 0xD1, 0x10, 0x92, 0x00,
		0xD1, 0x10, 0x92, 0x00, 0xD1, 0x10, 0x92, 0x00, 0xD1, 0x10, 0x92, 0x00, 0xD1, 0x10, 0x92, 0x00,
		0xD1, 0x10, 0x92, 0x00, 0xD1, 0x10, 0x92, 0x00, 0xD1, 0x10, 0x92, 0x00, 0xD1, 0x10, 0x92, 0x00,
		0xD1, 0x10, 0x92, 0x00, 0xD1, 0x10, 0x92, 0x00, 0xD1, 0x10, 0x92, 0x00, 0xD1, 0x10, 0x92, 0x00,
		0xD1, 0x10, 0x92, 0x00, 0xD1, 0x10, 0x92, 0x00, 0xD1, 0x10, 0x92, 0x00, 0xD1, 0x10, 0x92, 0x00,
		0xD1, 0x10, 0x92, 0x00, 0xD1, 0x10, 0x92, 0x00, 0xD1, 0x10, 0x92, 0x00, 0xD1, 0x10, 0x92, 0x00,
		0xD1, 0x10, 0x92, 0x00, 0xD1, 0x10, 0x92, 0x00, 0xD1, 0x10, 0x92, 0x00, 0xD1, 0x10, 0x92, 0x00,
		0xD1, 0x10, 0x92, 0x00, 0xD1, 0x10, 0x92, 0x00, 0xD1, 0x10, 0x92, 0x00, 0xD1, 0x10, 0x92, 0x00,
		0xD1, 0x10, 0x92, 0x00, 0xD1, 0x10, 0x92, 0x00, 0xD1, 0x10, 0x92, 0x00, 0xD1, 0x10, 0x92, 0x00,
		0xD1, 0x10, 0x92, 0x00, 0xD1, 0x10, 0x92, 0x00, 0xD1, 0x10, 0x92, 0x00, 0xD1, 0x10, 0x92, 0x00,
		0xD1, 0x10, 0x92, 0x00, 0xD1, 0x10, 0x92, 0x00, 0xD1, 0x10, 0x92, 0x00, 0xD1, 0x10, 0x92, 0x00,
		0xD1, 0x10, 0x92, 0x00, 0xD1, 0x10, 0x92, 0x00, 0xD1, 0x10, 0x92, 0x00, 0xD1, 0x10, 0x92, 0x00,
		0xD1, 0x10, 0x92, 0x00, 0xD1, 0x10, 0x92, 0x00, 0xD1, 0x10, 0x92, 0x00, 0xD1, 0x10, 0x92, 0x00,
		0xD1, 0x10, 0x92, 0x00, 0xD1, 0x10, 0x92, 0x00, 0xD1, 0x10, 0x92, 0x00, 0xD1, 0x10, 0x92, 0x00,

};

const uint8_t buf_rgb888[] = {
		0xEA, 0xEA, 0xEA, 0xEA, 0xEA, 0xEA, 0xEA, 0xEA, 0xEA, 0xEA, 0xEA, 0xEA, 0xEA, 0xEA, 0xEA, 0xEA,
		0xEA, 0xEA, 0xEA, 0xEA, 0xEA, 0xEA, 0xEA, 0xEA, 0xEA, 0xEA, 0xEA, 0xEA, 0xEA, 0xEA, 0xEE, 0x0E,
		0x0F, 0xEE, 0x0E, 0x0F, 0xEE, 0x0E, 0x0F, 0xEE, 0x0E, 0x0F, 0xEE, 0x0E, 0x0F, 0xEE, 0x0E, 0x0F,
		0xEE, 0x0E, 0x0F, 0xEE, 0x0E, 0x0F, 0xEE, 0x0E, 0x0F, 0xEE, 0x0E, 0x0F, 0x0C, 0xEC, 0x0D, 0x0C,
		0xEC, 0x0D, 0x0C, 0xEC, 0x0D, 0x0C, 0xEC, 0x0D, 0x0C, 0xEC, 0x0D, 0x0C, 0xEC, 0x0D, 0x0C, 0xEC,
		0x0D, 0x0C, 0xEC, 0x0D, 0x0C, 0xEC, 0x0D, 0x0C, 0xEC, 0x0D, 0x0D, 0x0F, 0xEA, 0x0D, 0x0F, 0xEA,
		0x0D, 0x0F, 0xEA, 0x0D, 0x0F, 0xEA, 0x0D, 0x0F, 0xEA, 0x0D, 0x0F, 0xEA, 0x0D, 0x0F, 0xEA, 0x0D,
		0x0F, 0xEA, 0x0D, 0x0F, 0xEA, 0x0D, 0x0F, 0xEA, 0xEA, 0xEA, 0xEA, 0xEA, 0xEA, 0xEA, 0xEA, 0xEA,
		0xEA, 0xEA, 0xEA, 0xEA, 0xEA, 0xEA, 0xEA, 0xEA, 0xEA, 0xEA, 0xEA, 0xEA, 0xEA, 0xEA, 0xEA, 0xEA,
		0xEA, 0xEA, 0xEA, 0xEA, 0xEA, 0xEA, 0x10, 0x10, 0x10, 0x10, 0x10, 0x10, 0x10, 0x10, 0x10, 0x10,
		0x10, 0x10, 0x10, 0x10, 0x10, 0x10, 0x10, 0x10, 0x10, 0x10, 0x10, 0x10, 0x10, 0x10, 0x10, 0x10,
		0x10, 0x10, 0x10, 0x10, 0xEA, 0xEA, 0x0E, 0xEA, 0xEA, 0x0E, 0xEA, 0xEA, 0x0E, 0xEA, 0xEA, 0x0E,
		0xEA, 0xEA, 0xEA, 0xEA, 0xEA, 0xEA, 0xEA, 0xEA, 0xEA, 0xEA, 0xEA, 0xEA, 0xEA, 0xEA, 0xEA, 0xEA,
		0xEA, 0xEA, 0xEA, 0xEA, 0xEA, 0xEA, 0xEA, 0xEA, 0xEA, 0xEA, 0xEA, 0xEA, 0xEA, 0xEA, 0xEE, 0x0E,
		0x0F, 0xEE, 0x0E, 0x0F, 0xEE, 0x0E, 0x0F, 0xEE, 0x0E, 0x0F, 0xEE, 0x0E, 0x0F, 0xEE, 0x0E, 0x0F,
		0xEE, 0x0E, 0x0F, 0xEE, 0x0E, 0x0F, 0xEE, 0x0E, 0x0F, 0xEE, 0x0E, 0x0F, 0x0C, 0xEC, 0x0D, 0x0C,
		0xEC, 0x0D, 0x0C, 0xEC, 0x0D, 0x0C, 0xEC, 0x0D, 0x0C, 0xEC, 0x0D, 0x0C, 0xEC, 0x0D, 0x0C, 0xEC,
		0x0D, 0x0C, 0xEC, 0x0D, 0x0C, 0xEC, 0x0D, 0x0C, 0xEC, 0x0D, 0x0D, 0x0F, 0xEA, 0x0D, 0x0F, 0xEA,
		0x0D, 0x0F, 0xEA, 0x0D, 0x0F, 0xEA, 0x0D, 0x0F, 0xEA, 0x0D, 0x0F, 0xEA, 0x0D, 0x0F, 0xEA, 0x0D,
		0x0F, 0xEA, 0x0D, 0x0F, 0xEA, 0x0D, 0x0F, 0xEA, 0xEA, 0xEA, 0xEA, 0xEA, 0xEA, 0xEA, 0xEA, 0xEA,
		0xEA, 0xEA, 0xEA, 0xEA, 0xEA, 0xEA, 0xEA, 0xEA, 0xEA, 0xEA, 0xEA, 0xEA, 0xEA, 0xEA, 0xEA, 0xEA,
		0xEA, 0xEA, 0xEA, 0xEA, 0xEA, 0xEA, 0x10, 0x10, 0x10, 0x10, 0x10, 0x10, 0x10, 0x10, 0x10, 0x10,
		0x10, 0x10, 0x10, 0x10, 0x10, 0x10, 0x10, 0x10, 0x10, 0x10, 0x10, 0x10, 0x10, 0x10, 0x10, 0x10,
		0x10, 0x10, 0x10, 0x10, 0xEA, 0xEA, 0x0E, 0xEA, 0xEA, 0x0E, 0xEA, 0xEA, 0x0E, 0xEA, 0xEA, 0x0E,
		0xEA, 0xEA, 0xEA, 0xEA, 0xEA, 0xEA, 0xEA, 0xEA, 0xEA, 0xEA, 0xEA, 0xEA, 0xEA, 0xEA, 0xEA, 0xEA,
		0xEA, 0xEA, 0xEA, 0xEA, 0xEA, 0xEA, 0xEA, 0xEA, 0xEA, 0xEA, 0xEA, 0xEA, 0xEA, 0xEA, 0xEE, 0x0E,
		0x0F, 0xEE, 0x0E, 0x0F, 0xEE, 0x0E, 0x0F, 0xEE, 0x0E, 0x0F, 0xEE, 0x0E, 0x0F, 0xEE, 0x0E, 0x0F,
		0xEE, 0x0E, 0x0F, 0xEE, 0x0E, 0x0F, 0xEE, 0x0E, 0x0F, 0xEE, 0x0E, 0x0F, 0x0C, 0xEC, 0x0D, 0x0C,
		0xEC, 0x0D, 0x0C, 0xEC, 0x0D, 0x0C, 0xEC, 0x0D, 0x0C, 0xEC, 0x0D, 0x0C, 0xEC, 0x0D, 0x0C, 0xEC,
		0x0D, 0x0C, 0xEC, 0x0D, 0x0C, 0xEC, 0x0D, 0x0C, 0xEC, 0x0D, 0x0D, 0x0F, 0xEA, 0x0D, 0x0F, 0xEA,
		0x0D, 0x0F, 0xEA, 0x0D, 0x0F, 0xEA, 0x0D, 0x0F, 0xEA, 0x0D, 0x0F, 0xEA, 0x0D, 0x0F, 0xEA, 0x0D,
		0x0F, 0xEA, 0x0D, 0x0F, 0xEA, 0x0D, 0x0F, 0xEA, 0xEA, 0xEA, 0xEA, 0xEA, 0xEA, 0xEA, 0xEA, 0xEA,
		0xEA, 0xEA, 0xEA, 0xEA, 0xEA, 0xEA, 0xEA, 0xEA, 0xEA, 0xEA, 0xEA, 0xEA, 0xEA, 0xEA, 0xEA, 0xEA,
		0xEA, 0xEA, 0xEA, 0xEA, 0xEA, 0xEA, 0x10, 0x10, 0x10, 0x10, 0x10, 0x10, 0x10, 0x10, 0x10, 0x10,
		0x10, 0x10, 0x10, 0x10, 0x10, 0x10, 0x10, 0x10, 0x10, 0x10, 0x10, 0x10, 0x10, 0x10, 0x10, 0x10,
		0x10, 0x10, 0x10, 0x10, 0xEA, 0xEA, 0x0E, 0xEA, 0xEA, 0x0E, 0xEA, 0xEA, 0x0E, 0xEA, 0xEA, 0x0E,
		0xEA, 0xEA, 0xEA, 0xEA, 0xEA, 0xEA, 0xEA, 0xEA, 0xEA, 0xEA, 0xEA, 0xEA, 0xEA, 0xEA, 0xEA, 0xEA,
		0xEA, 0xEA, 0xEA, 0xEA, 0xEA, 0xEA, 0xEA, 0xEA, 0xEA, 0xEA, 0xEA, 0xEA, 0xEA, 0xEA, 0xEE, 0x0E,
		0x0F, 0xEE, 0x0E, 0x0F, 0xEE, 0x0E, 0x0F, 0xEE, 0x0E, 0x0F, 0xEE, 0x0E, 0x0F, 0xEE, 0x0E, 0x0F,
		0xEE, 0x0E, 0x0F, 0xEE, 0x0E, 0x0F, 0xEE, 0x0E, 0x0F, 0xEE, 0x0E, 0x0F, 0x0C, 0xEC, 0x0D, 0x0C,
		0xEC, 0x0D, 0x0C, 0xEC, 0x0D, 0x0C, 0xEC, 0x0D, 0x0C, 0xEC, 0x0D, 0x0C, 0xEC, 0x0D, 0x0C, 0xEC,
		0x0D, 0x0C, 0xEC, 0x0D, 0x0C, 0xEC, 0x0D, 0x0C, 0xEC, 0x0D, 0x0D, 0x0F, 0xEA, 0x0D, 0x0F, 0xEA,
		0x0D, 0x0F, 0xEA, 0x0D, 0x0F, 0xEA, 0x0D, 0x0F, 0xEA, 0x0D, 0x0F, 0xEA, 0x0D, 0x0F, 0xEA, 0x0D,
		0x0F, 0xEA, 0x0D, 0x0F, 0xEA, 0x0D, 0x0F, 0xEA, 0xEA, 0xEA, 0xEA, 0xEA, 0xEA, 0xEA, 0xEA, 0xEA,
		0xEA, 0xEA, 0xEA, 0xEA, 0xEA, 0xEA, 0xEA, 0xEA, 0xEA, 0xEA, 0xEA, 0xEA, 0xEA, 0xEA, 0xEA, 0xEA,
		0xEA, 0xEA, 0xEA, 0xEA, 0xEA, 0xEA, 0x10, 0x10, 0x10, 0x10, 0x10, 0x10, 0x10, 0x10, 0x10, 0x10,
		0x10, 0x10, 0x10, 0x10, 0x10, 0x10, 0x10, 0x10, 0x10, 0x10, 0x10, 0x10, 0x10, 0x10, 0x10, 0x10,
		0x10, 0x10, 0x10, 0x10, 0xEA, 0xEA, 0x0E, 0xEA, 0xEA, 0x0E, 0xEA, 0xEA, 0x0E, 0xEA, 0xEA, 0x0E,
		0xEA, 0xEA, 0xEA, 0xEA, 0xEA, 0xEA, 0xEA, 0xEA, 0xEA, 0xEA, 0xEA, 0xEA, 0xEA, 0xEA, 0xEA, 0xEA,
		0xEA, 0xEA, 0xEA, 0xEA, 0xEA, 0xEA, 0xEA, 0xEA, 0xEA, 0xEA, 0xEA, 0xEA, 0xEA, 0xEA, 0xEE, 0x0E,
		0x0F, 0xEE, 0x0E, 0x0F, 0xEE, 0x0E, 0x0F, 0xEE, 0x0E, 0x0F, 0xEE, 0x0E, 0x0F, 0xEE, 0x0E, 0x0F,
		0xEE, 0x0E, 0x0F, 0xEE, 0x0E, 0x0F, 0xEE, 0x0E, 0x0F, 0xEE, 0x0E, 0x0F, 0x0C, 0xEC, 0x0D, 0x0C,
		0xEC, 0x0D, 0x0C, 0xEC, 0x0D, 0x0C, 0xEC, 0x0D, 0x0C, 0xEC, 0x0D, 0x0C, 0xEC, 0x0D, 0x0C, 0xEC,
		0x0D, 0x0C, 0xEC, 0x0D, 0x0C, 0xEC, 0x0D, 0x0C, 0xEC, 0x0D, 0x0D, 0x0F, 0xEA, 0x0D, 0x0F, 0xEA,
		0x0D, 0x0F, 0xEA, 0x0D, 0x0F, 0xEA, 0x0D, 0x0F, 0xEA, 0x0D, 0x0F, 0xEA, 0x0D, 0x0F, 0xEA, 0x0D,
		0x0F, 0xEA, 0x0D, 0x0F, 0xEA, 0x0D, 0x0F, 0xEA, 0xEA, 0xEA, 0xEA, 0xEA, 0xEA, 0xEA, 0xEA, 0xEA,
		0xEA, 0xEA, 0xEA, 0xEA, 0xEA, 0xEA, 0xEA, 0xEA, 0xEA, 0xEA, 0xEA, 0xEA, 0xEA, 0xEA, 0xEA, 0xEA,
		0xEA, 0xEA, 0xEA, 0xEA, 0xEA, 0xEA, 0x10, 0x10, 0x10, 0x10, 0x10, 0x10, 0x10, 0x10, 0x10, 0x10,
		0x10, 0x10, 0x10, 0x10, 0x10, 0x10, 0x10, 0x10, 0x10, 0x10, 0x10, 0x10, 0x10, 0x10, 0x10, 0x10,
		0x10, 0x10, 0x10, 0x10, 0xEA, 0xEA, 0x0E, 0xEA, 0xEA, 0x0E, 0xEA, 0xEA, 0x0E, 0xEA, 0xEA, 0x0E,
		0xEA, 0xEA, 0xEA, 0xEA, 0xEA, 0xEA, 0xEA, 0xEA, 0xEA, 0xEA, 0xEA, 0xEA, 0xEA, 0xEA, 0xEA, 0xEA,
		0xEA, 0xEA, 0xEA, 0xEA, 0xEA, 0xEA, 0xEA, 0xEA, 0xEA, 0xEA, 0xEA, 0xEA, 0xEA, 0xEA, 0xEE, 0x0E,
		0x0F, 0xEE, 0x0E, 0x0F, 0xEE, 0x0E, 0x0F, 0xEE, 0x0E, 0x0F, 0xEE, 0x0E, 0x0F, 0xEE, 0x0E, 0x0F,
		0xEE, 0x0E, 0x0F, 0xEE, 0x0E, 0x0F, 0xEE, 0x0E, 0x0F, 0xEE, 0x0E, 0x0F, 0x0C, 0xEC, 0x0D, 0x0C,
		0xEC, 0x0D, 0x0C, 0xEC, 0x0D, 0x0C, 0xEC, 0x0D, 0x0C, 0xEC, 0x0D, 0x0C, 0xEC, 0x0D, 0x0C, 0xEC,
		0x0D, 0x0C, 0xEC, 0x0D, 0x0C, 0xEC, 0x0D, 0x0C, 0xEC, 0x0D, 0x0D, 0x0F, 0xEA, 0x0D, 0x0F, 0xEA,
		0x0D, 0x0F, 0xEA, 0x0D, 0x0F, 0xEA, 0x0D, 0x0F, 0xEA, 0x0D, 0x0F, 0xEA, 0x0D, 0x0F, 0xEA, 0x0D,
		0x0F, 0xEA, 0x0D, 0x0F, 0xEA, 0x0D, 0x0F, 0xEA, 0xEA, 0xEA, 0xEA, 0xEA, 0xEA, 0xEA, 0xEA, 0xEA,
		0xEA, 0xEA, 0xEA, 0xEA, 0xEA, 0xEA, 0xEA, 0xEA, 0xEA, 0xEA, 0xEA, 0xEA, 0xEA, 0xEA, 0xEA, 0xEA,
		0xEA, 0xEA, 0xEA, 0xEA, 0xEA, 0xEA, 0x10, 0x10, 0x10, 0x10, 0x10, 0x10, 0x10, 0x10, 0x10, 0x10,
		0x10, 0x10, 0x10, 0x10, 0x10, 0x10, 0x10, 0x10, 0x10, 0x10, 0x10, 0x10, 0x10, 0x10, 0x10, 0x10,
		0x10, 0x10, 0x10, 0x10, 0xEA, 0xEA, 0x0E, 0xEA, 0xEA, 0x0E, 0xEA, 0xEA, 0x0E, 0xEA, 0xEA, 0x0E,
		0xEA, 0xEA, 0xEA, 0xEA, 0xEA, 0xEA, 0xEA, 0xEA, 0xEA, 0xEA, 0xEA, 0xEA, 0xEA, 0xEA, 0xEA, 0xEA,
		0xEA, 0xEA, 0xEA, 0xEA, 0xEA, 0xEA, 0xEA, 0xEA, 0xEA, 0xEA, 0xEA, 0xEA, 0xEA, 0xEA, 0xEE, 0x0E,
		0x0F, 0xEE, 0x0E, 0x0F, 0xEE, 0x0E, 0x0F, 0xEE, 0x0E, 0x0F, 0xEE, 0x0E, 0x0F, 0xEE, 0x0E, 0x0F,
		0xEE, 0x0E, 0x0F, 0xEE, 0x0E, 0x0F, 0xEE, 0x0E, 0x0F, 0xEE, 0x0E, 0x0F, 0x0C, 0xEC, 0x0D, 0x0C,
		0xEC, 0x0D, 0x0C, 0xEC, 0x0D, 0x0C, 0xEC, 0x0D, 0x0C, 0xEC, 0x0D, 0x0C, 0xEC, 0x0D, 0x0C, 0xEC,
		0x0D, 0x0C, 0xEC, 0x0D, 0x0C, 0xEC, 0x0D, 0x0C, 0xEC, 0x0D, 0x0D, 0x0F, 0xEA, 0x0D, 0x0F, 0xEA,
		0x0D, 0x0F, 0xEA, 0x0D, 0x0F, 0xEA, 0x0D, 0x0F, 0xEA, 0x0D, 0x0F, 0xEA, 0x0D, 0x0F, 0xEA, 0x0D,
		0x0F, 0xEA, 0x0D, 0x0F, 0xEA, 0x0D, 0x0F, 0xEA, 0xEA, 0xEA, 0xEA, 0xEA, 0xEA, 0xEA, 0xEA, 0xEA,
		0xEA, 0xEA, 0xEA, 0xEA, 0xEA, 0xEA, 0xEA, 0xEA, 0xEA, 0xEA, 0xEA, 0xEA, 0xEA, 0xEA, 0xEA, 0xEA,
		0xEA, 0xEA, 0xEA, 0xEA, 0xEA, 0xEA, 0x10, 0x10, 0x10, 0x10, 0x10, 0x10, 0x10, 0x10, 0x10, 0x10,
		0x10, 0x10, 0x10, 0x10, 0x10, 0x10, 0x10, 0x10, 0x10, 0x10, 0x10, 0x10, 0x10, 0x10, 0x10, 0x10,
		0x10, 0x10, 0x10, 0x10, 0xEA, 0xEA, 0x0E, 0xEA, 0xEA, 0x0E, 0xEA, 0xEA, 0x0E, 0xEA, 0xEA, 0x0E,
		0xEA, 0xEA, 0xEA, 0xEA, 0xEA, 0xEA, 0xEA, 0xEA, 0xEA, 0xEA, 0xEA, 0xEA, 0xEA, 0xEA, 0xEA, 0xEA,
		0xEA, 0xEA, 0xEA, 0xEA, 0xEA, 0xEA, 0xEA, 0xEA, 0xEA, 0xEA, 0xEA, 0xEA, 0xEA, 0xEA, 0xEE, 0x0E,
		0x0F, 0xEE, 0x0E, 0x0F, 0xEE, 0x0E, 0x0F, 0xEE, 0x0E, 0x0F, 0xEE, 0x0E, 0x0F, 0xEE, 0x0E, 0x0F,
		0xEE, 0x0E, 0x0F, 0xEE, 0x0E, 0x0F, 0xEE, 0x0E, 0x0F, 0xEE, 0x0E, 0x0F, 0x0C, 0xEC, 0x0D, 0x0C,
		0xEC, 0x0D, 0x0C, 0xEC, 0x0D, 0x0C, 0xEC, 0x0D, 0x0C, 0xEC, 0x0D, 0x0C, 0xEC, 0x0D, 0x0C, 0xEC,
		0x0D, 0x0C, 0xEC, 0x0D, 0x0C, 0xEC, 0x0D, 0x0C, 0xEC, 0x0D, 0x0D, 0x0F, 0xEA, 0x0D, 0x0F, 0xEA,
		0x0D, 0x0F, 0xEA, 0x0D, 0x0F, 0xEA, 0x0D, 0x0F, 0xEA, 0x0D, 0x0F, 0xEA, 0x0D, 0x0F, 0xEA, 0x0D,
		0x0F, 0xEA, 0x0D, 0x0F, 0xEA, 0x0D, 0x0F, 0xEA, 0xEA, 0xEA, 0xEA, 0xEA, 0xEA, 0xEA, 0xEA, 0xEA,
		0xEA, 0xEA, 0xEA, 0xEA, 0xEA, 0xEA, 0xEA, 0xEA, 0xEA, 0xEA, 0xEA, 0xEA, 0xEA, 0xEA, 0xEA, 0xEA,
		0xEA, 0xEA, 0xEA, 0xEA, 0xEA, 0xEA, 0x10, 0x10, 0x10, 0x10, 0x10, 0x10, 0x10, 0x10, 0x10, 0x10,
		0x10, 0x10, 0x10, 0x10, 0x10, 0x10, 0x10, 0x10, 0x10, 0x10, 0x10, 0x10, 0x10, 0x10, 0x10, 0x10,
		0x10, 0x10, 0x10, 0x10, 0xEA, 0xEA, 0x0E, 0xEA, 0xEA, 0x0E, 0xEA, 0xEA, 0x0E, 0xEA, 0xEA, 0x0E,
		0xEA, 0xEA, 0xEA, 0xEA, 0xEA, 0xEA, 0xEA, 0xEA, 0xEA, 0xEA, 0xEA, 0xEA, 0xEA, 0xEA, 0xEA, 0xEA,
		0xEA, 0xEA, 0xEA, 0xEA, 0xEA, 0xEA, 0xEA, 0xEA, 0xEA, 0xEA, 0xEA, 0xEA, 0xEA, 0xEA, 0xEE, 0x0E,
		0x0F, 0xEE, 0x0E, 0x0F, 0xEE, 0x0E, 0x0F, 0xEE, 0x0E, 0x0F, 0xEE, 0x0E, 0x0F, 0xEE, 0x0E, 0x0F,
		0xEE, 0x0E, 0x0F, 0xEE, 0x0E, 0x0F, 0xEE, 0x0E, 0x0F, 0xEE, 0x0E, 0x0F, 0x0C, 0xEC, 0x0D, 0x0C,
		0xEC, 0x0D, 0x0C, 0xEC, 0x0D, 0x0C, 0xEC, 0x0D, 0x0C, 0xEC, 0x0D, 0x0C, 0xEC, 0x0D, 0x0C, 0xEC,
		0x0D, 0x0C, 0xEC, 0x0D, 0x0C, 0xEC, 0x0D, 0x0C, 0xEC, 0x0D, 0x0D, 0x0F, 0xEA, 0x0D, 0x0F, 0xEA,
		0x0D, 0x0F, 0xEA, 0x0D, 0x0F, 0xEA, 0x0D, 0x0F, 0xEA, 0x0D, 0x0F, 0xEA, 0x0D, 0x0F, 0xEA, 0x0D,
		0x0F, 0xEA, 0x0D, 0x0F, 0xEA, 0x0D, 0x0F, 0xEA, 0xEA, 0xEA, 0xEA, 0xEA, 0xEA, 0xEA, 0xEA, 0xEA,
		0xEA, 0xEA, 0xEA, 0xEA, 0xEA, 0xEA, 0xEA, 0xEA, 0xEA, 0xEA, 0xEA, 0xEA, 0xEA, 0xEA, 0xEA, 0xEA,
		0xEA, 0xEA, 0xEA, 0xEA, 0xEA, 0xEA, 0x10, 0x10, 0x10, 0x10, 0x10, 0x10, 0x10, 0x10, 0x10, 0x10,
		0x10, 0x10, 0x10, 0x10, 0x10, 0x10, 0x10, 0x10, 0x10, 0x10, 0x10, 0x10, 0x10, 0x10, 0x10, 0x10,
		0x10, 0x10, 0x10, 0x10, 0xEA, 0xEA, 0x0E, 0xEA, 0xEA, 0x0E, 0xEA, 0xEA, 0x0E, 0xEA, 0xEA, 0x0E,
		0xEA, 0xEA, 0xEA, 0xEA, 0xEA, 0xEA, 0xEA, 0xEA, 0xEA, 0xEA, 0xEA, 0xEA, 0xEA, 0xEA, 0xEA, 0xEA,
		0xEA, 0xEA, 0xEA, 0xEA, 0xEA, 0xEA, 0xEA, 0xEA, 0xEA, 0xEA, 0xEA, 0xEA, 0xEA, 0xEA, 0xEE, 0x0E,
		0x0F, 0xEE, 0x0E, 0x0F, 0xEE, 0x0E, 0x0F, 0xEE, 0x0E, 0x0F, 0xEE, 0x0E, 0x0F, 0xEE, 0x0E, 0x0F,
		0xEE, 0x0E, 0x0F, 0xEE, 0x0E, 0x0F, 0xEE, 0x0E, 0x0F, 0xEE, 0x0E, 0x0F, 0x0C, 0xEC, 0x0D, 0x0C,
		0xEC, 0x0D, 0x0C, 0xEC, 0x0D, 0x0C, 0xEC, 0x0D, 0x0C, 0xEC, 0x0D, 0x0C, 0xEC, 0x0D, 0x0C, 0xEC,
		0x0D, 0x0C, 0xEC, 0x0D, 0x0C, 0xEC, 0x0D, 0x0C, 0xEC, 0x0D, 0x0D, 0x0F, 0xEA, 0x0D, 0x0F, 0xEA,
		0x0D, 0x0F, 0xEA, 0x0D, 0x0F, 0xEA, 0x0D, 0x0F, 0xEA, 0x0D, 0x0F, 0xEA, 0x0D, 0x0F, 0xEA, 0x0D,
		0x0F, 0xEA, 0x0D, 0x0F, 0xEA, 0x0D, 0x0F, 0xEA, 0xEA, 0xEA, 0xEA, 0xEA, 0xEA, 0xEA, 0xEA, 0xEA,
		0xEA, 0xEA, 0xEA, 0xEA, 0xEA, 0xEA, 0xEA, 0xEA, 0xEA, 0xEA, 0xEA, 0xEA, 0xEA, 0xEA, 0xEA, 0xEA,
		0xEA, 0xEA, 0xEA, 0xEA, 0xEA, 0xEA, 0x10, 0x10, 0x10, 0x10, 0x10, 0x10, 0x10, 0x10, 0x10, 0x10,
		0x10, 0x10, 0x10, 0x10, 0x10, 0x10, 0x10, 0x10, 0x10, 0x10, 0x10, 0x10, 0x10, 0x10, 0x10, 0x10,
		0x10, 0x10, 0x10, 0x10, 0xEA, 0xEA, 0x0E, 0xEA, 0xEA, 0x0E, 0xEA, 0xEA, 0x0E, 0xEA, 0xEA, 0x0E,
		0xEE, 0x0E, 0x0F, 0xEE, 0x0E, 0x0F, 0xEE, 0x0E, 0x0F, 0xEE, 0x0E, 0x0F, 0xEE, 0x0E, 0x0F, 0xEE,
		0x0E, 0x0F, 0xEE, 0x0E, 0x0F, 0xEE, 0x0E, 0x0F, 0xEE, 0x0E, 0x0F, 0xEE, 0x0E, 0x0F, 0xEE, 0x0E,
		0x0F, 0xEE, 0x0E, 0x0F, 0xEE, 0x0E, 0x0F, 0xEE, 0x0E, 0x0F, 0xEE, 0x0E, 0x0F, 0xEE, 0x0E, 0x0F,
		0xEE, 0x0E, 0x0F, 0xEE, 0x0E, 0x0F, 0xEE, 0x0E, 0x0F, 0xEE, 0x0E, 0x0F, 0xEE, 0x0E, 0x0F, 0xEE,
		0x0E, 0x0F, 0xEE, 0x0E, 0x0F, 0xEE, 0x0E, 0x0F, 0xEE, 0x0E, 0x0F, 0xEE, 0x0E, 0x0F, 0xEE, 0x0E,
		0x0F, 0xEE, 0x0E, 0x0F, 0xEE, 0x0E, 0x0F, 0xEE, 0x0E, 0x0F, 0xEE, 0x0E, 0x0F, 0xEE, 0x0E, 0x0F,
		0xEE, 0x0E, 0x0F, 0xEE, 0x0E, 0x0F, 0xEE, 0x0E, 0x0F, 0xEE, 0x0E, 0x0F, 0xEE, 0x0E, 0x0F, 0xEE,
		0x0E, 0x0F, 0xEE, 0x0E, 0x0F, 0xEE, 0x0E, 0x0F, 0xEE, 0x0E, 0x0F, 0xEE, 0x0E, 0x0F, 0xEE, 0x0E,
		0x0F, 0xEE, 0x0E, 0x0F, 0xEE, 0x0E, 0x0F, 0xEE, 0x0E, 0x0F, 0xEE, 0x0E, 0x0F, 0xEE, 0x0E, 0x0F,
		0xEE, 0x0E, 0x0F, 0xEE, 0x0E, 0x0F, 0xEE, 0x0E, 0x0F, 0xEE, 0x0E, 0x0F, 0xEE, 0x0E, 0x0F, 0xEE,
		0x0E, 0x0F, 0xEE, 0x0E, 0x0F, 0xEE, 0x0E, 0x0F, 0xEE, 0x0E, 0x0F, 0xEE, 0x0E, 0x0F, 0xEE, 0x0E,
		0x0F, 0xEE, 0x0E, 0x0F, 0xEE, 0x0E, 0x0F, 0xEE, 0x0E, 0x0F, 0xEE, 0x0E, 0x0F, 0xEE, 0x0E, 0x0F,
		0xEE, 0x0E, 0x0F, 0xEE, 0x0E, 0x0F, 0xEE, 0x0E, 0x0F, 0xEE, 0x0E, 0x0F, 0xEE, 0x0E, 0x0F, 0xEE,
		0x0E, 0x0F, 0xEE, 0x0E, 0x0F, 0xEE, 0x0E, 0x0F, 0xEE, 0x0E, 0x0F, 0xEE, 0x0E, 0x0F, 0xEE, 0x0E,
		0x0F, 0xEE, 0x0E, 0x0F, 0xEE, 0x0E, 0x0F, 0xEE, 0x0E, 0x0F, 0xEE, 0x0E, 0x0F, 0xEE, 0x0E, 0x0F,
		0xEE, 0x0E, 0x0F, 0xEE, 0x0E, 0x0F, 0xEE, 0x0E, 0x0F, 0xEE, 0x0E, 0x0F, 0xEE, 0x0E, 0x0F, 0xEE,
		0x0E, 0x0F, 0xEE, 0x0E, 0x0F, 0xEE, 0x0E, 0x0F, 0xEE, 0x0E, 0x0F, 0xEE, 0x0E, 0x0F, 0xEE, 0x0E,
		0x0F, 0xEE, 0x0E, 0x0F, 0xEE, 0x0E, 0x0F, 0xEE, 0x0E, 0x0F, 0xEE, 0x0E, 0x0F, 0xEE, 0x0E, 0x0F,
		0xEE, 0x0E, 0x0F, 0xEE, 0x0E, 0x0F, 0xEE, 0x0E, 0x0F, 0xEE, 0x0E, 0x0F, 0xEE, 0x0E, 0x0F, 0xEE,
		0x0E, 0x0F, 0xEE, 0x0E, 0x0F, 0xEE, 0x0E, 0x0F, 0xEE, 0x0E, 0x0F, 0xEE, 0x0E, 0x0F, 0xEE, 0x0E,
		0x0F, 0xEE, 0x0E, 0x0F, 0xEE, 0x0E, 0x0F, 0xEE, 0x0E, 0x0F, 0xEE, 0x0E, 0x0F, 0xEE, 0x0E, 0x0F,
		0xEE, 0x0E, 0x0F, 0xEE, 0x0E, 0x0F, 0xEE, 0x0E, 0x0F, 0xEE, 0x0E, 0x0F, 0xEE, 0x0E, 0x0F, 0xEE,
		0x0E, 0x0F, 0xEE, 0x0E, 0x0F, 0xEE, 0x0E, 0x0F, 0xEE, 0x0E, 0x0F, 0xEE, 0x0E, 0x0F, 0xEE, 0x0E,
		0x0F, 0xEE, 0x0E, 0x0F, 0xEE, 0x0E, 0x0F, 0xEE, 0x0E, 0x0F, 0xEE, 0x0E, 0x0F, 0xEE, 0x0E, 0x0F,
		0xEE, 0x0E, 0x0F, 0xEE, 0x0E, 0x0F, 0xEE, 0x0E, 0x0F, 0xEE, 0x0E, 0x0F, 0xEE, 0x0E, 0x0F, 0xEE,
		0x0E, 0x0F, 0xEE, 0x0E, 0x0F, 0xEE, 0x0E, 0x0F, 0xEE, 0x0E, 0x0F, 0xEE, 0x0E, 0x0F, 0xEE, 0x0E,
		0x0F, 0xEE, 0x0E, 0x0F, 0xEE, 0x0E, 0x0F, 0xEE, 0x0E, 0x0F, 0xEE, 0x0E, 0x0F, 0xEE, 0x0E, 0x0F,
		0xEE, 0x0E, 0x0F, 0xEE, 0x0E, 0x0F, 0xEE, 0x0E, 0x0F, 0xEE, 0x0E, 0x0F, 0xEE, 0x0E, 0x0F, 0xEE,
		0x0E, 0x0F, 0xEE, 0x0E, 0x0F, 0xEE, 0x0E, 0x0F, 0xEE, 0x0E, 0x0F, 0xEE, 0x0E, 0x0F, 0xEE, 0x0E,
		0x0F, 0xEE, 0x0E, 0x0F, 0xEE, 0x0E, 0x0F, 0xEE, 0x0E, 0x0F, 0xEE, 0x0E, 0x0F, 0xEE, 0x0E, 0x0F,
		0xEE, 0x0E, 0x0F, 0xEE, 0x0E, 0x0F, 0xEE, 0x0E, 0x0F, 0xEE, 0x0E, 0x0F, 0xEE, 0x0E, 0x0F, 0xEE,
		0x0E, 0x0F, 0xEE, 0x0E, 0x0F, 0xEE, 0x0E, 0x0F, 0xEE, 0x0E, 0x0F, 0xEE, 0x0E, 0x0F, 0xEE, 0x0E,
		0x0F, 0xEE, 0x0E, 0x0F, 0xEE, 0x0E, 0x0F, 0xEE, 0x0E, 0x0F, 0xEE, 0x0E, 0x0F, 0xEE, 0x0E, 0x0F,
		0xEE, 0x0E, 0x0F, 0xEE, 0x0E, 0x0F, 0xEE, 0x0E, 0x0F, 0xEE, 0x0E, 0x0F, 0xEE, 0x0E, 0x0F, 0xEE,
		0x0E, 0x0F, 0xEE, 0x0E, 0x0F, 0xEE, 0x0E, 0x0F, 0xEE, 0x0E, 0x0F, 0xEE, 0x0E, 0x0F, 0xEE, 0x0E,
		0x0F, 0xEE, 0x0E, 0x0F, 0xEE, 0x0E, 0x0F, 0xEE, 0x0E, 0x0F, 0xEE, 0x0E, 0x0F, 0xEE, 0x0E, 0x0F,
		0xEE, 0x0E, 0x0F, 0xEE, 0x0E, 0x0F, 0xEE, 0x0E, 0x0F, 0xEE, 0x0E, 0x0F, 0xEE, 0x0E, 0x0F, 0xEE,
		0x0E, 0x0F, 0xEE, 0x0E, 0x0F, 0xEE, 0x0E, 0x0F, 0xEE, 0x0E, 0x0F, 0xEE, 0x0E, 0x0F, 0xEE, 0x0E,
		0x0F, 0xEE, 0x0E, 0x0F, 0xEE, 0x0E, 0x0F, 0xEE, 0x0E, 0x0F, 0xEE, 0x0E, 0x0F, 0xEE, 0x0E, 0x0F,
		0xEE, 0x0E, 0x0F, 0xEE, 0x0E, 0x0F, 0xEE, 0x0E, 0x0F, 0xEE, 0x0E, 0x0F, 0xEE, 0x0E, 0x0F, 0xEE,
		0x0E, 0x0F, 0xEE, 0x0E, 0x0F, 0xEE, 0x0E, 0x0F, 0xEE, 0x0E, 0x0F, 0xEE, 0x0E, 0x0F, 0xEE, 0x0E,
		0x0F, 0xEE, 0x0E, 0x0F, 0xEE, 0x0E, 0x0F, 0xEE, 0x0E, 0x0F, 0xEE, 0x0E, 0x0F, 0xEE, 0x0E, 0x0F,
		0xEE, 0x0E, 0x0F, 0xEE, 0x0E, 0x0F, 0xEE, 0x0E, 0x0F, 0xEE, 0x0E, 0x0F, 0xEE, 0x0E, 0x0F, 0xEE,
		0x0E, 0x0F, 0xEE, 0x0E, 0x0F, 0xEE, 0x0E, 0x0F, 0xEE, 0x0E, 0x0F, 0xEE, 0x0E, 0x0F, 0xEE, 0x0E,
		0x0F, 0xEE, 0x0E, 0x0F, 0xEE, 0x0E, 0x0F, 0xEE, 0x0E, 0x0F, 0xEE, 0x0E, 0x0F, 0xEE, 0x0E, 0x0F,
		0xEE, 0x0E, 0x0F, 0xEE, 0x0E, 0x0F, 0xEE, 0x0E, 0x0F, 0xEE, 0x0E, 0x0F, 0xEE, 0x0E, 0x0F, 0xEE,
		0x0E, 0x0F, 0xEE, 0x0E, 0x0F, 0xEE, 0x0E, 0x0F, 0xEE, 0x0E, 0x0F, 0xEE, 0x0E, 0x0F, 0xEE, 0x0E,
		0x0F, 0xEE, 0x0E, 0x0F, 0xEE, 0x0E, 0x0F, 0xEE, 0x0E, 0x0F, 0xEE, 0x0E, 0x0F, 0xEE, 0x0E, 0x0F,
		0xEE, 0x0E, 0x0F, 0xEE, 0x0E, 0x0F, 0xEE, 0x0E, 0x0F, 0xEE, 0x0E, 0x0F, 0xEE, 0x0E, 0x0F, 0xEE,
		0x0E, 0x0F, 0xEE, 0x0E, 0x0F, 0xEE, 0x0E, 0x0F, 0xEE, 0x0E, 0x0F, 0xEE, 0x0E, 0x0F, 0xEE, 0x0E,
		0x0F, 0xEE, 0x0E, 0x0F, 0xEE, 0x0E, 0x0F, 0xEE, 0x0E, 0x0F, 0xEE, 0x0E, 0x0F, 0xEE, 0x0E, 0x0F,
		0xEE, 0x0E, 0x0F, 0xEE, 0x0E, 0x0F, 0xEE, 0x0E, 0x0F, 0xEE, 0x0E, 0x0F, 0xEE, 0x0E, 0x0F, 0xEE,
		0x0E, 0x0F, 0xEE, 0x0E, 0x0F, 0xEE, 0x0E, 0x0F, 0xEE, 0x0E, 0x0F, 0xEE, 0x0E, 0x0F, 0xEE, 0x0E,
		0x0F, 0xEE, 0x0E, 0x0F, 0xEE, 0x0E, 0x0F, 0xEE, 0x0E, 0x0F, 0xEE, 0x0E, 0x0F, 0xEE, 0x0E, 0x0F,
		0xEE, 0x0E, 0x0F, 0xEE, 0x0E, 0x0F, 0xEE, 0x0E, 0x0F, 0xEE, 0x0E, 0x0F, 0xEE, 0x0E, 0x0F, 0xEE,
		0x0E, 0x0F, 0xEE, 0x0E, 0x0F, 0xEE, 0x0E, 0x0F, 0xEE, 0x0E, 0x0F, 0xEE, 0x0E, 0x0F, 0xEE, 0x0E,
		0x0F, 0xEE, 0x0E, 0x0F, 0xEE, 0x0E, 0x0F, 0xEE, 0x0E, 0x0F, 0xEE, 0x0E, 0x0F, 0xEE, 0x0E, 0x0F,
		0xEE, 0x0E, 0x0F, 0xEE, 0x0E, 0x0F, 0xEE, 0x0E, 0x0F, 0xEE, 0x0E, 0x0F, 0xEE, 0x0E, 0x0F, 0xEE,
		0x0E, 0x0F, 0xEE, 0x0E, 0x0F, 0xEE, 0x0E, 0x0F, 0xEE, 0x0E, 0x0F, 0xEE, 0x0E, 0x0F, 0xEE, 0x0E,
		0x0F, 0xEE, 0x0E, 0x0F, 0xEE, 0x0E, 0x0F, 0xEE, 0x0E, 0x0F, 0xEE, 0x0E, 0x0F, 0xEE, 0x0E, 0x0F,
		0xEE, 0x0E, 0x0F, 0xEE, 0x0E, 0x0F, 0xEE, 0x0E, 0x0F, 0xEE, 0x0E, 0x0F, 0xEE, 0x0E, 0x0F, 0xEE,
		0x0E, 0x0F, 0xEE, 0x0E, 0x0F, 0xEE, 0x0E, 0x0F, 0xEE, 0x0E, 0x0F, 0xEE, 0x0E, 0x0F, 0xEE, 0x0E,
		0x0F, 0xEE, 0x0E, 0x0F, 0xEE, 0x0E, 0x0F, 0xEE, 0x0E, 0x0F, 0xEE, 0x0E, 0x0F, 0xEE, 0x0E, 0x0F,
		0xEE, 0x0E, 0x0F, 0xEE, 0x0E, 0x0F, 0xEE, 0x0E, 0x0F, 0xEE, 0x0E, 0x0F, 0xEE, 0x0E, 0x0F, 0xEE,
		0x0E, 0x0F, 0xEE, 0x0E, 0x0F, 0xEE, 0x0E, 0x0F, 0xEE, 0x0E, 0x0F, 0xEE, 0x0E, 0x0F, 0xEE, 0x0E,
		0x0F, 0xEE, 0x0E, 0x0F, 0xEE, 0x0E, 0x0F, 0xEE, 0x0E, 0x0F, 0xEE, 0x0E, 0x0F, 0xEE, 0x0E, 0x0F,
		0xEE, 0x0E, 0x0F, 0xEE, 0x0E, 0x0F, 0xEE, 0x0E, 0x0F, 0xEE, 0x0E, 0x0F, 0xEE, 0x0E, 0x0F, 0xEE,
		0x0E, 0x0F, 0xEE, 0x0E, 0x0F, 0xEE, 0x0E, 0x0F, 0xEE, 0x0E, 0x0F, 0xEE, 0x0E, 0x0F, 0xEE, 0x0E,
		0x0F, 0xEE, 0x0E, 0x0F, 0xEE, 0x0E, 0x0F, 0xEE, 0x0E, 0x0F, 0xEE, 0x0E, 0x0F, 0xEE, 0x0E, 0x0F,
		0xEE, 0x0E, 0x0F, 0xEE, 0x0E, 0x0F, 0xEE, 0x0E, 0x0F, 0xEE, 0x0E, 0x0F, 0xEE, 0x0E, 0x0F, 0xEE,
		0x0E, 0x0F, 0xEE, 0x0E, 0x0F, 0xEE, 0x0E, 0x0F, 0xEE, 0x0E, 0x0F, 0xEE, 0x0E, 0x0F, 0xEE, 0x0E,
		0x0F, 0xEE, 0x0E, 0x0F, 0xEE, 0x0E, 0x0F, 0xEE, 0x0E, 0x0F, 0xEE, 0x0E, 0x0F, 0xEE, 0x0E, 0x0F,
		0xEE, 0x0E, 0x0F, 0xEE, 0x0E, 0x0F, 0xEE, 0x0E, 0x0F, 0xEE, 0x0E, 0x0F, 0xEE, 0x0E, 0x0F, 0xEE,
		0x0E, 0x0F, 0xEE, 0x0E, 0x0F, 0xEE, 0x0E, 0x0F, 0xEE, 0x0E, 0x0F, 0xEE, 0x0E, 0x0F, 0xEE, 0x0E,
		0x0F, 0xEE, 0x0E, 0x0F, 0xEE, 0x0E, 0x0F, 0xEE, 0x0E, 0x0F, 0xEE, 0x0E, 0x0F, 0xEE, 0x0E, 0x0F,
		0xEE, 0x0E, 0x0F, 0xEE, 0x0E, 0x0F, 0xEE, 0x0E, 0x0F, 0xEE, 0x0E, 0x0F, 0xEE, 0x0E, 0x0F, 0xEE,
		0x0E, 0x0F, 0xEE, 0x0E, 0x0F, 0xEE, 0x0E, 0x0F, 0xEE, 0x0E, 0x0F, 0xEE, 0x0E, 0x0F, 0xEE, 0x0E,
		0x0F, 0xEE, 0x0E, 0x0F, 0xEE, 0x0E, 0x0F, 0xEE, 0x0E, 0x0F, 0xEE, 0x0E, 0x0F, 0xEE, 0x0E, 0x0F,
		0xEE, 0x0E, 0x0F, 0xEE, 0x0E, 0x0F, 0xEE, 0x0E, 0x0F, 0xEE, 0x0E, 0x0F, 0xEE, 0x0E, 0x0F, 0xEE,
		0x0E, 0x0F, 0xEE, 0x0E, 0x0F, 0xEE, 0x0E, 0x0F, 0xEE, 0x0E, 0x0F, 0xEE, 0x0E, 0x0F, 0xEE, 0x0E,
		0x0F, 0xEE, 0x0E, 0x0F, 0xEE, 0x0E, 0x0F, 0xEE, 0x0E, 0x0F, 0xEE, 0x0E, 0x0F, 0xEE, 0x0E, 0x0F,
		0xEE, 0x0E, 0x0F, 0xEE, 0x0E, 0x0F, 0xEE, 0x0E, 0x0F, 0xEE, 0x0E, 0x0F, 0xEE, 0x0E, 0x0F, 0xEE,
		0x0E, 0x0F, 0xEE, 0x0E, 0x0F, 0xEE, 0x0E, 0x0F, 0xEE, 0x0E, 0x0F, 0xEE, 0x0E, 0x0F, 0xEE, 0x0E,
		0x0F, 0xEE, 0x0E, 0x0F, 0xEE, 0x0E, 0x0F, 0xEE, 0x0E, 0x0F, 0xEE, 0x0E, 0x0F, 0xEE, 0x0E, 0x0F,
		0xEE, 0x0E, 0x0F, 0xEE, 0x0E, 0x0F, 0xEE, 0x0E, 0x0F, 0xEE, 0x0E, 0x0F, 0xEE, 0x0E, 0x0F, 0xEE,
		0x0E, 0x0F, 0xEE, 0x0E, 0x0F, 0xEE, 0x0E, 0x0F, 0xEE, 0x0E, 0x0F, 0xEE, 0x0E, 0x0F, 0xEE, 0x0E,
		0x0F, 0xEE, 0x0E, 0x0F, 0xEE, 0x0E, 0x0F, 0xEE, 0x0E, 0x0F, 0xEE, 0x0E, 0x0F, 0xEE, 0x0E, 0x0F,
		0xEE, 0x0E, 0x0F, 0xEE, 0x0E, 0x0F, 0xEE, 0x0E, 0x0F, 0xEE, 0x0E, 0x0F, 0xEE, 0x0E, 0x0F, 0xEE,
		0x0E, 0x0F, 0xEE, 0x0E, 0x0F, 0xEE, 0x0E, 0x0F, 0xEE, 0x0E, 0x0F, 0xEE, 0x0E, 0x0F, 0xEE, 0x0E,
		0x0F, 0xEE, 0x0E, 0x0F, 0xEE, 0x0E, 0x0F, 0xEE, 0x0E, 0x0F, 0xEE, 0x0E, 0x0F, 0xEE, 0x0E, 0x0F,
		0xEE, 0x0E, 0x0F, 0xEE, 0x0E, 0x0F, 0xEE, 0x0E, 0x0F, 0xEE, 0x0E, 0x0F, 0xEE, 0x0E, 0x0F, 0xEE,
		0x0E, 0x0F, 0xEE, 0x0E, 0x0F, 0xEE, 0x0E, 0x0F, 0xEE, 0x0E, 0x0F, 0xEE, 0x0E, 0x0F, 0xEE, 0x0E,
		0x0F, 0xEE, 0x0E, 0x0F, 0xEE, 0x0E, 0x0F, 0xEE, 0x0E, 0x0F, 0xEE, 0x0E, 0x0F, 0xEE, 0x0E, 0x0F,
		0xEE, 0x0E, 0x0F, 0xEE, 0x0E, 0x0F, 0xEE, 0x0E, 0x0F, 0xEE, 0x0E, 0x0F, 0xEE, 0x0E, 0x0F, 0xEE,
		0x0E, 0x0F, 0xEE, 0x0E, 0x0F, 0xEE, 0x0E, 0x0F, 0xEE, 0x0E, 0x0F, 0xEE, 0x0E, 0x0F, 0xEE, 0x0E,
		0x0F, 0xEE, 0x0E, 0x0F, 0xEE, 0x0E, 0x0F, 0xEE, 0x0E, 0x0F, 0xEE, 0x0E, 0x0F, 0xEE, 0x0E, 0x0F,
		0xEE, 0x0E, 0x0F, 0xEE, 0x0E, 0x0F, 0xEE, 0x0E, 0x0F, 0xEE, 0x0E, 0x0F, 0xEE, 0x0E, 0x0F, 0xEE,
		0x0E, 0x0F, 0xEE, 0x0E, 0x0F, 0xEE, 0x0E, 0x0F, 0xEE, 0x0E, 0x0F, 0xEE, 0x0E, 0x0F, 0xEE, 0x0E,
		0x0F, 0xEE, 0x0E, 0x0F, 0xEE, 0x0E, 0x0F, 0xEE, 0x0E, 0x0F, 0xEE, 0x0E, 0x0F, 0xEE, 0x0E, 0x0F,
		0xEE, 0x0E, 0x0F, 0xEE, 0x0E, 0x0F, 0xEE, 0x0E, 0x0F, 0xEE, 0x0E, 0x0F, 0xEE, 0x0E, 0x0F, 0xEE,
		0x0E, 0x0F, 0xEE, 0x0E, 0x0F, 0xEE, 0x0E, 0x0F, 0xEE, 0x0E, 0x0F, 0xEE, 0x0E, 0x0F, 0xEE, 0x0E,
		0x0F, 0xEE, 0x0E, 0x0F, 0xEE, 0x0E, 0x0F, 0xEE, 0x0E, 0x0F, 0xEE, 0x0E, 0x0F, 0xEE, 0x0E, 0x0F,
		0xEE, 0x0E, 0x0F, 0xEE, 0x0E, 0x0F, 0xEE, 0x0E, 0x0F, 0xEE, 0x0E, 0x0F, 0xEE, 0x0E, 0x0F, 0xEE,
		0x0E, 0x0F, 0xEE, 0x0E, 0x0F, 0xEE, 0x0E, 0x0F, 0xEE, 0x0E, 0x0F, 0xEE, 0x0E, 0x0F, 0xEE, 0x0E,
		0x0F, 0xEE, 0x0E, 0x0F, 0xEE, 0x0E, 0x0F, 0xEE, 0x0E, 0x0F, 0xEE, 0x0E, 0x0F, 0xEE, 0x0E, 0x0F,
		0xEE, 0x0E, 0x0F, 0xEE, 0x0E, 0x0F, 0xEE, 0x0E, 0x0F, 0xEE, 0x0E, 0x0F, 0xEE, 0x0E, 0x0F, 0xEE,
		0x0E, 0x0F, 0xEE, 0x0E, 0x0F, 0xEE, 0x0E, 0x0F, 0xEE, 0x0E, 0x0F, 0xEE, 0x0E, 0x0F, 0xEE, 0x0E,
		0x0F, 0xEE, 0x0E, 0x0F, 0xEE, 0x0E, 0x0F, 0xEE, 0x0E, 0x0F, 0xEE, 0x0E, 0x0F, 0xEE, 0x0E, 0x0F,
		0xEE, 0x0E, 0x0F, 0xEE, 0x0E, 0x0F, 0xEE, 0x0E, 0x0F, 0xEE, 0x0E, 0x0F, 0xEE, 0x0E, 0x0F, 0xEE,
		0x0E, 0x0F, 0xEE, 0x0E, 0x0F, 0xEE, 0x0E, 0x0F, 0xEE, 0x0E, 0x0F, 0xEE, 0x0E, 0x0F, 0xEE, 0x0E,
		0x0F, 0xEE, 0x0E, 0x0F, 0xEE, 0x0E, 0x0F, 0xEE, 0x0E, 0x0F, 0xEE, 0x0E, 0x0F, 0xEE, 0x0E, 0x0F,
		0xEE, 0x0E, 0x0F, 0xEE, 0x0E, 0x0F, 0xEE, 0x0E, 0x0F, 0xEE, 0x0E, 0x0F, 0xEE, 0x0E, 0x0F, 0xEE,
		0x0E, 0x0F, 0xEE, 0x0E, 0x0F, 0xEE, 0x0E, 0x0F, 0xEE, 0x0E, 0x0F, 0xEE, 0x0E, 0x0F, 0xEE, 0x0E,
		0x0F, 0xEE, 0x0E, 0x0F, 0xEE, 0x0E, 0x0F, 0xEE, 0x0E, 0x0F, 0xEE, 0x0E, 0x0F, 0xEE, 0x0E, 0x0F,
		0xEE, 0x0E, 0x0F, 0xEE, 0x0E, 0x0F, 0xEE, 0x0E, 0x0F, 0xEE, 0x0E, 0x0F, 0xEE, 0x0E, 0x0F, 0xEE,
		0x0E, 0x0F, 0xEE, 0x0E, 0x0F, 0xEE, 0x0E, 0x0F, 0xEE, 0x0E, 0x0F, 0xEE, 0x0E, 0x0F, 0xEE, 0x0E,
		0x0F, 0xEE, 0x0E, 0x0F, 0xEE, 0x0E, 0x0F, 0xEE, 0x0E, 0x0F, 0xEE, 0x0E, 0x0F, 0xEE, 0x0E, 0x0F,
		0xEE, 0x0E, 0x0F, 0xEE, 0x0E, 0x0F, 0xEE, 0x0E, 0x0F, 0xEE, 0x0E, 0x0F, 0xEE, 0x0E, 0x0F, 0xEE,
		0x0E, 0x0F, 0xEE, 0x0E, 0x0F, 0xEE, 0x0E, 0x0F, 0xEE, 0x0E, 0x0F, 0xEE, 0x0E, 0x0F, 0xEE, 0x0E,
		0x0F, 0xEE, 0x0E, 0x0F, 0xEE, 0x0E, 0x0F, 0xEE, 0x0E, 0x0F, 0xEE, 0x0E, 0x0F, 0xEE, 0x0E, 0x0F,
		0x0C, 0xEC, 0x0D, 0x0C, 0xEC, 0x0D, 0x0C, 0xEC, 0x0D, 0x0C, 0xEC, 0x0D, 0x0C, 0xEC, 0x0D, 0x0C,
		0xEC, 0x0D, 0x0C, 0xEC, 0x0D, 0x0C, 0xEC, 0x0D, 0x0C, 0xEC, 0x0D, 0x0C, 0xEC, 0x0D, 0x0C, 0xEC,
		0x0D, 0x0C, 0xEC, 0x0D, 0x0C, 0xEC, 0x0D, 0x0C, 0xEC, 0x0D, 0x0C, 0xEC, 0x0D, 0x0C, 0xEC, 0x0D,
		0x0C, 0xEC, 0x0D, 0x0C, 0xEC, 0x0D, 0x0C, 0xEC, 0x0D, 0x0C, 0xEC, 0x0D, 0x0C, 0xEC, 0x0D, 0x0C,
		0xEC, 0x0D, 0x0C, 0xEC, 0x0D, 0x0C, 0xEC, 0x0D, 0x0C, 0xEC, 0x0D, 0x0C, 0xEC, 0x0D, 0x0C, 0xEC,
		0x0D, 0x0C, 0xEC, 0x0D, 0x0C, 0xEC, 0x0D, 0x0C, 0xEC, 0x0D, 0x0C, 0xEC, 0x0D, 0x0C, 0xEC, 0x0D,
		0x0C, 0xEC, 0x0D, 0x0C, 0xEC, 0x0D, 0x0C, 0xEC, 0x0D, 0x0C, 0xEC, 0x0D, 0x0C, 0xEC, 0x0D, 0x0C,
		0xEC, 0x0D, 0x0C, 0xEC, 0x0D, 0x0C, 0xEC, 0x0D, 0x0C, 0xEC, 0x0D, 0x0C, 0xEC, 0x0D, 0x0C, 0xEC,
		0x0D, 0x0C, 0xEC, 0x0D, 0x0C, 0xEC, 0x0D, 0x0C, 0xEC, 0x0D, 0x0C, 0xEC, 0x0D, 0x0C, 0xEC, 0x0D,
		0x0C, 0xEC, 0x0D, 0x0C, 0xEC, 0x0D, 0x0C, 0xEC, 0x0D, 0x0C, 0xEC, 0x0D, 0x0C, 0xEC, 0x0D, 0x0C,
		0xEC, 0x0D, 0x0C, 0xEC, 0x0D, 0x0C, 0xEC, 0x0D, 0x0C, 0xEC, 0x0D, 0x0C, 0xEC, 0x0D, 0x0C, 0xEC,
		0x0D, 0x0C, 0xEC, 0x0D, 0x0C, 0xEC, 0x0D, 0x0C, 0xEC, 0x0D, 0x0C, 0xEC, 0x0D, 0x0C, 0xEC, 0x0D,
		0x0C, 0xEC, 0x0D, 0x0C, 0xEC, 0x0D, 0x0C, 0xEC, 0x0D, 0x0C, 0xEC, 0x0D, 0x0C, 0xEC, 0x0D, 0x0C,
		0xEC, 0x0D, 0x0C, 0xEC, 0x0D, 0x0C, 0xEC, 0x0D, 0x0C, 0xEC, 0x0D, 0x0C, 0xEC, 0x0D, 0x0C, 0xEC,
		0x0D, 0x0C, 0xEC, 0x0D, 0x0C, 0xEC, 0x0D, 0x0C, 0xEC, 0x0D, 0x0C, 0xEC, 0x0D, 0x0C, 0xEC, 0x0D,
		0x0C, 0xEC, 0x0D, 0x0C, 0xEC, 0x0D, 0x0C, 0xEC, 0x0D, 0x0C, 0xEC, 0x0D, 0x0C, 0xEC, 0x0D, 0x0C,
		0xEC, 0x0D, 0x0C, 0xEC, 0x0D, 0x0C, 0xEC, 0x0D, 0x0C, 0xEC, 0x0D, 0x0C, 0xEC, 0x0D, 0x0C, 0xEC,
		0x0D, 0x0C, 0xEC, 0x0D, 0x0C, 0xEC, 0x0D, 0x0C, 0xEC, 0x0D, 0x0C, 0xEC, 0x0D, 0x0C, 0xEC, 0x0D,
		0x0C, 0xEC, 0x0D, 0x0C, 0xEC, 0x0D, 0x0C, 0xEC, 0x0D, 0x0C, 0xEC, 0x0D, 0x0C, 0xEC, 0x0D, 0x0C,
		0xEC, 0x0D, 0x0C, 0xEC, 0x0D, 0x0C, 0xEC, 0x0D, 0x0C, 0xEC, 0x0D, 0x0C, 0xEC, 0x0D, 0x0C, 0xEC,
		0x0D, 0x0C, 0xEC, 0x0D, 0x0C, 0xEC, 0x0D, 0x0C, 0xEC, 0x0D, 0x0C, 0xEC, 0x0D, 0x0C, 0xEC, 0x0D,
		0x0C, 0xEC, 0x0D, 0x0C, 0xEC, 0x0D, 0x0C, 0xEC, 0x0D, 0x0C, 0xEC, 0x0D, 0x0C, 0xEC, 0x0D, 0x0C,
		0xEC, 0x0D, 0x0C, 0xEC, 0x0D, 0x0C, 0xEC, 0x0D, 0x0C, 0xEC, 0x0D, 0x0C, 0xEC, 0x0D, 0x0C, 0xEC,
		0x0D, 0x0C, 0xEC, 0x0D, 0x0C, 0xEC, 0x0D, 0x0C, 0xEC, 0x0D, 0x0C, 0xEC, 0x0D, 0x0C, 0xEC, 0x0D,
		0x0C, 0xEC, 0x0D, 0x0C, 0xEC, 0x0D, 0x0C, 0xEC, 0x0D, 0x0C, 0xEC, 0x0D, 0x0C, 0xEC, 0x0D, 0x0C,
		0xEC, 0x0D, 0x0C, 0xEC, 0x0D, 0x0C, 0xEC, 0x0D, 0x0C, 0xEC, 0x0D, 0x0C, 0xEC, 0x0D, 0x0C, 0xEC,
		0x0D, 0x0C, 0xEC, 0x0D, 0x0C, 0xEC, 0x0D, 0x0C, 0xEC, 0x0D, 0x0C, 0xEC, 0x0D, 0x0C, 0xEC, 0x0D,
		0x0C, 0xEC, 0x0D, 0x0C, 0xEC, 0x0D, 0x0C, 0xEC, 0x0D, 0x0C, 0xEC, 0x0D, 0x0C, 0xEC, 0x0D, 0x0C,
		0xEC, 0x0D, 0x0C, 0xEC, 0x0D, 0x0C, 0xEC, 0x0D, 0x0C, 0xEC, 0x0D, 0x0C, 0xEC, 0x0D, 0x0C, 0xEC,
		0x0D, 0x0C, 0xEC, 0x0D, 0x0C, 0xEC, 0x0D, 0x0C, 0xEC, 0x0D, 0x0C, 0xEC, 0x0D, 0x0C, 0xEC, 0x0D,
		0x0C, 0xEC, 0x0D, 0x0C, 0xEC, 0x0D, 0x0C, 0xEC, 0x0D, 0x0C, 0xEC, 0x0D, 0x0C, 0xEC, 0x0D, 0x0C,
		0xEC, 0x0D, 0x0C, 0xEC, 0x0D, 0x0C, 0xEC, 0x0D, 0x0C, 0xEC, 0x0D, 0x0C, 0xEC, 0x0D, 0x0C, 0xEC,
		0x0D, 0x0C, 0xEC, 0x0D, 0x0C, 0xEC, 0x0D, 0x0C, 0xEC, 0x0D, 0x0C, 0xEC, 0x0D, 0x0C, 0xEC, 0x0D,
		0x0C, 0xEC, 0x0D, 0x0C, 0xEC, 0x0D, 0x0C, 0xEC, 0x0D, 0x0C, 0xEC, 0x0D, 0x0C, 0xEC, 0x0D, 0x0C,
		0xEC, 0x0D, 0x0C, 0xEC, 0x0D, 0x0C, 0xEC, 0x0D, 0x0C, 0xEC, 0x0D, 0x0C, 0xEC, 0x0D, 0x0C, 0xEC,
		0x0D, 0x0C, 0xEC, 0x0D, 0x0C, 0xEC, 0x0D, 0x0C, 0xEC, 0x0D, 0x0C, 0xEC, 0x0D, 0x0C, 0xEC, 0x0D,
		0x0C, 0xEC, 0x0D, 0x0C, 0xEC, 0x0D, 0x0C, 0xEC, 0x0D, 0x0C, 0xEC, 0x0D, 0x0C, 0xEC, 0x0D, 0x0C,
		0xEC, 0x0D, 0x0C, 0xEC, 0x0D, 0x0C, 0xEC, 0x0D, 0x0C, 0xEC, 0x0D, 0x0C, 0xEC, 0x0D, 0x0C, 0xEC,
		0x0D, 0x0C, 0xEC, 0x0D, 0x0C, 0xEC, 0x0D, 0x0C, 0xEC, 0x0D, 0x0C, 0xEC, 0x0D, 0x0C, 0xEC, 0x0D,
		0x0C, 0xEC, 0x0D, 0x0C, 0xEC, 0x0D, 0x0C, 0xEC, 0x0D, 0x0C, 0xEC, 0x0D, 0x0C, 0xEC, 0x0D, 0x0C,
		0xEC, 0x0D, 0x0C, 0xEC, 0x0D, 0x0C, 0xEC, 0x0D, 0x0C, 0xEC, 0x0D, 0x0C, 0xEC, 0x0D, 0x0C, 0xEC,
		0x0D, 0x0C, 0xEC, 0x0D, 0x0C, 0xEC, 0x0D, 0x0C, 0xEC, 0x0D, 0x0C, 0xEC, 0x0D, 0x0C, 0xEC, 0x0D,
		0x0C, 0xEC, 0x0D, 0x0C, 0xEC, 0x0D, 0x0C, 0xEC, 0x0D, 0x0C, 0xEC, 0x0D, 0x0C, 0xEC, 0x0D, 0x0C,
		0xEC, 0x0D, 0x0C, 0xEC, 0x0D, 0x0C, 0xEC, 0x0D, 0x0C, 0xEC, 0x0D, 0x0C, 0xEC, 0x0D, 0x0C, 0xEC,
		0x0D, 0x0C, 0xEC, 0x0D, 0x0C, 0xEC, 0x0D, 0x0C, 0xEC, 0x0D, 0x0C, 0xEC, 0x0D, 0x0C, 0xEC, 0x0D,
		0x0C, 0xEC, 0x0D, 0x0C, 0xEC, 0x0D, 0x0C, 0xEC, 0x0D, 0x0C, 0xEC, 0x0D, 0x0C, 0xEC, 0x0D, 0x0C,
		0xEC, 0x0D, 0x0C, 0xEC, 0x0D, 0x0C, 0xEC, 0x0D, 0x0C, 0xEC, 0x0D, 0x0C, 0xEC, 0x0D, 0x0C, 0xEC,
		0x0D, 0x0C, 0xEC, 0x0D, 0x0C, 0xEC, 0x0D, 0x0C, 0xEC, 0x0D, 0x0C, 0xEC, 0x0D, 0x0C, 0xEC, 0x0D,
		0x0C, 0xEC, 0x0D, 0x0C, 0xEC, 0x0D, 0x0C, 0xEC, 0x0D, 0x0C, 0xEC, 0x0D, 0x0C, 0xEC, 0x0D, 0x0C,
		0xEC, 0x0D, 0x0C, 0xEC, 0x0D, 0x0C, 0xEC, 0x0D, 0x0C, 0xEC, 0x0D, 0x0C, 0xEC, 0x0D, 0x0C, 0xEC,
		0x0D, 0x0C, 0xEC, 0x0D, 0x0C, 0xEC, 0x0D, 0x0C, 0xEC, 0x0D, 0x0C, 0xEC, 0x0D, 0x0C, 0xEC, 0x0D,
		0x0C, 0xEC, 0x0D, 0x0C, 0xEC, 0x0D, 0x0C, 0xEC, 0x0D, 0x0C, 0xEC, 0x0D, 0x0C, 0xEC, 0x0D, 0x0C,
		0xEC, 0x0D, 0x0C, 0xEC, 0x0D, 0x0C, 0xEC, 0x0D, 0x0C, 0xEC, 0x0D, 0x0C, 0xEC, 0x0D, 0x0C, 0xEC,
		0x0D, 0x0C, 0xEC, 0x0D, 0x0C, 0xEC, 0x0D, 0x0C, 0xEC, 0x0D, 0x0C, 0xEC, 0x0D, 0x0C, 0xEC, 0x0D,
		0x0C, 0xEC, 0x0D, 0x0C, 0xEC, 0x0D, 0x0C, 0xEC, 0x0D, 0x0C, 0xEC, 0x0D, 0x0C, 0xEC, 0x0D, 0x0C,
		0xEC, 0x0D, 0x0C, 0xEC, 0x0D, 0x0C, 0xEC, 0x0D, 0x0C, 0xEC, 0x0D, 0x0C, 0xEC, 0x0D, 0x0C, 0xEC,
		0x0D, 0x0C, 0xEC, 0x0D, 0x0C, 0xEC, 0x0D, 0x0C, 0xEC, 0x0D, 0x0C, 0xEC, 0x0D, 0x0C, 0xEC, 0x0D,
		0x0C, 0xEC, 0x0D, 0x0C, 0xEC, 0x0D, 0x0C, 0xEC, 0x0D, 0x0C, 0xEC, 0x0D, 0x0C, 0xEC, 0x0D, 0x0C,
		0xEC, 0x0D, 0x0C, 0xEC, 0x0D, 0x0C, 0xEC, 0x0D, 0x0C, 0xEC, 0x0D, 0x0C, 0xEC, 0x0D, 0x0C, 0xEC,
		0x0D, 0x0C, 0xEC, 0x0D, 0x0C, 0xEC, 0x0D, 0x0C, 0xEC, 0x0D, 0x0C, 0xEC, 0x0D, 0x0C, 0xEC, 0x0D,
		0x0C, 0xEC, 0x0D, 0x0C, 0xEC, 0x0D, 0x0C, 0xEC, 0x0D, 0x0C, 0xEC, 0x0D, 0x0C, 0xEC, 0x0D, 0x0C,
		0xEC, 0x0D, 0x0C, 0xEC, 0x0D, 0x0C, 0xEC, 0x0D, 0x0C, 0xEC, 0x0D, 0x0C, 0xEC, 0x0D, 0x0C, 0xEC,
		0x0D, 0x0C, 0xEC, 0x0D, 0x0C, 0xEC, 0x0D, 0x0C, 0xEC, 0x0D, 0x0C, 0xEC, 0x0D, 0x0C, 0xEC, 0x0D,
		0x0C, 0xEC, 0x0D, 0x0C, 0xEC, 0x0D, 0x0C, 0xEC, 0x0D, 0x0C, 0xEC, 0x0D, 0x0C, 0xEC, 0x0D, 0x0C,
		0xEC, 0x0D, 0x0C, 0xEC, 0x0D, 0x0C, 0xEC, 0x0D, 0x0C, 0xEC, 0x0D, 0x0C, 0xEC, 0x0D, 0x0C, 0xEC,
		0x0D, 0x0C, 0xEC, 0x0D, 0x0C, 0xEC, 0x0D, 0x0C, 0xEC, 0x0D, 0x0C, 0xEC, 0x0D, 0x0C, 0xEC, 0x0D,
		0x0C, 0xEC, 0x0D, 0x0C, 0xEC, 0x0D, 0x0C, 0xEC, 0x0D, 0x0C, 0xEC, 0x0D, 0x0C, 0xEC, 0x0D, 0x0C,
		0xEC, 0x0D, 0x0C, 0xEC, 0x0D, 0x0C, 0xEC, 0x0D, 0x0C, 0xEC, 0x0D, 0x0C, 0xEC, 0x0D, 0x0C, 0xEC,
		0x0D, 0x0C, 0xEC, 0x0D, 0x0C, 0xEC, 0x0D, 0x0C, 0xEC, 0x0D, 0x0C, 0xEC, 0x0D, 0x0C, 0xEC, 0x0D,
		0x0C, 0xEC, 0x0D, 0x0C, 0xEC, 0x0D, 0x0C, 0xEC, 0x0D, 0x0C, 0xEC, 0x0D, 0x0C, 0xEC, 0x0D, 0x0C,
		0xEC, 0x0D, 0x0C, 0xEC, 0x0D, 0x0C, 0xEC, 0x0D, 0x0C, 0xEC, 0x0D, 0x0C, 0xEC, 0x0D, 0x0C, 0xEC,
		0x0D, 0x0C, 0xEC, 0x0D, 0x0C, 0xEC, 0x0D, 0x0C, 0xEC, 0x0D, 0x0C, 0xEC, 0x0D, 0x0C, 0xEC, 0x0D,
		0x0C, 0xEC, 0x0D, 0x0C, 0xEC, 0x0D, 0x0C, 0xEC, 0x0D, 0x0C, 0xEC, 0x0D, 0x0C, 0xEC, 0x0D, 0x0C,
		0xEC, 0x0D, 0x0C, 0xEC, 0x0D, 0x0C, 0xEC, 0x0D, 0x0C, 0xEC, 0x0D, 0x0C, 0xEC, 0x0D, 0x0C, 0xEC,
		0x0D, 0x0C, 0xEC, 0x0D, 0x0C, 0xEC, 0x0D, 0x0C, 0xEC, 0x0D, 0x0C, 0xEC, 0x0D, 0x0C, 0xEC, 0x0D,
		0x0C, 0xEC, 0x0D, 0x0C, 0xEC, 0x0D, 0x0C, 0xEC, 0x0D, 0x0C, 0xEC, 0x0D, 0x0C, 0xEC, 0x0D, 0x0C,
		0xEC, 0x0D, 0x0C, 0xEC, 0x0D, 0x0C, 0xEC, 0x0D, 0x0C, 0xEC, 0x0D, 0x0C, 0xEC, 0x0D, 0x0C, 0xEC,
		0x0D, 0x0C, 0xEC, 0x0D, 0x0C, 0xEC, 0x0D, 0x0C, 0xEC, 0x0D, 0x0C, 0xEC, 0x0D, 0x0C, 0xEC, 0x0D,
		0x0C, 0xEC, 0x0D, 0x0C, 0xEC, 0x0D, 0x0C, 0xEC, 0x0D, 0x0C, 0xEC, 0x0D, 0x0C, 0xEC, 0x0D, 0x0C,
		0xEC, 0x0D, 0x0C, 0xEC, 0x0D, 0x0C, 0xEC, 0x0D, 0x0C, 0xEC, 0x0D, 0x0C, 0xEC, 0x0D, 0x0C, 0xEC,
		0x0D, 0x0C, 0xEC, 0x0D, 0x0C, 0xEC, 0x0D, 0x0C, 0xEC, 0x0D, 0x0C, 0xEC, 0x0D, 0x0C, 0xEC, 0x0D,
		0x0C, 0xEC, 0x0D, 0x0C, 0xEC, 0x0D, 0x0C, 0xEC, 0x0D, 0x0C, 0xEC, 0x0D, 0x0C, 0xEC, 0x0D, 0x0C,
		0xEC, 0x0D, 0x0C, 0xEC, 0x0D, 0x0C, 0xEC, 0x0D, 0x0C, 0xEC, 0x0D, 0x0C, 0xEC, 0x0D, 0x0C, 0xEC,
		0x0D, 0x0C, 0xEC, 0x0D, 0x0C, 0xEC, 0x0D, 0x0C, 0xEC, 0x0D, 0x0C, 0xEC, 0x0D, 0x0C, 0xEC, 0x0D,
		0x0C, 0xEC, 0x0D, 0x0C, 0xEC, 0x0D, 0x0C, 0xEC, 0x0D, 0x0C, 0xEC, 0x0D, 0x0C, 0xEC, 0x0D, 0x0C,
		0xEC, 0x0D, 0x0C, 0xEC, 0x0D, 0x0C, 0xEC, 0x0D, 0x0C, 0xEC, 0x0D, 0x0C, 0xEC, 0x0D, 0x0C, 0xEC,
		0x0D, 0x0C, 0xEC, 0x0D, 0x0C, 0xEC, 0x0D, 0x0C, 0xEC, 0x0D, 0x0C, 0xEC, 0x0D, 0x0C, 0xEC, 0x0D,
		0x0C, 0xEC, 0x0D, 0x0C, 0xEC, 0x0D, 0x0C, 0xEC, 0x0D, 0x0C, 0xEC, 0x0D, 0x0C, 0xEC, 0x0D, 0x0C,
		0xEC, 0x0D, 0x0C, 0xEC, 0x0D, 0x0C, 0xEC, 0x0D, 0x0C, 0xEC, 0x0D, 0x0C, 0xEC, 0x0D, 0x0C, 0xEC,
		0x0D, 0x0C, 0xEC, 0x0D, 0x0C, 0xEC, 0x0D, 0x0C, 0xEC, 0x0D, 0x0C, 0xEC, 0x0D, 0x0C, 0xEC, 0x0D,
		0x0C, 0xEC, 0x0D, 0x0C, 0xEC, 0x0D, 0x0C, 0xEC, 0x0D, 0x0C, 0xEC, 0x0D, 0x0C, 0xEC, 0x0D, 0x0C,
		0xEC, 0x0D, 0x0C, 0xEC, 0x0D, 0x0C, 0xEC, 0x0D, 0x0C, 0xEC, 0x0D, 0x0C, 0xEC, 0x0D, 0x0C, 0xEC,
		0x0D, 0x0C, 0xEC, 0x0D, 0x0C, 0xEC, 0x0D, 0x0C, 0xEC, 0x0D, 0x0C, 0xEC, 0x0D, 0x0C, 0xEC, 0x0D,
		0x0C, 0xEC, 0x0D, 0x0C, 0xEC, 0x0D, 0x0C, 0xEC, 0x0D, 0x0C, 0xEC, 0x0D, 0x0C, 0xEC, 0x0D, 0x0C,
		0xEC, 0x0D, 0x0C, 0xEC, 0x0D, 0x0C, 0xEC, 0x0D, 0x0C, 0xEC, 0x0D, 0x0C, 0xEC, 0x0D, 0x0C, 0xEC,
		0x0D, 0x0C, 0xEC, 0x0D, 0x0C, 0xEC, 0x0D, 0x0C, 0xEC, 0x0D, 0x0C, 0xEC, 0x0D, 0x0C, 0xEC, 0x0D,
		0x0C, 0xEC, 0x0D, 0x0C, 0xEC, 0x0D, 0x0C, 0xEC, 0x0D, 0x0C, 0xEC, 0x0D, 0x0C, 0xEC, 0x0D, 0x0C,
		0xEC, 0x0D, 0x0C, 0xEC, 0x0D, 0x0C, 0xEC, 0x0D, 0x0C, 0xEC, 0x0D, 0x0C, 0xEC, 0x0D, 0x0C, 0xEC,
		0x0D, 0x0C, 0xEC, 0x0D, 0x0C, 0xEC, 0x0D, 0x0C, 0xEC, 0x0D, 0x0C, 0xEC, 0x0D, 0x0C, 0xEC, 0x0D,
		0x0C, 0xEC, 0x0D, 0x0C, 0xEC, 0x0D, 0x0C, 0xEC, 0x0D, 0x0C, 0xEC, 0x0D, 0x0C, 0xEC, 0x0D, 0x0C,
		0xEC, 0x0D, 0x0C, 0xEC, 0x0D, 0x0C, 0xEC, 0x0D, 0x0C, 0xEC, 0x0D, 0x0C, 0xEC, 0x0D, 0x0C, 0xEC,
		0x0D, 0x0C, 0xEC, 0x0D, 0x0C, 0xEC, 0x0D, 0x0C, 0xEC, 0x0D, 0x0C, 0xEC, 0x0D, 0x0C, 0xEC, 0x0D,
		0x0C, 0xEC, 0x0D, 0x0C, 0xEC, 0x0D, 0x0C, 0xEC, 0x0D, 0x0C, 0xEC, 0x0D, 0x0C, 0xEC, 0x0D, 0x0C,
		0xEC, 0x0D, 0x0C, 0xEC, 0x0D, 0x0C, 0xEC, 0x0D, 0x0C, 0xEC, 0x0D, 0x0C, 0xEC, 0x0D, 0x0C, 0xEC,
		0x0D, 0x0C, 0xEC, 0x0D, 0x0C, 0xEC, 0x0D, 0x0C, 0xEC, 0x0D, 0x0C, 0xEC, 0x0D, 0x0C, 0xEC, 0x0D,
		0x0C, 0xEC, 0x0D, 0x0C, 0xEC, 0x0D, 0x0C, 0xEC, 0x0D, 0x0C, 0xEC, 0x0D, 0x0C, 0xEC, 0x0D, 0x0C,
		0xEC, 0x0D, 0x0C, 0xEC, 0x0D, 0x0C, 0xEC, 0x0D, 0x0C, 0xEC, 0x0D, 0x0C, 0xEC, 0x0D, 0x0C, 0xEC,
		0x0D, 0x0C, 0xEC, 0x0D, 0x0C, 0xEC, 0x0D, 0x0C, 0xEC, 0x0D, 0x0C, 0xEC, 0x0D, 0x0C, 0xEC, 0x0D,
		0x0C, 0xEC, 0x0D, 0x0C, 0xEC, 0x0D, 0x0C, 0xEC, 0x0D, 0x0C, 0xEC, 0x0D, 0x0C, 0xEC, 0x0D, 0x0C,
		0xEC, 0x0D, 0x0C, 0xEC, 0x0D, 0x0C, 0xEC, 0x0D, 0x0C, 0xEC, 0x0D, 0x0C, 0xEC, 0x0D, 0x0C, 0xEC,
		0x0D, 0x0C, 0xEC, 0x0D, 0x0C, 0xEC, 0x0D, 0x0C, 0xEC, 0x0D, 0x0C, 0xEC, 0x0D, 0x0C, 0xEC, 0x0D,
		0x0C, 0xEC, 0x0D, 0x0C, 0xEC, 0x0D, 0x0C, 0xEC, 0x0D, 0x0C, 0xEC, 0x0D, 0x0C, 0xEC, 0x0D, 0x0C,
		0xEC, 0x0D, 0x0C, 0xEC, 0x0D, 0x0C, 0xEC, 0x0D, 0x0C, 0xEC, 0x0D, 0x0C, 0xEC, 0x0D, 0x0C, 0xEC,
		0x0D, 0x0C, 0xEC, 0x0D, 0x0C, 0xEC, 0x0D, 0x0C, 0xEC, 0x0D, 0x0C, 0xEC, 0x0D, 0x0C, 0xEC, 0x0D,
		0x0C, 0xEC, 0x0D, 0x0C, 0xEC, 0x0D, 0x0C, 0xEC, 0x0D, 0x0C, 0xEC, 0x0D, 0x0C, 0xEC, 0x0D, 0x0C,
		0xEC, 0x0D, 0x0C, 0xEC, 0x0D, 0x0C, 0xEC, 0x0D, 0x0C, 0xEC, 0x0D, 0x0C, 0xEC, 0x0D, 0x0C, 0xEC,
		0x0D, 0x0C, 0xEC, 0x0D, 0x0C, 0xEC, 0x0D, 0x0C, 0xEC, 0x0D, 0x0C, 0xEC, 0x0D, 0x0C, 0xEC, 0x0D,
		0x0C, 0xEC, 0x0D, 0x0C, 0xEC, 0x0D, 0x0C, 0xEC, 0x0D, 0x0C, 0xEC, 0x0D, 0x0C, 0xEC, 0x0D, 0x0C,
		0xEC, 0x0D, 0x0C, 0xEC, 0x0D, 0x0C, 0xEC, 0x0D, 0x0C, 0xEC, 0x0D, 0x0C, 0xEC, 0x0D, 0x0C, 0xEC,
		0x0D, 0x0C, 0xEC, 0x0D, 0x0C, 0xEC, 0x0D, 0x0C, 0xEC, 0x0D, 0x0C, 0xEC, 0x0D, 0x0C, 0xEC, 0x0D,
		0x0D, 0x0F, 0xEA, 0x0D, 0x0F, 0xEA, 0x0D, 0x0F, 0xEA, 0x0D, 0x0F, 0xEA, 0x0D, 0x0F, 0xEA, 0x0D,
		0x0F, 0xEA, 0x0D, 0x0F, 0xEA, 0x0D, 0x0F, 0xEA, 0x0D, 0x0F, 0xEA, 0x0D, 0x0F, 0xEA, 0x0D, 0x0F,
		0xEA, 0x0D, 0x0F, 0xEA, 0x0D, 0x0F, 0xEA, 0x0D, 0x0F, 0xEA, 0x0D, 0x0F, 0xEA, 0x0D, 0x0F, 0xEA,
		0x0D, 0x0F, 0xEA, 0x0D, 0x0F, 0xEA, 0x0D, 0x0F, 0xEA, 0x0D, 0x0F, 0xEA, 0x0D, 0x0F, 0xEA, 0x0D,
		0x0F, 0xEA, 0x0D, 0x0F, 0xEA, 0x0D, 0x0F, 0xEA, 0x0D, 0x0F, 0xEA, 0x0D, 0x0F, 0xEA, 0x0D, 0x0F,
		0xEA, 0x0D, 0x0F, 0xEA, 0x0D, 0x0F, 0xEA, 0x0D, 0x0F, 0xEA, 0x0D, 0x0F, 0xEA, 0x0D, 0x0F, 0xEA,
		0x0D, 0x0F, 0xEA, 0x0D, 0x0F, 0xEA, 0x0D, 0x0F, 0xEA, 0x0D, 0x0F, 0xEA, 0x0D, 0x0F, 0xEA, 0x0D,
		0x0F, 0xEA, 0x0D, 0x0F, 0xEA, 0x0D, 0x0F, 0xEA, 0x0D, 0x0F, 0xEA, 0x0D, 0x0F, 0xEA, 0x0D, 0x0F,
		0xEA, 0x0D, 0x0F, 0xEA, 0x0D, 0x0F, 0xEA, 0x0D, 0x0F, 0xEA, 0x0D, 0x0F, 0xEA, 0x0D, 0x0F, 0xEA,
		0x0D, 0x0F, 0xEA, 0x0D, 0x0F, 0xEA, 0x0D, 0x0F, 0xEA, 0x0D, 0x0F, 0xEA, 0x0D, 0x0F, 0xEA, 0x0D,
		0x0F, 0xEA, 0x0D, 0x0F, 0xEA, 0x0D, 0x0F, 0xEA, 0x0D, 0x0F, 0xEA, 0x0D, 0x0F, 0xEA, 0x0D, 0x0F,
		0xEA, 0x0D, 0x0F, 0xEA, 0x0D, 0x0F, 0xEA, 0x0D, 0x0F, 0xEA, 0x0D, 0x0F, 0xEA, 0x0D, 0x0F, 0xEA,
		0x0D, 0x0F, 0xEA, 0x0D, 0x0F, 0xEA, 0x0D, 0x0F, 0xEA, 0x0D, 0x0F, 0xEA, 0x0D, 0x0F, 0xEA, 0x0D,
		0x0F, 0xEA, 0x0D, 0x0F, 0xEA, 0x0D, 0x0F, 0xEA, 0x0D, 0x0F, 0xEA, 0x0D, 0x0F, 0xEA, 0x0D, 0x0F,
		0xEA, 0x0D, 0x0F, 0xEA, 0x0D, 0x0F, 0xEA, 0x0D, 0x0F, 0xEA, 0x0D, 0x0F, 0xEA, 0x0D, 0x0F, 0xEA,
		0x0D, 0x0F, 0xEA, 0x0D, 0x0F, 0xEA, 0x0D, 0x0F, 0xEA, 0x0D, 0x0F, 0xEA, 0x0D, 0x0F, 0xEA, 0x0D,
		0x0F, 0xEA, 0x0D, 0x0F, 0xEA, 0x0D, 0x0F, 0xEA, 0x0D, 0x0F, 0xEA, 0x0D, 0x0F, 0xEA, 0x0D, 0x0F,
		0xEA, 0x0D, 0x0F, 0xEA, 0x0D, 0x0F, 0xEA, 0x0D, 0x0F, 0xEA, 0x0D, 0x0F, 0xEA, 0x0D, 0x0F, 0xEA,
		0x0D, 0x0F, 0xEA, 0x0D, 0x0F, 0xEA, 0x0D, 0x0F, 0xEA, 0x0D, 0x0F, 0xEA, 0x0D, 0x0F, 0xEA, 0x0D,
		0x0F, 0xEA, 0x0D, 0x0F, 0xEA, 0x0D, 0x0F, 0xEA, 0x0D, 0x0F, 0xEA, 0x0D, 0x0F, 0xEA, 0x0D, 0x0F,
		0xEA, 0x0D, 0x0F, 0xEA, 0x0D, 0x0F, 0xEA, 0x0D, 0x0F, 0xEA, 0x0D, 0x0F, 0xEA, 0x0D, 0x0F, 0xEA,
		0x0D, 0x0F, 0xEA, 0x0D, 0x0F, 0xEA, 0x0D, 0x0F, 0xEA, 0x0D, 0x0F, 0xEA, 0x0D, 0x0F, 0xEA, 0x0D,
		0x0F, 0xEA, 0x0D, 0x0F, 0xEA, 0x0D, 0x0F, 0xEA, 0x0D, 0x0F, 0xEA, 0x0D, 0x0F, 0xEA, 0x0D, 0x0F,
		0xEA, 0x0D, 0x0F, 0xEA, 0x0D, 0x0F, 0xEA, 0x0D, 0x0F, 0xEA, 0x0D, 0x0F, 0xEA, 0x0D, 0x0F, 0xEA,
		0x0D, 0x0F, 0xEA, 0x0D, 0x0F, 0xEA, 0x0D, 0x0F, 0xEA, 0x0D, 0x0F, 0xEA, 0x0D, 0x0F, 0xEA, 0x0D,
		0x0F, 0xEA, 0x0D, 0x0F, 0xEA, 0x0D, 0x0F, 0xEA, 0x0D, 0x0F, 0xEA, 0x0D, 0x0F, 0xEA, 0x0D, 0x0F,
		0xEA, 0x0D, 0x0F, 0xEA, 0x0D, 0x0F, 0xEA, 0x0D, 0x0F, 0xEA, 0x0D, 0x0F, 0xEA, 0x0D, 0x0F, 0xEA,
		0x0D, 0x0F, 0xEA, 0x0D, 0x0F, 0xEA, 0x0D, 0x0F, 0xEA, 0x0D, 0x0F, 0xEA, 0x0D, 0x0F, 0xEA, 0x0D,
		0x0F, 0xEA, 0x0D, 0x0F, 0xEA, 0x0D, 0x0F, 0xEA, 0x0D, 0x0F, 0xEA, 0x0D, 0x0F, 0xEA, 0x0D, 0x0F,
		0xEA, 0x0D, 0x0F, 0xEA, 0x0D, 0x0F, 0xEA, 0x0D, 0x0F, 0xEA, 0x0D, 0x0F, 0xEA, 0x0D, 0x0F, 0xEA,
		0x0D, 0x0F, 0xEA, 0x0D, 0x0F, 0xEA, 0x0D, 0x0F, 0xEA, 0x0D, 0x0F, 0xEA, 0x0D, 0x0F, 0xEA, 0x0D,
		0x0F, 0xEA, 0x0D, 0x0F, 0xEA, 0x0D, 0x0F, 0xEA, 0x0D, 0x0F, 0xEA, 0x0D, 0x0F, 0xEA, 0x0D, 0x0F,
		0xEA, 0x0D, 0x0F, 0xEA, 0x0D, 0x0F, 0xEA, 0x0D, 0x0F, 0xEA, 0x0D, 0x0F, 0xEA, 0x0D, 0x0F, 0xEA,
		0x0D, 0x0F, 0xEA, 0x0D, 0x0F, 0xEA, 0x0D, 0x0F, 0xEA, 0x0D, 0x0F, 0xEA, 0x0D, 0x0F, 0xEA, 0x0D,
		0x0F, 0xEA, 0x0D, 0x0F, 0xEA, 0x0D, 0x0F, 0xEA, 0x0D, 0x0F, 0xEA, 0x0D, 0x0F, 0xEA, 0x0D, 0x0F,
		0xEA, 0x0D, 0x0F, 0xEA, 0x0D, 0x0F, 0xEA, 0x0D, 0x0F, 0xEA, 0x0D, 0x0F, 0xEA, 0x0D, 0x0F, 0xEA,
		0x0D, 0x0F, 0xEA, 0x0D, 0x0F, 0xEA, 0x0D, 0x0F, 0xEA, 0x0D, 0x0F, 0xEA, 0x0D, 0x0F, 0xEA, 0x0D,
		0x0F, 0xEA, 0x0D, 0x0F, 0xEA, 0x0D, 0x0F, 0xEA, 0x0D, 0x0F, 0xEA, 0x0D, 0x0F, 0xEA, 0x0D, 0x0F,
		0xEA, 0x0D, 0x0F, 0xEA, 0x0D, 0x0F, 0xEA, 0x0D, 0x0F, 0xEA, 0x0D, 0x0F, 0xEA, 0x0D, 0x0F, 0xEA,
		0x0D, 0x0F, 0xEA, 0x0D, 0x0F, 0xEA, 0x0D, 0x0F, 0xEA, 0x0D, 0x0F, 0xEA, 0x0D, 0x0F, 0xEA, 0x0D,
		0x0F, 0xEA, 0x0D, 0x0F, 0xEA, 0x0D, 0x0F, 0xEA, 0x0D, 0x0F, 0xEA, 0x0D, 0x0F, 0xEA, 0x0D, 0x0F,
		0xEA, 0x0D, 0x0F, 0xEA, 0x0D, 0x0F, 0xEA, 0x0D, 0x0F, 0xEA, 0x0D, 0x0F, 0xEA, 0x0D, 0x0F, 0xEA,
		0x0D, 0x0F, 0xEA, 0x0D, 0x0F, 0xEA, 0x0D, 0x0F, 0xEA, 0x0D, 0x0F, 0xEA, 0x0D, 0x0F, 0xEA, 0x0D,
		0x0F, 0xEA, 0x0D, 0x0F, 0xEA, 0x0D, 0x0F, 0xEA, 0x0D, 0x0F, 0xEA, 0x0D, 0x0F, 0xEA, 0x0D, 0x0F,
		0xEA, 0x0D, 0x0F, 0xEA, 0x0D, 0x0F, 0xEA, 0x0D, 0x0F, 0xEA, 0x0D, 0x0F, 0xEA, 0x0D, 0x0F, 0xEA,
		0x0D, 0x0F, 0xEA, 0x0D, 0x0F, 0xEA, 0x0D, 0x0F, 0xEA, 0x0D, 0x0F, 0xEA, 0x0D, 0x0F, 0xEA, 0x0D,
		0x0F, 0xEA, 0x0D, 0x0F, 0xEA, 0x0D, 0x0F, 0xEA, 0x0D, 0x0F, 0xEA, 0x0D, 0x0F, 0xEA, 0x0D, 0x0F,
		0xEA, 0x0D, 0x0F, 0xEA, 0x0D, 0x0F, 0xEA, 0x0D, 0x0F, 0xEA, 0x0D, 0x0F, 0xEA, 0x0D, 0x0F, 0xEA,
		0x0D, 0x0F, 0xEA, 0x0D, 0x0F, 0xEA, 0x0D, 0x0F, 0xEA, 0x0D, 0x0F, 0xEA, 0x0D, 0x0F, 0xEA, 0x0D,
		0x0F, 0xEA, 0x0D, 0x0F, 0xEA, 0x0D, 0x0F, 0xEA, 0x0D, 0x0F, 0xEA, 0x0D, 0x0F, 0xEA, 0x0D, 0x0F,
		0xEA, 0x0D, 0x0F, 0xEA, 0x0D, 0x0F, 0xEA, 0x0D, 0x0F, 0xEA, 0x0D, 0x0F, 0xEA, 0x0D, 0x0F, 0xEA,
		0x0D, 0x0F, 0xEA, 0x0D, 0x0F, 0xEA, 0x0D, 0x0F, 0xEA, 0x0D, 0x0F, 0xEA, 0x0D, 0x0F, 0xEA, 0x0D,
		0x0F, 0xEA, 0x0D, 0x0F, 0xEA, 0x0D, 0x0F, 0xEA, 0x0D, 0x0F, 0xEA, 0x0D, 0x0F, 0xEA, 0x0D, 0x0F,
		0xEA, 0x0D, 0x0F, 0xEA, 0x0D, 0x0F, 0xEA, 0x0D, 0x0F, 0xEA, 0x0D, 0x0F, 0xEA, 0x0D, 0x0F, 0xEA,
		0x0D, 0x0F, 0xEA, 0x0D, 0x0F, 0xEA, 0x0D, 0x0F, 0xEA, 0x0D, 0x0F, 0xEA, 0x0D, 0x0F, 0xEA, 0x0D,
		0x0F, 0xEA, 0x0D, 0x0F, 0xEA, 0x0D, 0x0F, 0xEA, 0x0D, 0x0F, 0xEA, 0x0D, 0x0F, 0xEA, 0x0D, 0x0F,
		0xEA, 0x0D, 0x0F, 0xEA, 0x0D, 0x0F, 0xEA, 0x0D, 0x0F, 0xEA, 0x0D, 0x0F, 0xEA, 0x0D, 0x0F, 0xEA,
		0x0D, 0x0F, 0xEA, 0x0D, 0x0F, 0xEA, 0x0D, 0x0F, 0xEA, 0x0D, 0x0F, 0xEA, 0x0D, 0x0F, 0xEA, 0x0D,
		0x0F, 0xEA, 0x0D, 0x0F, 0xEA, 0x0D, 0x0F, 0xEA, 0x0D, 0x0F, 0xEA, 0x0D, 0x0F, 0xEA, 0x0D, 0x0F,
		0xEA, 0x0D, 0x0F, 0xEA, 0x0D, 0x0F, 0xEA, 0x0D, 0x0F, 0xEA, 0x0D, 0x0F, 0xEA, 0x0D, 0x0F, 0xEA,
		0x0D, 0x0F, 0xEA, 0x0D, 0x0F, 0xEA, 0x0D, 0x0F, 0xEA, 0x0D, 0x0F, 0xEA, 0x0D, 0x0F, 0xEA, 0x0D,
		0x0F, 0xEA, 0x0D, 0x0F, 0xEA, 0x0D, 0x0F, 0xEA, 0x0D, 0x0F, 0xEA, 0x0D, 0x0F, 0xEA, 0x0D, 0x0F,
		0xEA, 0x0D, 0x0F, 0xEA, 0x0D, 0x0F, 0xEA, 0x0D, 0x0F, 0xEA, 0x0D, 0x0F, 0xEA, 0x0D, 0x0F, 0xEA,
		0x0D, 0x0F, 0xEA, 0x0D, 0x0F, 0xEA, 0x0D, 0x0F, 0xEA, 0x0D, 0x0F, 0xEA, 0x0D, 0x0F, 0xEA, 0x0D,
		0x0F, 0xEA, 0x0D, 0x0F, 0xEA, 0x0D, 0x0F, 0xEA, 0x0D, 0x0F, 0xEA, 0x0D, 0x0F, 0xEA, 0x0D, 0x0F,
		0xEA, 0x0D, 0x0F, 0xEA, 0x0D, 0x0F, 0xEA, 0x0D, 0x0F, 0xEA, 0x0D, 0x0F, 0xEA, 0x0D, 0x0F, 0xEA,
		0x0D, 0x0F, 0xEA, 0x0D, 0x0F, 0xEA, 0x0D, 0x0F, 0xEA, 0x0D, 0x0F, 0xEA, 0x0D, 0x0F, 0xEA, 0x0D,
		0x0F, 0xEA, 0x0D, 0x0F, 0xEA, 0x0D, 0x0F, 0xEA, 0x0D, 0x0F, 0xEA, 0x0D, 0x0F, 0xEA, 0x0D, 0x0F,
		0xEA, 0x0D, 0x0F, 0xEA, 0x0D, 0x0F, 0xEA, 0x0D, 0x0F, 0xEA, 0x0D, 0x0F, 0xEA, 0x0D, 0x0F, 0xEA,
		0x0D, 0x0F, 0xEA, 0x0D, 0x0F, 0xEA, 0x0D, 0x0F, 0xEA, 0x0D, 0x0F, 0xEA, 0x0D, 0x0F, 0xEA, 0x0D,
		0x0F, 0xEA, 0x0D, 0x0F, 0xEA, 0x0D, 0x0F, 0xEA, 0x0D, 0x0F, 0xEA, 0x0D, 0x0F, 0xEA, 0x0D, 0x0F,
		0xEA, 0x0D, 0x0F, 0xEA, 0x0D, 0x0F, 0xEA, 0x0D, 0x0F, 0xEA, 0x0D, 0x0F, 0xEA, 0x0D, 0x0F, 0xEA,
		0x0D, 0x0F, 0xEA, 0x0D, 0x0F, 0xEA, 0x0D, 0x0F, 0xEA, 0x0D, 0x0F, 0xEA, 0x0D, 0x0F, 0xEA, 0x0D,
		0x0F, 0xEA, 0x0D, 0x0F, 0xEA, 0x0D, 0x0F, 0xEA, 0x0D, 0x0F, 0xEA, 0x0D, 0x0F, 0xEA, 0x0D, 0x0F,
		0xEA, 0x0D, 0x0F, 0xEA, 0x0D, 0x0F, 0xEA, 0x0D, 0x0F, 0xEA, 0x0D, 0x0F, 0xEA, 0x0D, 0x0F, 0xEA,
		0x0D, 0x0F, 0xEA, 0x0D, 0x0F, 0xEA, 0x0D, 0x0F, 0xEA, 0x0D, 0x0F, 0xEA, 0x0D, 0x0F, 0xEA, 0x0D,
		0x0F, 0xEA, 0x0D, 0x0F, 0xEA, 0x0D, 0x0F, 0xEA, 0x0D, 0x0F, 0xEA, 0x0D, 0x0F, 0xEA, 0x0D, 0x0F,
		0xEA, 0x0D, 0x0F, 0xEA, 0x0D, 0x0F, 0xEA, 0x0D, 0x0F, 0xEA, 0x0D, 0x0F, 0xEA, 0x0D, 0x0F, 0xEA,
		0x0D, 0x0F, 0xEA, 0x0D, 0x0F, 0xEA, 0x0D, 0x0F, 0xEA, 0x0D, 0x0F, 0xEA, 0x0D, 0x0F, 0xEA, 0x0D,
		0x0F, 0xEA, 0x0D, 0x0F, 0xEA, 0x0D, 0x0F, 0xEA, 0x0D, 0x0F, 0xEA, 0x0D, 0x0F, 0xEA, 0x0D, 0x0F,
		0xEA, 0x0D, 0x0F, 0xEA, 0x0D, 0x0F, 0xEA, 0x0D, 0x0F, 0xEA, 0x0D, 0x0F, 0xEA, 0x0D, 0x0F, 0xEA,
		0x0D, 0x0F, 0xEA, 0x0D, 0x0F, 0xEA, 0x0D, 0x0F, 0xEA, 0x0D, 0x0F, 0xEA, 0x0D, 0x0F, 0xEA, 0x0D,
		0x0F, 0xEA, 0x0D, 0x0F, 0xEA, 0x0D, 0x0F, 0xEA, 0x0D, 0x0F, 0xEA, 0x0D, 0x0F, 0xEA, 0x0D, 0x0F,
		0xEA, 0x0D, 0x0F, 0xEA, 0x0D, 0x0F, 0xEA, 0x0D, 0x0F, 0xEA, 0x0D, 0x0F, 0xEA, 0x0D, 0x0F, 0xEA,
		0x0D, 0x0F, 0xEA, 0x0D, 0x0F, 0xEA, 0x0D, 0x0F, 0xEA, 0x0D, 0x0F, 0xEA, 0x0D, 0x0F, 0xEA, 0x0D,
		0x0F, 0xEA, 0x0D, 0x0F, 0xEA, 0x0D, 0x0F, 0xEA, 0x0D, 0x0F, 0xEA, 0x0D, 0x0F, 0xEA, 0x0D, 0x0F,
		0xEA, 0x0D, 0x0F, 0xEA, 0x0D, 0x0F, 0xEA, 0x0D, 0x0F, 0xEA, 0x0D, 0x0F, 0xEA, 0x0D, 0x0F, 0xEA,
		0x0D, 0x0F, 0xEA, 0x0D, 0x0F, 0xEA, 0x0D, 0x0F, 0xEA, 0x0D, 0x0F, 0xEA, 0x0D, 0x0F, 0xEA, 0x0D,
		0x0F, 0xEA, 0x0D, 0x0F, 0xEA, 0x0D, 0x0F, 0xEA, 0x0D, 0x0F, 0xEA, 0x0D, 0x0F, 0xEA, 0x0D, 0x0F,
		0xEA, 0x0D, 0x0F, 0xEA, 0x0D, 0x0F, 0xEA, 0x0D, 0x0F, 0xEA, 0x0D, 0x0F, 0xEA, 0x0D, 0x0F, 0xEA,
		0x0D, 0x0F, 0xEA, 0x0D, 0x0F, 0xEA, 0x0D, 0x0F, 0xEA, 0x0D, 0x0F, 0xEA, 0x0D, 0x0F, 0xEA, 0x0D,
		0x0F, 0xEA, 0x0D, 0x0F, 0xEA, 0x0D, 0x0F, 0xEA, 0x0D, 0x0F, 0xEA, 0x0D, 0x0F, 0xEA, 0x0D, 0x0F,
		0xEA, 0x0D, 0x0F, 0xEA, 0x0D, 0x0F, 0xEA, 0x0D, 0x0F, 0xEA, 0x0D, 0x0F, 0xEA, 0x0D, 0x0F, 0xEA,
		0x0D, 0x0F, 0xEA, 0x0D, 0x0F, 0xEA, 0x0D, 0x0F, 0xEA, 0x0D, 0x0F, 0xEA, 0x0D, 0x0F, 0xEA, 0x0D,
		0x0F, 0xEA, 0x0D, 0x0F, 0xEA, 0x0D, 0x0F, 0xEA, 0x0D, 0x0F, 0xEA, 0x0D, 0x0F, 0xEA, 0x0D, 0x0F,
		0xEA, 0x0D, 0x0F, 0xEA, 0x0D, 0x0F, 0xEA, 0x0D, 0x0F, 0xEA, 0x0D, 0x0F, 0xEA, 0x0D, 0x0F, 0xEA,
		0x0D, 0x0F, 0xEA, 0x0D, 0x0F, 0xEA, 0x0D, 0x0F, 0xEA, 0x0D, 0x0F, 0xEA, 0x0D, 0x0F, 0xEA, 0x0D,
		0x0F, 0xEA, 0x0D, 0x0F, 0xEA, 0x0D, 0x0F, 0xEA, 0x0D, 0x0F, 0xEA, 0x0D, 0x0F, 0xEA, 0x0D, 0x0F,
		0xEA, 0x0D, 0x0F, 0xEA, 0x0D, 0x0F, 0xEA, 0x0D, 0x0F, 0xEA, 0x0D, 0x0F, 0xEA, 0x0D, 0x0F, 0xEA,
		0x0D, 0x0F, 0xEA, 0x0D, 0x0F, 0xEA, 0x0D, 0x0F, 0xEA, 0x0D, 0x0F, 0xEA, 0x0D, 0x0F, 0xEA, 0x0D,
		0x0F, 0xEA, 0x0D, 0x0F, 0xEA, 0x0D, 0x0F, 0xEA, 0x0D, 0x0F, 0xEA, 0x0D, 0x0F, 0xEA, 0x0D, 0x0F,
		0xEA, 0x0D, 0x0F, 0xEA, 0x0D, 0x0F, 0xEA, 0x0D, 0x0F, 0xEA, 0x0D, 0x0F, 0xEA, 0x0D, 0x0F, 0xEA,
		0x0D, 0x0F, 0xEA, 0x0D, 0x0F, 0xEA, 0x0D, 0x0F, 0xEA, 0x0D, 0x0F, 0xEA, 0x0D, 0x0F, 0xEA, 0x0D,
		0x0F, 0xEA, 0x0D, 0x0F, 0xEA, 0x0D, 0x0F, 0xEA, 0x0D, 0x0F, 0xEA, 0x0D, 0x0F, 0xEA, 0x0D, 0x0F,
		0xEA, 0x0D, 0x0F, 0xEA, 0x0D, 0x0F, 0xEA, 0x0D, 0x0F, 0xEA, 0x0D, 0x0F, 0xEA, 0x0D, 0x0F, 0xEA,
		0x0D, 0x0F, 0xEA, 0x0D, 0x0F, 0xEA, 0x0D, 0x0F, 0xEA, 0x0D, 0x0F, 0xEA, 0x0D, 0x0F, 0xEA, 0x0D,
		0x0F, 0xEA, 0x0D, 0x0F, 0xEA, 0x0D, 0x0F, 0xEA, 0x0D, 0x0F, 0xEA, 0x0D, 0x0F, 0xEA, 0x0D, 0x0F,
		0xEA, 0x0D, 0x0F, 0xEA, 0x0D, 0x0F, 0xEA, 0x0D, 0x0F, 0xEA, 0x0D, 0x0F, 0xEA, 0x0D, 0x0F, 0xEA,
		0x0D, 0x0F, 0xEA, 0x0D, 0x0F, 0xEA, 0x0D, 0x0F, 0xEA, 0x0D, 0x0F, 0xEA, 0x0D, 0x0F, 0xEA, 0x0D,
		0x0F, 0xEA, 0x0D, 0x0F, 0xEA, 0x0D, 0x0F, 0xEA, 0x0D, 0x0F, 0xEA, 0x0D, 0x0F, 0xEA, 0x0D, 0x0F,
		0xEA, 0x0D, 0x0F, 0xEA, 0x0D, 0x0F, 0xEA, 0x0D, 0x0F, 0xEA, 0x0D, 0x0F, 0xEA, 0x0D, 0x0F, 0xEA,
		0x0D, 0x0F, 0xEA, 0x0D, 0x0F, 0xEA, 0x0D, 0x0F, 0xEA, 0x0D, 0x0F, 0xEA, 0x0D, 0x0F, 0xEA, 0x0D,
		0x0F, 0xEA, 0x0D, 0x0F, 0xEA, 0x0D, 0x0F, 0xEA, 0x0D, 0x0F, 0xEA, 0x0D, 0x0F, 0xEA, 0x0D, 0x0F,
		0xEA, 0x0D, 0x0F, 0xEA, 0x0D, 0x0F, 0xEA, 0x0D, 0x0F, 0xEA, 0x0D, 0x0F, 0xEA, 0x0D, 0x0F, 0xEA,
		0x0D, 0x0F, 0xEA, 0x0D, 0x0F, 0xEA, 0x0D, 0x0F, 0xEA, 0x0D, 0x0F, 0xEA, 0x0D, 0x0F, 0xEA, 0x0D,
		0x0F, 0xEA, 0x0D, 0x0F, 0xEA, 0x0D, 0x0F, 0xEA, 0x0D, 0x0F, 0xEA, 0x0D, 0x0F, 0xEA, 0x0D, 0x0F,
		0xEA, 0x0D, 0x0F, 0xEA, 0x0D, 0x0F, 0xEA, 0x0D, 0x0F, 0xEA, 0x0D, 0x0F, 0xEA, 0x0D, 0x0F, 0xEA,
		0x0D, 0x0F, 0xEA, 0x0D, 0x0F, 0xEA, 0x0D, 0x0F, 0xEA, 0x0D, 0x0F, 0xEA, 0x0D, 0x0F, 0xEA, 0x0D,
		0x0F, 0xEA, 0x0D, 0x0F, 0xEA, 0x0D, 0x0F, 0xEA, 0x0D, 0x0F, 0xEA, 0x0D, 0x0F, 0xEA, 0x0D, 0x0F,
		0xEA, 0x0D, 0x0F, 0xEA, 0x0D, 0x0F, 0xEA, 0x0D, 0x0F, 0xEA, 0x0D, 0x0F, 0xEA, 0x0D, 0x0F, 0xEA,
		0xE4, 0xE4, 0xE4, 0xDD, 0xDD, 0xDD, 0xD4, 0xD7, 0xD4, 0xCD, 0xD0, 0xCD, 0xC6, 0xC9, 0xC6, 0xBF,
		0xC2, 0xBF, 0xB8, 0xBB, 0xB8, 0xB0, 0xB3, 0xB0, 0xA9, 0xAC, 0xA9, 0xA3, 0xA6, 0xA3, 0x9C, 0x9F,
		0x9C, 0x94, 0x97, 0x94, 0x8E, 0x91, 0x8E, 0x87, 0x8A, 0x87, 0x80, 0x83, 0x80, 0x78, 0x7B, 0x78,
		0x71, 0x74, 0x71, 0x6A, 0x6D, 0x6A, 0x62, 0x66, 0x63, 0x5B, 0x5F, 0x5C, 0x54, 0x58, 0x55, 0x4E,
		0x52, 0x4F, 0x47, 0x4B, 0x48, 0x3F, 0x43, 0x40, 0x38, 0x3C, 0x39, 0x31, 0x35, 0x32, 0x2A, 0x2F,
		0x29, 0x23, 0x28, 0x22, 0x1C, 0x21, 0x1B, 0x15, 0x1A, 0x14, 0x10, 0x13, 0x10, 0xE8, 0xEB, 0xE8,
		0xE4, 0xE4, 0xE4, 0xDD, 0xDD, 0xDD, 0xD4, 0xD7, 0xD4, 0xCD, 0xD0, 0xCD, 0xC6, 0xC9, 0xC6, 0xBF,
		0xC2, 0xBF, 0xB8, 0xBB, 0xB8, 0xB0, 0xB3, 0xB0, 0xA9, 0xAC, 0xA9, 0xA3, 0xA6, 0xA3, 0x9C, 0x9F,
		0x9C, 0x94, 0x97, 0x94, 0x8E, 0x91, 0x8E, 0x87, 0x8A, 0x87, 0x80, 0x83, 0x80, 0x78, 0x7B, 0x78,
		0x71, 0x74, 0x71, 0x6A, 0x6D, 0x6A, 0x62, 0x66, 0x63, 0x5B, 0x5F, 0x5C, 0x54, 0x58, 0x55, 0x4E,
		0x52, 0x4F, 0x47, 0x4B, 0x48, 0x3F, 0x43, 0x40, 0x38, 0x3C, 0x39, 0x31, 0x35, 0x32, 0x2A, 0x2F,
		0x29, 0x23, 0x28, 0x22, 0x1C, 0x21, 0x1B, 0x15, 0x1A, 0x14, 0x10, 0x13, 0x10, 0xE8, 0xEB, 0xE8,
		0xE4, 0xE4, 0xE4, 0xDD, 0xDD, 0xDD, 0xD4, 0xD7, 0xD4, 0xCD, 0xD0, 0xCD, 0xC6, 0xC9, 0xC6, 0xBF,
		0xC2, 0xBF, 0xB8, 0xBB, 0xB8, 0xB0, 0xB3, 0xB0, 0xA9, 0xAC, 0xA9, 0xA3, 0xA6, 0xA3, 0x9C, 0x9F,
		0x9C, 0x94, 0x97, 0x94, 0x8E, 0x91, 0x8E, 0x87, 0x8A, 0x87, 0x80, 0x83, 0x80, 0x78, 0x7B, 0x78,
		0x71, 0x74, 0x71, 0x6A, 0x6D, 0x6A, 0x62, 0x66, 0x63, 0x5B, 0x5F, 0x5C, 0x54, 0x58, 0x55, 0x4E,
		0x52, 0x4F, 0x47, 0x4B, 0x48, 0x3F, 0x43, 0x40, 0x38, 0x3C, 0x39, 0x31, 0x35, 0x32, 0x2A, 0x2F,
		0x29, 0x23, 0x28, 0x22, 0x1C, 0x21, 0x1B, 0x15, 0x1A, 0x14, 0x10, 0x13, 0x10, 0xE8, 0xEB, 0xE8,
		0xE4, 0xE4, 0xE4, 0xDD, 0xDD, 0xDD, 0xD4, 0xD7, 0xD4, 0xCD, 0xD0, 0xCD, 0xC6, 0xC9, 0xC6, 0xBF,
		0xC2, 0xBF, 0xB8, 0xBB, 0xB8, 0xB0, 0xB3, 0xB0, 0xA9, 0xAC, 0xA9, 0xA3, 0xA6, 0xA3, 0x9C, 0x9F,
		0x9C, 0x94, 0x97, 0x94, 0x8E, 0x91, 0x8E, 0x87, 0x8A, 0x87, 0x80, 0x83, 0x80, 0x78, 0x7B, 0x78,
		0x71, 0x74, 0x71, 0x6A, 0x6D, 0x6A, 0x62, 0x66, 0x63, 0x5B, 0x5F, 0x5C, 0x54, 0x58, 0x55, 0x4E,
		0x52, 0x4F, 0x47, 0x4B, 0x48, 0x3F, 0x43, 0x40, 0x38, 0x3C, 0x39, 0x31, 0x35, 0x32, 0x2A, 0x2F,
		0x29, 0x23, 0x28, 0x22, 0x1C, 0x21, 0x1B, 0x15, 0x1A, 0x14, 0x10, 0x13, 0x10, 0xE8, 0xEB, 0xE8,
		0xE4, 0xE4, 0xE4, 0xDD, 0xDD, 0xDD, 0xD4, 0xD7, 0xD4, 0xCD, 0xD0, 0xCD, 0xC6, 0xC9, 0xC6, 0xBF,
		0xC2, 0xBF, 0xB8, 0xBB, 0xB8, 0xB0, 0xB3, 0xB0, 0xA9, 0xAC, 0xA9, 0xA3, 0xA6, 0xA3, 0x9C, 0x9F,
		0x9C, 0x94, 0x97, 0x94, 0x8E, 0x91, 0x8E, 0x87, 0x8A, 0x87, 0x80, 0x83, 0x80, 0x78, 0x7B, 0x78,
		0x71, 0x74, 0x71, 0x6A, 0x6D, 0x6A, 0x62, 0x66, 0x63, 0x5B, 0x5F, 0x5C, 0x54, 0x58, 0x55, 0x4E,
		0x52, 0x4F, 0x47, 0x4B, 0x48, 0x3F, 0x43, 0x40, 0x38, 0x3C, 0x39, 0x31, 0x35, 0x32, 0x2A, 0x2F,
		0x29, 0x23, 0x28, 0x22, 0x1C, 0x21, 0x1B, 0x15, 0x1A, 0x14, 0x10, 0x13, 0x10, 0xE8, 0xEB, 0xE8,
		0xE4, 0xE4, 0xE4, 0xDD, 0xDD, 0xDD, 0xD4, 0xD7, 0xD4, 0xCD, 0xD0, 0xCD, 0xC6, 0xC9, 0xC6, 0xBF,
		0xC2, 0xBF, 0xB8, 0xBB, 0xB8, 0xB0, 0xB3, 0xB0, 0xA9, 0xAC, 0xA9, 0xA3, 0xA6, 0xA3, 0x9C, 0x9F,
		0x9C, 0x94, 0x97, 0x94, 0x8E, 0x91, 0x8E, 0x87, 0x8A, 0x87, 0x80, 0x83, 0x80, 0x78, 0x7B, 0x78,
		0x71, 0x74, 0x71, 0x6A, 0x6D, 0x6A, 0x62, 0x66, 0x63, 0x5B, 0x5F, 0x5C, 0x54, 0x58, 0x55, 0x4E,
		0x52, 0x4F, 0x47, 0x4B, 0x48, 0x3F, 0x43, 0x40, 0x38, 0x3C, 0x39, 0x31, 0x35, 0x32, 0x2A, 0x2F,
		0x29, 0x23, 0x28, 0x22, 0x1C, 0x21, 0x1B, 0x15, 0x1A, 0x14, 0x10, 0x13, 0x10, 0xE8, 0xEB, 0xE8,
		0xE4, 0xE4, 0xE4, 0xDD, 0xDD, 0xDD, 0xD4, 0xD7, 0xD4, 0xCD, 0xD0, 0xCD, 0xC6, 0xC9, 0xC6, 0xBF,
		0xC2, 0xBF, 0xB8, 0xBB, 0xB8, 0xB0, 0xB3, 0xB0, 0xA9, 0xAC, 0xA9, 0xA3, 0xA6, 0xA3, 0x9C, 0x9F,
		0x9C, 0x94, 0x97, 0x94, 0x8E, 0x91, 0x8E, 0x87, 0x8A, 0x87, 0x80, 0x83, 0x80, 0x78, 0x7B, 0x78,
		0x71, 0x74, 0x71, 0x6A, 0x6D, 0x6A, 0x62, 0x66, 0x63, 0x5B, 0x5F, 0x5C, 0x54, 0x58, 0x55, 0x4E,
		0x52, 0x4F, 0x47, 0x4B, 0x48, 0x3F, 0x43, 0x40, 0x38, 0x3C, 0x39, 0x31, 0x35, 0x32, 0x2A, 0x2F,
		0x29, 0x23, 0x28, 0x22, 0x1C, 0x21, 0x1B, 0x15, 0x1A, 0x14, 0x10, 0x13, 0x10, 0xE8, 0xEB, 0xE8,
		0xE4, 0xE4, 0xE4, 0xDD, 0xDD, 0xDD, 0xD4, 0xD7, 0xD4, 0xCD, 0xD0, 0xCD, 0xC6, 0xC9, 0xC6, 0xBF,
		0xC2, 0xBF, 0xB8, 0xBB, 0xB8, 0xB0, 0xB3, 0xB0, 0xA9, 0xAC, 0xA9, 0xA3, 0xA6, 0xA3, 0x9C, 0x9F,
		0x9C, 0x94, 0x97, 0x94, 0x8E, 0x91, 0x8E, 0x87, 0x8A, 0x87, 0x80, 0x83, 0x80, 0x78, 0x7B, 0x78,
		0x71, 0x74, 0x71, 0x6A, 0x6D, 0x6A, 0x62, 0x66, 0x63, 0x5B, 0x5F, 0x5C, 0x54, 0x58, 0x55, 0x4E,
		0x52, 0x4F, 0x47, 0x4B, 0x48, 0x3F, 0x43, 0x40, 0x38, 0x3C, 0x39, 0x31, 0x35, 0x32, 0x2A, 0x2F,
		0x29, 0x23, 0x28, 0x22, 0x1C, 0x21, 0x1B, 0x15, 0x1A, 0x14, 0x10, 0x13, 0x10, 0xE8, 0xEB, 0xE8,
		0xE4, 0xE4, 0xE4, 0xDD, 0xDD, 0xDD, 0xD4, 0xD7, 0xD4, 0xCD, 0xD0, 0xCD, 0xC6, 0xC9, 0xC6, 0xBF,
		0xC2, 0xBF, 0xB8, 0xBB, 0xB8, 0xB0, 0xB3, 0xB0, 0xA9, 0xAC, 0xA9, 0xA3, 0xA6, 0xA3, 0x9C, 0x9F,
		0x9C, 0x94, 0x97, 0x94, 0x8E, 0x91, 0x8E, 0x87, 0x8A, 0x87, 0x80, 0x83, 0x80, 0x78, 0x7B, 0x78,
		0x71, 0x74, 0x71, 0x6A, 0x6D, 0x6A, 0x62, 0x66, 0x63, 0x5B, 0x5F, 0x5C, 0x54, 0x58, 0x55, 0x4E,
		0x52, 0x4F, 0x47, 0x4B, 0x48, 0x3F, 0x43, 0x40, 0x38, 0x3C, 0x39, 0x31, 0x35, 0x32, 0x2A, 0x2F,
		0x29, 0x23, 0x28, 0x22, 0x1C, 0x21, 0x1B, 0x15, 0x1A, 0x14, 0x10, 0x13, 0x10, 0xE8, 0xEB, 0xE8,
		0xE4, 0xE4, 0xE4, 0xDD, 0xDD, 0xDD, 0xD4, 0xD7, 0xD4, 0xCD, 0xD0, 0xCD, 0xC6, 0xC9, 0xC6, 0xBF,
		0xC2, 0xBF, 0xB8, 0xBB, 0xB8, 0xB0, 0xB3, 0xB0, 0xA9, 0xAC, 0xA9, 0xA3, 0xA6, 0xA3, 0x9C, 0x9F,
		0x9C, 0x94, 0x97, 0x94, 0x8E, 0x91, 0x8E, 0x87, 0x8A, 0x87, 0x80, 0x83, 0x80, 0x78, 0x7B, 0x78,
		0x71, 0x74, 0x71, 0x6A, 0x6D, 0x6A, 0x62, 0x66, 0x63, 0x5B, 0x5F, 0x5C, 0x54, 0x58, 0x55, 0x4E,
		0x52, 0x4F, 0x47, 0x4B, 0x48, 0x3F, 0x43, 0x40, 0x38, 0x3C, 0x39, 0x31, 0x35, 0x32, 0x2A, 0x2F,
		0x29, 0x23, 0x28, 0x22, 0x1C, 0x21, 0x1B, 0x15, 0x1A, 0x14, 0x10, 0x13, 0x10, 0xE8, 0xEB, 0xE8,
		0xE4, 0xE4, 0xE4, 0xDD, 0xDD, 0xDD, 0xD4, 0xD7, 0xD4, 0xCD, 0xD0, 0xCD, 0xC6, 0xC9, 0xC6, 0xBF,
		0xC2, 0xBF, 0xB8, 0xBB, 0xB8, 0xB0, 0xB3, 0xB0, 0xA9, 0xAC, 0xA9, 0xA3, 0xA6, 0xA3, 0x9C, 0x9F,
		0x9C, 0x94, 0x97, 0x94, 0x8E, 0x91, 0x8E, 0x87, 0x8A, 0x87, 0x80, 0x83, 0x80, 0x78, 0x7B, 0x78,
		0x71, 0x74, 0x71, 0x6A, 0x6D, 0x6A, 0x62, 0x66, 0x63, 0x5B, 0x5F, 0x5C, 0x54, 0x58, 0x55, 0x4E,
		0x52, 0x4F, 0x47, 0x4B, 0x48, 0x3F, 0x43, 0x40, 0x38, 0x3C, 0x39, 0x31, 0x35, 0x32, 0x2A, 0x2F,
		0x29, 0x23, 0x28, 0x22, 0x1C, 0x21, 0x1B, 0x15, 0x1A, 0x14, 0x10, 0x13, 0x10, 0xE8, 0xEB, 0xE8,
		0xE4, 0xE4, 0xE4, 0xDD, 0xDD, 0xDD, 0xD4, 0xD7, 0xD4, 0xCD, 0xD0, 0xCD, 0xC6, 0xC9, 0xC6, 0xBF,
		0xC2, 0xBF, 0xB8, 0xBB, 0xB8, 0xB0, 0xB3, 0xB0, 0xA9, 0xAC, 0xA9, 0xA3, 0xA6, 0xA3, 0x9C, 0x9F,
		0x9C, 0x94, 0x97, 0x94, 0x8E, 0x91, 0x8E, 0x87, 0x8A, 0x87, 0x80, 0x83, 0x80, 0x78, 0x7B, 0x78,
		0x71, 0x74, 0x71, 0x6A, 0x6D, 0x6A, 0x62, 0x66, 0x63, 0x5B, 0x5F, 0x5C, 0x54, 0x58, 0x55, 0x4E,
		0x52, 0x4F, 0x47, 0x4B, 0x48, 0x3F, 0x43, 0x40, 0x38, 0x3C, 0x39, 0x31, 0x35, 0x32, 0x2A, 0x2F,
		0x29, 0x23, 0x28, 0x22, 0x1C, 0x21, 0x1B, 0x15, 0x1A, 0x14, 0x10, 0x13, 0x10, 0xE8, 0xEB, 0xE8,
		0xE4, 0xE4, 0xE4, 0xDD, 0xDD, 0xDD, 0xD4, 0xD7, 0xD4, 0xCD, 0xD0, 0xCD, 0xC6, 0xC9, 0xC6, 0xBF,
		0xC2, 0xBF, 0xB8, 0xBB, 0xB8, 0xB0, 0xB3, 0xB0, 0xA9, 0xAC, 0xA9, 0xA3, 0xA6, 0xA3, 0x9C, 0x9F,
		0x9C, 0x94, 0x97, 0x94, 0x8E, 0x91, 0x8E, 0x87, 0x8A, 0x87, 0x80, 0x83, 0x80, 0x78, 0x7B, 0x78,
		0x71, 0x74, 0x71, 0x6A, 0x6D, 0x6A, 0x62, 0x66, 0x63, 0x5B, 0x5F, 0x5C, 0x54, 0x58, 0x55, 0x4E,
		0x52, 0x4F, 0x47, 0x4B, 0x48, 0x3F, 0x43, 0x40, 0x38, 0x3C, 0x39, 0x31, 0x35, 0x32, 0x2A, 0x2F,
		0x29, 0x23, 0x28, 0x22, 0x1C, 0x21, 0x1B, 0x15, 0x1A, 0x14, 0x10, 0x13, 0x10, 0xE8, 0xEB, 0xE8,
		0xE4, 0xE4, 0xE4, 0xDD, 0xDD, 0xDD, 0xD4, 0xD7, 0xD4, 0xCD, 0xD0, 0xCD, 0xC6, 0xC9, 0xC6, 0xBF,
		0xC2, 0xBF, 0xB8, 0xBB, 0xB8, 0xB0, 0xB3, 0xB0, 0xA9, 0xAC, 0xA9, 0xA3, 0xA6, 0xA3, 0x9C, 0x9F,
		0x9C, 0x94, 0x97, 0x94, 0x8E, 0x91, 0x8E, 0x87, 0x8A, 0x87, 0x80, 0x83, 0x80, 0x78, 0x7B, 0x78,
		0x71, 0x74, 0x71, 0x6A, 0x6D, 0x6A, 0x62, 0x66, 0x63, 0x5B, 0x5F, 0x5C, 0x54, 0x58, 0x55, 0x4E,
		0x52, 0x4F, 0x47, 0x4B, 0x48, 0x3F, 0x43, 0x40, 0x38, 0x3C, 0x39, 0x31, 0x35, 0x32, 0x2A, 0x2F,
		0x29, 0x23, 0x28, 0x22, 0x1C, 0x21, 0x1B, 0x15, 0x1A, 0x14, 0x10, 0x13, 0x10, 0xE8, 0xEB, 0xE8,
		0xE4, 0xE4, 0xE4, 0xDD, 0xDD, 0xDD, 0xD4, 0xD7, 0xD4, 0xCD, 0xD0, 0xCD, 0xC6, 0xC9, 0xC6, 0xBF,
		0xC2, 0xBF, 0xB8, 0xBB, 0xB8, 0xB0, 0xB3, 0xB0, 0xA9, 0xAC, 0xA9, 0xA3, 0xA6, 0xA3, 0x9C, 0x9F,
		0x9C, 0x94, 0x97, 0x94, 0x8E, 0x91, 0x8E, 0x87, 0x8A, 0x87, 0x80, 0x83, 0x80, 0x78, 0x7B, 0x78,
		0x71, 0x74, 0x71, 0x6A, 0x6D, 0x6A, 0x62, 0x66, 0x63, 0x5B, 0x5F, 0x5C, 0x54, 0x58, 0x55, 0x4E,
		0x52, 0x4F, 0x47, 0x4B, 0x48, 0x3F, 0x43, 0x40, 0x38, 0x3C, 0x39, 0x31, 0x35, 0x32, 0x2A, 0x2F,
		0x29, 0x23, 0x28, 0x22, 0x1C, 0x21, 0x1B, 0x15, 0x1A, 0x14, 0x10, 0x13, 0x10, 0xE8, 0xEB, 0xE8,
		0xE4, 0xE4, 0xE4, 0xDD, 0xDD, 0xDD, 0xD4, 0xD7, 0xD4, 0xCD, 0xD0, 0xCD, 0xC6, 0xC9, 0xC6, 0xBF,
		0xC2, 0xBF, 0xB8, 0xBB, 0xB8, 0xB0, 0xB3, 0xB0, 0xA9, 0xAC, 0xA9, 0xA3, 0xA6, 0xA3, 0x9C, 0x9F,
		0x9C, 0x94, 0x97, 0x94, 0x8E, 0x91, 0x8E, 0x87, 0x8A, 0x87, 0x80, 0x83, 0x80, 0x78, 0x7B, 0x78,
		0x71, 0x74, 0x71, 0x6A, 0x6D, 0x6A, 0x62, 0x66, 0x63, 0x5B, 0x5F, 0x5C, 0x54, 0x58, 0x55, 0x4E,
		0x52, 0x4F, 0x47, 0x4B, 0x48, 0x3F, 0x43, 0x40, 0x38, 0x3C, 0x39, 0x31, 0x35, 0x32, 0x2A, 0x2F,
		0x29, 0x23, 0x28, 0x22, 0x1C, 0x21, 0x1B, 0x15, 0x1A, 0x14, 0x10, 0x13, 0x10, 0xE8, 0xEB, 0xE8,
		0xE4, 0xE4, 0xE4, 0xDD, 0xDD, 0xDD, 0xD4, 0xD7, 0xD4, 0xCD, 0xD0, 0xCD, 0xC6, 0xC9, 0xC6, 0xBF,
		0xC2, 0xBF, 0xB8, 0xBB, 0xB8, 0xB0, 0xB3, 0xB0, 0xA9, 0xAC, 0xA9, 0xA3, 0xA6, 0xA3, 0x9C, 0x9F,
		0x9C, 0x94, 0x97, 0x94, 0x8E, 0x91, 0x8E, 0x87, 0x8A, 0x87, 0x80, 0x83, 0x80, 0x78, 0x7B, 0x78,
		0x71, 0x74, 0x71, 0x6A, 0x6D, 0x6A, 0x62, 0x66, 0x63, 0x5B, 0x5F, 0x5C, 0x54, 0x58, 0x55, 0x4E,
		0x52, 0x4F, 0x47, 0x4B, 0x48, 0x3F, 0x43, 0x40, 0x38, 0x3C, 0x39, 0x31, 0x35, 0x32, 0x2A, 0x2F,
		0x29, 0x23, 0x28, 0x22, 0x1C, 0x21, 0x1B, 0x15, 0x1A, 0x14, 0x10, 0x13, 0x10, 0xE8, 0xEB, 0xE8,
		0xE4, 0xE4, 0xE4, 0xDD, 0xDD, 0xDD, 0xD4, 0xD7, 0xD4, 0xCD, 0xD0, 0xCD, 0xC6, 0xC9, 0xC6, 0xBF,
		0xC2, 0xBF, 0xB8, 0xBB, 0xB8, 0xB0, 0xB3, 0xB0, 0xA9, 0xAC, 0xA9, 0xA3, 0xA6, 0xA3, 0x9C, 0x9F,
		0x9C, 0x94, 0x97, 0x94, 0x8E, 0x91, 0x8E, 0x87, 0x8A, 0x87, 0x80, 0x83, 0x80, 0x78, 0x7B, 0x78,
		0x71, 0x74, 0x71, 0x6A, 0x6D, 0x6A, 0x62, 0x66, 0x63, 0x5B, 0x5F, 0x5C, 0x54, 0x58, 0x55, 0x4E,
		0x52, 0x4F, 0x47, 0x4B, 0x48, 0x3F, 0x43, 0x40, 0x38, 0x3C, 0x39, 0x31, 0x35, 0x32, 0x2A, 0x2F,
		0x29, 0x23, 0x28, 0x22, 0x1C, 0x21, 0x1B, 0x15, 0x1A, 0x14, 0x10, 0x13, 0x10, 0xE8, 0xEB, 0xE8,
		0xE4, 0xE4, 0xE4, 0xDD, 0xDD, 0xDD, 0xD4, 0xD7, 0xD4, 0xCD, 0xD0, 0xCD, 0xC6, 0xC9, 0xC6, 0xBF,
		0xC2, 0xBF, 0xB8, 0xBB, 0xB8, 0xB0, 0xB3, 0xB0, 0xA9, 0xAC, 0xA9, 0xA3, 0xA6, 0xA3, 0x9C, 0x9F,
		0x9C, 0x94, 0x97, 0x94, 0x8E, 0x91, 0x8E, 0x87, 0x8A, 0x87, 0x80, 0x83, 0x80, 0x78, 0x7B, 0x78,
		0x71, 0x74, 0x71, 0x6A, 0x6D, 0x6A, 0x62, 0x66, 0x63, 0x5B, 0x5F, 0x5C, 0x54, 0x58, 0x55, 0x4E,
		0x52, 0x4F, 0x47, 0x4B, 0x48, 0x3F, 0x43, 0x40, 0x38, 0x3C, 0x39, 0x31, 0x35, 0x32, 0x2A, 0x2F,
		0x29, 0x23, 0x28, 0x22, 0x1C, 0x21, 0x1B, 0x15, 0x1A, 0x14, 0x10, 0x13, 0x10, 0xE8, 0xEB, 0xE8,
		0xE4, 0xE4, 0xE4, 0xDD, 0xDD, 0xDD, 0xD4, 0xD7, 0xD4, 0xCD, 0xD0, 0xCD, 0xC6, 0xC9, 0xC6, 0xBF,
		0xC2, 0xBF, 0xB8, 0xBB, 0xB8, 0xB0, 0xB3, 0xB0, 0xA9, 0xAC, 0xA9, 0xA3, 0xA6, 0xA3, 0x9C, 0x9F,
		0x9C, 0x94, 0x97, 0x94, 0x8E, 0x91, 0x8E, 0x87, 0x8A, 0x87, 0x80, 0x83, 0x80, 0x78, 0x7B, 0x78,
		0x71, 0x74, 0x71, 0x6A, 0x6D, 0x6A, 0x62, 0x66, 0x63, 0x5B, 0x5F, 0x5C, 0x54, 0x58, 0x55, 0x4E,
		0x52, 0x4F, 0x47, 0x4B, 0x48, 0x3F, 0x43, 0x40, 0x38, 0x3C, 0x39, 0x31, 0x35, 0x32, 0x2A, 0x2F,
		0x29, 0x23, 0x28, 0x22, 0x1C, 0x21, 0x1B, 0x15, 0x1A, 0x14, 0x10, 0x13, 0x10, 0xE8, 0xEB, 0xE8,
		0x16, 0x16, 0x16, 0x1D, 0x1D, 0x1D, 0x24, 0x24, 0x24, 0x2B, 0x2B, 0x2B, 0x32, 0x32, 0x32, 0x39,
		0x39, 0x39, 0x40, 0x40, 0x40, 0x48, 0x48, 0x48, 0x4F, 0x4F, 0x4F, 0x55, 0x55, 0x55, 0x5C, 0x5C,
		0x5C, 0x63, 0x63, 0x63, 0x6A, 0x6A, 0x6A, 0x71, 0x71, 0x71, 0x78, 0x78, 0x78, 0x80, 0x80, 0x80,
		0x87, 0x87, 0x87, 0x8E, 0x8E, 0x8E, 0x94, 0x94, 0x94, 0x9C, 0x9C, 0x9C, 0xA3, 0xA0, 0xA3, 0xAA,
		0xA7, 0xAA, 0xB1, 0xAE, 0xB1, 0xB9, 0xB6, 0xB9, 0xC0, 0xBD, 0xC0, 0xC7, 0xC4, 0xC7, 0xCE, 0xCB,
		0xCE, 0xD5, 0xD2, 0xD5, 0xDC, 0xD9, 0xDC, 0xE3, 0xE0, 0xE3, 0xE8, 0xE8, 0xE8, 0x10, 0x10, 0x10,
		0x16, 0x16, 0x16, 0x1D, 0x1D, 0x1D, 0x24, 0x24, 0x24, 0x2B, 0x2B, 0x2B, 0x32, 0x32, 0x32, 0x39,
		0x39, 0x39, 0x40, 0x40, 0x40, 0x48, 0x48, 0x48, 0x4F, 0x4F, 0x4F, 0x55, 0x55, 0x55, 0x5C, 0x5C,
		0x5C, 0x63, 0x63, 0x63, 0x6A, 0x6A, 0x6A, 0x71, 0x71, 0x71, 0x78, 0x78, 0x78, 0x80, 0x80, 0x80,
		0x87, 0x87, 0x87, 0x8E, 0x8E, 0x8E, 0x94, 0x94, 0x94, 0x9C, 0x9C, 0x9C, 0xA3, 0xA0, 0xA3, 0xAA,
		0xA7, 0xAA, 0xB1, 0xAE, 0xB1, 0xB9, 0xB6, 0xB9, 0xC0, 0xBD, 0xC0, 0xC7, 0xC4, 0xC7, 0xCE, 0xCB,
		0xCE, 0xD5, 0xD2, 0xD5, 0xDC, 0xD9, 0xDC, 0xE3, 0xE0, 0xE3, 0xE8, 0xE8, 0xE8, 0x10, 0x10, 0x10,
		0x16, 0x16, 0x16, 0x1D, 0x1D, 0x1D, 0x24, 0x24, 0x24, 0x2B, 0x2B, 0x2B, 0x32, 0x32, 0x32, 0x39,
		0x39, 0x39, 0x40, 0x40, 0x40, 0x48, 0x48, 0x48, 0x4F, 0x4F, 0x4F, 0x55, 0x55, 0x55, 0x5C, 0x5C,
		0x5C, 0x63, 0x63, 0x63, 0x6A, 0x6A, 0x6A, 0x71, 0x71, 0x71, 0x78, 0x78, 0x78, 0x80, 0x80, 0x80,
		0x87, 0x87, 0x87, 0x8E, 0x8E, 0x8E, 0x94, 0x94, 0x94, 0x9C, 0x9C, 0x9C, 0xA3, 0xA0, 0xA3, 0xAA,
		0xA7, 0xAA, 0xB1, 0xAE, 0xB1, 0xB9, 0xB6, 0xB9, 0xC0, 0xBD, 0xC0, 0xC7, 0xC4, 0xC7, 0xCE, 0xCB,
		0xCE, 0xD5, 0xD2, 0xD5, 0xDC, 0xD9, 0xDC, 0xE3, 0xE0, 0xE3, 0xE8, 0xE8, 0xE8, 0x10, 0x10, 0x10,
		0x16, 0x16, 0x16, 0x1D, 0x1D, 0x1D, 0x24, 0x24, 0x24, 0x2B, 0x2B, 0x2B, 0x32, 0x32, 0x32, 0x39,
		0x39, 0x39, 0x40, 0x40, 0x40, 0x48, 0x48, 0x48, 0x4F, 0x4F, 0x4F, 0x55, 0x55, 0x55, 0x5C, 0x5C,
		0x5C, 0x63, 0x63, 0x63, 0x6A, 0x6A, 0x6A, 0x71, 0x71, 0x71, 0x78, 0x78, 0x78, 0x80, 0x80, 0x80,
		0x87, 0x87, 0x87, 0x8E, 0x8E, 0x8E, 0x94, 0x94, 0x94, 0x9C, 0x9C, 0x9C, 0xA3, 0xA0, 0xA3, 0xAA,
		0xA7, 0xAA, 0xB1, 0xAE, 0xB1, 0xB9, 0xB6, 0xB9, 0xC0, 0xBD, 0xC0, 0xC7, 0xC4, 0xC7, 0xCE, 0xCB,
		0xCE, 0xD5, 0xD2, 0xD5, 0xDC, 0xD9, 0xDC, 0xE3, 0xE0, 0xE3, 0xE8, 0xE8, 0xE8, 0x10, 0x10, 0x10,
		0x16, 0x16, 0x16, 0x1D, 0x1D, 0x1D, 0x24, 0x24, 0x24, 0x2B, 0x2B, 0x2B, 0x32, 0x32, 0x32, 0x39,
		0x39, 0x39, 0x40, 0x40, 0x40, 0x48, 0x48, 0x48, 0x4F, 0x4F, 0x4F, 0x55, 0x55, 0x55, 0x5C, 0x5C,
		0x5C, 0x63, 0x63, 0x63, 0x6A, 0x6A, 0x6A, 0x71, 0x71, 0x71, 0x78, 0x78, 0x78, 0x80, 0x80, 0x80,
		0x87, 0x87, 0x87, 0x8E, 0x8E, 0x8E, 0x94, 0x94, 0x94, 0x9C, 0x9C, 0x9C, 0xA3, 0xA0, 0xA3, 0xAA,
		0xA7, 0xAA, 0xB1, 0xAE, 0xB1, 0xB9, 0xB6, 0xB9, 0xC0, 0xBD, 0xC0, 0xC7, 0xC4, 0xC7, 0xCE, 0xCB,
		0xCE, 0xD5, 0xD2, 0xD5, 0xDC, 0xD9, 0xDC, 0xE3, 0xE0, 0xE3, 0xE8, 0xE8, 0xE8, 0x10, 0x10, 0x10,
		0x16, 0x16, 0x16, 0x1D, 0x1D, 0x1D, 0x24, 0x24, 0x24, 0x2B, 0x2B, 0x2B, 0x32, 0x32, 0x32, 0x39,
		0x39, 0x39, 0x40, 0x40, 0x40, 0x48, 0x48, 0x48, 0x4F, 0x4F, 0x4F, 0x55, 0x55, 0x55, 0x5C, 0x5C,
		0x5C, 0x63, 0x63, 0x63, 0x6A, 0x6A, 0x6A, 0x71, 0x71, 0x71, 0x78, 0x78, 0x78, 0x80, 0x80, 0x80,
		0x87, 0x87, 0x87, 0x8E, 0x8E, 0x8E, 0x94, 0x94, 0x94, 0x9C, 0x9C, 0x9C, 0xA3, 0xA0, 0xA3, 0xAA,
		0xA7, 0xAA, 0xB1, 0xAE, 0xB1, 0xB9, 0xB6, 0xB9, 0xC0, 0xBD, 0xC0, 0xC7, 0xC4, 0xC7, 0xCE, 0xCB,
		0xCE, 0xD5, 0xD2, 0xD5, 0xDC, 0xD9, 0xDC, 0xE3, 0xE0, 0xE3, 0xE8, 0xE8, 0xE8, 0x10, 0x10, 0x10,
		0x16, 0x16, 0x16, 0x1D, 0x1D, 0x1D, 0x24, 0x24, 0x24, 0x2B, 0x2B, 0x2B, 0x32, 0x32, 0x32, 0x39,
		0x39, 0x39, 0x40, 0x40, 0x40, 0x48, 0x48, 0x48, 0x4F, 0x4F, 0x4F, 0x55, 0x55, 0x55, 0x5C, 0x5C,
		0x5C, 0x63, 0x63, 0x63, 0x6A, 0x6A, 0x6A, 0x71, 0x71, 0x71, 0x78, 0x78, 0x78, 0x80, 0x80, 0x80,
		0x87, 0x87, 0x87, 0x8E, 0x8E, 0x8E, 0x94, 0x94, 0x94, 0x9C, 0x9C, 0x9C, 0xA3, 0xA0, 0xA3, 0xAA,
		0xA7, 0xAA, 0xB1, 0xAE, 0xB1, 0xB9, 0xB6, 0xB9, 0xC0, 0xBD, 0xC0, 0xC7, 0xC4, 0xC7, 0xCE, 0xCB,
		0xCE, 0xD5, 0xD2, 0xD5, 0xDC, 0xD9, 0xDC, 0xE3, 0xE0, 0xE3, 0xE8, 0xE8, 0xE8, 0x10, 0x10, 0x10,
		0x16, 0x16, 0x16, 0x1D, 0x1D, 0x1D, 0x24, 0x24, 0x24, 0x2B, 0x2B, 0x2B, 0x32, 0x32, 0x32, 0x39,
		0x39, 0x39, 0x40, 0x40, 0x40, 0x48, 0x48, 0x48, 0x4F, 0x4F, 0x4F, 0x55, 0x55, 0x55, 0x5C, 0x5C,
		0x5C, 0x63, 0x63, 0x63, 0x6A, 0x6A, 0x6A, 0x71, 0x71, 0x71, 0x78, 0x78, 0x78, 0x80, 0x80, 0x80,
		0x87, 0x87, 0x87, 0x8E, 0x8E, 0x8E, 0x94, 0x94, 0x94, 0x9C, 0x9C, 0x9C, 0xA3, 0xA0, 0xA3, 0xAA,
		0xA7, 0xAA, 0xB1, 0xAE, 0xB1, 0xB9, 0xB6, 0xB9, 0xC0, 0xBD, 0xC0, 0xC7, 0xC4, 0xC7, 0xCE, 0xCB,
		0xCE, 0xD5, 0xD2, 0xD5, 0xDC, 0xD9, 0xDC, 0xE3, 0xE0, 0xE3, 0xE8, 0xE8, 0xE8, 0x10, 0x10, 0x10,
		0x16, 0x16, 0x16, 0x1D, 0x1D, 0x1D, 0x24, 0x24, 0x24, 0x2B, 0x2B, 0x2B, 0x32, 0x32, 0x32, 0x39,
		0x39, 0x39, 0x40, 0x40, 0x40, 0x48, 0x48, 0x48, 0x4F, 0x4F, 0x4F, 0x55, 0x55, 0x55, 0x5C, 0x5C,
		0x5C, 0x63, 0x63, 0x63, 0x6A, 0x6A, 0x6A, 0x71, 0x71, 0x71, 0x78, 0x78, 0x78, 0x80, 0x80, 0x80,
		0x87, 0x87, 0x87, 0x8E, 0x8E, 0x8E, 0x94, 0x94, 0x94, 0x9C, 0x9C, 0x9C, 0xA3, 0xA0, 0xA3, 0xAA,
		0xA7, 0xAA, 0xB1, 0xAE, 0xB1, 0xB9, 0xB6, 0xB9, 0xC0, 0xBD, 0xC0, 0xC7, 0xC4, 0xC7, 0xCE, 0xCB,
		0xCE, 0xD5, 0xD2, 0xD5, 0xDC, 0xD9, 0xDC, 0xE3, 0xE0, 0xE3, 0xE8, 0xE8, 0xE8, 0x10, 0x10, 0x10,
		0x16, 0x16, 0x16, 0x1D, 0x1D, 0x1D, 0x24, 0x24, 0x24, 0x2B, 0x2B, 0x2B, 0x32, 0x32, 0x32, 0x39,
		0x39, 0x39, 0x40, 0x40, 0x40, 0x48, 0x48, 0x48, 0x4F, 0x4F, 0x4F, 0x55, 0x55, 0x55, 0x5C, 0x5C,
		0x5C, 0x63, 0x63, 0x63, 0x6A, 0x6A, 0x6A, 0x71, 0x71, 0x71, 0x78, 0x78, 0x78, 0x80, 0x80, 0x80,
		0x87, 0x87, 0x87, 0x8E, 0x8E, 0x8E, 0x94, 0x94, 0x94, 0x9C, 0x9C, 0x9C, 0xA3, 0xA0, 0xA3, 0xAA,
		0xA7, 0xAA, 0xB1, 0xAE, 0xB1, 0xB9, 0xB6, 0xB9, 0xC0, 0xBD, 0xC0, 0xC7, 0xC4, 0xC7, 0xCE, 0xCB,
		0xCE, 0xD5, 0xD2, 0xD5, 0xDC, 0xD9, 0xDC, 0xE3, 0xE0, 0xE3, 0xE8, 0xE8, 0xE8, 0x10, 0x10, 0x10,
		0x16, 0x16, 0x16, 0x1D, 0x1D, 0x1D, 0x24, 0x24, 0x24, 0x2B, 0x2B, 0x2B, 0x32, 0x32, 0x32, 0x39,
		0x39, 0x39, 0x40, 0x40, 0x40, 0x48, 0x48, 0x48, 0x4F, 0x4F, 0x4F, 0x55, 0x55, 0x55, 0x5C, 0x5C,
		0x5C, 0x63, 0x63, 0x63, 0x6A, 0x6A, 0x6A, 0x71, 0x71, 0x71, 0x78, 0x78, 0x78, 0x80, 0x80, 0x80,
		0x87, 0x87, 0x87, 0x8E, 0x8E, 0x8E, 0x94, 0x94, 0x94, 0x9C, 0x9C, 0x9C, 0xA3, 0xA0, 0xA3, 0xAA,
		0xA7, 0xAA, 0xB1, 0xAE, 0xB1, 0xB9, 0xB6, 0xB9, 0xC0, 0xBD, 0xC0, 0xC7, 0xC4, 0xC7, 0xCE, 0xCB,
		0xCE, 0xD5, 0xD2, 0xD5, 0xDC, 0xD9, 0xDC, 0xE3, 0xE0, 0xE3, 0xE8, 0xE8, 0xE8, 0x10, 0x10, 0x10,
		0x16, 0x16, 0x16, 0x1D, 0x1D, 0x1D, 0x24, 0x24, 0x24, 0x2B, 0x2B, 0x2B, 0x32, 0x32, 0x32, 0x39,
		0x39, 0x39, 0x40, 0x40, 0x40, 0x48, 0x48, 0x48, 0x4F, 0x4F, 0x4F, 0x55, 0x55, 0x55, 0x5C, 0x5C,
		0x5C, 0x63, 0x63, 0x63, 0x6A, 0x6A, 0x6A, 0x71, 0x71, 0x71, 0x78, 0x78, 0x78, 0x80, 0x80, 0x80,
		0x87, 0x87, 0x87, 0x8E, 0x8E, 0x8E, 0x94, 0x94, 0x94, 0x9C, 0x9C, 0x9C, 0xA3, 0xA0, 0xA3, 0xAA,
		0xA7, 0xAA, 0xB1, 0xAE, 0xB1, 0xB9, 0xB6, 0xB9, 0xC0, 0xBD, 0xC0, 0xC7, 0xC4, 0xC7, 0xCE, 0xCB,
		0xCE, 0xD5, 0xD2, 0xD5, 0xDC, 0xD9, 0xDC, 0xE3, 0xE0, 0xE3, 0xE8, 0xE8, 0xE8, 0x10, 0x10, 0x10,
		0x16, 0x16, 0x16, 0x1D, 0x1D, 0x1D, 0x24, 0x24, 0x24, 0x2B, 0x2B, 0x2B, 0x32, 0x32, 0x32, 0x39,
		0x39, 0x39, 0x40, 0x40, 0x40, 0x48, 0x48, 0x48, 0x4F, 0x4F, 0x4F, 0x55, 0x55, 0x55, 0x5C, 0x5C,
		0x5C, 0x63, 0x63, 0x63, 0x6A, 0x6A, 0x6A, 0x71, 0x71, 0x71, 0x78, 0x78, 0x78, 0x80, 0x80, 0x80,
		0x87, 0x87, 0x87, 0x8E, 0x8E, 0x8E, 0x94, 0x94, 0x94, 0x9C, 0x9C, 0x9C, 0xA3, 0xA0, 0xA3, 0xAA,
		0xA7, 0xAA, 0xB1, 0xAE, 0xB1, 0xB9, 0xB6, 0xB9, 0xC0, 0xBD, 0xC0, 0xC7, 0xC4, 0xC7, 0xCE, 0xCB,
		0xCE, 0xD5, 0xD2, 0xD5, 0xDC, 0xD9, 0xDC, 0xE3, 0xE0, 0xE3, 0xE8, 0xE8, 0xE8, 0x10, 0x10, 0x10,
		0x16, 0x16, 0x16, 0x1D, 0x1D, 0x1D, 0x24, 0x24, 0x24, 0x2B, 0x2B, 0x2B, 0x32, 0x32, 0x32, 0x39,
		0x39, 0x39, 0x40, 0x40, 0x40, 0x48, 0x48, 0x48, 0x4F, 0x4F, 0x4F, 0x55, 0x55, 0x55, 0x5C, 0x5C,
		0x5C, 0x63, 0x63, 0x63, 0x6A, 0x6A, 0x6A, 0x71, 0x71, 0x71, 0x78, 0x78, 0x78, 0x80, 0x80, 0x80,
		0x87, 0x87, 0x87, 0x8E, 0x8E, 0x8E, 0x94, 0x94, 0x94, 0x9C, 0x9C, 0x9C, 0xA3, 0xA0, 0xA3, 0xAA,
		0xA7, 0xAA, 0xB1, 0xAE, 0xB1, 0xB9, 0xB6, 0xB9, 0xC0, 0xBD, 0xC0, 0xC7, 0xC4, 0xC7, 0xCE, 0xCB,
		0xCE, 0xD5, 0xD2, 0xD5, 0xDC, 0xD9, 0xDC, 0xE3, 0xE0, 0xE3, 0xE8, 0xE8, 0xE8, 0x10, 0x10, 0x10,
		0x16, 0x16, 0x16, 0x1D, 0x1D, 0x1D, 0x24, 0x24, 0x24, 0x2B, 0x2B, 0x2B, 0x32, 0x32, 0x32, 0x39,
		0x39, 0x39, 0x40, 0x40, 0x40, 0x48, 0x48, 0x48, 0x4F, 0x4F, 0x4F, 0x55, 0x55, 0x55, 0x5C, 0x5C,
		0x5C, 0x63, 0x63, 0x63, 0x6A, 0x6A, 0x6A, 0x71, 0x71, 0x71, 0x78, 0x78, 0x78, 0x80, 0x80, 0x80,
		0x87, 0x87, 0x87, 0x8E, 0x8E, 0x8E, 0x94, 0x94, 0x94, 0x9C, 0x9C, 0x9C, 0xA3, 0xA0, 0xA3, 0xAA,
		0xA7, 0xAA, 0xB1, 0xAE, 0xB1, 0xB9, 0xB6, 0xB9, 0xC0, 0xBD, 0xC0, 0xC7, 0xC4, 0xC7, 0xCE, 0xCB,
		0xCE, 0xD5, 0xD2, 0xD5, 0xDC, 0xD9, 0xDC, 0xE3, 0xE0, 0xE3, 0xE8, 0xE8, 0xE8, 0x10, 0x10, 0x10,
		0x16, 0x16, 0x16, 0x1D, 0x1D, 0x1D, 0x24, 0x24, 0x24, 0x2B, 0x2B, 0x2B, 0x32, 0x32, 0x32, 0x39,
		0x39, 0x39, 0x40, 0x40, 0x40, 0x48, 0x48, 0x48, 0x4F, 0x4F, 0x4F, 0x55, 0x55, 0x55, 0x5C, 0x5C,
		0x5C, 0x63, 0x63, 0x63, 0x6A, 0x6A, 0x6A, 0x71, 0x71, 0x71, 0x78, 0x78, 0x78, 0x80, 0x80, 0x80,
		0x87, 0x87, 0x87, 0x8E, 0x8E, 0x8E, 0x94, 0x94, 0x94, 0x9C, 0x9C, 0x9C, 0xA3, 0xA0, 0xA3, 0xAA,
		0xA7, 0xAA, 0xB1, 0xAE, 0xB1, 0xB9, 0xB6, 0xB9, 0xC0, 0xBD, 0xC0, 0xC7, 0xC4, 0xC7, 0xCE, 0xCB,
		0xCE, 0xD5, 0xD2, 0xD5, 0xDC, 0xD9, 0xDC, 0xE3, 0xE0, 0xE3, 0xE8, 0xE8, 0xE8, 0x10, 0x10, 0x10,
		0x16, 0x16, 0x16, 0x1D, 0x1D, 0x1D, 0x24, 0x24, 0x24, 0x2B, 0x2B, 0x2B, 0x32, 0x32, 0x32, 0x39,
		0x39, 0x39, 0x40, 0x40, 0x40, 0x48, 0x48, 0x48, 0x4F, 0x4F, 0x4F, 0x55, 0x55, 0x55, 0x5C, 0x5C,
		0x5C, 0x63, 0x63, 0x63, 0x6A, 0x6A, 0x6A, 0x71, 0x71, 0x71, 0x78, 0x78, 0x78, 0x80, 0x80, 0x80,
		0x87, 0x87, 0x87, 0x8E, 0x8E, 0x8E, 0x94, 0x94, 0x94, 0x9C, 0x9C, 0x9C, 0xA3, 0xA0, 0xA3, 0xAA,
		0xA7, 0xAA, 0xB1, 0xAE, 0xB1, 0xB9, 0xB6, 0xB9, 0xC0, 0xBD, 0xC0, 0xC7, 0xC4, 0xC7, 0xCE, 0xCB,
		0xCE, 0xD5, 0xD2, 0xD5, 0xDC, 0xD9, 0xDC, 0xE3, 0xE0, 0xE3, 0xE8, 0xE8, 0xE8, 0x10, 0x10, 0x10,
		0x16, 0x16, 0x16, 0x1D, 0x1D, 0x1D, 0x24, 0x24, 0x24, 0x2B, 0x2B, 0x2B, 0x32, 0x32, 0x32, 0x39,
		0x39, 0x39, 0x40, 0x40, 0x40, 0x48, 0x48, 0x48, 0x4F, 0x4F, 0x4F, 0x55, 0x55, 0x55, 0x5C, 0x5C,
		0x5C, 0x63, 0x63, 0x63, 0x6A, 0x6A, 0x6A, 0x71, 0x71, 0x71, 0x78, 0x78, 0x78, 0x80, 0x80, 0x80,
		0x87, 0x87, 0x87, 0x8E, 0x8E, 0x8E, 0x94, 0x94, 0x94, 0x9C, 0x9C, 0x9C, 0xA3, 0xA0, 0xA3, 0xAA,
		0xA7, 0xAA, 0xB1, 0xAE, 0xB1, 0xB9, 0xB6, 0xB9, 0xC0, 0xBD, 0xC0, 0xC7, 0xC4, 0xC7, 0xCE, 0xCB,
		0xCE, 0xD5, 0xD2, 0xD5, 0xDC, 0xD9, 0xDC, 0xE3, 0xE0, 0xE3, 0xE8, 0xE8, 0xE8, 0x10, 0x10, 0x10,
		0x16, 0x16, 0x16, 0x1D, 0x1D, 0x1D, 0x24, 0x24, 0x24, 0x2B, 0x2B, 0x2B, 0x32, 0x32, 0x32, 0x39,
		0x39, 0x39, 0x40, 0x40, 0x40, 0x48, 0x48, 0x48, 0x4F, 0x4F, 0x4F, 0x55, 0x55, 0x55, 0x5C, 0x5C,
		0x5C, 0x63, 0x63, 0x63, 0x6A, 0x6A, 0x6A, 0x71, 0x71, 0x71, 0x78, 0x78, 0x78, 0x80, 0x80, 0x80,
		0x87, 0x87, 0x87, 0x8E, 0x8E, 0x8E, 0x94, 0x94, 0x94, 0x9C, 0x9C, 0x9C, 0xA3, 0xA0, 0xA3, 0xAA,
		0xA7, 0xAA, 0xB1, 0xAE, 0xB1, 0xB9, 0xB6, 0xB9, 0xC0, 0xBD, 0xC0, 0xC7, 0xC4, 0xC7, 0xCE, 0xCB,
		0xCE, 0xD5, 0xD2, 0xD5, 0xDC, 0xD9, 0xDC, 0xE3, 0xE0, 0xE3, 0xE8, 0xE8, 0xE8, 0x10, 0x10, 0x10,
		0x16, 0x16, 0x16, 0x1D, 0x1D, 0x1D, 0x24, 0x24, 0x24, 0x2B, 0x2B, 0x2B, 0x32, 0x32, 0x32, 0x39,
		0x39, 0x39, 0x40, 0x40, 0x40, 0x48, 0x48, 0x48, 0x4F, 0x4F, 0x4F, 0x55, 0x55, 0x55, 0x5C, 0x5C,
		0x5C, 0x63, 0x63, 0x63, 0x6A, 0x6A, 0x6A, 0x71, 0x71, 0x71, 0x78, 0x78, 0x78, 0x80, 0x80, 0x80,
		0x87, 0x87, 0x87, 0x8E, 0x8E, 0x8E, 0x94, 0x94, 0x94, 0x9C, 0x9C, 0x9C, 0xA3, 0xA0, 0xA3, 0xAA,
		0xA7, 0xAA, 0xB1, 0xAE, 0xB1, 0xB9, 0xB6, 0xB9, 0xC0, 0xBD, 0xC0, 0xC7, 0xC4, 0xC7, 0xCE, 0xCB,
		0xCE, 0xD5, 0xD2, 0xD5, 0xDC, 0xD9, 0xDC, 0xE3, 0xE0, 0xE3, 0xE8, 0xE8, 0xE8, 0x10, 0x10, 0x10,
		0xEA, 0xEA, 0x0E, 0xEA, 0xEA, 0x0E, 0xEA, 0xEA, 0x0E, 0xEA, 0xEA, 0x0E, 0xEA, 0xEA, 0x0E, 0xEA,
		0xEA, 0x0E, 0xEA, 0xEA, 0x0E, 0xEA, 0xEA, 0x0E, 0xEA, 0xEA, 0x0E, 0xEA, 0xEA, 0x0E, 0xEA, 0xEA,
		0x0E, 0xEA, 0xEA, 0x0E, 0xEA, 0xEA, 0x0E, 0xEA, 0xEA, 0x0E, 0xEA, 0xEA, 0x0E, 0xEA, 0xEA, 0x0E,
		0xEA, 0xEA, 0x0E, 0xEA, 0xEA, 0x0E, 0xEA, 0xEA, 0x0E, 0xEA, 0xEA, 0x0E, 0xEA, 0xEA, 0x0E, 0xEA,
		0xEA, 0x0E, 0xEA, 0xEA, 0x0E, 0xEA, 0xEA, 0x0E, 0xEA, 0xEA, 0x0E, 0xEA, 0xEA, 0x0E, 0xEA, 0xEA,
		0x0E, 0xEA, 0xEA, 0x0E, 0xEA, 0xEA, 0x0E, 0xEA, 0xEA, 0x0E, 0xEA, 0xEA, 0x0E, 0xEA, 0xEA, 0x0E,
		0xEA, 0xEA, 0x0E, 0xEA, 0xEA, 0x0E, 0xEA, 0xEA, 0x0E, 0xEA, 0xEA, 0x0E, 0xEA, 0xEA, 0x0E, 0xEA,
		0xEA, 0x0E, 0xEA, 0xEA, 0x0E, 0xEA, 0xEA, 0x0E, 0xEA, 0xEA, 0x0E, 0xEA, 0xEA, 0x0E, 0xEA, 0xEA,
		0x0E, 0xEA, 0xEA, 0x0E, 0xEA, 0xEA, 0x0E, 0xEA, 0xEA, 0x0E, 0xEA, 0xEA, 0x0E, 0xEA, 0xEA, 0x0E,
		0xEA, 0xEA, 0x0E, 0xEA, 0xEA, 0x0E, 0xEA, 0xEA, 0x0E, 0xEA, 0xEA, 0x0E, 0xEA, 0xEA, 0x0E, 0xEA,
		0xEA, 0x0E, 0xEA, 0xEA, 0x0E, 0xEA, 0xEA, 0x0E, 0xEA, 0xEA, 0x0E, 0xEA, 0xEA, 0x0E, 0xEA, 0xEA,
		0x0E, 0xEA, 0xEA, 0x0E, 0xEA, 0xEA, 0x0E, 0xEA, 0xEA, 0x0E, 0xEA, 0xEA, 0x0E, 0xEA, 0xEA, 0x0E,
		0xEA, 0xEA, 0x0E, 0xEA, 0xEA, 0x0E, 0xEA, 0xEA, 0x0E, 0xEA, 0xEA, 0x0E, 0xEA, 0xEA, 0x0E, 0xEA,
		0xEA, 0x0E, 0xEA, 0xEA, 0x0E, 0xEA, 0xEA, 0x0E, 0xEA, 0xEA, 0x0E, 0xEA, 0xEA, 0x0E, 0xEA, 0xEA,
		0x0E, 0xEA, 0xEA, 0x0E, 0xEA, 0xEA, 0x0E, 0xEA, 0xEA, 0x0E, 0xEA, 0xEA, 0x0E, 0xEA, 0xEA, 0x0E,
		0xEA, 0xEA, 0x0E, 0xEA, 0xEA, 0x0E, 0xEA, 0xEA, 0x0E, 0xEA, 0xEA, 0x0E, 0xEA, 0xEA, 0x0E, 0xEA,
		0xEA, 0x0E, 0xEA, 0xEA, 0x0E, 0xEA, 0xEA, 0x0E, 0xEA, 0xEA, 0x0E, 0xEA, 0xEA, 0x0E, 0xEA, 0xEA,
		0x0E, 0xEA, 0xEA, 0x0E, 0xEA, 0xEA, 0x0E, 0xEA, 0xEA, 0x0E, 0xEA, 0xEA, 0x0E, 0xEA, 0xEA, 0x0E,
		0xEA, 0xEA, 0x0E, 0xEA, 0xEA, 0x0E, 0xEA, 0xEA, 0x0E, 0xEA, 0xEA, 0x0E, 0xEA, 0xEA, 0x0E, 0xEA,
		0xEA, 0x0E, 0xEA, 0xEA, 0x0E, 0xEA, 0xEA, 0x0E, 0xEA, 0xEA, 0x0E, 0xEA, 0xEA, 0x0E, 0xEA, 0xEA,
		0x0E, 0xEA, 0xEA, 0x0E, 0xEA, 0xEA, 0x0E, 0xEA, 0xEA, 0x0E, 0xEA, 0xEA, 0x0E, 0xEA, 0xEA, 0x0E,
		0xEA, 0xEA, 0x0E, 0xEA, 0xEA, 0x0E, 0xEA, 0xEA, 0x0E, 0xEA, 0xEA, 0x0E, 0xEA, 0xEA, 0x0E, 0xEA,
		0xEA, 0x0E, 0xEA, 0xEA, 0x0E, 0xEA, 0xEA, 0x0E, 0xEA, 0xEA, 0x0E, 0xEA, 0xEA, 0x0E, 0xEA, 0xEA,
		0x0E, 0xEA, 0xEA, 0x0E, 0xEA, 0xEA, 0x0E, 0xEA, 0xEA, 0x0E, 0xEA, 0xEA, 0x0E, 0xEA, 0xEA, 0x0E,
		0xEA, 0xEA, 0x0E, 0xEA, 0xEA, 0x0E, 0xEA, 0xEA, 0x0E, 0xEA, 0xEA, 0x0E, 0xEA, 0xEA, 0x0E, 0xEA,
		0xEA, 0x0E, 0xEA, 0xEA, 0x0E, 0xEA, 0xEA, 0x0E, 0xEA, 0xEA, 0x0E, 0xEA, 0xEA, 0x0E, 0xEA, 0xEA,
		0x0E, 0xEA, 0xEA, 0x0E, 0xEA, 0xEA, 0x0E, 0xEA, 0xEA, 0x0E, 0xEA, 0xEA, 0x0E, 0xEA, 0xEA, 0x0E,
		0xEA, 0xEA, 0x0E, 0xEA, 0xEA, 0x0E, 0xEA, 0xEA, 0x0E, 0xEA, 0xEA, 0x0E, 0xEA, 0xEA, 0x0E, 0xEA,
		0xEA, 0x0E, 0xEA, 0xEA, 0x0E, 0xEA, 0xEA, 0x0E, 0xEA, 0xEA, 0x0E, 0xEA, 0xEA, 0x0E, 0xEA, 0xEA,
		0x0E, 0xEA, 0xEA, 0x0E, 0xEA, 0xEA, 0x0E, 0xEA, 0xEA, 0x0E, 0xEA, 0xEA, 0x0E, 0xEA, 0xEA, 0x0E,
		0xEA, 0xEA, 0x0E, 0xEA, 0xEA, 0x0E, 0xEA, 0xEA, 0x0E, 0xEA, 0xEA, 0x0E, 0xEA, 0xEA, 0x0E, 0xEA,
		0xEA, 0x0E, 0xEA, 0xEA, 0x0E, 0xEA, 0xEA, 0x0E, 0xEA, 0xEA, 0x0E, 0xEA, 0xEA, 0x0E, 0xEA, 0xEA,
		0x0E, 0xEA, 0xEA, 0x0E, 0xEA, 0xEA, 0x0E, 0xEA, 0xEA, 0x0E, 0xEA, 0xEA, 0x0E, 0xEA, 0xEA, 0x0E,
		0xEA, 0xEA, 0x0E, 0xEA, 0xEA, 0x0E, 0xEA, 0xEA, 0x0E, 0xEA, 0xEA, 0x0E, 0xEA, 0xEA, 0x0E, 0xEA,
		0xEA, 0x0E, 0xEA, 0xEA, 0x0E, 0xEA, 0xEA, 0x0E, 0xEA, 0xEA, 0x0E, 0xEA, 0xEA, 0x0E, 0xEA, 0xEA,
		0x0E, 0xEA, 0xEA, 0x0E, 0xEA, 0xEA, 0x0E, 0xEA, 0xEA, 0x0E, 0xEA, 0xEA, 0x0E, 0xEA, 0xEA, 0x0E,
		0xEA, 0xEA, 0x0E, 0xEA, 0xEA, 0x0E, 0xEA, 0xEA, 0x0E, 0xEA, 0xEA, 0x0E, 0xEA, 0xEA, 0x0E, 0xEA,
		0xEA, 0x0E, 0xEA, 0xEA, 0x0E, 0xEA, 0xEA, 0x0E, 0xEA, 0xEA, 0x0E, 0xEA, 0xEA, 0x0E, 0xEA, 0xEA,
		0x0E, 0xEA, 0xEA, 0x0E, 0xEA, 0xEA, 0x0E, 0xEA, 0xEA, 0x0E, 0xEA, 0xEA, 0x0E, 0xEA, 0xEA, 0x0E,
		0xEA, 0xEA, 0x0E, 0xEA, 0xEA, 0x0E, 0xEA, 0xEA, 0x0E, 0xEA, 0xEA, 0x0E, 0xEA, 0xEA, 0x0E, 0xEA,
		0xEA, 0x0E, 0xEA, 0xEA, 0x0E, 0xEA, 0xEA, 0x0E, 0xEA, 0xEA, 0x0E, 0xEA, 0xEA, 0x0E, 0xEA, 0xEA,
		0x0E, 0xEA, 0xEA, 0x0E, 0xEA, 0xEA, 0x0E, 0xEA, 0xEA, 0x0E, 0xEA, 0xEA, 0x0E, 0xEA, 0xEA, 0x0E,
		0xEA, 0xEA, 0x0E, 0xEA, 0xEA, 0x0E, 0xEA, 0xEA, 0x0E, 0xEA, 0xEA, 0x0E, 0xEA, 0xEA, 0x0E, 0xEA,
		0xEA, 0x0E, 0xEA, 0xEA, 0x0E, 0xEA, 0xEA, 0x0E, 0xEA, 0xEA, 0x0E, 0xEA, 0xEA, 0x0E, 0xEA, 0xEA,
		0x0E, 0xEA, 0xEA, 0x0E, 0xEA, 0xEA, 0x0E, 0xEA, 0xEA, 0x0E, 0xEA, 0xEA, 0x0E, 0xEA, 0xEA, 0x0E,
		0xEA, 0xEA, 0x0E, 0xEA, 0xEA, 0x0E, 0xEA, 0xEA, 0x0E, 0xEA, 0xEA, 0x0E, 0xEA, 0xEA, 0x0E, 0xEA,
		0xEA, 0x0E, 0xEA, 0xEA, 0x0E, 0xEA, 0xEA, 0x0E, 0xEA, 0xEA, 0x0E, 0xEA, 0xEA, 0x0E, 0xEA, 0xEA,
		0x0E, 0xEA, 0xEA, 0x0E, 0xEA, 0xEA, 0x0E, 0xEA, 0xEA, 0x0E, 0xEA, 0xEA, 0x0E, 0xEA, 0xEA, 0x0E,
};

const uint8_t buf_bgr888[] = {
		0xEA, 0xEA, 0xEA, 0xEA, 0xEA, 0xEA, 0xEA, 0xEA, 0xEA, 0xEA, 0xEA, 0xEA, 0xEA, 0xEA, 0xEA, 0xEA,
		0xEA, 0xEA, 0xEA, 0xEA, 0xEA, 0xEA, 0xEA, 0xEA, 0xEA, 0xEA, 0xEA, 0xEA, 0xEA, 0xEA, 0x0F, 0x0E,
		0xEE, 0x0F, 0x0E, 0xEE, 0x0F, 0x0E, 0xEE, 0x0F, 0x0E, 0xEE, 0x0F, 0x0E, 0xEE, 0x0F, 0x0E, 0xEE,
		0x0F, 0x0E, 0xEE, 0x0F, 0x0E, 0xEE, 0x0F, 0x0E, 0xEE, 0x0F, 0x0E, 0xEE, 0x0D, 0xEC, 0x0C, 0x0D,
		0xEC, 0x0C, 0x0D, 0xEC, 0x0C, 0x0D, 0xEC, 0x0C, 0x0D, 0xEC, 0x0C, 0x0D, 0xEC, 0x0C, 0x0D, 0xEC,
		0x0C, 0x0D, 0xEC, 0x0C, 0x0D, 0xEC, 0x0C, 0x0D, 0xEC, 0x0C, 0xEA, 0x0F, 0x0D, 0xEA, 0x0F, 0x0D,
		0xEA, 0x0F, 0x0D, 0xEA, 0x0F, 0x0D, 0xEA, 0x0F, 0x0D, 0xEA, 0x0F, 0x0D, 0xEA, 0x0F, 0x0D, 0xEA,
		0x0F, 0x0D, 0xEA, 0x0F, 0x0D, 0xEA, 0x0F, 0x0D, 0xEA, 0xEA, 0xEA, 0xEA, 0xEA, 0xEA, 0xEA, 0xEA,
		0xEA, 0xEA, 0xEA, 0xEA, 0xEA, 0xEA, 0xEA, 0xEA, 0xEA, 0xEA, 0xEA, 0xEA, 0xEA, 0xEA, 0xEA, 0xEA,
		0xEA, 0xEA, 0xEA, 0xEA, 0xEA, 0xEA, 0x10, 0x10, 0x10, 0x10, 0x10, 0x10, 0x10, 0x10, 0x10, 0x10,
		0x10, 0x10, 0x10, 0x10, 0x10, 0x10, 0x10, 0x10, 0x10, 0x10, 0x10, 0x10, 0x10, 0x10, 0x10, 0x10,
		0x10, 0x10, 0x10, 0x10, 0x0E, 0xEA, 0xEA, 0x0E, 0xEA, 0xEA, 0x0E, 0xEA, 0xEA, 0x0E, 0xEA, 0xEA,
		0xEA, 0xEA, 0xEA, 0xEA, 0xEA, 0xEA, 0xEA, 0xEA, 0xEA, 0xEA, 0xEA, 0xEA, 0xEA, 0xEA, 0xEA, 0xEA,
		0xEA, 0xEA, 0xEA, 0xEA, 0xEA, 0xEA, 0xEA, 0xEA, 0xEA, 0xEA, 0xEA, 0xEA, 0xEA, 0xEA, 0x0F, 0x0E,
		0xEE, 0x0F, 0x0E, 0xEE, 0x0F, 0x0E, 0xEE, 0x0F, 0x0E, 0xEE, 0x0F, 0x0E, 0xEE, 0x0F, 0x0E, 0xEE,
		0x0F, 0x0E, 0xEE, 0x0F, 0x0E, 0xEE, 0x0F, 0x0E, 0xEE, 0x0F, 0x0E, 0xEE, 0x0D, 0xEC, 0x0C, 0x0D,
		0xEC, 0x0C, 0x0D, 0xEC, 0x0C, 0x0D, 0xEC, 0x0C, 0x0D, 0xEC, 0x0C, 0x0D, 0xEC, 0x0C, 0x0D, 0xEC,
		0x0C, 0x0D, 0xEC, 0x0C, 0x0D, 0xEC, 0x0C, 0x0D, 0xEC, 0x0C, 0xEA, 0x0F, 0x0D, 0xEA, 0x0F, 0x0D,
		0xEA, 0x0F, 0x0D, 0xEA, 0x0F, 0x0D, 0xEA, 0x0F, 0x0D, 0xEA, 0x0F, 0x0D, 0xEA, 0x0F, 0x0D, 0xEA,
		0x0F, 0x0D, 0xEA, 0x0F, 0x0D, 0xEA, 0x0F, 0x0D, 0xEA, 0xEA, 0xEA, 0xEA, 0xEA, 0xEA, 0xEA, 0xEA,
		0xEA, 0xEA, 0xEA, 0xEA, 0xEA, 0xEA, 0xEA, 0xEA, 0xEA, 0xEA, 0xEA, 0xEA, 0xEA, 0xEA, 0xEA, 0xEA,
		0xEA, 0xEA, 0xEA, 0xEA, 0xEA, 0xEA, 0x10, 0x10, 0x10, 0x10, 0x10, 0x10, 0x10, 0x10, 0x10, 0x10,
		0x10, 0x10, 0x10, 0x10, 0x10, 0x10, 0x10, 0x10, 0x10, 0x10, 0x10, 0x10, 0x10, 0x10, 0x10, 0x10,
		0x10, 0x10, 0x10, 0x10, 0x0E, 0xEA, 0xEA, 0x0E, 0xEA, 0xEA, 0x0E, 0xEA, 0xEA, 0x0E, 0xEA, 0xEA,
		0xEA, 0xEA, 0xEA, 0xEA, 0xEA, 0xEA, 0xEA, 0xEA, 0xEA, 0xEA, 0xEA, 0xEA, 0xEA, 0xEA, 0xEA, 0xEA,
		0xEA, 0xEA, 0xEA, 0xEA, 0xEA, 0xEA, 0xEA, 0xEA, 0xEA, 0xEA, 0xEA, 0xEA, 0xEA, 0xEA, 0x0F, 0x0E,
		0xEE, 0x0F, 0x0E, 0xEE, 0x0F, 0x0E, 0xEE, 0x0F, 0x0E, 0xEE, 0x0F, 0x0E, 0xEE, 0x0F, 0x0E, 0xEE,
		0x0F, 0x0E, 0xEE, 0x0F, 0x0E, 0xEE, 0x0F, 0x0E, 0xEE, 0x0F, 0x0E, 0xEE, 0x0D, 0xEC, 0x0C, 0x0D,
		0xEC, 0x0C, 0x0D, 0xEC, 0x0C, 0x0D, 0xEC, 0x0C, 0x0D, 0xEC, 0x0C, 0x0D, 0xEC, 0x0C, 0x0D, 0xEC,
		0x0C, 0x0D, 0xEC, 0x0C, 0x0D, 0xEC, 0x0C, 0x0D, 0xEC, 0x0C, 0xEA, 0x0F, 0x0D, 0xEA, 0x0F, 0x0D,
		0xEA, 0x0F, 0x0D, 0xEA, 0x0F, 0x0D, 0xEA, 0x0F, 0x0D, 0xEA, 0x0F, 0x0D, 0xEA, 0x0F, 0x0D, 0xEA,
		0x0F, 0x0D, 0xEA, 0x0F, 0x0D, 0xEA, 0x0F, 0x0D, 0xEA, 0xEA, 0xEA, 0xEA, 0xEA, 0xEA, 0xEA, 0xEA,
		0xEA, 0xEA, 0xEA, 0xEA, 0xEA, 0xEA, 0xEA, 0xEA, 0xEA, 0xEA, 0xEA, 0xEA, 0xEA, 0xEA, 0xEA, 0xEA,
		0xEA, 0xEA, 0xEA, 0xEA, 0xEA, 0xEA, 0x10, 0x10, 0x10, 0x10, 0x10, 0x10, 0x10, 0x10, 0x10, 0x10,
		0x10, 0x10, 0x10, 0x10, 0x10, 0x10, 0x10, 0x10, 0x10, 0x10, 0x10, 0x10, 0x10, 0x10, 0x10, 0x10,
		0x10, 0x10, 0x10, 0x10, 0x0E, 0xEA, 0xEA, 0x0E, 0xEA, 0xEA, 0x0E, 0xEA, 0xEA, 0x0E, 0xEA, 0xEA,
		0xEA, 0xEA, 0xEA, 0xEA, 0xEA, 0xEA, 0xEA, 0xEA, 0xEA, 0xEA, 0xEA, 0xEA, 0xEA, 0xEA, 0xEA, 0xEA,
		0xEA, 0xEA, 0xEA, 0xEA, 0xEA, 0xEA, 0xEA, 0xEA, 0xEA, 0xEA, 0xEA, 0xEA, 0xEA, 0xEA, 0x0F, 0x0E,
		0xEE, 0x0F, 0x0E, 0xEE, 0x0F, 0x0E, 0xEE, 0x0F, 0x0E, 0xEE, 0x0F, 0x0E, 0xEE, 0x0F, 0x0E, 0xEE,
		0x0F, 0x0E, 0xEE, 0x0F, 0x0E, 0xEE, 0x0F, 0x0E, 0xEE, 0x0F, 0x0E, 0xEE, 0x0D, 0xEC, 0x0C, 0x0D,
		0xEC, 0x0C, 0x0D, 0xEC, 0x0C, 0x0D, 0xEC, 0x0C, 0x0D, 0xEC, 0x0C, 0x0D, 0xEC, 0x0C, 0x0D, 0xEC,
		0x0C, 0x0D, 0xEC, 0x0C, 0x0D, 0xEC, 0x0C, 0x0D, 0xEC, 0x0C, 0xEA, 0x0F, 0x0D, 0xEA, 0x0F, 0x0D,
		0xEA, 0x0F, 0x0D, 0xEA, 0x0F, 0x0D, 0xEA, 0x0F, 0x0D, 0xEA, 0x0F, 0x0D, 0xEA, 0x0F, 0x0D, 0xEA,
		0x0F, 0x0D, 0xEA, 0x0F, 0x0D, 0xEA, 0x0F, 0x0D, 0xEA, 0xEA, 0xEA, 0xEA, 0xEA, 0xEA, 0xEA, 0xEA,
		0xEA, 0xEA, 0xEA, 0xEA, 0xEA, 0xEA, 0xEA, 0xEA, 0xEA, 0xEA, 0xEA, 0xEA, 0xEA, 0xEA, 0xEA, 0xEA,
		0xEA, 0xEA, 0xEA, 0xEA, 0xEA, 0xEA, 0x10, 0x10, 0x10, 0x10, 0x10, 0x10, 0x10, 0x10, 0x10, 0x10,
		0x10, 0x10, 0x10, 0x10, 0x10, 0x10, 0x10, 0x10, 0x10, 0x10, 0x10, 0x10, 0x10, 0x10, 0x10, 0x10,
		0x10, 0x10, 0x10, 0x10, 0x0E, 0xEA, 0xEA, 0x0E, 0xEA, 0xEA, 0x0E, 0xEA, 0xEA, 0x0E, 0xEA, 0xEA,
		0xEA, 0xEA, 0xEA, 0xEA, 0xEA, 0xEA, 0xEA, 0xEA, 0xEA, 0xEA, 0xEA, 0xEA, 0xEA, 0xEA, 0xEA, 0xEA,
		0xEA, 0xEA, 0xEA, 0xEA, 0xEA, 0xEA, 0xEA, 0xEA, 0xEA, 0xEA, 0xEA, 0xEA, 0xEA, 0xEA, 0x0F, 0x0E,
		0xEE, 0x0F, 0x0E, 0xEE, 0x0F, 0x0E, 0xEE, 0x0F, 0x0E, 0xEE, 0x0F, 0x0E, 0xEE, 0x0F, 0x0E, 0xEE,
		0x0F, 0x0E, 0xEE, 0x0F, 0x0E, 0xEE, 0x0F, 0x0E, 0xEE, 0x0F, 0x0E, 0xEE, 0x0D, 0xEC, 0x0C, 0x0D,
		0xEC, 0x0C, 0x0D, 0xEC, 0x0C, 0x0D, 0xEC, 0x0C, 0x0D, 0xEC, 0x0C, 0x0D, 0xEC, 0x0C, 0x0D, 0xEC,
		0x0C, 0x0D, 0xEC, 0x0C, 0x0D, 0xEC, 0x0C, 0x0D, 0xEC, 0x0C, 0xEA, 0x0F, 0x0D, 0xEA, 0x0F, 0x0D,
		0xEA, 0x0F, 0x0D, 0xEA, 0x0F, 0x0D, 0xEA, 0x0F, 0x0D, 0xEA, 0x0F, 0x0D, 0xEA, 0x0F, 0x0D, 0xEA,
		0x0F, 0x0D, 0xEA, 0x0F, 0x0D, 0xEA, 0x0F, 0x0D, 0xEA, 0xEA, 0xEA, 0xEA, 0xEA, 0xEA, 0xEA, 0xEA,
		0xEA, 0xEA, 0xEA, 0xEA, 0xEA, 0xEA, 0xEA, 0xEA, 0xEA, 0xEA, 0xEA, 0xEA, 0xEA, 0xEA, 0xEA, 0xEA,
		0xEA, 0xEA, 0xEA, 0xEA, 0xEA, 0xEA, 0x10, 0x10, 0x10, 0x10, 0x10, 0x10, 0x10, 0x10, 0x10, 0x10,
		0x10, 0x10, 0x10, 0x10, 0x10, 0x10, 0x10, 0x10, 0x10, 0x10, 0x10, 0x10, 0x10, 0x10, 0x10, 0x10,
		0x10, 0x10, 0x10, 0x10, 0x0E, 0xEA, 0xEA, 0x0E, 0xEA, 0xEA, 0x0E, 0xEA, 0xEA, 0x0E, 0xEA, 0xEA,
		0xEA, 0xEA, 0xEA, 0xEA, 0xEA, 0xEA, 0xEA, 0xEA, 0xEA, 0xEA, 0xEA, 0xEA, 0xEA, 0xEA, 0xEA, 0xEA,
		0xEA, 0xEA, 0xEA, 0xEA, 0xEA, 0xEA, 0xEA, 0xEA, 0xEA, 0xEA, 0xEA, 0xEA, 0xEA, 0xEA, 0x0F, 0x0E,
		0xEE, 0x0F, 0x0E, 0xEE, 0x0F, 0x0E, 0xEE, 0x0F, 0x0E, 0xEE, 0x0F, 0x0E, 0xEE, 0x0F, 0x0E, 0xEE,
		0x0F, 0x0E, 0xEE, 0x0F, 0x0E, 0xEE, 0x0F, 0x0E, 0xEE, 0x0F, 0x0E, 0xEE, 0x0D, 0xEC, 0x0C, 0x0D,
		0xEC, 0x0C, 0x0D, 0xEC, 0x0C, 0x0D, 0xEC, 0x0C, 0x0D, 0xEC, 0x0C, 0x0D, 0xEC, 0x0C, 0x0D, 0xEC,
		0x0C, 0x0D, 0xEC, 0x0C, 0x0D, 0xEC, 0x0C, 0x0D, 0xEC, 0x0C, 0xEA, 0x0F, 0x0D, 0xEA, 0x0F, 0x0D,
		0xEA, 0x0F, 0x0D, 0xEA, 0x0F, 0x0D, 0xEA, 0x0F, 0x0D, 0xEA, 0x0F, 0x0D, 0xEA, 0x0F, 0x0D, 0xEA,
		0x0F, 0x0D, 0xEA, 0x0F, 0x0D, 0xEA, 0x0F, 0x0D, 0xEA, 0xEA, 0xEA, 0xEA, 0xEA, 0xEA, 0xEA, 0xEA,
		0xEA, 0xEA, 0xEA, 0xEA, 0xEA, 0xEA, 0xEA, 0xEA, 0xEA, 0xEA, 0xEA, 0xEA, 0xEA, 0xEA, 0xEA, 0xEA,
		0xEA, 0xEA, 0xEA, 0xEA, 0xEA, 0xEA, 0x10, 0x10, 0x10, 0x10, 0x10, 0x10, 0x10, 0x10, 0x10, 0x10,
		0x10, 0x10, 0x10, 0x10, 0x10, 0x10, 0x10, 0x10, 0x10, 0x10, 0x10, 0x10, 0x10, 0x10, 0x10, 0x10,
		0x10, 0x10, 0x10, 0x10, 0x0E, 0xEA, 0xEA, 0x0E, 0xEA, 0xEA, 0x0E, 0xEA, 0xEA, 0x0E, 0xEA, 0xEA,
		0xEA, 0xEA, 0xEA, 0xEA, 0xEA, 0xEA, 0xEA, 0xEA, 0xEA, 0xEA, 0xEA, 0xEA, 0xEA, 0xEA, 0xEA, 0xEA,
		0xEA, 0xEA, 0xEA, 0xEA, 0xEA, 0xEA, 0xEA, 0xEA, 0xEA, 0xEA, 0xEA, 0xEA, 0xEA, 0xEA, 0x0F, 0x0E,
		0xEE, 0x0F, 0x0E, 0xEE, 0x0F, 0x0E, 0xEE, 0x0F, 0x0E, 0xEE, 0x0F, 0x0E, 0xEE, 0x0F, 0x0E, 0xEE,
		0x0F, 0x0E, 0xEE, 0x0F, 0x0E, 0xEE, 0x0F, 0x0E, 0xEE, 0x0F, 0x0E, 0xEE, 0x0D, 0xEC, 0x0C, 0x0D,
		0xEC, 0x0C, 0x0D, 0xEC, 0x0C, 0x0D, 0xEC, 0x0C, 0x0D, 0xEC, 0x0C, 0x0D, 0xEC, 0x0C, 0x0D, 0xEC,
		0x0C, 0x0D, 0xEC, 0x0C, 0x0D, 0xEC, 0x0C, 0x0D, 0xEC, 0x0C, 0xEA, 0x0F, 0x0D, 0xEA, 0x0F, 0x0D,
		0xEA, 0x0F, 0x0D, 0xEA, 0x0F, 0x0D, 0xEA, 0x0F, 0x0D, 0xEA, 0x0F, 0x0D, 0xEA, 0x0F, 0x0D, 0xEA,
		0x0F, 0x0D, 0xEA, 0x0F, 0x0D, 0xEA, 0x0F, 0x0D, 0xEA, 0xEA, 0xEA, 0xEA, 0xEA, 0xEA, 0xEA, 0xEA,
		0xEA, 0xEA, 0xEA, 0xEA, 0xEA, 0xEA, 0xEA, 0xEA, 0xEA, 0xEA, 0xEA, 0xEA, 0xEA, 0xEA, 0xEA, 0xEA,
		0xEA, 0xEA, 0xEA, 0xEA, 0xEA, 0xEA, 0x10, 0x10, 0x10, 0x10, 0x10, 0x10, 0x10, 0x10, 0x10, 0x10,
		0x10, 0x10, 0x10, 0x10, 0x10, 0x10, 0x10, 0x10, 0x10, 0x10, 0x10, 0x10, 0x10, 0x10, 0x10, 0x10,
		0x10, 0x10, 0x10, 0x10, 0x0E, 0xEA, 0xEA, 0x0E, 0xEA, 0xEA, 0x0E, 0xEA, 0xEA, 0x0E, 0xEA, 0xEA,
		0xEA, 0xEA, 0xEA, 0xEA, 0xEA, 0xEA, 0xEA, 0xEA, 0xEA, 0xEA, 0xEA, 0xEA, 0xEA, 0xEA, 0xEA, 0xEA,
		0xEA, 0xEA, 0xEA, 0xEA, 0xEA, 0xEA, 0xEA, 0xEA, 0xEA, 0xEA, 0xEA, 0xEA, 0xEA, 0xEA, 0x0F, 0x0E,
		0xEE, 0x0F, 0x0E, 0xEE, 0x0F, 0x0E, 0xEE, 0x0F, 0x0E, 0xEE, 0x0F, 0x0E, 0xEE, 0x0F, 0x0E, 0xEE,
		0x0F, 0x0E, 0xEE, 0x0F, 0x0E, 0xEE, 0x0F, 0x0E, 0xEE, 0x0F, 0x0E, 0xEE, 0x0D, 0xEC, 0x0C, 0x0D,
		0xEC, 0x0C, 0x0D, 0xEC, 0x0C, 0x0D, 0xEC, 0x0C, 0x0D, 0xEC, 0x0C, 0x0D, 0xEC, 0x0C, 0x0D, 0xEC,
		0x0C, 0x0D, 0xEC, 0x0C, 0x0D, 0xEC, 0x0C, 0x0D, 0xEC, 0x0C, 0xEA, 0x0F, 0x0D, 0xEA, 0x0F, 0x0D,
		0xEA, 0x0F, 0x0D, 0xEA, 0x0F, 0x0D, 0xEA, 0x0F, 0x0D, 0xEA, 0x0F, 0x0D, 0xEA, 0x0F, 0x0D, 0xEA,
		0x0F, 0x0D, 0xEA, 0x0F, 0x0D, 0xEA, 0x0F, 0x0D, 0xEA, 0xEA, 0xEA, 0xEA, 0xEA, 0xEA, 0xEA, 0xEA,
		0xEA, 0xEA, 0xEA, 0xEA, 0xEA, 0xEA, 0xEA, 0xEA, 0xEA, 0xEA, 0xEA, 0xEA, 0xEA, 0xEA, 0xEA, 0xEA,
		0xEA, 0xEA, 0xEA, 0xEA, 0xEA, 0xEA, 0x10, 0x10, 0x10, 0x10, 0x10, 0x10, 0x10, 0x10, 0x10, 0x10,
		0x10, 0x10, 0x10, 0x10, 0x10, 0x10, 0x10, 0x10, 0x10, 0x10, 0x10, 0x10, 0x10, 0x10, 0x10, 0x10,
		0x10, 0x10, 0x10, 0x10, 0x0E, 0xEA, 0xEA, 0x0E, 0xEA, 0xEA, 0x0E, 0xEA, 0xEA, 0x0E, 0xEA, 0xEA,
		0xEA, 0xEA, 0xEA, 0xEA, 0xEA, 0xEA, 0xEA, 0xEA, 0xEA, 0xEA, 0xEA, 0xEA, 0xEA, 0xEA, 0xEA, 0xEA,
		0xEA, 0xEA, 0xEA, 0xEA, 0xEA, 0xEA, 0xEA, 0xEA, 0xEA, 0xEA, 0xEA, 0xEA, 0xEA, 0xEA, 0x0F, 0x0E,
		0xEE, 0x0F, 0x0E, 0xEE, 0x0F, 0x0E, 0xEE, 0x0F, 0x0E, 0xEE, 0x0F, 0x0E, 0xEE, 0x0F, 0x0E, 0xEE,
		0x0F, 0x0E, 0xEE, 0x0F, 0x0E, 0xEE, 0x0F, 0x0E, 0xEE, 0x0F, 0x0E, 0xEE, 0x0D, 0xEC, 0x0C, 0x0D,
		0xEC, 0x0C, 0x0D, 0xEC, 0x0C, 0x0D, 0xEC, 0x0C, 0x0D, 0xEC, 0x0C, 0x0D, 0xEC, 0x0C, 0x0D, 0xEC,
		0x0C, 0x0D, 0xEC, 0x0C, 0x0D, 0xEC, 0x0C, 0x0D, 0xEC, 0x0C, 0xEA, 0x0F, 0x0D, 0xEA, 0x0F, 0x0D,
		0xEA, 0x0F, 0x0D, 0xEA, 0x0F, 0x0D, 0xEA, 0x0F, 0x0D, 0xEA, 0x0F, 0x0D, 0xEA, 0x0F, 0x0D, 0xEA,
		0x0F, 0x0D, 0xEA, 0x0F, 0x0D, 0xEA, 0x0F, 0x0D, 0xEA, 0xEA, 0xEA, 0xEA, 0xEA, 0xEA, 0xEA, 0xEA,
		0xEA, 0xEA, 0xEA, 0xEA, 0xEA, 0xEA, 0xEA, 0xEA, 0xEA, 0xEA, 0xEA, 0xEA, 0xEA, 0xEA, 0xEA, 0xEA,
		0xEA, 0xEA, 0xEA, 0xEA, 0xEA, 0xEA, 0x10, 0x10, 0x10, 0x10, 0x10, 0x10, 0x10, 0x10, 0x10, 0x10,
		0x10, 0x10, 0x10, 0x10, 0x10, 0x10, 0x10, 0x10, 0x10, 0x10, 0x10, 0x10, 0x10, 0x10, 0x10, 0x10,
		0x10, 0x10, 0x10, 0x10, 0x0E, 0xEA, 0xEA, 0x0E, 0xEA, 0xEA, 0x0E, 0xEA, 0xEA, 0x0E, 0xEA, 0xEA,
		0xEA, 0xEA, 0xEA, 0xEA, 0xEA, 0xEA, 0xEA, 0xEA, 0xEA, 0xEA, 0xEA, 0xEA, 0xEA, 0xEA, 0xEA, 0xEA,
		0xEA, 0xEA, 0xEA, 0xEA, 0xEA, 0xEA, 0xEA, 0xEA, 0xEA, 0xEA, 0xEA, 0xEA, 0xEA, 0xEA, 0x0F, 0x0E,
		0xEE, 0x0F, 0x0E, 0xEE, 0x0F, 0x0E, 0xEE, 0x0F, 0x0E, 0xEE, 0x0F, 0x0E, 0xEE, 0x0F, 0x0E, 0xEE,
		0x0F, 0x0E, 0xEE, 0x0F, 0x0E, 0xEE, 0x0F, 0x0E, 0xEE, 0x0F, 0x0E, 0xEE, 0x0D, 0xEC, 0x0C, 0x0D,
		0xEC, 0x0C, 0x0D, 0xEC, 0x0C, 0x0D, 0xEC, 0x0C, 0x0D, 0xEC, 0x0C, 0x0D, 0xEC, 0x0C, 0x0D, 0xEC,
		0x0C, 0x0D, 0xEC, 0x0C, 0x0D, 0xEC, 0x0C, 0x0D, 0xEC, 0x0C, 0xEA, 0x0F, 0x0D, 0xEA, 0x0F, 0x0D,
		0xEA, 0x0F, 0x0D, 0xEA, 0x0F, 0x0D, 0xEA, 0x0F, 0x0D, 0xEA, 0x0F, 0x0D, 0xEA, 0x0F, 0x0D, 0xEA,
		0x0F, 0x0D, 0xEA, 0x0F, 0x0D, 0xEA, 0x0F, 0x0D, 0xEA, 0xEA, 0xEA, 0xEA, 0xEA, 0xEA, 0xEA, 0xEA,
		0xEA, 0xEA, 0xEA, 0xEA, 0xEA, 0xEA, 0xEA, 0xEA, 0xEA, 0xEA, 0xEA, 0xEA, 0xEA, 0xEA, 0xEA, 0xEA,
		0xEA, 0xEA, 0xEA, 0xEA, 0xEA, 0xEA, 0x10, 0x10, 0x10, 0x10, 0x10, 0x10, 0x10, 0x10, 0x10, 0x10,
		0x10, 0x10, 0x10, 0x10, 0x10, 0x10, 0x10, 0x10, 0x10, 0x10, 0x10, 0x10, 0x10, 0x10, 0x10, 0x10,
		0x10, 0x10, 0x10, 0x10, 0x0E, 0xEA, 0xEA, 0x0E, 0xEA, 0xEA, 0x0E, 0xEA, 0xEA, 0x0E, 0xEA, 0xEA,
		0x0F, 0x0E, 0xEE, 0x0F, 0x0E, 0xEE, 0x0F, 0x0E, 0xEE, 0x0F, 0x0E, 0xEE, 0x0F, 0x0E, 0xEE, 0x0F,
		0x0E, 0xEE, 0x0F, 0x0E, 0xEE, 0x0F, 0x0E, 0xEE, 0x0F, 0x0E, 0xEE, 0x0F, 0x0E, 0xEE, 0x0F, 0x0E,
		0xEE, 0x0F, 0x0E, 0xEE, 0x0F, 0x0E, 0xEE, 0x0F, 0x0E, 0xEE, 0x0F, 0x0E, 0xEE, 0x0F, 0x0E, 0xEE,
		0x0F, 0x0E, 0xEE, 0x0F, 0x0E, 0xEE, 0x0F, 0x0E, 0xEE, 0x0F, 0x0E, 0xEE, 0x0F, 0x0E, 0xEE, 0x0F,
		0x0E, 0xEE, 0x0F, 0x0E, 0xEE, 0x0F, 0x0E, 0xEE, 0x0F, 0x0E, 0xEE, 0x0F, 0x0E, 0xEE, 0x0F, 0x0E,
		0xEE, 0x0F, 0x0E, 0xEE, 0x0F, 0x0E, 0xEE, 0x0F, 0x0E, 0xEE, 0x0F, 0x0E, 0xEE, 0x0F, 0x0E, 0xEE,
		0x0F, 0x0E, 0xEE, 0x0F, 0x0E, 0xEE, 0x0F, 0x0E, 0xEE, 0x0F, 0x0E, 0xEE, 0x0F, 0x0E, 0xEE, 0x0F,
		0x0E, 0xEE, 0x0F, 0x0E, 0xEE, 0x0F, 0x0E, 0xEE, 0x0F, 0x0E, 0xEE, 0x0F, 0x0E, 0xEE, 0x0F, 0x0E,
		0xEE, 0x0F, 0x0E, 0xEE, 0x0F, 0x0E, 0xEE, 0x0F, 0x0E, 0xEE, 0x0F, 0x0E, 0xEE, 0x0F, 0x0E, 0xEE,
		0x0F, 0x0E, 0xEE, 0x0F, 0x0E, 0xEE, 0x0F, 0x0E, 0xEE, 0x0F, 0x0E, 0xEE, 0x0F, 0x0E, 0xEE, 0x0F,
		0x0E, 0xEE, 0x0F, 0x0E, 0xEE, 0x0F, 0x0E, 0xEE, 0x0F, 0x0E, 0xEE, 0x0F, 0x0E, 0xEE, 0x0F, 0x0E,
		0xEE, 0x0F, 0x0E, 0xEE, 0x0F, 0x0E, 0xEE, 0x0F, 0x0E, 0xEE, 0x0F, 0x0E, 0xEE, 0x0F, 0x0E, 0xEE,
		0x0F, 0x0E, 0xEE, 0x0F, 0x0E, 0xEE, 0x0F, 0x0E, 0xEE, 0x0F, 0x0E, 0xEE, 0x0F, 0x0E, 0xEE, 0x0F,
		0x0E, 0xEE, 0x0F, 0x0E, 0xEE, 0x0F, 0x0E, 0xEE, 0x0F, 0x0E, 0xEE, 0x0F, 0x0E, 0xEE, 0x0F, 0x0E,
		0xEE, 0x0F, 0x0E, 0xEE, 0x0F, 0x0E, 0xEE, 0x0F, 0x0E, 0xEE, 0x0F, 0x0E, 0xEE, 0x0F, 0x0E, 0xEE,
		0x0F, 0x0E, 0xEE, 0x0F, 0x0E, 0xEE, 0x0F, 0x0E, 0xEE, 0x0F, 0x0E, 0xEE, 0x0F, 0x0E, 0xEE, 0x0F,
		0x0E, 0xEE, 0x0F, 0x0E, 0xEE, 0x0F, 0x0E, 0xEE, 0x0F, 0x0E, 0xEE, 0x0F, 0x0E, 0xEE, 0x0F, 0x0E,
		0xEE, 0x0F, 0x0E, 0xEE, 0x0F, 0x0E, 0xEE, 0x0F, 0x0E, 0xEE, 0x0F, 0x0E, 0xEE, 0x0F, 0x0E, 0xEE,
		0x0F, 0x0E, 0xEE, 0x0F, 0x0E, 0xEE, 0x0F, 0x0E, 0xEE, 0x0F, 0x0E, 0xEE, 0x0F, 0x0E, 0xEE, 0x0F,
		0x0E, 0xEE, 0x0F, 0x0E, 0xEE, 0x0F, 0x0E, 0xEE, 0x0F, 0x0E, 0xEE, 0x0F, 0x0E, 0xEE, 0x0F, 0x0E,
		0xEE, 0x0F, 0x0E, 0xEE, 0x0F, 0x0E, 0xEE, 0x0F, 0x0E, 0xEE, 0x0F, 0x0E, 0xEE, 0x0F, 0x0E, 0xEE,
		0x0F, 0x0E, 0xEE, 0x0F, 0x0E, 0xEE, 0x0F, 0x0E, 0xEE, 0x0F, 0x0E, 0xEE, 0x0F, 0x0E, 0xEE, 0x0F,
		0x0E, 0xEE, 0x0F, 0x0E, 0xEE, 0x0F, 0x0E, 0xEE, 0x0F, 0x0E, 0xEE, 0x0F, 0x0E, 0xEE, 0x0F, 0x0E,
		0xEE, 0x0F, 0x0E, 0xEE, 0x0F, 0x0E, 0xEE, 0x0F, 0x0E, 0xEE, 0x0F, 0x0E, 0xEE, 0x0F, 0x0E, 0xEE,
		0x0F, 0x0E, 0xEE, 0x0F, 0x0E, 0xEE, 0x0F, 0x0E, 0xEE, 0x0F, 0x0E, 0xEE, 0x0F, 0x0E, 0xEE, 0x0F,
		0x0E, 0xEE, 0x0F, 0x0E, 0xEE, 0x0F, 0x0E, 0xEE, 0x0F, 0x0E, 0xEE, 0x0F, 0x0E, 0xEE, 0x0F, 0x0E,
		0xEE, 0x0F, 0x0E, 0xEE, 0x0F, 0x0E, 0xEE, 0x0F, 0x0E, 0xEE, 0x0F, 0x0E, 0xEE, 0x0F, 0x0E, 0xEE,
		0x0F, 0x0E, 0xEE, 0x0F, 0x0E, 0xEE, 0x0F, 0x0E, 0xEE, 0x0F, 0x0E, 0xEE, 0x0F, 0x0E, 0xEE, 0x0F,
		0x0E, 0xEE, 0x0F, 0x0E, 0xEE, 0x0F, 0x0E, 0xEE, 0x0F, 0x0E, 0xEE, 0x0F, 0x0E, 0xEE, 0x0F, 0x0E,
		0xEE, 0x0F, 0x0E, 0xEE, 0x0F, 0x0E, 0xEE, 0x0F, 0x0E, 0xEE, 0x0F, 0x0E, 0xEE, 0x0F, 0x0E, 0xEE,
		0x0F, 0x0E, 0xEE, 0x0F, 0x0E, 0xEE, 0x0F, 0x0E, 0xEE, 0x0F, 0x0E, 0xEE, 0x0F, 0x0E, 0xEE, 0x0F,
		0x0E, 0xEE, 0x0F, 0x0E, 0xEE, 0x0F, 0x0E, 0xEE, 0x0F, 0x0E, 0xEE, 0x0F, 0x0E, 0xEE, 0x0F, 0x0E,
		0xEE, 0x0F, 0x0E, 0xEE, 0x0F, 0x0E, 0xEE, 0x0F, 0x0E, 0xEE, 0x0F, 0x0E, 0xEE, 0x0F, 0x0E, 0xEE,
		0x0F, 0x0E, 0xEE, 0x0F, 0x0E, 0xEE, 0x0F, 0x0E, 0xEE, 0x0F, 0x0E, 0xEE, 0x0F, 0x0E, 0xEE, 0x0F,
		0x0E, 0xEE, 0x0F, 0x0E, 0xEE, 0x0F, 0x0E, 0xEE, 0x0F, 0x0E, 0xEE, 0x0F, 0x0E, 0xEE, 0x0F, 0x0E,
		0xEE, 0x0F, 0x0E, 0xEE, 0x0F, 0x0E, 0xEE, 0x0F, 0x0E, 0xEE, 0x0F, 0x0E, 0xEE, 0x0F, 0x0E, 0xEE,
		0x0F, 0x0E, 0xEE, 0x0F, 0x0E, 0xEE, 0x0F, 0x0E, 0xEE, 0x0F, 0x0E, 0xEE, 0x0F, 0x0E, 0xEE, 0x0F,
		0x0E, 0xEE, 0x0F, 0x0E, 0xEE, 0x0F, 0x0E, 0xEE, 0x0F, 0x0E, 0xEE, 0x0F, 0x0E, 0xEE, 0x0F, 0x0E,
		0xEE, 0x0F, 0x0E, 0xEE, 0x0F, 0x0E, 0xEE, 0x0F, 0x0E, 0xEE, 0x0F, 0x0E, 0xEE, 0x0F, 0x0E, 0xEE,
		0x0F, 0x0E, 0xEE, 0x0F, 0x0E, 0xEE, 0x0F, 0x0E, 0xEE, 0x0F, 0x0E, 0xEE, 0x0F, 0x0E, 0xEE, 0x0F,
		0x0E, 0xEE, 0x0F, 0x0E, 0xEE, 0x0F, 0x0E, 0xEE, 0x0F, 0x0E, 0xEE, 0x0F, 0x0E, 0xEE, 0x0F, 0x0E,
		0xEE, 0x0F, 0x0E, 0xEE, 0x0F, 0x0E, 0xEE, 0x0F, 0x0E, 0xEE, 0x0F, 0x0E, 0xEE, 0x0F, 0x0E, 0xEE,
		0x0F, 0x0E, 0xEE, 0x0F, 0x0E, 0xEE, 0x0F, 0x0E, 0xEE, 0x0F, 0x0E, 0xEE, 0x0F, 0x0E, 0xEE, 0x0F,
		0x0E, 0xEE, 0x0F, 0x0E, 0xEE, 0x0F, 0x0E, 0xEE, 0x0F, 0x0E, 0xEE, 0x0F, 0x0E, 0xEE, 0x0F, 0x0E,
		0xEE, 0x0F, 0x0E, 0xEE, 0x0F, 0x0E, 0xEE, 0x0F, 0x0E, 0xEE, 0x0F, 0x0E, 0xEE, 0x0F, 0x0E, 0xEE,
		0x0F, 0x0E, 0xEE, 0x0F, 0x0E, 0xEE, 0x0F, 0x0E, 0xEE, 0x0F, 0x0E, 0xEE, 0x0F, 0x0E, 0xEE, 0x0F,
		0x0E, 0xEE, 0x0F, 0x0E, 0xEE, 0x0F, 0x0E, 0xEE, 0x0F, 0x0E, 0xEE, 0x0F, 0x0E, 0xEE, 0x0F, 0x0E,
		0xEE, 0x0F, 0x0E, 0xEE, 0x0F, 0x0E, 0xEE, 0x0F, 0x0E, 0xEE, 0x0F, 0x0E, 0xEE, 0x0F, 0x0E, 0xEE,
		0x0F, 0x0E, 0xEE, 0x0F, 0x0E, 0xEE, 0x0F, 0x0E, 0xEE, 0x0F, 0x0E, 0xEE, 0x0F, 0x0E, 0xEE, 0x0F,
		0x0E, 0xEE, 0x0F, 0x0E, 0xEE, 0x0F, 0x0E, 0xEE, 0x0F, 0x0E, 0xEE, 0x0F, 0x0E, 0xEE, 0x0F, 0x0E,
		0xEE, 0x0F, 0x0E, 0xEE, 0x0F, 0x0E, 0xEE, 0x0F, 0x0E, 0xEE, 0x0F, 0x0E, 0xEE, 0x0F, 0x0E, 0xEE,
		0x0F, 0x0E, 0xEE, 0x0F, 0x0E, 0xEE, 0x0F, 0x0E, 0xEE, 0x0F, 0x0E, 0xEE, 0x0F, 0x0E, 0xEE, 0x0F,
		0x0E, 0xEE, 0x0F, 0x0E, 0xEE, 0x0F, 0x0E, 0xEE, 0x0F, 0x0E, 0xEE, 0x0F, 0x0E, 0xEE, 0x0F, 0x0E,
		0xEE, 0x0F, 0x0E, 0xEE, 0x0F, 0x0E, 0xEE, 0x0F, 0x0E, 0xEE, 0x0F, 0x0E, 0xEE, 0x0F, 0x0E, 0xEE,
		0x0F, 0x0E, 0xEE, 0x0F, 0x0E, 0xEE, 0x0F, 0x0E, 0xEE, 0x0F, 0x0E, 0xEE, 0x0F, 0x0E, 0xEE, 0x0F,
		0x0E, 0xEE, 0x0F, 0x0E, 0xEE, 0x0F, 0x0E, 0xEE, 0x0F, 0x0E, 0xEE, 0x0F, 0x0E, 0xEE, 0x0F, 0x0E,
		0xEE, 0x0F, 0x0E, 0xEE, 0x0F, 0x0E, 0xEE, 0x0F, 0x0E, 0xEE, 0x0F, 0x0E, 0xEE, 0x0F, 0x0E, 0xEE,
		0x0F, 0x0E, 0xEE, 0x0F, 0x0E, 0xEE, 0x0F, 0x0E, 0xEE, 0x0F, 0x0E, 0xEE, 0x0F, 0x0E, 0xEE, 0x0F,
		0x0E, 0xEE, 0x0F, 0x0E, 0xEE, 0x0F, 0x0E, 0xEE, 0x0F, 0x0E, 0xEE, 0x0F, 0x0E, 0xEE, 0x0F, 0x0E,
		0xEE, 0x0F, 0x0E, 0xEE, 0x0F, 0x0E, 0xEE, 0x0F, 0x0E, 0xEE, 0x0F, 0x0E, 0xEE, 0x0F, 0x0E, 0xEE,
		0x0F, 0x0E, 0xEE, 0x0F, 0x0E, 0xEE, 0x0F, 0x0E, 0xEE, 0x0F, 0x0E, 0xEE, 0x0F, 0x0E, 0xEE, 0x0F,
		0x0E, 0xEE, 0x0F, 0x0E, 0xEE, 0x0F, 0x0E, 0xEE, 0x0F, 0x0E, 0xEE, 0x0F, 0x0E, 0xEE, 0x0F, 0x0E,
		0xEE, 0x0F, 0x0E, 0xEE, 0x0F, 0x0E, 0xEE, 0x0F, 0x0E, 0xEE, 0x0F, 0x0E, 0xEE, 0x0F, 0x0E, 0xEE,
		0x0F, 0x0E, 0xEE, 0x0F, 0x0E, 0xEE, 0x0F, 0x0E, 0xEE, 0x0F, 0x0E, 0xEE, 0x0F, 0x0E, 0xEE, 0x0F,
		0x0E, 0xEE, 0x0F, 0x0E, 0xEE, 0x0F, 0x0E, 0xEE, 0x0F, 0x0E, 0xEE, 0x0F, 0x0E, 0xEE, 0x0F, 0x0E,
		0xEE, 0x0F, 0x0E, 0xEE, 0x0F, 0x0E, 0xEE, 0x0F, 0x0E, 0xEE, 0x0F, 0x0E, 0xEE, 0x0F, 0x0E, 0xEE,
		0x0F, 0x0E, 0xEE, 0x0F, 0x0E, 0xEE, 0x0F, 0x0E, 0xEE, 0x0F, 0x0E, 0xEE, 0x0F, 0x0E, 0xEE, 0x0F,
		0x0E, 0xEE, 0x0F, 0x0E, 0xEE, 0x0F, 0x0E, 0xEE, 0x0F, 0x0E, 0xEE, 0x0F, 0x0E, 0xEE, 0x0F, 0x0E,
		0xEE, 0x0F, 0x0E, 0xEE, 0x0F, 0x0E, 0xEE, 0x0F, 0x0E, 0xEE, 0x0F, 0x0E, 0xEE, 0x0F, 0x0E, 0xEE,
		0x0F, 0x0E, 0xEE, 0x0F, 0x0E, 0xEE, 0x0F, 0x0E, 0xEE, 0x0F, 0x0E, 0xEE, 0x0F, 0x0E, 0xEE, 0x0F,
		0x0E, 0xEE, 0x0F, 0x0E, 0xEE, 0x0F, 0x0E, 0xEE, 0x0F, 0x0E, 0xEE, 0x0F, 0x0E, 0xEE, 0x0F, 0x0E,
		0xEE, 0x0F, 0x0E, 0xEE, 0x0F, 0x0E, 0xEE, 0x0F, 0x0E, 0xEE, 0x0F, 0x0E, 0xEE, 0x0F, 0x0E, 0xEE,
		0x0F, 0x0E, 0xEE, 0x0F, 0x0E, 0xEE, 0x0F, 0x0E, 0xEE, 0x0F, 0x0E, 0xEE, 0x0F, 0x0E, 0xEE, 0x0F,
		0x0E, 0xEE, 0x0F, 0x0E, 0xEE, 0x0F, 0x0E, 0xEE, 0x0F, 0x0E, 0xEE, 0x0F, 0x0E, 0xEE, 0x0F, 0x0E,
		0xEE, 0x0F, 0x0E, 0xEE, 0x0F, 0x0E, 0xEE, 0x0F, 0x0E, 0xEE, 0x0F, 0x0E, 0xEE, 0x0F, 0x0E, 0xEE,
		0x0F, 0x0E, 0xEE, 0x0F, 0x0E, 0xEE, 0x0F, 0x0E, 0xEE, 0x0F, 0x0E, 0xEE, 0x0F, 0x0E, 0xEE, 0x0F,
		0x0E, 0xEE, 0x0F, 0x0E, 0xEE, 0x0F, 0x0E, 0xEE, 0x0F, 0x0E, 0xEE, 0x0F, 0x0E, 0xEE, 0x0F, 0x0E,
		0xEE, 0x0F, 0x0E, 0xEE, 0x0F, 0x0E, 0xEE, 0x0F, 0x0E, 0xEE, 0x0F, 0x0E, 0xEE, 0x0F, 0x0E, 0xEE,
		0x0F, 0x0E, 0xEE, 0x0F, 0x0E, 0xEE, 0x0F, 0x0E, 0xEE, 0x0F, 0x0E, 0xEE, 0x0F, 0x0E, 0xEE, 0x0F,
		0x0E, 0xEE, 0x0F, 0x0E, 0xEE, 0x0F, 0x0E, 0xEE, 0x0F, 0x0E, 0xEE, 0x0F, 0x0E, 0xEE, 0x0F, 0x0E,
		0xEE, 0x0F, 0x0E, 0xEE, 0x0F, 0x0E, 0xEE, 0x0F, 0x0E, 0xEE, 0x0F, 0x0E, 0xEE, 0x0F, 0x0E, 0xEE,
		0x0F, 0x0E, 0xEE, 0x0F, 0x0E, 0xEE, 0x0F, 0x0E, 0xEE, 0x0F, 0x0E, 0xEE, 0x0F, 0x0E, 0xEE, 0x0F,
		0x0E, 0xEE, 0x0F, 0x0E, 0xEE, 0x0F, 0x0E, 0xEE, 0x0F, 0x0E, 0xEE, 0x0F, 0x0E, 0xEE, 0x0F, 0x0E,
		0xEE, 0x0F, 0x0E, 0xEE, 0x0F, 0x0E, 0xEE, 0x0F, 0x0E, 0xEE, 0x0F, 0x0E, 0xEE, 0x0F, 0x0E, 0xEE,
		0x0F, 0x0E, 0xEE, 0x0F, 0x0E, 0xEE, 0x0F, 0x0E, 0xEE, 0x0F, 0x0E, 0xEE, 0x0F, 0x0E, 0xEE, 0x0F,
		0x0E, 0xEE, 0x0F, 0x0E, 0xEE, 0x0F, 0x0E, 0xEE, 0x0F, 0x0E, 0xEE, 0x0F, 0x0E, 0xEE, 0x0F, 0x0E,
		0xEE, 0x0F, 0x0E, 0xEE, 0x0F, 0x0E, 0xEE, 0x0F, 0x0E, 0xEE, 0x0F, 0x0E, 0xEE, 0x0F, 0x0E, 0xEE,
		0x0F, 0x0E, 0xEE, 0x0F, 0x0E, 0xEE, 0x0F, 0x0E, 0xEE, 0x0F, 0x0E, 0xEE, 0x0F, 0x0E, 0xEE, 0x0F,
		0x0E, 0xEE, 0x0F, 0x0E, 0xEE, 0x0F, 0x0E, 0xEE, 0x0F, 0x0E, 0xEE, 0x0F, 0x0E, 0xEE, 0x0F, 0x0E,
		0xEE, 0x0F, 0x0E, 0xEE, 0x0F, 0x0E, 0xEE, 0x0F, 0x0E, 0xEE, 0x0F, 0x0E, 0xEE, 0x0F, 0x0E, 0xEE,
		0x0F, 0x0E, 0xEE, 0x0F, 0x0E, 0xEE, 0x0F, 0x0E, 0xEE, 0x0F, 0x0E, 0xEE, 0x0F, 0x0E, 0xEE, 0x0F,
		0x0E, 0xEE, 0x0F, 0x0E, 0xEE, 0x0F, 0x0E, 0xEE, 0x0F, 0x0E, 0xEE, 0x0F, 0x0E, 0xEE, 0x0F, 0x0E,
		0xEE, 0x0F, 0x0E, 0xEE, 0x0F, 0x0E, 0xEE, 0x0F, 0x0E, 0xEE, 0x0F, 0x0E, 0xEE, 0x0F, 0x0E, 0xEE,
		0x0F, 0x0E, 0xEE, 0x0F, 0x0E, 0xEE, 0x0F, 0x0E, 0xEE, 0x0F, 0x0E, 0xEE, 0x0F, 0x0E, 0xEE, 0x0F,
		0x0E, 0xEE, 0x0F, 0x0E, 0xEE, 0x0F, 0x0E, 0xEE, 0x0F, 0x0E, 0xEE, 0x0F, 0x0E, 0xEE, 0x0F, 0x0E,
		0xEE, 0x0F, 0x0E, 0xEE, 0x0F, 0x0E, 0xEE, 0x0F, 0x0E, 0xEE, 0x0F, 0x0E, 0xEE, 0x0F, 0x0E, 0xEE,
		0x0F, 0x0E, 0xEE, 0x0F, 0x0E, 0xEE, 0x0F, 0x0E, 0xEE, 0x0F, 0x0E, 0xEE, 0x0F, 0x0E, 0xEE, 0x0F,
		0x0E, 0xEE, 0x0F, 0x0E, 0xEE, 0x0F, 0x0E, 0xEE, 0x0F, 0x0E, 0xEE, 0x0F, 0x0E, 0xEE, 0x0F, 0x0E,
		0xEE, 0x0F, 0x0E, 0xEE, 0x0F, 0x0E, 0xEE, 0x0F, 0x0E, 0xEE, 0x0F, 0x0E, 0xEE, 0x0F, 0x0E, 0xEE,
		0x0F, 0x0E, 0xEE, 0x0F, 0x0E, 0xEE, 0x0F, 0x0E, 0xEE, 0x0F, 0x0E, 0xEE, 0x0F, 0x0E, 0xEE, 0x0F,
		0x0E, 0xEE, 0x0F, 0x0E, 0xEE, 0x0F, 0x0E, 0xEE, 0x0F, 0x0E, 0xEE, 0x0F, 0x0E, 0xEE, 0x0F, 0x0E,
		0xEE, 0x0F, 0x0E, 0xEE, 0x0F, 0x0E, 0xEE, 0x0F, 0x0E, 0xEE, 0x0F, 0x0E, 0xEE, 0x0F, 0x0E, 0xEE,
		0x0F, 0x0E, 0xEE, 0x0F, 0x0E, 0xEE, 0x0F, 0x0E, 0xEE, 0x0F, 0x0E, 0xEE, 0x0F, 0x0E, 0xEE, 0x0F,
		0x0E, 0xEE, 0x0F, 0x0E, 0xEE, 0x0F, 0x0E, 0xEE, 0x0F, 0x0E, 0xEE, 0x0F, 0x0E, 0xEE, 0x0F, 0x0E,
		0xEE, 0x0F, 0x0E, 0xEE, 0x0F, 0x0E, 0xEE, 0x0F, 0x0E, 0xEE, 0x0F, 0x0E, 0xEE, 0x0F, 0x0E, 0xEE,
		0x0F, 0x0E, 0xEE, 0x0F, 0x0E, 0xEE, 0x0F, 0x0E, 0xEE, 0x0F, 0x0E, 0xEE, 0x0F, 0x0E, 0xEE, 0x0F,
		0x0E, 0xEE, 0x0F, 0x0E, 0xEE, 0x0F, 0x0E, 0xEE, 0x0F, 0x0E, 0xEE, 0x0F, 0x0E, 0xEE, 0x0F, 0x0E,
		0xEE, 0x0F, 0x0E, 0xEE, 0x0F, 0x0E, 0xEE, 0x0F, 0x0E, 0xEE, 0x0F, 0x0E, 0xEE, 0x0F, 0x0E, 0xEE,
		0x0F, 0x0E, 0xEE, 0x0F, 0x0E, 0xEE, 0x0F, 0x0E, 0xEE, 0x0F, 0x0E, 0xEE, 0x0F, 0x0E, 0xEE, 0x0F,
		0x0E, 0xEE, 0x0F, 0x0E, 0xEE, 0x0F, 0x0E, 0xEE, 0x0F, 0x0E, 0xEE, 0x0F, 0x0E, 0xEE, 0x0F, 0x0E,
		0xEE, 0x0F, 0x0E, 0xEE, 0x0F, 0x0E, 0xEE, 0x0F, 0x0E, 0xEE, 0x0F, 0x0E, 0xEE, 0x0F, 0x0E, 0xEE,
		0x0F, 0x0E, 0xEE, 0x0F, 0x0E, 0xEE, 0x0F, 0x0E, 0xEE, 0x0F, 0x0E, 0xEE, 0x0F, 0x0E, 0xEE, 0x0F,
		0x0E, 0xEE, 0x0F, 0x0E, 0xEE, 0x0F, 0x0E, 0xEE, 0x0F, 0x0E, 0xEE, 0x0F, 0x0E, 0xEE, 0x0F, 0x0E,
		0xEE, 0x0F, 0x0E, 0xEE, 0x0F, 0x0E, 0xEE, 0x0F, 0x0E, 0xEE, 0x0F, 0x0E, 0xEE, 0x0F, 0x0E, 0xEE,
		0x0F, 0x0E, 0xEE, 0x0F, 0x0E, 0xEE, 0x0F, 0x0E, 0xEE, 0x0F, 0x0E, 0xEE, 0x0F, 0x0E, 0xEE, 0x0F,
		0x0E, 0xEE, 0x0F, 0x0E, 0xEE, 0x0F, 0x0E, 0xEE, 0x0F, 0x0E, 0xEE, 0x0F, 0x0E, 0xEE, 0x0F, 0x0E,
		0xEE, 0x0F, 0x0E, 0xEE, 0x0F, 0x0E, 0xEE, 0x0F, 0x0E, 0xEE, 0x0F, 0x0E, 0xEE, 0x0F, 0x0E, 0xEE,
		0x0F, 0x0E, 0xEE, 0x0F, 0x0E, 0xEE, 0x0F, 0x0E, 0xEE, 0x0F, 0x0E, 0xEE, 0x0F, 0x0E, 0xEE, 0x0F,
		0x0E, 0xEE, 0x0F, 0x0E, 0xEE, 0x0F, 0x0E, 0xEE, 0x0F, 0x0E, 0xEE, 0x0F, 0x0E, 0xEE, 0x0F, 0x0E,
		0xEE, 0x0F, 0x0E, 0xEE, 0x0F, 0x0E, 0xEE, 0x0F, 0x0E, 0xEE, 0x0F, 0x0E, 0xEE, 0x0F, 0x0E, 0xEE,
		0x0D, 0xEC, 0x0C, 0x0D, 0xEC, 0x0C, 0x0D, 0xEC, 0x0C, 0x0D, 0xEC, 0x0C, 0x0D, 0xEC, 0x0C, 0x0D,
		0xEC, 0x0C, 0x0D, 0xEC, 0x0C, 0x0D, 0xEC, 0x0C, 0x0D, 0xEC, 0x0C, 0x0D, 0xEC, 0x0C, 0x0D, 0xEC,
		0x0C, 0x0D, 0xEC, 0x0C, 0x0D, 0xEC, 0x0C, 0x0D, 0xEC, 0x0C, 0x0D, 0xEC, 0x0C, 0x0D, 0xEC, 0x0C,
		0x0D, 0xEC, 0x0C, 0x0D, 0xEC, 0x0C, 0x0D, 0xEC, 0x0C, 0x0D, 0xEC, 0x0C, 0x0D, 0xEC, 0x0C, 0x0D,
		0xEC, 0x0C, 0x0D, 0xEC, 0x0C, 0x0D, 0xEC, 0x0C, 0x0D, 0xEC, 0x0C, 0x0D, 0xEC, 0x0C, 0x0D, 0xEC,
		0x0C, 0x0D, 0xEC, 0x0C, 0x0D, 0xEC, 0x0C, 0x0D, 0xEC, 0x0C, 0x0D, 0xEC, 0x0C, 0x0D, 0xEC, 0x0C,
		0x0D, 0xEC, 0x0C, 0x0D, 0xEC, 0x0C, 0x0D, 0xEC, 0x0C, 0x0D, 0xEC, 0x0C, 0x0D, 0xEC, 0x0C, 0x0D,
		0xEC, 0x0C, 0x0D, 0xEC, 0x0C, 0x0D, 0xEC, 0x0C, 0x0D, 0xEC, 0x0C, 0x0D, 0xEC, 0x0C, 0x0D, 0xEC,
		0x0C, 0x0D, 0xEC, 0x0C, 0x0D, 0xEC, 0x0C, 0x0D, 0xEC, 0x0C, 0x0D, 0xEC, 0x0C, 0x0D, 0xEC, 0x0C,
		0x0D, 0xEC, 0x0C, 0x0D, 0xEC, 0x0C, 0x0D, 0xEC, 0x0C, 0x0D, 0xEC, 0x0C, 0x0D, 0xEC, 0x0C, 0x0D,
		0xEC, 0x0C, 0x0D, 0xEC, 0x0C, 0x0D, 0xEC, 0x0C, 0x0D, 0xEC, 0x0C, 0x0D, 0xEC, 0x0C, 0x0D, 0xEC,
		0x0C, 0x0D, 0xEC, 0x0C, 0x0D, 0xEC, 0x0C, 0x0D, 0xEC, 0x0C, 0x0D, 0xEC, 0x0C, 0x0D, 0xEC, 0x0C,
		0x0D, 0xEC, 0x0C, 0x0D, 0xEC, 0x0C, 0x0D, 0xEC, 0x0C, 0x0D, 0xEC, 0x0C, 0x0D, 0xEC, 0x0C, 0x0D,
		0xEC, 0x0C, 0x0D, 0xEC, 0x0C, 0x0D, 0xEC, 0x0C, 0x0D, 0xEC, 0x0C, 0x0D, 0xEC, 0x0C, 0x0D, 0xEC,
		0x0C, 0x0D, 0xEC, 0x0C, 0x0D, 0xEC, 0x0C, 0x0D, 0xEC, 0x0C, 0x0D, 0xEC, 0x0C, 0x0D, 0xEC, 0x0C,
		0x0D, 0xEC, 0x0C, 0x0D, 0xEC, 0x0C, 0x0D, 0xEC, 0x0C, 0x0D, 0xEC, 0x0C, 0x0D, 0xEC, 0x0C, 0x0D,
		0xEC, 0x0C, 0x0D, 0xEC, 0x0C, 0x0D, 0xEC, 0x0C, 0x0D, 0xEC, 0x0C, 0x0D, 0xEC, 0x0C, 0x0D, 0xEC,
		0x0C, 0x0D, 0xEC, 0x0C, 0x0D, 0xEC, 0x0C, 0x0D, 0xEC, 0x0C, 0x0D, 0xEC, 0x0C, 0x0D, 0xEC, 0x0C,
		0x0D, 0xEC, 0x0C, 0x0D, 0xEC, 0x0C, 0x0D, 0xEC, 0x0C, 0x0D, 0xEC, 0x0C, 0x0D, 0xEC, 0x0C, 0x0D,
		0xEC, 0x0C, 0x0D, 0xEC, 0x0C, 0x0D, 0xEC, 0x0C, 0x0D, 0xEC, 0x0C, 0x0D, 0xEC, 0x0C, 0x0D, 0xEC,
		0x0C, 0x0D, 0xEC, 0x0C, 0x0D, 0xEC, 0x0C, 0x0D, 0xEC, 0x0C, 0x0D, 0xEC, 0x0C, 0x0D, 0xEC, 0x0C,
		0x0D, 0xEC, 0x0C, 0x0D, 0xEC, 0x0C, 0x0D, 0xEC, 0x0C, 0x0D, 0xEC, 0x0C, 0x0D, 0xEC, 0x0C, 0x0D,
		0xEC, 0x0C, 0x0D, 0xEC, 0x0C, 0x0D, 0xEC, 0x0C, 0x0D, 0xEC, 0x0C, 0x0D, 0xEC, 0x0C, 0x0D, 0xEC,
		0x0C, 0x0D, 0xEC, 0x0C, 0x0D, 0xEC, 0x0C, 0x0D, 0xEC, 0x0C, 0x0D, 0xEC, 0x0C, 0x0D, 0xEC, 0x0C,
		0x0D, 0xEC, 0x0C, 0x0D, 0xEC, 0x0C, 0x0D, 0xEC, 0x0C, 0x0D, 0xEC, 0x0C, 0x0D, 0xEC, 0x0C, 0x0D,
		0xEC, 0x0C, 0x0D, 0xEC, 0x0C, 0x0D, 0xEC, 0x0C, 0x0D, 0xEC, 0x0C, 0x0D, 0xEC, 0x0C, 0x0D, 0xEC,
		0x0C, 0x0D, 0xEC, 0x0C, 0x0D, 0xEC, 0x0C, 0x0D, 0xEC, 0x0C, 0x0D, 0xEC, 0x0C, 0x0D, 0xEC, 0x0C,
		0x0D, 0xEC, 0x0C, 0x0D, 0xEC, 0x0C, 0x0D, 0xEC, 0x0C, 0x0D, 0xEC, 0x0C, 0x0D, 0xEC, 0x0C, 0x0D,
		0xEC, 0x0C, 0x0D, 0xEC, 0x0C, 0x0D, 0xEC, 0x0C, 0x0D, 0xEC, 0x0C, 0x0D, 0xEC, 0x0C, 0x0D, 0xEC,
		0x0C, 0x0D, 0xEC, 0x0C, 0x0D, 0xEC, 0x0C, 0x0D, 0xEC, 0x0C, 0x0D, 0xEC, 0x0C, 0x0D, 0xEC, 0x0C,
		0x0D, 0xEC, 0x0C, 0x0D, 0xEC, 0x0C, 0x0D, 0xEC, 0x0C, 0x0D, 0xEC, 0x0C, 0x0D, 0xEC, 0x0C, 0x0D,
		0xEC, 0x0C, 0x0D, 0xEC, 0x0C, 0x0D, 0xEC, 0x0C, 0x0D, 0xEC, 0x0C, 0x0D, 0xEC, 0x0C, 0x0D, 0xEC,
		0x0C, 0x0D, 0xEC, 0x0C, 0x0D, 0xEC, 0x0C, 0x0D, 0xEC, 0x0C, 0x0D, 0xEC, 0x0C, 0x0D, 0xEC, 0x0C,
		0x0D, 0xEC, 0x0C, 0x0D, 0xEC, 0x0C, 0x0D, 0xEC, 0x0C, 0x0D, 0xEC, 0x0C, 0x0D, 0xEC, 0x0C, 0x0D,
		0xEC, 0x0C, 0x0D, 0xEC, 0x0C, 0x0D, 0xEC, 0x0C, 0x0D, 0xEC, 0x0C, 0x0D, 0xEC, 0x0C, 0x0D, 0xEC,
		0x0C, 0x0D, 0xEC, 0x0C, 0x0D, 0xEC, 0x0C, 0x0D, 0xEC, 0x0C, 0x0D, 0xEC, 0x0C, 0x0D, 0xEC, 0x0C,
		0x0D, 0xEC, 0x0C, 0x0D, 0xEC, 0x0C, 0x0D, 0xEC, 0x0C, 0x0D, 0xEC, 0x0C, 0x0D, 0xEC, 0x0C, 0x0D,
		0xEC, 0x0C, 0x0D, 0xEC, 0x0C, 0x0D, 0xEC, 0x0C, 0x0D, 0xEC, 0x0C, 0x0D, 0xEC, 0x0C, 0x0D, 0xEC,
		0x0C, 0x0D, 0xEC, 0x0C, 0x0D, 0xEC, 0x0C, 0x0D, 0xEC, 0x0C, 0x0D, 0xEC, 0x0C, 0x0D, 0xEC, 0x0C,
		0x0D, 0xEC, 0x0C, 0x0D, 0xEC, 0x0C, 0x0D, 0xEC, 0x0C, 0x0D, 0xEC, 0x0C, 0x0D, 0xEC, 0x0C, 0x0D,
		0xEC, 0x0C, 0x0D, 0xEC, 0x0C, 0x0D, 0xEC, 0x0C, 0x0D, 0xEC, 0x0C, 0x0D, 0xEC, 0x0C, 0x0D, 0xEC,
		0x0C, 0x0D, 0xEC, 0x0C, 0x0D, 0xEC, 0x0C, 0x0D, 0xEC, 0x0C, 0x0D, 0xEC, 0x0C, 0x0D, 0xEC, 0x0C,
		0x0D, 0xEC, 0x0C, 0x0D, 0xEC, 0x0C, 0x0D, 0xEC, 0x0C, 0x0D, 0xEC, 0x0C, 0x0D, 0xEC, 0x0C, 0x0D,
		0xEC, 0x0C, 0x0D, 0xEC, 0x0C, 0x0D, 0xEC, 0x0C, 0x0D, 0xEC, 0x0C, 0x0D, 0xEC, 0x0C, 0x0D, 0xEC,
		0x0C, 0x0D, 0xEC, 0x0C, 0x0D, 0xEC, 0x0C, 0x0D, 0xEC, 0x0C, 0x0D, 0xEC, 0x0C, 0x0D, 0xEC, 0x0C,
		0x0D, 0xEC, 0x0C, 0x0D, 0xEC, 0x0C, 0x0D, 0xEC, 0x0C, 0x0D, 0xEC, 0x0C, 0x0D, 0xEC, 0x0C, 0x0D,
		0xEC, 0x0C, 0x0D, 0xEC, 0x0C, 0x0D, 0xEC, 0x0C, 0x0D, 0xEC, 0x0C, 0x0D, 0xEC, 0x0C, 0x0D, 0xEC,
		0x0C, 0x0D, 0xEC, 0x0C, 0x0D, 0xEC, 0x0C, 0x0D, 0xEC, 0x0C, 0x0D, 0xEC, 0x0C, 0x0D, 0xEC, 0x0C,
		0x0D, 0xEC, 0x0C, 0x0D, 0xEC, 0x0C, 0x0D, 0xEC, 0x0C, 0x0D, 0xEC, 0x0C, 0x0D, 0xEC, 0x0C, 0x0D,
		0xEC, 0x0C, 0x0D, 0xEC, 0x0C, 0x0D, 0xEC, 0x0C, 0x0D, 0xEC, 0x0C, 0x0D, 0xEC, 0x0C, 0x0D, 0xEC,
		0x0C, 0x0D, 0xEC, 0x0C, 0x0D, 0xEC, 0x0C, 0x0D, 0xEC, 0x0C, 0x0D, 0xEC, 0x0C, 0x0D, 0xEC, 0x0C,
		0x0D, 0xEC, 0x0C, 0x0D, 0xEC, 0x0C, 0x0D, 0xEC, 0x0C, 0x0D, 0xEC, 0x0C, 0x0D, 0xEC, 0x0C, 0x0D,
		0xEC, 0x0C, 0x0D, 0xEC, 0x0C, 0x0D, 0xEC, 0x0C, 0x0D, 0xEC, 0x0C, 0x0D, 0xEC, 0x0C, 0x0D, 0xEC,
		0x0C, 0x0D, 0xEC, 0x0C, 0x0D, 0xEC, 0x0C, 0x0D, 0xEC, 0x0C, 0x0D, 0xEC, 0x0C, 0x0D, 0xEC, 0x0C,
		0x0D, 0xEC, 0x0C, 0x0D, 0xEC, 0x0C, 0x0D, 0xEC, 0x0C, 0x0D, 0xEC, 0x0C, 0x0D, 0xEC, 0x0C, 0x0D,
		0xEC, 0x0C, 0x0D, 0xEC, 0x0C, 0x0D, 0xEC, 0x0C, 0x0D, 0xEC, 0x0C, 0x0D, 0xEC, 0x0C, 0x0D, 0xEC,
		0x0C, 0x0D, 0xEC, 0x0C, 0x0D, 0xEC, 0x0C, 0x0D, 0xEC, 0x0C, 0x0D, 0xEC, 0x0C, 0x0D, 0xEC, 0x0C,
		0x0D, 0xEC, 0x0C, 0x0D, 0xEC, 0x0C, 0x0D, 0xEC, 0x0C, 0x0D, 0xEC, 0x0C, 0x0D, 0xEC, 0x0C, 0x0D,
		0xEC, 0x0C, 0x0D, 0xEC, 0x0C, 0x0D, 0xEC, 0x0C, 0x0D, 0xEC, 0x0C, 0x0D, 0xEC, 0x0C, 0x0D, 0xEC,
		0x0C, 0x0D, 0xEC, 0x0C, 0x0D, 0xEC, 0x0C, 0x0D, 0xEC, 0x0C, 0x0D, 0xEC, 0x0C, 0x0D, 0xEC, 0x0C,
		0x0D, 0xEC, 0x0C, 0x0D, 0xEC, 0x0C, 0x0D, 0xEC, 0x0C, 0x0D, 0xEC, 0x0C, 0x0D, 0xEC, 0x0C, 0x0D,
		0xEC, 0x0C, 0x0D, 0xEC, 0x0C, 0x0D, 0xEC, 0x0C, 0x0D, 0xEC, 0x0C, 0x0D, 0xEC, 0x0C, 0x0D, 0xEC,
		0x0C, 0x0D, 0xEC, 0x0C, 0x0D, 0xEC, 0x0C, 0x0D, 0xEC, 0x0C, 0x0D, 0xEC, 0x0C, 0x0D, 0xEC, 0x0C,
		0x0D, 0xEC, 0x0C, 0x0D, 0xEC, 0x0C, 0x0D, 0xEC, 0x0C, 0x0D, 0xEC, 0x0C, 0x0D, 0xEC, 0x0C, 0x0D,
		0xEC, 0x0C, 0x0D, 0xEC, 0x0C, 0x0D, 0xEC, 0x0C, 0x0D, 0xEC, 0x0C, 0x0D, 0xEC, 0x0C, 0x0D, 0xEC,
		0x0C, 0x0D, 0xEC, 0x0C, 0x0D, 0xEC, 0x0C, 0x0D, 0xEC, 0x0C, 0x0D, 0xEC, 0x0C, 0x0D, 0xEC, 0x0C,
		0x0D, 0xEC, 0x0C, 0x0D, 0xEC, 0x0C, 0x0D, 0xEC, 0x0C, 0x0D, 0xEC, 0x0C, 0x0D, 0xEC, 0x0C, 0x0D,
		0xEC, 0x0C, 0x0D, 0xEC, 0x0C, 0x0D, 0xEC, 0x0C, 0x0D, 0xEC, 0x0C, 0x0D, 0xEC, 0x0C, 0x0D, 0xEC,
		0x0C, 0x0D, 0xEC, 0x0C, 0x0D, 0xEC, 0x0C, 0x0D, 0xEC, 0x0C, 0x0D, 0xEC, 0x0C, 0x0D, 0xEC, 0x0C,
		0x0D, 0xEC, 0x0C, 0x0D, 0xEC, 0x0C, 0x0D, 0xEC, 0x0C, 0x0D, 0xEC, 0x0C, 0x0D, 0xEC, 0x0C, 0x0D,
		0xEC, 0x0C, 0x0D, 0xEC, 0x0C, 0x0D, 0xEC, 0x0C, 0x0D, 0xEC, 0x0C, 0x0D, 0xEC, 0x0C, 0x0D, 0xEC,
		0x0C, 0x0D, 0xEC, 0x0C, 0x0D, 0xEC, 0x0C, 0x0D, 0xEC, 0x0C, 0x0D, 0xEC, 0x0C, 0x0D, 0xEC, 0x0C,
		0x0D, 0xEC, 0x0C, 0x0D, 0xEC, 0x0C, 0x0D, 0xEC, 0x0C, 0x0D, 0xEC, 0x0C, 0x0D, 0xEC, 0x0C, 0x0D,
		0xEC, 0x0C, 0x0D, 0xEC, 0x0C, 0x0D, 0xEC, 0x0C, 0x0D, 0xEC, 0x0C, 0x0D, 0xEC, 0x0C, 0x0D, 0xEC,
		0x0C, 0x0D, 0xEC, 0x0C, 0x0D, 0xEC, 0x0C, 0x0D, 0xEC, 0x0C, 0x0D, 0xEC, 0x0C, 0x0D, 0xEC, 0x0C,
		0x0D, 0xEC, 0x0C, 0x0D, 0xEC, 0x0C, 0x0D, 0xEC, 0x0C, 0x0D, 0xEC, 0x0C, 0x0D, 0xEC, 0x0C, 0x0D,
		0xEC, 0x0C, 0x0D, 0xEC, 0x0C, 0x0D, 0xEC, 0x0C, 0x0D, 0xEC, 0x0C, 0x0D, 0xEC, 0x0C, 0x0D, 0xEC,
		0x0C, 0x0D, 0xEC, 0x0C, 0x0D, 0xEC, 0x0C, 0x0D, 0xEC, 0x0C, 0x0D, 0xEC, 0x0C, 0x0D, 0xEC, 0x0C,
		0x0D, 0xEC, 0x0C, 0x0D, 0xEC, 0x0C, 0x0D, 0xEC, 0x0C, 0x0D, 0xEC, 0x0C, 0x0D, 0xEC, 0x0C, 0x0D,
		0xEC, 0x0C, 0x0D, 0xEC, 0x0C, 0x0D, 0xEC, 0x0C, 0x0D, 0xEC, 0x0C, 0x0D, 0xEC, 0x0C, 0x0D, 0xEC,
		0x0C, 0x0D, 0xEC, 0x0C, 0x0D, 0xEC, 0x0C, 0x0D, 0xEC, 0x0C, 0x0D, 0xEC, 0x0C, 0x0D, 0xEC, 0x0C,
		0x0D, 0xEC, 0x0C, 0x0D, 0xEC, 0x0C, 0x0D, 0xEC, 0x0C, 0x0D, 0xEC, 0x0C, 0x0D, 0xEC, 0x0C, 0x0D,
		0xEC, 0x0C, 0x0D, 0xEC, 0x0C, 0x0D, 0xEC, 0x0C, 0x0D, 0xEC, 0x0C, 0x0D, 0xEC, 0x0C, 0x0D, 0xEC,
		0x0C, 0x0D, 0xEC, 0x0C, 0x0D, 0xEC, 0x0C, 0x0D, 0xEC, 0x0C, 0x0D, 0xEC, 0x0C, 0x0D, 0xEC, 0x0C,
		0x0D, 0xEC, 0x0C, 0x0D, 0xEC, 0x0C, 0x0D, 0xEC, 0x0C, 0x0D, 0xEC, 0x0C, 0x0D, 0xEC, 0x0C, 0x0D,
		0xEC, 0x0C, 0x0D, 0xEC, 0x0C, 0x0D, 0xEC, 0x0C, 0x0D, 0xEC, 0x0C, 0x0D, 0xEC, 0x0C, 0x0D, 0xEC,
		0x0C, 0x0D, 0xEC, 0x0C, 0x0D, 0xEC, 0x0C, 0x0D, 0xEC, 0x0C, 0x0D, 0xEC, 0x0C, 0x0D, 0xEC, 0x0C,
		0x0D, 0xEC, 0x0C, 0x0D, 0xEC, 0x0C, 0x0D, 0xEC, 0x0C, 0x0D, 0xEC, 0x0C, 0x0D, 0xEC, 0x0C, 0x0D,
		0xEC, 0x0C, 0x0D, 0xEC, 0x0C, 0x0D, 0xEC, 0x0C, 0x0D, 0xEC, 0x0C, 0x0D, 0xEC, 0x0C, 0x0D, 0xEC,
		0x0C, 0x0D, 0xEC, 0x0C, 0x0D, 0xEC, 0x0C, 0x0D, 0xEC, 0x0C, 0x0D, 0xEC, 0x0C, 0x0D, 0xEC, 0x0C,
		0x0D, 0xEC, 0x0C, 0x0D, 0xEC, 0x0C, 0x0D, 0xEC, 0x0C, 0x0D, 0xEC, 0x0C, 0x0D, 0xEC, 0x0C, 0x0D,
		0xEC, 0x0C, 0x0D, 0xEC, 0x0C, 0x0D, 0xEC, 0x0C, 0x0D, 0xEC, 0x0C, 0x0D, 0xEC, 0x0C, 0x0D, 0xEC,
		0x0C, 0x0D, 0xEC, 0x0C, 0x0D, 0xEC, 0x0C, 0x0D, 0xEC, 0x0C, 0x0D, 0xEC, 0x0C, 0x0D, 0xEC, 0x0C,
		0x0D, 0xEC, 0x0C, 0x0D, 0xEC, 0x0C, 0x0D, 0xEC, 0x0C, 0x0D, 0xEC, 0x0C, 0x0D, 0xEC, 0x0C, 0x0D,
		0xEC, 0x0C, 0x0D, 0xEC, 0x0C, 0x0D, 0xEC, 0x0C, 0x0D, 0xEC, 0x0C, 0x0D, 0xEC, 0x0C, 0x0D, 0xEC,
		0x0C, 0x0D, 0xEC, 0x0C, 0x0D, 0xEC, 0x0C, 0x0D, 0xEC, 0x0C, 0x0D, 0xEC, 0x0C, 0x0D, 0xEC, 0x0C,
		0x0D, 0xEC, 0x0C, 0x0D, 0xEC, 0x0C, 0x0D, 0xEC, 0x0C, 0x0D, 0xEC, 0x0C, 0x0D, 0xEC, 0x0C, 0x0D,
		0xEC, 0x0C, 0x0D, 0xEC, 0x0C, 0x0D, 0xEC, 0x0C, 0x0D, 0xEC, 0x0C, 0x0D, 0xEC, 0x0C, 0x0D, 0xEC,
		0x0C, 0x0D, 0xEC, 0x0C, 0x0D, 0xEC, 0x0C, 0x0D, 0xEC, 0x0C, 0x0D, 0xEC, 0x0C, 0x0D, 0xEC, 0x0C,
		0x0D, 0xEC, 0x0C, 0x0D, 0xEC, 0x0C, 0x0D, 0xEC, 0x0C, 0x0D, 0xEC, 0x0C, 0x0D, 0xEC, 0x0C, 0x0D,
		0xEC, 0x0C, 0x0D, 0xEC, 0x0C, 0x0D, 0xEC, 0x0C, 0x0D, 0xEC, 0x0C, 0x0D, 0xEC, 0x0C, 0x0D, 0xEC,
		0x0C, 0x0D, 0xEC, 0x0C, 0x0D, 0xEC, 0x0C, 0x0D, 0xEC, 0x0C, 0x0D, 0xEC, 0x0C, 0x0D, 0xEC, 0x0C,
		0x0D, 0xEC, 0x0C, 0x0D, 0xEC, 0x0C, 0x0D, 0xEC, 0x0C, 0x0D, 0xEC, 0x0C, 0x0D, 0xEC, 0x0C, 0x0D,
		0xEC, 0x0C, 0x0D, 0xEC, 0x0C, 0x0D, 0xEC, 0x0C, 0x0D, 0xEC, 0x0C, 0x0D, 0xEC, 0x0C, 0x0D, 0xEC,
		0x0C, 0x0D, 0xEC, 0x0C, 0x0D, 0xEC, 0x0C, 0x0D, 0xEC, 0x0C, 0x0D, 0xEC, 0x0C, 0x0D, 0xEC, 0x0C,
		0x0D, 0xEC, 0x0C, 0x0D, 0xEC, 0x0C, 0x0D, 0xEC, 0x0C, 0x0D, 0xEC, 0x0C, 0x0D, 0xEC, 0x0C, 0x0D,
		0xEC, 0x0C, 0x0D, 0xEC, 0x0C, 0x0D, 0xEC, 0x0C, 0x0D, 0xEC, 0x0C, 0x0D, 0xEC, 0x0C, 0x0D, 0xEC,
		0x0C, 0x0D, 0xEC, 0x0C, 0x0D, 0xEC, 0x0C, 0x0D, 0xEC, 0x0C, 0x0D, 0xEC, 0x0C, 0x0D, 0xEC, 0x0C,
		0x0D, 0xEC, 0x0C, 0x0D, 0xEC, 0x0C, 0x0D, 0xEC, 0x0C, 0x0D, 0xEC, 0x0C, 0x0D, 0xEC, 0x0C, 0x0D,
		0xEC, 0x0C, 0x0D, 0xEC, 0x0C, 0x0D, 0xEC, 0x0C, 0x0D, 0xEC, 0x0C, 0x0D, 0xEC, 0x0C, 0x0D, 0xEC,
		0x0C, 0x0D, 0xEC, 0x0C, 0x0D, 0xEC, 0x0C, 0x0D, 0xEC, 0x0C, 0x0D, 0xEC, 0x0C, 0x0D, 0xEC, 0x0C,
		0x0D, 0xEC, 0x0C, 0x0D, 0xEC, 0x0C, 0x0D, 0xEC, 0x0C, 0x0D, 0xEC, 0x0C, 0x0D, 0xEC, 0x0C, 0x0D,
		0xEC, 0x0C, 0x0D, 0xEC, 0x0C, 0x0D, 0xEC, 0x0C, 0x0D, 0xEC, 0x0C, 0x0D, 0xEC, 0x0C, 0x0D, 0xEC,
		0x0C, 0x0D, 0xEC, 0x0C, 0x0D, 0xEC, 0x0C, 0x0D, 0xEC, 0x0C, 0x0D, 0xEC, 0x0C, 0x0D, 0xEC, 0x0C,
		0x0D, 0xEC, 0x0C, 0x0D, 0xEC, 0x0C, 0x0D, 0xEC, 0x0C, 0x0D, 0xEC, 0x0C, 0x0D, 0xEC, 0x0C, 0x0D,
		0xEC, 0x0C, 0x0D, 0xEC, 0x0C, 0x0D, 0xEC, 0x0C, 0x0D, 0xEC, 0x0C, 0x0D, 0xEC, 0x0C, 0x0D, 0xEC,
		0x0C, 0x0D, 0xEC, 0x0C, 0x0D, 0xEC, 0x0C, 0x0D, 0xEC, 0x0C, 0x0D, 0xEC, 0x0C, 0x0D, 0xEC, 0x0C,
		0x0D, 0xEC, 0x0C, 0x0D, 0xEC, 0x0C, 0x0D, 0xEC, 0x0C, 0x0D, 0xEC, 0x0C, 0x0D, 0xEC, 0x0C, 0x0D,
		0xEC, 0x0C, 0x0D, 0xEC, 0x0C, 0x0D, 0xEC, 0x0C, 0x0D, 0xEC, 0x0C, 0x0D, 0xEC, 0x0C, 0x0D, 0xEC,
		0x0C, 0x0D, 0xEC, 0x0C, 0x0D, 0xEC, 0x0C, 0x0D, 0xEC, 0x0C, 0x0D, 0xEC, 0x0C, 0x0D, 0xEC, 0x0C,
		0xEA, 0x0F, 0x0D, 0xEA, 0x0F, 0x0D, 0xEA, 0x0F, 0x0D, 0xEA, 0x0F, 0x0D, 0xEA, 0x0F, 0x0D, 0xEA,
		0x0F, 0x0D, 0xEA, 0x0F, 0x0D, 0xEA, 0x0F, 0x0D, 0xEA, 0x0F, 0x0D, 0xEA, 0x0F, 0x0D, 0xEA, 0x0F,
		0x0D, 0xEA, 0x0F, 0x0D, 0xEA, 0x0F, 0x0D, 0xEA, 0x0F, 0x0D, 0xEA, 0x0F, 0x0D, 0xEA, 0x0F, 0x0D,
		0xEA, 0x0F, 0x0D, 0xEA, 0x0F, 0x0D, 0xEA, 0x0F, 0x0D, 0xEA, 0x0F, 0x0D, 0xEA, 0x0F, 0x0D, 0xEA,
		0x0F, 0x0D, 0xEA, 0x0F, 0x0D, 0xEA, 0x0F, 0x0D, 0xEA, 0x0F, 0x0D, 0xEA, 0x0F, 0x0D, 0xEA, 0x0F,
		0x0D, 0xEA, 0x0F, 0x0D, 0xEA, 0x0F, 0x0D, 0xEA, 0x0F, 0x0D, 0xEA, 0x0F, 0x0D, 0xEA, 0x0F, 0x0D,
		0xEA, 0x0F, 0x0D, 0xEA, 0x0F, 0x0D, 0xEA, 0x0F, 0x0D, 0xEA, 0x0F, 0x0D, 0xEA, 0x0F, 0x0D, 0xEA,
		0x0F, 0x0D, 0xEA, 0x0F, 0x0D, 0xEA, 0x0F, 0x0D, 0xEA, 0x0F, 0x0D, 0xEA, 0x0F, 0x0D, 0xEA, 0x0F,
		0x0D, 0xEA, 0x0F, 0x0D, 0xEA, 0x0F, 0x0D, 0xEA, 0x0F, 0x0D, 0xEA, 0x0F, 0x0D, 0xEA, 0x0F, 0x0D,
		0xEA, 0x0F, 0x0D, 0xEA, 0x0F, 0x0D, 0xEA, 0x0F, 0x0D, 0xEA, 0x0F, 0x0D, 0xEA, 0x0F, 0x0D, 0xEA,
		0x0F, 0x0D, 0xEA, 0x0F, 0x0D, 0xEA, 0x0F, 0x0D, 0xEA, 0x0F, 0x0D, 0xEA, 0x0F, 0x0D, 0xEA, 0x0F,
		0x0D, 0xEA, 0x0F, 0x0D, 0xEA, 0x0F, 0x0D, 0xEA, 0x0F, 0x0D, 0xEA, 0x0F, 0x0D, 0xEA, 0x0F, 0x0D,
		0xEA, 0x0F, 0x0D, 0xEA, 0x0F, 0x0D, 0xEA, 0x0F, 0x0D, 0xEA, 0x0F, 0x0D, 0xEA, 0x0F, 0x0D, 0xEA,
		0x0F, 0x0D, 0xEA, 0x0F, 0x0D, 0xEA, 0x0F, 0x0D, 0xEA, 0x0F, 0x0D, 0xEA, 0x0F, 0x0D, 0xEA, 0x0F,
		0x0D, 0xEA, 0x0F, 0x0D, 0xEA, 0x0F, 0x0D, 0xEA, 0x0F, 0x0D, 0xEA, 0x0F, 0x0D, 0xEA, 0x0F, 0x0D,
		0xEA, 0x0F, 0x0D, 0xEA, 0x0F, 0x0D, 0xEA, 0x0F, 0x0D, 0xEA, 0x0F, 0x0D, 0xEA, 0x0F, 0x0D, 0xEA,
		0x0F, 0x0D, 0xEA, 0x0F, 0x0D, 0xEA, 0x0F, 0x0D, 0xEA, 0x0F, 0x0D, 0xEA, 0x0F, 0x0D, 0xEA, 0x0F,
		0x0D, 0xEA, 0x0F, 0x0D, 0xEA, 0x0F, 0x0D, 0xEA, 0x0F, 0x0D, 0xEA, 0x0F, 0x0D, 0xEA, 0x0F, 0x0D,
		0xEA, 0x0F, 0x0D, 0xEA, 0x0F, 0x0D, 0xEA, 0x0F, 0x0D, 0xEA, 0x0F, 0x0D, 0xEA, 0x0F, 0x0D, 0xEA,
		0x0F, 0x0D, 0xEA, 0x0F, 0x0D, 0xEA, 0x0F, 0x0D, 0xEA, 0x0F, 0x0D, 0xEA, 0x0F, 0x0D, 0xEA, 0x0F,
		0x0D, 0xEA, 0x0F, 0x0D, 0xEA, 0x0F, 0x0D, 0xEA, 0x0F, 0x0D, 0xEA, 0x0F, 0x0D, 0xEA, 0x0F, 0x0D,
		0xEA, 0x0F, 0x0D, 0xEA, 0x0F, 0x0D, 0xEA, 0x0F, 0x0D, 0xEA, 0x0F, 0x0D, 0xEA, 0x0F, 0x0D, 0xEA,
		0x0F, 0x0D, 0xEA, 0x0F, 0x0D, 0xEA, 0x0F, 0x0D, 0xEA, 0x0F, 0x0D, 0xEA, 0x0F, 0x0D, 0xEA, 0x0F,
		0x0D, 0xEA, 0x0F, 0x0D, 0xEA, 0x0F, 0x0D, 0xEA, 0x0F, 0x0D, 0xEA, 0x0F, 0x0D, 0xEA, 0x0F, 0x0D,
		0xEA, 0x0F, 0x0D, 0xEA, 0x0F, 0x0D, 0xEA, 0x0F, 0x0D, 0xEA, 0x0F, 0x0D, 0xEA, 0x0F, 0x0D, 0xEA,
		0x0F, 0x0D, 0xEA, 0x0F, 0x0D, 0xEA, 0x0F, 0x0D, 0xEA, 0x0F, 0x0D, 0xEA, 0x0F, 0x0D, 0xEA, 0x0F,
		0x0D, 0xEA, 0x0F, 0x0D, 0xEA, 0x0F, 0x0D, 0xEA, 0x0F, 0x0D, 0xEA, 0x0F, 0x0D, 0xEA, 0x0F, 0x0D,
		0xEA, 0x0F, 0x0D, 0xEA, 0x0F, 0x0D, 0xEA, 0x0F, 0x0D, 0xEA, 0x0F, 0x0D, 0xEA, 0x0F, 0x0D, 0xEA,
		0x0F, 0x0D, 0xEA, 0x0F, 0x0D, 0xEA, 0x0F, 0x0D, 0xEA, 0x0F, 0x0D, 0xEA, 0x0F, 0x0D, 0xEA, 0x0F,
		0x0D, 0xEA, 0x0F, 0x0D, 0xEA, 0x0F, 0x0D, 0xEA, 0x0F, 0x0D, 0xEA, 0x0F, 0x0D, 0xEA, 0x0F, 0x0D,
		0xEA, 0x0F, 0x0D, 0xEA, 0x0F, 0x0D, 0xEA, 0x0F, 0x0D, 0xEA, 0x0F, 0x0D, 0xEA, 0x0F, 0x0D, 0xEA,
		0x0F, 0x0D, 0xEA, 0x0F, 0x0D, 0xEA, 0x0F, 0x0D, 0xEA, 0x0F, 0x0D, 0xEA, 0x0F, 0x0D, 0xEA, 0x0F,
		0x0D, 0xEA, 0x0F, 0x0D, 0xEA, 0x0F, 0x0D, 0xEA, 0x0F, 0x0D, 0xEA, 0x0F, 0x0D, 0xEA, 0x0F, 0x0D,
		0xEA, 0x0F, 0x0D, 0xEA, 0x0F, 0x0D, 0xEA, 0x0F, 0x0D, 0xEA, 0x0F, 0x0D, 0xEA, 0x0F, 0x0D, 0xEA,
		0x0F, 0x0D, 0xEA, 0x0F, 0x0D, 0xEA, 0x0F, 0x0D, 0xEA, 0x0F, 0x0D, 0xEA, 0x0F, 0x0D, 0xEA, 0x0F,
		0x0D, 0xEA, 0x0F, 0x0D, 0xEA, 0x0F, 0x0D, 0xEA, 0x0F, 0x0D, 0xEA, 0x0F, 0x0D, 0xEA, 0x0F, 0x0D,
		0xEA, 0x0F, 0x0D, 0xEA, 0x0F, 0x0D, 0xEA, 0x0F, 0x0D, 0xEA, 0x0F, 0x0D, 0xEA, 0x0F, 0x0D, 0xEA,
		0x0F, 0x0D, 0xEA, 0x0F, 0x0D, 0xEA, 0x0F, 0x0D, 0xEA, 0x0F, 0x0D, 0xEA, 0x0F, 0x0D, 0xEA, 0x0F,
		0x0D, 0xEA, 0x0F, 0x0D, 0xEA, 0x0F, 0x0D, 0xEA, 0x0F, 0x0D, 0xEA, 0x0F, 0x0D, 0xEA, 0x0F, 0x0D,
		0xEA, 0x0F, 0x0D, 0xEA, 0x0F, 0x0D, 0xEA, 0x0F, 0x0D, 0xEA, 0x0F, 0x0D, 0xEA, 0x0F, 0x0D, 0xEA,
		0x0F, 0x0D, 0xEA, 0x0F, 0x0D, 0xEA, 0x0F, 0x0D, 0xEA, 0x0F, 0x0D, 0xEA, 0x0F, 0x0D, 0xEA, 0x0F,
		0x0D, 0xEA, 0x0F, 0x0D, 0xEA, 0x0F, 0x0D, 0xEA, 0x0F, 0x0D, 0xEA, 0x0F, 0x0D, 0xEA, 0x0F, 0x0D,
		0xEA, 0x0F, 0x0D, 0xEA, 0x0F, 0x0D, 0xEA, 0x0F, 0x0D, 0xEA, 0x0F, 0x0D, 0xEA, 0x0F, 0x0D, 0xEA,
		0x0F, 0x0D, 0xEA, 0x0F, 0x0D, 0xEA, 0x0F, 0x0D, 0xEA, 0x0F, 0x0D, 0xEA, 0x0F, 0x0D, 0xEA, 0x0F,
		0x0D, 0xEA, 0x0F, 0x0D, 0xEA, 0x0F, 0x0D, 0xEA, 0x0F, 0x0D, 0xEA, 0x0F, 0x0D, 0xEA, 0x0F, 0x0D,
		0xEA, 0x0F, 0x0D, 0xEA, 0x0F, 0x0D, 0xEA, 0x0F, 0x0D, 0xEA, 0x0F, 0x0D, 0xEA, 0x0F, 0x0D, 0xEA,
		0x0F, 0x0D, 0xEA, 0x0F, 0x0D, 0xEA, 0x0F, 0x0D, 0xEA, 0x0F, 0x0D, 0xEA, 0x0F, 0x0D, 0xEA, 0x0F,
		0x0D, 0xEA, 0x0F, 0x0D, 0xEA, 0x0F, 0x0D, 0xEA, 0x0F, 0x0D, 0xEA, 0x0F, 0x0D, 0xEA, 0x0F, 0x0D,
		0xEA, 0x0F, 0x0D, 0xEA, 0x0F, 0x0D, 0xEA, 0x0F, 0x0D, 0xEA, 0x0F, 0x0D, 0xEA, 0x0F, 0x0D, 0xEA,
		0x0F, 0x0D, 0xEA, 0x0F, 0x0D, 0xEA, 0x0F, 0x0D, 0xEA, 0x0F, 0x0D, 0xEA, 0x0F, 0x0D, 0xEA, 0x0F,
		0x0D, 0xEA, 0x0F, 0x0D, 0xEA, 0x0F, 0x0D, 0xEA, 0x0F, 0x0D, 0xEA, 0x0F, 0x0D, 0xEA, 0x0F, 0x0D,
		0xEA, 0x0F, 0x0D, 0xEA, 0x0F, 0x0D, 0xEA, 0x0F, 0x0D, 0xEA, 0x0F, 0x0D, 0xEA, 0x0F, 0x0D, 0xEA,
		0x0F, 0x0D, 0xEA, 0x0F, 0x0D, 0xEA, 0x0F, 0x0D, 0xEA, 0x0F, 0x0D, 0xEA, 0x0F, 0x0D, 0xEA, 0x0F,
		0x0D, 0xEA, 0x0F, 0x0D, 0xEA, 0x0F, 0x0D, 0xEA, 0x0F, 0x0D, 0xEA, 0x0F, 0x0D, 0xEA, 0x0F, 0x0D,
		0xEA, 0x0F, 0x0D, 0xEA, 0x0F, 0x0D, 0xEA, 0x0F, 0x0D, 0xEA, 0x0F, 0x0D, 0xEA, 0x0F, 0x0D, 0xEA,
		0x0F, 0x0D, 0xEA, 0x0F, 0x0D, 0xEA, 0x0F, 0x0D, 0xEA, 0x0F, 0x0D, 0xEA, 0x0F, 0x0D, 0xEA, 0x0F,
		0x0D, 0xEA, 0x0F, 0x0D, 0xEA, 0x0F, 0x0D, 0xEA, 0x0F, 0x0D, 0xEA, 0x0F, 0x0D, 0xEA, 0x0F, 0x0D,
		0xEA, 0x0F, 0x0D, 0xEA, 0x0F, 0x0D, 0xEA, 0x0F, 0x0D, 0xEA, 0x0F, 0x0D, 0xEA, 0x0F, 0x0D, 0xEA,
		0x0F, 0x0D, 0xEA, 0x0F, 0x0D, 0xEA, 0x0F, 0x0D, 0xEA, 0x0F, 0x0D, 0xEA, 0x0F, 0x0D, 0xEA, 0x0F,
		0x0D, 0xEA, 0x0F, 0x0D, 0xEA, 0x0F, 0x0D, 0xEA, 0x0F, 0x0D, 0xEA, 0x0F, 0x0D, 0xEA, 0x0F, 0x0D,
		0xEA, 0x0F, 0x0D, 0xEA, 0x0F, 0x0D, 0xEA, 0x0F, 0x0D, 0xEA, 0x0F, 0x0D, 0xEA, 0x0F, 0x0D, 0xEA,
		0x0F, 0x0D, 0xEA, 0x0F, 0x0D, 0xEA, 0x0F, 0x0D, 0xEA, 0x0F, 0x0D, 0xEA, 0x0F, 0x0D, 0xEA, 0x0F,
		0x0D, 0xEA, 0x0F, 0x0D, 0xEA, 0x0F, 0x0D, 0xEA, 0x0F, 0x0D, 0xEA, 0x0F, 0x0D, 0xEA, 0x0F, 0x0D,
		0xEA, 0x0F, 0x0D, 0xEA, 0x0F, 0x0D, 0xEA, 0x0F, 0x0D, 0xEA, 0x0F, 0x0D, 0xEA, 0x0F, 0x0D, 0xEA,
		0x0F, 0x0D, 0xEA, 0x0F, 0x0D, 0xEA, 0x0F, 0x0D, 0xEA, 0x0F, 0x0D, 0xEA, 0x0F, 0x0D, 0xEA, 0x0F,
		0x0D, 0xEA, 0x0F, 0x0D, 0xEA, 0x0F, 0x0D, 0xEA, 0x0F, 0x0D, 0xEA, 0x0F, 0x0D, 0xEA, 0x0F, 0x0D,
		0xEA, 0x0F, 0x0D, 0xEA, 0x0F, 0x0D, 0xEA, 0x0F, 0x0D, 0xEA, 0x0F, 0x0D, 0xEA, 0x0F, 0x0D, 0xEA,
		0x0F, 0x0D, 0xEA, 0x0F, 0x0D, 0xEA, 0x0F, 0x0D, 0xEA, 0x0F, 0x0D, 0xEA, 0x0F, 0x0D, 0xEA, 0x0F,
		0x0D, 0xEA, 0x0F, 0x0D, 0xEA, 0x0F, 0x0D, 0xEA, 0x0F, 0x0D, 0xEA, 0x0F, 0x0D, 0xEA, 0x0F, 0x0D,
		0xEA, 0x0F, 0x0D, 0xEA, 0x0F, 0x0D, 0xEA, 0x0F, 0x0D, 0xEA, 0x0F, 0x0D, 0xEA, 0x0F, 0x0D, 0xEA,
		0x0F, 0x0D, 0xEA, 0x0F, 0x0D, 0xEA, 0x0F, 0x0D, 0xEA, 0x0F, 0x0D, 0xEA, 0x0F, 0x0D, 0xEA, 0x0F,
		0x0D, 0xEA, 0x0F, 0x0D, 0xEA, 0x0F, 0x0D, 0xEA, 0x0F, 0x0D, 0xEA, 0x0F, 0x0D, 0xEA, 0x0F, 0x0D,
		0xEA, 0x0F, 0x0D, 0xEA, 0x0F, 0x0D, 0xEA, 0x0F, 0x0D, 0xEA, 0x0F, 0x0D, 0xEA, 0x0F, 0x0D, 0xEA,
		0x0F, 0x0D, 0xEA, 0x0F, 0x0D, 0xEA, 0x0F, 0x0D, 0xEA, 0x0F, 0x0D, 0xEA, 0x0F, 0x0D, 0xEA, 0x0F,
		0x0D, 0xEA, 0x0F, 0x0D, 0xEA, 0x0F, 0x0D, 0xEA, 0x0F, 0x0D, 0xEA, 0x0F, 0x0D, 0xEA, 0x0F, 0x0D,
		0xEA, 0x0F, 0x0D, 0xEA, 0x0F, 0x0D, 0xEA, 0x0F, 0x0D, 0xEA, 0x0F, 0x0D, 0xEA, 0x0F, 0x0D, 0xEA,
		0x0F, 0x0D, 0xEA, 0x0F, 0x0D, 0xEA, 0x0F, 0x0D, 0xEA, 0x0F, 0x0D, 0xEA, 0x0F, 0x0D, 0xEA, 0x0F,
		0x0D, 0xEA, 0x0F, 0x0D, 0xEA, 0x0F, 0x0D, 0xEA, 0x0F, 0x0D, 0xEA, 0x0F, 0x0D, 0xEA, 0x0F, 0x0D,
		0xEA, 0x0F, 0x0D, 0xEA, 0x0F, 0x0D, 0xEA, 0x0F, 0x0D, 0xEA, 0x0F, 0x0D, 0xEA, 0x0F, 0x0D, 0xEA,
		0x0F, 0x0D, 0xEA, 0x0F, 0x0D, 0xEA, 0x0F, 0x0D, 0xEA, 0x0F, 0x0D, 0xEA, 0x0F, 0x0D, 0xEA, 0x0F,
		0x0D, 0xEA, 0x0F, 0x0D, 0xEA, 0x0F, 0x0D, 0xEA, 0x0F, 0x0D, 0xEA, 0x0F, 0x0D, 0xEA, 0x0F, 0x0D,
		0xEA, 0x0F, 0x0D, 0xEA, 0x0F, 0x0D, 0xEA, 0x0F, 0x0D, 0xEA, 0x0F, 0x0D, 0xEA, 0x0F, 0x0D, 0xEA,
		0x0F, 0x0D, 0xEA, 0x0F, 0x0D, 0xEA, 0x0F, 0x0D, 0xEA, 0x0F, 0x0D, 0xEA, 0x0F, 0x0D, 0xEA, 0x0F,
		0x0D, 0xEA, 0x0F, 0x0D, 0xEA, 0x0F, 0x0D, 0xEA, 0x0F, 0x0D, 0xEA, 0x0F, 0x0D, 0xEA, 0x0F, 0x0D,
		0xEA, 0x0F, 0x0D, 0xEA, 0x0F, 0x0D, 0xEA, 0x0F, 0x0D, 0xEA, 0x0F, 0x0D, 0xEA, 0x0F, 0x0D, 0xEA,
		0x0F, 0x0D, 0xEA, 0x0F, 0x0D, 0xEA, 0x0F, 0x0D, 0xEA, 0x0F, 0x0D, 0xEA, 0x0F, 0x0D, 0xEA, 0x0F,
		0x0D, 0xEA, 0x0F, 0x0D, 0xEA, 0x0F, 0x0D, 0xEA, 0x0F, 0x0D, 0xEA, 0x0F, 0x0D, 0xEA, 0x0F, 0x0D,
		0xEA, 0x0F, 0x0D, 0xEA, 0x0F, 0x0D, 0xEA, 0x0F, 0x0D, 0xEA, 0x0F, 0x0D, 0xEA, 0x0F, 0x0D, 0xEA,
		0x0F, 0x0D, 0xEA, 0x0F, 0x0D, 0xEA, 0x0F, 0x0D, 0xEA, 0x0F, 0x0D, 0xEA, 0x0F, 0x0D, 0xEA, 0x0F,
		0x0D, 0xEA, 0x0F, 0x0D, 0xEA, 0x0F, 0x0D, 0xEA, 0x0F, 0x0D, 0xEA, 0x0F, 0x0D, 0xEA, 0x0F, 0x0D,
		0xEA, 0x0F, 0x0D, 0xEA, 0x0F, 0x0D, 0xEA, 0x0F, 0x0D, 0xEA, 0x0F, 0x0D, 0xEA, 0x0F, 0x0D, 0xEA,
		0x0F, 0x0D, 0xEA, 0x0F, 0x0D, 0xEA, 0x0F, 0x0D, 0xEA, 0x0F, 0x0D, 0xEA, 0x0F, 0x0D, 0xEA, 0x0F,
		0x0D, 0xEA, 0x0F, 0x0D, 0xEA, 0x0F, 0x0D, 0xEA, 0x0F, 0x0D, 0xEA, 0x0F, 0x0D, 0xEA, 0x0F, 0x0D,
		0xEA, 0x0F, 0x0D, 0xEA, 0x0F, 0x0D, 0xEA, 0x0F, 0x0D, 0xEA, 0x0F, 0x0D, 0xEA, 0x0F, 0x0D, 0xEA,
		0x0F, 0x0D, 0xEA, 0x0F, 0x0D, 0xEA, 0x0F, 0x0D, 0xEA, 0x0F, 0x0D, 0xEA, 0x0F, 0x0D, 0xEA, 0x0F,
		0x0D, 0xEA, 0x0F, 0x0D, 0xEA, 0x0F, 0x0D, 0xEA, 0x0F, 0x0D, 0xEA, 0x0F, 0x0D, 0xEA, 0x0F, 0x0D,
		0xEA, 0x0F, 0x0D, 0xEA, 0x0F, 0x0D, 0xEA, 0x0F, 0x0D, 0xEA, 0x0F, 0x0D, 0xEA, 0x0F, 0x0D, 0xEA,
		0x0F, 0x0D, 0xEA, 0x0F, 0x0D, 0xEA, 0x0F, 0x0D, 0xEA, 0x0F, 0x0D, 0xEA, 0x0F, 0x0D, 0xEA, 0x0F,
		0x0D, 0xEA, 0x0F, 0x0D, 0xEA, 0x0F, 0x0D, 0xEA, 0x0F, 0x0D, 0xEA, 0x0F, 0x0D, 0xEA, 0x0F, 0x0D,
		0xEA, 0x0F, 0x0D, 0xEA, 0x0F, 0x0D, 0xEA, 0x0F, 0x0D, 0xEA, 0x0F, 0x0D, 0xEA, 0x0F, 0x0D, 0xEA,
		0x0F, 0x0D, 0xEA, 0x0F, 0x0D, 0xEA, 0x0F, 0x0D, 0xEA, 0x0F, 0x0D, 0xEA, 0x0F, 0x0D, 0xEA, 0x0F,
		0x0D, 0xEA, 0x0F, 0x0D, 0xEA, 0x0F, 0x0D, 0xEA, 0x0F, 0x0D, 0xEA, 0x0F, 0x0D, 0xEA, 0x0F, 0x0D,
		0xEA, 0x0F, 0x0D, 0xEA, 0x0F, 0x0D, 0xEA, 0x0F, 0x0D, 0xEA, 0x0F, 0x0D, 0xEA, 0x0F, 0x0D, 0xEA,
		0x0F, 0x0D, 0xEA, 0x0F, 0x0D, 0xEA, 0x0F, 0x0D, 0xEA, 0x0F, 0x0D, 0xEA, 0x0F, 0x0D, 0xEA, 0x0F,
		0x0D, 0xEA, 0x0F, 0x0D, 0xEA, 0x0F, 0x0D, 0xEA, 0x0F, 0x0D, 0xEA, 0x0F, 0x0D, 0xEA, 0x0F, 0x0D,
		0xEA, 0x0F, 0x0D, 0xEA, 0x0F, 0x0D, 0xEA, 0x0F, 0x0D, 0xEA, 0x0F, 0x0D, 0xEA, 0x0F, 0x0D, 0xEA,
		0x0F, 0x0D, 0xEA, 0x0F, 0x0D, 0xEA, 0x0F, 0x0D, 0xEA, 0x0F, 0x0D, 0xEA, 0x0F, 0x0D, 0xEA, 0x0F,
		0x0D, 0xEA, 0x0F, 0x0D, 0xEA, 0x0F, 0x0D, 0xEA, 0x0F, 0x0D, 0xEA, 0x0F, 0x0D, 0xEA, 0x0F, 0x0D,
		0xEA, 0x0F, 0x0D, 0xEA, 0x0F, 0x0D, 0xEA, 0x0F, 0x0D, 0xEA, 0x0F, 0x0D, 0xEA, 0x0F, 0x0D, 0xEA,
		0x0F, 0x0D, 0xEA, 0x0F, 0x0D, 0xEA, 0x0F, 0x0D, 0xEA, 0x0F, 0x0D, 0xEA, 0x0F, 0x0D, 0xEA, 0x0F,
		0x0D, 0xEA, 0x0F, 0x0D, 0xEA, 0x0F, 0x0D, 0xEA, 0x0F, 0x0D, 0xEA, 0x0F, 0x0D, 0xEA, 0x0F, 0x0D,
		0xEA, 0x0F, 0x0D, 0xEA, 0x0F, 0x0D, 0xEA, 0x0F, 0x0D, 0xEA, 0x0F, 0x0D, 0xEA, 0x0F, 0x0D, 0xEA,
		0x0F, 0x0D, 0xEA, 0x0F, 0x0D, 0xEA, 0x0F, 0x0D, 0xEA, 0x0F, 0x0D, 0xEA, 0x0F, 0x0D, 0xEA, 0x0F,
		0x0D, 0xEA, 0x0F, 0x0D, 0xEA, 0x0F, 0x0D, 0xEA, 0x0F, 0x0D, 0xEA, 0x0F, 0x0D, 0xEA, 0x0F, 0x0D,
		0xEA, 0x0F, 0x0D, 0xEA, 0x0F, 0x0D, 0xEA, 0x0F, 0x0D, 0xEA, 0x0F, 0x0D, 0xEA, 0x0F, 0x0D, 0xEA,
		0x0F, 0x0D, 0xEA, 0x0F, 0x0D, 0xEA, 0x0F, 0x0D, 0xEA, 0x0F, 0x0D, 0xEA, 0x0F, 0x0D, 0xEA, 0x0F,
		0x0D, 0xEA, 0x0F, 0x0D, 0xEA, 0x0F, 0x0D, 0xEA, 0x0F, 0x0D, 0xEA, 0x0F, 0x0D, 0xEA, 0x0F, 0x0D,
		0xEA, 0x0F, 0x0D, 0xEA, 0x0F, 0x0D, 0xEA, 0x0F, 0x0D, 0xEA, 0x0F, 0x0D, 0xEA, 0x0F, 0x0D, 0xEA,
		0x0F, 0x0D, 0xEA, 0x0F, 0x0D, 0xEA, 0x0F, 0x0D, 0xEA, 0x0F, 0x0D, 0xEA, 0x0F, 0x0D, 0xEA, 0x0F,
		0x0D, 0xEA, 0x0F, 0x0D, 0xEA, 0x0F, 0x0D, 0xEA, 0x0F, 0x0D, 0xEA, 0x0F, 0x0D, 0xEA, 0x0F, 0x0D,
		0xE4, 0xE4, 0xE4, 0xDD, 0xDD, 0xDD, 0xD4, 0xD7, 0xD4, 0xCD, 0xD0, 0xCD, 0xC6, 0xC9, 0xC6, 0xBF,
		0xC2, 0xBF, 0xB8, 0xBB, 0xB8, 0xB0, 0xB3, 0xB0, 0xA9, 0xAC, 0xA9, 0xA3, 0xA6, 0xA3, 0x9C, 0x9F,
		0x9C, 0x94, 0x97, 0x94, 0x8E, 0x91, 0x8E, 0x87, 0x8A, 0x87, 0x80, 0x83, 0x80, 0x78, 0x7B, 0x78,
		0x71, 0x74, 0x71, 0x6A, 0x6D, 0x6A, 0x63, 0x66, 0x62, 0x5C, 0x5F, 0x5B, 0x55, 0x58, 0x54, 0x4F,
		0x52, 0x4E, 0x48, 0x4B, 0x47, 0x40, 0x43, 0x3F, 0x39, 0x3C, 0x38, 0x32, 0x35, 0x31, 0x29, 0x2F,
		0x2A, 0x22, 0x28, 0x23, 0x1B, 0x21, 0x1C, 0x14, 0x1A, 0x15, 0x10, 0x13, 0x10, 0xE8, 0xEB, 0xE8,
		0xE4, 0xE4, 0xE4, 0xDD, 0xDD, 0xDD, 0xD4, 0xD7, 0xD4, 0xCD, 0xD0, 0xCD, 0xC6, 0xC9, 0xC6, 0xBF,
		0xC2, 0xBF, 0xB8, 0xBB, 0xB8, 0xB0, 0xB3, 0xB0, 0xA9, 0xAC, 0xA9, 0xA3, 0xA6, 0xA3, 0x9C, 0x9F,
		0x9C, 0x94, 0x97, 0x94, 0x8E, 0x91, 0x8E, 0x87, 0x8A, 0x87, 0x80, 0x83, 0x80, 0x78, 0x7B, 0x78,
		0x71, 0x74, 0x71, 0x6A, 0x6D, 0x6A, 0x63, 0x66, 0x62, 0x5C, 0x5F, 0x5B, 0x55, 0x58, 0x54, 0x4F,
		0x52, 0x4E, 0x48, 0x4B, 0x47, 0x40, 0x43, 0x3F, 0x39, 0x3C, 0x38, 0x32, 0x35, 0x31, 0x29, 0x2F,
		0x2A, 0x22, 0x28, 0x23, 0x1B, 0x21, 0x1C, 0x14, 0x1A, 0x15, 0x10, 0x13, 0x10, 0xE8, 0xEB, 0xE8,
		0xE4, 0xE4, 0xE4, 0xDD, 0xDD, 0xDD, 0xD4, 0xD7, 0xD4, 0xCD, 0xD0, 0xCD, 0xC6, 0xC9, 0xC6, 0xBF,
		0xC2, 0xBF, 0xB8, 0xBB, 0xB8, 0xB0, 0xB3, 0xB0, 0xA9, 0xAC, 0xA9, 0xA3, 0xA6, 0xA3, 0x9C, 0x9F,
		0x9C, 0x94, 0x97, 0x94, 0x8E, 0x91, 0x8E, 0x87, 0x8A, 0x87, 0x80, 0x83, 0x80, 0x78, 0x7B, 0x78,
		0x71, 0x74, 0x71, 0x6A, 0x6D, 0x6A, 0x63, 0x66, 0x62, 0x5C, 0x5F, 0x5B, 0x55, 0x58, 0x54, 0x4F,
		0x52, 0x4E, 0x48, 0x4B, 0x47, 0x40, 0x43, 0x3F, 0x39, 0x3C, 0x38, 0x32, 0x35, 0x31, 0x29, 0x2F,
		0x2A, 0x22, 0x28, 0x23, 0x1B, 0x21, 0x1C, 0x14, 0x1A, 0x15, 0x10, 0x13, 0x10, 0xE8, 0xEB, 0xE8,
		0xE4, 0xE4, 0xE4, 0xDD, 0xDD, 0xDD, 0xD4, 0xD7, 0xD4, 0xCD, 0xD0, 0xCD, 0xC6, 0xC9, 0xC6, 0xBF,
		0xC2, 0xBF, 0xB8, 0xBB, 0xB8, 0xB0, 0xB3, 0xB0, 0xA9, 0xAC, 0xA9, 0xA3, 0xA6, 0xA3, 0x9C, 0x9F,
		0x9C, 0x94, 0x97, 0x94, 0x8E, 0x91, 0x8E, 0x87, 0x8A, 0x87, 0x80, 0x83, 0x80, 0x78, 0x7B, 0x78,
		0x71, 0x74, 0x71, 0x6A, 0x6D, 0x6A, 0x63, 0x66, 0x62, 0x5C, 0x5F, 0x5B, 0x55, 0x58, 0x54, 0x4F,
		0x52, 0x4E, 0x48, 0x4B, 0x47, 0x40, 0x43, 0x3F, 0x39, 0x3C, 0x38, 0x32, 0x35, 0x31, 0x29, 0x2F,
		0x2A, 0x22, 0x28, 0x23, 0x1B, 0x21, 0x1C, 0x14, 0x1A, 0x15, 0x10, 0x13, 0x10, 0xE8, 0xEB, 0xE8,
		0xE4, 0xE4, 0xE4, 0xDD, 0xDD, 0xDD, 0xD4, 0xD7, 0xD4, 0xCD, 0xD0, 0xCD, 0xC6, 0xC9, 0xC6, 0xBF,
		0xC2, 0xBF, 0xB8, 0xBB, 0xB8, 0xB0, 0xB3, 0xB0, 0xA9, 0xAC, 0xA9, 0xA3, 0xA6, 0xA3, 0x9C, 0x9F,
		0x9C, 0x94, 0x97, 0x94, 0x8E, 0x91, 0x8E, 0x87, 0x8A, 0x87, 0x80, 0x83, 0x80, 0x78, 0x7B, 0x78,
		0x71, 0x74, 0x71, 0x6A, 0x6D, 0x6A, 0x63, 0x66, 0x62, 0x5C, 0x5F, 0x5B, 0x55, 0x58, 0x54, 0x4F,
		0x52, 0x4E, 0x48, 0x4B, 0x47, 0x40, 0x43, 0x3F, 0x39, 0x3C, 0x38, 0x32, 0x35, 0x31, 0x29, 0x2F,
		0x2A, 0x22, 0x28, 0x23, 0x1B, 0x21, 0x1C, 0x14, 0x1A, 0x15, 0x10, 0x13, 0x10, 0xE8, 0xEB, 0xE8,
		0xE4, 0xE4, 0xE4, 0xDD, 0xDD, 0xDD, 0xD4, 0xD7, 0xD4, 0xCD, 0xD0, 0xCD, 0xC6, 0xC9, 0xC6, 0xBF,
		0xC2, 0xBF, 0xB8, 0xBB, 0xB8, 0xB0, 0xB3, 0xB0, 0xA9, 0xAC, 0xA9, 0xA3, 0xA6, 0xA3, 0x9C, 0x9F,
		0x9C, 0x94, 0x97, 0x94, 0x8E, 0x91, 0x8E, 0x87, 0x8A, 0x87, 0x80, 0x83, 0x80, 0x78, 0x7B, 0x78,
		0x71, 0x74, 0x71, 0x6A, 0x6D, 0x6A, 0x63, 0x66, 0x62, 0x5C, 0x5F, 0x5B, 0x55, 0x58, 0x54, 0x4F,
		0x52, 0x4E, 0x48, 0x4B, 0x47, 0x40, 0x43, 0x3F, 0x39, 0x3C, 0x38, 0x32, 0x35, 0x31, 0x29, 0x2F,
		0x2A, 0x22, 0x28, 0x23, 0x1B, 0x21, 0x1C, 0x14, 0x1A, 0x15, 0x10, 0x13, 0x10, 0xE8, 0xEB, 0xE8,
		0xE4, 0xE4, 0xE4, 0xDD, 0xDD, 0xDD, 0xD4, 0xD7, 0xD4, 0xCD, 0xD0, 0xCD, 0xC6, 0xC9, 0xC6, 0xBF,
		0xC2, 0xBF, 0xB8, 0xBB, 0xB8, 0xB0, 0xB3, 0xB0, 0xA9, 0xAC, 0xA9, 0xA3, 0xA6, 0xA3, 0x9C, 0x9F,
		0x9C, 0x94, 0x97, 0x94, 0x8E, 0x91, 0x8E, 0x87, 0x8A, 0x87, 0x80, 0x83, 0x80, 0x78, 0x7B, 0x78,
		0x71, 0x74, 0x71, 0x6A, 0x6D, 0x6A, 0x63, 0x66, 0x62, 0x5C, 0x5F, 0x5B, 0x55, 0x58, 0x54, 0x4F,
		0x52, 0x4E, 0x48, 0x4B, 0x47, 0x40, 0x43, 0x3F, 0x39, 0x3C, 0x38, 0x32, 0x35, 0x31, 0x29, 0x2F,
		0x2A, 0x22, 0x28, 0x23, 0x1B, 0x21, 0x1C, 0x14, 0x1A, 0x15, 0x10, 0x13, 0x10, 0xE8, 0xEB, 0xE8,
		0xE4, 0xE4, 0xE4, 0xDD, 0xDD, 0xDD, 0xD4, 0xD7, 0xD4, 0xCD, 0xD0, 0xCD, 0xC6, 0xC9, 0xC6, 0xBF,
		0xC2, 0xBF, 0xB8, 0xBB, 0xB8, 0xB0, 0xB3, 0xB0, 0xA9, 0xAC, 0xA9, 0xA3, 0xA6, 0xA3, 0x9C, 0x9F,
		0x9C, 0x94, 0x97, 0x94, 0x8E, 0x91, 0x8E, 0x87, 0x8A, 0x87, 0x80, 0x83, 0x80, 0x78, 0x7B, 0x78,
		0x71, 0x74, 0x71, 0x6A, 0x6D, 0x6A, 0x63, 0x66, 0x62, 0x5C, 0x5F, 0x5B, 0x55, 0x58, 0x54, 0x4F,
		0x52, 0x4E, 0x48, 0x4B, 0x47, 0x40, 0x43, 0x3F, 0x39, 0x3C, 0x38, 0x32, 0x35, 0x31, 0x29, 0x2F,
		0x2A, 0x22, 0x28, 0x23, 0x1B, 0x21, 0x1C, 0x14, 0x1A, 0x15, 0x10, 0x13, 0x10, 0xE8, 0xEB, 0xE8,
		0xE4, 0xE4, 0xE4, 0xDD, 0xDD, 0xDD, 0xD4, 0xD7, 0xD4, 0xCD, 0xD0, 0xCD, 0xC6, 0xC9, 0xC6, 0xBF,
		0xC2, 0xBF, 0xB8, 0xBB, 0xB8, 0xB0, 0xB3, 0xB0, 0xA9, 0xAC, 0xA9, 0xA3, 0xA6, 0xA3, 0x9C, 0x9F,
		0x9C, 0x94, 0x97, 0x94, 0x8E, 0x91, 0x8E, 0x87, 0x8A, 0x87, 0x80, 0x83, 0x80, 0x78, 0x7B, 0x78,
		0x71, 0x74, 0x71, 0x6A, 0x6D, 0x6A, 0x63, 0x66, 0x62, 0x5C, 0x5F, 0x5B, 0x55, 0x58, 0x54, 0x4F,
		0x52, 0x4E, 0x48, 0x4B, 0x47, 0x40, 0x43, 0x3F, 0x39, 0x3C, 0x38, 0x32, 0x35, 0x31, 0x29, 0x2F,
		0x2A, 0x22, 0x28, 0x23, 0x1B, 0x21, 0x1C, 0x14, 0x1A, 0x15, 0x10, 0x13, 0x10, 0xE8, 0xEB, 0xE8,
		0xE4, 0xE4, 0xE4, 0xDD, 0xDD, 0xDD, 0xD4, 0xD7, 0xD4, 0xCD, 0xD0, 0xCD, 0xC6, 0xC9, 0xC6, 0xBF,
		0xC2, 0xBF, 0xB8, 0xBB, 0xB8, 0xB0, 0xB3, 0xB0, 0xA9, 0xAC, 0xA9, 0xA3, 0xA6, 0xA3, 0x9C, 0x9F,
		0x9C, 0x94, 0x97, 0x94, 0x8E, 0x91, 0x8E, 0x87, 0x8A, 0x87, 0x80, 0x83, 0x80, 0x78, 0x7B, 0x78,
		0x71, 0x74, 0x71, 0x6A, 0x6D, 0x6A, 0x63, 0x66, 0x62, 0x5C, 0x5F, 0x5B, 0x55, 0x58, 0x54, 0x4F,
		0x52, 0x4E, 0x48, 0x4B, 0x47, 0x40, 0x43, 0x3F, 0x39, 0x3C, 0x38, 0x32, 0x35, 0x31, 0x29, 0x2F,
		0x2A, 0x22, 0x28, 0x23, 0x1B, 0x21, 0x1C, 0x14, 0x1A, 0x15, 0x10, 0x13, 0x10, 0xE8, 0xEB, 0xE8,
		0xE4, 0xE4, 0xE4, 0xDD, 0xDD, 0xDD, 0xD4, 0xD7, 0xD4, 0xCD, 0xD0, 0xCD, 0xC6, 0xC9, 0xC6, 0xBF,
		0xC2, 0xBF, 0xB8, 0xBB, 0xB8, 0xB0, 0xB3, 0xB0, 0xA9, 0xAC, 0xA9, 0xA3, 0xA6, 0xA3, 0x9C, 0x9F,
		0x9C, 0x94, 0x97, 0x94, 0x8E, 0x91, 0x8E, 0x87, 0x8A, 0x87, 0x80, 0x83, 0x80, 0x78, 0x7B, 0x78,
		0x71, 0x74, 0x71, 0x6A, 0x6D, 0x6A, 0x63, 0x66, 0x62, 0x5C, 0x5F, 0x5B, 0x55, 0x58, 0x54, 0x4F,
		0x52, 0x4E, 0x48, 0x4B, 0x47, 0x40, 0x43, 0x3F, 0x39, 0x3C, 0x38, 0x32, 0x35, 0x31, 0x29, 0x2F,
		0x2A, 0x22, 0x28, 0x23, 0x1B, 0x21, 0x1C, 0x14, 0x1A, 0x15, 0x10, 0x13, 0x10, 0xE8, 0xEB, 0xE8,
		0xE4, 0xE4, 0xE4, 0xDD, 0xDD, 0xDD, 0xD4, 0xD7, 0xD4, 0xCD, 0xD0, 0xCD, 0xC6, 0xC9, 0xC6, 0xBF,
		0xC2, 0xBF, 0xB8, 0xBB, 0xB8, 0xB0, 0xB3, 0xB0, 0xA9, 0xAC, 0xA9, 0xA3, 0xA6, 0xA3, 0x9C, 0x9F,
		0x9C, 0x94, 0x97, 0x94, 0x8E, 0x91, 0x8E, 0x87, 0x8A, 0x87, 0x80, 0x83, 0x80, 0x78, 0x7B, 0x78,
		0x71, 0x74, 0x71, 0x6A, 0x6D, 0x6A, 0x63, 0x66, 0x62, 0x5C, 0x5F, 0x5B, 0x55, 0x58, 0x54, 0x4F,
		0x52, 0x4E, 0x48, 0x4B, 0x47, 0x40, 0x43, 0x3F, 0x39, 0x3C, 0x38, 0x32, 0x35, 0x31, 0x29, 0x2F,
		0x2A, 0x22, 0x28, 0x23, 0x1B, 0x21, 0x1C, 0x14, 0x1A, 0x15, 0x10, 0x13, 0x10, 0xE8, 0xEB, 0xE8,
		0xE4, 0xE4, 0xE4, 0xDD, 0xDD, 0xDD, 0xD4, 0xD7, 0xD4, 0xCD, 0xD0, 0xCD, 0xC6, 0xC9, 0xC6, 0xBF,
		0xC2, 0xBF, 0xB8, 0xBB, 0xB8, 0xB0, 0xB3, 0xB0, 0xA9, 0xAC, 0xA9, 0xA3, 0xA6, 0xA3, 0x9C, 0x9F,
		0x9C, 0x94, 0x97, 0x94, 0x8E, 0x91, 0x8E, 0x87, 0x8A, 0x87, 0x80, 0x83, 0x80, 0x78, 0x7B, 0x78,
		0x71, 0x74, 0x71, 0x6A, 0x6D, 0x6A, 0x63, 0x66, 0x62, 0x5C, 0x5F, 0x5B, 0x55, 0x58, 0x54, 0x4F,
		0x52, 0x4E, 0x48, 0x4B, 0x47, 0x40, 0x43, 0x3F, 0x39, 0x3C, 0x38, 0x32, 0x35, 0x31, 0x29, 0x2F,
		0x2A, 0x22, 0x28, 0x23, 0x1B, 0x21, 0x1C, 0x14, 0x1A, 0x15, 0x10, 0x13, 0x10, 0xE8, 0xEB, 0xE8,
		0xE4, 0xE4, 0xE4, 0xDD, 0xDD, 0xDD, 0xD4, 0xD7, 0xD4, 0xCD, 0xD0, 0xCD, 0xC6, 0xC9, 0xC6, 0xBF,
		0xC2, 0xBF, 0xB8, 0xBB, 0xB8, 0xB0, 0xB3, 0xB0, 0xA9, 0xAC, 0xA9, 0xA3, 0xA6, 0xA3, 0x9C, 0x9F,
		0x9C, 0x94, 0x97, 0x94, 0x8E, 0x91, 0x8E, 0x87, 0x8A, 0x87, 0x80, 0x83, 0x80, 0x78, 0x7B, 0x78,
		0x71, 0x74, 0x71, 0x6A, 0x6D, 0x6A, 0x63, 0x66, 0x62, 0x5C, 0x5F, 0x5B, 0x55, 0x58, 0x54, 0x4F,
		0x52, 0x4E, 0x48, 0x4B, 0x47, 0x40, 0x43, 0x3F, 0x39, 0x3C, 0x38, 0x32, 0x35, 0x31, 0x29, 0x2F,
		0x2A, 0x22, 0x28, 0x23, 0x1B, 0x21, 0x1C, 0x14, 0x1A, 0x15, 0x10, 0x13, 0x10, 0xE8, 0xEB, 0xE8,
		0xE4, 0xE4, 0xE4, 0xDD, 0xDD, 0xDD, 0xD4, 0xD7, 0xD4, 0xCD, 0xD0, 0xCD, 0xC6, 0xC9, 0xC6, 0xBF,
		0xC2, 0xBF, 0xB8, 0xBB, 0xB8, 0xB0, 0xB3, 0xB0, 0xA9, 0xAC, 0xA9, 0xA3, 0xA6, 0xA3, 0x9C, 0x9F,
		0x9C, 0x94, 0x97, 0x94, 0x8E, 0x91, 0x8E, 0x87, 0x8A, 0x87, 0x80, 0x83, 0x80, 0x78, 0x7B, 0x78,
		0x71, 0x74, 0x71, 0x6A, 0x6D, 0x6A, 0x63, 0x66, 0x62, 0x5C, 0x5F, 0x5B, 0x55, 0x58, 0x54, 0x4F,
		0x52, 0x4E, 0x48, 0x4B, 0x47, 0x40, 0x43, 0x3F, 0x39, 0x3C, 0x38, 0x32, 0x35, 0x31, 0x29, 0x2F,
		0x2A, 0x22, 0x28, 0x23, 0x1B, 0x21, 0x1C, 0x14, 0x1A, 0x15, 0x10, 0x13, 0x10, 0xE8, 0xEB, 0xE8,
		0xE4, 0xE4, 0xE4, 0xDD, 0xDD, 0xDD, 0xD4, 0xD7, 0xD4, 0xCD, 0xD0, 0xCD, 0xC6, 0xC9, 0xC6, 0xBF,
		0xC2, 0xBF, 0xB8, 0xBB, 0xB8, 0xB0, 0xB3, 0xB0, 0xA9, 0xAC, 0xA9, 0xA3, 0xA6, 0xA3, 0x9C, 0x9F,
		0x9C, 0x94, 0x97, 0x94, 0x8E, 0x91, 0x8E, 0x87, 0x8A, 0x87, 0x80, 0x83, 0x80, 0x78, 0x7B, 0x78,
		0x71, 0x74, 0x71, 0x6A, 0x6D, 0x6A, 0x63, 0x66, 0x62, 0x5C, 0x5F, 0x5B, 0x55, 0x58, 0x54, 0x4F,
		0x52, 0x4E, 0x48, 0x4B, 0x47, 0x40, 0x43, 0x3F, 0x39, 0x3C, 0x38, 0x32, 0x35, 0x31, 0x29, 0x2F,
		0x2A, 0x22, 0x28, 0x23, 0x1B, 0x21, 0x1C, 0x14, 0x1A, 0x15, 0x10, 0x13, 0x10, 0xE8, 0xEB, 0xE8,
		0xE4, 0xE4, 0xE4, 0xDD, 0xDD, 0xDD, 0xD4, 0xD7, 0xD4, 0xCD, 0xD0, 0xCD, 0xC6, 0xC9, 0xC6, 0xBF,
		0xC2, 0xBF, 0xB8, 0xBB, 0xB8, 0xB0, 0xB3, 0xB0, 0xA9, 0xAC, 0xA9, 0xA3, 0xA6, 0xA3, 0x9C, 0x9F,
		0x9C, 0x94, 0x97, 0x94, 0x8E, 0x91, 0x8E, 0x87, 0x8A, 0x87, 0x80, 0x83, 0x80, 0x78, 0x7B, 0x78,
		0x71, 0x74, 0x71, 0x6A, 0x6D, 0x6A, 0x63, 0x66, 0x62, 0x5C, 0x5F, 0x5B, 0x55, 0x58, 0x54, 0x4F,
		0x52, 0x4E, 0x48, 0x4B, 0x47, 0x40, 0x43, 0x3F, 0x39, 0x3C, 0x38, 0x32, 0x35, 0x31, 0x29, 0x2F,
		0x2A, 0x22, 0x28, 0x23, 0x1B, 0x21, 0x1C, 0x14, 0x1A, 0x15, 0x10, 0x13, 0x10, 0xE8, 0xEB, 0xE8,
		0xE4, 0xE4, 0xE4, 0xDD, 0xDD, 0xDD, 0xD4, 0xD7, 0xD4, 0xCD, 0xD0, 0xCD, 0xC6, 0xC9, 0xC6, 0xBF,
		0xC2, 0xBF, 0xB8, 0xBB, 0xB8, 0xB0, 0xB3, 0xB0, 0xA9, 0xAC, 0xA9, 0xA3, 0xA6, 0xA3, 0x9C, 0x9F,
		0x9C, 0x94, 0x97, 0x94, 0x8E, 0x91, 0x8E, 0x87, 0x8A, 0x87, 0x80, 0x83, 0x80, 0x78, 0x7B, 0x78,
		0x71, 0x74, 0x71, 0x6A, 0x6D, 0x6A, 0x63, 0x66, 0x62, 0x5C, 0x5F, 0x5B, 0x55, 0x58, 0x54, 0x4F,
		0x52, 0x4E, 0x48, 0x4B, 0x47, 0x40, 0x43, 0x3F, 0x39, 0x3C, 0x38, 0x32, 0x35, 0x31, 0x29, 0x2F,
		0x2A, 0x22, 0x28, 0x23, 0x1B, 0x21, 0x1C, 0x14, 0x1A, 0x15, 0x10, 0x13, 0x10, 0xE8, 0xEB, 0xE8,
		0xE4, 0xE4, 0xE4, 0xDD, 0xDD, 0xDD, 0xD4, 0xD7, 0xD4, 0xCD, 0xD0, 0xCD, 0xC6, 0xC9, 0xC6, 0xBF,
		0xC2, 0xBF, 0xB8, 0xBB, 0xB8, 0xB0, 0xB3, 0xB0, 0xA9, 0xAC, 0xA9, 0xA3, 0xA6, 0xA3, 0x9C, 0x9F,
		0x9C, 0x94, 0x97, 0x94, 0x8E, 0x91, 0x8E, 0x87, 0x8A, 0x87, 0x80, 0x83, 0x80, 0x78, 0x7B, 0x78,
		0x71, 0x74, 0x71, 0x6A, 0x6D, 0x6A, 0x63, 0x66, 0x62, 0x5C, 0x5F, 0x5B, 0x55, 0x58, 0x54, 0x4F,
		0x52, 0x4E, 0x48, 0x4B, 0x47, 0x40, 0x43, 0x3F, 0x39, 0x3C, 0x38, 0x32, 0x35, 0x31, 0x29, 0x2F,
		0x2A, 0x22, 0x28, 0x23, 0x1B, 0x21, 0x1C, 0x14, 0x1A, 0x15, 0x10, 0x13, 0x10, 0xE8, 0xEB, 0xE8,
		0xE4, 0xE4, 0xE4, 0xDD, 0xDD, 0xDD, 0xD4, 0xD7, 0xD4, 0xCD, 0xD0, 0xCD, 0xC6, 0xC9, 0xC6, 0xBF,
		0xC2, 0xBF, 0xB8, 0xBB, 0xB8, 0xB0, 0xB3, 0xB0, 0xA9, 0xAC, 0xA9, 0xA3, 0xA6, 0xA3, 0x9C, 0x9F,
		0x9C, 0x94, 0x97, 0x94, 0x8E, 0x91, 0x8E, 0x87, 0x8A, 0x87, 0x80, 0x83, 0x80, 0x78, 0x7B, 0x78,
		0x71, 0x74, 0x71, 0x6A, 0x6D, 0x6A, 0x63, 0x66, 0x62, 0x5C, 0x5F, 0x5B, 0x55, 0x58, 0x54, 0x4F,
		0x52, 0x4E, 0x48, 0x4B, 0x47, 0x40, 0x43, 0x3F, 0x39, 0x3C, 0x38, 0x32, 0x35, 0x31, 0x29, 0x2F,
		0x2A, 0x22, 0x28, 0x23, 0x1B, 0x21, 0x1C, 0x14, 0x1A, 0x15, 0x10, 0x13, 0x10, 0xE8, 0xEB, 0xE8,
		0x16, 0x16, 0x16, 0x1D, 0x1D, 0x1D, 0x24, 0x24, 0x24, 0x2B, 0x2B, 0x2B, 0x32, 0x32, 0x32, 0x39,
		0x39, 0x39, 0x40, 0x40, 0x40, 0x48, 0x48, 0x48, 0x4F, 0x4F, 0x4F, 0x55, 0x55, 0x55, 0x5C, 0x5C,
		0x5C, 0x63, 0x63, 0x63, 0x6A, 0x6A, 0x6A, 0x71, 0x71, 0x71, 0x78, 0x78, 0x78, 0x80, 0x80, 0x80,
		0x87, 0x87, 0x87, 0x8E, 0x8E, 0x8E, 0x94, 0x94, 0x94, 0x9C, 0x9C, 0x9C, 0xA3, 0xA0, 0xA3, 0xAA,
		0xA7, 0xAA, 0xB1, 0xAE, 0xB1, 0xB9, 0xB6, 0xB9, 0xC0, 0xBD, 0xC0, 0xC7, 0xC4, 0xC7, 0xCE, 0xCB,
		0xCE, 0xD5, 0xD2, 0xD5, 0xDC, 0xD9, 0xDC, 0xE3, 0xE0, 0xE3, 0xE8, 0xE8, 0xE8, 0x10, 0x10, 0x10,
		0x16, 0x16, 0x16, 0x1D, 0x1D, 0x1D, 0x24, 0x24, 0x24, 0x2B, 0x2B, 0x2B, 0x32, 0x32, 0x32, 0x39,
		0x39, 0x39, 0x40, 0x40, 0x40, 0x48, 0x48, 0x48, 0x4F, 0x4F, 0x4F, 0x55, 0x55, 0x55, 0x5C, 0x5C,
		0x5C, 0x63, 0x63, 0x63, 0x6A, 0x6A, 0x6A, 0x71, 0x71, 0x71, 0x78, 0x78, 0x78, 0x80, 0x80, 0x80,
		0x87, 0x87, 0x87, 0x8E, 0x8E, 0x8E, 0x94, 0x94, 0x94, 0x9C, 0x9C, 0x9C, 0xA3, 0xA0, 0xA3, 0xAA,
		0xA7, 0xAA, 0xB1, 0xAE, 0xB1, 0xB9, 0xB6, 0xB9, 0xC0, 0xBD, 0xC0, 0xC7, 0xC4, 0xC7, 0xCE, 0xCB,
		0xCE, 0xD5, 0xD2, 0xD5, 0xDC, 0xD9, 0xDC, 0xE3, 0xE0, 0xE3, 0xE8, 0xE8, 0xE8, 0x10, 0x10, 0x10,
		0x16, 0x16, 0x16, 0x1D, 0x1D, 0x1D, 0x24, 0x24, 0x24, 0x2B, 0x2B, 0x2B, 0x32, 0x32, 0x32, 0x39,
		0x39, 0x39, 0x40, 0x40, 0x40, 0x48, 0x48, 0x48, 0x4F, 0x4F, 0x4F, 0x55, 0x55, 0x55, 0x5C, 0x5C,
		0x5C, 0x63, 0x63, 0x63, 0x6A, 0x6A, 0x6A, 0x71, 0x71, 0x71, 0x78, 0x78, 0x78, 0x80, 0x80, 0x80,
		0x87, 0x87, 0x87, 0x8E, 0x8E, 0x8E, 0x94, 0x94, 0x94, 0x9C, 0x9C, 0x9C, 0xA3, 0xA0, 0xA3, 0xAA,
		0xA7, 0xAA, 0xB1, 0xAE, 0xB1, 0xB9, 0xB6, 0xB9, 0xC0, 0xBD, 0xC0, 0xC7, 0xC4, 0xC7, 0xCE, 0xCB,
		0xCE, 0xD5, 0xD2, 0xD5, 0xDC, 0xD9, 0xDC, 0xE3, 0xE0, 0xE3, 0xE8, 0xE8, 0xE8, 0x10, 0x10, 0x10,
		0x16, 0x16, 0x16, 0x1D, 0x1D, 0x1D, 0x24, 0x24, 0x24, 0x2B, 0x2B, 0x2B, 0x32, 0x32, 0x32, 0x39,
		0x39, 0x39, 0x40, 0x40, 0x40, 0x48, 0x48, 0x48, 0x4F, 0x4F, 0x4F, 0x55, 0x55, 0x55, 0x5C, 0x5C,
		0x5C, 0x63, 0x63, 0x63, 0x6A, 0x6A, 0x6A, 0x71, 0x71, 0x71, 0x78, 0x78, 0x78, 0x80, 0x80, 0x80,
		0x87, 0x87, 0x87, 0x8E, 0x8E, 0x8E, 0x94, 0x94, 0x94, 0x9C, 0x9C, 0x9C, 0xA3, 0xA0, 0xA3, 0xAA,
		0xA7, 0xAA, 0xB1, 0xAE, 0xB1, 0xB9, 0xB6, 0xB9, 0xC0, 0xBD, 0xC0, 0xC7, 0xC4, 0xC7, 0xCE, 0xCB,
		0xCE, 0xD5, 0xD2, 0xD5, 0xDC, 0xD9, 0xDC, 0xE3, 0xE0, 0xE3, 0xE8, 0xE8, 0xE8, 0x10, 0x10, 0x10,
		0x16, 0x16, 0x16, 0x1D, 0x1D, 0x1D, 0x24, 0x24, 0x24, 0x2B, 0x2B, 0x2B, 0x32, 0x32, 0x32, 0x39,
		0x39, 0x39, 0x40, 0x40, 0x40, 0x48, 0x48, 0x48, 0x4F, 0x4F, 0x4F, 0x55, 0x55, 0x55, 0x5C, 0x5C,
		0x5C, 0x63, 0x63, 0x63, 0x6A, 0x6A, 0x6A, 0x71, 0x71, 0x71, 0x78, 0x78, 0x78, 0x80, 0x80, 0x80,
		0x87, 0x87, 0x87, 0x8E, 0x8E, 0x8E, 0x94, 0x94, 0x94, 0x9C, 0x9C, 0x9C, 0xA3, 0xA0, 0xA3, 0xAA,
		0xA7, 0xAA, 0xB1, 0xAE, 0xB1, 0xB9, 0xB6, 0xB9, 0xC0, 0xBD, 0xC0, 0xC7, 0xC4, 0xC7, 0xCE, 0xCB,
		0xCE, 0xD5, 0xD2, 0xD5, 0xDC, 0xD9, 0xDC, 0xE3, 0xE0, 0xE3, 0xE8, 0xE8, 0xE8, 0x10, 0x10, 0x10,
		0x16, 0x16, 0x16, 0x1D, 0x1D, 0x1D, 0x24, 0x24, 0x24, 0x2B, 0x2B, 0x2B, 0x32, 0x32, 0x32, 0x39,
		0x39, 0x39, 0x40, 0x40, 0x40, 0x48, 0x48, 0x48, 0x4F, 0x4F, 0x4F, 0x55, 0x55, 0x55, 0x5C, 0x5C,
		0x5C, 0x63, 0x63, 0x63, 0x6A, 0x6A, 0x6A, 0x71, 0x71, 0x71, 0x78, 0x78, 0x78, 0x80, 0x80, 0x80,
		0x87, 0x87, 0x87, 0x8E, 0x8E, 0x8E, 0x94, 0x94, 0x94, 0x9C, 0x9C, 0x9C, 0xA3, 0xA0, 0xA3, 0xAA,
		0xA7, 0xAA, 0xB1, 0xAE, 0xB1, 0xB9, 0xB6, 0xB9, 0xC0, 0xBD, 0xC0, 0xC7, 0xC4, 0xC7, 0xCE, 0xCB,
		0xCE, 0xD5, 0xD2, 0xD5, 0xDC, 0xD9, 0xDC, 0xE3, 0xE0, 0xE3, 0xE8, 0xE8, 0xE8, 0x10, 0x10, 0x10,
		0x16, 0x16, 0x16, 0x1D, 0x1D, 0x1D, 0x24, 0x24, 0x24, 0x2B, 0x2B, 0x2B, 0x32, 0x32, 0x32, 0x39,
		0x39, 0x39, 0x40, 0x40, 0x40, 0x48, 0x48, 0x48, 0x4F, 0x4F, 0x4F, 0x55, 0x55, 0x55, 0x5C, 0x5C,
		0x5C, 0x63, 0x63, 0x63, 0x6A, 0x6A, 0x6A, 0x71, 0x71, 0x71, 0x78, 0x78, 0x78, 0x80, 0x80, 0x80,
		0x87, 0x87, 0x87, 0x8E, 0x8E, 0x8E, 0x94, 0x94, 0x94, 0x9C, 0x9C, 0x9C, 0xA3, 0xA0, 0xA3, 0xAA,
		0xA7, 0xAA, 0xB1, 0xAE, 0xB1, 0xB9, 0xB6, 0xB9, 0xC0, 0xBD, 0xC0, 0xC7, 0xC4, 0xC7, 0xCE, 0xCB,
		0xCE, 0xD5, 0xD2, 0xD5, 0xDC, 0xD9, 0xDC, 0xE3, 0xE0, 0xE3, 0xE8, 0xE8, 0xE8, 0x10, 0x10, 0x10,
		0x16, 0x16, 0x16, 0x1D, 0x1D, 0x1D, 0x24, 0x24, 0x24, 0x2B, 0x2B, 0x2B, 0x32, 0x32, 0x32, 0x39,
		0x39, 0x39, 0x40, 0x40, 0x40, 0x48, 0x48, 0x48, 0x4F, 0x4F, 0x4F, 0x55, 0x55, 0x55, 0x5C, 0x5C,
		0x5C, 0x63, 0x63, 0x63, 0x6A, 0x6A, 0x6A, 0x71, 0x71, 0x71, 0x78, 0x78, 0x78, 0x80, 0x80, 0x80,
		0x87, 0x87, 0x87, 0x8E, 0x8E, 0x8E, 0x94, 0x94, 0x94, 0x9C, 0x9C, 0x9C, 0xA3, 0xA0, 0xA3, 0xAA,
		0xA7, 0xAA, 0xB1, 0xAE, 0xB1, 0xB9, 0xB6, 0xB9, 0xC0, 0xBD, 0xC0, 0xC7, 0xC4, 0xC7, 0xCE, 0xCB,
		0xCE, 0xD5, 0xD2, 0xD5, 0xDC, 0xD9, 0xDC, 0xE3, 0xE0, 0xE3, 0xE8, 0xE8, 0xE8, 0x10, 0x10, 0x10,
		0x16, 0x16, 0x16, 0x1D, 0x1D, 0x1D, 0x24, 0x24, 0x24, 0x2B, 0x2B, 0x2B, 0x32, 0x32, 0x32, 0x39,
		0x39, 0x39, 0x40, 0x40, 0x40, 0x48, 0x48, 0x48, 0x4F, 0x4F, 0x4F, 0x55, 0x55, 0x55, 0x5C, 0x5C,
		0x5C, 0x63, 0x63, 0x63, 0x6A, 0x6A, 0x6A, 0x71, 0x71, 0x71, 0x78, 0x78, 0x78, 0x80, 0x80, 0x80,
		0x87, 0x87, 0x87, 0x8E, 0x8E, 0x8E, 0x94, 0x94, 0x94, 0x9C, 0x9C, 0x9C, 0xA3, 0xA0, 0xA3, 0xAA,
		0xA7, 0xAA, 0xB1, 0xAE, 0xB1, 0xB9, 0xB6, 0xB9, 0xC0, 0xBD, 0xC0, 0xC7, 0xC4, 0xC7, 0xCE, 0xCB,
		0xCE, 0xD5, 0xD2, 0xD5, 0xDC, 0xD9, 0xDC, 0xE3, 0xE0, 0xE3, 0xE8, 0xE8, 0xE8, 0x10, 0x10, 0x10,
		0x16, 0x16, 0x16, 0x1D, 0x1D, 0x1D, 0x24, 0x24, 0x24, 0x2B, 0x2B, 0x2B, 0x32, 0x32, 0x32, 0x39,
		0x39, 0x39, 0x40, 0x40, 0x40, 0x48, 0x48, 0x48, 0x4F, 0x4F, 0x4F, 0x55, 0x55, 0x55, 0x5C, 0x5C,
		0x5C, 0x63, 0x63, 0x63, 0x6A, 0x6A, 0x6A, 0x71, 0x71, 0x71, 0x78, 0x78, 0x78, 0x80, 0x80, 0x80,
		0x87, 0x87, 0x87, 0x8E, 0x8E, 0x8E, 0x94, 0x94, 0x94, 0x9C, 0x9C, 0x9C, 0xA3, 0xA0, 0xA3, 0xAA,
		0xA7, 0xAA, 0xB1, 0xAE, 0xB1, 0xB9, 0xB6, 0xB9, 0xC0, 0xBD, 0xC0, 0xC7, 0xC4, 0xC7, 0xCE, 0xCB,
		0xCE, 0xD5, 0xD2, 0xD5, 0xDC, 0xD9, 0xDC, 0xE3, 0xE0, 0xE3, 0xE8, 0xE8, 0xE8, 0x10, 0x10, 0x10,
		0x16, 0x16, 0x16, 0x1D, 0x1D, 0x1D, 0x24, 0x24, 0x24, 0x2B, 0x2B, 0x2B, 0x32, 0x32, 0x32, 0x39,
		0x39, 0x39, 0x40, 0x40, 0x40, 0x48, 0x48, 0x48, 0x4F, 0x4F, 0x4F, 0x55, 0x55, 0x55, 0x5C, 0x5C,
		0x5C, 0x63, 0x63, 0x63, 0x6A, 0x6A, 0x6A, 0x71, 0x71, 0x71, 0x78, 0x78, 0x78, 0x80, 0x80, 0x80,
		0x87, 0x87, 0x87, 0x8E, 0x8E, 0x8E, 0x94, 0x94, 0x94, 0x9C, 0x9C, 0x9C, 0xA3, 0xA0, 0xA3, 0xAA,
		0xA7, 0xAA, 0xB1, 0xAE, 0xB1, 0xB9, 0xB6, 0xB9, 0xC0, 0xBD, 0xC0, 0xC7, 0xC4, 0xC7, 0xCE, 0xCB,
		0xCE, 0xD5, 0xD2, 0xD5, 0xDC, 0xD9, 0xDC, 0xE3, 0xE0, 0xE3, 0xE8, 0xE8, 0xE8, 0x10, 0x10, 0x10,
		0x16, 0x16, 0x16, 0x1D, 0x1D, 0x1D, 0x24, 0x24, 0x24, 0x2B, 0x2B, 0x2B, 0x32, 0x32, 0x32, 0x39,
		0x39, 0x39, 0x40, 0x40, 0x40, 0x48, 0x48, 0x48, 0x4F, 0x4F, 0x4F, 0x55, 0x55, 0x55, 0x5C, 0x5C,
		0x5C, 0x63, 0x63, 0x63, 0x6A, 0x6A, 0x6A, 0x71, 0x71, 0x71, 0x78, 0x78, 0x78, 0x80, 0x80, 0x80,
		0x87, 0x87, 0x87, 0x8E, 0x8E, 0x8E, 0x94, 0x94, 0x94, 0x9C, 0x9C, 0x9C, 0xA3, 0xA0, 0xA3, 0xAA,
		0xA7, 0xAA, 0xB1, 0xAE, 0xB1, 0xB9, 0xB6, 0xB9, 0xC0, 0xBD, 0xC0, 0xC7, 0xC4, 0xC7, 0xCE, 0xCB,
		0xCE, 0xD5, 0xD2, 0xD5, 0xDC, 0xD9, 0xDC, 0xE3, 0xE0, 0xE3, 0xE8, 0xE8, 0xE8, 0x10, 0x10, 0x10,
		0x16, 0x16, 0x16, 0x1D, 0x1D, 0x1D, 0x24, 0x24, 0x24, 0x2B, 0x2B, 0x2B, 0x32, 0x32, 0x32, 0x39,
		0x39, 0x39, 0x40, 0x40, 0x40, 0x48, 0x48, 0x48, 0x4F, 0x4F, 0x4F, 0x55, 0x55, 0x55, 0x5C, 0x5C,
		0x5C, 0x63, 0x63, 0x63, 0x6A, 0x6A, 0x6A, 0x71, 0x71, 0x71, 0x78, 0x78, 0x78, 0x80, 0x80, 0x80,
		0x87, 0x87, 0x87, 0x8E, 0x8E, 0x8E, 0x94, 0x94, 0x94, 0x9C, 0x9C, 0x9C, 0xA3, 0xA0, 0xA3, 0xAA,
		0xA7, 0xAA, 0xB1, 0xAE, 0xB1, 0xB9, 0xB6, 0xB9, 0xC0, 0xBD, 0xC0, 0xC7, 0xC4, 0xC7, 0xCE, 0xCB,
		0xCE, 0xD5, 0xD2, 0xD5, 0xDC, 0xD9, 0xDC, 0xE3, 0xE0, 0xE3, 0xE8, 0xE8, 0xE8, 0x10, 0x10, 0x10,
		0x16, 0x16, 0x16, 0x1D, 0x1D, 0x1D, 0x24, 0x24, 0x24, 0x2B, 0x2B, 0x2B, 0x32, 0x32, 0x32, 0x39,
		0x39, 0x39, 0x40, 0x40, 0x40, 0x48, 0x48, 0x48, 0x4F, 0x4F, 0x4F, 0x55, 0x55, 0x55, 0x5C, 0x5C,
		0x5C, 0x63, 0x63, 0x63, 0x6A, 0x6A, 0x6A, 0x71, 0x71, 0x71, 0x78, 0x78, 0x78, 0x80, 0x80, 0x80,
		0x87, 0x87, 0x87, 0x8E, 0x8E, 0x8E, 0x94, 0x94, 0x94, 0x9C, 0x9C, 0x9C, 0xA3, 0xA0, 0xA3, 0xAA,
		0xA7, 0xAA, 0xB1, 0xAE, 0xB1, 0xB9, 0xB6, 0xB9, 0xC0, 0xBD, 0xC0, 0xC7, 0xC4, 0xC7, 0xCE, 0xCB,
		0xCE, 0xD5, 0xD2, 0xD5, 0xDC, 0xD9, 0xDC, 0xE3, 0xE0, 0xE3, 0xE8, 0xE8, 0xE8, 0x10, 0x10, 0x10,
		0x16, 0x16, 0x16, 0x1D, 0x1D, 0x1D, 0x24, 0x24, 0x24, 0x2B, 0x2B, 0x2B, 0x32, 0x32, 0x32, 0x39,
		0x39, 0x39, 0x40, 0x40, 0x40, 0x48, 0x48, 0x48, 0x4F, 0x4F, 0x4F, 0x55, 0x55, 0x55, 0x5C, 0x5C,
		0x5C, 0x63, 0x63, 0x63, 0x6A, 0x6A, 0x6A, 0x71, 0x71, 0x71, 0x78, 0x78, 0x78, 0x80, 0x80, 0x80,
		0x87, 0x87, 0x87, 0x8E, 0x8E, 0x8E, 0x94, 0x94, 0x94, 0x9C, 0x9C, 0x9C, 0xA3, 0xA0, 0xA3, 0xAA,
		0xA7, 0xAA, 0xB1, 0xAE, 0xB1, 0xB9, 0xB6, 0xB9, 0xC0, 0xBD, 0xC0, 0xC7, 0xC4, 0xC7, 0xCE, 0xCB,
		0xCE, 0xD5, 0xD2, 0xD5, 0xDC, 0xD9, 0xDC, 0xE3, 0xE0, 0xE3, 0xE8, 0xE8, 0xE8, 0x10, 0x10, 0x10,
		0x16, 0x16, 0x16, 0x1D, 0x1D, 0x1D, 0x24, 0x24, 0x24, 0x2B, 0x2B, 0x2B, 0x32, 0x32, 0x32, 0x39,
		0x39, 0x39, 0x40, 0x40, 0x40, 0x48, 0x48, 0x48, 0x4F, 0x4F, 0x4F, 0x55, 0x55, 0x55, 0x5C, 0x5C,
		0x5C, 0x63, 0x63, 0x63, 0x6A, 0x6A, 0x6A, 0x71, 0x71, 0x71, 0x78, 0x78, 0x78, 0x80, 0x80, 0x80,
		0x87, 0x87, 0x87, 0x8E, 0x8E, 0x8E, 0x94, 0x94, 0x94, 0x9C, 0x9C, 0x9C, 0xA3, 0xA0, 0xA3, 0xAA,
		0xA7, 0xAA, 0xB1, 0xAE, 0xB1, 0xB9, 0xB6, 0xB9, 0xC0, 0xBD, 0xC0, 0xC7, 0xC4, 0xC7, 0xCE, 0xCB,
		0xCE, 0xD5, 0xD2, 0xD5, 0xDC, 0xD9, 0xDC, 0xE3, 0xE0, 0xE3, 0xE8, 0xE8, 0xE8, 0x10, 0x10, 0x10,
		0x16, 0x16, 0x16, 0x1D, 0x1D, 0x1D, 0x24, 0x24, 0x24, 0x2B, 0x2B, 0x2B, 0x32, 0x32, 0x32, 0x39,
		0x39, 0x39, 0x40, 0x40, 0x40, 0x48, 0x48, 0x48, 0x4F, 0x4F, 0x4F, 0x55, 0x55, 0x55, 0x5C, 0x5C,
		0x5C, 0x63, 0x63, 0x63, 0x6A, 0x6A, 0x6A, 0x71, 0x71, 0x71, 0x78, 0x78, 0x78, 0x80, 0x80, 0x80,
		0x87, 0x87, 0x87, 0x8E, 0x8E, 0x8E, 0x94, 0x94, 0x94, 0x9C, 0x9C, 0x9C, 0xA3, 0xA0, 0xA3, 0xAA,
		0xA7, 0xAA, 0xB1, 0xAE, 0xB1, 0xB9, 0xB6, 0xB9, 0xC0, 0xBD, 0xC0, 0xC7, 0xC4, 0xC7, 0xCE, 0xCB,
		0xCE, 0xD5, 0xD2, 0xD5, 0xDC, 0xD9, 0xDC, 0xE3, 0xE0, 0xE3, 0xE8, 0xE8, 0xE8, 0x10, 0x10, 0x10,
		0x16, 0x16, 0x16, 0x1D, 0x1D, 0x1D, 0x24, 0x24, 0x24, 0x2B, 0x2B, 0x2B, 0x32, 0x32, 0x32, 0x39,
		0x39, 0x39, 0x40, 0x40, 0x40, 0x48, 0x48, 0x48, 0x4F, 0x4F, 0x4F, 0x55, 0x55, 0x55, 0x5C, 0x5C,
		0x5C, 0x63, 0x63, 0x63, 0x6A, 0x6A, 0x6A, 0x71, 0x71, 0x71, 0x78, 0x78, 0x78, 0x80, 0x80, 0x80,
		0x87, 0x87, 0x87, 0x8E, 0x8E, 0x8E, 0x94, 0x94, 0x94, 0x9C, 0x9C, 0x9C, 0xA3, 0xA0, 0xA3, 0xAA,
		0xA7, 0xAA, 0xB1, 0xAE, 0xB1, 0xB9, 0xB6, 0xB9, 0xC0, 0xBD, 0xC0, 0xC7, 0xC4, 0xC7, 0xCE, 0xCB,
		0xCE, 0xD5, 0xD2, 0xD5, 0xDC, 0xD9, 0xDC, 0xE3, 0xE0, 0xE3, 0xE8, 0xE8, 0xE8, 0x10, 0x10, 0x10,
		0x16, 0x16, 0x16, 0x1D, 0x1D, 0x1D, 0x24, 0x24, 0x24, 0x2B, 0x2B, 0x2B, 0x32, 0x32, 0x32, 0x39,
		0x39, 0x39, 0x40, 0x40, 0x40, 0x48, 0x48, 0x48, 0x4F, 0x4F, 0x4F, 0x55, 0x55, 0x55, 0x5C, 0x5C,
		0x5C, 0x63, 0x63, 0x63, 0x6A, 0x6A, 0x6A, 0x71, 0x71, 0x71, 0x78, 0x78, 0x78, 0x80, 0x80, 0x80,
		0x87, 0x87, 0x87, 0x8E, 0x8E, 0x8E, 0x94, 0x94, 0x94, 0x9C, 0x9C, 0x9C, 0xA3, 0xA0, 0xA3, 0xAA,
		0xA7, 0xAA, 0xB1, 0xAE, 0xB1, 0xB9, 0xB6, 0xB9, 0xC0, 0xBD, 0xC0, 0xC7, 0xC4, 0xC7, 0xCE, 0xCB,
		0xCE, 0xD5, 0xD2, 0xD5, 0xDC, 0xD9, 0xDC, 0xE3, 0xE0, 0xE3, 0xE8, 0xE8, 0xE8, 0x10, 0x10, 0x10,
		0x16, 0x16, 0x16, 0x1D, 0x1D, 0x1D, 0x24, 0x24, 0x24, 0x2B, 0x2B, 0x2B, 0x32, 0x32, 0x32, 0x39,
		0x39, 0x39, 0x40, 0x40, 0x40, 0x48, 0x48, 0x48, 0x4F, 0x4F, 0x4F, 0x55, 0x55, 0x55, 0x5C, 0x5C,
		0x5C, 0x63, 0x63, 0x63, 0x6A, 0x6A, 0x6A, 0x71, 0x71, 0x71, 0x78, 0x78, 0x78, 0x80, 0x80, 0x80,
		0x87, 0x87, 0x87, 0x8E, 0x8E, 0x8E, 0x94, 0x94, 0x94, 0x9C, 0x9C, 0x9C, 0xA3, 0xA0, 0xA3, 0xAA,
		0xA7, 0xAA, 0xB1, 0xAE, 0xB1, 0xB9, 0xB6, 0xB9, 0xC0, 0xBD, 0xC0, 0xC7, 0xC4, 0xC7, 0xCE, 0xCB,
		0xCE, 0xD5, 0xD2, 0xD5, 0xDC, 0xD9, 0xDC, 0xE3, 0xE0, 0xE3, 0xE8, 0xE8, 0xE8, 0x10, 0x10, 0x10,
		0x0E, 0xEA, 0xEA, 0x0E, 0xEA, 0xEA, 0x0E, 0xEA, 0xEA, 0x0E, 0xEA, 0xEA, 0x0E, 0xEA, 0xEA, 0x0E,
		0xEA, 0xEA, 0x0E, 0xEA, 0xEA, 0x0E, 0xEA, 0xEA, 0x0E, 0xEA, 0xEA, 0x0E, 0xEA, 0xEA, 0x0E, 0xEA,
		0xEA, 0x0E, 0xEA, 0xEA, 0x0E, 0xEA, 0xEA, 0x0E, 0xEA, 0xEA, 0x0E, 0xEA, 0xEA, 0x0E, 0xEA, 0xEA,
		0x0E, 0xEA, 0xEA, 0x0E, 0xEA, 0xEA, 0x0E, 0xEA, 0xEA, 0x0E, 0xEA, 0xEA, 0x0E, 0xEA, 0xEA, 0x0E,
		0xEA, 0xEA, 0x0E, 0xEA, 0xEA, 0x0E, 0xEA, 0xEA, 0x0E, 0xEA, 0xEA, 0x0E, 0xEA, 0xEA, 0x0E, 0xEA,
		0xEA, 0x0E, 0xEA, 0xEA, 0x0E, 0xEA, 0xEA, 0x0E, 0xEA, 0xEA, 0x0E, 0xEA, 0xEA, 0x0E, 0xEA, 0xEA,
		0x0E, 0xEA, 0xEA, 0x0E, 0xEA, 0xEA, 0x0E, 0xEA, 0xEA, 0x0E, 0xEA, 0xEA, 0x0E, 0xEA, 0xEA, 0x0E,
		0xEA, 0xEA, 0x0E, 0xEA, 0xEA, 0x0E, 0xEA, 0xEA, 0x0E, 0xEA, 0xEA, 0x0E, 0xEA, 0xEA, 0x0E, 0xEA,
		0xEA, 0x0E, 0xEA, 0xEA, 0x0E, 0xEA, 0xEA, 0x0E, 0xEA, 0xEA, 0x0E, 0xEA, 0xEA, 0x0E, 0xEA, 0xEA,
		0x0E, 0xEA, 0xEA, 0x0E, 0xEA, 0xEA, 0x0E, 0xEA, 0xEA, 0x0E, 0xEA, 0xEA, 0x0E, 0xEA, 0xEA, 0x0E,
		0xEA, 0xEA, 0x0E, 0xEA, 0xEA, 0x0E, 0xEA, 0xEA, 0x0E, 0xEA, 0xEA, 0x0E, 0xEA, 0xEA, 0x0E, 0xEA,
		0xEA, 0x0E, 0xEA, 0xEA, 0x0E, 0xEA, 0xEA, 0x0E, 0xEA, 0xEA, 0x0E, 0xEA, 0xEA, 0x0E, 0xEA, 0xEA,
		0x0E, 0xEA, 0xEA, 0x0E, 0xEA, 0xEA, 0x0E, 0xEA, 0xEA, 0x0E, 0xEA, 0xEA, 0x0E, 0xEA, 0xEA, 0x0E,
		0xEA, 0xEA, 0x0E, 0xEA, 0xEA, 0x0E, 0xEA, 0xEA, 0x0E, 0xEA, 0xEA, 0x0E, 0xEA, 0xEA, 0x0E, 0xEA,
		0xEA, 0x0E, 0xEA, 0xEA, 0x0E, 0xEA, 0xEA, 0x0E, 0xEA, 0xEA, 0x0E, 0xEA, 0xEA, 0x0E, 0xEA, 0xEA,
		0x0E, 0xEA, 0xEA, 0x0E, 0xEA, 0xEA, 0x0E, 0xEA, 0xEA, 0x0E, 0xEA, 0xEA, 0x0E, 0xEA, 0xEA, 0x0E,
		0xEA, 0xEA, 0x0E, 0xEA, 0xEA, 0x0E, 0xEA, 0xEA, 0x0E, 0xEA, 0xEA, 0x0E, 0xEA, 0xEA, 0x0E, 0xEA,
		0xEA, 0x0E, 0xEA, 0xEA, 0x0E, 0xEA, 0xEA, 0x0E, 0xEA, 0xEA, 0x0E, 0xEA, 0xEA, 0x0E, 0xEA, 0xEA,
		0x0E, 0xEA, 0xEA, 0x0E, 0xEA, 0xEA, 0x0E, 0xEA, 0xEA, 0x0E, 0xEA, 0xEA, 0x0E, 0xEA, 0xEA, 0x0E,
		0xEA, 0xEA, 0x0E, 0xEA, 0xEA, 0x0E, 0xEA, 0xEA, 0x0E, 0xEA, 0xEA, 0x0E, 0xEA, 0xEA, 0x0E, 0xEA,
		0xEA, 0x0E, 0xEA, 0xEA, 0x0E, 0xEA, 0xEA, 0x0E, 0xEA, 0xEA, 0x0E, 0xEA, 0xEA, 0x0E, 0xEA, 0xEA,
		0x0E, 0xEA, 0xEA, 0x0E, 0xEA, 0xEA, 0x0E, 0xEA, 0xEA, 0x0E, 0xEA, 0xEA, 0x0E, 0xEA, 0xEA, 0x0E,
		0xEA, 0xEA, 0x0E, 0xEA, 0xEA, 0x0E, 0xEA, 0xEA, 0x0E, 0xEA, 0xEA, 0x0E, 0xEA, 0xEA, 0x0E, 0xEA,
		0xEA, 0x0E, 0xEA, 0xEA, 0x0E, 0xEA, 0xEA, 0x0E, 0xEA, 0xEA, 0x0E, 0xEA, 0xEA, 0x0E, 0xEA, 0xEA,
		0x0E, 0xEA, 0xEA, 0x0E, 0xEA, 0xEA, 0x0E, 0xEA, 0xEA, 0x0E, 0xEA, 0xEA, 0x0E, 0xEA, 0xEA, 0x0E,
		0xEA, 0xEA, 0x0E, 0xEA, 0xEA, 0x0E, 0xEA, 0xEA, 0x0E, 0xEA, 0xEA, 0x0E, 0xEA, 0xEA, 0x0E, 0xEA,
		0xEA, 0x0E, 0xEA, 0xEA, 0x0E, 0xEA, 0xEA, 0x0E, 0xEA, 0xEA, 0x0E, 0xEA, 0xEA, 0x0E, 0xEA, 0xEA,
		0x0E, 0xEA, 0xEA, 0x0E, 0xEA, 0xEA, 0x0E, 0xEA, 0xEA, 0x0E, 0xEA, 0xEA, 0x0E, 0xEA, 0xEA, 0x0E,
		0xEA, 0xEA, 0x0E, 0xEA, 0xEA, 0x0E, 0xEA, 0xEA, 0x0E, 0xEA, 0xEA, 0x0E, 0xEA, 0xEA, 0x0E, 0xEA,
		0xEA, 0x0E, 0xEA, 0xEA, 0x0E, 0xEA, 0xEA, 0x0E, 0xEA, 0xEA, 0x0E, 0xEA, 0xEA, 0x0E, 0xEA, 0xEA,
		0x0E, 0xEA, 0xEA, 0x0E, 0xEA, 0xEA, 0x0E, 0xEA, 0xEA, 0x0E, 0xEA, 0xEA, 0x0E, 0xEA, 0xEA, 0x0E,
		0xEA, 0xEA, 0x0E, 0xEA, 0xEA, 0x0E, 0xEA, 0xEA, 0x0E, 0xEA, 0xEA, 0x0E, 0xEA, 0xEA, 0x0E, 0xEA,
		0xEA, 0x0E, 0xEA, 0xEA, 0x0E, 0xEA, 0xEA, 0x0E, 0xEA, 0xEA, 0x0E, 0xEA, 0xEA, 0x0E, 0xEA, 0xEA,
		0x0E, 0xEA, 0xEA, 0x0E, 0xEA, 0xEA, 0x0E, 0xEA, 0xEA, 0x0E, 0xEA, 0xEA, 0x0E, 0xEA, 0xEA, 0x0E,
		0xEA, 0xEA, 0x0E, 0xEA, 0xEA, 0x0E, 0xEA, 0xEA, 0x0E, 0xEA, 0xEA, 0x0E, 0xEA, 0xEA, 0x0E, 0xEA,
		0xEA, 0x0E, 0xEA, 0xEA, 0x0E, 0xEA, 0xEA, 0x0E, 0xEA, 0xEA, 0x0E, 0xEA, 0xEA, 0x0E, 0xEA, 0xEA,
		0x0E, 0xEA, 0xEA, 0x0E, 0xEA, 0xEA, 0x0E, 0xEA, 0xEA, 0x0E, 0xEA, 0xEA, 0x0E, 0xEA, 0xEA, 0x0E,
		0xEA, 0xEA, 0x0E, 0xEA, 0xEA, 0x0E, 0xEA, 0xEA, 0x0E, 0xEA, 0xEA, 0x0E, 0xEA, 0xEA, 0x0E, 0xEA,
		0xEA, 0x0E, 0xEA, 0xEA, 0x0E, 0xEA, 0xEA, 0x0E, 0xEA, 0xEA, 0x0E, 0xEA, 0xEA, 0x0E, 0xEA, 0xEA,
		0x0E, 0xEA, 0xEA, 0x0E, 0xEA, 0xEA, 0x0E, 0xEA, 0xEA, 0x0E, 0xEA, 0xEA, 0x0E, 0xEA, 0xEA, 0x0E,
		0xEA, 0xEA, 0x0E, 0xEA, 0xEA, 0x0E, 0xEA, 0xEA, 0x0E, 0xEA, 0xEA, 0x0E, 0xEA, 0xEA, 0x0E, 0xEA,
		0xEA, 0x0E, 0xEA, 0xEA, 0x0E, 0xEA, 0xEA, 0x0E, 0xEA, 0xEA, 0x0E, 0xEA, 0xEA, 0x0E, 0xEA, 0xEA,
		0x0E, 0xEA, 0xEA, 0x0E, 0xEA, 0xEA, 0x0E, 0xEA, 0xEA, 0x0E, 0xEA, 0xEA, 0x0E, 0xEA, 0xEA, 0x0E,
		0xEA, 0xEA, 0x0E, 0xEA, 0xEA, 0x0E, 0xEA, 0xEA, 0x0E, 0xEA, 0xEA, 0x0E, 0xEA, 0xEA, 0x0E, 0xEA,
		0xEA, 0x0E, 0xEA, 0xEA, 0x0E, 0xEA, 0xEA, 0x0E, 0xEA, 0xEA, 0x0E, 0xEA, 0xEA, 0x0E, 0xEA, 0xEA,
		0x0E, 0xEA, 0xEA, 0x0E, 0xEA, 0xEA, 0x0E, 0xEA, 0xEA, 0x0E, 0xEA, 0xEA, 0x0E, 0xEA, 0xEA, 0x0E,
		0xEA, 0xEA, 0x0E, 0xEA, 0xEA, 0x0E, 0xEA, 0xEA, 0x0E, 0xEA, 0xEA, 0x0E, 0xEA, 0xEA, 0x0E, 0xEA,
		0xEA, 0x0E, 0xEA, 0xEA, 0x0E, 0xEA, 0xEA, 0x0E, 0xEA, 0xEA, 0x0E, 0xEA, 0xEA, 0x0E, 0xEA, 0xEA,
};

const uint8_t buf_argb8888[] = {
		0xEA, 0xEA, 0xEA, 0xFF, 0xEA, 0xEA, 0xEA, 0xFF, 0xEA, 0xEA, 0xEA, 0xFF, 0xEA, 0xEA, 0xEA, 0xFF,
		0xEA, 0xEA, 0xEA, 0xFF, 0xEA, 0xEA, 0xEA, 0xFF, 0xEA, 0xEA, 0xEA, 0xFF, 0xEA, 0xEA, 0xEA, 0xFF,
		0xEA, 0xEA, 0xEA, 0xFF, 0xEA, 0xEA, 0xEA, 0xFF, 0xEE, 0x0E, 0x0F, 0xFF, 0xEE, 0x0E, 0x0F, 0xFF,
		0xEE, 0x0E, 0x0F, 0xFF, 0xEE, 0x0E, 0x0F, 0xFF, 0xEE, 0x0E, 0x0F, 0xFF, 0xEE, 0x0E, 0x0F, 0xFF,
		0xEE, 0x0E, 0x0F, 0xFF, 0xEE, 0x0E, 0x0F, 0xFF, 0xEE, 0x0E, 0x0F, 0xFF, 0xEE, 0x0E, 0x0F, 0xFF,
		0x0C, 0xEC, 0x0D, 0xFF, 0x0C, 0xEC, 0x0D, 0xFF, 0x0C, 0xEC, 0x0D, 0xFF, 0x0C, 0xEC, 0x0D, 0xFF,
		0x0C, 0xEC, 0x0D, 0xFF, 0x0C, 0xEC, 0x0D, 0xFF, 0x0C, 0xEC, 0x0D, 0xFF, 0x0C, 0xEC, 0x0D, 0xFF,
		0x0C, 0xEC, 0x0D, 0xFF, 0x0C, 0xEC, 0x0D, 0xFF, 0x0D, 0x0F, 0xEA, 0xFF, 0x0D, 0x0F, 0xEA, 0xFF,
		0x0D, 0x0F, 0xEA, 0xFF, 0x0D, 0x0F, 0xEA, 0xFF, 0x0D, 0x0F, 0xEA, 0xFF, 0x0D, 0x0F, 0xEA, 0xFF,
		0x0D, 0x0F, 0xEA, 0xFF, 0x0D, 0x0F, 0xEA, 0xFF, 0x0D, 0x0F, 0xEA, 0xFF, 0x0D, 0x0F, 0xEA, 0xFF,
		0xEA, 0xEA, 0xEA, 0xFF, 0xEA, 0xEA, 0xEA, 0xFF, 0xEA, 0xEA, 0xEA, 0xFF, 0xEA, 0xEA, 0xEA, 0xFF,
		0xEA, 0xEA, 0xEA, 0xFF, 0xEA, 0xEA, 0xEA, 0xFF, 0xEA, 0xEA, 0xEA, 0xFF, 0xEA, 0xEA, 0xEA, 0xFF,
		0xEA, 0xEA, 0xEA, 0xFF, 0xEA, 0xEA, 0xEA, 0xFF, 0x10, 0x10, 0x10, 0xFF, 0x10, 0x10, 0x10, 0xFF,
		0x10, 0x10, 0x10, 0xFF, 0x10, 0x10, 0x10, 0xFF, 0x10, 0x10, 0x10, 0xFF, 0x10, 0x10, 0x10, 0xFF,
		0x10, 0x10, 0x10, 0xFF, 0x10, 0x10, 0x10, 0xFF, 0x10, 0x10, 0x10, 0xFF, 0x10, 0x10, 0x10, 0xFF,
		0xEA, 0xEA, 0x0E, 0xFF, 0xEA, 0xEA, 0x0E, 0xFF, 0xEA, 0xEA, 0x0E, 0xFF, 0xEA, 0xEA, 0x0E, 0xFF,
		0xEA, 0xEA, 0xEA, 0xFF, 0xEA, 0xEA, 0xEA, 0xFF, 0xEA, 0xEA, 0xEA, 0xFF, 0xEA, 0xEA, 0xEA, 0xFF,
		0xEA, 0xEA, 0xEA, 0xFF, 0xEA, 0xEA, 0xEA, 0xFF, 0xEA, 0xEA, 0xEA, 0xFF, 0xEA, 0xEA, 0xEA, 0xFF,
		0xEA, 0xEA, 0xEA, 0xFF, 0xEA, 0xEA, 0xEA, 0xFF, 0xEE, 0x0E, 0x0F, 0xFF, 0xEE, 0x0E, 0x0F, 0xFF,
		0xEE, 0x0E, 0x0F, 0xFF, 0xEE, 0x0E, 0x0F, 0xFF, 0xEE, 0x0E, 0x0F, 0xFF, 0xEE, 0x0E, 0x0F, 0xFF,
		0xEE, 0x0E, 0x0F, 0xFF, 0xEE, 0x0E, 0x0F, 0xFF, 0xEE, 0x0E, 0x0F, 0xFF, 0xEE, 0x0E, 0x0F, 0xFF,
		0x0C, 0xEC, 0x0D, 0xFF, 0x0C, 0xEC, 0x0D, 0xFF, 0x0C, 0xEC, 0x0D, 0xFF, 0x0C, 0xEC, 0x0D, 0xFF,
		0x0C, 0xEC, 0x0D, 0xFF, 0x0C, 0xEC, 0x0D, 0xFF, 0x0C, 0xEC, 0x0D, 0xFF, 0x0C, 0xEC, 0x0D, 0xFF,
		0x0C, 0xEC, 0x0D, 0xFF, 0x0C, 0xEC, 0x0D, 0xFF, 0x0D, 0x0F, 0xEA, 0xFF, 0x0D, 0x0F, 0xEA, 0xFF,
		0x0D, 0x0F, 0xEA, 0xFF, 0x0D, 0x0F, 0xEA, 0xFF, 0x0D, 0x0F, 0xEA, 0xFF, 0x0D, 0x0F, 0xEA, 0xFF,
		0x0D, 0x0F, 0xEA, 0xFF, 0x0D, 0x0F, 0xEA, 0xFF, 0x0D, 0x0F, 0xEA, 0xFF, 0x0D, 0x0F, 0xEA, 0xFF,
		0xEA, 0xEA, 0xEA, 0xFF, 0xEA, 0xEA, 0xEA, 0xFF, 0xEA, 0xEA, 0xEA, 0xFF, 0xEA, 0xEA, 0xEA, 0xFF,
		0xEA, 0xEA, 0xEA, 0xFF, 0xEA, 0xEA, 0xEA, 0xFF, 0xEA, 0xEA, 0xEA, 0xFF, 0xEA, 0xEA, 0xEA, 0xFF,
		0xEA, 0xEA, 0xEA, 0xFF, 0xEA, 0xEA, 0xEA, 0xFF, 0x10, 0x10, 0x10, 0xFF, 0x10, 0x10, 0x10, 0xFF,
		0x10, 0x10, 0x10, 0xFF, 0x10, 0x10, 0x10, 0xFF, 0x10, 0x10, 0x10, 0xFF, 0x10, 0x10, 0x10, 0xFF,
		0x10, 0x10, 0x10, 0xFF, 0x10, 0x10, 0x10, 0xFF, 0x10, 0x10, 0x10, 0xFF, 0x10, 0x10, 0x10, 0xFF,
		0xEA, 0xEA, 0x0E, 0xFF, 0xEA, 0xEA, 0x0E, 0xFF, 0xEA, 0xEA, 0x0E, 0xFF, 0xEA, 0xEA, 0x0E, 0xFF,
		0xEA, 0xEA, 0xEA, 0xFF, 0xEA, 0xEA, 0xEA, 0xFF, 0xEA, 0xEA, 0xEA, 0xFF, 0xEA, 0xEA, 0xEA, 0xFF,
		0xEA, 0xEA, 0xEA, 0xFF, 0xEA, 0xEA, 0xEA, 0xFF, 0xEA, 0xEA, 0xEA, 0xFF, 0xEA, 0xEA, 0xEA, 0xFF,
		0xEA, 0xEA, 0xEA, 0xFF, 0xEA, 0xEA, 0xEA, 0xFF, 0xEE, 0x0E, 0x0F, 0xFF, 0xEE, 0x0E, 0x0F, 0xFF,
		0xEE, 0x0E, 0x0F, 0xFF, 0xEE, 0x0E, 0x0F, 0xFF, 0xEE, 0x0E, 0x0F, 0xFF, 0xEE, 0x0E, 0x0F, 0xFF,
		0xEE, 0x0E, 0x0F, 0xFF, 0xEE, 0x0E, 0x0F, 0xFF, 0xEE, 0x0E, 0x0F, 0xFF, 0xEE, 0x0E, 0x0F, 0xFF,
		0x0C, 0xEC, 0x0D, 0xFF, 0x0C, 0xEC, 0x0D, 0xFF, 0x0C, 0xEC, 0x0D, 0xFF, 0x0C, 0xEC, 0x0D, 0xFF,
		0x0C, 0xEC, 0x0D, 0xFF, 0x0C, 0xEC, 0x0D, 0xFF, 0x0C, 0xEC, 0x0D, 0xFF, 0x0C, 0xEC, 0x0D, 0xFF,
		0x0C, 0xEC, 0x0D, 0xFF, 0x0C, 0xEC, 0x0D, 0xFF, 0x0D, 0x0F, 0xEA, 0xFF, 0x0D, 0x0F, 0xEA, 0xFF,
		0x0D, 0x0F, 0xEA, 0xFF, 0x0D, 0x0F, 0xEA, 0xFF, 0x0D, 0x0F, 0xEA, 0xFF, 0x0D, 0x0F, 0xEA, 0xFF,
		0x0D, 0x0F, 0xEA, 0xFF, 0x0D, 0x0F, 0xEA, 0xFF, 0x0D, 0x0F, 0xEA, 0xFF, 0x0D, 0x0F, 0xEA, 0xFF,
		0xEA, 0xEA, 0xEA, 0xFF, 0xEA, 0xEA, 0xEA, 0xFF, 0xEA, 0xEA, 0xEA, 0xFF, 0xEA, 0xEA, 0xEA, 0xFF,
		0xEA, 0xEA, 0xEA, 0xFF, 0xEA, 0xEA, 0xEA, 0xFF, 0xEA, 0xEA, 0xEA, 0xFF, 0xEA, 0xEA, 0xEA, 0xFF,
		0xEA, 0xEA, 0xEA, 0xFF, 0xEA, 0xEA, 0xEA, 0xFF, 0x10, 0x10, 0x10, 0xFF, 0x10, 0x10, 0x10, 0xFF,
		0x10, 0x10, 0x10, 0xFF, 0x10, 0x10, 0x10, 0xFF, 0x10, 0x10, 0x10, 0xFF, 0x10, 0x10, 0x10, 0xFF,
		0x10, 0x10, 0x10, 0xFF, 0x10, 0x10, 0x10, 0xFF, 0x10, 0x10, 0x10, 0xFF, 0x10, 0x10, 0x10, 0xFF,
		0xEA, 0xEA, 0x0E, 0xFF, 0xEA, 0xEA, 0x0E, 0xFF, 0xEA, 0xEA, 0x0E, 0xFF, 0xEA, 0xEA, 0x0E, 0xFF,
		0xEA, 0xEA, 0xEA, 0xFF, 0xEA, 0xEA, 0xEA, 0xFF, 0xEA, 0xEA, 0xEA, 0xFF, 0xEA, 0xEA, 0xEA, 0xFF,
		0xEA, 0xEA, 0xEA, 0xFF, 0xEA, 0xEA, 0xEA, 0xFF, 0xEA, 0xEA, 0xEA, 0xFF, 0xEA, 0xEA, 0xEA, 0xFF,
		0xEA, 0xEA, 0xEA, 0xFF, 0xEA, 0xEA, 0xEA, 0xFF, 0xEE, 0x0E, 0x0F, 0xFF, 0xEE, 0x0E, 0x0F, 0xFF,
		0xEE, 0x0E, 0x0F, 0xFF, 0xEE, 0x0E, 0x0F, 0xFF, 0xEE, 0x0E, 0x0F, 0xFF, 0xEE, 0x0E, 0x0F, 0xFF,
		0xEE, 0x0E, 0x0F, 0xFF, 0xEE, 0x0E, 0x0F, 0xFF, 0xEE, 0x0E, 0x0F, 0xFF, 0xEE, 0x0E, 0x0F, 0xFF,
		0x0C, 0xEC, 0x0D, 0xFF, 0x0C, 0xEC, 0x0D, 0xFF, 0x0C, 0xEC, 0x0D, 0xFF, 0x0C, 0xEC, 0x0D, 0xFF,
		0x0C, 0xEC, 0x0D, 0xFF, 0x0C, 0xEC, 0x0D, 0xFF, 0x0C, 0xEC, 0x0D, 0xFF, 0x0C, 0xEC, 0x0D, 0xFF,
		0x0C, 0xEC, 0x0D, 0xFF, 0x0C, 0xEC, 0x0D, 0xFF, 0x0D, 0x0F, 0xEA, 0xFF, 0x0D, 0x0F, 0xEA, 0xFF,
		0x0D, 0x0F, 0xEA, 0xFF, 0x0D, 0x0F, 0xEA, 0xFF, 0x0D, 0x0F, 0xEA, 0xFF, 0x0D, 0x0F, 0xEA, 0xFF,
		0x0D, 0x0F, 0xEA, 0xFF, 0x0D, 0x0F, 0xEA, 0xFF, 0x0D, 0x0F, 0xEA, 0xFF, 0x0D, 0x0F, 0xEA, 0xFF,
		0xEA, 0xEA, 0xEA, 0xFF, 0xEA, 0xEA, 0xEA, 0xFF, 0xEA, 0xEA, 0xEA, 0xFF, 0xEA, 0xEA, 0xEA, 0xFF,
		0xEA, 0xEA, 0xEA, 0xFF, 0xEA, 0xEA, 0xEA, 0xFF, 0xEA, 0xEA, 0xEA, 0xFF, 0xEA, 0xEA, 0xEA, 0xFF,
		0xEA, 0xEA, 0xEA, 0xFF, 0xEA, 0xEA, 0xEA, 0xFF, 0x10, 0x10, 0x10, 0xFF, 0x10, 0x10, 0x10, 0xFF,
		0x10, 0x10, 0x10, 0xFF, 0x10, 0x10, 0x10, 0xFF, 0x10, 0x10, 0x10, 0xFF, 0x10, 0x10, 0x10, 0xFF,
		0x10, 0x10, 0x10, 0xFF, 0x10, 0x10, 0x10, 0xFF, 0x10, 0x10, 0x10, 0xFF, 0x10, 0x10, 0x10, 0xFF,
		0xEA, 0xEA, 0x0E, 0xFF, 0xEA, 0xEA, 0x0E, 0xFF, 0xEA, 0xEA, 0x0E, 0xFF, 0xEA, 0xEA, 0x0E, 0xFF,
		0xEA, 0xEA, 0xEA, 0xFF, 0xEA, 0xEA, 0xEA, 0xFF, 0xEA, 0xEA, 0xEA, 0xFF, 0xEA, 0xEA, 0xEA, 0xFF,
		0xEA, 0xEA, 0xEA, 0xFF, 0xEA, 0xEA, 0xEA, 0xFF, 0xEA, 0xEA, 0xEA, 0xFF, 0xEA, 0xEA, 0xEA, 0xFF,
		0xEA, 0xEA, 0xEA, 0xFF, 0xEA, 0xEA, 0xEA, 0xFF, 0xEE, 0x0E, 0x0F, 0xFF, 0xEE, 0x0E, 0x0F, 0xFF,
		0xEE, 0x0E, 0x0F, 0xFF, 0xEE, 0x0E, 0x0F, 0xFF, 0xEE, 0x0E, 0x0F, 0xFF, 0xEE, 0x0E, 0x0F, 0xFF,
		0xEE, 0x0E, 0x0F, 0xFF, 0xEE, 0x0E, 0x0F, 0xFF, 0xEE, 0x0E, 0x0F, 0xFF, 0xEE, 0x0E, 0x0F, 0xFF,
		0x0C, 0xEC, 0x0D, 0xFF, 0x0C, 0xEC, 0x0D, 0xFF, 0x0C, 0xEC, 0x0D, 0xFF, 0x0C, 0xEC, 0x0D, 0xFF,
		0x0C, 0xEC, 0x0D, 0xFF, 0x0C, 0xEC, 0x0D, 0xFF, 0x0C, 0xEC, 0x0D, 0xFF, 0x0C, 0xEC, 0x0D, 0xFF,
		0x0C, 0xEC, 0x0D, 0xFF, 0x0C, 0xEC, 0x0D, 0xFF, 0x0D, 0x0F, 0xEA, 0xFF, 0x0D, 0x0F, 0xEA, 0xFF,
		0x0D, 0x0F, 0xEA, 0xFF, 0x0D, 0x0F, 0xEA, 0xFF, 0x0D, 0x0F, 0xEA, 0xFF, 0x0D, 0x0F, 0xEA, 0xFF,
		0x0D, 0x0F, 0xEA, 0xFF, 0x0D, 0x0F, 0xEA, 0xFF, 0x0D, 0x0F, 0xEA, 0xFF, 0x0D, 0x0F, 0xEA, 0xFF,
		0xEA, 0xEA, 0xEA, 0xFF, 0xEA, 0xEA, 0xEA, 0xFF, 0xEA, 0xEA, 0xEA, 0xFF, 0xEA, 0xEA, 0xEA, 0xFF,
		0xEA, 0xEA, 0xEA, 0xFF, 0xEA, 0xEA, 0xEA, 0xFF, 0xEA, 0xEA, 0xEA, 0xFF, 0xEA, 0xEA, 0xEA, 0xFF,
		0xEA, 0xEA, 0xEA, 0xFF, 0xEA, 0xEA, 0xEA, 0xFF, 0x10, 0x10, 0x10, 0xFF, 0x10, 0x10, 0x10, 0xFF,
		0x10, 0x10, 0x10, 0xFF, 0x10, 0x10, 0x10, 0xFF, 0x10, 0x10, 0x10, 0xFF, 0x10, 0x10, 0x10, 0xFF,
		0x10, 0x10, 0x10, 0xFF, 0x10, 0x10, 0x10, 0xFF, 0x10, 0x10, 0x10, 0xFF, 0x10, 0x10, 0x10, 0xFF,
		0xEA, 0xEA, 0x0E, 0xFF, 0xEA, 0xEA, 0x0E, 0xFF, 0xEA, 0xEA, 0x0E, 0xFF, 0xEA, 0xEA, 0x0E, 0xFF,
		0xEA, 0xEA, 0xEA, 0xFF, 0xEA, 0xEA, 0xEA, 0xFF, 0xEA, 0xEA, 0xEA, 0xFF, 0xEA, 0xEA, 0xEA, 0xFF,
		0xEA, 0xEA, 0xEA, 0xFF, 0xEA, 0xEA, 0xEA, 0xFF, 0xEA, 0xEA, 0xEA, 0xFF, 0xEA, 0xEA, 0xEA, 0xFF,
		0xEA, 0xEA, 0xEA, 0xFF, 0xEA, 0xEA, 0xEA, 0xFF, 0xEE, 0x0E, 0x0F, 0xFF, 0xEE, 0x0E, 0x0F, 0xFF,
		0xEE, 0x0E, 0x0F, 0xFF, 0xEE, 0x0E, 0x0F, 0xFF, 0xEE, 0x0E, 0x0F, 0xFF, 0xEE, 0x0E, 0x0F, 0xFF,
		0xEE, 0x0E, 0x0F, 0xFF, 0xEE, 0x0E, 0x0F, 0xFF, 0xEE, 0x0E, 0x0F, 0xFF, 0xEE, 0x0E, 0x0F, 0xFF,
		0x0C, 0xEC, 0x0D, 0xFF, 0x0C, 0xEC, 0x0D, 0xFF, 0x0C, 0xEC, 0x0D, 0xFF, 0x0C, 0xEC, 0x0D, 0xFF,
		0x0C, 0xEC, 0x0D, 0xFF, 0x0C, 0xEC, 0x0D, 0xFF, 0x0C, 0xEC, 0x0D, 0xFF, 0x0C, 0xEC, 0x0D, 0xFF,
		0x0C, 0xEC, 0x0D, 0xFF, 0x0C, 0xEC, 0x0D, 0xFF, 0x0D, 0x0F, 0xEA, 0xFF, 0x0D, 0x0F, 0xEA, 0xFF,
		0x0D, 0x0F, 0xEA, 0xFF, 0x0D, 0x0F, 0xEA, 0xFF, 0x0D, 0x0F, 0xEA, 0xFF, 0x0D, 0x0F, 0xEA, 0xFF,
		0x0D, 0x0F, 0xEA, 0xFF, 0x0D, 0x0F, 0xEA, 0xFF, 0x0D, 0x0F, 0xEA, 0xFF, 0x0D, 0x0F, 0xEA, 0xFF,
		0xEA, 0xEA, 0xEA, 0xFF, 0xEA, 0xEA, 0xEA, 0xFF, 0xEA, 0xEA, 0xEA, 0xFF, 0xEA, 0xEA, 0xEA, 0xFF,
		0xEA, 0xEA, 0xEA, 0xFF, 0xEA, 0xEA, 0xEA, 0xFF, 0xEA, 0xEA, 0xEA, 0xFF, 0xEA, 0xEA, 0xEA, 0xFF,
		0xEA, 0xEA, 0xEA, 0xFF, 0xEA, 0xEA, 0xEA, 0xFF, 0x10, 0x10, 0x10, 0xFF, 0x10, 0x10, 0x10, 0xFF,
		0x10, 0x10, 0x10, 0xFF, 0x10, 0x10, 0x10, 0xFF, 0x10, 0x10, 0x10, 0xFF, 0x10, 0x10, 0x10, 0xFF,
		0x10, 0x10, 0x10, 0xFF, 0x10, 0x10, 0x10, 0xFF, 0x10, 0x10, 0x10, 0xFF, 0x10, 0x10, 0x10, 0xFF,
		0xEA, 0xEA, 0x0E, 0xFF, 0xEA, 0xEA, 0x0E, 0xFF, 0xEA, 0xEA, 0x0E, 0xFF, 0xEA, 0xEA, 0x0E, 0xFF,
		0xEA, 0xEA, 0xEA, 0xFF, 0xEA, 0xEA, 0xEA, 0xFF, 0xEA, 0xEA, 0xEA, 0xFF, 0xEA, 0xEA, 0xEA, 0xFF,
		0xEA, 0xEA, 0xEA, 0xFF, 0xEA, 0xEA, 0xEA, 0xFF, 0xEA, 0xEA, 0xEA, 0xFF, 0xEA, 0xEA, 0xEA, 0xFF,
		0xEA, 0xEA, 0xEA, 0xFF, 0xEA, 0xEA, 0xEA, 0xFF, 0xEE, 0x0E, 0x0F, 0xFF, 0xEE, 0x0E, 0x0F, 0xFF,
		0xEE, 0x0E, 0x0F, 0xFF, 0xEE, 0x0E, 0x0F, 0xFF, 0xEE, 0x0E, 0x0F, 0xFF, 0xEE, 0x0E, 0x0F, 0xFF,
		0xEE, 0x0E, 0x0F, 0xFF, 0xEE, 0x0E, 0x0F, 0xFF, 0xEE, 0x0E, 0x0F, 0xFF, 0xEE, 0x0E, 0x0F, 0xFF,
		0x0C, 0xEC, 0x0D, 0xFF, 0x0C, 0xEC, 0x0D, 0xFF, 0x0C, 0xEC, 0x0D, 0xFF, 0x0C, 0xEC, 0x0D, 0xFF,
		0x0C, 0xEC, 0x0D, 0xFF, 0x0C, 0xEC, 0x0D, 0xFF, 0x0C, 0xEC, 0x0D, 0xFF, 0x0C, 0xEC, 0x0D, 0xFF,
		0x0C, 0xEC, 0x0D, 0xFF, 0x0C, 0xEC, 0x0D, 0xFF, 0x0D, 0x0F, 0xEA, 0xFF, 0x0D, 0x0F, 0xEA, 0xFF,
		0x0D, 0x0F, 0xEA, 0xFF, 0x0D, 0x0F, 0xEA, 0xFF, 0x0D, 0x0F, 0xEA, 0xFF, 0x0D, 0x0F, 0xEA, 0xFF,
		0x0D, 0x0F, 0xEA, 0xFF, 0x0D, 0x0F, 0xEA, 0xFF, 0x0D, 0x0F, 0xEA, 0xFF, 0x0D, 0x0F, 0xEA, 0xFF,
		0xEA, 0xEA, 0xEA, 0xFF, 0xEA, 0xEA, 0xEA, 0xFF, 0xEA, 0xEA, 0xEA, 0xFF, 0xEA, 0xEA, 0xEA, 0xFF,
		0xEA, 0xEA, 0xEA, 0xFF, 0xEA, 0xEA, 0xEA, 0xFF, 0xEA, 0xEA, 0xEA, 0xFF, 0xEA, 0xEA, 0xEA, 0xFF,
		0xEA, 0xEA, 0xEA, 0xFF, 0xEA, 0xEA, 0xEA, 0xFF, 0x10, 0x10, 0x10, 0xFF, 0x10, 0x10, 0x10, 0xFF,
		0x10, 0x10, 0x10, 0xFF, 0x10, 0x10, 0x10, 0xFF, 0x10, 0x10, 0x10, 0xFF, 0x10, 0x10, 0x10, 0xFF,
		0x10, 0x10, 0x10, 0xFF, 0x10, 0x10, 0x10, 0xFF, 0x10, 0x10, 0x10, 0xFF, 0x10, 0x10, 0x10, 0xFF,
		0xEA, 0xEA, 0x0E, 0xFF, 0xEA, 0xEA, 0x0E, 0xFF, 0xEA, 0xEA, 0x0E, 0xFF, 0xEA, 0xEA, 0x0E, 0xFF,
		0xEA, 0xEA, 0xEA, 0xFF, 0xEA, 0xEA, 0xEA, 0xFF, 0xEA, 0xEA, 0xEA, 0xFF, 0xEA, 0xEA, 0xEA, 0xFF,
		0xEA, 0xEA, 0xEA, 0xFF, 0xEA, 0xEA, 0xEA, 0xFF, 0xEA, 0xEA, 0xEA, 0xFF, 0xEA, 0xEA, 0xEA, 0xFF,
		0xEA, 0xEA, 0xEA, 0xFF, 0xEA, 0xEA, 0xEA, 0xFF, 0xEE, 0x0E, 0x0F, 0xFF, 0xEE, 0x0E, 0x0F, 0xFF,
		0xEE, 0x0E, 0x0F, 0xFF, 0xEE, 0x0E, 0x0F, 0xFF, 0xEE, 0x0E, 0x0F, 0xFF, 0xEE, 0x0E, 0x0F, 0xFF,
		0xEE, 0x0E, 0x0F, 0xFF, 0xEE, 0x0E, 0x0F, 0xFF, 0xEE, 0x0E, 0x0F, 0xFF, 0xEE, 0x0E, 0x0F, 0xFF,
		0x0C, 0xEC, 0x0D, 0xFF, 0x0C, 0xEC, 0x0D, 0xFF, 0x0C, 0xEC, 0x0D, 0xFF, 0x0C, 0xEC, 0x0D, 0xFF,
		0x0C, 0xEC, 0x0D, 0xFF, 0x0C, 0xEC, 0x0D, 0xFF, 0x0C, 0xEC, 0x0D, 0xFF, 0x0C, 0xEC, 0x0D, 0xFF,
		0x0C, 0xEC, 0x0D, 0xFF, 0x0C, 0xEC, 0x0D, 0xFF, 0x0D, 0x0F, 0xEA, 0xFF, 0x0D, 0x0F, 0xEA, 0xFF,
		0x0D, 0x0F, 0xEA, 0xFF, 0x0D, 0x0F, 0xEA, 0xFF, 0x0D, 0x0F, 0xEA, 0xFF, 0x0D, 0x0F, 0xEA, 0xFF,
		0x0D, 0x0F, 0xEA, 0xFF, 0x0D, 0x0F, 0xEA, 0xFF, 0x0D, 0x0F, 0xEA, 0xFF, 0x0D, 0x0F, 0xEA, 0xFF,
		0xEA, 0xEA, 0xEA, 0xFF, 0xEA, 0xEA, 0xEA, 0xFF, 0xEA, 0xEA, 0xEA, 0xFF, 0xEA, 0xEA, 0xEA, 0xFF,
		0xEA, 0xEA, 0xEA, 0xFF, 0xEA, 0xEA, 0xEA, 0xFF, 0xEA, 0xEA, 0xEA, 0xFF, 0xEA, 0xEA, 0xEA, 0xFF,
		0xEA, 0xEA, 0xEA, 0xFF, 0xEA, 0xEA, 0xEA, 0xFF, 0x10, 0x10, 0x10, 0xFF, 0x10, 0x10, 0x10, 0xFF,
		0x10, 0x10, 0x10, 0xFF, 0x10, 0x10, 0x10, 0xFF, 0x10, 0x10, 0x10, 0xFF, 0x10, 0x10, 0x10, 0xFF,
		0x10, 0x10, 0x10, 0xFF, 0x10, 0x10, 0x10, 0xFF, 0x10, 0x10, 0x10, 0xFF, 0x10, 0x10, 0x10, 0xFF,
		0xEA, 0xEA, 0x0E, 0xFF, 0xEA, 0xEA, 0x0E, 0xFF, 0xEA, 0xEA, 0x0E, 0xFF, 0xEA, 0xEA, 0x0E, 0xFF,
		0xEA, 0xEA, 0xEA, 0xFF, 0xEA, 0xEA, 0xEA, 0xFF, 0xEA, 0xEA, 0xEA, 0xFF, 0xEA, 0xEA, 0xEA, 0xFF,
		0xEA, 0xEA, 0xEA, 0xFF, 0xEA, 0xEA, 0xEA, 0xFF, 0xEA, 0xEA, 0xEA, 0xFF, 0xEA, 0xEA, 0xEA, 0xFF,
		0xEA, 0xEA, 0xEA, 0xFF, 0xEA, 0xEA, 0xEA, 0xFF, 0xEE, 0x0E, 0x0F, 0xFF, 0xEE, 0x0E, 0x0F, 0xFF,
		0xEE, 0x0E, 0x0F, 0xFF, 0xEE, 0x0E, 0x0F, 0xFF, 0xEE, 0x0E, 0x0F, 0xFF, 0xEE, 0x0E, 0x0F, 0xFF,
		0xEE, 0x0E, 0x0F, 0xFF, 0xEE, 0x0E, 0x0F, 0xFF, 0xEE, 0x0E, 0x0F, 0xFF, 0xEE, 0x0E, 0x0F, 0xFF,
		0x0C, 0xEC, 0x0D, 0xFF, 0x0C, 0xEC, 0x0D, 0xFF, 0x0C, 0xEC, 0x0D, 0xFF, 0x0C, 0xEC, 0x0D, 0xFF,
		0x0C, 0xEC, 0x0D, 0xFF, 0x0C, 0xEC, 0x0D, 0xFF, 0x0C, 0xEC, 0x0D, 0xFF, 0x0C, 0xEC, 0x0D, 0xFF,
		0x0C, 0xEC, 0x0D, 0xFF, 0x0C, 0xEC, 0x0D, 0xFF, 0x0D, 0x0F, 0xEA, 0xFF, 0x0D, 0x0F, 0xEA, 0xFF,
		0x0D, 0x0F, 0xEA, 0xFF, 0x0D, 0x0F, 0xEA, 0xFF, 0x0D, 0x0F, 0xEA, 0xFF, 0x0D, 0x0F, 0xEA, 0xFF,
		0x0D, 0x0F, 0xEA, 0xFF, 0x0D, 0x0F, 0xEA, 0xFF, 0x0D, 0x0F, 0xEA, 0xFF, 0x0D, 0x0F, 0xEA, 0xFF,
		0xEA, 0xEA, 0xEA, 0xFF, 0xEA, 0xEA, 0xEA, 0xFF, 0xEA, 0xEA, 0xEA, 0xFF, 0xEA, 0xEA, 0xEA, 0xFF,
		0xEA, 0xEA, 0xEA, 0xFF, 0xEA, 0xEA, 0xEA, 0xFF, 0xEA, 0xEA, 0xEA, 0xFF, 0xEA, 0xEA, 0xEA, 0xFF,
		0xEA, 0xEA, 0xEA, 0xFF, 0xEA, 0xEA, 0xEA, 0xFF, 0x10, 0x10, 0x10, 0xFF, 0x10, 0x10, 0x10, 0xFF,
		0x10, 0x10, 0x10, 0xFF, 0x10, 0x10, 0x10, 0xFF, 0x10, 0x10, 0x10, 0xFF, 0x10, 0x10, 0x10, 0xFF,
		0x10, 0x10, 0x10, 0xFF, 0x10, 0x10, 0x10, 0xFF, 0x10, 0x10, 0x10, 0xFF, 0x10, 0x10, 0x10, 0xFF,
		0xEA, 0xEA, 0x0E, 0xFF, 0xEA, 0xEA, 0x0E, 0xFF, 0xEA, 0xEA, 0x0E, 0xFF, 0xEA, 0xEA, 0x0E, 0xFF,
		0xEA, 0xEA, 0xEA, 0xFF, 0xEA, 0xEA, 0xEA, 0xFF, 0xEA, 0xEA, 0xEA, 0xFF, 0xEA, 0xEA, 0xEA, 0xFF,
		0xEA, 0xEA, 0xEA, 0xFF, 0xEA, 0xEA, 0xEA, 0xFF, 0xEA, 0xEA, 0xEA, 0xFF, 0xEA, 0xEA, 0xEA, 0xFF,
		0xEA, 0xEA, 0xEA, 0xFF, 0xEA, 0xEA, 0xEA, 0xFF, 0xEE, 0x0E, 0x0F, 0xFF, 0xEE, 0x0E, 0x0F, 0xFF,
		0xEE, 0x0E, 0x0F, 0xFF, 0xEE, 0x0E, 0x0F, 0xFF, 0xEE, 0x0E, 0x0F, 0xFF, 0xEE, 0x0E, 0x0F, 0xFF,
		0xEE, 0x0E, 0x0F, 0xFF, 0xEE, 0x0E, 0x0F, 0xFF, 0xEE, 0x0E, 0x0F, 0xFF, 0xEE, 0x0E, 0x0F, 0xFF,
		0x0C, 0xEC, 0x0D, 0xFF, 0x0C, 0xEC, 0x0D, 0xFF, 0x0C, 0xEC, 0x0D, 0xFF, 0x0C, 0xEC, 0x0D, 0xFF,
		0x0C, 0xEC, 0x0D, 0xFF, 0x0C, 0xEC, 0x0D, 0xFF, 0x0C, 0xEC, 0x0D, 0xFF, 0x0C, 0xEC, 0x0D, 0xFF,
		0x0C, 0xEC, 0x0D, 0xFF, 0x0C, 0xEC, 0x0D, 0xFF, 0x0D, 0x0F, 0xEA, 0xFF, 0x0D, 0x0F, 0xEA, 0xFF,
		0x0D, 0x0F, 0xEA, 0xFF, 0x0D, 0x0F, 0xEA, 0xFF, 0x0D, 0x0F, 0xEA, 0xFF, 0x0D, 0x0F, 0xEA, 0xFF,
		0x0D, 0x0F, 0xEA, 0xFF, 0x0D, 0x0F, 0xEA, 0xFF, 0x0D, 0x0F, 0xEA, 0xFF, 0x0D, 0x0F, 0xEA, 0xFF,
		0xEA, 0xEA, 0xEA, 0xFF, 0xEA, 0xEA, 0xEA, 0xFF, 0xEA, 0xEA, 0xEA, 0xFF, 0xEA, 0xEA, 0xEA, 0xFF,
		0xEA, 0xEA, 0xEA, 0xFF, 0xEA, 0xEA, 0xEA, 0xFF, 0xEA, 0xEA, 0xEA, 0xFF, 0xEA, 0xEA, 0xEA, 0xFF,
		0xEA, 0xEA, 0xEA, 0xFF, 0xEA, 0xEA, 0xEA, 0xFF, 0x10, 0x10, 0x10, 0xFF, 0x10, 0x10, 0x10, 0xFF,
		0x10, 0x10, 0x10, 0xFF, 0x10, 0x10, 0x10, 0xFF, 0x10, 0x10, 0x10, 0xFF, 0x10, 0x10, 0x10, 0xFF,
		0x10, 0x10, 0x10, 0xFF, 0x10, 0x10, 0x10, 0xFF, 0x10, 0x10, 0x10, 0xFF, 0x10, 0x10, 0x10, 0xFF,
		0xEA, 0xEA, 0x0E, 0xFF, 0xEA, 0xEA, 0x0E, 0xFF, 0xEA, 0xEA, 0x0E, 0xFF, 0xEA, 0xEA, 0x0E, 0xFF,
		0xEE, 0x0E, 0x0F, 0xFF, 0xEE, 0x0E, 0x0F, 0xFF, 0xEE, 0x0E, 0x0F, 0xFF, 0xEE, 0x0E, 0x0F, 0xFF,
		0xEE, 0x0E, 0x0F, 0xFF, 0xEE, 0x0E, 0x0F, 0xFF, 0xEE, 0x0E, 0x0F, 0xFF, 0xEE, 0x0E, 0x0F, 0xFF,
		0xEE, 0x0E, 0x0F, 0xFF, 0xEE, 0x0E, 0x0F, 0xFF, 0xEE, 0x0E, 0x0F, 0xFF, 0xEE, 0x0E, 0x0F, 0xFF,
		0xEE, 0x0E, 0x0F, 0xFF, 0xEE, 0x0E, 0x0F, 0xFF, 0xEE, 0x0E, 0x0F, 0xFF, 0xEE, 0x0E, 0x0F, 0xFF,
		0xEE, 0x0E, 0x0F, 0xFF, 0xEE, 0x0E, 0x0F, 0xFF, 0xEE, 0x0E, 0x0F, 0xFF, 0xEE, 0x0E, 0x0F, 0xFF,
		0xEE, 0x0E, 0x0F, 0xFF, 0xEE, 0x0E, 0x0F, 0xFF, 0xEE, 0x0E, 0x0F, 0xFF, 0xEE, 0x0E, 0x0F, 0xFF,
		0xEE, 0x0E, 0x0F, 0xFF, 0xEE, 0x0E, 0x0F, 0xFF, 0xEE, 0x0E, 0x0F, 0xFF, 0xEE, 0x0E, 0x0F, 0xFF,
		0xEE, 0x0E, 0x0F, 0xFF, 0xEE, 0x0E, 0x0F, 0xFF, 0xEE, 0x0E, 0x0F, 0xFF, 0xEE, 0x0E, 0x0F, 0xFF,
		0xEE, 0x0E, 0x0F, 0xFF, 0xEE, 0x0E, 0x0F, 0xFF, 0xEE, 0x0E, 0x0F, 0xFF, 0xEE, 0x0E, 0x0F, 0xFF,
		0xEE, 0x0E, 0x0F, 0xFF, 0xEE, 0x0E, 0x0F, 0xFF, 0xEE, 0x0E, 0x0F, 0xFF, 0xEE, 0x0E, 0x0F, 0xFF,
		0xEE, 0x0E, 0x0F, 0xFF, 0xEE, 0x0E, 0x0F, 0xFF, 0xEE, 0x0E, 0x0F, 0xFF, 0xEE, 0x0E, 0x0F, 0xFF,
		0xEE, 0x0E, 0x0F, 0xFF, 0xEE, 0x0E, 0x0F, 0xFF, 0xEE, 0x0E, 0x0F, 0xFF, 0xEE, 0x0E, 0x0F, 0xFF,
		0xEE, 0x0E, 0x0F, 0xFF, 0xEE, 0x0E, 0x0F, 0xFF, 0xEE, 0x0E, 0x0F, 0xFF, 0xEE, 0x0E, 0x0F, 0xFF,
		0xEE, 0x0E, 0x0F, 0xFF, 0xEE, 0x0E, 0x0F, 0xFF, 0xEE, 0x0E, 0x0F, 0xFF, 0xEE, 0x0E, 0x0F, 0xFF,
		0xEE, 0x0E, 0x0F, 0xFF, 0xEE, 0x0E, 0x0F, 0xFF, 0xEE, 0x0E, 0x0F, 0xFF, 0xEE, 0x0E, 0x0F, 0xFF,
		0xEE, 0x0E, 0x0F, 0xFF, 0xEE, 0x0E, 0x0F, 0xFF, 0xEE, 0x0E, 0x0F, 0xFF, 0xEE, 0x0E, 0x0F, 0xFF,
		0xEE, 0x0E, 0x0F, 0xFF, 0xEE, 0x0E, 0x0F, 0xFF, 0xEE, 0x0E, 0x0F, 0xFF, 0xEE, 0x0E, 0x0F, 0xFF,
		0xEE, 0x0E, 0x0F, 0xFF, 0xEE, 0x0E, 0x0F, 0xFF, 0xEE, 0x0E, 0x0F, 0xFF, 0xEE, 0x0E, 0x0F, 0xFF,
		0xEE, 0x0E, 0x0F, 0xFF, 0xEE, 0x0E, 0x0F, 0xFF, 0xEE, 0x0E, 0x0F, 0xFF, 0xEE, 0x0E, 0x0F, 0xFF,
		0xEE, 0x0E, 0x0F, 0xFF, 0xEE, 0x0E, 0x0F, 0xFF, 0xEE, 0x0E, 0x0F, 0xFF, 0xEE, 0x0E, 0x0F, 0xFF,
		0xEE, 0x0E, 0x0F, 0xFF, 0xEE, 0x0E, 0x0F, 0xFF, 0xEE, 0x0E, 0x0F, 0xFF, 0xEE, 0x0E, 0x0F, 0xFF,
		0xEE, 0x0E, 0x0F, 0xFF, 0xEE, 0x0E, 0x0F, 0xFF, 0xEE, 0x0E, 0x0F, 0xFF, 0xEE, 0x0E, 0x0F, 0xFF,
		0xEE, 0x0E, 0x0F, 0xFF, 0xEE, 0x0E, 0x0F, 0xFF, 0xEE, 0x0E, 0x0F, 0xFF, 0xEE, 0x0E, 0x0F, 0xFF,
		0xEE, 0x0E, 0x0F, 0xFF, 0xEE, 0x0E, 0x0F, 0xFF, 0xEE, 0x0E, 0x0F, 0xFF, 0xEE, 0x0E, 0x0F, 0xFF,
		0xEE, 0x0E, 0x0F, 0xFF, 0xEE, 0x0E, 0x0F, 0xFF, 0xEE, 0x0E, 0x0F, 0xFF, 0xEE, 0x0E, 0x0F, 0xFF,
		0xEE, 0x0E, 0x0F, 0xFF, 0xEE, 0x0E, 0x0F, 0xFF, 0xEE, 0x0E, 0x0F, 0xFF, 0xEE, 0x0E, 0x0F, 0xFF,
		0xEE, 0x0E, 0x0F, 0xFF, 0xEE, 0x0E, 0x0F, 0xFF, 0xEE, 0x0E, 0x0F, 0xFF, 0xEE, 0x0E, 0x0F, 0xFF,
		0xEE, 0x0E, 0x0F, 0xFF, 0xEE, 0x0E, 0x0F, 0xFF, 0xEE, 0x0E, 0x0F, 0xFF, 0xEE, 0x0E, 0x0F, 0xFF,
		0xEE, 0x0E, 0x0F, 0xFF, 0xEE, 0x0E, 0x0F, 0xFF, 0xEE, 0x0E, 0x0F, 0xFF, 0xEE, 0x0E, 0x0F, 0xFF,
		0xEE, 0x0E, 0x0F, 0xFF, 0xEE, 0x0E, 0x0F, 0xFF, 0xEE, 0x0E, 0x0F, 0xFF, 0xEE, 0x0E, 0x0F, 0xFF,
		0xEE, 0x0E, 0x0F, 0xFF, 0xEE, 0x0E, 0x0F, 0xFF, 0xEE, 0x0E, 0x0F, 0xFF, 0xEE, 0x0E, 0x0F, 0xFF,
		0xEE, 0x0E, 0x0F, 0xFF, 0xEE, 0x0E, 0x0F, 0xFF, 0xEE, 0x0E, 0x0F, 0xFF, 0xEE, 0x0E, 0x0F, 0xFF,
		0xEE, 0x0E, 0x0F, 0xFF, 0xEE, 0x0E, 0x0F, 0xFF, 0xEE, 0x0E, 0x0F, 0xFF, 0xEE, 0x0E, 0x0F, 0xFF,
		0xEE, 0x0E, 0x0F, 0xFF, 0xEE, 0x0E, 0x0F, 0xFF, 0xEE, 0x0E, 0x0F, 0xFF, 0xEE, 0x0E, 0x0F, 0xFF,
		0xEE, 0x0E, 0x0F, 0xFF, 0xEE, 0x0E, 0x0F, 0xFF, 0xEE, 0x0E, 0x0F, 0xFF, 0xEE, 0x0E, 0x0F, 0xFF,
		0xEE, 0x0E, 0x0F, 0xFF, 0xEE, 0x0E, 0x0F, 0xFF, 0xEE, 0x0E, 0x0F, 0xFF, 0xEE, 0x0E, 0x0F, 0xFF,
		0xEE, 0x0E, 0x0F, 0xFF, 0xEE, 0x0E, 0x0F, 0xFF, 0xEE, 0x0E, 0x0F, 0xFF, 0xEE, 0x0E, 0x0F, 0xFF,
		0xEE, 0x0E, 0x0F, 0xFF, 0xEE, 0x0E, 0x0F, 0xFF, 0xEE, 0x0E, 0x0F, 0xFF, 0xEE, 0x0E, 0x0F, 0xFF,
		0xEE, 0x0E, 0x0F, 0xFF, 0xEE, 0x0E, 0x0F, 0xFF, 0xEE, 0x0E, 0x0F, 0xFF, 0xEE, 0x0E, 0x0F, 0xFF,
		0xEE, 0x0E, 0x0F, 0xFF, 0xEE, 0x0E, 0x0F, 0xFF, 0xEE, 0x0E, 0x0F, 0xFF, 0xEE, 0x0E, 0x0F, 0xFF,
		0xEE, 0x0E, 0x0F, 0xFF, 0xEE, 0x0E, 0x0F, 0xFF, 0xEE, 0x0E, 0x0F, 0xFF, 0xEE, 0x0E, 0x0F, 0xFF,
		0xEE, 0x0E, 0x0F, 0xFF, 0xEE, 0x0E, 0x0F, 0xFF, 0xEE, 0x0E, 0x0F, 0xFF, 0xEE, 0x0E, 0x0F, 0xFF,
		0xEE, 0x0E, 0x0F, 0xFF, 0xEE, 0x0E, 0x0F, 0xFF, 0xEE, 0x0E, 0x0F, 0xFF, 0xEE, 0x0E, 0x0F, 0xFF,
		0xEE, 0x0E, 0x0F, 0xFF, 0xEE, 0x0E, 0x0F, 0xFF, 0xEE, 0x0E, 0x0F, 0xFF, 0xEE, 0x0E, 0x0F, 0xFF,
		0xEE, 0x0E, 0x0F, 0xFF, 0xEE, 0x0E, 0x0F, 0xFF, 0xEE, 0x0E, 0x0F, 0xFF, 0xEE, 0x0E, 0x0F, 0xFF,
		0xEE, 0x0E, 0x0F, 0xFF, 0xEE, 0x0E, 0x0F, 0xFF, 0xEE, 0x0E, 0x0F, 0xFF, 0xEE, 0x0E, 0x0F, 0xFF,
		0xEE, 0x0E, 0x0F, 0xFF, 0xEE, 0x0E, 0x0F, 0xFF, 0xEE, 0x0E, 0x0F, 0xFF, 0xEE, 0x0E, 0x0F, 0xFF,
		0xEE, 0x0E, 0x0F, 0xFF, 0xEE, 0x0E, 0x0F, 0xFF, 0xEE, 0x0E, 0x0F, 0xFF, 0xEE, 0x0E, 0x0F, 0xFF,
		0xEE, 0x0E, 0x0F, 0xFF, 0xEE, 0x0E, 0x0F, 0xFF, 0xEE, 0x0E, 0x0F, 0xFF, 0xEE, 0x0E, 0x0F, 0xFF,
		0xEE, 0x0E, 0x0F, 0xFF, 0xEE, 0x0E, 0x0F, 0xFF, 0xEE, 0x0E, 0x0F, 0xFF, 0xEE, 0x0E, 0x0F, 0xFF,
		0xEE, 0x0E, 0x0F, 0xFF, 0xEE, 0x0E, 0x0F, 0xFF, 0xEE, 0x0E, 0x0F, 0xFF, 0xEE, 0x0E, 0x0F, 0xFF,
		0xEE, 0x0E, 0x0F, 0xFF, 0xEE, 0x0E, 0x0F, 0xFF, 0xEE, 0x0E, 0x0F, 0xFF, 0xEE, 0x0E, 0x0F, 0xFF,
		0xEE, 0x0E, 0x0F, 0xFF, 0xEE, 0x0E, 0x0F, 0xFF, 0xEE, 0x0E, 0x0F, 0xFF, 0xEE, 0x0E, 0x0F, 0xFF,
		0xEE, 0x0E, 0x0F, 0xFF, 0xEE, 0x0E, 0x0F, 0xFF, 0xEE, 0x0E, 0x0F, 0xFF, 0xEE, 0x0E, 0x0F, 0xFF,
		0xEE, 0x0E, 0x0F, 0xFF, 0xEE, 0x0E, 0x0F, 0xFF, 0xEE, 0x0E, 0x0F, 0xFF, 0xEE, 0x0E, 0x0F, 0xFF,
		0xEE, 0x0E, 0x0F, 0xFF, 0xEE, 0x0E, 0x0F, 0xFF, 0xEE, 0x0E, 0x0F, 0xFF, 0xEE, 0x0E, 0x0F, 0xFF,
		0xEE, 0x0E, 0x0F, 0xFF, 0xEE, 0x0E, 0x0F, 0xFF, 0xEE, 0x0E, 0x0F, 0xFF, 0xEE, 0x0E, 0x0F, 0xFF,
		0xEE, 0x0E, 0x0F, 0xFF, 0xEE, 0x0E, 0x0F, 0xFF, 0xEE, 0x0E, 0x0F, 0xFF, 0xEE, 0x0E, 0x0F, 0xFF,
		0xEE, 0x0E, 0x0F, 0xFF, 0xEE, 0x0E, 0x0F, 0xFF, 0xEE, 0x0E, 0x0F, 0xFF, 0xEE, 0x0E, 0x0F, 0xFF,
		0xEE, 0x0E, 0x0F, 0xFF, 0xEE, 0x0E, 0x0F, 0xFF, 0xEE, 0x0E, 0x0F, 0xFF, 0xEE, 0x0E, 0x0F, 0xFF,
		0xEE, 0x0E, 0x0F, 0xFF, 0xEE, 0x0E, 0x0F, 0xFF, 0xEE, 0x0E, 0x0F, 0xFF, 0xEE, 0x0E, 0x0F, 0xFF,
		0xEE, 0x0E, 0x0F, 0xFF, 0xEE, 0x0E, 0x0F, 0xFF, 0xEE, 0x0E, 0x0F, 0xFF, 0xEE, 0x0E, 0x0F, 0xFF,
		0xEE, 0x0E, 0x0F, 0xFF, 0xEE, 0x0E, 0x0F, 0xFF, 0xEE, 0x0E, 0x0F, 0xFF, 0xEE, 0x0E, 0x0F, 0xFF,
		0xEE, 0x0E, 0x0F, 0xFF, 0xEE, 0x0E, 0x0F, 0xFF, 0xEE, 0x0E, 0x0F, 0xFF, 0xEE, 0x0E, 0x0F, 0xFF,
		0xEE, 0x0E, 0x0F, 0xFF, 0xEE, 0x0E, 0x0F, 0xFF, 0xEE, 0x0E, 0x0F, 0xFF, 0xEE, 0x0E, 0x0F, 0xFF,
		0xEE, 0x0E, 0x0F, 0xFF, 0xEE, 0x0E, 0x0F, 0xFF, 0xEE, 0x0E, 0x0F, 0xFF, 0xEE, 0x0E, 0x0F, 0xFF,
		0xEE, 0x0E, 0x0F, 0xFF, 0xEE, 0x0E, 0x0F, 0xFF, 0xEE, 0x0E, 0x0F, 0xFF, 0xEE, 0x0E, 0x0F, 0xFF,
		0xEE, 0x0E, 0x0F, 0xFF, 0xEE, 0x0E, 0x0F, 0xFF, 0xEE, 0x0E, 0x0F, 0xFF, 0xEE, 0x0E, 0x0F, 0xFF,
		0xEE, 0x0E, 0x0F, 0xFF, 0xEE, 0x0E, 0x0F, 0xFF, 0xEE, 0x0E, 0x0F, 0xFF, 0xEE, 0x0E, 0x0F, 0xFF,
		0xEE, 0x0E, 0x0F, 0xFF, 0xEE, 0x0E, 0x0F, 0xFF, 0xEE, 0x0E, 0x0F, 0xFF, 0xEE, 0x0E, 0x0F, 0xFF,
		0xEE, 0x0E, 0x0F, 0xFF, 0xEE, 0x0E, 0x0F, 0xFF, 0xEE, 0x0E, 0x0F, 0xFF, 0xEE, 0x0E, 0x0F, 0xFF,
		0xEE, 0x0E, 0x0F, 0xFF, 0xEE, 0x0E, 0x0F, 0xFF, 0xEE, 0x0E, 0x0F, 0xFF, 0xEE, 0x0E, 0x0F, 0xFF,
		0xEE, 0x0E, 0x0F, 0xFF, 0xEE, 0x0E, 0x0F, 0xFF, 0xEE, 0x0E, 0x0F, 0xFF, 0xEE, 0x0E, 0x0F, 0xFF,
		0xEE, 0x0E, 0x0F, 0xFF, 0xEE, 0x0E, 0x0F, 0xFF, 0xEE, 0x0E, 0x0F, 0xFF, 0xEE, 0x0E, 0x0F, 0xFF,
		0xEE, 0x0E, 0x0F, 0xFF, 0xEE, 0x0E, 0x0F, 0xFF, 0xEE, 0x0E, 0x0F, 0xFF, 0xEE, 0x0E, 0x0F, 0xFF,
		0xEE, 0x0E, 0x0F, 0xFF, 0xEE, 0x0E, 0x0F, 0xFF, 0xEE, 0x0E, 0x0F, 0xFF, 0xEE, 0x0E, 0x0F, 0xFF,
		0xEE, 0x0E, 0x0F, 0xFF, 0xEE, 0x0E, 0x0F, 0xFF, 0xEE, 0x0E, 0x0F, 0xFF, 0xEE, 0x0E, 0x0F, 0xFF,
		0xEE, 0x0E, 0x0F, 0xFF, 0xEE, 0x0E, 0x0F, 0xFF, 0xEE, 0x0E, 0x0F, 0xFF, 0xEE, 0x0E, 0x0F, 0xFF,
		0xEE, 0x0E, 0x0F, 0xFF, 0xEE, 0x0E, 0x0F, 0xFF, 0xEE, 0x0E, 0x0F, 0xFF, 0xEE, 0x0E, 0x0F, 0xFF,
		0xEE, 0x0E, 0x0F, 0xFF, 0xEE, 0x0E, 0x0F, 0xFF, 0xEE, 0x0E, 0x0F, 0xFF, 0xEE, 0x0E, 0x0F, 0xFF,
		0xEE, 0x0E, 0x0F, 0xFF, 0xEE, 0x0E, 0x0F, 0xFF, 0xEE, 0x0E, 0x0F, 0xFF, 0xEE, 0x0E, 0x0F, 0xFF,
		0xEE, 0x0E, 0x0F, 0xFF, 0xEE, 0x0E, 0x0F, 0xFF, 0xEE, 0x0E, 0x0F, 0xFF, 0xEE, 0x0E, 0x0F, 0xFF,
		0xEE, 0x0E, 0x0F, 0xFF, 0xEE, 0x0E, 0x0F, 0xFF, 0xEE, 0x0E, 0x0F, 0xFF, 0xEE, 0x0E, 0x0F, 0xFF,
		0xEE, 0x0E, 0x0F, 0xFF, 0xEE, 0x0E, 0x0F, 0xFF, 0xEE, 0x0E, 0x0F, 0xFF, 0xEE, 0x0E, 0x0F, 0xFF,
		0xEE, 0x0E, 0x0F, 0xFF, 0xEE, 0x0E, 0x0F, 0xFF, 0xEE, 0x0E, 0x0F, 0xFF, 0xEE, 0x0E, 0x0F, 0xFF,
		0xEE, 0x0E, 0x0F, 0xFF, 0xEE, 0x0E, 0x0F, 0xFF, 0xEE, 0x0E, 0x0F, 0xFF, 0xEE, 0x0E, 0x0F, 0xFF,
		0xEE, 0x0E, 0x0F, 0xFF, 0xEE, 0x0E, 0x0F, 0xFF, 0xEE, 0x0E, 0x0F, 0xFF, 0xEE, 0x0E, 0x0F, 0xFF,
		0xEE, 0x0E, 0x0F, 0xFF, 0xEE, 0x0E, 0x0F, 0xFF, 0xEE, 0x0E, 0x0F, 0xFF, 0xEE, 0x0E, 0x0F, 0xFF,
		0xEE, 0x0E, 0x0F, 0xFF, 0xEE, 0x0E, 0x0F, 0xFF, 0xEE, 0x0E, 0x0F, 0xFF, 0xEE, 0x0E, 0x0F, 0xFF,
		0xEE, 0x0E, 0x0F, 0xFF, 0xEE, 0x0E, 0x0F, 0xFF, 0xEE, 0x0E, 0x0F, 0xFF, 0xEE, 0x0E, 0x0F, 0xFF,
		0xEE, 0x0E, 0x0F, 0xFF, 0xEE, 0x0E, 0x0F, 0xFF, 0xEE, 0x0E, 0x0F, 0xFF, 0xEE, 0x0E, 0x0F, 0xFF,
		0xEE, 0x0E, 0x0F, 0xFF, 0xEE, 0x0E, 0x0F, 0xFF, 0xEE, 0x0E, 0x0F, 0xFF, 0xEE, 0x0E, 0x0F, 0xFF,
		0xEE, 0x0E, 0x0F, 0xFF, 0xEE, 0x0E, 0x0F, 0xFF, 0xEE, 0x0E, 0x0F, 0xFF, 0xEE, 0x0E, 0x0F, 0xFF,
		0xEE, 0x0E, 0x0F, 0xFF, 0xEE, 0x0E, 0x0F, 0xFF, 0xEE, 0x0E, 0x0F, 0xFF, 0xEE, 0x0E, 0x0F, 0xFF,
		0xEE, 0x0E, 0x0F, 0xFF, 0xEE, 0x0E, 0x0F, 0xFF, 0xEE, 0x0E, 0x0F, 0xFF, 0xEE, 0x0E, 0x0F, 0xFF,
		0xEE, 0x0E, 0x0F, 0xFF, 0xEE, 0x0E, 0x0F, 0xFF, 0xEE, 0x0E, 0x0F, 0xFF, 0xEE, 0x0E, 0x0F, 0xFF,
		0xEE, 0x0E, 0x0F, 0xFF, 0xEE, 0x0E, 0x0F, 0xFF, 0xEE, 0x0E, 0x0F, 0xFF, 0xEE, 0x0E, 0x0F, 0xFF,
		0xEE, 0x0E, 0x0F, 0xFF, 0xEE, 0x0E, 0x0F, 0xFF, 0xEE, 0x0E, 0x0F, 0xFF, 0xEE, 0x0E, 0x0F, 0xFF,
		0xEE, 0x0E, 0x0F, 0xFF, 0xEE, 0x0E, 0x0F, 0xFF, 0xEE, 0x0E, 0x0F, 0xFF, 0xEE, 0x0E, 0x0F, 0xFF,
		0xEE, 0x0E, 0x0F, 0xFF, 0xEE, 0x0E, 0x0F, 0xFF, 0xEE, 0x0E, 0x0F, 0xFF, 0xEE, 0x0E, 0x0F, 0xFF,
		0xEE, 0x0E, 0x0F, 0xFF, 0xEE, 0x0E, 0x0F, 0xFF, 0xEE, 0x0E, 0x0F, 0xFF, 0xEE, 0x0E, 0x0F, 0xFF,
		0xEE, 0x0E, 0x0F, 0xFF, 0xEE, 0x0E, 0x0F, 0xFF, 0xEE, 0x0E, 0x0F, 0xFF, 0xEE, 0x0E, 0x0F, 0xFF,
		0xEE, 0x0E, 0x0F, 0xFF, 0xEE, 0x0E, 0x0F, 0xFF, 0xEE, 0x0E, 0x0F, 0xFF, 0xEE, 0x0E, 0x0F, 0xFF,
		0xEE, 0x0E, 0x0F, 0xFF, 0xEE, 0x0E, 0x0F, 0xFF, 0xEE, 0x0E, 0x0F, 0xFF, 0xEE, 0x0E, 0x0F, 0xFF,
		0xEE, 0x0E, 0x0F, 0xFF, 0xEE, 0x0E, 0x0F, 0xFF, 0xEE, 0x0E, 0x0F, 0xFF, 0xEE, 0x0E, 0x0F, 0xFF,
		0xEE, 0x0E, 0x0F, 0xFF, 0xEE, 0x0E, 0x0F, 0xFF, 0xEE, 0x0E, 0x0F, 0xFF, 0xEE, 0x0E, 0x0F, 0xFF,
		0xEE, 0x0E, 0x0F, 0xFF, 0xEE, 0x0E, 0x0F, 0xFF, 0xEE, 0x0E, 0x0F, 0xFF, 0xEE, 0x0E, 0x0F, 0xFF,
		0xEE, 0x0E, 0x0F, 0xFF, 0xEE, 0x0E, 0x0F, 0xFF, 0xEE, 0x0E, 0x0F, 0xFF, 0xEE, 0x0E, 0x0F, 0xFF,
		0xEE, 0x0E, 0x0F, 0xFF, 0xEE, 0x0E, 0x0F, 0xFF, 0xEE, 0x0E, 0x0F, 0xFF, 0xEE, 0x0E, 0x0F, 0xFF,
		0xEE, 0x0E, 0x0F, 0xFF, 0xEE, 0x0E, 0x0F, 0xFF, 0xEE, 0x0E, 0x0F, 0xFF, 0xEE, 0x0E, 0x0F, 0xFF,
		0xEE, 0x0E, 0x0F, 0xFF, 0xEE, 0x0E, 0x0F, 0xFF, 0xEE, 0x0E, 0x0F, 0xFF, 0xEE, 0x0E, 0x0F, 0xFF,
		0xEE, 0x0E, 0x0F, 0xFF, 0xEE, 0x0E, 0x0F, 0xFF, 0xEE, 0x0E, 0x0F, 0xFF, 0xEE, 0x0E, 0x0F, 0xFF,
		0xEE, 0x0E, 0x0F, 0xFF, 0xEE, 0x0E, 0x0F, 0xFF, 0xEE, 0x0E, 0x0F, 0xFF, 0xEE, 0x0E, 0x0F, 0xFF,
		0xEE, 0x0E, 0x0F, 0xFF, 0xEE, 0x0E, 0x0F, 0xFF, 0xEE, 0x0E, 0x0F, 0xFF, 0xEE, 0x0E, 0x0F, 0xFF,
		0xEE, 0x0E, 0x0F, 0xFF, 0xEE, 0x0E, 0x0F, 0xFF, 0xEE, 0x0E, 0x0F, 0xFF, 0xEE, 0x0E, 0x0F, 0xFF,
		0xEE, 0x0E, 0x0F, 0xFF, 0xEE, 0x0E, 0x0F, 0xFF, 0xEE, 0x0E, 0x0F, 0xFF, 0xEE, 0x0E, 0x0F, 0xFF,
		0xEE, 0x0E, 0x0F, 0xFF, 0xEE, 0x0E, 0x0F, 0xFF, 0xEE, 0x0E, 0x0F, 0xFF, 0xEE, 0x0E, 0x0F, 0xFF,
		0xEE, 0x0E, 0x0F, 0xFF, 0xEE, 0x0E, 0x0F, 0xFF, 0xEE, 0x0E, 0x0F, 0xFF, 0xEE, 0x0E, 0x0F, 0xFF,
		0xEE, 0x0E, 0x0F, 0xFF, 0xEE, 0x0E, 0x0F, 0xFF, 0xEE, 0x0E, 0x0F, 0xFF, 0xEE, 0x0E, 0x0F, 0xFF,
		0xEE, 0x0E, 0x0F, 0xFF, 0xEE, 0x0E, 0x0F, 0xFF, 0xEE, 0x0E, 0x0F, 0xFF, 0xEE, 0x0E, 0x0F, 0xFF,
		0xEE, 0x0E, 0x0F, 0xFF, 0xEE, 0x0E, 0x0F, 0xFF, 0xEE, 0x0E, 0x0F, 0xFF, 0xEE, 0x0E, 0x0F, 0xFF,
		0xEE, 0x0E, 0x0F, 0xFF, 0xEE, 0x0E, 0x0F, 0xFF, 0xEE, 0x0E, 0x0F, 0xFF, 0xEE, 0x0E, 0x0F, 0xFF,
		0xEE, 0x0E, 0x0F, 0xFF, 0xEE, 0x0E, 0x0F, 0xFF, 0xEE, 0x0E, 0x0F, 0xFF, 0xEE, 0x0E, 0x0F, 0xFF,
		0xEE, 0x0E, 0x0F, 0xFF, 0xEE, 0x0E, 0x0F, 0xFF, 0xEE, 0x0E, 0x0F, 0xFF, 0xEE, 0x0E, 0x0F, 0xFF,
		0xEE, 0x0E, 0x0F, 0xFF, 0xEE, 0x0E, 0x0F, 0xFF, 0xEE, 0x0E, 0x0F, 0xFF, 0xEE, 0x0E, 0x0F, 0xFF,
		0xEE, 0x0E, 0x0F, 0xFF, 0xEE, 0x0E, 0x0F, 0xFF, 0xEE, 0x0E, 0x0F, 0xFF, 0xEE, 0x0E, 0x0F, 0xFF,
		0xEE, 0x0E, 0x0F, 0xFF, 0xEE, 0x0E, 0x0F, 0xFF, 0xEE, 0x0E, 0x0F, 0xFF, 0xEE, 0x0E, 0x0F, 0xFF,
		0xEE, 0x0E, 0x0F, 0xFF, 0xEE, 0x0E, 0x0F, 0xFF, 0xEE, 0x0E, 0x0F, 0xFF, 0xEE, 0x0E, 0x0F, 0xFF,
		0xEE, 0x0E, 0x0F, 0xFF, 0xEE, 0x0E, 0x0F, 0xFF, 0xEE, 0x0E, 0x0F, 0xFF, 0xEE, 0x0E, 0x0F, 0xFF,
		0xEE, 0x0E, 0x0F, 0xFF, 0xEE, 0x0E, 0x0F, 0xFF, 0xEE, 0x0E, 0x0F, 0xFF, 0xEE, 0x0E, 0x0F, 0xFF,
		0xEE, 0x0E, 0x0F, 0xFF, 0xEE, 0x0E, 0x0F, 0xFF, 0xEE, 0x0E, 0x0F, 0xFF, 0xEE, 0x0E, 0x0F, 0xFF,
		0xEE, 0x0E, 0x0F, 0xFF, 0xEE, 0x0E, 0x0F, 0xFF, 0xEE, 0x0E, 0x0F, 0xFF, 0xEE, 0x0E, 0x0F, 0xFF,
		0xEE, 0x0E, 0x0F, 0xFF, 0xEE, 0x0E, 0x0F, 0xFF, 0xEE, 0x0E, 0x0F, 0xFF, 0xEE, 0x0E, 0x0F, 0xFF,
		0xEE, 0x0E, 0x0F, 0xFF, 0xEE, 0x0E, 0x0F, 0xFF, 0xEE, 0x0E, 0x0F, 0xFF, 0xEE, 0x0E, 0x0F, 0xFF,
		0xEE, 0x0E, 0x0F, 0xFF, 0xEE, 0x0E, 0x0F, 0xFF, 0xEE, 0x0E, 0x0F, 0xFF, 0xEE, 0x0E, 0x0F, 0xFF,
		0xEE, 0x0E, 0x0F, 0xFF, 0xEE, 0x0E, 0x0F, 0xFF, 0xEE, 0x0E, 0x0F, 0xFF, 0xEE, 0x0E, 0x0F, 0xFF,
		0xEE, 0x0E, 0x0F, 0xFF, 0xEE, 0x0E, 0x0F, 0xFF, 0xEE, 0x0E, 0x0F, 0xFF, 0xEE, 0x0E, 0x0F, 0xFF,
		0xEE, 0x0E, 0x0F, 0xFF, 0xEE, 0x0E, 0x0F, 0xFF, 0xEE, 0x0E, 0x0F, 0xFF, 0xEE, 0x0E, 0x0F, 0xFF,
		0xEE, 0x0E, 0x0F, 0xFF, 0xEE, 0x0E, 0x0F, 0xFF, 0xEE, 0x0E, 0x0F, 0xFF, 0xEE, 0x0E, 0x0F, 0xFF,
		0xEE, 0x0E, 0x0F, 0xFF, 0xEE, 0x0E, 0x0F, 0xFF, 0xEE, 0x0E, 0x0F, 0xFF, 0xEE, 0x0E, 0x0F, 0xFF,
		0xEE, 0x0E, 0x0F, 0xFF, 0xEE, 0x0E, 0x0F, 0xFF, 0xEE, 0x0E, 0x0F, 0xFF, 0xEE, 0x0E, 0x0F, 0xFF,
		0xEE, 0x0E, 0x0F, 0xFF, 0xEE, 0x0E, 0x0F, 0xFF, 0xEE, 0x0E, 0x0F, 0xFF, 0xEE, 0x0E, 0x0F, 0xFF,
		0xEE, 0x0E, 0x0F, 0xFF, 0xEE, 0x0E, 0x0F, 0xFF, 0xEE, 0x0E, 0x0F, 0xFF, 0xEE, 0x0E, 0x0F, 0xFF,
		0xEE, 0x0E, 0x0F, 0xFF, 0xEE, 0x0E, 0x0F, 0xFF, 0xEE, 0x0E, 0x0F, 0xFF, 0xEE, 0x0E, 0x0F, 0xFF,
		0xEE, 0x0E, 0x0F, 0xFF, 0xEE, 0x0E, 0x0F, 0xFF, 0xEE, 0x0E, 0x0F, 0xFF, 0xEE, 0x0E, 0x0F, 0xFF,
		0xEE, 0x0E, 0x0F, 0xFF, 0xEE, 0x0E, 0x0F, 0xFF, 0xEE, 0x0E, 0x0F, 0xFF, 0xEE, 0x0E, 0x0F, 0xFF,
		0xEE, 0x0E, 0x0F, 0xFF, 0xEE, 0x0E, 0x0F, 0xFF, 0xEE, 0x0E, 0x0F, 0xFF, 0xEE, 0x0E, 0x0F, 0xFF,
		0xEE, 0x0E, 0x0F, 0xFF, 0xEE, 0x0E, 0x0F, 0xFF, 0xEE, 0x0E, 0x0F, 0xFF, 0xEE, 0x0E, 0x0F, 0xFF,
		0xEE, 0x0E, 0x0F, 0xFF, 0xEE, 0x0E, 0x0F, 0xFF, 0xEE, 0x0E, 0x0F, 0xFF, 0xEE, 0x0E, 0x0F, 0xFF,
		0xEE, 0x0E, 0x0F, 0xFF, 0xEE, 0x0E, 0x0F, 0xFF, 0xEE, 0x0E, 0x0F, 0xFF, 0xEE, 0x0E, 0x0F, 0xFF,
		0xEE, 0x0E, 0x0F, 0xFF, 0xEE, 0x0E, 0x0F, 0xFF, 0xEE, 0x0E, 0x0F, 0xFF, 0xEE, 0x0E, 0x0F, 0xFF,
		0xEE, 0x0E, 0x0F, 0xFF, 0xEE, 0x0E, 0x0F, 0xFF, 0xEE, 0x0E, 0x0F, 0xFF, 0xEE, 0x0E, 0x0F, 0xFF,
		0xEE, 0x0E, 0x0F, 0xFF, 0xEE, 0x0E, 0x0F, 0xFF, 0xEE, 0x0E, 0x0F, 0xFF, 0xEE, 0x0E, 0x0F, 0xFF,
		0xEE, 0x0E, 0x0F, 0xFF, 0xEE, 0x0E, 0x0F, 0xFF, 0xEE, 0x0E, 0x0F, 0xFF, 0xEE, 0x0E, 0x0F, 0xFF,
		0xEE, 0x0E, 0x0F, 0xFF, 0xEE, 0x0E, 0x0F, 0xFF, 0xEE, 0x0E, 0x0F, 0xFF, 0xEE, 0x0E, 0x0F, 0xFF,
		0xEE, 0x0E, 0x0F, 0xFF, 0xEE, 0x0E, 0x0F, 0xFF, 0xEE, 0x0E, 0x0F, 0xFF, 0xEE, 0x0E, 0x0F, 0xFF,
		0xEE, 0x0E, 0x0F, 0xFF, 0xEE, 0x0E, 0x0F, 0xFF, 0xEE, 0x0E, 0x0F, 0xFF, 0xEE, 0x0E, 0x0F, 0xFF,
		0xEE, 0x0E, 0x0F, 0xFF, 0xEE, 0x0E, 0x0F, 0xFF, 0xEE, 0x0E, 0x0F, 0xFF, 0xEE, 0x0E, 0x0F, 0xFF,
		0xEE, 0x0E, 0x0F, 0xFF, 0xEE, 0x0E, 0x0F, 0xFF, 0xEE, 0x0E, 0x0F, 0xFF, 0xEE, 0x0E, 0x0F, 0xFF,
		0xEE, 0x0E, 0x0F, 0xFF, 0xEE, 0x0E, 0x0F, 0xFF, 0xEE, 0x0E, 0x0F, 0xFF, 0xEE, 0x0E, 0x0F, 0xFF,
		0x0C, 0xEC, 0x0D, 0xFF, 0x0C, 0xEC, 0x0D, 0xFF, 0x0C, 0xEC, 0x0D, 0xFF, 0x0C, 0xEC, 0x0D, 0xFF,
		0x0C, 0xEC, 0x0D, 0xFF, 0x0C, 0xEC, 0x0D, 0xFF, 0x0C, 0xEC, 0x0D, 0xFF, 0x0C, 0xEC, 0x0D, 0xFF,
		0x0C, 0xEC, 0x0D, 0xFF, 0x0C, 0xEC, 0x0D, 0xFF, 0x0C, 0xEC, 0x0D, 0xFF, 0x0C, 0xEC, 0x0D, 0xFF,
		0x0C, 0xEC, 0x0D, 0xFF, 0x0C, 0xEC, 0x0D, 0xFF, 0x0C, 0xEC, 0x0D, 0xFF, 0x0C, 0xEC, 0x0D, 0xFF,
		0x0C, 0xEC, 0x0D, 0xFF, 0x0C, 0xEC, 0x0D, 0xFF, 0x0C, 0xEC, 0x0D, 0xFF, 0x0C, 0xEC, 0x0D, 0xFF,
		0x0C, 0xEC, 0x0D, 0xFF, 0x0C, 0xEC, 0x0D, 0xFF, 0x0C, 0xEC, 0x0D, 0xFF, 0x0C, 0xEC, 0x0D, 0xFF,
		0x0C, 0xEC, 0x0D, 0xFF, 0x0C, 0xEC, 0x0D, 0xFF, 0x0C, 0xEC, 0x0D, 0xFF, 0x0C, 0xEC, 0x0D, 0xFF,
		0x0C, 0xEC, 0x0D, 0xFF, 0x0C, 0xEC, 0x0D, 0xFF, 0x0C, 0xEC, 0x0D, 0xFF, 0x0C, 0xEC, 0x0D, 0xFF,
		0x0C, 0xEC, 0x0D, 0xFF, 0x0C, 0xEC, 0x0D, 0xFF, 0x0C, 0xEC, 0x0D, 0xFF, 0x0C, 0xEC, 0x0D, 0xFF,
		0x0C, 0xEC, 0x0D, 0xFF, 0x0C, 0xEC, 0x0D, 0xFF, 0x0C, 0xEC, 0x0D, 0xFF, 0x0C, 0xEC, 0x0D, 0xFF,
		0x0C, 0xEC, 0x0D, 0xFF, 0x0C, 0xEC, 0x0D, 0xFF, 0x0C, 0xEC, 0x0D, 0xFF, 0x0C, 0xEC, 0x0D, 0xFF,
		0x0C, 0xEC, 0x0D, 0xFF, 0x0C, 0xEC, 0x0D, 0xFF, 0x0C, 0xEC, 0x0D, 0xFF, 0x0C, 0xEC, 0x0D, 0xFF,
		0x0C, 0xEC, 0x0D, 0xFF, 0x0C, 0xEC, 0x0D, 0xFF, 0x0C, 0xEC, 0x0D, 0xFF, 0x0C, 0xEC, 0x0D, 0xFF,
		0x0C, 0xEC, 0x0D, 0xFF, 0x0C, 0xEC, 0x0D, 0xFF, 0x0C, 0xEC, 0x0D, 0xFF, 0x0C, 0xEC, 0x0D, 0xFF,
		0x0C, 0xEC, 0x0D, 0xFF, 0x0C, 0xEC, 0x0D, 0xFF, 0x0C, 0xEC, 0x0D, 0xFF, 0x0C, 0xEC, 0x0D, 0xFF,
		0x0C, 0xEC, 0x0D, 0xFF, 0x0C, 0xEC, 0x0D, 0xFF, 0x0C, 0xEC, 0x0D, 0xFF, 0x0C, 0xEC, 0x0D, 0xFF,
		0x0C, 0xEC, 0x0D, 0xFF, 0x0C, 0xEC, 0x0D, 0xFF, 0x0C, 0xEC, 0x0D, 0xFF, 0x0C, 0xEC, 0x0D, 0xFF,
		0x0C, 0xEC, 0x0D, 0xFF, 0x0C, 0xEC, 0x0D, 0xFF, 0x0C, 0xEC, 0x0D, 0xFF, 0x0C, 0xEC, 0x0D, 0xFF,
		0x0C, 0xEC, 0x0D, 0xFF, 0x0C, 0xEC, 0x0D, 0xFF, 0x0C, 0xEC, 0x0D, 0xFF, 0x0C, 0xEC, 0x0D, 0xFF,
		0x0C, 0xEC, 0x0D, 0xFF, 0x0C, 0xEC, 0x0D, 0xFF, 0x0C, 0xEC, 0x0D, 0xFF, 0x0C, 0xEC, 0x0D, 0xFF,
		0x0C, 0xEC, 0x0D, 0xFF, 0x0C, 0xEC, 0x0D, 0xFF, 0x0C, 0xEC, 0x0D, 0xFF, 0x0C, 0xEC, 0x0D, 0xFF,
		0x0C, 0xEC, 0x0D, 0xFF, 0x0C, 0xEC, 0x0D, 0xFF, 0x0C, 0xEC, 0x0D, 0xFF, 0x0C, 0xEC, 0x0D, 0xFF,
		0x0C, 0xEC, 0x0D, 0xFF, 0x0C, 0xEC, 0x0D, 0xFF, 0x0C, 0xEC, 0x0D, 0xFF, 0x0C, 0xEC, 0x0D, 0xFF,
		0x0C, 0xEC, 0x0D, 0xFF, 0x0C, 0xEC, 0x0D, 0xFF, 0x0C, 0xEC, 0x0D, 0xFF, 0x0C, 0xEC, 0x0D, 0xFF,
		0x0C, 0xEC, 0x0D, 0xFF, 0x0C, 0xEC, 0x0D, 0xFF, 0x0C, 0xEC, 0x0D, 0xFF, 0x0C, 0xEC, 0x0D, 0xFF,
		0x0C, 0xEC, 0x0D, 0xFF, 0x0C, 0xEC, 0x0D, 0xFF, 0x0C, 0xEC, 0x0D, 0xFF, 0x0C, 0xEC, 0x0D, 0xFF,
		0x0C, 0xEC, 0x0D, 0xFF, 0x0C, 0xEC, 0x0D, 0xFF, 0x0C, 0xEC, 0x0D, 0xFF, 0x0C, 0xEC, 0x0D, 0xFF,
		0x0C, 0xEC, 0x0D, 0xFF, 0x0C, 0xEC, 0x0D, 0xFF, 0x0C, 0xEC, 0x0D, 0xFF, 0x0C, 0xEC, 0x0D, 0xFF,
		0x0C, 0xEC, 0x0D, 0xFF, 0x0C, 0xEC, 0x0D, 0xFF, 0x0C, 0xEC, 0x0D, 0xFF, 0x0C, 0xEC, 0x0D, 0xFF,
		0x0C, 0xEC, 0x0D, 0xFF, 0x0C, 0xEC, 0x0D, 0xFF, 0x0C, 0xEC, 0x0D, 0xFF, 0x0C, 0xEC, 0x0D, 0xFF,
		0x0C, 0xEC, 0x0D, 0xFF, 0x0C, 0xEC, 0x0D, 0xFF, 0x0C, 0xEC, 0x0D, 0xFF, 0x0C, 0xEC, 0x0D, 0xFF,
		0x0C, 0xEC, 0x0D, 0xFF, 0x0C, 0xEC, 0x0D, 0xFF, 0x0C, 0xEC, 0x0D, 0xFF, 0x0C, 0xEC, 0x0D, 0xFF,
		0x0C, 0xEC, 0x0D, 0xFF, 0x0C, 0xEC, 0x0D, 0xFF, 0x0C, 0xEC, 0x0D, 0xFF, 0x0C, 0xEC, 0x0D, 0xFF,
		0x0C, 0xEC, 0x0D, 0xFF, 0x0C, 0xEC, 0x0D, 0xFF, 0x0C, 0xEC, 0x0D, 0xFF, 0x0C, 0xEC, 0x0D, 0xFF,
		0x0C, 0xEC, 0x0D, 0xFF, 0x0C, 0xEC, 0x0D, 0xFF, 0x0C, 0xEC, 0x0D, 0xFF, 0x0C, 0xEC, 0x0D, 0xFF,
		0x0C, 0xEC, 0x0D, 0xFF, 0x0C, 0xEC, 0x0D, 0xFF, 0x0C, 0xEC, 0x0D, 0xFF, 0x0C, 0xEC, 0x0D, 0xFF,
		0x0C, 0xEC, 0x0D, 0xFF, 0x0C, 0xEC, 0x0D, 0xFF, 0x0C, 0xEC, 0x0D, 0xFF, 0x0C, 0xEC, 0x0D, 0xFF,
		0x0C, 0xEC, 0x0D, 0xFF, 0x0C, 0xEC, 0x0D, 0xFF, 0x0C, 0xEC, 0x0D, 0xFF, 0x0C, 0xEC, 0x0D, 0xFF,
		0x0C, 0xEC, 0x0D, 0xFF, 0x0C, 0xEC, 0x0D, 0xFF, 0x0C, 0xEC, 0x0D, 0xFF, 0x0C, 0xEC, 0x0D, 0xFF,
		0x0C, 0xEC, 0x0D, 0xFF, 0x0C, 0xEC, 0x0D, 0xFF, 0x0C, 0xEC, 0x0D, 0xFF, 0x0C, 0xEC, 0x0D, 0xFF,
		0x0C, 0xEC, 0x0D, 0xFF, 0x0C, 0xEC, 0x0D, 0xFF, 0x0C, 0xEC, 0x0D, 0xFF, 0x0C, 0xEC, 0x0D, 0xFF,
		0x0C, 0xEC, 0x0D, 0xFF, 0x0C, 0xEC, 0x0D, 0xFF, 0x0C, 0xEC, 0x0D, 0xFF, 0x0C, 0xEC, 0x0D, 0xFF,
		0x0C, 0xEC, 0x0D, 0xFF, 0x0C, 0xEC, 0x0D, 0xFF, 0x0C, 0xEC, 0x0D, 0xFF, 0x0C, 0xEC, 0x0D, 0xFF,
		0x0C, 0xEC, 0x0D, 0xFF, 0x0C, 0xEC, 0x0D, 0xFF, 0x0C, 0xEC, 0x0D, 0xFF, 0x0C, 0xEC, 0x0D, 0xFF,
		0x0C, 0xEC, 0x0D, 0xFF, 0x0C, 0xEC, 0x0D, 0xFF, 0x0C, 0xEC, 0x0D, 0xFF, 0x0C, 0xEC, 0x0D, 0xFF,
		0x0C, 0xEC, 0x0D, 0xFF, 0x0C, 0xEC, 0x0D, 0xFF, 0x0C, 0xEC, 0x0D, 0xFF, 0x0C, 0xEC, 0x0D, 0xFF,
		0x0C, 0xEC, 0x0D, 0xFF, 0x0C, 0xEC, 0x0D, 0xFF, 0x0C, 0xEC, 0x0D, 0xFF, 0x0C, 0xEC, 0x0D, 0xFF,
		0x0C, 0xEC, 0x0D, 0xFF, 0x0C, 0xEC, 0x0D, 0xFF, 0x0C, 0xEC, 0x0D, 0xFF, 0x0C, 0xEC, 0x0D, 0xFF,
		0x0C, 0xEC, 0x0D, 0xFF, 0x0C, 0xEC, 0x0D, 0xFF, 0x0C, 0xEC, 0x0D, 0xFF, 0x0C, 0xEC, 0x0D, 0xFF,
		0x0C, 0xEC, 0x0D, 0xFF, 0x0C, 0xEC, 0x0D, 0xFF, 0x0C, 0xEC, 0x0D, 0xFF, 0x0C, 0xEC, 0x0D, 0xFF,
		0x0C, 0xEC, 0x0D, 0xFF, 0x0C, 0xEC, 0x0D, 0xFF, 0x0C, 0xEC, 0x0D, 0xFF, 0x0C, 0xEC, 0x0D, 0xFF,
		0x0C, 0xEC, 0x0D, 0xFF, 0x0C, 0xEC, 0x0D, 0xFF, 0x0C, 0xEC, 0x0D, 0xFF, 0x0C, 0xEC, 0x0D, 0xFF,
		0x0C, 0xEC, 0x0D, 0xFF, 0x0C, 0xEC, 0x0D, 0xFF, 0x0C, 0xEC, 0x0D, 0xFF, 0x0C, 0xEC, 0x0D, 0xFF,
		0x0C, 0xEC, 0x0D, 0xFF, 0x0C, 0xEC, 0x0D, 0xFF, 0x0C, 0xEC, 0x0D, 0xFF, 0x0C, 0xEC, 0x0D, 0xFF,
		0x0C, 0xEC, 0x0D, 0xFF, 0x0C, 0xEC, 0x0D, 0xFF, 0x0C, 0xEC, 0x0D, 0xFF, 0x0C, 0xEC, 0x0D, 0xFF,
		0x0C, 0xEC, 0x0D, 0xFF, 0x0C, 0xEC, 0x0D, 0xFF, 0x0C, 0xEC, 0x0D, 0xFF, 0x0C, 0xEC, 0x0D, 0xFF,
		0x0C, 0xEC, 0x0D, 0xFF, 0x0C, 0xEC, 0x0D, 0xFF, 0x0C, 0xEC, 0x0D, 0xFF, 0x0C, 0xEC, 0x0D, 0xFF,
		0x0C, 0xEC, 0x0D, 0xFF, 0x0C, 0xEC, 0x0D, 0xFF, 0x0C, 0xEC, 0x0D, 0xFF, 0x0C, 0xEC, 0x0D, 0xFF,
		0x0C, 0xEC, 0x0D, 0xFF, 0x0C, 0xEC, 0x0D, 0xFF, 0x0C, 0xEC, 0x0D, 0xFF, 0x0C, 0xEC, 0x0D, 0xFF,
		0x0C, 0xEC, 0x0D, 0xFF, 0x0C, 0xEC, 0x0D, 0xFF, 0x0C, 0xEC, 0x0D, 0xFF, 0x0C, 0xEC, 0x0D, 0xFF,
		0x0C, 0xEC, 0x0D, 0xFF, 0x0C, 0xEC, 0x0D, 0xFF, 0x0C, 0xEC, 0x0D, 0xFF, 0x0C, 0xEC, 0x0D, 0xFF,
		0x0C, 0xEC, 0x0D, 0xFF, 0x0C, 0xEC, 0x0D, 0xFF, 0x0C, 0xEC, 0x0D, 0xFF, 0x0C, 0xEC, 0x0D, 0xFF,
		0x0C, 0xEC, 0x0D, 0xFF, 0x0C, 0xEC, 0x0D, 0xFF, 0x0C, 0xEC, 0x0D, 0xFF, 0x0C, 0xEC, 0x0D, 0xFF,
		0x0C, 0xEC, 0x0D, 0xFF, 0x0C, 0xEC, 0x0D, 0xFF, 0x0C, 0xEC, 0x0D, 0xFF, 0x0C, 0xEC, 0x0D, 0xFF,
		0x0C, 0xEC, 0x0D, 0xFF, 0x0C, 0xEC, 0x0D, 0xFF, 0x0C, 0xEC, 0x0D, 0xFF, 0x0C, 0xEC, 0x0D, 0xFF,
		0x0C, 0xEC, 0x0D, 0xFF, 0x0C, 0xEC, 0x0D, 0xFF, 0x0C, 0xEC, 0x0D, 0xFF, 0x0C, 0xEC, 0x0D, 0xFF,
		0x0C, 0xEC, 0x0D, 0xFF, 0x0C, 0xEC, 0x0D, 0xFF, 0x0C, 0xEC, 0x0D, 0xFF, 0x0C, 0xEC, 0x0D, 0xFF,
		0x0C, 0xEC, 0x0D, 0xFF, 0x0C, 0xEC, 0x0D, 0xFF, 0x0C, 0xEC, 0x0D, 0xFF, 0x0C, 0xEC, 0x0D, 0xFF,
		0x0C, 0xEC, 0x0D, 0xFF, 0x0C, 0xEC, 0x0D, 0xFF, 0x0C, 0xEC, 0x0D, 0xFF, 0x0C, 0xEC, 0x0D, 0xFF,
		0x0C, 0xEC, 0x0D, 0xFF, 0x0C, 0xEC, 0x0D, 0xFF, 0x0C, 0xEC, 0x0D, 0xFF, 0x0C, 0xEC, 0x0D, 0xFF,
		0x0C, 0xEC, 0x0D, 0xFF, 0x0C, 0xEC, 0x0D, 0xFF, 0x0C, 0xEC, 0x0D, 0xFF, 0x0C, 0xEC, 0x0D, 0xFF,
		0x0C, 0xEC, 0x0D, 0xFF, 0x0C, 0xEC, 0x0D, 0xFF, 0x0C, 0xEC, 0x0D, 0xFF, 0x0C, 0xEC, 0x0D, 0xFF,
		0x0C, 0xEC, 0x0D, 0xFF, 0x0C, 0xEC, 0x0D, 0xFF, 0x0C, 0xEC, 0x0D, 0xFF, 0x0C, 0xEC, 0x0D, 0xFF,
		0x0C, 0xEC, 0x0D, 0xFF, 0x0C, 0xEC, 0x0D, 0xFF, 0x0C, 0xEC, 0x0D, 0xFF, 0x0C, 0xEC, 0x0D, 0xFF,
		0x0C, 0xEC, 0x0D, 0xFF, 0x0C, 0xEC, 0x0D, 0xFF, 0x0C, 0xEC, 0x0D, 0xFF, 0x0C, 0xEC, 0x0D, 0xFF,
		0x0C, 0xEC, 0x0D, 0xFF, 0x0C, 0xEC, 0x0D, 0xFF, 0x0C, 0xEC, 0x0D, 0xFF, 0x0C, 0xEC, 0x0D, 0xFF,
		0x0C, 0xEC, 0x0D, 0xFF, 0x0C, 0xEC, 0x0D, 0xFF, 0x0C, 0xEC, 0x0D, 0xFF, 0x0C, 0xEC, 0x0D, 0xFF,
		0x0C, 0xEC, 0x0D, 0xFF, 0x0C, 0xEC, 0x0D, 0xFF, 0x0C, 0xEC, 0x0D, 0xFF, 0x0C, 0xEC, 0x0D, 0xFF,
		0x0C, 0xEC, 0x0D, 0xFF, 0x0C, 0xEC, 0x0D, 0xFF, 0x0C, 0xEC, 0x0D, 0xFF, 0x0C, 0xEC, 0x0D, 0xFF,
		0x0C, 0xEC, 0x0D, 0xFF, 0x0C, 0xEC, 0x0D, 0xFF, 0x0C, 0xEC, 0x0D, 0xFF, 0x0C, 0xEC, 0x0D, 0xFF,
		0x0C, 0xEC, 0x0D, 0xFF, 0x0C, 0xEC, 0x0D, 0xFF, 0x0C, 0xEC, 0x0D, 0xFF, 0x0C, 0xEC, 0x0D, 0xFF,
		0x0C, 0xEC, 0x0D, 0xFF, 0x0C, 0xEC, 0x0D, 0xFF, 0x0C, 0xEC, 0x0D, 0xFF, 0x0C, 0xEC, 0x0D, 0xFF,
		0x0C, 0xEC, 0x0D, 0xFF, 0x0C, 0xEC, 0x0D, 0xFF, 0x0C, 0xEC, 0x0D, 0xFF, 0x0C, 0xEC, 0x0D, 0xFF,
		0x0C, 0xEC, 0x0D, 0xFF, 0x0C, 0xEC, 0x0D, 0xFF, 0x0C, 0xEC, 0x0D, 0xFF, 0x0C, 0xEC, 0x0D, 0xFF,
		0x0C, 0xEC, 0x0D, 0xFF, 0x0C, 0xEC, 0x0D, 0xFF, 0x0C, 0xEC, 0x0D, 0xFF, 0x0C, 0xEC, 0x0D, 0xFF,
		0x0C, 0xEC, 0x0D, 0xFF, 0x0C, 0xEC, 0x0D, 0xFF, 0x0C, 0xEC, 0x0D, 0xFF, 0x0C, 0xEC, 0x0D, 0xFF,
		0x0C, 0xEC, 0x0D, 0xFF, 0x0C, 0xEC, 0x0D, 0xFF, 0x0C, 0xEC, 0x0D, 0xFF, 0x0C, 0xEC, 0x0D, 0xFF,
		0x0C, 0xEC, 0x0D, 0xFF, 0x0C, 0xEC, 0x0D, 0xFF, 0x0C, 0xEC, 0x0D, 0xFF, 0x0C, 0xEC, 0x0D, 0xFF,
		0x0C, 0xEC, 0x0D, 0xFF, 0x0C, 0xEC, 0x0D, 0xFF, 0x0C, 0xEC, 0x0D, 0xFF, 0x0C, 0xEC, 0x0D, 0xFF,
		0x0C, 0xEC, 0x0D, 0xFF, 0x0C, 0xEC, 0x0D, 0xFF, 0x0C, 0xEC, 0x0D, 0xFF, 0x0C, 0xEC, 0x0D, 0xFF,
		0x0C, 0xEC, 0x0D, 0xFF, 0x0C, 0xEC, 0x0D, 0xFF, 0x0C, 0xEC, 0x0D, 0xFF, 0x0C, 0xEC, 0x0D, 0xFF,
		0x0C, 0xEC, 0x0D, 0xFF, 0x0C, 0xEC, 0x0D, 0xFF, 0x0C, 0xEC, 0x0D, 0xFF, 0x0C, 0xEC, 0x0D, 0xFF,
		0x0C, 0xEC, 0x0D, 0xFF, 0x0C, 0xEC, 0x0D, 0xFF, 0x0C, 0xEC, 0x0D, 0xFF, 0x0C, 0xEC, 0x0D, 0xFF,
		0x0C, 0xEC, 0x0D, 0xFF, 0x0C, 0xEC, 0x0D, 0xFF, 0x0C, 0xEC, 0x0D, 0xFF, 0x0C, 0xEC, 0x0D, 0xFF,
		0x0C, 0xEC, 0x0D, 0xFF, 0x0C, 0xEC, 0x0D, 0xFF, 0x0C, 0xEC, 0x0D, 0xFF, 0x0C, 0xEC, 0x0D, 0xFF,
		0x0C, 0xEC, 0x0D, 0xFF, 0x0C, 0xEC, 0x0D, 0xFF, 0x0C, 0xEC, 0x0D, 0xFF, 0x0C, 0xEC, 0x0D, 0xFF,
		0x0C, 0xEC, 0x0D, 0xFF, 0x0C, 0xEC, 0x0D, 0xFF, 0x0C, 0xEC, 0x0D, 0xFF, 0x0C, 0xEC, 0x0D, 0xFF,
		0x0C, 0xEC, 0x0D, 0xFF, 0x0C, 0xEC, 0x0D, 0xFF, 0x0C, 0xEC, 0x0D, 0xFF, 0x0C, 0xEC, 0x0D, 0xFF,
		0x0C, 0xEC, 0x0D, 0xFF, 0x0C, 0xEC, 0x0D, 0xFF, 0x0C, 0xEC, 0x0D, 0xFF, 0x0C, 0xEC, 0x0D, 0xFF,
		0x0C, 0xEC, 0x0D, 0xFF, 0x0C, 0xEC, 0x0D, 0xFF, 0x0C, 0xEC, 0x0D, 0xFF, 0x0C, 0xEC, 0x0D, 0xFF,
		0x0C, 0xEC, 0x0D, 0xFF, 0x0C, 0xEC, 0x0D, 0xFF, 0x0C, 0xEC, 0x0D, 0xFF, 0x0C, 0xEC, 0x0D, 0xFF,
		0x0C, 0xEC, 0x0D, 0xFF, 0x0C, 0xEC, 0x0D, 0xFF, 0x0C, 0xEC, 0x0D, 0xFF, 0x0C, 0xEC, 0x0D, 0xFF,
		0x0C, 0xEC, 0x0D, 0xFF, 0x0C, 0xEC, 0x0D, 0xFF, 0x0C, 0xEC, 0x0D, 0xFF, 0x0C, 0xEC, 0x0D, 0xFF,
		0x0C, 0xEC, 0x0D, 0xFF, 0x0C, 0xEC, 0x0D, 0xFF, 0x0C, 0xEC, 0x0D, 0xFF, 0x0C, 0xEC, 0x0D, 0xFF,
		0x0C, 0xEC, 0x0D, 0xFF, 0x0C, 0xEC, 0x0D, 0xFF, 0x0C, 0xEC, 0x0D, 0xFF, 0x0C, 0xEC, 0x0D, 0xFF,
		0x0C, 0xEC, 0x0D, 0xFF, 0x0C, 0xEC, 0x0D, 0xFF, 0x0C, 0xEC, 0x0D, 0xFF, 0x0C, 0xEC, 0x0D, 0xFF,
		0x0C, 0xEC, 0x0D, 0xFF, 0x0C, 0xEC, 0x0D, 0xFF, 0x0C, 0xEC, 0x0D, 0xFF, 0x0C, 0xEC, 0x0D, 0xFF,
		0x0C, 0xEC, 0x0D, 0xFF, 0x0C, 0xEC, 0x0D, 0xFF, 0x0C, 0xEC, 0x0D, 0xFF, 0x0C, 0xEC, 0x0D, 0xFF,
		0x0C, 0xEC, 0x0D, 0xFF, 0x0C, 0xEC, 0x0D, 0xFF, 0x0C, 0xEC, 0x0D, 0xFF, 0x0C, 0xEC, 0x0D, 0xFF,
		0x0C, 0xEC, 0x0D, 0xFF, 0x0C, 0xEC, 0x0D, 0xFF, 0x0C, 0xEC, 0x0D, 0xFF, 0x0C, 0xEC, 0x0D, 0xFF,
		0x0C, 0xEC, 0x0D, 0xFF, 0x0C, 0xEC, 0x0D, 0xFF, 0x0C, 0xEC, 0x0D, 0xFF, 0x0C, 0xEC, 0x0D, 0xFF,
		0x0C, 0xEC, 0x0D, 0xFF, 0x0C, 0xEC, 0x0D, 0xFF, 0x0C, 0xEC, 0x0D, 0xFF, 0x0C, 0xEC, 0x0D, 0xFF,
		0x0C, 0xEC, 0x0D, 0xFF, 0x0C, 0xEC, 0x0D, 0xFF, 0x0C, 0xEC, 0x0D, 0xFF, 0x0C, 0xEC, 0x0D, 0xFF,
		0x0C, 0xEC, 0x0D, 0xFF, 0x0C, 0xEC, 0x0D, 0xFF, 0x0C, 0xEC, 0x0D, 0xFF, 0x0C, 0xEC, 0x0D, 0xFF,
		0x0C, 0xEC, 0x0D, 0xFF, 0x0C, 0xEC, 0x0D, 0xFF, 0x0C, 0xEC, 0x0D, 0xFF, 0x0C, 0xEC, 0x0D, 0xFF,
		0x0C, 0xEC, 0x0D, 0xFF, 0x0C, 0xEC, 0x0D, 0xFF, 0x0C, 0xEC, 0x0D, 0xFF, 0x0C, 0xEC, 0x0D, 0xFF,
		0x0C, 0xEC, 0x0D, 0xFF, 0x0C, 0xEC, 0x0D, 0xFF, 0x0C, 0xEC, 0x0D, 0xFF, 0x0C, 0xEC, 0x0D, 0xFF,
		0x0C, 0xEC, 0x0D, 0xFF, 0x0C, 0xEC, 0x0D, 0xFF, 0x0C, 0xEC, 0x0D, 0xFF, 0x0C, 0xEC, 0x0D, 0xFF,
		0x0C, 0xEC, 0x0D, 0xFF, 0x0C, 0xEC, 0x0D, 0xFF, 0x0C, 0xEC, 0x0D, 0xFF, 0x0C, 0xEC, 0x0D, 0xFF,
		0x0C, 0xEC, 0x0D, 0xFF, 0x0C, 0xEC, 0x0D, 0xFF, 0x0C, 0xEC, 0x0D, 0xFF, 0x0C, 0xEC, 0x0D, 0xFF,
		0x0C, 0xEC, 0x0D, 0xFF, 0x0C, 0xEC, 0x0D, 0xFF, 0x0C, 0xEC, 0x0D, 0xFF, 0x0C, 0xEC, 0x0D, 0xFF,
		0x0C, 0xEC, 0x0D, 0xFF, 0x0C, 0xEC, 0x0D, 0xFF, 0x0C, 0xEC, 0x0D, 0xFF, 0x0C, 0xEC, 0x0D, 0xFF,
		0x0C, 0xEC, 0x0D, 0xFF, 0x0C, 0xEC, 0x0D, 0xFF, 0x0C, 0xEC, 0x0D, 0xFF, 0x0C, 0xEC, 0x0D, 0xFF,
		0x0C, 0xEC, 0x0D, 0xFF, 0x0C, 0xEC, 0x0D, 0xFF, 0x0C, 0xEC, 0x0D, 0xFF, 0x0C, 0xEC, 0x0D, 0xFF,
		0x0C, 0xEC, 0x0D, 0xFF, 0x0C, 0xEC, 0x0D, 0xFF, 0x0C, 0xEC, 0x0D, 0xFF, 0x0C, 0xEC, 0x0D, 0xFF,
		0x0C, 0xEC, 0x0D, 0xFF, 0x0C, 0xEC, 0x0D, 0xFF, 0x0C, 0xEC, 0x0D, 0xFF, 0x0C, 0xEC, 0x0D, 0xFF,
		0x0C, 0xEC, 0x0D, 0xFF, 0x0C, 0xEC, 0x0D, 0xFF, 0x0C, 0xEC, 0x0D, 0xFF, 0x0C, 0xEC, 0x0D, 0xFF,
		0x0C, 0xEC, 0x0D, 0xFF, 0x0C, 0xEC, 0x0D, 0xFF, 0x0C, 0xEC, 0x0D, 0xFF, 0x0C, 0xEC, 0x0D, 0xFF,
		0x0C, 0xEC, 0x0D, 0xFF, 0x0C, 0xEC, 0x0D, 0xFF, 0x0C, 0xEC, 0x0D, 0xFF, 0x0C, 0xEC, 0x0D, 0xFF,
		0x0C, 0xEC, 0x0D, 0xFF, 0x0C, 0xEC, 0x0D, 0xFF, 0x0C, 0xEC, 0x0D, 0xFF, 0x0C, 0xEC, 0x0D, 0xFF,
		0x0C, 0xEC, 0x0D, 0xFF, 0x0C, 0xEC, 0x0D, 0xFF, 0x0C, 0xEC, 0x0D, 0xFF, 0x0C, 0xEC, 0x0D, 0xFF,
		0x0C, 0xEC, 0x0D, 0xFF, 0x0C, 0xEC, 0x0D, 0xFF, 0x0C, 0xEC, 0x0D, 0xFF, 0x0C, 0xEC, 0x0D, 0xFF,
		0x0C, 0xEC, 0x0D, 0xFF, 0x0C, 0xEC, 0x0D, 0xFF, 0x0C, 0xEC, 0x0D, 0xFF, 0x0C, 0xEC, 0x0D, 0xFF,
		0x0C, 0xEC, 0x0D, 0xFF, 0x0C, 0xEC, 0x0D, 0xFF, 0x0C, 0xEC, 0x0D, 0xFF, 0x0C, 0xEC, 0x0D, 0xFF,
		0x0C, 0xEC, 0x0D, 0xFF, 0x0C, 0xEC, 0x0D, 0xFF, 0x0C, 0xEC, 0x0D, 0xFF, 0x0C, 0xEC, 0x0D, 0xFF,
		0x0C, 0xEC, 0x0D, 0xFF, 0x0C, 0xEC, 0x0D, 0xFF, 0x0C, 0xEC, 0x0D, 0xFF, 0x0C, 0xEC, 0x0D, 0xFF,
		0x0C, 0xEC, 0x0D, 0xFF, 0x0C, 0xEC, 0x0D, 0xFF, 0x0C, 0xEC, 0x0D, 0xFF, 0x0C, 0xEC, 0x0D, 0xFF,
		0x0C, 0xEC, 0x0D, 0xFF, 0x0C, 0xEC, 0x0D, 0xFF, 0x0C, 0xEC, 0x0D, 0xFF, 0x0C, 0xEC, 0x0D, 0xFF,
		0x0C, 0xEC, 0x0D, 0xFF, 0x0C, 0xEC, 0x0D, 0xFF, 0x0C, 0xEC, 0x0D, 0xFF, 0x0C, 0xEC, 0x0D, 0xFF,
		0x0C, 0xEC, 0x0D, 0xFF, 0x0C, 0xEC, 0x0D, 0xFF, 0x0C, 0xEC, 0x0D, 0xFF, 0x0C, 0xEC, 0x0D, 0xFF,
		0x0C, 0xEC, 0x0D, 0xFF, 0x0C, 0xEC, 0x0D, 0xFF, 0x0C, 0xEC, 0x0D, 0xFF, 0x0C, 0xEC, 0x0D, 0xFF,
		0x0C, 0xEC, 0x0D, 0xFF, 0x0C, 0xEC, 0x0D, 0xFF, 0x0C, 0xEC, 0x0D, 0xFF, 0x0C, 0xEC, 0x0D, 0xFF,
		0x0C, 0xEC, 0x0D, 0xFF, 0x0C, 0xEC, 0x0D, 0xFF, 0x0C, 0xEC, 0x0D, 0xFF, 0x0C, 0xEC, 0x0D, 0xFF,
		0x0C, 0xEC, 0x0D, 0xFF, 0x0C, 0xEC, 0x0D, 0xFF, 0x0C, 0xEC, 0x0D, 0xFF, 0x0C, 0xEC, 0x0D, 0xFF,
		0x0C, 0xEC, 0x0D, 0xFF, 0x0C, 0xEC, 0x0D, 0xFF, 0x0C, 0xEC, 0x0D, 0xFF, 0x0C, 0xEC, 0x0D, 0xFF,
		0x0C, 0xEC, 0x0D, 0xFF, 0x0C, 0xEC, 0x0D, 0xFF, 0x0C, 0xEC, 0x0D, 0xFF, 0x0C, 0xEC, 0x0D, 0xFF,
		0x0C, 0xEC, 0x0D, 0xFF, 0x0C, 0xEC, 0x0D, 0xFF, 0x0C, 0xEC, 0x0D, 0xFF, 0x0C, 0xEC, 0x0D, 0xFF,
		0x0C, 0xEC, 0x0D, 0xFF, 0x0C, 0xEC, 0x0D, 0xFF, 0x0C, 0xEC, 0x0D, 0xFF, 0x0C, 0xEC, 0x0D, 0xFF,
		0x0C, 0xEC, 0x0D, 0xFF, 0x0C, 0xEC, 0x0D, 0xFF, 0x0C, 0xEC, 0x0D, 0xFF, 0x0C, 0xEC, 0x0D, 0xFF,
		0x0C, 0xEC, 0x0D, 0xFF, 0x0C, 0xEC, 0x0D, 0xFF, 0x0C, 0xEC, 0x0D, 0xFF, 0x0C, 0xEC, 0x0D, 0xFF,
		0x0C, 0xEC, 0x0D, 0xFF, 0x0C, 0xEC, 0x0D, 0xFF, 0x0C, 0xEC, 0x0D, 0xFF, 0x0C, 0xEC, 0x0D, 0xFF,
		0x0C, 0xEC, 0x0D, 0xFF, 0x0C, 0xEC, 0x0D, 0xFF, 0x0C, 0xEC, 0x0D, 0xFF, 0x0C, 0xEC, 0x0D, 0xFF,
		0x0C, 0xEC, 0x0D, 0xFF, 0x0C, 0xEC, 0x0D, 0xFF, 0x0C, 0xEC, 0x0D, 0xFF, 0x0C, 0xEC, 0x0D, 0xFF,
		0x0C, 0xEC, 0x0D, 0xFF, 0x0C, 0xEC, 0x0D, 0xFF, 0x0C, 0xEC, 0x0D, 0xFF, 0x0C, 0xEC, 0x0D, 0xFF,
		0x0C, 0xEC, 0x0D, 0xFF, 0x0C, 0xEC, 0x0D, 0xFF, 0x0C, 0xEC, 0x0D, 0xFF, 0x0C, 0xEC, 0x0D, 0xFF,
		0x0C, 0xEC, 0x0D, 0xFF, 0x0C, 0xEC, 0x0D, 0xFF, 0x0C, 0xEC, 0x0D, 0xFF, 0x0C, 0xEC, 0x0D, 0xFF,
		0x0C, 0xEC, 0x0D, 0xFF, 0x0C, 0xEC, 0x0D, 0xFF, 0x0C, 0xEC, 0x0D, 0xFF, 0x0C, 0xEC, 0x0D, 0xFF,
		0x0C, 0xEC, 0x0D, 0xFF, 0x0C, 0xEC, 0x0D, 0xFF, 0x0C, 0xEC, 0x0D, 0xFF, 0x0C, 0xEC, 0x0D, 0xFF,
		0x0C, 0xEC, 0x0D, 0xFF, 0x0C, 0xEC, 0x0D, 0xFF, 0x0C, 0xEC, 0x0D, 0xFF, 0x0C, 0xEC, 0x0D, 0xFF,
		0x0C, 0xEC, 0x0D, 0xFF, 0x0C, 0xEC, 0x0D, 0xFF, 0x0C, 0xEC, 0x0D, 0xFF, 0x0C, 0xEC, 0x0D, 0xFF,
		0x0D, 0x0F, 0xEA, 0xFF, 0x0D, 0x0F, 0xEA, 0xFF, 0x0D, 0x0F, 0xEA, 0xFF, 0x0D, 0x0F, 0xEA, 0xFF,
		0x0D, 0x0F, 0xEA, 0xFF, 0x0D, 0x0F, 0xEA, 0xFF, 0x0D, 0x0F, 0xEA, 0xFF, 0x0D, 0x0F, 0xEA, 0xFF,
		0x0D, 0x0F, 0xEA, 0xFF, 0x0D, 0x0F, 0xEA, 0xFF, 0x0D, 0x0F, 0xEA, 0xFF, 0x0D, 0x0F, 0xEA, 0xFF,
		0x0D, 0x0F, 0xEA, 0xFF, 0x0D, 0x0F, 0xEA, 0xFF, 0x0D, 0x0F, 0xEA, 0xFF, 0x0D, 0x0F, 0xEA, 0xFF,
		0x0D, 0x0F, 0xEA, 0xFF, 0x0D, 0x0F, 0xEA, 0xFF, 0x0D, 0x0F, 0xEA, 0xFF, 0x0D, 0x0F, 0xEA, 0xFF,
		0x0D, 0x0F, 0xEA, 0xFF, 0x0D, 0x0F, 0xEA, 0xFF, 0x0D, 0x0F, 0xEA, 0xFF, 0x0D, 0x0F, 0xEA, 0xFF,
		0x0D, 0x0F, 0xEA, 0xFF, 0x0D, 0x0F, 0xEA, 0xFF, 0x0D, 0x0F, 0xEA, 0xFF, 0x0D, 0x0F, 0xEA, 0xFF,
		0x0D, 0x0F, 0xEA, 0xFF, 0x0D, 0x0F, 0xEA, 0xFF, 0x0D, 0x0F, 0xEA, 0xFF, 0x0D, 0x0F, 0xEA, 0xFF,
		0x0D, 0x0F, 0xEA, 0xFF, 0x0D, 0x0F, 0xEA, 0xFF, 0x0D, 0x0F, 0xEA, 0xFF, 0x0D, 0x0F, 0xEA, 0xFF,
		0x0D, 0x0F, 0xEA, 0xFF, 0x0D, 0x0F, 0xEA, 0xFF, 0x0D, 0x0F, 0xEA, 0xFF, 0x0D, 0x0F, 0xEA, 0xFF,
		0x0D, 0x0F, 0xEA, 0xFF, 0x0D, 0x0F, 0xEA, 0xFF, 0x0D, 0x0F, 0xEA, 0xFF, 0x0D, 0x0F, 0xEA, 0xFF,
		0x0D, 0x0F, 0xEA, 0xFF, 0x0D, 0x0F, 0xEA, 0xFF, 0x0D, 0x0F, 0xEA, 0xFF, 0x0D, 0x0F, 0xEA, 0xFF,
		0x0D, 0x0F, 0xEA, 0xFF, 0x0D, 0x0F, 0xEA, 0xFF, 0x0D, 0x0F, 0xEA, 0xFF, 0x0D, 0x0F, 0xEA, 0xFF,
		0x0D, 0x0F, 0xEA, 0xFF, 0x0D, 0x0F, 0xEA, 0xFF, 0x0D, 0x0F, 0xEA, 0xFF, 0x0D, 0x0F, 0xEA, 0xFF,
		0x0D, 0x0F, 0xEA, 0xFF, 0x0D, 0x0F, 0xEA, 0xFF, 0x0D, 0x0F, 0xEA, 0xFF, 0x0D, 0x0F, 0xEA, 0xFF,
		0x0D, 0x0F, 0xEA, 0xFF, 0x0D, 0x0F, 0xEA, 0xFF, 0x0D, 0x0F, 0xEA, 0xFF, 0x0D, 0x0F, 0xEA, 0xFF,
		0x0D, 0x0F, 0xEA, 0xFF, 0x0D, 0x0F, 0xEA, 0xFF, 0x0D, 0x0F, 0xEA, 0xFF, 0x0D, 0x0F, 0xEA, 0xFF,
		0x0D, 0x0F, 0xEA, 0xFF, 0x0D, 0x0F, 0xEA, 0xFF, 0x0D, 0x0F, 0xEA, 0xFF, 0x0D, 0x0F, 0xEA, 0xFF,
		0x0D, 0x0F, 0xEA, 0xFF, 0x0D, 0x0F, 0xEA, 0xFF, 0x0D, 0x0F, 0xEA, 0xFF, 0x0D, 0x0F, 0xEA, 0xFF,
		0x0D, 0x0F, 0xEA, 0xFF, 0x0D, 0x0F, 0xEA, 0xFF, 0x0D, 0x0F, 0xEA, 0xFF, 0x0D, 0x0F, 0xEA, 0xFF,
		0x0D, 0x0F, 0xEA, 0xFF, 0x0D, 0x0F, 0xEA, 0xFF, 0x0D, 0x0F, 0xEA, 0xFF, 0x0D, 0x0F, 0xEA, 0xFF,
		0x0D, 0x0F, 0xEA, 0xFF, 0x0D, 0x0F, 0xEA, 0xFF, 0x0D, 0x0F, 0xEA, 0xFF, 0x0D, 0x0F, 0xEA, 0xFF,
		0x0D, 0x0F, 0xEA, 0xFF, 0x0D, 0x0F, 0xEA, 0xFF, 0x0D, 0x0F, 0xEA, 0xFF, 0x0D, 0x0F, 0xEA, 0xFF,
		0x0D, 0x0F, 0xEA, 0xFF, 0x0D, 0x0F, 0xEA, 0xFF, 0x0D, 0x0F, 0xEA, 0xFF, 0x0D, 0x0F, 0xEA, 0xFF,
		0x0D, 0x0F, 0xEA, 0xFF, 0x0D, 0x0F, 0xEA, 0xFF, 0x0D, 0x0F, 0xEA, 0xFF, 0x0D, 0x0F, 0xEA, 0xFF,
		0x0D, 0x0F, 0xEA, 0xFF, 0x0D, 0x0F, 0xEA, 0xFF, 0x0D, 0x0F, 0xEA, 0xFF, 0x0D, 0x0F, 0xEA, 0xFF,
		0x0D, 0x0F, 0xEA, 0xFF, 0x0D, 0x0F, 0xEA, 0xFF, 0x0D, 0x0F, 0xEA, 0xFF, 0x0D, 0x0F, 0xEA, 0xFF,
		0x0D, 0x0F, 0xEA, 0xFF, 0x0D, 0x0F, 0xEA, 0xFF, 0x0D, 0x0F, 0xEA, 0xFF, 0x0D, 0x0F, 0xEA, 0xFF,
		0x0D, 0x0F, 0xEA, 0xFF, 0x0D, 0x0F, 0xEA, 0xFF, 0x0D, 0x0F, 0xEA, 0xFF, 0x0D, 0x0F, 0xEA, 0xFF,
		0x0D, 0x0F, 0xEA, 0xFF, 0x0D, 0x0F, 0xEA, 0xFF, 0x0D, 0x0F, 0xEA, 0xFF, 0x0D, 0x0F, 0xEA, 0xFF,
		0x0D, 0x0F, 0xEA, 0xFF, 0x0D, 0x0F, 0xEA, 0xFF, 0x0D, 0x0F, 0xEA, 0xFF, 0x0D, 0x0F, 0xEA, 0xFF,
		0x0D, 0x0F, 0xEA, 0xFF, 0x0D, 0x0F, 0xEA, 0xFF, 0x0D, 0x0F, 0xEA, 0xFF, 0x0D, 0x0F, 0xEA, 0xFF,
		0x0D, 0x0F, 0xEA, 0xFF, 0x0D, 0x0F, 0xEA, 0xFF, 0x0D, 0x0F, 0xEA, 0xFF, 0x0D, 0x0F, 0xEA, 0xFF,
		0x0D, 0x0F, 0xEA, 0xFF, 0x0D, 0x0F, 0xEA, 0xFF, 0x0D, 0x0F, 0xEA, 0xFF, 0x0D, 0x0F, 0xEA, 0xFF,
		0x0D, 0x0F, 0xEA, 0xFF, 0x0D, 0x0F, 0xEA, 0xFF, 0x0D, 0x0F, 0xEA, 0xFF, 0x0D, 0x0F, 0xEA, 0xFF,
		0x0D, 0x0F, 0xEA, 0xFF, 0x0D, 0x0F, 0xEA, 0xFF, 0x0D, 0x0F, 0xEA, 0xFF, 0x0D, 0x0F, 0xEA, 0xFF,
		0x0D, 0x0F, 0xEA, 0xFF, 0x0D, 0x0F, 0xEA, 0xFF, 0x0D, 0x0F, 0xEA, 0xFF, 0x0D, 0x0F, 0xEA, 0xFF,
		0x0D, 0x0F, 0xEA, 0xFF, 0x0D, 0x0F, 0xEA, 0xFF, 0x0D, 0x0F, 0xEA, 0xFF, 0x0D, 0x0F, 0xEA, 0xFF,
		0x0D, 0x0F, 0xEA, 0xFF, 0x0D, 0x0F, 0xEA, 0xFF, 0x0D, 0x0F, 0xEA, 0xFF, 0x0D, 0x0F, 0xEA, 0xFF,
		0x0D, 0x0F, 0xEA, 0xFF, 0x0D, 0x0F, 0xEA, 0xFF, 0x0D, 0x0F, 0xEA, 0xFF, 0x0D, 0x0F, 0xEA, 0xFF,
		0x0D, 0x0F, 0xEA, 0xFF, 0x0D, 0x0F, 0xEA, 0xFF, 0x0D, 0x0F, 0xEA, 0xFF, 0x0D, 0x0F, 0xEA, 0xFF,
		0x0D, 0x0F, 0xEA, 0xFF, 0x0D, 0x0F, 0xEA, 0xFF, 0x0D, 0x0F, 0xEA, 0xFF, 0x0D, 0x0F, 0xEA, 0xFF,
		0x0D, 0x0F, 0xEA, 0xFF, 0x0D, 0x0F, 0xEA, 0xFF, 0x0D, 0x0F, 0xEA, 0xFF, 0x0D, 0x0F, 0xEA, 0xFF,
		0x0D, 0x0F, 0xEA, 0xFF, 0x0D, 0x0F, 0xEA, 0xFF, 0x0D, 0x0F, 0xEA, 0xFF, 0x0D, 0x0F, 0xEA, 0xFF,
		0x0D, 0x0F, 0xEA, 0xFF, 0x0D, 0x0F, 0xEA, 0xFF, 0x0D, 0x0F, 0xEA, 0xFF, 0x0D, 0x0F, 0xEA, 0xFF,
		0x0D, 0x0F, 0xEA, 0xFF, 0x0D, 0x0F, 0xEA, 0xFF, 0x0D, 0x0F, 0xEA, 0xFF, 0x0D, 0x0F, 0xEA, 0xFF,
		0x0D, 0x0F, 0xEA, 0xFF, 0x0D, 0x0F, 0xEA, 0xFF, 0x0D, 0x0F, 0xEA, 0xFF, 0x0D, 0x0F, 0xEA, 0xFF,
		0x0D, 0x0F, 0xEA, 0xFF, 0x0D, 0x0F, 0xEA, 0xFF, 0x0D, 0x0F, 0xEA, 0xFF, 0x0D, 0x0F, 0xEA, 0xFF,
		0x0D, 0x0F, 0xEA, 0xFF, 0x0D, 0x0F, 0xEA, 0xFF, 0x0D, 0x0F, 0xEA, 0xFF, 0x0D, 0x0F, 0xEA, 0xFF,
		0x0D, 0x0F, 0xEA, 0xFF, 0x0D, 0x0F, 0xEA, 0xFF, 0x0D, 0x0F, 0xEA, 0xFF, 0x0D, 0x0F, 0xEA, 0xFF,
		0x0D, 0x0F, 0xEA, 0xFF, 0x0D, 0x0F, 0xEA, 0xFF, 0x0D, 0x0F, 0xEA, 0xFF, 0x0D, 0x0F, 0xEA, 0xFF,
		0x0D, 0x0F, 0xEA, 0xFF, 0x0D, 0x0F, 0xEA, 0xFF, 0x0D, 0x0F, 0xEA, 0xFF, 0x0D, 0x0F, 0xEA, 0xFF,
		0x0D, 0x0F, 0xEA, 0xFF, 0x0D, 0x0F, 0xEA, 0xFF, 0x0D, 0x0F, 0xEA, 0xFF, 0x0D, 0x0F, 0xEA, 0xFF,
		0x0D, 0x0F, 0xEA, 0xFF, 0x0D, 0x0F, 0xEA, 0xFF, 0x0D, 0x0F, 0xEA, 0xFF, 0x0D, 0x0F, 0xEA, 0xFF,
		0x0D, 0x0F, 0xEA, 0xFF, 0x0D, 0x0F, 0xEA, 0xFF, 0x0D, 0x0F, 0xEA, 0xFF, 0x0D, 0x0F, 0xEA, 0xFF,
		0x0D, 0x0F, 0xEA, 0xFF, 0x0D, 0x0F, 0xEA, 0xFF, 0x0D, 0x0F, 0xEA, 0xFF, 0x0D, 0x0F, 0xEA, 0xFF,
		0x0D, 0x0F, 0xEA, 0xFF, 0x0D, 0x0F, 0xEA, 0xFF, 0x0D, 0x0F, 0xEA, 0xFF, 0x0D, 0x0F, 0xEA, 0xFF,
		0x0D, 0x0F, 0xEA, 0xFF, 0x0D, 0x0F, 0xEA, 0xFF, 0x0D, 0x0F, 0xEA, 0xFF, 0x0D, 0x0F, 0xEA, 0xFF,
		0x0D, 0x0F, 0xEA, 0xFF, 0x0D, 0x0F, 0xEA, 0xFF, 0x0D, 0x0F, 0xEA, 0xFF, 0x0D, 0x0F, 0xEA, 0xFF,
		0x0D, 0x0F, 0xEA, 0xFF, 0x0D, 0x0F, 0xEA, 0xFF, 0x0D, 0x0F, 0xEA, 0xFF, 0x0D, 0x0F, 0xEA, 0xFF,
		0x0D, 0x0F, 0xEA, 0xFF, 0x0D, 0x0F, 0xEA, 0xFF, 0x0D, 0x0F, 0xEA, 0xFF, 0x0D, 0x0F, 0xEA, 0xFF,
		0x0D, 0x0F, 0xEA, 0xFF, 0x0D, 0x0F, 0xEA, 0xFF, 0x0D, 0x0F, 0xEA, 0xFF, 0x0D, 0x0F, 0xEA, 0xFF,
		0x0D, 0x0F, 0xEA, 0xFF, 0x0D, 0x0F, 0xEA, 0xFF, 0x0D, 0x0F, 0xEA, 0xFF, 0x0D, 0x0F, 0xEA, 0xFF,
		0x0D, 0x0F, 0xEA, 0xFF, 0x0D, 0x0F, 0xEA, 0xFF, 0x0D, 0x0F, 0xEA, 0xFF, 0x0D, 0x0F, 0xEA, 0xFF,
		0x0D, 0x0F, 0xEA, 0xFF, 0x0D, 0x0F, 0xEA, 0xFF, 0x0D, 0x0F, 0xEA, 0xFF, 0x0D, 0x0F, 0xEA, 0xFF,
		0x0D, 0x0F, 0xEA, 0xFF, 0x0D, 0x0F, 0xEA, 0xFF, 0x0D, 0x0F, 0xEA, 0xFF, 0x0D, 0x0F, 0xEA, 0xFF,
		0x0D, 0x0F, 0xEA, 0xFF, 0x0D, 0x0F, 0xEA, 0xFF, 0x0D, 0x0F, 0xEA, 0xFF, 0x0D, 0x0F, 0xEA, 0xFF,
		0x0D, 0x0F, 0xEA, 0xFF, 0x0D, 0x0F, 0xEA, 0xFF, 0x0D, 0x0F, 0xEA, 0xFF, 0x0D, 0x0F, 0xEA, 0xFF,
		0x0D, 0x0F, 0xEA, 0xFF, 0x0D, 0x0F, 0xEA, 0xFF, 0x0D, 0x0F, 0xEA, 0xFF, 0x0D, 0x0F, 0xEA, 0xFF,
		0x0D, 0x0F, 0xEA, 0xFF, 0x0D, 0x0F, 0xEA, 0xFF, 0x0D, 0x0F, 0xEA, 0xFF, 0x0D, 0x0F, 0xEA, 0xFF,
		0x0D, 0x0F, 0xEA, 0xFF, 0x0D, 0x0F, 0xEA, 0xFF, 0x0D, 0x0F, 0xEA, 0xFF, 0x0D, 0x0F, 0xEA, 0xFF,
		0x0D, 0x0F, 0xEA, 0xFF, 0x0D, 0x0F, 0xEA, 0xFF, 0x0D, 0x0F, 0xEA, 0xFF, 0x0D, 0x0F, 0xEA, 0xFF,
		0x0D, 0x0F, 0xEA, 0xFF, 0x0D, 0x0F, 0xEA, 0xFF, 0x0D, 0x0F, 0xEA, 0xFF, 0x0D, 0x0F, 0xEA, 0xFF,
		0x0D, 0x0F, 0xEA, 0xFF, 0x0D, 0x0F, 0xEA, 0xFF, 0x0D, 0x0F, 0xEA, 0xFF, 0x0D, 0x0F, 0xEA, 0xFF,
		0x0D, 0x0F, 0xEA, 0xFF, 0x0D, 0x0F, 0xEA, 0xFF, 0x0D, 0x0F, 0xEA, 0xFF, 0x0D, 0x0F, 0xEA, 0xFF,
		0x0D, 0x0F, 0xEA, 0xFF, 0x0D, 0x0F, 0xEA, 0xFF, 0x0D, 0x0F, 0xEA, 0xFF, 0x0D, 0x0F, 0xEA, 0xFF,
		0x0D, 0x0F, 0xEA, 0xFF, 0x0D, 0x0F, 0xEA, 0xFF, 0x0D, 0x0F, 0xEA, 0xFF, 0x0D, 0x0F, 0xEA, 0xFF,
		0x0D, 0x0F, 0xEA, 0xFF, 0x0D, 0x0F, 0xEA, 0xFF, 0x0D, 0x0F, 0xEA, 0xFF, 0x0D, 0x0F, 0xEA, 0xFF,
		0x0D, 0x0F, 0xEA, 0xFF, 0x0D, 0x0F, 0xEA, 0xFF, 0x0D, 0x0F, 0xEA, 0xFF, 0x0D, 0x0F, 0xEA, 0xFF,
		0x0D, 0x0F, 0xEA, 0xFF, 0x0D, 0x0F, 0xEA, 0xFF, 0x0D, 0x0F, 0xEA, 0xFF, 0x0D, 0x0F, 0xEA, 0xFF,
		0x0D, 0x0F, 0xEA, 0xFF, 0x0D, 0x0F, 0xEA, 0xFF, 0x0D, 0x0F, 0xEA, 0xFF, 0x0D, 0x0F, 0xEA, 0xFF,
		0x0D, 0x0F, 0xEA, 0xFF, 0x0D, 0x0F, 0xEA, 0xFF, 0x0D, 0x0F, 0xEA, 0xFF, 0x0D, 0x0F, 0xEA, 0xFF,
		0x0D, 0x0F, 0xEA, 0xFF, 0x0D, 0x0F, 0xEA, 0xFF, 0x0D, 0x0F, 0xEA, 0xFF, 0x0D, 0x0F, 0xEA, 0xFF,
		0x0D, 0x0F, 0xEA, 0xFF, 0x0D, 0x0F, 0xEA, 0xFF, 0x0D, 0x0F, 0xEA, 0xFF, 0x0D, 0x0F, 0xEA, 0xFF,
		0x0D, 0x0F, 0xEA, 0xFF, 0x0D, 0x0F, 0xEA, 0xFF, 0x0D, 0x0F, 0xEA, 0xFF, 0x0D, 0x0F, 0xEA, 0xFF,
		0x0D, 0x0F, 0xEA, 0xFF, 0x0D, 0x0F, 0xEA, 0xFF, 0x0D, 0x0F, 0xEA, 0xFF, 0x0D, 0x0F, 0xEA, 0xFF,
		0x0D, 0x0F, 0xEA, 0xFF, 0x0D, 0x0F, 0xEA, 0xFF, 0x0D, 0x0F, 0xEA, 0xFF, 0x0D, 0x0F, 0xEA, 0xFF,
		0x0D, 0x0F, 0xEA, 0xFF, 0x0D, 0x0F, 0xEA, 0xFF, 0x0D, 0x0F, 0xEA, 0xFF, 0x0D, 0x0F, 0xEA, 0xFF,
		0x0D, 0x0F, 0xEA, 0xFF, 0x0D, 0x0F, 0xEA, 0xFF, 0x0D, 0x0F, 0xEA, 0xFF, 0x0D, 0x0F, 0xEA, 0xFF,
		0x0D, 0x0F, 0xEA, 0xFF, 0x0D, 0x0F, 0xEA, 0xFF, 0x0D, 0x0F, 0xEA, 0xFF, 0x0D, 0x0F, 0xEA, 0xFF,
		0x0D, 0x0F, 0xEA, 0xFF, 0x0D, 0x0F, 0xEA, 0xFF, 0x0D, 0x0F, 0xEA, 0xFF, 0x0D, 0x0F, 0xEA, 0xFF,
		0x0D, 0x0F, 0xEA, 0xFF, 0x0D, 0x0F, 0xEA, 0xFF, 0x0D, 0x0F, 0xEA, 0xFF, 0x0D, 0x0F, 0xEA, 0xFF,
		0x0D, 0x0F, 0xEA, 0xFF, 0x0D, 0x0F, 0xEA, 0xFF, 0x0D, 0x0F, 0xEA, 0xFF, 0x0D, 0x0F, 0xEA, 0xFF,
		0x0D, 0x0F, 0xEA, 0xFF, 0x0D, 0x0F, 0xEA, 0xFF, 0x0D, 0x0F, 0xEA, 0xFF, 0x0D, 0x0F, 0xEA, 0xFF,
		0x0D, 0x0F, 0xEA, 0xFF, 0x0D, 0x0F, 0xEA, 0xFF, 0x0D, 0x0F, 0xEA, 0xFF, 0x0D, 0x0F, 0xEA, 0xFF,
		0x0D, 0x0F, 0xEA, 0xFF, 0x0D, 0x0F, 0xEA, 0xFF, 0x0D, 0x0F, 0xEA, 0xFF, 0x0D, 0x0F, 0xEA, 0xFF,
		0x0D, 0x0F, 0xEA, 0xFF, 0x0D, 0x0F, 0xEA, 0xFF, 0x0D, 0x0F, 0xEA, 0xFF, 0x0D, 0x0F, 0xEA, 0xFF,
		0x0D, 0x0F, 0xEA, 0xFF, 0x0D, 0x0F, 0xEA, 0xFF, 0x0D, 0x0F, 0xEA, 0xFF, 0x0D, 0x0F, 0xEA, 0xFF,
		0x0D, 0x0F, 0xEA, 0xFF, 0x0D, 0x0F, 0xEA, 0xFF, 0x0D, 0x0F, 0xEA, 0xFF, 0x0D, 0x0F, 0xEA, 0xFF,
		0x0D, 0x0F, 0xEA, 0xFF, 0x0D, 0x0F, 0xEA, 0xFF, 0x0D, 0x0F, 0xEA, 0xFF, 0x0D, 0x0F, 0xEA, 0xFF,
		0x0D, 0x0F, 0xEA, 0xFF, 0x0D, 0x0F, 0xEA, 0xFF, 0x0D, 0x0F, 0xEA, 0xFF, 0x0D, 0x0F, 0xEA, 0xFF,
		0x0D, 0x0F, 0xEA, 0xFF, 0x0D, 0x0F, 0xEA, 0xFF, 0x0D, 0x0F, 0xEA, 0xFF, 0x0D, 0x0F, 0xEA, 0xFF,
		0x0D, 0x0F, 0xEA, 0xFF, 0x0D, 0x0F, 0xEA, 0xFF, 0x0D, 0x0F, 0xEA, 0xFF, 0x0D, 0x0F, 0xEA, 0xFF,
		0x0D, 0x0F, 0xEA, 0xFF, 0x0D, 0x0F, 0xEA, 0xFF, 0x0D, 0x0F, 0xEA, 0xFF, 0x0D, 0x0F, 0xEA, 0xFF,
		0x0D, 0x0F, 0xEA, 0xFF, 0x0D, 0x0F, 0xEA, 0xFF, 0x0D, 0x0F, 0xEA, 0xFF, 0x0D, 0x0F, 0xEA, 0xFF,
		0x0D, 0x0F, 0xEA, 0xFF, 0x0D, 0x0F, 0xEA, 0xFF, 0x0D, 0x0F, 0xEA, 0xFF, 0x0D, 0x0F, 0xEA, 0xFF,
		0x0D, 0x0F, 0xEA, 0xFF, 0x0D, 0x0F, 0xEA, 0xFF, 0x0D, 0x0F, 0xEA, 0xFF, 0x0D, 0x0F, 0xEA, 0xFF,
		0x0D, 0x0F, 0xEA, 0xFF, 0x0D, 0x0F, 0xEA, 0xFF, 0x0D, 0x0F, 0xEA, 0xFF, 0x0D, 0x0F, 0xEA, 0xFF,
		0x0D, 0x0F, 0xEA, 0xFF, 0x0D, 0x0F, 0xEA, 0xFF, 0x0D, 0x0F, 0xEA, 0xFF, 0x0D, 0x0F, 0xEA, 0xFF,
		0x0D, 0x0F, 0xEA, 0xFF, 0x0D, 0x0F, 0xEA, 0xFF, 0x0D, 0x0F, 0xEA, 0xFF, 0x0D, 0x0F, 0xEA, 0xFF,
		0x0D, 0x0F, 0xEA, 0xFF, 0x0D, 0x0F, 0xEA, 0xFF, 0x0D, 0x0F, 0xEA, 0xFF, 0x0D, 0x0F, 0xEA, 0xFF,
		0x0D, 0x0F, 0xEA, 0xFF, 0x0D, 0x0F, 0xEA, 0xFF, 0x0D, 0x0F, 0xEA, 0xFF, 0x0D, 0x0F, 0xEA, 0xFF,
		0x0D, 0x0F, 0xEA, 0xFF, 0x0D, 0x0F, 0xEA, 0xFF, 0x0D, 0x0F, 0xEA, 0xFF, 0x0D, 0x0F, 0xEA, 0xFF,
		0x0D, 0x0F, 0xEA, 0xFF, 0x0D, 0x0F, 0xEA, 0xFF, 0x0D, 0x0F, 0xEA, 0xFF, 0x0D, 0x0F, 0xEA, 0xFF,
		0x0D, 0x0F, 0xEA, 0xFF, 0x0D, 0x0F, 0xEA, 0xFF, 0x0D, 0x0F, 0xEA, 0xFF, 0x0D, 0x0F, 0xEA, 0xFF,
		0x0D, 0x0F, 0xEA, 0xFF, 0x0D, 0x0F, 0xEA, 0xFF, 0x0D, 0x0F, 0xEA, 0xFF, 0x0D, 0x0F, 0xEA, 0xFF,
		0x0D, 0x0F, 0xEA, 0xFF, 0x0D, 0x0F, 0xEA, 0xFF, 0x0D, 0x0F, 0xEA, 0xFF, 0x0D, 0x0F, 0xEA, 0xFF,
		0x0D, 0x0F, 0xEA, 0xFF, 0x0D, 0x0F, 0xEA, 0xFF, 0x0D, 0x0F, 0xEA, 0xFF, 0x0D, 0x0F, 0xEA, 0xFF,
		0x0D, 0x0F, 0xEA, 0xFF, 0x0D, 0x0F, 0xEA, 0xFF, 0x0D, 0x0F, 0xEA, 0xFF, 0x0D, 0x0F, 0xEA, 0xFF,
		0x0D, 0x0F, 0xEA, 0xFF, 0x0D, 0x0F, 0xEA, 0xFF, 0x0D, 0x0F, 0xEA, 0xFF, 0x0D, 0x0F, 0xEA, 0xFF,
		0x0D, 0x0F, 0xEA, 0xFF, 0x0D, 0x0F, 0xEA, 0xFF, 0x0D, 0x0F, 0xEA, 0xFF, 0x0D, 0x0F, 0xEA, 0xFF,
		0x0D, 0x0F, 0xEA, 0xFF, 0x0D, 0x0F, 0xEA, 0xFF, 0x0D, 0x0F, 0xEA, 0xFF, 0x0D, 0x0F, 0xEA, 0xFF,
		0x0D, 0x0F, 0xEA, 0xFF, 0x0D, 0x0F, 0xEA, 0xFF, 0x0D, 0x0F, 0xEA, 0xFF, 0x0D, 0x0F, 0xEA, 0xFF,
		0x0D, 0x0F, 0xEA, 0xFF, 0x0D, 0x0F, 0xEA, 0xFF, 0x0D, 0x0F, 0xEA, 0xFF, 0x0D, 0x0F, 0xEA, 0xFF,
		0x0D, 0x0F, 0xEA, 0xFF, 0x0D, 0x0F, 0xEA, 0xFF, 0x0D, 0x0F, 0xEA, 0xFF, 0x0D, 0x0F, 0xEA, 0xFF,
		0x0D, 0x0F, 0xEA, 0xFF, 0x0D, 0x0F, 0xEA, 0xFF, 0x0D, 0x0F, 0xEA, 0xFF, 0x0D, 0x0F, 0xEA, 0xFF,
		0x0D, 0x0F, 0xEA, 0xFF, 0x0D, 0x0F, 0xEA, 0xFF, 0x0D, 0x0F, 0xEA, 0xFF, 0x0D, 0x0F, 0xEA, 0xFF,
		0x0D, 0x0F, 0xEA, 0xFF, 0x0D, 0x0F, 0xEA, 0xFF, 0x0D, 0x0F, 0xEA, 0xFF, 0x0D, 0x0F, 0xEA, 0xFF,
		0x0D, 0x0F, 0xEA, 0xFF, 0x0D, 0x0F, 0xEA, 0xFF, 0x0D, 0x0F, 0xEA, 0xFF, 0x0D, 0x0F, 0xEA, 0xFF,
		0x0D, 0x0F, 0xEA, 0xFF, 0x0D, 0x0F, 0xEA, 0xFF, 0x0D, 0x0F, 0xEA, 0xFF, 0x0D, 0x0F, 0xEA, 0xFF,
		0x0D, 0x0F, 0xEA, 0xFF, 0x0D, 0x0F, 0xEA, 0xFF, 0x0D, 0x0F, 0xEA, 0xFF, 0x0D, 0x0F, 0xEA, 0xFF,
		0x0D, 0x0F, 0xEA, 0xFF, 0x0D, 0x0F, 0xEA, 0xFF, 0x0D, 0x0F, 0xEA, 0xFF, 0x0D, 0x0F, 0xEA, 0xFF,
		0x0D, 0x0F, 0xEA, 0xFF, 0x0D, 0x0F, 0xEA, 0xFF, 0x0D, 0x0F, 0xEA, 0xFF, 0x0D, 0x0F, 0xEA, 0xFF,
		0x0D, 0x0F, 0xEA, 0xFF, 0x0D, 0x0F, 0xEA, 0xFF, 0x0D, 0x0F, 0xEA, 0xFF, 0x0D, 0x0F, 0xEA, 0xFF,
		0x0D, 0x0F, 0xEA, 0xFF, 0x0D, 0x0F, 0xEA, 0xFF, 0x0D, 0x0F, 0xEA, 0xFF, 0x0D, 0x0F, 0xEA, 0xFF,
		0x0D, 0x0F, 0xEA, 0xFF, 0x0D, 0x0F, 0xEA, 0xFF, 0x0D, 0x0F, 0xEA, 0xFF, 0x0D, 0x0F, 0xEA, 0xFF,
		0x0D, 0x0F, 0xEA, 0xFF, 0x0D, 0x0F, 0xEA, 0xFF, 0x0D, 0x0F, 0xEA, 0xFF, 0x0D, 0x0F, 0xEA, 0xFF,
		0x0D, 0x0F, 0xEA, 0xFF, 0x0D, 0x0F, 0xEA, 0xFF, 0x0D, 0x0F, 0xEA, 0xFF, 0x0D, 0x0F, 0xEA, 0xFF,
		0x0D, 0x0F, 0xEA, 0xFF, 0x0D, 0x0F, 0xEA, 0xFF, 0x0D, 0x0F, 0xEA, 0xFF, 0x0D, 0x0F, 0xEA, 0xFF,
		0x0D, 0x0F, 0xEA, 0xFF, 0x0D, 0x0F, 0xEA, 0xFF, 0x0D, 0x0F, 0xEA, 0xFF, 0x0D, 0x0F, 0xEA, 0xFF,
		0x0D, 0x0F, 0xEA, 0xFF, 0x0D, 0x0F, 0xEA, 0xFF, 0x0D, 0x0F, 0xEA, 0xFF, 0x0D, 0x0F, 0xEA, 0xFF,
		0x0D, 0x0F, 0xEA, 0xFF, 0x0D, 0x0F, 0xEA, 0xFF, 0x0D, 0x0F, 0xEA, 0xFF, 0x0D, 0x0F, 0xEA, 0xFF,
		0x0D, 0x0F, 0xEA, 0xFF, 0x0D, 0x0F, 0xEA, 0xFF, 0x0D, 0x0F, 0xEA, 0xFF, 0x0D, 0x0F, 0xEA, 0xFF,
		0x0D, 0x0F, 0xEA, 0xFF, 0x0D, 0x0F, 0xEA, 0xFF, 0x0D, 0x0F, 0xEA, 0xFF, 0x0D, 0x0F, 0xEA, 0xFF,
		0x0D, 0x0F, 0xEA, 0xFF, 0x0D, 0x0F, 0xEA, 0xFF, 0x0D, 0x0F, 0xEA, 0xFF, 0x0D, 0x0F, 0xEA, 0xFF,
		0x0D, 0x0F, 0xEA, 0xFF, 0x0D, 0x0F, 0xEA, 0xFF, 0x0D, 0x0F, 0xEA, 0xFF, 0x0D, 0x0F, 0xEA, 0xFF,
		0x0D, 0x0F, 0xEA, 0xFF, 0x0D, 0x0F, 0xEA, 0xFF, 0x0D, 0x0F, 0xEA, 0xFF, 0x0D, 0x0F, 0xEA, 0xFF,
		0x0D, 0x0F, 0xEA, 0xFF, 0x0D, 0x0F, 0xEA, 0xFF, 0x0D, 0x0F, 0xEA, 0xFF, 0x0D, 0x0F, 0xEA, 0xFF,
		0x0D, 0x0F, 0xEA, 0xFF, 0x0D, 0x0F, 0xEA, 0xFF, 0x0D, 0x0F, 0xEA, 0xFF, 0x0D, 0x0F, 0xEA, 0xFF,
		0x0D, 0x0F, 0xEA, 0xFF, 0x0D, 0x0F, 0xEA, 0xFF, 0x0D, 0x0F, 0xEA, 0xFF, 0x0D, 0x0F, 0xEA, 0xFF,
		0x0D, 0x0F, 0xEA, 0xFF, 0x0D, 0x0F, 0xEA, 0xFF, 0x0D, 0x0F, 0xEA, 0xFF, 0x0D, 0x0F, 0xEA, 0xFF,
		0x0D, 0x0F, 0xEA, 0xFF, 0x0D, 0x0F, 0xEA, 0xFF, 0x0D, 0x0F, 0xEA, 0xFF, 0x0D, 0x0F, 0xEA, 0xFF,
		0x0D, 0x0F, 0xEA, 0xFF, 0x0D, 0x0F, 0xEA, 0xFF, 0x0D, 0x0F, 0xEA, 0xFF, 0x0D, 0x0F, 0xEA, 0xFF,
		0x0D, 0x0F, 0xEA, 0xFF, 0x0D, 0x0F, 0xEA, 0xFF, 0x0D, 0x0F, 0xEA, 0xFF, 0x0D, 0x0F, 0xEA, 0xFF,
		0x0D, 0x0F, 0xEA, 0xFF, 0x0D, 0x0F, 0xEA, 0xFF, 0x0D, 0x0F, 0xEA, 0xFF, 0x0D, 0x0F, 0xEA, 0xFF,
		0x0D, 0x0F, 0xEA, 0xFF, 0x0D, 0x0F, 0xEA, 0xFF, 0x0D, 0x0F, 0xEA, 0xFF, 0x0D, 0x0F, 0xEA, 0xFF,
		0x0D, 0x0F, 0xEA, 0xFF, 0x0D, 0x0F, 0xEA, 0xFF, 0x0D, 0x0F, 0xEA, 0xFF, 0x0D, 0x0F, 0xEA, 0xFF,
		0x0D, 0x0F, 0xEA, 0xFF, 0x0D, 0x0F, 0xEA, 0xFF, 0x0D, 0x0F, 0xEA, 0xFF, 0x0D, 0x0F, 0xEA, 0xFF,
		0x0D, 0x0F, 0xEA, 0xFF, 0x0D, 0x0F, 0xEA, 0xFF, 0x0D, 0x0F, 0xEA, 0xFF, 0x0D, 0x0F, 0xEA, 0xFF,
		0x0D, 0x0F, 0xEA, 0xFF, 0x0D, 0x0F, 0xEA, 0xFF, 0x0D, 0x0F, 0xEA, 0xFF, 0x0D, 0x0F, 0xEA, 0xFF,
		0xE4, 0xE4, 0xE4, 0xFF, 0xDD, 0xDD, 0xDD, 0xFF, 0xD4, 0xD7, 0xD4, 0xFF, 0xCD, 0xD0, 0xCD, 0xFF,
		0xC6, 0xC9, 0xC6, 0xFF, 0xBF, 0xC2, 0xBF, 0xFF, 0xB8, 0xBB, 0xB8, 0xFF, 0xB0, 0xB3, 0xB0, 0xFF,
		0xA9, 0xAC, 0xA9, 0xFF, 0xA3, 0xA6, 0xA3, 0xFF, 0x9C, 0x9F, 0x9C, 0xFF, 0x94, 0x97, 0x94, 0xFF,
		0x8E, 0x91, 0x8E, 0xFF, 0x87, 0x8A, 0x87, 0xFF, 0x80, 0x83, 0x80, 0xFF, 0x78, 0x7B, 0x78, 0xFF,
		0x71, 0x74, 0x71, 0xFF, 0x6A, 0x6D, 0x6A, 0xFF, 0x62, 0x66, 0x63, 0xFF, 0x5B, 0x5F, 0x5C, 0xFF,
		0x54, 0x58, 0x55, 0xFF, 0x4E, 0x52, 0x4F, 0xFF, 0x47, 0x4B, 0x48, 0xFF, 0x3F, 0x43, 0x40, 0xFF,
		0x38, 0x3C, 0x39, 0xFF, 0x31, 0x35, 0x32, 0xFF, 0x2A, 0x2F, 0x29, 0xFF, 0x23, 0x28, 0x22, 0xFF,
		0x1C, 0x21, 0x1B, 0xFF, 0x15, 0x1A, 0x14, 0xFF, 0x10, 0x13, 0x10, 0xFF, 0xE8, 0xEB, 0xE8, 0xFF,
		0xE4, 0xE4, 0xE4, 0xFF, 0xDD, 0xDD, 0xDD, 0xFF, 0xD4, 0xD7, 0xD4, 0xFF, 0xCD, 0xD0, 0xCD, 0xFF,
		0xC6, 0xC9, 0xC6, 0xFF, 0xBF, 0xC2, 0xBF, 0xFF, 0xB8, 0xBB, 0xB8, 0xFF, 0xB0, 0xB3, 0xB0, 0xFF,
		0xA9, 0xAC, 0xA9, 0xFF, 0xA3, 0xA6, 0xA3, 0xFF, 0x9C, 0x9F, 0x9C, 0xFF, 0x94, 0x97, 0x94, 0xFF,
		0x8E, 0x91, 0x8E, 0xFF, 0x87, 0x8A, 0x87, 0xFF, 0x80, 0x83, 0x80, 0xFF, 0x78, 0x7B, 0x78, 0xFF,
		0x71, 0x74, 0x71, 0xFF, 0x6A, 0x6D, 0x6A, 0xFF, 0x62, 0x66, 0x63, 0xFF, 0x5B, 0x5F, 0x5C, 0xFF,
		0x54, 0x58, 0x55, 0xFF, 0x4E, 0x52, 0x4F, 0xFF, 0x47, 0x4B, 0x48, 0xFF, 0x3F, 0x43, 0x40, 0xFF,
		0x38, 0x3C, 0x39, 0xFF, 0x31, 0x35, 0x32, 0xFF, 0x2A, 0x2F, 0x29, 0xFF, 0x23, 0x28, 0x22, 0xFF,
		0x1C, 0x21, 0x1B, 0xFF, 0x15, 0x1A, 0x14, 0xFF, 0x10, 0x13, 0x10, 0xFF, 0xE8, 0xEB, 0xE8, 0xFF,
		0xE4, 0xE4, 0xE4, 0xFF, 0xDD, 0xDD, 0xDD, 0xFF, 0xD4, 0xD7, 0xD4, 0xFF, 0xCD, 0xD0, 0xCD, 0xFF,
		0xC6, 0xC9, 0xC6, 0xFF, 0xBF, 0xC2, 0xBF, 0xFF, 0xB8, 0xBB, 0xB8, 0xFF, 0xB0, 0xB3, 0xB0, 0xFF,
		0xA9, 0xAC, 0xA9, 0xFF, 0xA3, 0xA6, 0xA3, 0xFF, 0x9C, 0x9F, 0x9C, 0xFF, 0x94, 0x97, 0x94, 0xFF,
		0x8E, 0x91, 0x8E, 0xFF, 0x87, 0x8A, 0x87, 0xFF, 0x80, 0x83, 0x80, 0xFF, 0x78, 0x7B, 0x78, 0xFF,
		0x71, 0x74, 0x71, 0xFF, 0x6A, 0x6D, 0x6A, 0xFF, 0x62, 0x66, 0x63, 0xFF, 0x5B, 0x5F, 0x5C, 0xFF,
		0x54, 0x58, 0x55, 0xFF, 0x4E, 0x52, 0x4F, 0xFF, 0x47, 0x4B, 0x48, 0xFF, 0x3F, 0x43, 0x40, 0xFF,
		0x38, 0x3C, 0x39, 0xFF, 0x31, 0x35, 0x32, 0xFF, 0x2A, 0x2F, 0x29, 0xFF, 0x23, 0x28, 0x22, 0xFF,
		0x1C, 0x21, 0x1B, 0xFF, 0x15, 0x1A, 0x14, 0xFF, 0x10, 0x13, 0x10, 0xFF, 0xE8, 0xEB, 0xE8, 0xFF,
		0xE4, 0xE4, 0xE4, 0xFF, 0xDD, 0xDD, 0xDD, 0xFF, 0xD4, 0xD7, 0xD4, 0xFF, 0xCD, 0xD0, 0xCD, 0xFF,
		0xC6, 0xC9, 0xC6, 0xFF, 0xBF, 0xC2, 0xBF, 0xFF, 0xB8, 0xBB, 0xB8, 0xFF, 0xB0, 0xB3, 0xB0, 0xFF,
		0xA9, 0xAC, 0xA9, 0xFF, 0xA3, 0xA6, 0xA3, 0xFF, 0x9C, 0x9F, 0x9C, 0xFF, 0x94, 0x97, 0x94, 0xFF,
		0x8E, 0x91, 0x8E, 0xFF, 0x87, 0x8A, 0x87, 0xFF, 0x80, 0x83, 0x80, 0xFF, 0x78, 0x7B, 0x78, 0xFF,
		0x71, 0x74, 0x71, 0xFF, 0x6A, 0x6D, 0x6A, 0xFF, 0x62, 0x66, 0x63, 0xFF, 0x5B, 0x5F, 0x5C, 0xFF,
		0x54, 0x58, 0x55, 0xFF, 0x4E, 0x52, 0x4F, 0xFF, 0x47, 0x4B, 0x48, 0xFF, 0x3F, 0x43, 0x40, 0xFF,
		0x38, 0x3C, 0x39, 0xFF, 0x31, 0x35, 0x32, 0xFF, 0x2A, 0x2F, 0x29, 0xFF, 0x23, 0x28, 0x22, 0xFF,
		0x1C, 0x21, 0x1B, 0xFF, 0x15, 0x1A, 0x14, 0xFF, 0x10, 0x13, 0x10, 0xFF, 0xE8, 0xEB, 0xE8, 0xFF,
		0xE4, 0xE4, 0xE4, 0xFF, 0xDD, 0xDD, 0xDD, 0xFF, 0xD4, 0xD7, 0xD4, 0xFF, 0xCD, 0xD0, 0xCD, 0xFF,
		0xC6, 0xC9, 0xC6, 0xFF, 0xBF, 0xC2, 0xBF, 0xFF, 0xB8, 0xBB, 0xB8, 0xFF, 0xB0, 0xB3, 0xB0, 0xFF,
		0xA9, 0xAC, 0xA9, 0xFF, 0xA3, 0xA6, 0xA3, 0xFF, 0x9C, 0x9F, 0x9C, 0xFF, 0x94, 0x97, 0x94, 0xFF,
		0x8E, 0x91, 0x8E, 0xFF, 0x87, 0x8A, 0x87, 0xFF, 0x80, 0x83, 0x80, 0xFF, 0x78, 0x7B, 0x78, 0xFF,
		0x71, 0x74, 0x71, 0xFF, 0x6A, 0x6D, 0x6A, 0xFF, 0x62, 0x66, 0x63, 0xFF, 0x5B, 0x5F, 0x5C, 0xFF,
		0x54, 0x58, 0x55, 0xFF, 0x4E, 0x52, 0x4F, 0xFF, 0x47, 0x4B, 0x48, 0xFF, 0x3F, 0x43, 0x40, 0xFF,
		0x38, 0x3C, 0x39, 0xFF, 0x31, 0x35, 0x32, 0xFF, 0x2A, 0x2F, 0x29, 0xFF, 0x23, 0x28, 0x22, 0xFF,
		0x1C, 0x21, 0x1B, 0xFF, 0x15, 0x1A, 0x14, 0xFF, 0x10, 0x13, 0x10, 0xFF, 0xE8, 0xEB, 0xE8, 0xFF,
		0xE4, 0xE4, 0xE4, 0xFF, 0xDD, 0xDD, 0xDD, 0xFF, 0xD4, 0xD7, 0xD4, 0xFF, 0xCD, 0xD0, 0xCD, 0xFF,
		0xC6, 0xC9, 0xC6, 0xFF, 0xBF, 0xC2, 0xBF, 0xFF, 0xB8, 0xBB, 0xB8, 0xFF, 0xB0, 0xB3, 0xB0, 0xFF,
		0xA9, 0xAC, 0xA9, 0xFF, 0xA3, 0xA6, 0xA3, 0xFF, 0x9C, 0x9F, 0x9C, 0xFF, 0x94, 0x97, 0x94, 0xFF,
		0x8E, 0x91, 0x8E, 0xFF, 0x87, 0x8A, 0x87, 0xFF, 0x80, 0x83, 0x80, 0xFF, 0x78, 0x7B, 0x78, 0xFF,
		0x71, 0x74, 0x71, 0xFF, 0x6A, 0x6D, 0x6A, 0xFF, 0x62, 0x66, 0x63, 0xFF, 0x5B, 0x5F, 0x5C, 0xFF,
		0x54, 0x58, 0x55, 0xFF, 0x4E, 0x52, 0x4F, 0xFF, 0x47, 0x4B, 0x48, 0xFF, 0x3F, 0x43, 0x40, 0xFF,
		0x38, 0x3C, 0x39, 0xFF, 0x31, 0x35, 0x32, 0xFF, 0x2A, 0x2F, 0x29, 0xFF, 0x23, 0x28, 0x22, 0xFF,
		0x1C, 0x21, 0x1B, 0xFF, 0x15, 0x1A, 0x14, 0xFF, 0x10, 0x13, 0x10, 0xFF, 0xE8, 0xEB, 0xE8, 0xFF,
		0xE4, 0xE4, 0xE4, 0xFF, 0xDD, 0xDD, 0xDD, 0xFF, 0xD4, 0xD7, 0xD4, 0xFF, 0xCD, 0xD0, 0xCD, 0xFF,
		0xC6, 0xC9, 0xC6, 0xFF, 0xBF, 0xC2, 0xBF, 0xFF, 0xB8, 0xBB, 0xB8, 0xFF, 0xB0, 0xB3, 0xB0, 0xFF,
		0xA9, 0xAC, 0xA9, 0xFF, 0xA3, 0xA6, 0xA3, 0xFF, 0x9C, 0x9F, 0x9C, 0xFF, 0x94, 0x97, 0x94, 0xFF,
		0x8E, 0x91, 0x8E, 0xFF, 0x87, 0x8A, 0x87, 0xFF, 0x80, 0x83, 0x80, 0xFF, 0x78, 0x7B, 0x78, 0xFF,
		0x71, 0x74, 0x71, 0xFF, 0x6A, 0x6D, 0x6A, 0xFF, 0x62, 0x66, 0x63, 0xFF, 0x5B, 0x5F, 0x5C, 0xFF,
		0x54, 0x58, 0x55, 0xFF, 0x4E, 0x52, 0x4F, 0xFF, 0x47, 0x4B, 0x48, 0xFF, 0x3F, 0x43, 0x40, 0xFF,
		0x38, 0x3C, 0x39, 0xFF, 0x31, 0x35, 0x32, 0xFF, 0x2A, 0x2F, 0x29, 0xFF, 0x23, 0x28, 0x22, 0xFF,
		0x1C, 0x21, 0x1B, 0xFF, 0x15, 0x1A, 0x14, 0xFF, 0x10, 0x13, 0x10, 0xFF, 0xE8, 0xEB, 0xE8, 0xFF,
		0xE4, 0xE4, 0xE4, 0xFF, 0xDD, 0xDD, 0xDD, 0xFF, 0xD4, 0xD7, 0xD4, 0xFF, 0xCD, 0xD0, 0xCD, 0xFF,
		0xC6, 0xC9, 0xC6, 0xFF, 0xBF, 0xC2, 0xBF, 0xFF, 0xB8, 0xBB, 0xB8, 0xFF, 0xB0, 0xB3, 0xB0, 0xFF,
		0xA9, 0xAC, 0xA9, 0xFF, 0xA3, 0xA6, 0xA3, 0xFF, 0x9C, 0x9F, 0x9C, 0xFF, 0x94, 0x97, 0x94, 0xFF,
		0x8E, 0x91, 0x8E, 0xFF, 0x87, 0x8A, 0x87, 0xFF, 0x80, 0x83, 0x80, 0xFF, 0x78, 0x7B, 0x78, 0xFF,
		0x71, 0x74, 0x71, 0xFF, 0x6A, 0x6D, 0x6A, 0xFF, 0x62, 0x66, 0x63, 0xFF, 0x5B, 0x5F, 0x5C, 0xFF,
		0x54, 0x58, 0x55, 0xFF, 0x4E, 0x52, 0x4F, 0xFF, 0x47, 0x4B, 0x48, 0xFF, 0x3F, 0x43, 0x40, 0xFF,
		0x38, 0x3C, 0x39, 0xFF, 0x31, 0x35, 0x32, 0xFF, 0x2A, 0x2F, 0x29, 0xFF, 0x23, 0x28, 0x22, 0xFF,
		0x1C, 0x21, 0x1B, 0xFF, 0x15, 0x1A, 0x14, 0xFF, 0x10, 0x13, 0x10, 0xFF, 0xE8, 0xEB, 0xE8, 0xFF,
		0xE4, 0xE4, 0xE4, 0xFF, 0xDD, 0xDD, 0xDD, 0xFF, 0xD4, 0xD7, 0xD4, 0xFF, 0xCD, 0xD0, 0xCD, 0xFF,
		0xC6, 0xC9, 0xC6, 0xFF, 0xBF, 0xC2, 0xBF, 0xFF, 0xB8, 0xBB, 0xB8, 0xFF, 0xB0, 0xB3, 0xB0, 0xFF,
		0xA9, 0xAC, 0xA9, 0xFF, 0xA3, 0xA6, 0xA3, 0xFF, 0x9C, 0x9F, 0x9C, 0xFF, 0x94, 0x97, 0x94, 0xFF,
		0x8E, 0x91, 0x8E, 0xFF, 0x87, 0x8A, 0x87, 0xFF, 0x80, 0x83, 0x80, 0xFF, 0x78, 0x7B, 0x78, 0xFF,
		0x71, 0x74, 0x71, 0xFF, 0x6A, 0x6D, 0x6A, 0xFF, 0x62, 0x66, 0x63, 0xFF, 0x5B, 0x5F, 0x5C, 0xFF,
		0x54, 0x58, 0x55, 0xFF, 0x4E, 0x52, 0x4F, 0xFF, 0x47, 0x4B, 0x48, 0xFF, 0x3F, 0x43, 0x40, 0xFF,
		0x38, 0x3C, 0x39, 0xFF, 0x31, 0x35, 0x32, 0xFF, 0x2A, 0x2F, 0x29, 0xFF, 0x23, 0x28, 0x22, 0xFF,
		0x1C, 0x21, 0x1B, 0xFF, 0x15, 0x1A, 0x14, 0xFF, 0x10, 0x13, 0x10, 0xFF, 0xE8, 0xEB, 0xE8, 0xFF,
		0xE4, 0xE4, 0xE4, 0xFF, 0xDD, 0xDD, 0xDD, 0xFF, 0xD4, 0xD7, 0xD4, 0xFF, 0xCD, 0xD0, 0xCD, 0xFF,
		0xC6, 0xC9, 0xC6, 0xFF, 0xBF, 0xC2, 0xBF, 0xFF, 0xB8, 0xBB, 0xB8, 0xFF, 0xB0, 0xB3, 0xB0, 0xFF,
		0xA9, 0xAC, 0xA9, 0xFF, 0xA3, 0xA6, 0xA3, 0xFF, 0x9C, 0x9F, 0x9C, 0xFF, 0x94, 0x97, 0x94, 0xFF,
		0x8E, 0x91, 0x8E, 0xFF, 0x87, 0x8A, 0x87, 0xFF, 0x80, 0x83, 0x80, 0xFF, 0x78, 0x7B, 0x78, 0xFF,
		0x71, 0x74, 0x71, 0xFF, 0x6A, 0x6D, 0x6A, 0xFF, 0x62, 0x66, 0x63, 0xFF, 0x5B, 0x5F, 0x5C, 0xFF,
		0x54, 0x58, 0x55, 0xFF, 0x4E, 0x52, 0x4F, 0xFF, 0x47, 0x4B, 0x48, 0xFF, 0x3F, 0x43, 0x40, 0xFF,
		0x38, 0x3C, 0x39, 0xFF, 0x31, 0x35, 0x32, 0xFF, 0x2A, 0x2F, 0x29, 0xFF, 0x23, 0x28, 0x22, 0xFF,
		0x1C, 0x21, 0x1B, 0xFF, 0x15, 0x1A, 0x14, 0xFF, 0x10, 0x13, 0x10, 0xFF, 0xE8, 0xEB, 0xE8, 0xFF,
		0xE4, 0xE4, 0xE4, 0xFF, 0xDD, 0xDD, 0xDD, 0xFF, 0xD4, 0xD7, 0xD4, 0xFF, 0xCD, 0xD0, 0xCD, 0xFF,
		0xC6, 0xC9, 0xC6, 0xFF, 0xBF, 0xC2, 0xBF, 0xFF, 0xB8, 0xBB, 0xB8, 0xFF, 0xB0, 0xB3, 0xB0, 0xFF,
		0xA9, 0xAC, 0xA9, 0xFF, 0xA3, 0xA6, 0xA3, 0xFF, 0x9C, 0x9F, 0x9C, 0xFF, 0x94, 0x97, 0x94, 0xFF,
		0x8E, 0x91, 0x8E, 0xFF, 0x87, 0x8A, 0x87, 0xFF, 0x80, 0x83, 0x80, 0xFF, 0x78, 0x7B, 0x78, 0xFF,
		0x71, 0x74, 0x71, 0xFF, 0x6A, 0x6D, 0x6A, 0xFF, 0x62, 0x66, 0x63, 0xFF, 0x5B, 0x5F, 0x5C, 0xFF,
		0x54, 0x58, 0x55, 0xFF, 0x4E, 0x52, 0x4F, 0xFF, 0x47, 0x4B, 0x48, 0xFF, 0x3F, 0x43, 0x40, 0xFF,
		0x38, 0x3C, 0x39, 0xFF, 0x31, 0x35, 0x32, 0xFF, 0x2A, 0x2F, 0x29, 0xFF, 0x23, 0x28, 0x22, 0xFF,
		0x1C, 0x21, 0x1B, 0xFF, 0x15, 0x1A, 0x14, 0xFF, 0x10, 0x13, 0x10, 0xFF, 0xE8, 0xEB, 0xE8, 0xFF,
		0xE4, 0xE4, 0xE4, 0xFF, 0xDD, 0xDD, 0xDD, 0xFF, 0xD4, 0xD7, 0xD4, 0xFF, 0xCD, 0xD0, 0xCD, 0xFF,
		0xC6, 0xC9, 0xC6, 0xFF, 0xBF, 0xC2, 0xBF, 0xFF, 0xB8, 0xBB, 0xB8, 0xFF, 0xB0, 0xB3, 0xB0, 0xFF,
		0xA9, 0xAC, 0xA9, 0xFF, 0xA3, 0xA6, 0xA3, 0xFF, 0x9C, 0x9F, 0x9C, 0xFF, 0x94, 0x97, 0x94, 0xFF,
		0x8E, 0x91, 0x8E, 0xFF, 0x87, 0x8A, 0x87, 0xFF, 0x80, 0x83, 0x80, 0xFF, 0x78, 0x7B, 0x78, 0xFF,
		0x71, 0x74, 0x71, 0xFF, 0x6A, 0x6D, 0x6A, 0xFF, 0x62, 0x66, 0x63, 0xFF, 0x5B, 0x5F, 0x5C, 0xFF,
		0x54, 0x58, 0x55, 0xFF, 0x4E, 0x52, 0x4F, 0xFF, 0x47, 0x4B, 0x48, 0xFF, 0x3F, 0x43, 0x40, 0xFF,
		0x38, 0x3C, 0x39, 0xFF, 0x31, 0x35, 0x32, 0xFF, 0x2A, 0x2F, 0x29, 0xFF, 0x23, 0x28, 0x22, 0xFF,
		0x1C, 0x21, 0x1B, 0xFF, 0x15, 0x1A, 0x14, 0xFF, 0x10, 0x13, 0x10, 0xFF, 0xE8, 0xEB, 0xE8, 0xFF,
		0xE4, 0xE4, 0xE4, 0xFF, 0xDD, 0xDD, 0xDD, 0xFF, 0xD4, 0xD7, 0xD4, 0xFF, 0xCD, 0xD0, 0xCD, 0xFF,
		0xC6, 0xC9, 0xC6, 0xFF, 0xBF, 0xC2, 0xBF, 0xFF, 0xB8, 0xBB, 0xB8, 0xFF, 0xB0, 0xB3, 0xB0, 0xFF,
		0xA9, 0xAC, 0xA9, 0xFF, 0xA3, 0xA6, 0xA3, 0xFF, 0x9C, 0x9F, 0x9C, 0xFF, 0x94, 0x97, 0x94, 0xFF,
		0x8E, 0x91, 0x8E, 0xFF, 0x87, 0x8A, 0x87, 0xFF, 0x80, 0x83, 0x80, 0xFF, 0x78, 0x7B, 0x78, 0xFF,
		0x71, 0x74, 0x71, 0xFF, 0x6A, 0x6D, 0x6A, 0xFF, 0x62, 0x66, 0x63, 0xFF, 0x5B, 0x5F, 0x5C, 0xFF,
		0x54, 0x58, 0x55, 0xFF, 0x4E, 0x52, 0x4F, 0xFF, 0x47, 0x4B, 0x48, 0xFF, 0x3F, 0x43, 0x40, 0xFF,
		0x38, 0x3C, 0x39, 0xFF, 0x31, 0x35, 0x32, 0xFF, 0x2A, 0x2F, 0x29, 0xFF, 0x23, 0x28, 0x22, 0xFF,
		0x1C, 0x21, 0x1B, 0xFF, 0x15, 0x1A, 0x14, 0xFF, 0x10, 0x13, 0x10, 0xFF, 0xE8, 0xEB, 0xE8, 0xFF,
		0xE4, 0xE4, 0xE4, 0xFF, 0xDD, 0xDD, 0xDD, 0xFF, 0xD4, 0xD7, 0xD4, 0xFF, 0xCD, 0xD0, 0xCD, 0xFF,
		0xC6, 0xC9, 0xC6, 0xFF, 0xBF, 0xC2, 0xBF, 0xFF, 0xB8, 0xBB, 0xB8, 0xFF, 0xB0, 0xB3, 0xB0, 0xFF,
		0xA9, 0xAC, 0xA9, 0xFF, 0xA3, 0xA6, 0xA3, 0xFF, 0x9C, 0x9F, 0x9C, 0xFF, 0x94, 0x97, 0x94, 0xFF,
		0x8E, 0x91, 0x8E, 0xFF, 0x87, 0x8A, 0x87, 0xFF, 0x80, 0x83, 0x80, 0xFF, 0x78, 0x7B, 0x78, 0xFF,
		0x71, 0x74, 0x71, 0xFF, 0x6A, 0x6D, 0x6A, 0xFF, 0x62, 0x66, 0x63, 0xFF, 0x5B, 0x5F, 0x5C, 0xFF,
		0x54, 0x58, 0x55, 0xFF, 0x4E, 0x52, 0x4F, 0xFF, 0x47, 0x4B, 0x48, 0xFF, 0x3F, 0x43, 0x40, 0xFF,
		0x38, 0x3C, 0x39, 0xFF, 0x31, 0x35, 0x32, 0xFF, 0x2A, 0x2F, 0x29, 0xFF, 0x23, 0x28, 0x22, 0xFF,
		0x1C, 0x21, 0x1B, 0xFF, 0x15, 0x1A, 0x14, 0xFF, 0x10, 0x13, 0x10, 0xFF, 0xE8, 0xEB, 0xE8, 0xFF,
		0xE4, 0xE4, 0xE4, 0xFF, 0xDD, 0xDD, 0xDD, 0xFF, 0xD4, 0xD7, 0xD4, 0xFF, 0xCD, 0xD0, 0xCD, 0xFF,
		0xC6, 0xC9, 0xC6, 0xFF, 0xBF, 0xC2, 0xBF, 0xFF, 0xB8, 0xBB, 0xB8, 0xFF, 0xB0, 0xB3, 0xB0, 0xFF,
		0xA9, 0xAC, 0xA9, 0xFF, 0xA3, 0xA6, 0xA3, 0xFF, 0x9C, 0x9F, 0x9C, 0xFF, 0x94, 0x97, 0x94, 0xFF,
		0x8E, 0x91, 0x8E, 0xFF, 0x87, 0x8A, 0x87, 0xFF, 0x80, 0x83, 0x80, 0xFF, 0x78, 0x7B, 0x78, 0xFF,
		0x71, 0x74, 0x71, 0xFF, 0x6A, 0x6D, 0x6A, 0xFF, 0x62, 0x66, 0x63, 0xFF, 0x5B, 0x5F, 0x5C, 0xFF,
		0x54, 0x58, 0x55, 0xFF, 0x4E, 0x52, 0x4F, 0xFF, 0x47, 0x4B, 0x48, 0xFF, 0x3F, 0x43, 0x40, 0xFF,
		0x38, 0x3C, 0x39, 0xFF, 0x31, 0x35, 0x32, 0xFF, 0x2A, 0x2F, 0x29, 0xFF, 0x23, 0x28, 0x22, 0xFF,
		0x1C, 0x21, 0x1B, 0xFF, 0x15, 0x1A, 0x14, 0xFF, 0x10, 0x13, 0x10, 0xFF, 0xE8, 0xEB, 0xE8, 0xFF,
		0xE4, 0xE4, 0xE4, 0xFF, 0xDD, 0xDD, 0xDD, 0xFF, 0xD4, 0xD7, 0xD4, 0xFF, 0xCD, 0xD0, 0xCD, 0xFF,
		0xC6, 0xC9, 0xC6, 0xFF, 0xBF, 0xC2, 0xBF, 0xFF, 0xB8, 0xBB, 0xB8, 0xFF, 0xB0, 0xB3, 0xB0, 0xFF,
		0xA9, 0xAC, 0xA9, 0xFF, 0xA3, 0xA6, 0xA3, 0xFF, 0x9C, 0x9F, 0x9C, 0xFF, 0x94, 0x97, 0x94, 0xFF,
		0x8E, 0x91, 0x8E, 0xFF, 0x87, 0x8A, 0x87, 0xFF, 0x80, 0x83, 0x80, 0xFF, 0x78, 0x7B, 0x78, 0xFF,
		0x71, 0x74, 0x71, 0xFF, 0x6A, 0x6D, 0x6A, 0xFF, 0x62, 0x66, 0x63, 0xFF, 0x5B, 0x5F, 0x5C, 0xFF,
		0x54, 0x58, 0x55, 0xFF, 0x4E, 0x52, 0x4F, 0xFF, 0x47, 0x4B, 0x48, 0xFF, 0x3F, 0x43, 0x40, 0xFF,
		0x38, 0x3C, 0x39, 0xFF, 0x31, 0x35, 0x32, 0xFF, 0x2A, 0x2F, 0x29, 0xFF, 0x23, 0x28, 0x22, 0xFF,
		0x1C, 0x21, 0x1B, 0xFF, 0x15, 0x1A, 0x14, 0xFF, 0x10, 0x13, 0x10, 0xFF, 0xE8, 0xEB, 0xE8, 0xFF,
		0xE4, 0xE4, 0xE4, 0xFF, 0xDD, 0xDD, 0xDD, 0xFF, 0xD4, 0xD7, 0xD4, 0xFF, 0xCD, 0xD0, 0xCD, 0xFF,
		0xC6, 0xC9, 0xC6, 0xFF, 0xBF, 0xC2, 0xBF, 0xFF, 0xB8, 0xBB, 0xB8, 0xFF, 0xB0, 0xB3, 0xB0, 0xFF,
		0xA9, 0xAC, 0xA9, 0xFF, 0xA3, 0xA6, 0xA3, 0xFF, 0x9C, 0x9F, 0x9C, 0xFF, 0x94, 0x97, 0x94, 0xFF,
		0x8E, 0x91, 0x8E, 0xFF, 0x87, 0x8A, 0x87, 0xFF, 0x80, 0x83, 0x80, 0xFF, 0x78, 0x7B, 0x78, 0xFF,
		0x71, 0x74, 0x71, 0xFF, 0x6A, 0x6D, 0x6A, 0xFF, 0x62, 0x66, 0x63, 0xFF, 0x5B, 0x5F, 0x5C, 0xFF,
		0x54, 0x58, 0x55, 0xFF, 0x4E, 0x52, 0x4F, 0xFF, 0x47, 0x4B, 0x48, 0xFF, 0x3F, 0x43, 0x40, 0xFF,
		0x38, 0x3C, 0x39, 0xFF, 0x31, 0x35, 0x32, 0xFF, 0x2A, 0x2F, 0x29, 0xFF, 0x23, 0x28, 0x22, 0xFF,
		0x1C, 0x21, 0x1B, 0xFF, 0x15, 0x1A, 0x14, 0xFF, 0x10, 0x13, 0x10, 0xFF, 0xE8, 0xEB, 0xE8, 0xFF,
		0xE4, 0xE4, 0xE4, 0xFF, 0xDD, 0xDD, 0xDD, 0xFF, 0xD4, 0xD7, 0xD4, 0xFF, 0xCD, 0xD0, 0xCD, 0xFF,
		0xC6, 0xC9, 0xC6, 0xFF, 0xBF, 0xC2, 0xBF, 0xFF, 0xB8, 0xBB, 0xB8, 0xFF, 0xB0, 0xB3, 0xB0, 0xFF,
		0xA9, 0xAC, 0xA9, 0xFF, 0xA3, 0xA6, 0xA3, 0xFF, 0x9C, 0x9F, 0x9C, 0xFF, 0x94, 0x97, 0x94, 0xFF,
		0x8E, 0x91, 0x8E, 0xFF, 0x87, 0x8A, 0x87, 0xFF, 0x80, 0x83, 0x80, 0xFF, 0x78, 0x7B, 0x78, 0xFF,
		0x71, 0x74, 0x71, 0xFF, 0x6A, 0x6D, 0x6A, 0xFF, 0x62, 0x66, 0x63, 0xFF, 0x5B, 0x5F, 0x5C, 0xFF,
		0x54, 0x58, 0x55, 0xFF, 0x4E, 0x52, 0x4F, 0xFF, 0x47, 0x4B, 0x48, 0xFF, 0x3F, 0x43, 0x40, 0xFF,
		0x38, 0x3C, 0x39, 0xFF, 0x31, 0x35, 0x32, 0xFF, 0x2A, 0x2F, 0x29, 0xFF, 0x23, 0x28, 0x22, 0xFF,
		0x1C, 0x21, 0x1B, 0xFF, 0x15, 0x1A, 0x14, 0xFF, 0x10, 0x13, 0x10, 0xFF, 0xE8, 0xEB, 0xE8, 0xFF,
		0xE4, 0xE4, 0xE4, 0xFF, 0xDD, 0xDD, 0xDD, 0xFF, 0xD4, 0xD7, 0xD4, 0xFF, 0xCD, 0xD0, 0xCD, 0xFF,
		0xC6, 0xC9, 0xC6, 0xFF, 0xBF, 0xC2, 0xBF, 0xFF, 0xB8, 0xBB, 0xB8, 0xFF, 0xB0, 0xB3, 0xB0, 0xFF,
		0xA9, 0xAC, 0xA9, 0xFF, 0xA3, 0xA6, 0xA3, 0xFF, 0x9C, 0x9F, 0x9C, 0xFF, 0x94, 0x97, 0x94, 0xFF,
		0x8E, 0x91, 0x8E, 0xFF, 0x87, 0x8A, 0x87, 0xFF, 0x80, 0x83, 0x80, 0xFF, 0x78, 0x7B, 0x78, 0xFF,
		0x71, 0x74, 0x71, 0xFF, 0x6A, 0x6D, 0x6A, 0xFF, 0x62, 0x66, 0x63, 0xFF, 0x5B, 0x5F, 0x5C, 0xFF,
		0x54, 0x58, 0x55, 0xFF, 0x4E, 0x52, 0x4F, 0xFF, 0x47, 0x4B, 0x48, 0xFF, 0x3F, 0x43, 0x40, 0xFF,
		0x38, 0x3C, 0x39, 0xFF, 0x31, 0x35, 0x32, 0xFF, 0x2A, 0x2F, 0x29, 0xFF, 0x23, 0x28, 0x22, 0xFF,
		0x1C, 0x21, 0x1B, 0xFF, 0x15, 0x1A, 0x14, 0xFF, 0x10, 0x13, 0x10, 0xFF, 0xE8, 0xEB, 0xE8, 0xFF,
		0xE4, 0xE4, 0xE4, 0xFF, 0xDD, 0xDD, 0xDD, 0xFF, 0xD4, 0xD7, 0xD4, 0xFF, 0xCD, 0xD0, 0xCD, 0xFF,
		0xC6, 0xC9, 0xC6, 0xFF, 0xBF, 0xC2, 0xBF, 0xFF, 0xB8, 0xBB, 0xB8, 0xFF, 0xB0, 0xB3, 0xB0, 0xFF,
		0xA9, 0xAC, 0xA9, 0xFF, 0xA3, 0xA6, 0xA3, 0xFF, 0x9C, 0x9F, 0x9C, 0xFF, 0x94, 0x97, 0x94, 0xFF,
		0x8E, 0x91, 0x8E, 0xFF, 0x87, 0x8A, 0x87, 0xFF, 0x80, 0x83, 0x80, 0xFF, 0x78, 0x7B, 0x78, 0xFF,
		0x71, 0x74, 0x71, 0xFF, 0x6A, 0x6D, 0x6A, 0xFF, 0x62, 0x66, 0x63, 0xFF, 0x5B, 0x5F, 0x5C, 0xFF,
		0x54, 0x58, 0x55, 0xFF, 0x4E, 0x52, 0x4F, 0xFF, 0x47, 0x4B, 0x48, 0xFF, 0x3F, 0x43, 0x40, 0xFF,
		0x38, 0x3C, 0x39, 0xFF, 0x31, 0x35, 0x32, 0xFF, 0x2A, 0x2F, 0x29, 0xFF, 0x23, 0x28, 0x22, 0xFF,
		0x1C, 0x21, 0x1B, 0xFF, 0x15, 0x1A, 0x14, 0xFF, 0x10, 0x13, 0x10, 0xFF, 0xE8, 0xEB, 0xE8, 0xFF,
		0x16, 0x16, 0x16, 0xFF, 0x1D, 0x1D, 0x1D, 0xFF, 0x24, 0x24, 0x24, 0xFF, 0x2B, 0x2B, 0x2B, 0xFF,
		0x32, 0x32, 0x32, 0xFF, 0x39, 0x39, 0x39, 0xFF, 0x40, 0x40, 0x40, 0xFF, 0x48, 0x48, 0x48, 0xFF,
		0x4F, 0x4F, 0x4F, 0xFF, 0x55, 0x55, 0x55, 0xFF, 0x5C, 0x5C, 0x5C, 0xFF, 0x63, 0x63, 0x63, 0xFF,
		0x6A, 0x6A, 0x6A, 0xFF, 0x71, 0x71, 0x71, 0xFF, 0x78, 0x78, 0x78, 0xFF, 0x80, 0x80, 0x80, 0xFF,
		0x87, 0x87, 0x87, 0xFF, 0x8E, 0x8E, 0x8E, 0xFF, 0x94, 0x94, 0x94, 0xFF, 0x9C, 0x9C, 0x9C, 0xFF,
		0xA3, 0xA0, 0xA3, 0xFF, 0xAA, 0xA7, 0xAA, 0xFF, 0xB1, 0xAE, 0xB1, 0xFF, 0xB9, 0xB6, 0xB9, 0xFF,
		0xC0, 0xBD, 0xC0, 0xFF, 0xC7, 0xC4, 0xC7, 0xFF, 0xCE, 0xCB, 0xCE, 0xFF, 0xD5, 0xD2, 0xD5, 0xFF,
		0xDC, 0xD9, 0xDC, 0xFF, 0xE3, 0xE0, 0xE3, 0xFF, 0xE8, 0xE8, 0xE8, 0xFF, 0x10, 0x10, 0x10, 0xFF,
		0x16, 0x16, 0x16, 0xFF, 0x1D, 0x1D, 0x1D, 0xFF, 0x24, 0x24, 0x24, 0xFF, 0x2B, 0x2B, 0x2B, 0xFF,
		0x32, 0x32, 0x32, 0xFF, 0x39, 0x39, 0x39, 0xFF, 0x40, 0x40, 0x40, 0xFF, 0x48, 0x48, 0x48, 0xFF,
		0x4F, 0x4F, 0x4F, 0xFF, 0x55, 0x55, 0x55, 0xFF, 0x5C, 0x5C, 0x5C, 0xFF, 0x63, 0x63, 0x63, 0xFF,
		0x6A, 0x6A, 0x6A, 0xFF, 0x71, 0x71, 0x71, 0xFF, 0x78, 0x78, 0x78, 0xFF, 0x80, 0x80, 0x80, 0xFF,
		0x87, 0x87, 0x87, 0xFF, 0x8E, 0x8E, 0x8E, 0xFF, 0x94, 0x94, 0x94, 0xFF, 0x9C, 0x9C, 0x9C, 0xFF,
		0xA3, 0xA0, 0xA3, 0xFF, 0xAA, 0xA7, 0xAA, 0xFF, 0xB1, 0xAE, 0xB1, 0xFF, 0xB9, 0xB6, 0xB9, 0xFF,
		0xC0, 0xBD, 0xC0, 0xFF, 0xC7, 0xC4, 0xC7, 0xFF, 0xCE, 0xCB, 0xCE, 0xFF, 0xD5, 0xD2, 0xD5, 0xFF,
		0xDC, 0xD9, 0xDC, 0xFF, 0xE3, 0xE0, 0xE3, 0xFF, 0xE8, 0xE8, 0xE8, 0xFF, 0x10, 0x10, 0x10, 0xFF,
		0x16, 0x16, 0x16, 0xFF, 0x1D, 0x1D, 0x1D, 0xFF, 0x24, 0x24, 0x24, 0xFF, 0x2B, 0x2B, 0x2B, 0xFF,
		0x32, 0x32, 0x32, 0xFF, 0x39, 0x39, 0x39, 0xFF, 0x40, 0x40, 0x40, 0xFF, 0x48, 0x48, 0x48, 0xFF,
		0x4F, 0x4F, 0x4F, 0xFF, 0x55, 0x55, 0x55, 0xFF, 0x5C, 0x5C, 0x5C, 0xFF, 0x63, 0x63, 0x63, 0xFF,
		0x6A, 0x6A, 0x6A, 0xFF, 0x71, 0x71, 0x71, 0xFF, 0x78, 0x78, 0x78, 0xFF, 0x80, 0x80, 0x80, 0xFF,
		0x87, 0x87, 0x87, 0xFF, 0x8E, 0x8E, 0x8E, 0xFF, 0x94, 0x94, 0x94, 0xFF, 0x9C, 0x9C, 0x9C, 0xFF,
		0xA3, 0xA0, 0xA3, 0xFF, 0xAA, 0xA7, 0xAA, 0xFF, 0xB1, 0xAE, 0xB1, 0xFF, 0xB9, 0xB6, 0xB9, 0xFF,
		0xC0, 0xBD, 0xC0, 0xFF, 0xC7, 0xC4, 0xC7, 0xFF, 0xCE, 0xCB, 0xCE, 0xFF, 0xD5, 0xD2, 0xD5, 0xFF,
		0xDC, 0xD9, 0xDC, 0xFF, 0xE3, 0xE0, 0xE3, 0xFF, 0xE8, 0xE8, 0xE8, 0xFF, 0x10, 0x10, 0x10, 0xFF,
		0x16, 0x16, 0x16, 0xFF, 0x1D, 0x1D, 0x1D, 0xFF, 0x24, 0x24, 0x24, 0xFF, 0x2B, 0x2B, 0x2B, 0xFF,
		0x32, 0x32, 0x32, 0xFF, 0x39, 0x39, 0x39, 0xFF, 0x40, 0x40, 0x40, 0xFF, 0x48, 0x48, 0x48, 0xFF,
		0x4F, 0x4F, 0x4F, 0xFF, 0x55, 0x55, 0x55, 0xFF, 0x5C, 0x5C, 0x5C, 0xFF, 0x63, 0x63, 0x63, 0xFF,
		0x6A, 0x6A, 0x6A, 0xFF, 0x71, 0x71, 0x71, 0xFF, 0x78, 0x78, 0x78, 0xFF, 0x80, 0x80, 0x80, 0xFF,
		0x87, 0x87, 0x87, 0xFF, 0x8E, 0x8E, 0x8E, 0xFF, 0x94, 0x94, 0x94, 0xFF, 0x9C, 0x9C, 0x9C, 0xFF,
		0xA3, 0xA0, 0xA3, 0xFF, 0xAA, 0xA7, 0xAA, 0xFF, 0xB1, 0xAE, 0xB1, 0xFF, 0xB9, 0xB6, 0xB9, 0xFF,
		0xC0, 0xBD, 0xC0, 0xFF, 0xC7, 0xC4, 0xC7, 0xFF, 0xCE, 0xCB, 0xCE, 0xFF, 0xD5, 0xD2, 0xD5, 0xFF,
		0xDC, 0xD9, 0xDC, 0xFF, 0xE3, 0xE0, 0xE3, 0xFF, 0xE8, 0xE8, 0xE8, 0xFF, 0x10, 0x10, 0x10, 0xFF,
		0x16, 0x16, 0x16, 0xFF, 0x1D, 0x1D, 0x1D, 0xFF, 0x24, 0x24, 0x24, 0xFF, 0x2B, 0x2B, 0x2B, 0xFF,
		0x32, 0x32, 0x32, 0xFF, 0x39, 0x39, 0x39, 0xFF, 0x40, 0x40, 0x40, 0xFF, 0x48, 0x48, 0x48, 0xFF,
		0x4F, 0x4F, 0x4F, 0xFF, 0x55, 0x55, 0x55, 0xFF, 0x5C, 0x5C, 0x5C, 0xFF, 0x63, 0x63, 0x63, 0xFF,
		0x6A, 0x6A, 0x6A, 0xFF, 0x71, 0x71, 0x71, 0xFF, 0x78, 0x78, 0x78, 0xFF, 0x80, 0x80, 0x80, 0xFF,
		0x87, 0x87, 0x87, 0xFF, 0x8E, 0x8E, 0x8E, 0xFF, 0x94, 0x94, 0x94, 0xFF, 0x9C, 0x9C, 0x9C, 0xFF,
		0xA3, 0xA0, 0xA3, 0xFF, 0xAA, 0xA7, 0xAA, 0xFF, 0xB1, 0xAE, 0xB1, 0xFF, 0xB9, 0xB6, 0xB9, 0xFF,
		0xC0, 0xBD, 0xC0, 0xFF, 0xC7, 0xC4, 0xC7, 0xFF, 0xCE, 0xCB, 0xCE, 0xFF, 0xD5, 0xD2, 0xD5, 0xFF,
		0xDC, 0xD9, 0xDC, 0xFF, 0xE3, 0xE0, 0xE3, 0xFF, 0xE8, 0xE8, 0xE8, 0xFF, 0x10, 0x10, 0x10, 0xFF,
		0x16, 0x16, 0x16, 0xFF, 0x1D, 0x1D, 0x1D, 0xFF, 0x24, 0x24, 0x24, 0xFF, 0x2B, 0x2B, 0x2B, 0xFF,
		0x32, 0x32, 0x32, 0xFF, 0x39, 0x39, 0x39, 0xFF, 0x40, 0x40, 0x40, 0xFF, 0x48, 0x48, 0x48, 0xFF,
		0x4F, 0x4F, 0x4F, 0xFF, 0x55, 0x55, 0x55, 0xFF, 0x5C, 0x5C, 0x5C, 0xFF, 0x63, 0x63, 0x63, 0xFF,
		0x6A, 0x6A, 0x6A, 0xFF, 0x71, 0x71, 0x71, 0xFF, 0x78, 0x78, 0x78, 0xFF, 0x80, 0x80, 0x80, 0xFF,
		0x87, 0x87, 0x87, 0xFF, 0x8E, 0x8E, 0x8E, 0xFF, 0x94, 0x94, 0x94, 0xFF, 0x9C, 0x9C, 0x9C, 0xFF,
		0xA3, 0xA0, 0xA3, 0xFF, 0xAA, 0xA7, 0xAA, 0xFF, 0xB1, 0xAE, 0xB1, 0xFF, 0xB9, 0xB6, 0xB9, 0xFF,
		0xC0, 0xBD, 0xC0, 0xFF, 0xC7, 0xC4, 0xC7, 0xFF, 0xCE, 0xCB, 0xCE, 0xFF, 0xD5, 0xD2, 0xD5, 0xFF,
		0xDC, 0xD9, 0xDC, 0xFF, 0xE3, 0xE0, 0xE3, 0xFF, 0xE8, 0xE8, 0xE8, 0xFF, 0x10, 0x10, 0x10, 0xFF,
		0x16, 0x16, 0x16, 0xFF, 0x1D, 0x1D, 0x1D, 0xFF, 0x24, 0x24, 0x24, 0xFF, 0x2B, 0x2B, 0x2B, 0xFF,
		0x32, 0x32, 0x32, 0xFF, 0x39, 0x39, 0x39, 0xFF, 0x40, 0x40, 0x40, 0xFF, 0x48, 0x48, 0x48, 0xFF,
		0x4F, 0x4F, 0x4F, 0xFF, 0x55, 0x55, 0x55, 0xFF, 0x5C, 0x5C, 0x5C, 0xFF, 0x63, 0x63, 0x63, 0xFF,
		0x6A, 0x6A, 0x6A, 0xFF, 0x71, 0x71, 0x71, 0xFF, 0x78, 0x78, 0x78, 0xFF, 0x80, 0x80, 0x80, 0xFF,
		0x87, 0x87, 0x87, 0xFF, 0x8E, 0x8E, 0x8E, 0xFF, 0x94, 0x94, 0x94, 0xFF, 0x9C, 0x9C, 0x9C, 0xFF,
		0xA3, 0xA0, 0xA3, 0xFF, 0xAA, 0xA7, 0xAA, 0xFF, 0xB1, 0xAE, 0xB1, 0xFF, 0xB9, 0xB6, 0xB9, 0xFF,
		0xC0, 0xBD, 0xC0, 0xFF, 0xC7, 0xC4, 0xC7, 0xFF, 0xCE, 0xCB, 0xCE, 0xFF, 0xD5, 0xD2, 0xD5, 0xFF,
		0xDC, 0xD9, 0xDC, 0xFF, 0xE3, 0xE0, 0xE3, 0xFF, 0xE8, 0xE8, 0xE8, 0xFF, 0x10, 0x10, 0x10, 0xFF,
		0x16, 0x16, 0x16, 0xFF, 0x1D, 0x1D, 0x1D, 0xFF, 0x24, 0x24, 0x24, 0xFF, 0x2B, 0x2B, 0x2B, 0xFF,
		0x32, 0x32, 0x32, 0xFF, 0x39, 0x39, 0x39, 0xFF, 0x40, 0x40, 0x40, 0xFF, 0x48, 0x48, 0x48, 0xFF,
		0x4F, 0x4F, 0x4F, 0xFF, 0x55, 0x55, 0x55, 0xFF, 0x5C, 0x5C, 0x5C, 0xFF, 0x63, 0x63, 0x63, 0xFF,
		0x6A, 0x6A, 0x6A, 0xFF, 0x71, 0x71, 0x71, 0xFF, 0x78, 0x78, 0x78, 0xFF, 0x80, 0x80, 0x80, 0xFF,
		0x87, 0x87, 0x87, 0xFF, 0x8E, 0x8E, 0x8E, 0xFF, 0x94, 0x94, 0x94, 0xFF, 0x9C, 0x9C, 0x9C, 0xFF,
		0xA3, 0xA0, 0xA3, 0xFF, 0xAA, 0xA7, 0xAA, 0xFF, 0xB1, 0xAE, 0xB1, 0xFF, 0xB9, 0xB6, 0xB9, 0xFF,
		0xC0, 0xBD, 0xC0, 0xFF, 0xC7, 0xC4, 0xC7, 0xFF, 0xCE, 0xCB, 0xCE, 0xFF, 0xD5, 0xD2, 0xD5, 0xFF,
		0xDC, 0xD9, 0xDC, 0xFF, 0xE3, 0xE0, 0xE3, 0xFF, 0xE8, 0xE8, 0xE8, 0xFF, 0x10, 0x10, 0x10, 0xFF,
		0x16, 0x16, 0x16, 0xFF, 0x1D, 0x1D, 0x1D, 0xFF, 0x24, 0x24, 0x24, 0xFF, 0x2B, 0x2B, 0x2B, 0xFF,
		0x32, 0x32, 0x32, 0xFF, 0x39, 0x39, 0x39, 0xFF, 0x40, 0x40, 0x40, 0xFF, 0x48, 0x48, 0x48, 0xFF,
		0x4F, 0x4F, 0x4F, 0xFF, 0x55, 0x55, 0x55, 0xFF, 0x5C, 0x5C, 0x5C, 0xFF, 0x63, 0x63, 0x63, 0xFF,
		0x6A, 0x6A, 0x6A, 0xFF, 0x71, 0x71, 0x71, 0xFF, 0x78, 0x78, 0x78, 0xFF, 0x80, 0x80, 0x80, 0xFF,
		0x87, 0x87, 0x87, 0xFF, 0x8E, 0x8E, 0x8E, 0xFF, 0x94, 0x94, 0x94, 0xFF, 0x9C, 0x9C, 0x9C, 0xFF,
		0xA3, 0xA0, 0xA3, 0xFF, 0xAA, 0xA7, 0xAA, 0xFF, 0xB1, 0xAE, 0xB1, 0xFF, 0xB9, 0xB6, 0xB9, 0xFF,
		0xC0, 0xBD, 0xC0, 0xFF, 0xC7, 0xC4, 0xC7, 0xFF, 0xCE, 0xCB, 0xCE, 0xFF, 0xD5, 0xD2, 0xD5, 0xFF,
		0xDC, 0xD9, 0xDC, 0xFF, 0xE3, 0xE0, 0xE3, 0xFF, 0xE8, 0xE8, 0xE8, 0xFF, 0x10, 0x10, 0x10, 0xFF,
		0x16, 0x16, 0x16, 0xFF, 0x1D, 0x1D, 0x1D, 0xFF, 0x24, 0x24, 0x24, 0xFF, 0x2B, 0x2B, 0x2B, 0xFF,
		0x32, 0x32, 0x32, 0xFF, 0x39, 0x39, 0x39, 0xFF, 0x40, 0x40, 0x40, 0xFF, 0x48, 0x48, 0x48, 0xFF,
		0x4F, 0x4F, 0x4F, 0xFF, 0x55, 0x55, 0x55, 0xFF, 0x5C, 0x5C, 0x5C, 0xFF, 0x63, 0x63, 0x63, 0xFF,
		0x6A, 0x6A, 0x6A, 0xFF, 0x71, 0x71, 0x71, 0xFF, 0x78, 0x78, 0x78, 0xFF, 0x80, 0x80, 0x80, 0xFF,
		0x87, 0x87, 0x87, 0xFF, 0x8E, 0x8E, 0x8E, 0xFF, 0x94, 0x94, 0x94, 0xFF, 0x9C, 0x9C, 0x9C, 0xFF,
		0xA3, 0xA0, 0xA3, 0xFF, 0xAA, 0xA7, 0xAA, 0xFF, 0xB1, 0xAE, 0xB1, 0xFF, 0xB9, 0xB6, 0xB9, 0xFF,
		0xC0, 0xBD, 0xC0, 0xFF, 0xC7, 0xC4, 0xC7, 0xFF, 0xCE, 0xCB, 0xCE, 0xFF, 0xD5, 0xD2, 0xD5, 0xFF,
		0xDC, 0xD9, 0xDC, 0xFF, 0xE3, 0xE0, 0xE3, 0xFF, 0xE8, 0xE8, 0xE8, 0xFF, 0x10, 0x10, 0x10, 0xFF,
		0x16, 0x16, 0x16, 0xFF, 0x1D, 0x1D, 0x1D, 0xFF, 0x24, 0x24, 0x24, 0xFF, 0x2B, 0x2B, 0x2B, 0xFF,
		0x32, 0x32, 0x32, 0xFF, 0x39, 0x39, 0x39, 0xFF, 0x40, 0x40, 0x40, 0xFF, 0x48, 0x48, 0x48, 0xFF,
		0x4F, 0x4F, 0x4F, 0xFF, 0x55, 0x55, 0x55, 0xFF, 0x5C, 0x5C, 0x5C, 0xFF, 0x63, 0x63, 0x63, 0xFF,
		0x6A, 0x6A, 0x6A, 0xFF, 0x71, 0x71, 0x71, 0xFF, 0x78, 0x78, 0x78, 0xFF, 0x80, 0x80, 0x80, 0xFF,
		0x87, 0x87, 0x87, 0xFF, 0x8E, 0x8E, 0x8E, 0xFF, 0x94, 0x94, 0x94, 0xFF, 0x9C, 0x9C, 0x9C, 0xFF,
		0xA3, 0xA0, 0xA3, 0xFF, 0xAA, 0xA7, 0xAA, 0xFF, 0xB1, 0xAE, 0xB1, 0xFF, 0xB9, 0xB6, 0xB9, 0xFF,
		0xC0, 0xBD, 0xC0, 0xFF, 0xC7, 0xC4, 0xC7, 0xFF, 0xCE, 0xCB, 0xCE, 0xFF, 0xD5, 0xD2, 0xD5, 0xFF,
		0xDC, 0xD9, 0xDC, 0xFF, 0xE3, 0xE0, 0xE3, 0xFF, 0xE8, 0xE8, 0xE8, 0xFF, 0x10, 0x10, 0x10, 0xFF,
		0x16, 0x16, 0x16, 0xFF, 0x1D, 0x1D, 0x1D, 0xFF, 0x24, 0x24, 0x24, 0xFF, 0x2B, 0x2B, 0x2B, 0xFF,
		0x32, 0x32, 0x32, 0xFF, 0x39, 0x39, 0x39, 0xFF, 0x40, 0x40, 0x40, 0xFF, 0x48, 0x48, 0x48, 0xFF,
		0x4F, 0x4F, 0x4F, 0xFF, 0x55, 0x55, 0x55, 0xFF, 0x5C, 0x5C, 0x5C, 0xFF, 0x63, 0x63, 0x63, 0xFF,
		0x6A, 0x6A, 0x6A, 0xFF, 0x71, 0x71, 0x71, 0xFF, 0x78, 0x78, 0x78, 0xFF, 0x80, 0x80, 0x80, 0xFF,
		0x87, 0x87, 0x87, 0xFF, 0x8E, 0x8E, 0x8E, 0xFF, 0x94, 0x94, 0x94, 0xFF, 0x9C, 0x9C, 0x9C, 0xFF,
		0xA3, 0xA0, 0xA3, 0xFF, 0xAA, 0xA7, 0xAA, 0xFF, 0xB1, 0xAE, 0xB1, 0xFF, 0xB9, 0xB6, 0xB9, 0xFF,
		0xC0, 0xBD, 0xC0, 0xFF, 0xC7, 0xC4, 0xC7, 0xFF, 0xCE, 0xCB, 0xCE, 0xFF, 0xD5, 0xD2, 0xD5, 0xFF,
		0xDC, 0xD9, 0xDC, 0xFF, 0xE3, 0xE0, 0xE3, 0xFF, 0xE8, 0xE8, 0xE8, 0xFF, 0x10, 0x10, 0x10, 0xFF,
		0x16, 0x16, 0x16, 0xFF, 0x1D, 0x1D, 0x1D, 0xFF, 0x24, 0x24, 0x24, 0xFF, 0x2B, 0x2B, 0x2B, 0xFF,
		0x32, 0x32, 0x32, 0xFF, 0x39, 0x39, 0x39, 0xFF, 0x40, 0x40, 0x40, 0xFF, 0x48, 0x48, 0x48, 0xFF,
		0x4F, 0x4F, 0x4F, 0xFF, 0x55, 0x55, 0x55, 0xFF, 0x5C, 0x5C, 0x5C, 0xFF, 0x63, 0x63, 0x63, 0xFF,
		0x6A, 0x6A, 0x6A, 0xFF, 0x71, 0x71, 0x71, 0xFF, 0x78, 0x78, 0x78, 0xFF, 0x80, 0x80, 0x80, 0xFF,
		0x87, 0x87, 0x87, 0xFF, 0x8E, 0x8E, 0x8E, 0xFF, 0x94, 0x94, 0x94, 0xFF, 0x9C, 0x9C, 0x9C, 0xFF,
		0xA3, 0xA0, 0xA3, 0xFF, 0xAA, 0xA7, 0xAA, 0xFF, 0xB1, 0xAE, 0xB1, 0xFF, 0xB9, 0xB6, 0xB9, 0xFF,
		0xC0, 0xBD, 0xC0, 0xFF, 0xC7, 0xC4, 0xC7, 0xFF, 0xCE, 0xCB, 0xCE, 0xFF, 0xD5, 0xD2, 0xD5, 0xFF,
		0xDC, 0xD9, 0xDC, 0xFF, 0xE3, 0xE0, 0xE3, 0xFF, 0xE8, 0xE8, 0xE8, 0xFF, 0x10, 0x10, 0x10, 0xFF,
		0x16, 0x16, 0x16, 0xFF, 0x1D, 0x1D, 0x1D, 0xFF, 0x24, 0x24, 0x24, 0xFF, 0x2B, 0x2B, 0x2B, 0xFF,
		0x32, 0x32, 0x32, 0xFF, 0x39, 0x39, 0x39, 0xFF, 0x40, 0x40, 0x40, 0xFF, 0x48, 0x48, 0x48, 0xFF,
		0x4F, 0x4F, 0x4F, 0xFF, 0x55, 0x55, 0x55, 0xFF, 0x5C, 0x5C, 0x5C, 0xFF, 0x63, 0x63, 0x63, 0xFF,
		0x6A, 0x6A, 0x6A, 0xFF, 0x71, 0x71, 0x71, 0xFF, 0x78, 0x78, 0x78, 0xFF, 0x80, 0x80, 0x80, 0xFF,
		0x87, 0x87, 0x87, 0xFF, 0x8E, 0x8E, 0x8E, 0xFF, 0x94, 0x94, 0x94, 0xFF, 0x9C, 0x9C, 0x9C, 0xFF,
		0xA3, 0xA0, 0xA3, 0xFF, 0xAA, 0xA7, 0xAA, 0xFF, 0xB1, 0xAE, 0xB1, 0xFF, 0xB9, 0xB6, 0xB9, 0xFF,
		0xC0, 0xBD, 0xC0, 0xFF, 0xC7, 0xC4, 0xC7, 0xFF, 0xCE, 0xCB, 0xCE, 0xFF, 0xD5, 0xD2, 0xD5, 0xFF,
		0xDC, 0xD9, 0xDC, 0xFF, 0xE3, 0xE0, 0xE3, 0xFF, 0xE8, 0xE8, 0xE8, 0xFF, 0x10, 0x10, 0x10, 0xFF,
		0x16, 0x16, 0x16, 0xFF, 0x1D, 0x1D, 0x1D, 0xFF, 0x24, 0x24, 0x24, 0xFF, 0x2B, 0x2B, 0x2B, 0xFF,
		0x32, 0x32, 0x32, 0xFF, 0x39, 0x39, 0x39, 0xFF, 0x40, 0x40, 0x40, 0xFF, 0x48, 0x48, 0x48, 0xFF,
		0x4F, 0x4F, 0x4F, 0xFF, 0x55, 0x55, 0x55, 0xFF, 0x5C, 0x5C, 0x5C, 0xFF, 0x63, 0x63, 0x63, 0xFF,
		0x6A, 0x6A, 0x6A, 0xFF, 0x71, 0x71, 0x71, 0xFF, 0x78, 0x78, 0x78, 0xFF, 0x80, 0x80, 0x80, 0xFF,
		0x87, 0x87, 0x87, 0xFF, 0x8E, 0x8E, 0x8E, 0xFF, 0x94, 0x94, 0x94, 0xFF, 0x9C, 0x9C, 0x9C, 0xFF,
		0xA3, 0xA0, 0xA3, 0xFF, 0xAA, 0xA7, 0xAA, 0xFF, 0xB1, 0xAE, 0xB1, 0xFF, 0xB9, 0xB6, 0xB9, 0xFF,
		0xC0, 0xBD, 0xC0, 0xFF, 0xC7, 0xC4, 0xC7, 0xFF, 0xCE, 0xCB, 0xCE, 0xFF, 0xD5, 0xD2, 0xD5, 0xFF,
		0xDC, 0xD9, 0xDC, 0xFF, 0xE3, 0xE0, 0xE3, 0xFF, 0xE8, 0xE8, 0xE8, 0xFF, 0x10, 0x10, 0x10, 0xFF,
		0x16, 0x16, 0x16, 0xFF, 0x1D, 0x1D, 0x1D, 0xFF, 0x24, 0x24, 0x24, 0xFF, 0x2B, 0x2B, 0x2B, 0xFF,
		0x32, 0x32, 0x32, 0xFF, 0x39, 0x39, 0x39, 0xFF, 0x40, 0x40, 0x40, 0xFF, 0x48, 0x48, 0x48, 0xFF,
		0x4F, 0x4F, 0x4F, 0xFF, 0x55, 0x55, 0x55, 0xFF, 0x5C, 0x5C, 0x5C, 0xFF, 0x63, 0x63, 0x63, 0xFF,
		0x6A, 0x6A, 0x6A, 0xFF, 0x71, 0x71, 0x71, 0xFF, 0x78, 0x78, 0x78, 0xFF, 0x80, 0x80, 0x80, 0xFF,
		0x87, 0x87, 0x87, 0xFF, 0x8E, 0x8E, 0x8E, 0xFF, 0x94, 0x94, 0x94, 0xFF, 0x9C, 0x9C, 0x9C, 0xFF,
		0xA3, 0xA0, 0xA3, 0xFF, 0xAA, 0xA7, 0xAA, 0xFF, 0xB1, 0xAE, 0xB1, 0xFF, 0xB9, 0xB6, 0xB9, 0xFF,
		0xC0, 0xBD, 0xC0, 0xFF, 0xC7, 0xC4, 0xC7, 0xFF, 0xCE, 0xCB, 0xCE, 0xFF, 0xD5, 0xD2, 0xD5, 0xFF,
		0xDC, 0xD9, 0xDC, 0xFF, 0xE3, 0xE0, 0xE3, 0xFF, 0xE8, 0xE8, 0xE8, 0xFF, 0x10, 0x10, 0x10, 0xFF,
		0x16, 0x16, 0x16, 0xFF, 0x1D, 0x1D, 0x1D, 0xFF, 0x24, 0x24, 0x24, 0xFF, 0x2B, 0x2B, 0x2B, 0xFF,
		0x32, 0x32, 0x32, 0xFF, 0x39, 0x39, 0x39, 0xFF, 0x40, 0x40, 0x40, 0xFF, 0x48, 0x48, 0x48, 0xFF,
		0x4F, 0x4F, 0x4F, 0xFF, 0x55, 0x55, 0x55, 0xFF, 0x5C, 0x5C, 0x5C, 0xFF, 0x63, 0x63, 0x63, 0xFF,
		0x6A, 0x6A, 0x6A, 0xFF, 0x71, 0x71, 0x71, 0xFF, 0x78, 0x78, 0x78, 0xFF, 0x80, 0x80, 0x80, 0xFF,
		0x87, 0x87, 0x87, 0xFF, 0x8E, 0x8E, 0x8E, 0xFF, 0x94, 0x94, 0x94, 0xFF, 0x9C, 0x9C, 0x9C, 0xFF,
		0xA3, 0xA0, 0xA3, 0xFF, 0xAA, 0xA7, 0xAA, 0xFF, 0xB1, 0xAE, 0xB1, 0xFF, 0xB9, 0xB6, 0xB9, 0xFF,
		0xC0, 0xBD, 0xC0, 0xFF, 0xC7, 0xC4, 0xC7, 0xFF, 0xCE, 0xCB, 0xCE, 0xFF, 0xD5, 0xD2, 0xD5, 0xFF,
		0xDC, 0xD9, 0xDC, 0xFF, 0xE3, 0xE0, 0xE3, 0xFF, 0xE8, 0xE8, 0xE8, 0xFF, 0x10, 0x10, 0x10, 0xFF,
		0x16, 0x16, 0x16, 0xFF, 0x1D, 0x1D, 0x1D, 0xFF, 0x24, 0x24, 0x24, 0xFF, 0x2B, 0x2B, 0x2B, 0xFF,
		0x32, 0x32, 0x32, 0xFF, 0x39, 0x39, 0x39, 0xFF, 0x40, 0x40, 0x40, 0xFF, 0x48, 0x48, 0x48, 0xFF,
		0x4F, 0x4F, 0x4F, 0xFF, 0x55, 0x55, 0x55, 0xFF, 0x5C, 0x5C, 0x5C, 0xFF, 0x63, 0x63, 0x63, 0xFF,
		0x6A, 0x6A, 0x6A, 0xFF, 0x71, 0x71, 0x71, 0xFF, 0x78, 0x78, 0x78, 0xFF, 0x80, 0x80, 0x80, 0xFF,
		0x87, 0x87, 0x87, 0xFF, 0x8E, 0x8E, 0x8E, 0xFF, 0x94, 0x94, 0x94, 0xFF, 0x9C, 0x9C, 0x9C, 0xFF,
		0xA3, 0xA0, 0xA3, 0xFF, 0xAA, 0xA7, 0xAA, 0xFF, 0xB1, 0xAE, 0xB1, 0xFF, 0xB9, 0xB6, 0xB9, 0xFF,
		0xC0, 0xBD, 0xC0, 0xFF, 0xC7, 0xC4, 0xC7, 0xFF, 0xCE, 0xCB, 0xCE, 0xFF, 0xD5, 0xD2, 0xD5, 0xFF,
		0xDC, 0xD9, 0xDC, 0xFF, 0xE3, 0xE0, 0xE3, 0xFF, 0xE8, 0xE8, 0xE8, 0xFF, 0x10, 0x10, 0x10, 0xFF,
		0x16, 0x16, 0x16, 0xFF, 0x1D, 0x1D, 0x1D, 0xFF, 0x24, 0x24, 0x24, 0xFF, 0x2B, 0x2B, 0x2B, 0xFF,
		0x32, 0x32, 0x32, 0xFF, 0x39, 0x39, 0x39, 0xFF, 0x40, 0x40, 0x40, 0xFF, 0x48, 0x48, 0x48, 0xFF,
		0x4F, 0x4F, 0x4F, 0xFF, 0x55, 0x55, 0x55, 0xFF, 0x5C, 0x5C, 0x5C, 0xFF, 0x63, 0x63, 0x63, 0xFF,
		0x6A, 0x6A, 0x6A, 0xFF, 0x71, 0x71, 0x71, 0xFF, 0x78, 0x78, 0x78, 0xFF, 0x80, 0x80, 0x80, 0xFF,
		0x87, 0x87, 0x87, 0xFF, 0x8E, 0x8E, 0x8E, 0xFF, 0x94, 0x94, 0x94, 0xFF, 0x9C, 0x9C, 0x9C, 0xFF,
		0xA3, 0xA0, 0xA3, 0xFF, 0xAA, 0xA7, 0xAA, 0xFF, 0xB1, 0xAE, 0xB1, 0xFF, 0xB9, 0xB6, 0xB9, 0xFF,
		0xC0, 0xBD, 0xC0, 0xFF, 0xC7, 0xC4, 0xC7, 0xFF, 0xCE, 0xCB, 0xCE, 0xFF, 0xD5, 0xD2, 0xD5, 0xFF,
		0xDC, 0xD9, 0xDC, 0xFF, 0xE3, 0xE0, 0xE3, 0xFF, 0xE8, 0xE8, 0xE8, 0xFF, 0x10, 0x10, 0x10, 0xFF,
		0x16, 0x16, 0x16, 0xFF, 0x1D, 0x1D, 0x1D, 0xFF, 0x24, 0x24, 0x24, 0xFF, 0x2B, 0x2B, 0x2B, 0xFF,
		0x32, 0x32, 0x32, 0xFF, 0x39, 0x39, 0x39, 0xFF, 0x40, 0x40, 0x40, 0xFF, 0x48, 0x48, 0x48, 0xFF,
		0x4F, 0x4F, 0x4F, 0xFF, 0x55, 0x55, 0x55, 0xFF, 0x5C, 0x5C, 0x5C, 0xFF, 0x63, 0x63, 0x63, 0xFF,
		0x6A, 0x6A, 0x6A, 0xFF, 0x71, 0x71, 0x71, 0xFF, 0x78, 0x78, 0x78, 0xFF, 0x80, 0x80, 0x80, 0xFF,
		0x87, 0x87, 0x87, 0xFF, 0x8E, 0x8E, 0x8E, 0xFF, 0x94, 0x94, 0x94, 0xFF, 0x9C, 0x9C, 0x9C, 0xFF,
		0xA3, 0xA0, 0xA3, 0xFF, 0xAA, 0xA7, 0xAA, 0xFF, 0xB1, 0xAE, 0xB1, 0xFF, 0xB9, 0xB6, 0xB9, 0xFF,
		0xC0, 0xBD, 0xC0, 0xFF, 0xC7, 0xC4, 0xC7, 0xFF, 0xCE, 0xCB, 0xCE, 0xFF, 0xD5, 0xD2, 0xD5, 0xFF,
		0xDC, 0xD9, 0xDC, 0xFF, 0xE3, 0xE0, 0xE3, 0xFF, 0xE8, 0xE8, 0xE8, 0xFF, 0x10, 0x10, 0x10, 0xFF,
		0xEA, 0xEA, 0x0E, 0xFF, 0xEA, 0xEA, 0x0E, 0xFF, 0xEA, 0xEA, 0x0E, 0xFF, 0xEA, 0xEA, 0x0E, 0xFF,
		0xEA, 0xEA, 0x0E, 0xFF, 0xEA, 0xEA, 0x0E, 0xFF, 0xEA, 0xEA, 0x0E, 0xFF, 0xEA, 0xEA, 0x0E, 0xFF,
		0xEA, 0xEA, 0x0E, 0xFF, 0xEA, 0xEA, 0x0E, 0xFF, 0xEA, 0xEA, 0x0E, 0xFF, 0xEA, 0xEA, 0x0E, 0xFF,
		0xEA, 0xEA, 0x0E, 0xFF, 0xEA, 0xEA, 0x0E, 0xFF, 0xEA, 0xEA, 0x0E, 0xFF, 0xEA, 0xEA, 0x0E, 0xFF,
		0xEA, 0xEA, 0x0E, 0xFF, 0xEA, 0xEA, 0x0E, 0xFF, 0xEA, 0xEA, 0x0E, 0xFF, 0xEA, 0xEA, 0x0E, 0xFF,
		0xEA, 0xEA, 0x0E, 0xFF, 0xEA, 0xEA, 0x0E, 0xFF, 0xEA, 0xEA, 0x0E, 0xFF, 0xEA, 0xEA, 0x0E, 0xFF,
		0xEA, 0xEA, 0x0E, 0xFF, 0xEA, 0xEA, 0x0E, 0xFF, 0xEA, 0xEA, 0x0E, 0xFF, 0xEA, 0xEA, 0x0E, 0xFF,
		0xEA, 0xEA, 0x0E, 0xFF, 0xEA, 0xEA, 0x0E, 0xFF, 0xEA, 0xEA, 0x0E, 0xFF, 0xEA, 0xEA, 0x0E, 0xFF,
		0xEA, 0xEA, 0x0E, 0xFF, 0xEA, 0xEA, 0x0E, 0xFF, 0xEA, 0xEA, 0x0E, 0xFF, 0xEA, 0xEA, 0x0E, 0xFF,
		0xEA, 0xEA, 0x0E, 0xFF, 0xEA, 0xEA, 0x0E, 0xFF, 0xEA, 0xEA, 0x0E, 0xFF, 0xEA, 0xEA, 0x0E, 0xFF,
		0xEA, 0xEA, 0x0E, 0xFF, 0xEA, 0xEA, 0x0E, 0xFF, 0xEA, 0xEA, 0x0E, 0xFF, 0xEA, 0xEA, 0x0E, 0xFF,
		0xEA, 0xEA, 0x0E, 0xFF, 0xEA, 0xEA, 0x0E, 0xFF, 0xEA, 0xEA, 0x0E, 0xFF, 0xEA, 0xEA, 0x0E, 0xFF,
		0xEA, 0xEA, 0x0E, 0xFF, 0xEA, 0xEA, 0x0E, 0xFF, 0xEA, 0xEA, 0x0E, 0xFF, 0xEA, 0xEA, 0x0E, 0xFF,
		0xEA, 0xEA, 0x0E, 0xFF, 0xEA, 0xEA, 0x0E, 0xFF, 0xEA, 0xEA, 0x0E, 0xFF, 0xEA, 0xEA, 0x0E, 0xFF,
		0xEA, 0xEA, 0x0E, 0xFF, 0xEA, 0xEA, 0x0E, 0xFF, 0xEA, 0xEA, 0x0E, 0xFF, 0xEA, 0xEA, 0x0E, 0xFF,
		0xEA, 0xEA, 0x0E, 0xFF, 0xEA, 0xEA, 0x0E, 0xFF, 0xEA, 0xEA, 0x0E, 0xFF, 0xEA, 0xEA, 0x0E, 0xFF,
		0xEA, 0xEA, 0x0E, 0xFF, 0xEA, 0xEA, 0x0E, 0xFF, 0xEA, 0xEA, 0x0E, 0xFF, 0xEA, 0xEA, 0x0E, 0xFF,
		0xEA, 0xEA, 0x0E, 0xFF, 0xEA, 0xEA, 0x0E, 0xFF, 0xEA, 0xEA, 0x0E, 0xFF, 0xEA, 0xEA, 0x0E, 0xFF,
		0xEA, 0xEA, 0x0E, 0xFF, 0xEA, 0xEA, 0x0E, 0xFF, 0xEA, 0xEA, 0x0E, 0xFF, 0xEA, 0xEA, 0x0E, 0xFF,
		0xEA, 0xEA, 0x0E, 0xFF, 0xEA, 0xEA, 0x0E, 0xFF, 0xEA, 0xEA, 0x0E, 0xFF, 0xEA, 0xEA, 0x0E, 0xFF,
		0xEA, 0xEA, 0x0E, 0xFF, 0xEA, 0xEA, 0x0E, 0xFF, 0xEA, 0xEA, 0x0E, 0xFF, 0xEA, 0xEA, 0x0E, 0xFF,
		0xEA, 0xEA, 0x0E, 0xFF, 0xEA, 0xEA, 0x0E, 0xFF, 0xEA, 0xEA, 0x0E, 0xFF, 0xEA, 0xEA, 0x0E, 0xFF,
		0xEA, 0xEA, 0x0E, 0xFF, 0xEA, 0xEA, 0x0E, 0xFF, 0xEA, 0xEA, 0x0E, 0xFF, 0xEA, 0xEA, 0x0E, 0xFF,
		0xEA, 0xEA, 0x0E, 0xFF, 0xEA, 0xEA, 0x0E, 0xFF, 0xEA, 0xEA, 0x0E, 0xFF, 0xEA, 0xEA, 0x0E, 0xFF,
		0xEA, 0xEA, 0x0E, 0xFF, 0xEA, 0xEA, 0x0E, 0xFF, 0xEA, 0xEA, 0x0E, 0xFF, 0xEA, 0xEA, 0x0E, 0xFF,
		0xEA, 0xEA, 0x0E, 0xFF, 0xEA, 0xEA, 0x0E, 0xFF, 0xEA, 0xEA, 0x0E, 0xFF, 0xEA, 0xEA, 0x0E, 0xFF,
		0xEA, 0xEA, 0x0E, 0xFF, 0xEA, 0xEA, 0x0E, 0xFF, 0xEA, 0xEA, 0x0E, 0xFF, 0xEA, 0xEA, 0x0E, 0xFF,
		0xEA, 0xEA, 0x0E, 0xFF, 0xEA, 0xEA, 0x0E, 0xFF, 0xEA, 0xEA, 0x0E, 0xFF, 0xEA, 0xEA, 0x0E, 0xFF,
		0xEA, 0xEA, 0x0E, 0xFF, 0xEA, 0xEA, 0x0E, 0xFF, 0xEA, 0xEA, 0x0E, 0xFF, 0xEA, 0xEA, 0x0E, 0xFF,
		0xEA, 0xEA, 0x0E, 0xFF, 0xEA, 0xEA, 0x0E, 0xFF, 0xEA, 0xEA, 0x0E, 0xFF, 0xEA, 0xEA, 0x0E, 0xFF,
		0xEA, 0xEA, 0x0E, 0xFF, 0xEA, 0xEA, 0x0E, 0xFF, 0xEA, 0xEA, 0x0E, 0xFF, 0xEA, 0xEA, 0x0E, 0xFF,
		0xEA, 0xEA, 0x0E, 0xFF, 0xEA, 0xEA, 0x0E, 0xFF, 0xEA, 0xEA, 0x0E, 0xFF, 0xEA, 0xEA, 0x0E, 0xFF,
		0xEA, 0xEA, 0x0E, 0xFF, 0xEA, 0xEA, 0x0E, 0xFF, 0xEA, 0xEA, 0x0E, 0xFF, 0xEA, 0xEA, 0x0E, 0xFF,
		0xEA, 0xEA, 0x0E, 0xFF, 0xEA, 0xEA, 0x0E, 0xFF, 0xEA, 0xEA, 0x0E, 0xFF, 0xEA, 0xEA, 0x0E, 0xFF,
		0xEA, 0xEA, 0x0E, 0xFF, 0xEA, 0xEA, 0x0E, 0xFF, 0xEA, 0xEA, 0x0E, 0xFF, 0xEA, 0xEA, 0x0E, 0xFF,
		0xEA, 0xEA, 0x0E, 0xFF, 0xEA, 0xEA, 0x0E, 0xFF, 0xEA, 0xEA, 0x0E, 0xFF, 0xEA, 0xEA, 0x0E, 0xFF,
		0xEA, 0xEA, 0x0E, 0xFF, 0xEA, 0xEA, 0x0E, 0xFF, 0xEA, 0xEA, 0x0E, 0xFF, 0xEA, 0xEA, 0x0E, 0xFF,
		0xEA, 0xEA, 0x0E, 0xFF, 0xEA, 0xEA, 0x0E, 0xFF, 0xEA, 0xEA, 0x0E, 0xFF, 0xEA, 0xEA, 0x0E, 0xFF,
		0xEA, 0xEA, 0x0E, 0xFF, 0xEA, 0xEA, 0x0E, 0xFF, 0xEA, 0xEA, 0x0E, 0xFF, 0xEA, 0xEA, 0x0E, 0xFF,
		0xEA, 0xEA, 0x0E, 0xFF, 0xEA, 0xEA, 0x0E, 0xFF, 0xEA, 0xEA, 0x0E, 0xFF, 0xEA, 0xEA, 0x0E, 0xFF,
		0xEA, 0xEA, 0x0E, 0xFF, 0xEA, 0xEA, 0x0E, 0xFF, 0xEA, 0xEA, 0x0E, 0xFF, 0xEA, 0xEA, 0x0E, 0xFF,
		0xEA, 0xEA, 0x0E, 0xFF, 0xEA, 0xEA, 0x0E, 0xFF, 0xEA, 0xEA, 0x0E, 0xFF, 0xEA, 0xEA, 0x0E, 0xFF,
		0xEA, 0xEA, 0x0E, 0xFF, 0xEA, 0xEA, 0x0E, 0xFF, 0xEA, 0xEA, 0x0E, 0xFF, 0xEA, 0xEA, 0x0E, 0xFF,
		0xEA, 0xEA, 0x0E, 0xFF, 0xEA, 0xEA, 0x0E, 0xFF, 0xEA, 0xEA, 0x0E, 0xFF, 0xEA, 0xEA, 0x0E, 0xFF,
		0xEA, 0xEA, 0x0E, 0xFF, 0xEA, 0xEA, 0x0E, 0xFF, 0xEA, 0xEA, 0x0E, 0xFF, 0xEA, 0xEA, 0x0E, 0xFF,
		0xEA, 0xEA, 0x0E, 0xFF, 0xEA, 0xEA, 0x0E, 0xFF, 0xEA, 0xEA, 0x0E, 0xFF, 0xEA, 0xEA, 0x0E, 0xFF,
		0xEA, 0xEA, 0x0E, 0xFF, 0xEA, 0xEA, 0x0E, 0xFF, 0xEA, 0xEA, 0x0E, 0xFF, 0xEA, 0xEA, 0x0E, 0xFF,
		0xEA, 0xEA, 0x0E, 0xFF, 0xEA, 0xEA, 0x0E, 0xFF, 0xEA, 0xEA, 0x0E, 0xFF, 0xEA, 0xEA, 0x0E, 0xFF,
		0xEA, 0xEA, 0x0E, 0xFF, 0xEA, 0xEA, 0x0E, 0xFF, 0xEA, 0xEA, 0x0E, 0xFF, 0xEA, 0xEA, 0x0E, 0xFF,
		0xEA, 0xEA, 0x0E, 0xFF, 0xEA, 0xEA, 0x0E, 0xFF, 0xEA, 0xEA, 0x0E, 0xFF, 0xEA, 0xEA, 0x0E, 0xFF,
		0xEA, 0xEA, 0x0E, 0xFF, 0xEA, 0xEA, 0x0E, 0xFF, 0xEA, 0xEA, 0x0E, 0xFF, 0xEA, 0xEA, 0x0E, 0xFF,
		0xEA, 0xEA, 0x0E, 0xFF, 0xEA, 0xEA, 0x0E, 0xFF, 0xEA, 0xEA, 0x0E, 0xFF, 0xEA, 0xEA, 0x0E, 0xFF,
		0xEA, 0xEA, 0x0E, 0xFF, 0xEA, 0xEA, 0x0E, 0xFF, 0xEA, 0xEA, 0x0E, 0xFF, 0xEA, 0xEA, 0x0E, 0xFF,
		0xEA, 0xEA, 0x0E, 0xFF, 0xEA, 0xEA, 0x0E, 0xFF, 0xEA, 0xEA, 0x0E, 0xFF, 0xEA, 0xEA, 0x0E, 0xFF,
		0xEA, 0xEA, 0x0E, 0xFF, 0xEA, 0xEA, 0x0E, 0xFF, 0xEA, 0xEA, 0x0E, 0xFF, 0xEA, 0xEA, 0x0E, 0xFF,
		0xEA, 0xEA, 0x0E, 0xFF, 0xEA, 0xEA, 0x0E, 0xFF, 0xEA, 0xEA, 0x0E, 0xFF, 0xEA, 0xEA, 0x0E, 0xFF,
		0xEA, 0xEA, 0x0E, 0xFF, 0xEA, 0xEA, 0x0E, 0xFF, 0xEA, 0xEA, 0x0E, 0xFF, 0xEA, 0xEA, 0x0E, 0xFF,
		0xEA, 0xEA, 0x0E, 0xFF, 0xEA, 0xEA, 0x0E, 0xFF, 0xEA, 0xEA, 0x0E, 0xFF, 0xEA, 0xEA, 0x0E, 0xFF,
		0xEA, 0xEA, 0x0E, 0xFF, 0xEA, 0xEA, 0x0E, 0xFF, 0xEA, 0xEA, 0x0E, 0xFF, 0xEA, 0xEA, 0x0E, 0xFF,
		0xEA, 0xEA, 0x0E, 0xFF, 0xEA, 0xEA, 0x0E, 0xFF, 0xEA, 0xEA, 0x0E, 0xFF, 0xEA, 0xEA, 0x0E, 0xFF,
		0xEA, 0xEA, 0x0E, 0xFF, 0xEA, 0xEA, 0x0E, 0xFF, 0xEA, 0xEA, 0x0E, 0xFF, 0xEA, 0xEA, 0x0E, 0xFF,
		0xEA, 0xEA, 0x0E, 0xFF, 0xEA, 0xEA, 0x0E, 0xFF, 0xEA, 0xEA, 0x0E, 0xFF, 0xEA, 0xEA, 0x0E, 0xFF,
		0xEA, 0xEA, 0x0E, 0xFF, 0xEA, 0xEA, 0x0E, 0xFF, 0xEA, 0xEA, 0x0E, 0xFF, 0xEA, 0xEA, 0x0E, 0xFF,
		0xEA, 0xEA, 0x0E, 0xFF, 0xEA, 0xEA, 0x0E, 0xFF, 0xEA, 0xEA, 0x0E, 0xFF, 0xEA, 0xEA, 0x0E, 0xFF,
};

const uint8_t buf_abgr8888[] = {
		0xEA, 0xEA, 0xEA, 0xFF, 0xEA, 0xEA, 0xEA, 0xFF, 0xEA, 0xEA, 0xEA, 0xFF, 0xEA, 0xEA, 0xEA, 0xFF,
		0xEA, 0xEA, 0xEA, 0xFF, 0xEA, 0xEA, 0xEA, 0xFF, 0xEA, 0xEA, 0xEA, 0xFF, 0xEA, 0xEA, 0xEA, 0xFF,
		0xEA, 0xEA, 0xEA, 0xFF, 0xEA, 0xEA, 0xEA, 0xFF, 0x0F, 0x0E, 0xEE, 0xFF, 0x0F, 0x0E, 0xEE, 0xFF,
		0x0F, 0x0E, 0xEE, 0xFF, 0x0F, 0x0E, 0xEE, 0xFF, 0x0F, 0x0E, 0xEE, 0xFF, 0x0F, 0x0E, 0xEE, 0xFF,
		0x0F, 0x0E, 0xEE, 0xFF, 0x0F, 0x0E, 0xEE, 0xFF, 0x0F, 0x0E, 0xEE, 0xFF, 0x0F, 0x0E, 0xEE, 0xFF,
		0x0D, 0xEC, 0x0C, 0xFF, 0x0D, 0xEC, 0x0C, 0xFF, 0x0D, 0xEC, 0x0C, 0xFF, 0x0D, 0xEC, 0x0C, 0xFF,
		0x0D, 0xEC, 0x0C, 0xFF, 0x0D, 0xEC, 0x0C, 0xFF, 0x0D, 0xEC, 0x0C, 0xFF, 0x0D, 0xEC, 0x0C, 0xFF,
		0x0D, 0xEC, 0x0C, 0xFF, 0x0D, 0xEC, 0x0C, 0xFF, 0xEA, 0x0F, 0x0D, 0xFF, 0xEA, 0x0F, 0x0D, 0xFF,
		0xEA, 0x0F, 0x0D, 0xFF, 0xEA, 0x0F, 0x0D, 0xFF, 0xEA, 0x0F, 0x0D, 0xFF, 0xEA, 0x0F, 0x0D, 0xFF,
		0xEA, 0x0F, 0x0D, 0xFF, 0xEA, 0x0F, 0x0D, 0xFF, 0xEA, 0x0F, 0x0D, 0xFF, 0xEA, 0x0F, 0x0D, 0xFF,
		0xEA, 0xEA, 0xEA, 0xFF, 0xEA, 0xEA, 0xEA, 0xFF, 0xEA, 0xEA, 0xEA, 0xFF, 0xEA, 0xEA, 0xEA, 0xFF,
		0xEA, 0xEA, 0xEA, 0xFF, 0xEA, 0xEA, 0xEA, 0xFF, 0xEA, 0xEA, 0xEA, 0xFF, 0xEA, 0xEA, 0xEA, 0xFF,
		0xEA, 0xEA, 0xEA, 0xFF, 0xEA, 0xEA, 0xEA, 0xFF, 0x10, 0x10, 0x10, 0xFF, 0x10, 0x10, 0x10, 0xFF,
		0x10, 0x10, 0x10, 0xFF, 0x10, 0x10, 0x10, 0xFF, 0x10, 0x10, 0x10, 0xFF, 0x10, 0x10, 0x10, 0xFF,
		0x10, 0x10, 0x10, 0xFF, 0x10, 0x10, 0x10, 0xFF, 0x10, 0x10, 0x10, 0xFF, 0x10, 0x10, 0x10, 0xFF,
		0x0E, 0xEA, 0xEA, 0xFF, 0x0E, 0xEA, 0xEA, 0xFF, 0x0E, 0xEA, 0xEA, 0xFF, 0x0E, 0xEA, 0xEA, 0xFF,
		0xEA, 0xEA, 0xEA, 0xFF, 0xEA, 0xEA, 0xEA, 0xFF, 0xEA, 0xEA, 0xEA, 0xFF, 0xEA, 0xEA, 0xEA, 0xFF,
		0xEA, 0xEA, 0xEA, 0xFF, 0xEA, 0xEA, 0xEA, 0xFF, 0xEA, 0xEA, 0xEA, 0xFF, 0xEA, 0xEA, 0xEA, 0xFF,
		0xEA, 0xEA, 0xEA, 0xFF, 0xEA, 0xEA, 0xEA, 0xFF, 0x0F, 0x0E, 0xEE, 0xFF, 0x0F, 0x0E, 0xEE, 0xFF,
		0x0F, 0x0E, 0xEE, 0xFF, 0x0F, 0x0E, 0xEE, 0xFF, 0x0F, 0x0E, 0xEE, 0xFF, 0x0F, 0x0E, 0xEE, 0xFF,
		0x0F, 0x0E, 0xEE, 0xFF, 0x0F, 0x0E, 0xEE, 0xFF, 0x0F, 0x0E, 0xEE, 0xFF, 0x0F, 0x0E, 0xEE, 0xFF,
		0x0D, 0xEC, 0x0C, 0xFF, 0x0D, 0xEC, 0x0C, 0xFF, 0x0D, 0xEC, 0x0C, 0xFF, 0x0D, 0xEC, 0x0C, 0xFF,
		0x0D, 0xEC, 0x0C, 0xFF, 0x0D, 0xEC, 0x0C, 0xFF, 0x0D, 0xEC, 0x0C, 0xFF, 0x0D, 0xEC, 0x0C, 0xFF,
		0x0D, 0xEC, 0x0C, 0xFF, 0x0D, 0xEC, 0x0C, 0xFF, 0xEA, 0x0F, 0x0D, 0xFF, 0xEA, 0x0F, 0x0D, 0xFF,
		0xEA, 0x0F, 0x0D, 0xFF, 0xEA, 0x0F, 0x0D, 0xFF, 0xEA, 0x0F, 0x0D, 0xFF, 0xEA, 0x0F, 0x0D, 0xFF,
		0xEA, 0x0F, 0x0D, 0xFF, 0xEA, 0x0F, 0x0D, 0xFF, 0xEA, 0x0F, 0x0D, 0xFF, 0xEA, 0x0F, 0x0D, 0xFF,
		0xEA, 0xEA, 0xEA, 0xFF, 0xEA, 0xEA, 0xEA, 0xFF, 0xEA, 0xEA, 0xEA, 0xFF, 0xEA, 0xEA, 0xEA, 0xFF,
		0xEA, 0xEA, 0xEA, 0xFF, 0xEA, 0xEA, 0xEA, 0xFF, 0xEA, 0xEA, 0xEA, 0xFF, 0xEA, 0xEA, 0xEA, 0xFF,
		0xEA, 0xEA, 0xEA, 0xFF, 0xEA, 0xEA, 0xEA, 0xFF, 0x10, 0x10, 0x10, 0xFF, 0x10, 0x10, 0x10, 0xFF,
		0x10, 0x10, 0x10, 0xFF, 0x10, 0x10, 0x10, 0xFF, 0x10, 0x10, 0x10, 0xFF, 0x10, 0x10, 0x10, 0xFF,
		0x10, 0x10, 0x10, 0xFF, 0x10, 0x10, 0x10, 0xFF, 0x10, 0x10, 0x10, 0xFF, 0x10, 0x10, 0x10, 0xFF,
		0x0E, 0xEA, 0xEA, 0xFF, 0x0E, 0xEA, 0xEA, 0xFF, 0x0E, 0xEA, 0xEA, 0xFF, 0x0E, 0xEA, 0xEA, 0xFF,
		0xEA, 0xEA, 0xEA, 0xFF, 0xEA, 0xEA, 0xEA, 0xFF, 0xEA, 0xEA, 0xEA, 0xFF, 0xEA, 0xEA, 0xEA, 0xFF,
		0xEA, 0xEA, 0xEA, 0xFF, 0xEA, 0xEA, 0xEA, 0xFF, 0xEA, 0xEA, 0xEA, 0xFF, 0xEA, 0xEA, 0xEA, 0xFF,
		0xEA, 0xEA, 0xEA, 0xFF, 0xEA, 0xEA, 0xEA, 0xFF, 0x0F, 0x0E, 0xEE, 0xFF, 0x0F, 0x0E, 0xEE, 0xFF,
		0x0F, 0x0E, 0xEE, 0xFF, 0x0F, 0x0E, 0xEE, 0xFF, 0x0F, 0x0E, 0xEE, 0xFF, 0x0F, 0x0E, 0xEE, 0xFF,
		0x0F, 0x0E, 0xEE, 0xFF, 0x0F, 0x0E, 0xEE, 0xFF, 0x0F, 0x0E, 0xEE, 0xFF, 0x0F, 0x0E, 0xEE, 0xFF,
		0x0D, 0xEC, 0x0C, 0xFF, 0x0D, 0xEC, 0x0C, 0xFF, 0x0D, 0xEC, 0x0C, 0xFF, 0x0D, 0xEC, 0x0C, 0xFF,
		0x0D, 0xEC, 0x0C, 0xFF, 0x0D, 0xEC, 0x0C, 0xFF, 0x0D, 0xEC, 0x0C, 0xFF, 0x0D, 0xEC, 0x0C, 0xFF,
		0x0D, 0xEC, 0x0C, 0xFF, 0x0D, 0xEC, 0x0C, 0xFF, 0xEA, 0x0F, 0x0D, 0xFF, 0xEA, 0x0F, 0x0D, 0xFF,
		0xEA, 0x0F, 0x0D, 0xFF, 0xEA, 0x0F, 0x0D, 0xFF, 0xEA, 0x0F, 0x0D, 0xFF, 0xEA, 0x0F, 0x0D, 0xFF,
		0xEA, 0x0F, 0x0D, 0xFF, 0xEA, 0x0F, 0x0D, 0xFF, 0xEA, 0x0F, 0x0D, 0xFF, 0xEA, 0x0F, 0x0D, 0xFF,
		0xEA, 0xEA, 0xEA, 0xFF, 0xEA, 0xEA, 0xEA, 0xFF, 0xEA, 0xEA, 0xEA, 0xFF, 0xEA, 0xEA, 0xEA, 0xFF,
		0xEA, 0xEA, 0xEA, 0xFF, 0xEA, 0xEA, 0xEA, 0xFF, 0xEA, 0xEA, 0xEA, 0xFF, 0xEA, 0xEA, 0xEA, 0xFF,
		0xEA, 0xEA, 0xEA, 0xFF, 0xEA, 0xEA, 0xEA, 0xFF, 0x10, 0x10, 0x10, 0xFF, 0x10, 0x10, 0x10, 0xFF,
		0x10, 0x10, 0x10, 0xFF, 0x10, 0x10, 0x10, 0xFF, 0x10, 0x10, 0x10, 0xFF, 0x10, 0x10, 0x10, 0xFF,
		0x10, 0x10, 0x10, 0xFF, 0x10, 0x10, 0x10, 0xFF, 0x10, 0x10, 0x10, 0xFF, 0x10, 0x10, 0x10, 0xFF,
		0x0E, 0xEA, 0xEA, 0xFF, 0x0E, 0xEA, 0xEA, 0xFF, 0x0E, 0xEA, 0xEA, 0xFF, 0x0E, 0xEA, 0xEA, 0xFF,
		0xEA, 0xEA, 0xEA, 0xFF, 0xEA, 0xEA, 0xEA, 0xFF, 0xEA, 0xEA, 0xEA, 0xFF, 0xEA, 0xEA, 0xEA, 0xFF,
		0xEA, 0xEA, 0xEA, 0xFF, 0xEA, 0xEA, 0xEA, 0xFF, 0xEA, 0xEA, 0xEA, 0xFF, 0xEA, 0xEA, 0xEA, 0xFF,
		0xEA, 0xEA, 0xEA, 0xFF, 0xEA, 0xEA, 0xEA, 0xFF, 0x0F, 0x0E, 0xEE, 0xFF, 0x0F, 0x0E, 0xEE, 0xFF,
		0x0F, 0x0E, 0xEE, 0xFF, 0x0F, 0x0E, 0xEE, 0xFF, 0x0F, 0x0E, 0xEE, 0xFF, 0x0F, 0x0E, 0xEE, 0xFF,
		0x0F, 0x0E, 0xEE, 0xFF, 0x0F, 0x0E, 0xEE, 0xFF, 0x0F, 0x0E, 0xEE, 0xFF, 0x0F, 0x0E, 0xEE, 0xFF,
		0x0D, 0xEC, 0x0C, 0xFF, 0x0D, 0xEC, 0x0C, 0xFF, 0x0D, 0xEC, 0x0C, 0xFF, 0x0D, 0xEC, 0x0C, 0xFF,
		0x0D, 0xEC, 0x0C, 0xFF, 0x0D, 0xEC, 0x0C, 0xFF, 0x0D, 0xEC, 0x0C, 0xFF, 0x0D, 0xEC, 0x0C, 0xFF,
		0x0D, 0xEC, 0x0C, 0xFF, 0x0D, 0xEC, 0x0C, 0xFF, 0xEA, 0x0F, 0x0D, 0xFF, 0xEA, 0x0F, 0x0D, 0xFF,
		0xEA, 0x0F, 0x0D, 0xFF, 0xEA, 0x0F, 0x0D, 0xFF, 0xEA, 0x0F, 0x0D, 0xFF, 0xEA, 0x0F, 0x0D, 0xFF,
		0xEA, 0x0F, 0x0D, 0xFF, 0xEA, 0x0F, 0x0D, 0xFF, 0xEA, 0x0F, 0x0D, 0xFF, 0xEA, 0x0F, 0x0D, 0xFF,
		0xEA, 0xEA, 0xEA, 0xFF, 0xEA, 0xEA, 0xEA, 0xFF, 0xEA, 0xEA, 0xEA, 0xFF, 0xEA, 0xEA, 0xEA, 0xFF,
		0xEA, 0xEA, 0xEA, 0xFF, 0xEA, 0xEA, 0xEA, 0xFF, 0xEA, 0xEA, 0xEA, 0xFF, 0xEA, 0xEA, 0xEA, 0xFF,
		0xEA, 0xEA, 0xEA, 0xFF, 0xEA, 0xEA, 0xEA, 0xFF, 0x10, 0x10, 0x10, 0xFF, 0x10, 0x10, 0x10, 0xFF,
		0x10, 0x10, 0x10, 0xFF, 0x10, 0x10, 0x10, 0xFF, 0x10, 0x10, 0x10, 0xFF, 0x10, 0x10, 0x10, 0xFF,
		0x10, 0x10, 0x10, 0xFF, 0x10, 0x10, 0x10, 0xFF, 0x10, 0x10, 0x10, 0xFF, 0x10, 0x10, 0x10, 0xFF,
		0x0E, 0xEA, 0xEA, 0xFF, 0x0E, 0xEA, 0xEA, 0xFF, 0x0E, 0xEA, 0xEA, 0xFF, 0x0E, 0xEA, 0xEA, 0xFF,
		0xEA, 0xEA, 0xEA, 0xFF, 0xEA, 0xEA, 0xEA, 0xFF, 0xEA, 0xEA, 0xEA, 0xFF, 0xEA, 0xEA, 0xEA, 0xFF,
		0xEA, 0xEA, 0xEA, 0xFF, 0xEA, 0xEA, 0xEA, 0xFF, 0xEA, 0xEA, 0xEA, 0xFF, 0xEA, 0xEA, 0xEA, 0xFF,
		0xEA, 0xEA, 0xEA, 0xFF, 0xEA, 0xEA, 0xEA, 0xFF, 0x0F, 0x0E, 0xEE, 0xFF, 0x0F, 0x0E, 0xEE, 0xFF,
		0x0F, 0x0E, 0xEE, 0xFF, 0x0F, 0x0E, 0xEE, 0xFF, 0x0F, 0x0E, 0xEE, 0xFF, 0x0F, 0x0E, 0xEE, 0xFF,
		0x0F, 0x0E, 0xEE, 0xFF, 0x0F, 0x0E, 0xEE, 0xFF, 0x0F, 0x0E, 0xEE, 0xFF, 0x0F, 0x0E, 0xEE, 0xFF,
		0x0D, 0xEC, 0x0C, 0xFF, 0x0D, 0xEC, 0x0C, 0xFF, 0x0D, 0xEC, 0x0C, 0xFF, 0x0D, 0xEC, 0x0C, 0xFF,
		0x0D, 0xEC, 0x0C, 0xFF, 0x0D, 0xEC, 0x0C, 0xFF, 0x0D, 0xEC, 0x0C, 0xFF, 0x0D, 0xEC, 0x0C, 0xFF,
		0x0D, 0xEC, 0x0C, 0xFF, 0x0D, 0xEC, 0x0C, 0xFF, 0xEA, 0x0F, 0x0D, 0xFF, 0xEA, 0x0F, 0x0D, 0xFF,
		0xEA, 0x0F, 0x0D, 0xFF, 0xEA, 0x0F, 0x0D, 0xFF, 0xEA, 0x0F, 0x0D, 0xFF, 0xEA, 0x0F, 0x0D, 0xFF,
		0xEA, 0x0F, 0x0D, 0xFF, 0xEA, 0x0F, 0x0D, 0xFF, 0xEA, 0x0F, 0x0D, 0xFF, 0xEA, 0x0F, 0x0D, 0xFF,
		0xEA, 0xEA, 0xEA, 0xFF, 0xEA, 0xEA, 0xEA, 0xFF, 0xEA, 0xEA, 0xEA, 0xFF, 0xEA, 0xEA, 0xEA, 0xFF,
		0xEA, 0xEA, 0xEA, 0xFF, 0xEA, 0xEA, 0xEA, 0xFF, 0xEA, 0xEA, 0xEA, 0xFF, 0xEA, 0xEA, 0xEA, 0xFF,
		0xEA, 0xEA, 0xEA, 0xFF, 0xEA, 0xEA, 0xEA, 0xFF, 0x10, 0x10, 0x10, 0xFF, 0x10, 0x10, 0x10, 0xFF,
		0x10, 0x10, 0x10, 0xFF, 0x10, 0x10, 0x10, 0xFF, 0x10, 0x10, 0x10, 0xFF, 0x10, 0x10, 0x10, 0xFF,
		0x10, 0x10, 0x10, 0xFF, 0x10, 0x10, 0x10, 0xFF, 0x10, 0x10, 0x10, 0xFF, 0x10, 0x10, 0x10, 0xFF,
		0x0E, 0xEA, 0xEA, 0xFF, 0x0E, 0xEA, 0xEA, 0xFF, 0x0E, 0xEA, 0xEA, 0xFF, 0x0E, 0xEA, 0xEA, 0xFF,
		0xEA, 0xEA, 0xEA, 0xFF, 0xEA, 0xEA, 0xEA, 0xFF, 0xEA, 0xEA, 0xEA, 0xFF, 0xEA, 0xEA, 0xEA, 0xFF,
		0xEA, 0xEA, 0xEA, 0xFF, 0xEA, 0xEA, 0xEA, 0xFF, 0xEA, 0xEA, 0xEA, 0xFF, 0xEA, 0xEA, 0xEA, 0xFF,
		0xEA, 0xEA, 0xEA, 0xFF, 0xEA, 0xEA, 0xEA, 0xFF, 0x0F, 0x0E, 0xEE, 0xFF, 0x0F, 0x0E, 0xEE, 0xFF,
		0x0F, 0x0E, 0xEE, 0xFF, 0x0F, 0x0E, 0xEE, 0xFF, 0x0F, 0x0E, 0xEE, 0xFF, 0x0F, 0x0E, 0xEE, 0xFF,
		0x0F, 0x0E, 0xEE, 0xFF, 0x0F, 0x0E, 0xEE, 0xFF, 0x0F, 0x0E, 0xEE, 0xFF, 0x0F, 0x0E, 0xEE, 0xFF,
		0x0D, 0xEC, 0x0C, 0xFF, 0x0D, 0xEC, 0x0C, 0xFF, 0x0D, 0xEC, 0x0C, 0xFF, 0x0D, 0xEC, 0x0C, 0xFF,
		0x0D, 0xEC, 0x0C, 0xFF, 0x0D, 0xEC, 0x0C, 0xFF, 0x0D, 0xEC, 0x0C, 0xFF, 0x0D, 0xEC, 0x0C, 0xFF,
		0x0D, 0xEC, 0x0C, 0xFF, 0x0D, 0xEC, 0x0C, 0xFF, 0xEA, 0x0F, 0x0D, 0xFF, 0xEA, 0x0F, 0x0D, 0xFF,
		0xEA, 0x0F, 0x0D, 0xFF, 0xEA, 0x0F, 0x0D, 0xFF, 0xEA, 0x0F, 0x0D, 0xFF, 0xEA, 0x0F, 0x0D, 0xFF,
		0xEA, 0x0F, 0x0D, 0xFF, 0xEA, 0x0F, 0x0D, 0xFF, 0xEA, 0x0F, 0x0D, 0xFF, 0xEA, 0x0F, 0x0D, 0xFF,
		0xEA, 0xEA, 0xEA, 0xFF, 0xEA, 0xEA, 0xEA, 0xFF, 0xEA, 0xEA, 0xEA, 0xFF, 0xEA, 0xEA, 0xEA, 0xFF,
		0xEA, 0xEA, 0xEA, 0xFF, 0xEA, 0xEA, 0xEA, 0xFF, 0xEA, 0xEA, 0xEA, 0xFF, 0xEA, 0xEA, 0xEA, 0xFF,
		0xEA, 0xEA, 0xEA, 0xFF, 0xEA, 0xEA, 0xEA, 0xFF, 0x10, 0x10, 0x10, 0xFF, 0x10, 0x10, 0x10, 0xFF,
		0x10, 0x10, 0x10, 0xFF, 0x10, 0x10, 0x10, 0xFF, 0x10, 0x10, 0x10, 0xFF, 0x10, 0x10, 0x10, 0xFF,
		0x10, 0x10, 0x10, 0xFF, 0x10, 0x10, 0x10, 0xFF, 0x10, 0x10, 0x10, 0xFF, 0x10, 0x10, 0x10, 0xFF,
		0x0E, 0xEA, 0xEA, 0xFF, 0x0E, 0xEA, 0xEA, 0xFF, 0x0E, 0xEA, 0xEA, 0xFF, 0x0E, 0xEA, 0xEA, 0xFF,
		0xEA, 0xEA, 0xEA, 0xFF, 0xEA, 0xEA, 0xEA, 0xFF, 0xEA, 0xEA, 0xEA, 0xFF, 0xEA, 0xEA, 0xEA, 0xFF,
		0xEA, 0xEA, 0xEA, 0xFF, 0xEA, 0xEA, 0xEA, 0xFF, 0xEA, 0xEA, 0xEA, 0xFF, 0xEA, 0xEA, 0xEA, 0xFF,
		0xEA, 0xEA, 0xEA, 0xFF, 0xEA, 0xEA, 0xEA, 0xFF, 0x0F, 0x0E, 0xEE, 0xFF, 0x0F, 0x0E, 0xEE, 0xFF,
		0x0F, 0x0E, 0xEE, 0xFF, 0x0F, 0x0E, 0xEE, 0xFF, 0x0F, 0x0E, 0xEE, 0xFF, 0x0F, 0x0E, 0xEE, 0xFF,
		0x0F, 0x0E, 0xEE, 0xFF, 0x0F, 0x0E, 0xEE, 0xFF, 0x0F, 0x0E, 0xEE, 0xFF, 0x0F, 0x0E, 0xEE, 0xFF,
		0x0D, 0xEC, 0x0C, 0xFF, 0x0D, 0xEC, 0x0C, 0xFF, 0x0D, 0xEC, 0x0C, 0xFF, 0x0D, 0xEC, 0x0C, 0xFF,
		0x0D, 0xEC, 0x0C, 0xFF, 0x0D, 0xEC, 0x0C, 0xFF, 0x0D, 0xEC, 0x0C, 0xFF, 0x0D, 0xEC, 0x0C, 0xFF,
		0x0D, 0xEC, 0x0C, 0xFF, 0x0D, 0xEC, 0x0C, 0xFF, 0xEA, 0x0F, 0x0D, 0xFF, 0xEA, 0x0F, 0x0D, 0xFF,
		0xEA, 0x0F, 0x0D, 0xFF, 0xEA, 0x0F, 0x0D, 0xFF, 0xEA, 0x0F, 0x0D, 0xFF, 0xEA, 0x0F, 0x0D, 0xFF,
		0xEA, 0x0F, 0x0D, 0xFF, 0xEA, 0x0F, 0x0D, 0xFF, 0xEA, 0x0F, 0x0D, 0xFF, 0xEA, 0x0F, 0x0D, 0xFF,
		0xEA, 0xEA, 0xEA, 0xFF, 0xEA, 0xEA, 0xEA, 0xFF, 0xEA, 0xEA, 0xEA, 0xFF, 0xEA, 0xEA, 0xEA, 0xFF,
		0xEA, 0xEA, 0xEA, 0xFF, 0xEA, 0xEA, 0xEA, 0xFF, 0xEA, 0xEA, 0xEA, 0xFF, 0xEA, 0xEA, 0xEA, 0xFF,
		0xEA, 0xEA, 0xEA, 0xFF, 0xEA, 0xEA, 0xEA, 0xFF, 0x10, 0x10, 0x10, 0xFF, 0x10, 0x10, 0x10, 0xFF,
		0x10, 0x10, 0x10, 0xFF, 0x10, 0x10, 0x10, 0xFF, 0x10, 0x10, 0x10, 0xFF, 0x10, 0x10, 0x10, 0xFF,
		0x10, 0x10, 0x10, 0xFF, 0x10, 0x10, 0x10, 0xFF, 0x10, 0x10, 0x10, 0xFF, 0x10, 0x10, 0x10, 0xFF,
		0x0E, 0xEA, 0xEA, 0xFF, 0x0E, 0xEA, 0xEA, 0xFF, 0x0E, 0xEA, 0xEA, 0xFF, 0x0E, 0xEA, 0xEA, 0xFF,
		0xEA, 0xEA, 0xEA, 0xFF, 0xEA, 0xEA, 0xEA, 0xFF, 0xEA, 0xEA, 0xEA, 0xFF, 0xEA, 0xEA, 0xEA, 0xFF,
		0xEA, 0xEA, 0xEA, 0xFF, 0xEA, 0xEA, 0xEA, 0xFF, 0xEA, 0xEA, 0xEA, 0xFF, 0xEA, 0xEA, 0xEA, 0xFF,
		0xEA, 0xEA, 0xEA, 0xFF, 0xEA, 0xEA, 0xEA, 0xFF, 0x0F, 0x0E, 0xEE, 0xFF, 0x0F, 0x0E, 0xEE, 0xFF,
		0x0F, 0x0E, 0xEE, 0xFF, 0x0F, 0x0E, 0xEE, 0xFF, 0x0F, 0x0E, 0xEE, 0xFF, 0x0F, 0x0E, 0xEE, 0xFF,
		0x0F, 0x0E, 0xEE, 0xFF, 0x0F, 0x0E, 0xEE, 0xFF, 0x0F, 0x0E, 0xEE, 0xFF, 0x0F, 0x0E, 0xEE, 0xFF,
		0x0D, 0xEC, 0x0C, 0xFF, 0x0D, 0xEC, 0x0C, 0xFF, 0x0D, 0xEC, 0x0C, 0xFF, 0x0D, 0xEC, 0x0C, 0xFF,
		0x0D, 0xEC, 0x0C, 0xFF, 0x0D, 0xEC, 0x0C, 0xFF, 0x0D, 0xEC, 0x0C, 0xFF, 0x0D, 0xEC, 0x0C, 0xFF,
		0x0D, 0xEC, 0x0C, 0xFF, 0x0D, 0xEC, 0x0C, 0xFF, 0xEA, 0x0F, 0x0D, 0xFF, 0xEA, 0x0F, 0x0D, 0xFF,
		0xEA, 0x0F, 0x0D, 0xFF, 0xEA, 0x0F, 0x0D, 0xFF, 0xEA, 0x0F, 0x0D, 0xFF, 0xEA, 0x0F, 0x0D, 0xFF,
		0xEA, 0x0F, 0x0D, 0xFF, 0xEA, 0x0F, 0x0D, 0xFF, 0xEA, 0x0F, 0x0D, 0xFF, 0xEA, 0x0F, 0x0D, 0xFF,
		0xEA, 0xEA, 0xEA, 0xFF, 0xEA, 0xEA, 0xEA, 0xFF, 0xEA, 0xEA, 0xEA, 0xFF, 0xEA, 0xEA, 0xEA, 0xFF,
		0xEA, 0xEA, 0xEA, 0xFF, 0xEA, 0xEA, 0xEA, 0xFF, 0xEA, 0xEA, 0xEA, 0xFF, 0xEA, 0xEA, 0xEA, 0xFF,
		0xEA, 0xEA, 0xEA, 0xFF, 0xEA, 0xEA, 0xEA, 0xFF, 0x10, 0x10, 0x10, 0xFF, 0x10, 0x10, 0x10, 0xFF,
		0x10, 0x10, 0x10, 0xFF, 0x10, 0x10, 0x10, 0xFF, 0x10, 0x10, 0x10, 0xFF, 0x10, 0x10, 0x10, 0xFF,
		0x10, 0x10, 0x10, 0xFF, 0x10, 0x10, 0x10, 0xFF, 0x10, 0x10, 0x10, 0xFF, 0x10, 0x10, 0x10, 0xFF,
		0x0E, 0xEA, 0xEA, 0xFF, 0x0E, 0xEA, 0xEA, 0xFF, 0x0E, 0xEA, 0xEA, 0xFF, 0x0E, 0xEA, 0xEA, 0xFF,
		0xEA, 0xEA, 0xEA, 0xFF, 0xEA, 0xEA, 0xEA, 0xFF, 0xEA, 0xEA, 0xEA, 0xFF, 0xEA, 0xEA, 0xEA, 0xFF,
		0xEA, 0xEA, 0xEA, 0xFF, 0xEA, 0xEA, 0xEA, 0xFF, 0xEA, 0xEA, 0xEA, 0xFF, 0xEA, 0xEA, 0xEA, 0xFF,
		0xEA, 0xEA, 0xEA, 0xFF, 0xEA, 0xEA, 0xEA, 0xFF, 0x0F, 0x0E, 0xEE, 0xFF, 0x0F, 0x0E, 0xEE, 0xFF,
		0x0F, 0x0E, 0xEE, 0xFF, 0x0F, 0x0E, 0xEE, 0xFF, 0x0F, 0x0E, 0xEE, 0xFF, 0x0F, 0x0E, 0xEE, 0xFF,
		0x0F, 0x0E, 0xEE, 0xFF, 0x0F, 0x0E, 0xEE, 0xFF, 0x0F, 0x0E, 0xEE, 0xFF, 0x0F, 0x0E, 0xEE, 0xFF,
		0x0D, 0xEC, 0x0C, 0xFF, 0x0D, 0xEC, 0x0C, 0xFF, 0x0D, 0xEC, 0x0C, 0xFF, 0x0D, 0xEC, 0x0C, 0xFF,
		0x0D, 0xEC, 0x0C, 0xFF, 0x0D, 0xEC, 0x0C, 0xFF, 0x0D, 0xEC, 0x0C, 0xFF, 0x0D, 0xEC, 0x0C, 0xFF,
		0x0D, 0xEC, 0x0C, 0xFF, 0x0D, 0xEC, 0x0C, 0xFF, 0xEA, 0x0F, 0x0D, 0xFF, 0xEA, 0x0F, 0x0D, 0xFF,
		0xEA, 0x0F, 0x0D, 0xFF, 0xEA, 0x0F, 0x0D, 0xFF, 0xEA, 0x0F, 0x0D, 0xFF, 0xEA, 0x0F, 0x0D, 0xFF,
		0xEA, 0x0F, 0x0D, 0xFF, 0xEA, 0x0F, 0x0D, 0xFF, 0xEA, 0x0F, 0x0D, 0xFF, 0xEA, 0x0F, 0x0D, 0xFF,
		0xEA, 0xEA, 0xEA, 0xFF, 0xEA, 0xEA, 0xEA, 0xFF, 0xEA, 0xEA, 0xEA, 0xFF, 0xEA, 0xEA, 0xEA, 0xFF,
		0xEA, 0xEA, 0xEA, 0xFF, 0xEA, 0xEA, 0xEA, 0xFF, 0xEA, 0xEA, 0xEA, 0xFF, 0xEA, 0xEA, 0xEA, 0xFF,
		0xEA, 0xEA, 0xEA, 0xFF, 0xEA, 0xEA, 0xEA, 0xFF, 0x10, 0x10, 0x10, 0xFF, 0x10, 0x10, 0x10, 0xFF,
		0x10, 0x10, 0x10, 0xFF, 0x10, 0x10, 0x10, 0xFF, 0x10, 0x10, 0x10, 0xFF, 0x10, 0x10, 0x10, 0xFF,
		0x10, 0x10, 0x10, 0xFF, 0x10, 0x10, 0x10, 0xFF, 0x10, 0x10, 0x10, 0xFF, 0x10, 0x10, 0x10, 0xFF,
		0x0E, 0xEA, 0xEA, 0xFF, 0x0E, 0xEA, 0xEA, 0xFF, 0x0E, 0xEA, 0xEA, 0xFF, 0x0E, 0xEA, 0xEA, 0xFF,
		0xEA, 0xEA, 0xEA, 0xFF, 0xEA, 0xEA, 0xEA, 0xFF, 0xEA, 0xEA, 0xEA, 0xFF, 0xEA, 0xEA, 0xEA, 0xFF,
		0xEA, 0xEA, 0xEA, 0xFF, 0xEA, 0xEA, 0xEA, 0xFF, 0xEA, 0xEA, 0xEA, 0xFF, 0xEA, 0xEA, 0xEA, 0xFF,
		0xEA, 0xEA, 0xEA, 0xFF, 0xEA, 0xEA, 0xEA, 0xFF, 0x0F, 0x0E, 0xEE, 0xFF, 0x0F, 0x0E, 0xEE, 0xFF,
		0x0F, 0x0E, 0xEE, 0xFF, 0x0F, 0x0E, 0xEE, 0xFF, 0x0F, 0x0E, 0xEE, 0xFF, 0x0F, 0x0E, 0xEE, 0xFF,
		0x0F, 0x0E, 0xEE, 0xFF, 0x0F, 0x0E, 0xEE, 0xFF, 0x0F, 0x0E, 0xEE, 0xFF, 0x0F, 0x0E, 0xEE, 0xFF,
		0x0D, 0xEC, 0x0C, 0xFF, 0x0D, 0xEC, 0x0C, 0xFF, 0x0D, 0xEC, 0x0C, 0xFF, 0x0D, 0xEC, 0x0C, 0xFF,
		0x0D, 0xEC, 0x0C, 0xFF, 0x0D, 0xEC, 0x0C, 0xFF, 0x0D, 0xEC, 0x0C, 0xFF, 0x0D, 0xEC, 0x0C, 0xFF,
		0x0D, 0xEC, 0x0C, 0xFF, 0x0D, 0xEC, 0x0C, 0xFF, 0xEA, 0x0F, 0x0D, 0xFF, 0xEA, 0x0F, 0x0D, 0xFF,
		0xEA, 0x0F, 0x0D, 0xFF, 0xEA, 0x0F, 0x0D, 0xFF, 0xEA, 0x0F, 0x0D, 0xFF, 0xEA, 0x0F, 0x0D, 0xFF,
		0xEA, 0x0F, 0x0D, 0xFF, 0xEA, 0x0F, 0x0D, 0xFF, 0xEA, 0x0F, 0x0D, 0xFF, 0xEA, 0x0F, 0x0D, 0xFF,
		0xEA, 0xEA, 0xEA, 0xFF, 0xEA, 0xEA, 0xEA, 0xFF, 0xEA, 0xEA, 0xEA, 0xFF, 0xEA, 0xEA, 0xEA, 0xFF,
		0xEA, 0xEA, 0xEA, 0xFF, 0xEA, 0xEA, 0xEA, 0xFF, 0xEA, 0xEA, 0xEA, 0xFF, 0xEA, 0xEA, 0xEA, 0xFF,
		0xEA, 0xEA, 0xEA, 0xFF, 0xEA, 0xEA, 0xEA, 0xFF, 0x10, 0x10, 0x10, 0xFF, 0x10, 0x10, 0x10, 0xFF,
		0x10, 0x10, 0x10, 0xFF, 0x10, 0x10, 0x10, 0xFF, 0x10, 0x10, 0x10, 0xFF, 0x10, 0x10, 0x10, 0xFF,
		0x10, 0x10, 0x10, 0xFF, 0x10, 0x10, 0x10, 0xFF, 0x10, 0x10, 0x10, 0xFF, 0x10, 0x10, 0x10, 0xFF,
		0x0E, 0xEA, 0xEA, 0xFF, 0x0E, 0xEA, 0xEA, 0xFF, 0x0E, 0xEA, 0xEA, 0xFF, 0x0E, 0xEA, 0xEA, 0xFF,
		0x0F, 0x0E, 0xEE, 0xFF, 0x0F, 0x0E, 0xEE, 0xFF, 0x0F, 0x0E, 0xEE, 0xFF, 0x0F, 0x0E, 0xEE, 0xFF,
		0x0F, 0x0E, 0xEE, 0xFF, 0x0F, 0x0E, 0xEE, 0xFF, 0x0F, 0x0E, 0xEE, 0xFF, 0x0F, 0x0E, 0xEE, 0xFF,
		0x0F, 0x0E, 0xEE, 0xFF, 0x0F, 0x0E, 0xEE, 0xFF, 0x0F, 0x0E, 0xEE, 0xFF, 0x0F, 0x0E, 0xEE, 0xFF,
		0x0F, 0x0E, 0xEE, 0xFF, 0x0F, 0x0E, 0xEE, 0xFF, 0x0F, 0x0E, 0xEE, 0xFF, 0x0F, 0x0E, 0xEE, 0xFF,
		0x0F, 0x0E, 0xEE, 0xFF, 0x0F, 0x0E, 0xEE, 0xFF, 0x0F, 0x0E, 0xEE, 0xFF, 0x0F, 0x0E, 0xEE, 0xFF,
		0x0F, 0x0E, 0xEE, 0xFF, 0x0F, 0x0E, 0xEE, 0xFF, 0x0F, 0x0E, 0xEE, 0xFF, 0x0F, 0x0E, 0xEE, 0xFF,
		0x0F, 0x0E, 0xEE, 0xFF, 0x0F, 0x0E, 0xEE, 0xFF, 0x0F, 0x0E, 0xEE, 0xFF, 0x0F, 0x0E, 0xEE, 0xFF,
		0x0F, 0x0E, 0xEE, 0xFF, 0x0F, 0x0E, 0xEE, 0xFF, 0x0F, 0x0E, 0xEE, 0xFF, 0x0F, 0x0E, 0xEE, 0xFF,
		0x0F, 0x0E, 0xEE, 0xFF, 0x0F, 0x0E, 0xEE, 0xFF, 0x0F, 0x0E, 0xEE, 0xFF, 0x0F, 0x0E, 0xEE, 0xFF,
		0x0F, 0x0E, 0xEE, 0xFF, 0x0F, 0x0E, 0xEE, 0xFF, 0x0F, 0x0E, 0xEE, 0xFF, 0x0F, 0x0E, 0xEE, 0xFF,
		0x0F, 0x0E, 0xEE, 0xFF, 0x0F, 0x0E, 0xEE, 0xFF, 0x0F, 0x0E, 0xEE, 0xFF, 0x0F, 0x0E, 0xEE, 0xFF,
		0x0F, 0x0E, 0xEE, 0xFF, 0x0F, 0x0E, 0xEE, 0xFF, 0x0F, 0x0E, 0xEE, 0xFF, 0x0F, 0x0E, 0xEE, 0xFF,
		0x0F, 0x0E, 0xEE, 0xFF, 0x0F, 0x0E, 0xEE, 0xFF, 0x0F, 0x0E, 0xEE, 0xFF, 0x0F, 0x0E, 0xEE, 0xFF,
		0x0F, 0x0E, 0xEE, 0xFF, 0x0F, 0x0E, 0xEE, 0xFF, 0x0F, 0x0E, 0xEE, 0xFF, 0x0F, 0x0E, 0xEE, 0xFF,
		0x0F, 0x0E, 0xEE, 0xFF, 0x0F, 0x0E, 0xEE, 0xFF, 0x0F, 0x0E, 0xEE, 0xFF, 0x0F, 0x0E, 0xEE, 0xFF,
		0x0F, 0x0E, 0xEE, 0xFF, 0x0F, 0x0E, 0xEE, 0xFF, 0x0F, 0x0E, 0xEE, 0xFF, 0x0F, 0x0E, 0xEE, 0xFF,
		0x0F, 0x0E, 0xEE, 0xFF, 0x0F, 0x0E, 0xEE, 0xFF, 0x0F, 0x0E, 0xEE, 0xFF, 0x0F, 0x0E, 0xEE, 0xFF,
		0x0F, 0x0E, 0xEE, 0xFF, 0x0F, 0x0E, 0xEE, 0xFF, 0x0F, 0x0E, 0xEE, 0xFF, 0x0F, 0x0E, 0xEE, 0xFF,
		0x0F, 0x0E, 0xEE, 0xFF, 0x0F, 0x0E, 0xEE, 0xFF, 0x0F, 0x0E, 0xEE, 0xFF, 0x0F, 0x0E, 0xEE, 0xFF,
		0x0F, 0x0E, 0xEE, 0xFF, 0x0F, 0x0E, 0xEE, 0xFF, 0x0F, 0x0E, 0xEE, 0xFF, 0x0F, 0x0E, 0xEE, 0xFF,
		0x0F, 0x0E, 0xEE, 0xFF, 0x0F, 0x0E, 0xEE, 0xFF, 0x0F, 0x0E, 0xEE, 0xFF, 0x0F, 0x0E, 0xEE, 0xFF,
		0x0F, 0x0E, 0xEE, 0xFF, 0x0F, 0x0E, 0xEE, 0xFF, 0x0F, 0x0E, 0xEE, 0xFF, 0x0F, 0x0E, 0xEE, 0xFF,
		0x0F, 0x0E, 0xEE, 0xFF, 0x0F, 0x0E, 0xEE, 0xFF, 0x0F, 0x0E, 0xEE, 0xFF, 0x0F, 0x0E, 0xEE, 0xFF,
		0x0F, 0x0E, 0xEE, 0xFF, 0x0F, 0x0E, 0xEE, 0xFF, 0x0F, 0x0E, 0xEE, 0xFF, 0x0F, 0x0E, 0xEE, 0xFF,
		0x0F, 0x0E, 0xEE, 0xFF, 0x0F, 0x0E, 0xEE, 0xFF, 0x0F, 0x0E, 0xEE, 0xFF, 0x0F, 0x0E, 0xEE, 0xFF,
		0x0F, 0x0E, 0xEE, 0xFF, 0x0F, 0x0E, 0xEE, 0xFF, 0x0F, 0x0E, 0xEE, 0xFF, 0x0F, 0x0E, 0xEE, 0xFF,
		0x0F, 0x0E, 0xEE, 0xFF, 0x0F, 0x0E, 0xEE, 0xFF, 0x0F, 0x0E, 0xEE, 0xFF, 0x0F, 0x0E, 0xEE, 0xFF,
		0x0F, 0x0E, 0xEE, 0xFF, 0x0F, 0x0E, 0xEE, 0xFF, 0x0F, 0x0E, 0xEE, 0xFF, 0x0F, 0x0E, 0xEE, 0xFF,
		0x0F, 0x0E, 0xEE, 0xFF, 0x0F, 0x0E, 0xEE, 0xFF, 0x0F, 0x0E, 0xEE, 0xFF, 0x0F, 0x0E, 0xEE, 0xFF,
		0x0F, 0x0E, 0xEE, 0xFF, 0x0F, 0x0E, 0xEE, 0xFF, 0x0F, 0x0E, 0xEE, 0xFF, 0x0F, 0x0E, 0xEE, 0xFF,
		0x0F, 0x0E, 0xEE, 0xFF, 0x0F, 0x0E, 0xEE, 0xFF, 0x0F, 0x0E, 0xEE, 0xFF, 0x0F, 0x0E, 0xEE, 0xFF,
		0x0F, 0x0E, 0xEE, 0xFF, 0x0F, 0x0E, 0xEE, 0xFF, 0x0F, 0x0E, 0xEE, 0xFF, 0x0F, 0x0E, 0xEE, 0xFF,
		0x0F, 0x0E, 0xEE, 0xFF, 0x0F, 0x0E, 0xEE, 0xFF, 0x0F, 0x0E, 0xEE, 0xFF, 0x0F, 0x0E, 0xEE, 0xFF,
		0x0F, 0x0E, 0xEE, 0xFF, 0x0F, 0x0E, 0xEE, 0xFF, 0x0F, 0x0E, 0xEE, 0xFF, 0x0F, 0x0E, 0xEE, 0xFF,
		0x0F, 0x0E, 0xEE, 0xFF, 0x0F, 0x0E, 0xEE, 0xFF, 0x0F, 0x0E, 0xEE, 0xFF, 0x0F, 0x0E, 0xEE, 0xFF,
		0x0F, 0x0E, 0xEE, 0xFF, 0x0F, 0x0E, 0xEE, 0xFF, 0x0F, 0x0E, 0xEE, 0xFF, 0x0F, 0x0E, 0xEE, 0xFF,
		0x0F, 0x0E, 0xEE, 0xFF, 0x0F, 0x0E, 0xEE, 0xFF, 0x0F, 0x0E, 0xEE, 0xFF, 0x0F, 0x0E, 0xEE, 0xFF,
		0x0F, 0x0E, 0xEE, 0xFF, 0x0F, 0x0E, 0xEE, 0xFF, 0x0F, 0x0E, 0xEE, 0xFF, 0x0F, 0x0E, 0xEE, 0xFF,
		0x0F, 0x0E, 0xEE, 0xFF, 0x0F, 0x0E, 0xEE, 0xFF, 0x0F, 0x0E, 0xEE, 0xFF, 0x0F, 0x0E, 0xEE, 0xFF,
		0x0F, 0x0E, 0xEE, 0xFF, 0x0F, 0x0E, 0xEE, 0xFF, 0x0F, 0x0E, 0xEE, 0xFF, 0x0F, 0x0E, 0xEE, 0xFF,
		0x0F, 0x0E, 0xEE, 0xFF, 0x0F, 0x0E, 0xEE, 0xFF, 0x0F, 0x0E, 0xEE, 0xFF, 0x0F, 0x0E, 0xEE, 0xFF,
		0x0F, 0x0E, 0xEE, 0xFF, 0x0F, 0x0E, 0xEE, 0xFF, 0x0F, 0x0E, 0xEE, 0xFF, 0x0F, 0x0E, 0xEE, 0xFF,
		0x0F, 0x0E, 0xEE, 0xFF, 0x0F, 0x0E, 0xEE, 0xFF, 0x0F, 0x0E, 0xEE, 0xFF, 0x0F, 0x0E, 0xEE, 0xFF,
		0x0F, 0x0E, 0xEE, 0xFF, 0x0F, 0x0E, 0xEE, 0xFF, 0x0F, 0x0E, 0xEE, 0xFF, 0x0F, 0x0E, 0xEE, 0xFF,
		0x0F, 0x0E, 0xEE, 0xFF, 0x0F, 0x0E, 0xEE, 0xFF, 0x0F, 0x0E, 0xEE, 0xFF, 0x0F, 0x0E, 0xEE, 0xFF,
		0x0F, 0x0E, 0xEE, 0xFF, 0x0F, 0x0E, 0xEE, 0xFF, 0x0F, 0x0E, 0xEE, 0xFF, 0x0F, 0x0E, 0xEE, 0xFF,
		0x0F, 0x0E, 0xEE, 0xFF, 0x0F, 0x0E, 0xEE, 0xFF, 0x0F, 0x0E, 0xEE, 0xFF, 0x0F, 0x0E, 0xEE, 0xFF,
		0x0F, 0x0E, 0xEE, 0xFF, 0x0F, 0x0E, 0xEE, 0xFF, 0x0F, 0x0E, 0xEE, 0xFF, 0x0F, 0x0E, 0xEE, 0xFF,
		0x0F, 0x0E, 0xEE, 0xFF, 0x0F, 0x0E, 0xEE, 0xFF, 0x0F, 0x0E, 0xEE, 0xFF, 0x0F, 0x0E, 0xEE, 0xFF,
		0x0F, 0x0E, 0xEE, 0xFF, 0x0F, 0x0E, 0xEE, 0xFF, 0x0F, 0x0E, 0xEE, 0xFF, 0x0F, 0x0E, 0xEE, 0xFF,
		0x0F, 0x0E, 0xEE, 0xFF, 0x0F, 0x0E, 0xEE, 0xFF, 0x0F, 0x0E, 0xEE, 0xFF, 0x0F, 0x0E, 0xEE, 0xFF,
		0x0F, 0x0E, 0xEE, 0xFF, 0x0F, 0x0E, 0xEE, 0xFF, 0x0F, 0x0E, 0xEE, 0xFF, 0x0F, 0x0E, 0xEE, 0xFF,
		0x0F, 0x0E, 0xEE, 0xFF, 0x0F, 0x0E, 0xEE, 0xFF, 0x0F, 0x0E, 0xEE, 0xFF, 0x0F, 0x0E, 0xEE, 0xFF,
		0x0F, 0x0E, 0xEE, 0xFF, 0x0F, 0x0E, 0xEE, 0xFF, 0x0F, 0x0E, 0xEE, 0xFF, 0x0F, 0x0E, 0xEE, 0xFF,
		0x0F, 0x0E, 0xEE, 0xFF, 0x0F, 0x0E, 0xEE, 0xFF, 0x0F, 0x0E, 0xEE, 0xFF, 0x0F, 0x0E, 0xEE, 0xFF,
		0x0F, 0x0E, 0xEE, 0xFF, 0x0F, 0x0E, 0xEE, 0xFF, 0x0F, 0x0E, 0xEE, 0xFF, 0x0F, 0x0E, 0xEE, 0xFF,
		0x0F, 0x0E, 0xEE, 0xFF, 0x0F, 0x0E, 0xEE, 0xFF, 0x0F, 0x0E, 0xEE, 0xFF, 0x0F, 0x0E, 0xEE, 0xFF,
		0x0F, 0x0E, 0xEE, 0xFF, 0x0F, 0x0E, 0xEE, 0xFF, 0x0F, 0x0E, 0xEE, 0xFF, 0x0F, 0x0E, 0xEE, 0xFF,
		0x0F, 0x0E, 0xEE, 0xFF, 0x0F, 0x0E, 0xEE, 0xFF, 0x0F, 0x0E, 0xEE, 0xFF, 0x0F, 0x0E, 0xEE, 0xFF,
		0x0F, 0x0E, 0xEE, 0xFF, 0x0F, 0x0E, 0xEE, 0xFF, 0x0F, 0x0E, 0xEE, 0xFF, 0x0F, 0x0E, 0xEE, 0xFF,
		0x0F, 0x0E, 0xEE, 0xFF, 0x0F, 0x0E, 0xEE, 0xFF, 0x0F, 0x0E, 0xEE, 0xFF, 0x0F, 0x0E, 0xEE, 0xFF,
		0x0F, 0x0E, 0xEE, 0xFF, 0x0F, 0x0E, 0xEE, 0xFF, 0x0F, 0x0E, 0xEE, 0xFF, 0x0F, 0x0E, 0xEE, 0xFF,
		0x0F, 0x0E, 0xEE, 0xFF, 0x0F, 0x0E, 0xEE, 0xFF, 0x0F, 0x0E, 0xEE, 0xFF, 0x0F, 0x0E, 0xEE, 0xFF,
		0x0F, 0x0E, 0xEE, 0xFF, 0x0F, 0x0E, 0xEE, 0xFF, 0x0F, 0x0E, 0xEE, 0xFF, 0x0F, 0x0E, 0xEE, 0xFF,
		0x0F, 0x0E, 0xEE, 0xFF, 0x0F, 0x0E, 0xEE, 0xFF, 0x0F, 0x0E, 0xEE, 0xFF, 0x0F, 0x0E, 0xEE, 0xFF,
		0x0F, 0x0E, 0xEE, 0xFF, 0x0F, 0x0E, 0xEE, 0xFF, 0x0F, 0x0E, 0xEE, 0xFF, 0x0F, 0x0E, 0xEE, 0xFF,
		0x0F, 0x0E, 0xEE, 0xFF, 0x0F, 0x0E, 0xEE, 0xFF, 0x0F, 0x0E, 0xEE, 0xFF, 0x0F, 0x0E, 0xEE, 0xFF,
		0x0F, 0x0E, 0xEE, 0xFF, 0x0F, 0x0E, 0xEE, 0xFF, 0x0F, 0x0E, 0xEE, 0xFF, 0x0F, 0x0E, 0xEE, 0xFF,
		0x0F, 0x0E, 0xEE, 0xFF, 0x0F, 0x0E, 0xEE, 0xFF, 0x0F, 0x0E, 0xEE, 0xFF, 0x0F, 0x0E, 0xEE, 0xFF,
		0x0F, 0x0E, 0xEE, 0xFF, 0x0F, 0x0E, 0xEE, 0xFF, 0x0F, 0x0E, 0xEE, 0xFF, 0x0F, 0x0E, 0xEE, 0xFF,
		0x0F, 0x0E, 0xEE, 0xFF, 0x0F, 0x0E, 0xEE, 0xFF, 0x0F, 0x0E, 0xEE, 0xFF, 0x0F, 0x0E, 0xEE, 0xFF,
		0x0F, 0x0E, 0xEE, 0xFF, 0x0F, 0x0E, 0xEE, 0xFF, 0x0F, 0x0E, 0xEE, 0xFF, 0x0F, 0x0E, 0xEE, 0xFF,
		0x0F, 0x0E, 0xEE, 0xFF, 0x0F, 0x0E, 0xEE, 0xFF, 0x0F, 0x0E, 0xEE, 0xFF, 0x0F, 0x0E, 0xEE, 0xFF,
		0x0F, 0x0E, 0xEE, 0xFF, 0x0F, 0x0E, 0xEE, 0xFF, 0x0F, 0x0E, 0xEE, 0xFF, 0x0F, 0x0E, 0xEE, 0xFF,
		0x0F, 0x0E, 0xEE, 0xFF, 0x0F, 0x0E, 0xEE, 0xFF, 0x0F, 0x0E, 0xEE, 0xFF, 0x0F, 0x0E, 0xEE, 0xFF,
		0x0F, 0x0E, 0xEE, 0xFF, 0x0F, 0x0E, 0xEE, 0xFF, 0x0F, 0x0E, 0xEE, 0xFF, 0x0F, 0x0E, 0xEE, 0xFF,
		0x0F, 0x0E, 0xEE, 0xFF, 0x0F, 0x0E, 0xEE, 0xFF, 0x0F, 0x0E, 0xEE, 0xFF, 0x0F, 0x0E, 0xEE, 0xFF,
		0x0F, 0x0E, 0xEE, 0xFF, 0x0F, 0x0E, 0xEE, 0xFF, 0x0F, 0x0E, 0xEE, 0xFF, 0x0F, 0x0E, 0xEE, 0xFF,
		0x0F, 0x0E, 0xEE, 0xFF, 0x0F, 0x0E, 0xEE, 0xFF, 0x0F, 0x0E, 0xEE, 0xFF, 0x0F, 0x0E, 0xEE, 0xFF,
		0x0F, 0x0E, 0xEE, 0xFF, 0x0F, 0x0E, 0xEE, 0xFF, 0x0F, 0x0E, 0xEE, 0xFF, 0x0F, 0x0E, 0xEE, 0xFF,
		0x0F, 0x0E, 0xEE, 0xFF, 0x0F, 0x0E, 0xEE, 0xFF, 0x0F, 0x0E, 0xEE, 0xFF, 0x0F, 0x0E, 0xEE, 0xFF,
		0x0F, 0x0E, 0xEE, 0xFF, 0x0F, 0x0E, 0xEE, 0xFF, 0x0F, 0x0E, 0xEE, 0xFF, 0x0F, 0x0E, 0xEE, 0xFF,
		0x0F, 0x0E, 0xEE, 0xFF, 0x0F, 0x0E, 0xEE, 0xFF, 0x0F, 0x0E, 0xEE, 0xFF, 0x0F, 0x0E, 0xEE, 0xFF,
		0x0F, 0x0E, 0xEE, 0xFF, 0x0F, 0x0E, 0xEE, 0xFF, 0x0F, 0x0E, 0xEE, 0xFF, 0x0F, 0x0E, 0xEE, 0xFF,
		0x0F, 0x0E, 0xEE, 0xFF, 0x0F, 0x0E, 0xEE, 0xFF, 0x0F, 0x0E, 0xEE, 0xFF, 0x0F, 0x0E, 0xEE, 0xFF,
		0x0F, 0x0E, 0xEE, 0xFF, 0x0F, 0x0E, 0xEE, 0xFF, 0x0F, 0x0E, 0xEE, 0xFF, 0x0F, 0x0E, 0xEE, 0xFF,
		0x0F, 0x0E, 0xEE, 0xFF, 0x0F, 0x0E, 0xEE, 0xFF, 0x0F, 0x0E, 0xEE, 0xFF, 0x0F, 0x0E, 0xEE, 0xFF,
		0x0F, 0x0E, 0xEE, 0xFF, 0x0F, 0x0E, 0xEE, 0xFF, 0x0F, 0x0E, 0xEE, 0xFF, 0x0F, 0x0E, 0xEE, 0xFF,
		0x0F, 0x0E, 0xEE, 0xFF, 0x0F, 0x0E, 0xEE, 0xFF, 0x0F, 0x0E, 0xEE, 0xFF, 0x0F, 0x0E, 0xEE, 0xFF,
		0x0F, 0x0E, 0xEE, 0xFF, 0x0F, 0x0E, 0xEE, 0xFF, 0x0F, 0x0E, 0xEE, 0xFF, 0x0F, 0x0E, 0xEE, 0xFF,
		0x0F, 0x0E, 0xEE, 0xFF, 0x0F, 0x0E, 0xEE, 0xFF, 0x0F, 0x0E, 0xEE, 0xFF, 0x0F, 0x0E, 0xEE, 0xFF,
		0x0F, 0x0E, 0xEE, 0xFF, 0x0F, 0x0E, 0xEE, 0xFF, 0x0F, 0x0E, 0xEE, 0xFF, 0x0F, 0x0E, 0xEE, 0xFF,
		0x0F, 0x0E, 0xEE, 0xFF, 0x0F, 0x0E, 0xEE, 0xFF, 0x0F, 0x0E, 0xEE, 0xFF, 0x0F, 0x0E, 0xEE, 0xFF,
		0x0F, 0x0E, 0xEE, 0xFF, 0x0F, 0x0E, 0xEE, 0xFF, 0x0F, 0x0E, 0xEE, 0xFF, 0x0F, 0x0E, 0xEE, 0xFF,
		0x0F, 0x0E, 0xEE, 0xFF, 0x0F, 0x0E, 0xEE, 0xFF, 0x0F, 0x0E, 0xEE, 0xFF, 0x0F, 0x0E, 0xEE, 0xFF,
		0x0F, 0x0E, 0xEE, 0xFF, 0x0F, 0x0E, 0xEE, 0xFF, 0x0F, 0x0E, 0xEE, 0xFF, 0x0F, 0x0E, 0xEE, 0xFF,
		0x0F, 0x0E, 0xEE, 0xFF, 0x0F, 0x0E, 0xEE, 0xFF, 0x0F, 0x0E, 0xEE, 0xFF, 0x0F, 0x0E, 0xEE, 0xFF,
		0x0F, 0x0E, 0xEE, 0xFF, 0x0F, 0x0E, 0xEE, 0xFF, 0x0F, 0x0E, 0xEE, 0xFF, 0x0F, 0x0E, 0xEE, 0xFF,
		0x0F, 0x0E, 0xEE, 0xFF, 0x0F, 0x0E, 0xEE, 0xFF, 0x0F, 0x0E, 0xEE, 0xFF, 0x0F, 0x0E, 0xEE, 0xFF,
		0x0F, 0x0E, 0xEE, 0xFF, 0x0F, 0x0E, 0xEE, 0xFF, 0x0F, 0x0E, 0xEE, 0xFF, 0x0F, 0x0E, 0xEE, 0xFF,
		0x0F, 0x0E, 0xEE, 0xFF, 0x0F, 0x0E, 0xEE, 0xFF, 0x0F, 0x0E, 0xEE, 0xFF, 0x0F, 0x0E, 0xEE, 0xFF,
		0x0F, 0x0E, 0xEE, 0xFF, 0x0F, 0x0E, 0xEE, 0xFF, 0x0F, 0x0E, 0xEE, 0xFF, 0x0F, 0x0E, 0xEE, 0xFF,
		0x0F, 0x0E, 0xEE, 0xFF, 0x0F, 0x0E, 0xEE, 0xFF, 0x0F, 0x0E, 0xEE, 0xFF, 0x0F, 0x0E, 0xEE, 0xFF,
		0x0F, 0x0E, 0xEE, 0xFF, 0x0F, 0x0E, 0xEE, 0xFF, 0x0F, 0x0E, 0xEE, 0xFF, 0x0F, 0x0E, 0xEE, 0xFF,
		0x0F, 0x0E, 0xEE, 0xFF, 0x0F, 0x0E, 0xEE, 0xFF, 0x0F, 0x0E, 0xEE, 0xFF, 0x0F, 0x0E, 0xEE, 0xFF,
		0x0F, 0x0E, 0xEE, 0xFF, 0x0F, 0x0E, 0xEE, 0xFF, 0x0F, 0x0E, 0xEE, 0xFF, 0x0F, 0x0E, 0xEE, 0xFF,
		0x0F, 0x0E, 0xEE, 0xFF, 0x0F, 0x0E, 0xEE, 0xFF, 0x0F, 0x0E, 0xEE, 0xFF, 0x0F, 0x0E, 0xEE, 0xFF,
		0x0F, 0x0E, 0xEE, 0xFF, 0x0F, 0x0E, 0xEE, 0xFF, 0x0F, 0x0E, 0xEE, 0xFF, 0x0F, 0x0E, 0xEE, 0xFF,
		0x0F, 0x0E, 0xEE, 0xFF, 0x0F, 0x0E, 0xEE, 0xFF, 0x0F, 0x0E, 0xEE, 0xFF, 0x0F, 0x0E, 0xEE, 0xFF,
		0x0F, 0x0E, 0xEE, 0xFF, 0x0F, 0x0E, 0xEE, 0xFF, 0x0F, 0x0E, 0xEE, 0xFF, 0x0F, 0x0E, 0xEE, 0xFF,
		0x0F, 0x0E, 0xEE, 0xFF, 0x0F, 0x0E, 0xEE, 0xFF, 0x0F, 0x0E, 0xEE, 0xFF, 0x0F, 0x0E, 0xEE, 0xFF,
		0x0F, 0x0E, 0xEE, 0xFF, 0x0F, 0x0E, 0xEE, 0xFF, 0x0F, 0x0E, 0xEE, 0xFF, 0x0F, 0x0E, 0xEE, 0xFF,
		0x0F, 0x0E, 0xEE, 0xFF, 0x0F, 0x0E, 0xEE, 0xFF, 0x0F, 0x0E, 0xEE, 0xFF, 0x0F, 0x0E, 0xEE, 0xFF,
		0x0F, 0x0E, 0xEE, 0xFF, 0x0F, 0x0E, 0xEE, 0xFF, 0x0F, 0x0E, 0xEE, 0xFF, 0x0F, 0x0E, 0xEE, 0xFF,
		0x0F, 0x0E, 0xEE, 0xFF, 0x0F, 0x0E, 0xEE, 0xFF, 0x0F, 0x0E, 0xEE, 0xFF, 0x0F, 0x0E, 0xEE, 0xFF,
		0x0F, 0x0E, 0xEE, 0xFF, 0x0F, 0x0E, 0xEE, 0xFF, 0x0F, 0x0E, 0xEE, 0xFF, 0x0F, 0x0E, 0xEE, 0xFF,
		0x0F, 0x0E, 0xEE, 0xFF, 0x0F, 0x0E, 0xEE, 0xFF, 0x0F, 0x0E, 0xEE, 0xFF, 0x0F, 0x0E, 0xEE, 0xFF,
		0x0F, 0x0E, 0xEE, 0xFF, 0x0F, 0x0E, 0xEE, 0xFF, 0x0F, 0x0E, 0xEE, 0xFF, 0x0F, 0x0E, 0xEE, 0xFF,
		0x0F, 0x0E, 0xEE, 0xFF, 0x0F, 0x0E, 0xEE, 0xFF, 0x0F, 0x0E, 0xEE, 0xFF, 0x0F, 0x0E, 0xEE, 0xFF,
		0x0F, 0x0E, 0xEE, 0xFF, 0x0F, 0x0E, 0xEE, 0xFF, 0x0F, 0x0E, 0xEE, 0xFF, 0x0F, 0x0E, 0xEE, 0xFF,
		0x0F, 0x0E, 0xEE, 0xFF, 0x0F, 0x0E, 0xEE, 0xFF, 0x0F, 0x0E, 0xEE, 0xFF, 0x0F, 0x0E, 0xEE, 0xFF,
		0x0F, 0x0E, 0xEE, 0xFF, 0x0F, 0x0E, 0xEE, 0xFF, 0x0F, 0x0E, 0xEE, 0xFF, 0x0F, 0x0E, 0xEE, 0xFF,
		0x0F, 0x0E, 0xEE, 0xFF, 0x0F, 0x0E, 0xEE, 0xFF, 0x0F, 0x0E, 0xEE, 0xFF, 0x0F, 0x0E, 0xEE, 0xFF,
		0x0F, 0x0E, 0xEE, 0xFF, 0x0F, 0x0E, 0xEE, 0xFF, 0x0F, 0x0E, 0xEE, 0xFF, 0x0F, 0x0E, 0xEE, 0xFF,
		0x0F, 0x0E, 0xEE, 0xFF, 0x0F, 0x0E, 0xEE, 0xFF, 0x0F, 0x0E, 0xEE, 0xFF, 0x0F, 0x0E, 0xEE, 0xFF,
		0x0F, 0x0E, 0xEE, 0xFF, 0x0F, 0x0E, 0xEE, 0xFF, 0x0F, 0x0E, 0xEE, 0xFF, 0x0F, 0x0E, 0xEE, 0xFF,
		0x0F, 0x0E, 0xEE, 0xFF, 0x0F, 0x0E, 0xEE, 0xFF, 0x0F, 0x0E, 0xEE, 0xFF, 0x0F, 0x0E, 0xEE, 0xFF,
		0x0F, 0x0E, 0xEE, 0xFF, 0x0F, 0x0E, 0xEE, 0xFF, 0x0F, 0x0E, 0xEE, 0xFF, 0x0F, 0x0E, 0xEE, 0xFF,
		0x0F, 0x0E, 0xEE, 0xFF, 0x0F, 0x0E, 0xEE, 0xFF, 0x0F, 0x0E, 0xEE, 0xFF, 0x0F, 0x0E, 0xEE, 0xFF,
		0x0F, 0x0E, 0xEE, 0xFF, 0x0F, 0x0E, 0xEE, 0xFF, 0x0F, 0x0E, 0xEE, 0xFF, 0x0F, 0x0E, 0xEE, 0xFF,
		0x0F, 0x0E, 0xEE, 0xFF, 0x0F, 0x0E, 0xEE, 0xFF, 0x0F, 0x0E, 0xEE, 0xFF, 0x0F, 0x0E, 0xEE, 0xFF,
		0x0F, 0x0E, 0xEE, 0xFF, 0x0F, 0x0E, 0xEE, 0xFF, 0x0F, 0x0E, 0xEE, 0xFF, 0x0F, 0x0E, 0xEE, 0xFF,
		0x0F, 0x0E, 0xEE, 0xFF, 0x0F, 0x0E, 0xEE, 0xFF, 0x0F, 0x0E, 0xEE, 0xFF, 0x0F, 0x0E, 0xEE, 0xFF,
		0x0F, 0x0E, 0xEE, 0xFF, 0x0F, 0x0E, 0xEE, 0xFF, 0x0F, 0x0E, 0xEE, 0xFF, 0x0F, 0x0E, 0xEE, 0xFF,
		0x0F, 0x0E, 0xEE, 0xFF, 0x0F, 0x0E, 0xEE, 0xFF, 0x0F, 0x0E, 0xEE, 0xFF, 0x0F, 0x0E, 0xEE, 0xFF,
		0x0F, 0x0E, 0xEE, 0xFF, 0x0F, 0x0E, 0xEE, 0xFF, 0x0F, 0x0E, 0xEE, 0xFF, 0x0F, 0x0E, 0xEE, 0xFF,
		0x0F, 0x0E, 0xEE, 0xFF, 0x0F, 0x0E, 0xEE, 0xFF, 0x0F, 0x0E, 0xEE, 0xFF, 0x0F, 0x0E, 0xEE, 0xFF,
		0x0F, 0x0E, 0xEE, 0xFF, 0x0F, 0x0E, 0xEE, 0xFF, 0x0F, 0x0E, 0xEE, 0xFF, 0x0F, 0x0E, 0xEE, 0xFF,
		0x0F, 0x0E, 0xEE, 0xFF, 0x0F, 0x0E, 0xEE, 0xFF, 0x0F, 0x0E, 0xEE, 0xFF, 0x0F, 0x0E, 0xEE, 0xFF,
		0x0F, 0x0E, 0xEE, 0xFF, 0x0F, 0x0E, 0xEE, 0xFF, 0x0F, 0x0E, 0xEE, 0xFF, 0x0F, 0x0E, 0xEE, 0xFF,
		0x0F, 0x0E, 0xEE, 0xFF, 0x0F, 0x0E, 0xEE, 0xFF, 0x0F, 0x0E, 0xEE, 0xFF, 0x0F, 0x0E, 0xEE, 0xFF,
		0x0F, 0x0E, 0xEE, 0xFF, 0x0F, 0x0E, 0xEE, 0xFF, 0x0F, 0x0E, 0xEE, 0xFF, 0x0F, 0x0E, 0xEE, 0xFF,
		0x0F, 0x0E, 0xEE, 0xFF, 0x0F, 0x0E, 0xEE, 0xFF, 0x0F, 0x0E, 0xEE, 0xFF, 0x0F, 0x0E, 0xEE, 0xFF,
		0x0F, 0x0E, 0xEE, 0xFF, 0x0F, 0x0E, 0xEE, 0xFF, 0x0F, 0x0E, 0xEE, 0xFF, 0x0F, 0x0E, 0xEE, 0xFF,
		0x0F, 0x0E, 0xEE, 0xFF, 0x0F, 0x0E, 0xEE, 0xFF, 0x0F, 0x0E, 0xEE, 0xFF, 0x0F, 0x0E, 0xEE, 0xFF,
		0x0F, 0x0E, 0xEE, 0xFF, 0x0F, 0x0E, 0xEE, 0xFF, 0x0F, 0x0E, 0xEE, 0xFF, 0x0F, 0x0E, 0xEE, 0xFF,
		0x0F, 0x0E, 0xEE, 0xFF, 0x0F, 0x0E, 0xEE, 0xFF, 0x0F, 0x0E, 0xEE, 0xFF, 0x0F, 0x0E, 0xEE, 0xFF,
		0x0F, 0x0E, 0xEE, 0xFF, 0x0F, 0x0E, 0xEE, 0xFF, 0x0F, 0x0E, 0xEE, 0xFF, 0x0F, 0x0E, 0xEE, 0xFF,
		0x0F, 0x0E, 0xEE, 0xFF, 0x0F, 0x0E, 0xEE, 0xFF, 0x0F, 0x0E, 0xEE, 0xFF, 0x0F, 0x0E, 0xEE, 0xFF,
		0x0F, 0x0E, 0xEE, 0xFF, 0x0F, 0x0E, 0xEE, 0xFF, 0x0F, 0x0E, 0xEE, 0xFF, 0x0F, 0x0E, 0xEE, 0xFF,
		0x0F, 0x0E, 0xEE, 0xFF, 0x0F, 0x0E, 0xEE, 0xFF, 0x0F, 0x0E, 0xEE, 0xFF, 0x0F, 0x0E, 0xEE, 0xFF,
		0x0F, 0x0E, 0xEE, 0xFF, 0x0F, 0x0E, 0xEE, 0xFF, 0x0F, 0x0E, 0xEE, 0xFF, 0x0F, 0x0E, 0xEE, 0xFF,
		0x0F, 0x0E, 0xEE, 0xFF, 0x0F, 0x0E, 0xEE, 0xFF, 0x0F, 0x0E, 0xEE, 0xFF, 0x0F, 0x0E, 0xEE, 0xFF,
		0x0F, 0x0E, 0xEE, 0xFF, 0x0F, 0x0E, 0xEE, 0xFF, 0x0F, 0x0E, 0xEE, 0xFF, 0x0F, 0x0E, 0xEE, 0xFF,
		0x0F, 0x0E, 0xEE, 0xFF, 0x0F, 0x0E, 0xEE, 0xFF, 0x0F, 0x0E, 0xEE, 0xFF, 0x0F, 0x0E, 0xEE, 0xFF,
		0x0F, 0x0E, 0xEE, 0xFF, 0x0F, 0x0E, 0xEE, 0xFF, 0x0F, 0x0E, 0xEE, 0xFF, 0x0F, 0x0E, 0xEE, 0xFF,
		0x0F, 0x0E, 0xEE, 0xFF, 0x0F, 0x0E, 0xEE, 0xFF, 0x0F, 0x0E, 0xEE, 0xFF, 0x0F, 0x0E, 0xEE, 0xFF,
		0x0F, 0x0E, 0xEE, 0xFF, 0x0F, 0x0E, 0xEE, 0xFF, 0x0F, 0x0E, 0xEE, 0xFF, 0x0F, 0x0E, 0xEE, 0xFF,
		0x0F, 0x0E, 0xEE, 0xFF, 0x0F, 0x0E, 0xEE, 0xFF, 0x0F, 0x0E, 0xEE, 0xFF, 0x0F, 0x0E, 0xEE, 0xFF,
		0x0F, 0x0E, 0xEE, 0xFF, 0x0F, 0x0E, 0xEE, 0xFF, 0x0F, 0x0E, 0xEE, 0xFF, 0x0F, 0x0E, 0xEE, 0xFF,
		0x0D, 0xEC, 0x0C, 0xFF, 0x0D, 0xEC, 0x0C, 0xFF, 0x0D, 0xEC, 0x0C, 0xFF, 0x0D, 0xEC, 0x0C, 0xFF,
		0x0D, 0xEC, 0x0C, 0xFF, 0x0D, 0xEC, 0x0C, 0xFF, 0x0D, 0xEC, 0x0C, 0xFF, 0x0D, 0xEC, 0x0C, 0xFF,
		0x0D, 0xEC, 0x0C, 0xFF, 0x0D, 0xEC, 0x0C, 0xFF, 0x0D, 0xEC, 0x0C, 0xFF, 0x0D, 0xEC, 0x0C, 0xFF,
		0x0D, 0xEC, 0x0C, 0xFF, 0x0D, 0xEC, 0x0C, 0xFF, 0x0D, 0xEC, 0x0C, 0xFF, 0x0D, 0xEC, 0x0C, 0xFF,
		0x0D, 0xEC, 0x0C, 0xFF, 0x0D, 0xEC, 0x0C, 0xFF, 0x0D, 0xEC, 0x0C, 0xFF, 0x0D, 0xEC, 0x0C, 0xFF,
		0x0D, 0xEC, 0x0C, 0xFF, 0x0D, 0xEC, 0x0C, 0xFF, 0x0D, 0xEC, 0x0C, 0xFF, 0x0D, 0xEC, 0x0C, 0xFF,
		0x0D, 0xEC, 0x0C, 0xFF, 0x0D, 0xEC, 0x0C, 0xFF, 0x0D, 0xEC, 0x0C, 0xFF, 0x0D, 0xEC, 0x0C, 0xFF,
		0x0D, 0xEC, 0x0C, 0xFF, 0x0D, 0xEC, 0x0C, 0xFF, 0x0D, 0xEC, 0x0C, 0xFF, 0x0D, 0xEC, 0x0C, 0xFF,
		0x0D, 0xEC, 0x0C, 0xFF, 0x0D, 0xEC, 0x0C, 0xFF, 0x0D, 0xEC, 0x0C, 0xFF, 0x0D, 0xEC, 0x0C, 0xFF,
		0x0D, 0xEC, 0x0C, 0xFF, 0x0D, 0xEC, 0x0C, 0xFF, 0x0D, 0xEC, 0x0C, 0xFF, 0x0D, 0xEC, 0x0C, 0xFF,
		0x0D, 0xEC, 0x0C, 0xFF, 0x0D, 0xEC, 0x0C, 0xFF, 0x0D, 0xEC, 0x0C, 0xFF, 0x0D, 0xEC, 0x0C, 0xFF,
		0x0D, 0xEC, 0x0C, 0xFF, 0x0D, 0xEC, 0x0C, 0xFF, 0x0D, 0xEC, 0x0C, 0xFF, 0x0D, 0xEC, 0x0C, 0xFF,
		0x0D, 0xEC, 0x0C, 0xFF, 0x0D, 0xEC, 0x0C, 0xFF, 0x0D, 0xEC, 0x0C, 0xFF, 0x0D, 0xEC, 0x0C, 0xFF,
		0x0D, 0xEC, 0x0C, 0xFF, 0x0D, 0xEC, 0x0C, 0xFF, 0x0D, 0xEC, 0x0C, 0xFF, 0x0D, 0xEC, 0x0C, 0xFF,
		0x0D, 0xEC, 0x0C, 0xFF, 0x0D, 0xEC, 0x0C, 0xFF, 0x0D, 0xEC, 0x0C, 0xFF, 0x0D, 0xEC, 0x0C, 0xFF,
		0x0D, 0xEC, 0x0C, 0xFF, 0x0D, 0xEC, 0x0C, 0xFF, 0x0D, 0xEC, 0x0C, 0xFF, 0x0D, 0xEC, 0x0C, 0xFF,
		0x0D, 0xEC, 0x0C, 0xFF, 0x0D, 0xEC, 0x0C, 0xFF, 0x0D, 0xEC, 0x0C, 0xFF, 0x0D, 0xEC, 0x0C, 0xFF,
		0x0D, 0xEC, 0x0C, 0xFF, 0x0D, 0xEC, 0x0C, 0xFF, 0x0D, 0xEC, 0x0C, 0xFF, 0x0D, 0xEC, 0x0C, 0xFF,
		0x0D, 0xEC, 0x0C, 0xFF, 0x0D, 0xEC, 0x0C, 0xFF, 0x0D, 0xEC, 0x0C, 0xFF, 0x0D, 0xEC, 0x0C, 0xFF,
		0x0D, 0xEC, 0x0C, 0xFF, 0x0D, 0xEC, 0x0C, 0xFF, 0x0D, 0xEC, 0x0C, 0xFF, 0x0D, 0xEC, 0x0C, 0xFF,
		0x0D, 0xEC, 0x0C, 0xFF, 0x0D, 0xEC, 0x0C, 0xFF, 0x0D, 0xEC, 0x0C, 0xFF, 0x0D, 0xEC, 0x0C, 0xFF,
		0x0D, 0xEC, 0x0C, 0xFF, 0x0D, 0xEC, 0x0C, 0xFF, 0x0D, 0xEC, 0x0C, 0xFF, 0x0D, 0xEC, 0x0C, 0xFF,
		0x0D, 0xEC, 0x0C, 0xFF, 0x0D, 0xEC, 0x0C, 0xFF, 0x0D, 0xEC, 0x0C, 0xFF, 0x0D, 0xEC, 0x0C, 0xFF,
		0x0D, 0xEC, 0x0C, 0xFF, 0x0D, 0xEC, 0x0C, 0xFF, 0x0D, 0xEC, 0x0C, 0xFF, 0x0D, 0xEC, 0x0C, 0xFF,
		0x0D, 0xEC, 0x0C, 0xFF, 0x0D, 0xEC, 0x0C, 0xFF, 0x0D, 0xEC, 0x0C, 0xFF, 0x0D, 0xEC, 0x0C, 0xFF,
		0x0D, 0xEC, 0x0C, 0xFF, 0x0D, 0xEC, 0x0C, 0xFF, 0x0D, 0xEC, 0x0C, 0xFF, 0x0D, 0xEC, 0x0C, 0xFF,
		0x0D, 0xEC, 0x0C, 0xFF, 0x0D, 0xEC, 0x0C, 0xFF, 0x0D, 0xEC, 0x0C, 0xFF, 0x0D, 0xEC, 0x0C, 0xFF,
		0x0D, 0xEC, 0x0C, 0xFF, 0x0D, 0xEC, 0x0C, 0xFF, 0x0D, 0xEC, 0x0C, 0xFF, 0x0D, 0xEC, 0x0C, 0xFF,
		0x0D, 0xEC, 0x0C, 0xFF, 0x0D, 0xEC, 0x0C, 0xFF, 0x0D, 0xEC, 0x0C, 0xFF, 0x0D, 0xEC, 0x0C, 0xFF,
		0x0D, 0xEC, 0x0C, 0xFF, 0x0D, 0xEC, 0x0C, 0xFF, 0x0D, 0xEC, 0x0C, 0xFF, 0x0D, 0xEC, 0x0C, 0xFF,
		0x0D, 0xEC, 0x0C, 0xFF, 0x0D, 0xEC, 0x0C, 0xFF, 0x0D, 0xEC, 0x0C, 0xFF, 0x0D, 0xEC, 0x0C, 0xFF,
		0x0D, 0xEC, 0x0C, 0xFF, 0x0D, 0xEC, 0x0C, 0xFF, 0x0D, 0xEC, 0x0C, 0xFF, 0x0D, 0xEC, 0x0C, 0xFF,
		0x0D, 0xEC, 0x0C, 0xFF, 0x0D, 0xEC, 0x0C, 0xFF, 0x0D, 0xEC, 0x0C, 0xFF, 0x0D, 0xEC, 0x0C, 0xFF,
		0x0D, 0xEC, 0x0C, 0xFF, 0x0D, 0xEC, 0x0C, 0xFF, 0x0D, 0xEC, 0x0C, 0xFF, 0x0D, 0xEC, 0x0C, 0xFF,
		0x0D, 0xEC, 0x0C, 0xFF, 0x0D, 0xEC, 0x0C, 0xFF, 0x0D, 0xEC, 0x0C, 0xFF, 0x0D, 0xEC, 0x0C, 0xFF,
		0x0D, 0xEC, 0x0C, 0xFF, 0x0D, 0xEC, 0x0C, 0xFF, 0x0D, 0xEC, 0x0C, 0xFF, 0x0D, 0xEC, 0x0C, 0xFF,
		0x0D, 0xEC, 0x0C, 0xFF, 0x0D, 0xEC, 0x0C, 0xFF, 0x0D, 0xEC, 0x0C, 0xFF, 0x0D, 0xEC, 0x0C, 0xFF,
		0x0D, 0xEC, 0x0C, 0xFF, 0x0D, 0xEC, 0x0C, 0xFF, 0x0D, 0xEC, 0x0C, 0xFF, 0x0D, 0xEC, 0x0C, 0xFF,
		0x0D, 0xEC, 0x0C, 0xFF, 0x0D, 0xEC, 0x0C, 0xFF, 0x0D, 0xEC, 0x0C, 0xFF, 0x0D, 0xEC, 0x0C, 0xFF,
		0x0D, 0xEC, 0x0C, 0xFF, 0x0D, 0xEC, 0x0C, 0xFF, 0x0D, 0xEC, 0x0C, 0xFF, 0x0D, 0xEC, 0x0C, 0xFF,
		0x0D, 0xEC, 0x0C, 0xFF, 0x0D, 0xEC, 0x0C, 0xFF, 0x0D, 0xEC, 0x0C, 0xFF, 0x0D, 0xEC, 0x0C, 0xFF,
		0x0D, 0xEC, 0x0C, 0xFF, 0x0D, 0xEC, 0x0C, 0xFF, 0x0D, 0xEC, 0x0C, 0xFF, 0x0D, 0xEC, 0x0C, 0xFF,
		0x0D, 0xEC, 0x0C, 0xFF, 0x0D, 0xEC, 0x0C, 0xFF, 0x0D, 0xEC, 0x0C, 0xFF, 0x0D, 0xEC, 0x0C, 0xFF,
		0x0D, 0xEC, 0x0C, 0xFF, 0x0D, 0xEC, 0x0C, 0xFF, 0x0D, 0xEC, 0x0C, 0xFF, 0x0D, 0xEC, 0x0C, 0xFF,
		0x0D, 0xEC, 0x0C, 0xFF, 0x0D, 0xEC, 0x0C, 0xFF, 0x0D, 0xEC, 0x0C, 0xFF, 0x0D, 0xEC, 0x0C, 0xFF,
		0x0D, 0xEC, 0x0C, 0xFF, 0x0D, 0xEC, 0x0C, 0xFF, 0x0D, 0xEC, 0x0C, 0xFF, 0x0D, 0xEC, 0x0C, 0xFF,
		0x0D, 0xEC, 0x0C, 0xFF, 0x0D, 0xEC, 0x0C, 0xFF, 0x0D, 0xEC, 0x0C, 0xFF, 0x0D, 0xEC, 0x0C, 0xFF,
		0x0D, 0xEC, 0x0C, 0xFF, 0x0D, 0xEC, 0x0C, 0xFF, 0x0D, 0xEC, 0x0C, 0xFF, 0x0D, 0xEC, 0x0C, 0xFF,
		0x0D, 0xEC, 0x0C, 0xFF, 0x0D, 0xEC, 0x0C, 0xFF, 0x0D, 0xEC, 0x0C, 0xFF, 0x0D, 0xEC, 0x0C, 0xFF,
		0x0D, 0xEC, 0x0C, 0xFF, 0x0D, 0xEC, 0x0C, 0xFF, 0x0D, 0xEC, 0x0C, 0xFF, 0x0D, 0xEC, 0x0C, 0xFF,
		0x0D, 0xEC, 0x0C, 0xFF, 0x0D, 0xEC, 0x0C, 0xFF, 0x0D, 0xEC, 0x0C, 0xFF, 0x0D, 0xEC, 0x0C, 0xFF,
		0x0D, 0xEC, 0x0C, 0xFF, 0x0D, 0xEC, 0x0C, 0xFF, 0x0D, 0xEC, 0x0C, 0xFF, 0x0D, 0xEC, 0x0C, 0xFF,
		0x0D, 0xEC, 0x0C, 0xFF, 0x0D, 0xEC, 0x0C, 0xFF, 0x0D, 0xEC, 0x0C, 0xFF, 0x0D, 0xEC, 0x0C, 0xFF,
		0x0D, 0xEC, 0x0C, 0xFF, 0x0D, 0xEC, 0x0C, 0xFF, 0x0D, 0xEC, 0x0C, 0xFF, 0x0D, 0xEC, 0x0C, 0xFF,
		0x0D, 0xEC, 0x0C, 0xFF, 0x0D, 0xEC, 0x0C, 0xFF, 0x0D, 0xEC, 0x0C, 0xFF, 0x0D, 0xEC, 0x0C, 0xFF,
		0x0D, 0xEC, 0x0C, 0xFF, 0x0D, 0xEC, 0x0C, 0xFF, 0x0D, 0xEC, 0x0C, 0xFF, 0x0D, 0xEC, 0x0C, 0xFF,
		0x0D, 0xEC, 0x0C, 0xFF, 0x0D, 0xEC, 0x0C, 0xFF, 0x0D, 0xEC, 0x0C, 0xFF, 0x0D, 0xEC, 0x0C, 0xFF,
		0x0D, 0xEC, 0x0C, 0xFF, 0x0D, 0xEC, 0x0C, 0xFF, 0x0D, 0xEC, 0x0C, 0xFF, 0x0D, 0xEC, 0x0C, 0xFF,
		0x0D, 0xEC, 0x0C, 0xFF, 0x0D, 0xEC, 0x0C, 0xFF, 0x0D, 0xEC, 0x0C, 0xFF, 0x0D, 0xEC, 0x0C, 0xFF,
		0x0D, 0xEC, 0x0C, 0xFF, 0x0D, 0xEC, 0x0C, 0xFF, 0x0D, 0xEC, 0x0C, 0xFF, 0x0D, 0xEC, 0x0C, 0xFF,
		0x0D, 0xEC, 0x0C, 0xFF, 0x0D, 0xEC, 0x0C, 0xFF, 0x0D, 0xEC, 0x0C, 0xFF, 0x0D, 0xEC, 0x0C, 0xFF,
		0x0D, 0xEC, 0x0C, 0xFF, 0x0D, 0xEC, 0x0C, 0xFF, 0x0D, 0xEC, 0x0C, 0xFF, 0x0D, 0xEC, 0x0C, 0xFF,
		0x0D, 0xEC, 0x0C, 0xFF, 0x0D, 0xEC, 0x0C, 0xFF, 0x0D, 0xEC, 0x0C, 0xFF, 0x0D, 0xEC, 0x0C, 0xFF,
		0x0D, 0xEC, 0x0C, 0xFF, 0x0D, 0xEC, 0x0C, 0xFF, 0x0D, 0xEC, 0x0C, 0xFF, 0x0D, 0xEC, 0x0C, 0xFF,
		0x0D, 0xEC, 0x0C, 0xFF, 0x0D, 0xEC, 0x0C, 0xFF, 0x0D, 0xEC, 0x0C, 0xFF, 0x0D, 0xEC, 0x0C, 0xFF,
		0x0D, 0xEC, 0x0C, 0xFF, 0x0D, 0xEC, 0x0C, 0xFF, 0x0D, 0xEC, 0x0C, 0xFF, 0x0D, 0xEC, 0x0C, 0xFF,
		0x0D, 0xEC, 0x0C, 0xFF, 0x0D, 0xEC, 0x0C, 0xFF, 0x0D, 0xEC, 0x0C, 0xFF, 0x0D, 0xEC, 0x0C, 0xFF,
		0x0D, 0xEC, 0x0C, 0xFF, 0x0D, 0xEC, 0x0C, 0xFF, 0x0D, 0xEC, 0x0C, 0xFF, 0x0D, 0xEC, 0x0C, 0xFF,
		0x0D, 0xEC, 0x0C, 0xFF, 0x0D, 0xEC, 0x0C, 0xFF, 0x0D, 0xEC, 0x0C, 0xFF, 0x0D, 0xEC, 0x0C, 0xFF,
		0x0D, 0xEC, 0x0C, 0xFF, 0x0D, 0xEC, 0x0C, 0xFF, 0x0D, 0xEC, 0x0C, 0xFF, 0x0D, 0xEC, 0x0C, 0xFF,
		0x0D, 0xEC, 0x0C, 0xFF, 0x0D, 0xEC, 0x0C, 0xFF, 0x0D, 0xEC, 0x0C, 0xFF, 0x0D, 0xEC, 0x0C, 0xFF,
		0x0D, 0xEC, 0x0C, 0xFF, 0x0D, 0xEC, 0x0C, 0xFF, 0x0D, 0xEC, 0x0C, 0xFF, 0x0D, 0xEC, 0x0C, 0xFF,
		0x0D, 0xEC, 0x0C, 0xFF, 0x0D, 0xEC, 0x0C, 0xFF, 0x0D, 0xEC, 0x0C, 0xFF, 0x0D, 0xEC, 0x0C, 0xFF,
		0x0D, 0xEC, 0x0C, 0xFF, 0x0D, 0xEC, 0x0C, 0xFF, 0x0D, 0xEC, 0x0C, 0xFF, 0x0D, 0xEC, 0x0C, 0xFF,
		0x0D, 0xEC, 0x0C, 0xFF, 0x0D, 0xEC, 0x0C, 0xFF, 0x0D, 0xEC, 0x0C, 0xFF, 0x0D, 0xEC, 0x0C, 0xFF,
		0x0D, 0xEC, 0x0C, 0xFF, 0x0D, 0xEC, 0x0C, 0xFF, 0x0D, 0xEC, 0x0C, 0xFF, 0x0D, 0xEC, 0x0C, 0xFF,
		0x0D, 0xEC, 0x0C, 0xFF, 0x0D, 0xEC, 0x0C, 0xFF, 0x0D, 0xEC, 0x0C, 0xFF, 0x0D, 0xEC, 0x0C, 0xFF,
		0x0D, 0xEC, 0x0C, 0xFF, 0x0D, 0xEC, 0x0C, 0xFF, 0x0D, 0xEC, 0x0C, 0xFF, 0x0D, 0xEC, 0x0C, 0xFF,
		0x0D, 0xEC, 0x0C, 0xFF, 0x0D, 0xEC, 0x0C, 0xFF, 0x0D, 0xEC, 0x0C, 0xFF, 0x0D, 0xEC, 0x0C, 0xFF,
		0x0D, 0xEC, 0x0C, 0xFF, 0x0D, 0xEC, 0x0C, 0xFF, 0x0D, 0xEC, 0x0C, 0xFF, 0x0D, 0xEC, 0x0C, 0xFF,
		0x0D, 0xEC, 0x0C, 0xFF, 0x0D, 0xEC, 0x0C, 0xFF, 0x0D, 0xEC, 0x0C, 0xFF, 0x0D, 0xEC, 0x0C, 0xFF,
		0x0D, 0xEC, 0x0C, 0xFF, 0x0D, 0xEC, 0x0C, 0xFF, 0x0D, 0xEC, 0x0C, 0xFF, 0x0D, 0xEC, 0x0C, 0xFF,
		0x0D, 0xEC, 0x0C, 0xFF, 0x0D, 0xEC, 0x0C, 0xFF, 0x0D, 0xEC, 0x0C, 0xFF, 0x0D, 0xEC, 0x0C, 0xFF,
		0x0D, 0xEC, 0x0C, 0xFF, 0x0D, 0xEC, 0x0C, 0xFF, 0x0D, 0xEC, 0x0C, 0xFF, 0x0D, 0xEC, 0x0C, 0xFF,
		0x0D, 0xEC, 0x0C, 0xFF, 0x0D, 0xEC, 0x0C, 0xFF, 0x0D, 0xEC, 0x0C, 0xFF, 0x0D, 0xEC, 0x0C, 0xFF,
		0x0D, 0xEC, 0x0C, 0xFF, 0x0D, 0xEC, 0x0C, 0xFF, 0x0D, 0xEC, 0x0C, 0xFF, 0x0D, 0xEC, 0x0C, 0xFF,
		0x0D, 0xEC, 0x0C, 0xFF, 0x0D, 0xEC, 0x0C, 0xFF, 0x0D, 0xEC, 0x0C, 0xFF, 0x0D, 0xEC, 0x0C, 0xFF,
		0x0D, 0xEC, 0x0C, 0xFF, 0x0D, 0xEC, 0x0C, 0xFF, 0x0D, 0xEC, 0x0C, 0xFF, 0x0D, 0xEC, 0x0C, 0xFF,
		0x0D, 0xEC, 0x0C, 0xFF, 0x0D, 0xEC, 0x0C, 0xFF, 0x0D, 0xEC, 0x0C, 0xFF, 0x0D, 0xEC, 0x0C, 0xFF,
		0x0D, 0xEC, 0x0C, 0xFF, 0x0D, 0xEC, 0x0C, 0xFF, 0x0D, 0xEC, 0x0C, 0xFF, 0x0D, 0xEC, 0x0C, 0xFF,
		0x0D, 0xEC, 0x0C, 0xFF, 0x0D, 0xEC, 0x0C, 0xFF, 0x0D, 0xEC, 0x0C, 0xFF, 0x0D, 0xEC, 0x0C, 0xFF,
		0x0D, 0xEC, 0x0C, 0xFF, 0x0D, 0xEC, 0x0C, 0xFF, 0x0D, 0xEC, 0x0C, 0xFF, 0x0D, 0xEC, 0x0C, 0xFF,
		0x0D, 0xEC, 0x0C, 0xFF, 0x0D, 0xEC, 0x0C, 0xFF, 0x0D, 0xEC, 0x0C, 0xFF, 0x0D, 0xEC, 0x0C, 0xFF,
		0x0D, 0xEC, 0x0C, 0xFF, 0x0D, 0xEC, 0x0C, 0xFF, 0x0D, 0xEC, 0x0C, 0xFF, 0x0D, 0xEC, 0x0C, 0xFF,
		0x0D, 0xEC, 0x0C, 0xFF, 0x0D, 0xEC, 0x0C, 0xFF, 0x0D, 0xEC, 0x0C, 0xFF, 0x0D, 0xEC, 0x0C, 0xFF,
		0x0D, 0xEC, 0x0C, 0xFF, 0x0D, 0xEC, 0x0C, 0xFF, 0x0D, 0xEC, 0x0C, 0xFF, 0x0D, 0xEC, 0x0C, 0xFF,
		0x0D, 0xEC, 0x0C, 0xFF, 0x0D, 0xEC, 0x0C, 0xFF, 0x0D, 0xEC, 0x0C, 0xFF, 0x0D, 0xEC, 0x0C, 0xFF,
		0x0D, 0xEC, 0x0C, 0xFF, 0x0D, 0xEC, 0x0C, 0xFF, 0x0D, 0xEC, 0x0C, 0xFF, 0x0D, 0xEC, 0x0C, 0xFF,
		0x0D, 0xEC, 0x0C, 0xFF, 0x0D, 0xEC, 0x0C, 0xFF, 0x0D, 0xEC, 0x0C, 0xFF, 0x0D, 0xEC, 0x0C, 0xFF,
		0x0D, 0xEC, 0x0C, 0xFF, 0x0D, 0xEC, 0x0C, 0xFF, 0x0D, 0xEC, 0x0C, 0xFF, 0x0D, 0xEC, 0x0C, 0xFF,
		0x0D, 0xEC, 0x0C, 0xFF, 0x0D, 0xEC, 0x0C, 0xFF, 0x0D, 0xEC, 0x0C, 0xFF, 0x0D, 0xEC, 0x0C, 0xFF,
		0x0D, 0xEC, 0x0C, 0xFF, 0x0D, 0xEC, 0x0C, 0xFF, 0x0D, 0xEC, 0x0C, 0xFF, 0x0D, 0xEC, 0x0C, 0xFF,
		0x0D, 0xEC, 0x0C, 0xFF, 0x0D, 0xEC, 0x0C, 0xFF, 0x0D, 0xEC, 0x0C, 0xFF, 0x0D, 0xEC, 0x0C, 0xFF,
		0x0D, 0xEC, 0x0C, 0xFF, 0x0D, 0xEC, 0x0C, 0xFF, 0x0D, 0xEC, 0x0C, 0xFF, 0x0D, 0xEC, 0x0C, 0xFF,
		0x0D, 0xEC, 0x0C, 0xFF, 0x0D, 0xEC, 0x0C, 0xFF, 0x0D, 0xEC, 0x0C, 0xFF, 0x0D, 0xEC, 0x0C, 0xFF,
		0x0D, 0xEC, 0x0C, 0xFF, 0x0D, 0xEC, 0x0C, 0xFF, 0x0D, 0xEC, 0x0C, 0xFF, 0x0D, 0xEC, 0x0C, 0xFF,
		0x0D, 0xEC, 0x0C, 0xFF, 0x0D, 0xEC, 0x0C, 0xFF, 0x0D, 0xEC, 0x0C, 0xFF, 0x0D, 0xEC, 0x0C, 0xFF,
		0x0D, 0xEC, 0x0C, 0xFF, 0x0D, 0xEC, 0x0C, 0xFF, 0x0D, 0xEC, 0x0C, 0xFF, 0x0D, 0xEC, 0x0C, 0xFF,
		0x0D, 0xEC, 0x0C, 0xFF, 0x0D, 0xEC, 0x0C, 0xFF, 0x0D, 0xEC, 0x0C, 0xFF, 0x0D, 0xEC, 0x0C, 0xFF,
		0x0D, 0xEC, 0x0C, 0xFF, 0x0D, 0xEC, 0x0C, 0xFF, 0x0D, 0xEC, 0x0C, 0xFF, 0x0D, 0xEC, 0x0C, 0xFF,
		0x0D, 0xEC, 0x0C, 0xFF, 0x0D, 0xEC, 0x0C, 0xFF, 0x0D, 0xEC, 0x0C, 0xFF, 0x0D, 0xEC, 0x0C, 0xFF,
		0x0D, 0xEC, 0x0C, 0xFF, 0x0D, 0xEC, 0x0C, 0xFF, 0x0D, 0xEC, 0x0C, 0xFF, 0x0D, 0xEC, 0x0C, 0xFF,
		0x0D, 0xEC, 0x0C, 0xFF, 0x0D, 0xEC, 0x0C, 0xFF, 0x0D, 0xEC, 0x0C, 0xFF, 0x0D, 0xEC, 0x0C, 0xFF,
		0x0D, 0xEC, 0x0C, 0xFF, 0x0D, 0xEC, 0x0C, 0xFF, 0x0D, 0xEC, 0x0C, 0xFF, 0x0D, 0xEC, 0x0C, 0xFF,
		0x0D, 0xEC, 0x0C, 0xFF, 0x0D, 0xEC, 0x0C, 0xFF, 0x0D, 0xEC, 0x0C, 0xFF, 0x0D, 0xEC, 0x0C, 0xFF,
		0x0D, 0xEC, 0x0C, 0xFF, 0x0D, 0xEC, 0x0C, 0xFF, 0x0D, 0xEC, 0x0C, 0xFF, 0x0D, 0xEC, 0x0C, 0xFF,
		0x0D, 0xEC, 0x0C, 0xFF, 0x0D, 0xEC, 0x0C, 0xFF, 0x0D, 0xEC, 0x0C, 0xFF, 0x0D, 0xEC, 0x0C, 0xFF,
		0x0D, 0xEC, 0x0C, 0xFF, 0x0D, 0xEC, 0x0C, 0xFF, 0x0D, 0xEC, 0x0C, 0xFF, 0x0D, 0xEC, 0x0C, 0xFF,
		0x0D, 0xEC, 0x0C, 0xFF, 0x0D, 0xEC, 0x0C, 0xFF, 0x0D, 0xEC, 0x0C, 0xFF, 0x0D, 0xEC, 0x0C, 0xFF,
		0x0D, 0xEC, 0x0C, 0xFF, 0x0D, 0xEC, 0x0C, 0xFF, 0x0D, 0xEC, 0x0C, 0xFF, 0x0D, 0xEC, 0x0C, 0xFF,
		0x0D, 0xEC, 0x0C, 0xFF, 0x0D, 0xEC, 0x0C, 0xFF, 0x0D, 0xEC, 0x0C, 0xFF, 0x0D, 0xEC, 0x0C, 0xFF,
		0x0D, 0xEC, 0x0C, 0xFF, 0x0D, 0xEC, 0x0C, 0xFF, 0x0D, 0xEC, 0x0C, 0xFF, 0x0D, 0xEC, 0x0C, 0xFF,
		0x0D, 0xEC, 0x0C, 0xFF, 0x0D, 0xEC, 0x0C, 0xFF, 0x0D, 0xEC, 0x0C, 0xFF, 0x0D, 0xEC, 0x0C, 0xFF,
		0x0D, 0xEC, 0x0C, 0xFF, 0x0D, 0xEC, 0x0C, 0xFF, 0x0D, 0xEC, 0x0C, 0xFF, 0x0D, 0xEC, 0x0C, 0xFF,
		0x0D, 0xEC, 0x0C, 0xFF, 0x0D, 0xEC, 0x0C, 0xFF, 0x0D, 0xEC, 0x0C, 0xFF, 0x0D, 0xEC, 0x0C, 0xFF,
		0x0D, 0xEC, 0x0C, 0xFF, 0x0D, 0xEC, 0x0C, 0xFF, 0x0D, 0xEC, 0x0C, 0xFF, 0x0D, 0xEC, 0x0C, 0xFF,
		0x0D, 0xEC, 0x0C, 0xFF, 0x0D, 0xEC, 0x0C, 0xFF, 0x0D, 0xEC, 0x0C, 0xFF, 0x0D, 0xEC, 0x0C, 0xFF,
		0x0D, 0xEC, 0x0C, 0xFF, 0x0D, 0xEC, 0x0C, 0xFF, 0x0D, 0xEC, 0x0C, 0xFF, 0x0D, 0xEC, 0x0C, 0xFF,
		0x0D, 0xEC, 0x0C, 0xFF, 0x0D, 0xEC, 0x0C, 0xFF, 0x0D, 0xEC, 0x0C, 0xFF, 0x0D, 0xEC, 0x0C, 0xFF,
		0x0D, 0xEC, 0x0C, 0xFF, 0x0D, 0xEC, 0x0C, 0xFF, 0x0D, 0xEC, 0x0C, 0xFF, 0x0D, 0xEC, 0x0C, 0xFF,
		0x0D, 0xEC, 0x0C, 0xFF, 0x0D, 0xEC, 0x0C, 0xFF, 0x0D, 0xEC, 0x0C, 0xFF, 0x0D, 0xEC, 0x0C, 0xFF,
		0x0D, 0xEC, 0x0C, 0xFF, 0x0D, 0xEC, 0x0C, 0xFF, 0x0D, 0xEC, 0x0C, 0xFF, 0x0D, 0xEC, 0x0C, 0xFF,
		0x0D, 0xEC, 0x0C, 0xFF, 0x0D, 0xEC, 0x0C, 0xFF, 0x0D, 0xEC, 0x0C, 0xFF, 0x0D, 0xEC, 0x0C, 0xFF,
		0x0D, 0xEC, 0x0C, 0xFF, 0x0D, 0xEC, 0x0C, 0xFF, 0x0D, 0xEC, 0x0C, 0xFF, 0x0D, 0xEC, 0x0C, 0xFF,
		0x0D, 0xEC, 0x0C, 0xFF, 0x0D, 0xEC, 0x0C, 0xFF, 0x0D, 0xEC, 0x0C, 0xFF, 0x0D, 0xEC, 0x0C, 0xFF,
		0x0D, 0xEC, 0x0C, 0xFF, 0x0D, 0xEC, 0x0C, 0xFF, 0x0D, 0xEC, 0x0C, 0xFF, 0x0D, 0xEC, 0x0C, 0xFF,
		0x0D, 0xEC, 0x0C, 0xFF, 0x0D, 0xEC, 0x0C, 0xFF, 0x0D, 0xEC, 0x0C, 0xFF, 0x0D, 0xEC, 0x0C, 0xFF,
		0x0D, 0xEC, 0x0C, 0xFF, 0x0D, 0xEC, 0x0C, 0xFF, 0x0D, 0xEC, 0x0C, 0xFF, 0x0D, 0xEC, 0x0C, 0xFF,
		0x0D, 0xEC, 0x0C, 0xFF, 0x0D, 0xEC, 0x0C, 0xFF, 0x0D, 0xEC, 0x0C, 0xFF, 0x0D, 0xEC, 0x0C, 0xFF,
		0x0D, 0xEC, 0x0C, 0xFF, 0x0D, 0xEC, 0x0C, 0xFF, 0x0D, 0xEC, 0x0C, 0xFF, 0x0D, 0xEC, 0x0C, 0xFF,
		0x0D, 0xEC, 0x0C, 0xFF, 0x0D, 0xEC, 0x0C, 0xFF, 0x0D, 0xEC, 0x0C, 0xFF, 0x0D, 0xEC, 0x0C, 0xFF,
		0x0D, 0xEC, 0x0C, 0xFF, 0x0D, 0xEC, 0x0C, 0xFF, 0x0D, 0xEC, 0x0C, 0xFF, 0x0D, 0xEC, 0x0C, 0xFF,
		0x0D, 0xEC, 0x0C, 0xFF, 0x0D, 0xEC, 0x0C, 0xFF, 0x0D, 0xEC, 0x0C, 0xFF, 0x0D, 0xEC, 0x0C, 0xFF,
		0x0D, 0xEC, 0x0C, 0xFF, 0x0D, 0xEC, 0x0C, 0xFF, 0x0D, 0xEC, 0x0C, 0xFF, 0x0D, 0xEC, 0x0C, 0xFF,
		0x0D, 0xEC, 0x0C, 0xFF, 0x0D, 0xEC, 0x0C, 0xFF, 0x0D, 0xEC, 0x0C, 0xFF, 0x0D, 0xEC, 0x0C, 0xFF,
		0x0D, 0xEC, 0x0C, 0xFF, 0x0D, 0xEC, 0x0C, 0xFF, 0x0D, 0xEC, 0x0C, 0xFF, 0x0D, 0xEC, 0x0C, 0xFF,
		0x0D, 0xEC, 0x0C, 0xFF, 0x0D, 0xEC, 0x0C, 0xFF, 0x0D, 0xEC, 0x0C, 0xFF, 0x0D, 0xEC, 0x0C, 0xFF,
		0x0D, 0xEC, 0x0C, 0xFF, 0x0D, 0xEC, 0x0C, 0xFF, 0x0D, 0xEC, 0x0C, 0xFF, 0x0D, 0xEC, 0x0C, 0xFF,
		0x0D, 0xEC, 0x0C, 0xFF, 0x0D, 0xEC, 0x0C, 0xFF, 0x0D, 0xEC, 0x0C, 0xFF, 0x0D, 0xEC, 0x0C, 0xFF,
		0x0D, 0xEC, 0x0C, 0xFF, 0x0D, 0xEC, 0x0C, 0xFF, 0x0D, 0xEC, 0x0C, 0xFF, 0x0D, 0xEC, 0x0C, 0xFF,
		0x0D, 0xEC, 0x0C, 0xFF, 0x0D, 0xEC, 0x0C, 0xFF, 0x0D, 0xEC, 0x0C, 0xFF, 0x0D, 0xEC, 0x0C, 0xFF,
		0x0D, 0xEC, 0x0C, 0xFF, 0x0D, 0xEC, 0x0C, 0xFF, 0x0D, 0xEC, 0x0C, 0xFF, 0x0D, 0xEC, 0x0C, 0xFF,
		0x0D, 0xEC, 0x0C, 0xFF, 0x0D, 0xEC, 0x0C, 0xFF, 0x0D, 0xEC, 0x0C, 0xFF, 0x0D, 0xEC, 0x0C, 0xFF,
		0x0D, 0xEC, 0x0C, 0xFF, 0x0D, 0xEC, 0x0C, 0xFF, 0x0D, 0xEC, 0x0C, 0xFF, 0x0D, 0xEC, 0x0C, 0xFF,
		0x0D, 0xEC, 0x0C, 0xFF, 0x0D, 0xEC, 0x0C, 0xFF, 0x0D, 0xEC, 0x0C, 0xFF, 0x0D, 0xEC, 0x0C, 0xFF,
		0x0D, 0xEC, 0x0C, 0xFF, 0x0D, 0xEC, 0x0C, 0xFF, 0x0D, 0xEC, 0x0C, 0xFF, 0x0D, 0xEC, 0x0C, 0xFF,
		0x0D, 0xEC, 0x0C, 0xFF, 0x0D, 0xEC, 0x0C, 0xFF, 0x0D, 0xEC, 0x0C, 0xFF, 0x0D, 0xEC, 0x0C, 0xFF,
		0x0D, 0xEC, 0x0C, 0xFF, 0x0D, 0xEC, 0x0C, 0xFF, 0x0D, 0xEC, 0x0C, 0xFF, 0x0D, 0xEC, 0x0C, 0xFF,
		0x0D, 0xEC, 0x0C, 0xFF, 0x0D, 0xEC, 0x0C, 0xFF, 0x0D, 0xEC, 0x0C, 0xFF, 0x0D, 0xEC, 0x0C, 0xFF,
		0x0D, 0xEC, 0x0C, 0xFF, 0x0D, 0xEC, 0x0C, 0xFF, 0x0D, 0xEC, 0x0C, 0xFF, 0x0D, 0xEC, 0x0C, 0xFF,
		0xEA, 0x0F, 0x0D, 0xFF, 0xEA, 0x0F, 0x0D, 0xFF, 0xEA, 0x0F, 0x0D, 0xFF, 0xEA, 0x0F, 0x0D, 0xFF,
		0xEA, 0x0F, 0x0D, 0xFF, 0xEA, 0x0F, 0x0D, 0xFF, 0xEA, 0x0F, 0x0D, 0xFF, 0xEA, 0x0F, 0x0D, 0xFF,
		0xEA, 0x0F, 0x0D, 0xFF, 0xEA, 0x0F, 0x0D, 0xFF, 0xEA, 0x0F, 0x0D, 0xFF, 0xEA, 0x0F, 0x0D, 0xFF,
		0xEA, 0x0F, 0x0D, 0xFF, 0xEA, 0x0F, 0x0D, 0xFF, 0xEA, 0x0F, 0x0D, 0xFF, 0xEA, 0x0F, 0x0D, 0xFF,
		0xEA, 0x0F, 0x0D, 0xFF, 0xEA, 0x0F, 0x0D, 0xFF, 0xEA, 0x0F, 0x0D, 0xFF, 0xEA, 0x0F, 0x0D, 0xFF,
		0xEA, 0x0F, 0x0D, 0xFF, 0xEA, 0x0F, 0x0D, 0xFF, 0xEA, 0x0F, 0x0D, 0xFF, 0xEA, 0x0F, 0x0D, 0xFF,
		0xEA, 0x0F, 0x0D, 0xFF, 0xEA, 0x0F, 0x0D, 0xFF, 0xEA, 0x0F, 0x0D, 0xFF, 0xEA, 0x0F, 0x0D, 0xFF,
		0xEA, 0x0F, 0x0D, 0xFF, 0xEA, 0x0F, 0x0D, 0xFF, 0xEA, 0x0F, 0x0D, 0xFF, 0xEA, 0x0F, 0x0D, 0xFF,
		0xEA, 0x0F, 0x0D, 0xFF, 0xEA, 0x0F, 0x0D, 0xFF, 0xEA, 0x0F, 0x0D, 0xFF, 0xEA, 0x0F, 0x0D, 0xFF,
		0xEA, 0x0F, 0x0D, 0xFF, 0xEA, 0x0F, 0x0D, 0xFF, 0xEA, 0x0F, 0x0D, 0xFF, 0xEA, 0x0F, 0x0D, 0xFF,
		0xEA, 0x0F, 0x0D, 0xFF, 0xEA, 0x0F, 0x0D, 0xFF, 0xEA, 0x0F, 0x0D, 0xFF, 0xEA, 0x0F, 0x0D, 0xFF,
		0xEA, 0x0F, 0x0D, 0xFF, 0xEA, 0x0F, 0x0D, 0xFF, 0xEA, 0x0F, 0x0D, 0xFF, 0xEA, 0x0F, 0x0D, 0xFF,
		0xEA, 0x0F, 0x0D, 0xFF, 0xEA, 0x0F, 0x0D, 0xFF, 0xEA, 0x0F, 0x0D, 0xFF, 0xEA, 0x0F, 0x0D, 0xFF,
		0xEA, 0x0F, 0x0D, 0xFF, 0xEA, 0x0F, 0x0D, 0xFF, 0xEA, 0x0F, 0x0D, 0xFF, 0xEA, 0x0F, 0x0D, 0xFF,
		0xEA, 0x0F, 0x0D, 0xFF, 0xEA, 0x0F, 0x0D, 0xFF, 0xEA, 0x0F, 0x0D, 0xFF, 0xEA, 0x0F, 0x0D, 0xFF,
		0xEA, 0x0F, 0x0D, 0xFF, 0xEA, 0x0F, 0x0D, 0xFF, 0xEA, 0x0F, 0x0D, 0xFF, 0xEA, 0x0F, 0x0D, 0xFF,
		0xEA, 0x0F, 0x0D, 0xFF, 0xEA, 0x0F, 0x0D, 0xFF, 0xEA, 0x0F, 0x0D, 0xFF, 0xEA, 0x0F, 0x0D, 0xFF,
		0xEA, 0x0F, 0x0D, 0xFF, 0xEA, 0x0F, 0x0D, 0xFF, 0xEA, 0x0F, 0x0D, 0xFF, 0xEA, 0x0F, 0x0D, 0xFF,
		0xEA, 0x0F, 0x0D, 0xFF, 0xEA, 0x0F, 0x0D, 0xFF, 0xEA, 0x0F, 0x0D, 0xFF, 0xEA, 0x0F, 0x0D, 0xFF,
		0xEA, 0x0F, 0x0D, 0xFF, 0xEA, 0x0F, 0x0D, 0xFF, 0xEA, 0x0F, 0x0D, 0xFF, 0xEA, 0x0F, 0x0D, 0xFF,
		0xEA, 0x0F, 0x0D, 0xFF, 0xEA, 0x0F, 0x0D, 0xFF, 0xEA, 0x0F, 0x0D, 0xFF, 0xEA, 0x0F, 0x0D, 0xFF,
		0xEA, 0x0F, 0x0D, 0xFF, 0xEA, 0x0F, 0x0D, 0xFF, 0xEA, 0x0F, 0x0D, 0xFF, 0xEA, 0x0F, 0x0D, 0xFF,
		0xEA, 0x0F, 0x0D, 0xFF, 0xEA, 0x0F, 0x0D, 0xFF, 0xEA, 0x0F, 0x0D, 0xFF, 0xEA, 0x0F, 0x0D, 0xFF,
		0xEA, 0x0F, 0x0D, 0xFF, 0xEA, 0x0F, 0x0D, 0xFF, 0xEA, 0x0F, 0x0D, 0xFF, 0xEA, 0x0F, 0x0D, 0xFF,
		0xEA, 0x0F, 0x0D, 0xFF, 0xEA, 0x0F, 0x0D, 0xFF, 0xEA, 0x0F, 0x0D, 0xFF, 0xEA, 0x0F, 0x0D, 0xFF,
		0xEA, 0x0F, 0x0D, 0xFF, 0xEA, 0x0F, 0x0D, 0xFF, 0xEA, 0x0F, 0x0D, 0xFF, 0xEA, 0x0F, 0x0D, 0xFF,
		0xEA, 0x0F, 0x0D, 0xFF, 0xEA, 0x0F, 0x0D, 0xFF, 0xEA, 0x0F, 0x0D, 0xFF, 0xEA, 0x0F, 0x0D, 0xFF,
		0xEA, 0x0F, 0x0D, 0xFF, 0xEA, 0x0F, 0x0D, 0xFF, 0xEA, 0x0F, 0x0D, 0xFF, 0xEA, 0x0F, 0x0D, 0xFF,
		0xEA, 0x0F, 0x0D, 0xFF, 0xEA, 0x0F, 0x0D, 0xFF, 0xEA, 0x0F, 0x0D, 0xFF, 0xEA, 0x0F, 0x0D, 0xFF,
		0xEA, 0x0F, 0x0D, 0xFF, 0xEA, 0x0F, 0x0D, 0xFF, 0xEA, 0x0F, 0x0D, 0xFF, 0xEA, 0x0F, 0x0D, 0xFF,
		0xEA, 0x0F, 0x0D, 0xFF, 0xEA, 0x0F, 0x0D, 0xFF, 0xEA, 0x0F, 0x0D, 0xFF, 0xEA, 0x0F, 0x0D, 0xFF,
		0xEA, 0x0F, 0x0D, 0xFF, 0xEA, 0x0F, 0x0D, 0xFF, 0xEA, 0x0F, 0x0D, 0xFF, 0xEA, 0x0F, 0x0D, 0xFF,
		0xEA, 0x0F, 0x0D, 0xFF, 0xEA, 0x0F, 0x0D, 0xFF, 0xEA, 0x0F, 0x0D, 0xFF, 0xEA, 0x0F, 0x0D, 0xFF,
		0xEA, 0x0F, 0x0D, 0xFF, 0xEA, 0x0F, 0x0D, 0xFF, 0xEA, 0x0F, 0x0D, 0xFF, 0xEA, 0x0F, 0x0D, 0xFF,
		0xEA, 0x0F, 0x0D, 0xFF, 0xEA, 0x0F, 0x0D, 0xFF, 0xEA, 0x0F, 0x0D, 0xFF, 0xEA, 0x0F, 0x0D, 0xFF,
		0xEA, 0x0F, 0x0D, 0xFF, 0xEA, 0x0F, 0x0D, 0xFF, 0xEA, 0x0F, 0x0D, 0xFF, 0xEA, 0x0F, 0x0D, 0xFF,
		0xEA, 0x0F, 0x0D, 0xFF, 0xEA, 0x0F, 0x0D, 0xFF, 0xEA, 0x0F, 0x0D, 0xFF, 0xEA, 0x0F, 0x0D, 0xFF,
		0xEA, 0x0F, 0x0D, 0xFF, 0xEA, 0x0F, 0x0D, 0xFF, 0xEA, 0x0F, 0x0D, 0xFF, 0xEA, 0x0F, 0x0D, 0xFF,
		0xEA, 0x0F, 0x0D, 0xFF, 0xEA, 0x0F, 0x0D, 0xFF, 0xEA, 0x0F, 0x0D, 0xFF, 0xEA, 0x0F, 0x0D, 0xFF,
		0xEA, 0x0F, 0x0D, 0xFF, 0xEA, 0x0F, 0x0D, 0xFF, 0xEA, 0x0F, 0x0D, 0xFF, 0xEA, 0x0F, 0x0D, 0xFF,
		0xEA, 0x0F, 0x0D, 0xFF, 0xEA, 0x0F, 0x0D, 0xFF, 0xEA, 0x0F, 0x0D, 0xFF, 0xEA, 0x0F, 0x0D, 0xFF,
		0xEA, 0x0F, 0x0D, 0xFF, 0xEA, 0x0F, 0x0D, 0xFF, 0xEA, 0x0F, 0x0D, 0xFF, 0xEA, 0x0F, 0x0D, 0xFF,
		0xEA, 0x0F, 0x0D, 0xFF, 0xEA, 0x0F, 0x0D, 0xFF, 0xEA, 0x0F, 0x0D, 0xFF, 0xEA, 0x0F, 0x0D, 0xFF,
		0xEA, 0x0F, 0x0D, 0xFF, 0xEA, 0x0F, 0x0D, 0xFF, 0xEA, 0x0F, 0x0D, 0xFF, 0xEA, 0x0F, 0x0D, 0xFF,
		0xEA, 0x0F, 0x0D, 0xFF, 0xEA, 0x0F, 0x0D, 0xFF, 0xEA, 0x0F, 0x0D, 0xFF, 0xEA, 0x0F, 0x0D, 0xFF,
		0xEA, 0x0F, 0x0D, 0xFF, 0xEA, 0x0F, 0x0D, 0xFF, 0xEA, 0x0F, 0x0D, 0xFF, 0xEA, 0x0F, 0x0D, 0xFF,
		0xEA, 0x0F, 0x0D, 0xFF, 0xEA, 0x0F, 0x0D, 0xFF, 0xEA, 0x0F, 0x0D, 0xFF, 0xEA, 0x0F, 0x0D, 0xFF,
		0xEA, 0x0F, 0x0D, 0xFF, 0xEA, 0x0F, 0x0D, 0xFF, 0xEA, 0x0F, 0x0D, 0xFF, 0xEA, 0x0F, 0x0D, 0xFF,
		0xEA, 0x0F, 0x0D, 0xFF, 0xEA, 0x0F, 0x0D, 0xFF, 0xEA, 0x0F, 0x0D, 0xFF, 0xEA, 0x0F, 0x0D, 0xFF,
		0xEA, 0x0F, 0x0D, 0xFF, 0xEA, 0x0F, 0x0D, 0xFF, 0xEA, 0x0F, 0x0D, 0xFF, 0xEA, 0x0F, 0x0D, 0xFF,
		0xEA, 0x0F, 0x0D, 0xFF, 0xEA, 0x0F, 0x0D, 0xFF, 0xEA, 0x0F, 0x0D, 0xFF, 0xEA, 0x0F, 0x0D, 0xFF,
		0xEA, 0x0F, 0x0D, 0xFF, 0xEA, 0x0F, 0x0D, 0xFF, 0xEA, 0x0F, 0x0D, 0xFF, 0xEA, 0x0F, 0x0D, 0xFF,
		0xEA, 0x0F, 0x0D, 0xFF, 0xEA, 0x0F, 0x0D, 0xFF, 0xEA, 0x0F, 0x0D, 0xFF, 0xEA, 0x0F, 0x0D, 0xFF,
		0xEA, 0x0F, 0x0D, 0xFF, 0xEA, 0x0F, 0x0D, 0xFF, 0xEA, 0x0F, 0x0D, 0xFF, 0xEA, 0x0F, 0x0D, 0xFF,
		0xEA, 0x0F, 0x0D, 0xFF, 0xEA, 0x0F, 0x0D, 0xFF, 0xEA, 0x0F, 0x0D, 0xFF, 0xEA, 0x0F, 0x0D, 0xFF,
		0xEA, 0x0F, 0x0D, 0xFF, 0xEA, 0x0F, 0x0D, 0xFF, 0xEA, 0x0F, 0x0D, 0xFF, 0xEA, 0x0F, 0x0D, 0xFF,
		0xEA, 0x0F, 0x0D, 0xFF, 0xEA, 0x0F, 0x0D, 0xFF, 0xEA, 0x0F, 0x0D, 0xFF, 0xEA, 0x0F, 0x0D, 0xFF,
		0xEA, 0x0F, 0x0D, 0xFF, 0xEA, 0x0F, 0x0D, 0xFF, 0xEA, 0x0F, 0x0D, 0xFF, 0xEA, 0x0F, 0x0D, 0xFF,
		0xEA, 0x0F, 0x0D, 0xFF, 0xEA, 0x0F, 0x0D, 0xFF, 0xEA, 0x0F, 0x0D, 0xFF, 0xEA, 0x0F, 0x0D, 0xFF,
		0xEA, 0x0F, 0x0D, 0xFF, 0xEA, 0x0F, 0x0D, 0xFF, 0xEA, 0x0F, 0x0D, 0xFF, 0xEA, 0x0F, 0x0D, 0xFF,
		0xEA, 0x0F, 0x0D, 0xFF, 0xEA, 0x0F, 0x0D, 0xFF, 0xEA, 0x0F, 0x0D, 0xFF, 0xEA, 0x0F, 0x0D, 0xFF,
		0xEA, 0x0F, 0x0D, 0xFF, 0xEA, 0x0F, 0x0D, 0xFF, 0xEA, 0x0F, 0x0D, 0xFF, 0xEA, 0x0F, 0x0D, 0xFF,
		0xEA, 0x0F, 0x0D, 0xFF, 0xEA, 0x0F, 0x0D, 0xFF, 0xEA, 0x0F, 0x0D, 0xFF, 0xEA, 0x0F, 0x0D, 0xFF,
		0xEA, 0x0F, 0x0D, 0xFF, 0xEA, 0x0F, 0x0D, 0xFF, 0xEA, 0x0F, 0x0D, 0xFF, 0xEA, 0x0F, 0x0D, 0xFF,
		0xEA, 0x0F, 0x0D, 0xFF, 0xEA, 0x0F, 0x0D, 0xFF, 0xEA, 0x0F, 0x0D, 0xFF, 0xEA, 0x0F, 0x0D, 0xFF,
		0xEA, 0x0F, 0x0D, 0xFF, 0xEA, 0x0F, 0x0D, 0xFF, 0xEA, 0x0F, 0x0D, 0xFF, 0xEA, 0x0F, 0x0D, 0xFF,
		0xEA, 0x0F, 0x0D, 0xFF, 0xEA, 0x0F, 0x0D, 0xFF, 0xEA, 0x0F, 0x0D, 0xFF, 0xEA, 0x0F, 0x0D, 0xFF,
		0xEA, 0x0F, 0x0D, 0xFF, 0xEA, 0x0F, 0x0D, 0xFF, 0xEA, 0x0F, 0x0D, 0xFF, 0xEA, 0x0F, 0x0D, 0xFF,
		0xEA, 0x0F, 0x0D, 0xFF, 0xEA, 0x0F, 0x0D, 0xFF, 0xEA, 0x0F, 0x0D, 0xFF, 0xEA, 0x0F, 0x0D, 0xFF,
		0xEA, 0x0F, 0x0D, 0xFF, 0xEA, 0x0F, 0x0D, 0xFF, 0xEA, 0x0F, 0x0D, 0xFF, 0xEA, 0x0F, 0x0D, 0xFF,
		0xEA, 0x0F, 0x0D, 0xFF, 0xEA, 0x0F, 0x0D, 0xFF, 0xEA, 0x0F, 0x0D, 0xFF, 0xEA, 0x0F, 0x0D, 0xFF,
		0xEA, 0x0F, 0x0D, 0xFF, 0xEA, 0x0F, 0x0D, 0xFF, 0xEA, 0x0F, 0x0D, 0xFF, 0xEA, 0x0F, 0x0D, 0xFF,
		0xEA, 0x0F, 0x0D, 0xFF, 0xEA, 0x0F, 0x0D, 0xFF, 0xEA, 0x0F, 0x0D, 0xFF, 0xEA, 0x0F, 0x0D, 0xFF,
		0xEA, 0x0F, 0x0D, 0xFF, 0xEA, 0x0F, 0x0D, 0xFF, 0xEA, 0x0F, 0x0D, 0xFF, 0xEA, 0x0F, 0x0D, 0xFF,
		0xEA, 0x0F, 0x0D, 0xFF, 0xEA, 0x0F, 0x0D, 0xFF, 0xEA, 0x0F, 0x0D, 0xFF, 0xEA, 0x0F, 0x0D, 0xFF,
		0xEA, 0x0F, 0x0D, 0xFF, 0xEA, 0x0F, 0x0D, 0xFF, 0xEA, 0x0F, 0x0D, 0xFF, 0xEA, 0x0F, 0x0D, 0xFF,
		0xEA, 0x0F, 0x0D, 0xFF, 0xEA, 0x0F, 0x0D, 0xFF, 0xEA, 0x0F, 0x0D, 0xFF, 0xEA, 0x0F, 0x0D, 0xFF,
		0xEA, 0x0F, 0x0D, 0xFF, 0xEA, 0x0F, 0x0D, 0xFF, 0xEA, 0x0F, 0x0D, 0xFF, 0xEA, 0x0F, 0x0D, 0xFF,
		0xEA, 0x0F, 0x0D, 0xFF, 0xEA, 0x0F, 0x0D, 0xFF, 0xEA, 0x0F, 0x0D, 0xFF, 0xEA, 0x0F, 0x0D, 0xFF,
		0xEA, 0x0F, 0x0D, 0xFF, 0xEA, 0x0F, 0x0D, 0xFF, 0xEA, 0x0F, 0x0D, 0xFF, 0xEA, 0x0F, 0x0D, 0xFF,
		0xEA, 0x0F, 0x0D, 0xFF, 0xEA, 0x0F, 0x0D, 0xFF, 0xEA, 0x0F, 0x0D, 0xFF, 0xEA, 0x0F, 0x0D, 0xFF,
		0xEA, 0x0F, 0x0D, 0xFF, 0xEA, 0x0F, 0x0D, 0xFF, 0xEA, 0x0F, 0x0D, 0xFF, 0xEA, 0x0F, 0x0D, 0xFF,
		0xEA, 0x0F, 0x0D, 0xFF, 0xEA, 0x0F, 0x0D, 0xFF, 0xEA, 0x0F, 0x0D, 0xFF, 0xEA, 0x0F, 0x0D, 0xFF,
		0xEA, 0x0F, 0x0D, 0xFF, 0xEA, 0x0F, 0x0D, 0xFF, 0xEA, 0x0F, 0x0D, 0xFF, 0xEA, 0x0F, 0x0D, 0xFF,
		0xEA, 0x0F, 0x0D, 0xFF, 0xEA, 0x0F, 0x0D, 0xFF, 0xEA, 0x0F, 0x0D, 0xFF, 0xEA, 0x0F, 0x0D, 0xFF,
		0xEA, 0x0F, 0x0D, 0xFF, 0xEA, 0x0F, 0x0D, 0xFF, 0xEA, 0x0F, 0x0D, 0xFF, 0xEA, 0x0F, 0x0D, 0xFF,
		0xEA, 0x0F, 0x0D, 0xFF, 0xEA, 0x0F, 0x0D, 0xFF, 0xEA, 0x0F, 0x0D, 0xFF, 0xEA, 0x0F, 0x0D, 0xFF,
		0xEA, 0x0F, 0x0D, 0xFF, 0xEA, 0x0F, 0x0D, 0xFF, 0xEA, 0x0F, 0x0D, 0xFF, 0xEA, 0x0F, 0x0D, 0xFF,
		0xEA, 0x0F, 0x0D, 0xFF, 0xEA, 0x0F, 0x0D, 0xFF, 0xEA, 0x0F, 0x0D, 0xFF, 0xEA, 0x0F, 0x0D, 0xFF,
		0xEA, 0x0F, 0x0D, 0xFF, 0xEA, 0x0F, 0x0D, 0xFF, 0xEA, 0x0F, 0x0D, 0xFF, 0xEA, 0x0F, 0x0D, 0xFF,
		0xEA, 0x0F, 0x0D, 0xFF, 0xEA, 0x0F, 0x0D, 0xFF, 0xEA, 0x0F, 0x0D, 0xFF, 0xEA, 0x0F, 0x0D, 0xFF,
		0xEA, 0x0F, 0x0D, 0xFF, 0xEA, 0x0F, 0x0D, 0xFF, 0xEA, 0x0F, 0x0D, 0xFF, 0xEA, 0x0F, 0x0D, 0xFF,
		0xEA, 0x0F, 0x0D, 0xFF, 0xEA, 0x0F, 0x0D, 0xFF, 0xEA, 0x0F, 0x0D, 0xFF, 0xEA, 0x0F, 0x0D, 0xFF,
		0xEA, 0x0F, 0x0D, 0xFF, 0xEA, 0x0F, 0x0D, 0xFF, 0xEA, 0x0F, 0x0D, 0xFF, 0xEA, 0x0F, 0x0D, 0xFF,
		0xEA, 0x0F, 0x0D, 0xFF, 0xEA, 0x0F, 0x0D, 0xFF, 0xEA, 0x0F, 0x0D, 0xFF, 0xEA, 0x0F, 0x0D, 0xFF,
		0xEA, 0x0F, 0x0D, 0xFF, 0xEA, 0x0F, 0x0D, 0xFF, 0xEA, 0x0F, 0x0D, 0xFF, 0xEA, 0x0F, 0x0D, 0xFF,
		0xEA, 0x0F, 0x0D, 0xFF, 0xEA, 0x0F, 0x0D, 0xFF, 0xEA, 0x0F, 0x0D, 0xFF, 0xEA, 0x0F, 0x0D, 0xFF,
		0xEA, 0x0F, 0x0D, 0xFF, 0xEA, 0x0F, 0x0D, 0xFF, 0xEA, 0x0F, 0x0D, 0xFF, 0xEA, 0x0F, 0x0D, 0xFF,
		0xEA, 0x0F, 0x0D, 0xFF, 0xEA, 0x0F, 0x0D, 0xFF, 0xEA, 0x0F, 0x0D, 0xFF, 0xEA, 0x0F, 0x0D, 0xFF,
		0xEA, 0x0F, 0x0D, 0xFF, 0xEA, 0x0F, 0x0D, 0xFF, 0xEA, 0x0F, 0x0D, 0xFF, 0xEA, 0x0F, 0x0D, 0xFF,
		0xEA, 0x0F, 0x0D, 0xFF, 0xEA, 0x0F, 0x0D, 0xFF, 0xEA, 0x0F, 0x0D, 0xFF, 0xEA, 0x0F, 0x0D, 0xFF,
		0xEA, 0x0F, 0x0D, 0xFF, 0xEA, 0x0F, 0x0D, 0xFF, 0xEA, 0x0F, 0x0D, 0xFF, 0xEA, 0x0F, 0x0D, 0xFF,
		0xEA, 0x0F, 0x0D, 0xFF, 0xEA, 0x0F, 0x0D, 0xFF, 0xEA, 0x0F, 0x0D, 0xFF, 0xEA, 0x0F, 0x0D, 0xFF,
		0xEA, 0x0F, 0x0D, 0xFF, 0xEA, 0x0F, 0x0D, 0xFF, 0xEA, 0x0F, 0x0D, 0xFF, 0xEA, 0x0F, 0x0D, 0xFF,
		0xEA, 0x0F, 0x0D, 0xFF, 0xEA, 0x0F, 0x0D, 0xFF, 0xEA, 0x0F, 0x0D, 0xFF, 0xEA, 0x0F, 0x0D, 0xFF,
		0xEA, 0x0F, 0x0D, 0xFF, 0xEA, 0x0F, 0x0D, 0xFF, 0xEA, 0x0F, 0x0D, 0xFF, 0xEA, 0x0F, 0x0D, 0xFF,
		0xEA, 0x0F, 0x0D, 0xFF, 0xEA, 0x0F, 0x0D, 0xFF, 0xEA, 0x0F, 0x0D, 0xFF, 0xEA, 0x0F, 0x0D, 0xFF,
		0xEA, 0x0F, 0x0D, 0xFF, 0xEA, 0x0F, 0x0D, 0xFF, 0xEA, 0x0F, 0x0D, 0xFF, 0xEA, 0x0F, 0x0D, 0xFF,
		0xEA, 0x0F, 0x0D, 0xFF, 0xEA, 0x0F, 0x0D, 0xFF, 0xEA, 0x0F, 0x0D, 0xFF, 0xEA, 0x0F, 0x0D, 0xFF,
		0xEA, 0x0F, 0x0D, 0xFF, 0xEA, 0x0F, 0x0D, 0xFF, 0xEA, 0x0F, 0x0D, 0xFF, 0xEA, 0x0F, 0x0D, 0xFF,
		0xEA, 0x0F, 0x0D, 0xFF, 0xEA, 0x0F, 0x0D, 0xFF, 0xEA, 0x0F, 0x0D, 0xFF, 0xEA, 0x0F, 0x0D, 0xFF,
		0xEA, 0x0F, 0x0D, 0xFF, 0xEA, 0x0F, 0x0D, 0xFF, 0xEA, 0x0F, 0x0D, 0xFF, 0xEA, 0x0F, 0x0D, 0xFF,
		0xEA, 0x0F, 0x0D, 0xFF, 0xEA, 0x0F, 0x0D, 0xFF, 0xEA, 0x0F, 0x0D, 0xFF, 0xEA, 0x0F, 0x0D, 0xFF,
		0xEA, 0x0F, 0x0D, 0xFF, 0xEA, 0x0F, 0x0D, 0xFF, 0xEA, 0x0F, 0x0D, 0xFF, 0xEA, 0x0F, 0x0D, 0xFF,
		0xEA, 0x0F, 0x0D, 0xFF, 0xEA, 0x0F, 0x0D, 0xFF, 0xEA, 0x0F, 0x0D, 0xFF, 0xEA, 0x0F, 0x0D, 0xFF,
		0xEA, 0x0F, 0x0D, 0xFF, 0xEA, 0x0F, 0x0D, 0xFF, 0xEA, 0x0F, 0x0D, 0xFF, 0xEA, 0x0F, 0x0D, 0xFF,
		0xEA, 0x0F, 0x0D, 0xFF, 0xEA, 0x0F, 0x0D, 0xFF, 0xEA, 0x0F, 0x0D, 0xFF, 0xEA, 0x0F, 0x0D, 0xFF,
		0xEA, 0x0F, 0x0D, 0xFF, 0xEA, 0x0F, 0x0D, 0xFF, 0xEA, 0x0F, 0x0D, 0xFF, 0xEA, 0x0F, 0x0D, 0xFF,
		0xEA, 0x0F, 0x0D, 0xFF, 0xEA, 0x0F, 0x0D, 0xFF, 0xEA, 0x0F, 0x0D, 0xFF, 0xEA, 0x0F, 0x0D, 0xFF,
		0xEA, 0x0F, 0x0D, 0xFF, 0xEA, 0x0F, 0x0D, 0xFF, 0xEA, 0x0F, 0x0D, 0xFF, 0xEA, 0x0F, 0x0D, 0xFF,
		0xEA, 0x0F, 0x0D, 0xFF, 0xEA, 0x0F, 0x0D, 0xFF, 0xEA, 0x0F, 0x0D, 0xFF, 0xEA, 0x0F, 0x0D, 0xFF,
		0xEA, 0x0F, 0x0D, 0xFF, 0xEA, 0x0F, 0x0D, 0xFF, 0xEA, 0x0F, 0x0D, 0xFF, 0xEA, 0x0F, 0x0D, 0xFF,
		0xEA, 0x0F, 0x0D, 0xFF, 0xEA, 0x0F, 0x0D, 0xFF, 0xEA, 0x0F, 0x0D, 0xFF, 0xEA, 0x0F, 0x0D, 0xFF,
		0xEA, 0x0F, 0x0D, 0xFF, 0xEA, 0x0F, 0x0D, 0xFF, 0xEA, 0x0F, 0x0D, 0xFF, 0xEA, 0x0F, 0x0D, 0xFF,
		0xEA, 0x0F, 0x0D, 0xFF, 0xEA, 0x0F, 0x0D, 0xFF, 0xEA, 0x0F, 0x0D, 0xFF, 0xEA, 0x0F, 0x0D, 0xFF,
		0xEA, 0x0F, 0x0D, 0xFF, 0xEA, 0x0F, 0x0D, 0xFF, 0xEA, 0x0F, 0x0D, 0xFF, 0xEA, 0x0F, 0x0D, 0xFF,
		0xEA, 0x0F, 0x0D, 0xFF, 0xEA, 0x0F, 0x0D, 0xFF, 0xEA, 0x0F, 0x0D, 0xFF, 0xEA, 0x0F, 0x0D, 0xFF,
		0xEA, 0x0F, 0x0D, 0xFF, 0xEA, 0x0F, 0x0D, 0xFF, 0xEA, 0x0F, 0x0D, 0xFF, 0xEA, 0x0F, 0x0D, 0xFF,
		0xEA, 0x0F, 0x0D, 0xFF, 0xEA, 0x0F, 0x0D, 0xFF, 0xEA, 0x0F, 0x0D, 0xFF, 0xEA, 0x0F, 0x0D, 0xFF,
		0xEA, 0x0F, 0x0D, 0xFF, 0xEA, 0x0F, 0x0D, 0xFF, 0xEA, 0x0F, 0x0D, 0xFF, 0xEA, 0x0F, 0x0D, 0xFF,
		0xEA, 0x0F, 0x0D, 0xFF, 0xEA, 0x0F, 0x0D, 0xFF, 0xEA, 0x0F, 0x0D, 0xFF, 0xEA, 0x0F, 0x0D, 0xFF,
		0xEA, 0x0F, 0x0D, 0xFF, 0xEA, 0x0F, 0x0D, 0xFF, 0xEA, 0x0F, 0x0D, 0xFF, 0xEA, 0x0F, 0x0D, 0xFF,
		0xEA, 0x0F, 0x0D, 0xFF, 0xEA, 0x0F, 0x0D, 0xFF, 0xEA, 0x0F, 0x0D, 0xFF, 0xEA, 0x0F, 0x0D, 0xFF,
		0xEA, 0x0F, 0x0D, 0xFF, 0xEA, 0x0F, 0x0D, 0xFF, 0xEA, 0x0F, 0x0D, 0xFF, 0xEA, 0x0F, 0x0D, 0xFF,
		0xEA, 0x0F, 0x0D, 0xFF, 0xEA, 0x0F, 0x0D, 0xFF, 0xEA, 0x0F, 0x0D, 0xFF, 0xEA, 0x0F, 0x0D, 0xFF,
		0xEA, 0x0F, 0x0D, 0xFF, 0xEA, 0x0F, 0x0D, 0xFF, 0xEA, 0x0F, 0x0D, 0xFF, 0xEA, 0x0F, 0x0D, 0xFF,
		0xEA, 0x0F, 0x0D, 0xFF, 0xEA, 0x0F, 0x0D, 0xFF, 0xEA, 0x0F, 0x0D, 0xFF, 0xEA, 0x0F, 0x0D, 0xFF,
		0xEA, 0x0F, 0x0D, 0xFF, 0xEA, 0x0F, 0x0D, 0xFF, 0xEA, 0x0F, 0x0D, 0xFF, 0xEA, 0x0F, 0x0D, 0xFF,
		0xEA, 0x0F, 0x0D, 0xFF, 0xEA, 0x0F, 0x0D, 0xFF, 0xEA, 0x0F, 0x0D, 0xFF, 0xEA, 0x0F, 0x0D, 0xFF,
		0xEA, 0x0F, 0x0D, 0xFF, 0xEA, 0x0F, 0x0D, 0xFF, 0xEA, 0x0F, 0x0D, 0xFF, 0xEA, 0x0F, 0x0D, 0xFF,
		0xEA, 0x0F, 0x0D, 0xFF, 0xEA, 0x0F, 0x0D, 0xFF, 0xEA, 0x0F, 0x0D, 0xFF, 0xEA, 0x0F, 0x0D, 0xFF,
		0xEA, 0x0F, 0x0D, 0xFF, 0xEA, 0x0F, 0x0D, 0xFF, 0xEA, 0x0F, 0x0D, 0xFF, 0xEA, 0x0F, 0x0D, 0xFF,
		0xEA, 0x0F, 0x0D, 0xFF, 0xEA, 0x0F, 0x0D, 0xFF, 0xEA, 0x0F, 0x0D, 0xFF, 0xEA, 0x0F, 0x0D, 0xFF,
		0xEA, 0x0F, 0x0D, 0xFF, 0xEA, 0x0F, 0x0D, 0xFF, 0xEA, 0x0F, 0x0D, 0xFF, 0xEA, 0x0F, 0x0D, 0xFF,
		0xEA, 0x0F, 0x0D, 0xFF, 0xEA, 0x0F, 0x0D, 0xFF, 0xEA, 0x0F, 0x0D, 0xFF, 0xEA, 0x0F, 0x0D, 0xFF,
		0xEA, 0x0F, 0x0D, 0xFF, 0xEA, 0x0F, 0x0D, 0xFF, 0xEA, 0x0F, 0x0D, 0xFF, 0xEA, 0x0F, 0x0D, 0xFF,
		0xEA, 0x0F, 0x0D, 0xFF, 0xEA, 0x0F, 0x0D, 0xFF, 0xEA, 0x0F, 0x0D, 0xFF, 0xEA, 0x0F, 0x0D, 0xFF,
		0xEA, 0x0F, 0x0D, 0xFF, 0xEA, 0x0F, 0x0D, 0xFF, 0xEA, 0x0F, 0x0D, 0xFF, 0xEA, 0x0F, 0x0D, 0xFF,
		0xEA, 0x0F, 0x0D, 0xFF, 0xEA, 0x0F, 0x0D, 0xFF, 0xEA, 0x0F, 0x0D, 0xFF, 0xEA, 0x0F, 0x0D, 0xFF,
		0xEA, 0x0F, 0x0D, 0xFF, 0xEA, 0x0F, 0x0D, 0xFF, 0xEA, 0x0F, 0x0D, 0xFF, 0xEA, 0x0F, 0x0D, 0xFF,
		0xEA, 0x0F, 0x0D, 0xFF, 0xEA, 0x0F, 0x0D, 0xFF, 0xEA, 0x0F, 0x0D, 0xFF, 0xEA, 0x0F, 0x0D, 0xFF,
		0xEA, 0x0F, 0x0D, 0xFF, 0xEA, 0x0F, 0x0D, 0xFF, 0xEA, 0x0F, 0x0D, 0xFF, 0xEA, 0x0F, 0x0D, 0xFF,
		0xEA, 0x0F, 0x0D, 0xFF, 0xEA, 0x0F, 0x0D, 0xFF, 0xEA, 0x0F, 0x0D, 0xFF, 0xEA, 0x0F, 0x0D, 0xFF,
		0xEA, 0x0F, 0x0D, 0xFF, 0xEA, 0x0F, 0x0D, 0xFF, 0xEA, 0x0F, 0x0D, 0xFF, 0xEA, 0x0F, 0x0D, 0xFF,
		0xEA, 0x0F, 0x0D, 0xFF, 0xEA, 0x0F, 0x0D, 0xFF, 0xEA, 0x0F, 0x0D, 0xFF, 0xEA, 0x0F, 0x0D, 0xFF,
		0xEA, 0x0F, 0x0D, 0xFF, 0xEA, 0x0F, 0x0D, 0xFF, 0xEA, 0x0F, 0x0D, 0xFF, 0xEA, 0x0F, 0x0D, 0xFF,
		0xEA, 0x0F, 0x0D, 0xFF, 0xEA, 0x0F, 0x0D, 0xFF, 0xEA, 0x0F, 0x0D, 0xFF, 0xEA, 0x0F, 0x0D, 0xFF,
		0xEA, 0x0F, 0x0D, 0xFF, 0xEA, 0x0F, 0x0D, 0xFF, 0xEA, 0x0F, 0x0D, 0xFF, 0xEA, 0x0F, 0x0D, 0xFF,
		0xEA, 0x0F, 0x0D, 0xFF, 0xEA, 0x0F, 0x0D, 0xFF, 0xEA, 0x0F, 0x0D, 0xFF, 0xEA, 0x0F, 0x0D, 0xFF,
		0xEA, 0x0F, 0x0D, 0xFF, 0xEA, 0x0F, 0x0D, 0xFF, 0xEA, 0x0F, 0x0D, 0xFF, 0xEA, 0x0F, 0x0D, 0xFF,
		0xE4, 0xE4, 0xE4, 0xFF, 0xDD, 0xDD, 0xDD, 0xFF, 0xD4, 0xD7, 0xD4, 0xFF, 0xCD, 0xD0, 0xCD, 0xFF,
		0xC6, 0xC9, 0xC6, 0xFF, 0xBF, 0xC2, 0xBF, 0xFF, 0xB8, 0xBB, 0xB8, 0xFF, 0xB0, 0xB3, 0xB0, 0xFF,
		0xA9, 0xAC, 0xA9, 0xFF, 0xA3, 0xA6, 0xA3, 0xFF, 0x9C, 0x9F, 0x9C, 0xFF, 0x94, 0x97, 0x94, 0xFF,
		0x8E, 0x91, 0x8E, 0xFF, 0x87, 0x8A, 0x87, 0xFF, 0x80, 0x83, 0x80, 0xFF, 0x78, 0x7B, 0x78, 0xFF,
		0x71, 0x74, 0x71, 0xFF, 0x6A, 0x6D, 0x6A, 0xFF, 0x63, 0x66, 0x62, 0xFF, 0x5C, 0x5F, 0x5B, 0xFF,
		0x55, 0x58, 0x54, 0xFF, 0x4F, 0x52, 0x4E, 0xFF, 0x48, 0x4B, 0x47, 0xFF, 0x40, 0x43, 0x3F, 0xFF,
		0x39, 0x3C, 0x38, 0xFF, 0x32, 0x35, 0x31, 0xFF, 0x29, 0x2F, 0x2A, 0xFF, 0x22, 0x28, 0x23, 0xFF,
		0x1B, 0x21, 0x1C, 0xFF, 0x14, 0x1A, 0x15, 0xFF, 0x10, 0x13, 0x10, 0xFF, 0xE8, 0xEB, 0xE8, 0xFF,
		0xE4, 0xE4, 0xE4, 0xFF, 0xDD, 0xDD, 0xDD, 0xFF, 0xD4, 0xD7, 0xD4, 0xFF, 0xCD, 0xD0, 0xCD, 0xFF,
		0xC6, 0xC9, 0xC6, 0xFF, 0xBF, 0xC2, 0xBF, 0xFF, 0xB8, 0xBB, 0xB8, 0xFF, 0xB0, 0xB3, 0xB0, 0xFF,
		0xA9, 0xAC, 0xA9, 0xFF, 0xA3, 0xA6, 0xA3, 0xFF, 0x9C, 0x9F, 0x9C, 0xFF, 0x94, 0x97, 0x94, 0xFF,
		0x8E, 0x91, 0x8E, 0xFF, 0x87, 0x8A, 0x87, 0xFF, 0x80, 0x83, 0x80, 0xFF, 0x78, 0x7B, 0x78, 0xFF,
		0x71, 0x74, 0x71, 0xFF, 0x6A, 0x6D, 0x6A, 0xFF, 0x63, 0x66, 0x62, 0xFF, 0x5C, 0x5F, 0x5B, 0xFF,
		0x55, 0x58, 0x54, 0xFF, 0x4F, 0x52, 0x4E, 0xFF, 0x48, 0x4B, 0x47, 0xFF, 0x40, 0x43, 0x3F, 0xFF,
		0x39, 0x3C, 0x38, 0xFF, 0x32, 0x35, 0x31, 0xFF, 0x29, 0x2F, 0x2A, 0xFF, 0x22, 0x28, 0x23, 0xFF,
		0x1B, 0x21, 0x1C, 0xFF, 0x14, 0x1A, 0x15, 0xFF, 0x10, 0x13, 0x10, 0xFF, 0xE8, 0xEB, 0xE8, 0xFF,
		0xE4, 0xE4, 0xE4, 0xFF, 0xDD, 0xDD, 0xDD, 0xFF, 0xD4, 0xD7, 0xD4, 0xFF, 0xCD, 0xD0, 0xCD, 0xFF,
		0xC6, 0xC9, 0xC6, 0xFF, 0xBF, 0xC2, 0xBF, 0xFF, 0xB8, 0xBB, 0xB8, 0xFF, 0xB0, 0xB3, 0xB0, 0xFF,
		0xA9, 0xAC, 0xA9, 0xFF, 0xA3, 0xA6, 0xA3, 0xFF, 0x9C, 0x9F, 0x9C, 0xFF, 0x94, 0x97, 0x94, 0xFF,
		0x8E, 0x91, 0x8E, 0xFF, 0x87, 0x8A, 0x87, 0xFF, 0x80, 0x83, 0x80, 0xFF, 0x78, 0x7B, 0x78, 0xFF,
		0x71, 0x74, 0x71, 0xFF, 0x6A, 0x6D, 0x6A, 0xFF, 0x63, 0x66, 0x62, 0xFF, 0x5C, 0x5F, 0x5B, 0xFF,
		0x55, 0x58, 0x54, 0xFF, 0x4F, 0x52, 0x4E, 0xFF, 0x48, 0x4B, 0x47, 0xFF, 0x40, 0x43, 0x3F, 0xFF,
		0x39, 0x3C, 0x38, 0xFF, 0x32, 0x35, 0x31, 0xFF, 0x29, 0x2F, 0x2A, 0xFF, 0x22, 0x28, 0x23, 0xFF,
		0x1B, 0x21, 0x1C, 0xFF, 0x14, 0x1A, 0x15, 0xFF, 0x10, 0x13, 0x10, 0xFF, 0xE8, 0xEB, 0xE8, 0xFF,
		0xE4, 0xE4, 0xE4, 0xFF, 0xDD, 0xDD, 0xDD, 0xFF, 0xD4, 0xD7, 0xD4, 0xFF, 0xCD, 0xD0, 0xCD, 0xFF,
		0xC6, 0xC9, 0xC6, 0xFF, 0xBF, 0xC2, 0xBF, 0xFF, 0xB8, 0xBB, 0xB8, 0xFF, 0xB0, 0xB3, 0xB0, 0xFF,
		0xA9, 0xAC, 0xA9, 0xFF, 0xA3, 0xA6, 0xA3, 0xFF, 0x9C, 0x9F, 0x9C, 0xFF, 0x94, 0x97, 0x94, 0xFF,
		0x8E, 0x91, 0x8E, 0xFF, 0x87, 0x8A, 0x87, 0xFF, 0x80, 0x83, 0x80, 0xFF, 0x78, 0x7B, 0x78, 0xFF,
		0x71, 0x74, 0x71, 0xFF, 0x6A, 0x6D, 0x6A, 0xFF, 0x63, 0x66, 0x62, 0xFF, 0x5C, 0x5F, 0x5B, 0xFF,
		0x55, 0x58, 0x54, 0xFF, 0x4F, 0x52, 0x4E, 0xFF, 0x48, 0x4B, 0x47, 0xFF, 0x40, 0x43, 0x3F, 0xFF,
		0x39, 0x3C, 0x38, 0xFF, 0x32, 0x35, 0x31, 0xFF, 0x29, 0x2F, 0x2A, 0xFF, 0x22, 0x28, 0x23, 0xFF,
		0x1B, 0x21, 0x1C, 0xFF, 0x14, 0x1A, 0x15, 0xFF, 0x10, 0x13, 0x10, 0xFF, 0xE8, 0xEB, 0xE8, 0xFF,
		0xE4, 0xE4, 0xE4, 0xFF, 0xDD, 0xDD, 0xDD, 0xFF, 0xD4, 0xD7, 0xD4, 0xFF, 0xCD, 0xD0, 0xCD, 0xFF,
		0xC6, 0xC9, 0xC6, 0xFF, 0xBF, 0xC2, 0xBF, 0xFF, 0xB8, 0xBB, 0xB8, 0xFF, 0xB0, 0xB3, 0xB0, 0xFF,
		0xA9, 0xAC, 0xA9, 0xFF, 0xA3, 0xA6, 0xA3, 0xFF, 0x9C, 0x9F, 0x9C, 0xFF, 0x94, 0x97, 0x94, 0xFF,
		0x8E, 0x91, 0x8E, 0xFF, 0x87, 0x8A, 0x87, 0xFF, 0x80, 0x83, 0x80, 0xFF, 0x78, 0x7B, 0x78, 0xFF,
		0x71, 0x74, 0x71, 0xFF, 0x6A, 0x6D, 0x6A, 0xFF, 0x63, 0x66, 0x62, 0xFF, 0x5C, 0x5F, 0x5B, 0xFF,
		0x55, 0x58, 0x54, 0xFF, 0x4F, 0x52, 0x4E, 0xFF, 0x48, 0x4B, 0x47, 0xFF, 0x40, 0x43, 0x3F, 0xFF,
		0x39, 0x3C, 0x38, 0xFF, 0x32, 0x35, 0x31, 0xFF, 0x29, 0x2F, 0x2A, 0xFF, 0x22, 0x28, 0x23, 0xFF,
		0x1B, 0x21, 0x1C, 0xFF, 0x14, 0x1A, 0x15, 0xFF, 0x10, 0x13, 0x10, 0xFF, 0xE8, 0xEB, 0xE8, 0xFF,
		0xE4, 0xE4, 0xE4, 0xFF, 0xDD, 0xDD, 0xDD, 0xFF, 0xD4, 0xD7, 0xD4, 0xFF, 0xCD, 0xD0, 0xCD, 0xFF,
		0xC6, 0xC9, 0xC6, 0xFF, 0xBF, 0xC2, 0xBF, 0xFF, 0xB8, 0xBB, 0xB8, 0xFF, 0xB0, 0xB3, 0xB0, 0xFF,
		0xA9, 0xAC, 0xA9, 0xFF, 0xA3, 0xA6, 0xA3, 0xFF, 0x9C, 0x9F, 0x9C, 0xFF, 0x94, 0x97, 0x94, 0xFF,
		0x8E, 0x91, 0x8E, 0xFF, 0x87, 0x8A, 0x87, 0xFF, 0x80, 0x83, 0x80, 0xFF, 0x78, 0x7B, 0x78, 0xFF,
		0x71, 0x74, 0x71, 0xFF, 0x6A, 0x6D, 0x6A, 0xFF, 0x63, 0x66, 0x62, 0xFF, 0x5C, 0x5F, 0x5B, 0xFF,
		0x55, 0x58, 0x54, 0xFF, 0x4F, 0x52, 0x4E, 0xFF, 0x48, 0x4B, 0x47, 0xFF, 0x40, 0x43, 0x3F, 0xFF,
		0x39, 0x3C, 0x38, 0xFF, 0x32, 0x35, 0x31, 0xFF, 0x29, 0x2F, 0x2A, 0xFF, 0x22, 0x28, 0x23, 0xFF,
		0x1B, 0x21, 0x1C, 0xFF, 0x14, 0x1A, 0x15, 0xFF, 0x10, 0x13, 0x10, 0xFF, 0xE8, 0xEB, 0xE8, 0xFF,
		0xE4, 0xE4, 0xE4, 0xFF, 0xDD, 0xDD, 0xDD, 0xFF, 0xD4, 0xD7, 0xD4, 0xFF, 0xCD, 0xD0, 0xCD, 0xFF,
		0xC6, 0xC9, 0xC6, 0xFF, 0xBF, 0xC2, 0xBF, 0xFF, 0xB8, 0xBB, 0xB8, 0xFF, 0xB0, 0xB3, 0xB0, 0xFF,
		0xA9, 0xAC, 0xA9, 0xFF, 0xA3, 0xA6, 0xA3, 0xFF, 0x9C, 0x9F, 0x9C, 0xFF, 0x94, 0x97, 0x94, 0xFF,
		0x8E, 0x91, 0x8E, 0xFF, 0x87, 0x8A, 0x87, 0xFF, 0x80, 0x83, 0x80, 0xFF, 0x78, 0x7B, 0x78, 0xFF,
		0x71, 0x74, 0x71, 0xFF, 0x6A, 0x6D, 0x6A, 0xFF, 0x63, 0x66, 0x62, 0xFF, 0x5C, 0x5F, 0x5B, 0xFF,
		0x55, 0x58, 0x54, 0xFF, 0x4F, 0x52, 0x4E, 0xFF, 0x48, 0x4B, 0x47, 0xFF, 0x40, 0x43, 0x3F, 0xFF,
		0x39, 0x3C, 0x38, 0xFF, 0x32, 0x35, 0x31, 0xFF, 0x29, 0x2F, 0x2A, 0xFF, 0x22, 0x28, 0x23, 0xFF,
		0x1B, 0x21, 0x1C, 0xFF, 0x14, 0x1A, 0x15, 0xFF, 0x10, 0x13, 0x10, 0xFF, 0xE8, 0xEB, 0xE8, 0xFF,
		0xE4, 0xE4, 0xE4, 0xFF, 0xDD, 0xDD, 0xDD, 0xFF, 0xD4, 0xD7, 0xD4, 0xFF, 0xCD, 0xD0, 0xCD, 0xFF,
		0xC6, 0xC9, 0xC6, 0xFF, 0xBF, 0xC2, 0xBF, 0xFF, 0xB8, 0xBB, 0xB8, 0xFF, 0xB0, 0xB3, 0xB0, 0xFF,
		0xA9, 0xAC, 0xA9, 0xFF, 0xA3, 0xA6, 0xA3, 0xFF, 0x9C, 0x9F, 0x9C, 0xFF, 0x94, 0x97, 0x94, 0xFF,
		0x8E, 0x91, 0x8E, 0xFF, 0x87, 0x8A, 0x87, 0xFF, 0x80, 0x83, 0x80, 0xFF, 0x78, 0x7B, 0x78, 0xFF,
		0x71, 0x74, 0x71, 0xFF, 0x6A, 0x6D, 0x6A, 0xFF, 0x63, 0x66, 0x62, 0xFF, 0x5C, 0x5F, 0x5B, 0xFF,
		0x55, 0x58, 0x54, 0xFF, 0x4F, 0x52, 0x4E, 0xFF, 0x48, 0x4B, 0x47, 0xFF, 0x40, 0x43, 0x3F, 0xFF,
		0x39, 0x3C, 0x38, 0xFF, 0x32, 0x35, 0x31, 0xFF, 0x29, 0x2F, 0x2A, 0xFF, 0x22, 0x28, 0x23, 0xFF,
		0x1B, 0x21, 0x1C, 0xFF, 0x14, 0x1A, 0x15, 0xFF, 0x10, 0x13, 0x10, 0xFF, 0xE8, 0xEB, 0xE8, 0xFF,
		0xE4, 0xE4, 0xE4, 0xFF, 0xDD, 0xDD, 0xDD, 0xFF, 0xD4, 0xD7, 0xD4, 0xFF, 0xCD, 0xD0, 0xCD, 0xFF,
		0xC6, 0xC9, 0xC6, 0xFF, 0xBF, 0xC2, 0xBF, 0xFF, 0xB8, 0xBB, 0xB8, 0xFF, 0xB0, 0xB3, 0xB0, 0xFF,
		0xA9, 0xAC, 0xA9, 0xFF, 0xA3, 0xA6, 0xA3, 0xFF, 0x9C, 0x9F, 0x9C, 0xFF, 0x94, 0x97, 0x94, 0xFF,
		0x8E, 0x91, 0x8E, 0xFF, 0x87, 0x8A, 0x87, 0xFF, 0x80, 0x83, 0x80, 0xFF, 0x78, 0x7B, 0x78, 0xFF,
		0x71, 0x74, 0x71, 0xFF, 0x6A, 0x6D, 0x6A, 0xFF, 0x63, 0x66, 0x62, 0xFF, 0x5C, 0x5F, 0x5B, 0xFF,
		0x55, 0x58, 0x54, 0xFF, 0x4F, 0x52, 0x4E, 0xFF, 0x48, 0x4B, 0x47, 0xFF, 0x40, 0x43, 0x3F, 0xFF,
		0x39, 0x3C, 0x38, 0xFF, 0x32, 0x35, 0x31, 0xFF, 0x29, 0x2F, 0x2A, 0xFF, 0x22, 0x28, 0x23, 0xFF,
		0x1B, 0x21, 0x1C, 0xFF, 0x14, 0x1A, 0x15, 0xFF, 0x10, 0x13, 0x10, 0xFF, 0xE8, 0xEB, 0xE8, 0xFF,
		0xE4, 0xE4, 0xE4, 0xFF, 0xDD, 0xDD, 0xDD, 0xFF, 0xD4, 0xD7, 0xD4, 0xFF, 0xCD, 0xD0, 0xCD, 0xFF,
		0xC6, 0xC9, 0xC6, 0xFF, 0xBF, 0xC2, 0xBF, 0xFF, 0xB8, 0xBB, 0xB8, 0xFF, 0xB0, 0xB3, 0xB0, 0xFF,
		0xA9, 0xAC, 0xA9, 0xFF, 0xA3, 0xA6, 0xA3, 0xFF, 0x9C, 0x9F, 0x9C, 0xFF, 0x94, 0x97, 0x94, 0xFF,
		0x8E, 0x91, 0x8E, 0xFF, 0x87, 0x8A, 0x87, 0xFF, 0x80, 0x83, 0x80, 0xFF, 0x78, 0x7B, 0x78, 0xFF,
		0x71, 0x74, 0x71, 0xFF, 0x6A, 0x6D, 0x6A, 0xFF, 0x63, 0x66, 0x62, 0xFF, 0x5C, 0x5F, 0x5B, 0xFF,
		0x55, 0x58, 0x54, 0xFF, 0x4F, 0x52, 0x4E, 0xFF, 0x48, 0x4B, 0x47, 0xFF, 0x40, 0x43, 0x3F, 0xFF,
		0x39, 0x3C, 0x38, 0xFF, 0x32, 0x35, 0x31, 0xFF, 0x29, 0x2F, 0x2A, 0xFF, 0x22, 0x28, 0x23, 0xFF,
		0x1B, 0x21, 0x1C, 0xFF, 0x14, 0x1A, 0x15, 0xFF, 0x10, 0x13, 0x10, 0xFF, 0xE8, 0xEB, 0xE8, 0xFF,
		0xE4, 0xE4, 0xE4, 0xFF, 0xDD, 0xDD, 0xDD, 0xFF, 0xD4, 0xD7, 0xD4, 0xFF, 0xCD, 0xD0, 0xCD, 0xFF,
		0xC6, 0xC9, 0xC6, 0xFF, 0xBF, 0xC2, 0xBF, 0xFF, 0xB8, 0xBB, 0xB8, 0xFF, 0xB0, 0xB3, 0xB0, 0xFF,
		0xA9, 0xAC, 0xA9, 0xFF, 0xA3, 0xA6, 0xA3, 0xFF, 0x9C, 0x9F, 0x9C, 0xFF, 0x94, 0x97, 0x94, 0xFF,
		0x8E, 0x91, 0x8E, 0xFF, 0x87, 0x8A, 0x87, 0xFF, 0x80, 0x83, 0x80, 0xFF, 0x78, 0x7B, 0x78, 0xFF,
		0x71, 0x74, 0x71, 0xFF, 0x6A, 0x6D, 0x6A, 0xFF, 0x63, 0x66, 0x62, 0xFF, 0x5C, 0x5F, 0x5B, 0xFF,
		0x55, 0x58, 0x54, 0xFF, 0x4F, 0x52, 0x4E, 0xFF, 0x48, 0x4B, 0x47, 0xFF, 0x40, 0x43, 0x3F, 0xFF,
		0x39, 0x3C, 0x38, 0xFF, 0x32, 0x35, 0x31, 0xFF, 0x29, 0x2F, 0x2A, 0xFF, 0x22, 0x28, 0x23, 0xFF,
		0x1B, 0x21, 0x1C, 0xFF, 0x14, 0x1A, 0x15, 0xFF, 0x10, 0x13, 0x10, 0xFF, 0xE8, 0xEB, 0xE8, 0xFF,
		0xE4, 0xE4, 0xE4, 0xFF, 0xDD, 0xDD, 0xDD, 0xFF, 0xD4, 0xD7, 0xD4, 0xFF, 0xCD, 0xD0, 0xCD, 0xFF,
		0xC6, 0xC9, 0xC6, 0xFF, 0xBF, 0xC2, 0xBF, 0xFF, 0xB8, 0xBB, 0xB8, 0xFF, 0xB0, 0xB3, 0xB0, 0xFF,
		0xA9, 0xAC, 0xA9, 0xFF, 0xA3, 0xA6, 0xA3, 0xFF, 0x9C, 0x9F, 0x9C, 0xFF, 0x94, 0x97, 0x94, 0xFF,
		0x8E, 0x91, 0x8E, 0xFF, 0x87, 0x8A, 0x87, 0xFF, 0x80, 0x83, 0x80, 0xFF, 0x78, 0x7B, 0x78, 0xFF,
		0x71, 0x74, 0x71, 0xFF, 0x6A, 0x6D, 0x6A, 0xFF, 0x63, 0x66, 0x62, 0xFF, 0x5C, 0x5F, 0x5B, 0xFF,
		0x55, 0x58, 0x54, 0xFF, 0x4F, 0x52, 0x4E, 0xFF, 0x48, 0x4B, 0x47, 0xFF, 0x40, 0x43, 0x3F, 0xFF,
		0x39, 0x3C, 0x38, 0xFF, 0x32, 0x35, 0x31, 0xFF, 0x29, 0x2F, 0x2A, 0xFF, 0x22, 0x28, 0x23, 0xFF,
		0x1B, 0x21, 0x1C, 0xFF, 0x14, 0x1A, 0x15, 0xFF, 0x10, 0x13, 0x10, 0xFF, 0xE8, 0xEB, 0xE8, 0xFF,
		0xE4, 0xE4, 0xE4, 0xFF, 0xDD, 0xDD, 0xDD, 0xFF, 0xD4, 0xD7, 0xD4, 0xFF, 0xCD, 0xD0, 0xCD, 0xFF,
		0xC6, 0xC9, 0xC6, 0xFF, 0xBF, 0xC2, 0xBF, 0xFF, 0xB8, 0xBB, 0xB8, 0xFF, 0xB0, 0xB3, 0xB0, 0xFF,
		0xA9, 0xAC, 0xA9, 0xFF, 0xA3, 0xA6, 0xA3, 0xFF, 0x9C, 0x9F, 0x9C, 0xFF, 0x94, 0x97, 0x94, 0xFF,
		0x8E, 0x91, 0x8E, 0xFF, 0x87, 0x8A, 0x87, 0xFF, 0x80, 0x83, 0x80, 0xFF, 0x78, 0x7B, 0x78, 0xFF,
		0x71, 0x74, 0x71, 0xFF, 0x6A, 0x6D, 0x6A, 0xFF, 0x63, 0x66, 0x62, 0xFF, 0x5C, 0x5F, 0x5B, 0xFF,
		0x55, 0x58, 0x54, 0xFF, 0x4F, 0x52, 0x4E, 0xFF, 0x48, 0x4B, 0x47, 0xFF, 0x40, 0x43, 0x3F, 0xFF,
		0x39, 0x3C, 0x38, 0xFF, 0x32, 0x35, 0x31, 0xFF, 0x29, 0x2F, 0x2A, 0xFF, 0x22, 0x28, 0x23, 0xFF,
		0x1B, 0x21, 0x1C, 0xFF, 0x14, 0x1A, 0x15, 0xFF, 0x10, 0x13, 0x10, 0xFF, 0xE8, 0xEB, 0xE8, 0xFF,
		0xE4, 0xE4, 0xE4, 0xFF, 0xDD, 0xDD, 0xDD, 0xFF, 0xD4, 0xD7, 0xD4, 0xFF, 0xCD, 0xD0, 0xCD, 0xFF,
		0xC6, 0xC9, 0xC6, 0xFF, 0xBF, 0xC2, 0xBF, 0xFF, 0xB8, 0xBB, 0xB8, 0xFF, 0xB0, 0xB3, 0xB0, 0xFF,
		0xA9, 0xAC, 0xA9, 0xFF, 0xA3, 0xA6, 0xA3, 0xFF, 0x9C, 0x9F, 0x9C, 0xFF, 0x94, 0x97, 0x94, 0xFF,
		0x8E, 0x91, 0x8E, 0xFF, 0x87, 0x8A, 0x87, 0xFF, 0x80, 0x83, 0x80, 0xFF, 0x78, 0x7B, 0x78, 0xFF,
		0x71, 0x74, 0x71, 0xFF, 0x6A, 0x6D, 0x6A, 0xFF, 0x63, 0x66, 0x62, 0xFF, 0x5C, 0x5F, 0x5B, 0xFF,
		0x55, 0x58, 0x54, 0xFF, 0x4F, 0x52, 0x4E, 0xFF, 0x48, 0x4B, 0x47, 0xFF, 0x40, 0x43, 0x3F, 0xFF,
		0x39, 0x3C, 0x38, 0xFF, 0x32, 0x35, 0x31, 0xFF, 0x29, 0x2F, 0x2A, 0xFF, 0x22, 0x28, 0x23, 0xFF,
		0x1B, 0x21, 0x1C, 0xFF, 0x14, 0x1A, 0x15, 0xFF, 0x10, 0x13, 0x10, 0xFF, 0xE8, 0xEB, 0xE8, 0xFF,
		0xE4, 0xE4, 0xE4, 0xFF, 0xDD, 0xDD, 0xDD, 0xFF, 0xD4, 0xD7, 0xD4, 0xFF, 0xCD, 0xD0, 0xCD, 0xFF,
		0xC6, 0xC9, 0xC6, 0xFF, 0xBF, 0xC2, 0xBF, 0xFF, 0xB8, 0xBB, 0xB8, 0xFF, 0xB0, 0xB3, 0xB0, 0xFF,
		0xA9, 0xAC, 0xA9, 0xFF, 0xA3, 0xA6, 0xA3, 0xFF, 0x9C, 0x9F, 0x9C, 0xFF, 0x94, 0x97, 0x94, 0xFF,
		0x8E, 0x91, 0x8E, 0xFF, 0x87, 0x8A, 0x87, 0xFF, 0x80, 0x83, 0x80, 0xFF, 0x78, 0x7B, 0x78, 0xFF,
		0x71, 0x74, 0x71, 0xFF, 0x6A, 0x6D, 0x6A, 0xFF, 0x63, 0x66, 0x62, 0xFF, 0x5C, 0x5F, 0x5B, 0xFF,
		0x55, 0x58, 0x54, 0xFF, 0x4F, 0x52, 0x4E, 0xFF, 0x48, 0x4B, 0x47, 0xFF, 0x40, 0x43, 0x3F, 0xFF,
		0x39, 0x3C, 0x38, 0xFF, 0x32, 0x35, 0x31, 0xFF, 0x29, 0x2F, 0x2A, 0xFF, 0x22, 0x28, 0x23, 0xFF,
		0x1B, 0x21, 0x1C, 0xFF, 0x14, 0x1A, 0x15, 0xFF, 0x10, 0x13, 0x10, 0xFF, 0xE8, 0xEB, 0xE8, 0xFF,
		0xE4, 0xE4, 0xE4, 0xFF, 0xDD, 0xDD, 0xDD, 0xFF, 0xD4, 0xD7, 0xD4, 0xFF, 0xCD, 0xD0, 0xCD, 0xFF,
		0xC6, 0xC9, 0xC6, 0xFF, 0xBF, 0xC2, 0xBF, 0xFF, 0xB8, 0xBB, 0xB8, 0xFF, 0xB0, 0xB3, 0xB0, 0xFF,
		0xA9, 0xAC, 0xA9, 0xFF, 0xA3, 0xA6, 0xA3, 0xFF, 0x9C, 0x9F, 0x9C, 0xFF, 0x94, 0x97, 0x94, 0xFF,
		0x8E, 0x91, 0x8E, 0xFF, 0x87, 0x8A, 0x87, 0xFF, 0x80, 0x83, 0x80, 0xFF, 0x78, 0x7B, 0x78, 0xFF,
		0x71, 0x74, 0x71, 0xFF, 0x6A, 0x6D, 0x6A, 0xFF, 0x63, 0x66, 0x62, 0xFF, 0x5C, 0x5F, 0x5B, 0xFF,
		0x55, 0x58, 0x54, 0xFF, 0x4F, 0x52, 0x4E, 0xFF, 0x48, 0x4B, 0x47, 0xFF, 0x40, 0x43, 0x3F, 0xFF,
		0x39, 0x3C, 0x38, 0xFF, 0x32, 0x35, 0x31, 0xFF, 0x29, 0x2F, 0x2A, 0xFF, 0x22, 0x28, 0x23, 0xFF,
		0x1B, 0x21, 0x1C, 0xFF, 0x14, 0x1A, 0x15, 0xFF, 0x10, 0x13, 0x10, 0xFF, 0xE8, 0xEB, 0xE8, 0xFF,
		0xE4, 0xE4, 0xE4, 0xFF, 0xDD, 0xDD, 0xDD, 0xFF, 0xD4, 0xD7, 0xD4, 0xFF, 0xCD, 0xD0, 0xCD, 0xFF,
		0xC6, 0xC9, 0xC6, 0xFF, 0xBF, 0xC2, 0xBF, 0xFF, 0xB8, 0xBB, 0xB8, 0xFF, 0xB0, 0xB3, 0xB0, 0xFF,
		0xA9, 0xAC, 0xA9, 0xFF, 0xA3, 0xA6, 0xA3, 0xFF, 0x9C, 0x9F, 0x9C, 0xFF, 0x94, 0x97, 0x94, 0xFF,
		0x8E, 0x91, 0x8E, 0xFF, 0x87, 0x8A, 0x87, 0xFF, 0x80, 0x83, 0x80, 0xFF, 0x78, 0x7B, 0x78, 0xFF,
		0x71, 0x74, 0x71, 0xFF, 0x6A, 0x6D, 0x6A, 0xFF, 0x63, 0x66, 0x62, 0xFF, 0x5C, 0x5F, 0x5B, 0xFF,
		0x55, 0x58, 0x54, 0xFF, 0x4F, 0x52, 0x4E, 0xFF, 0x48, 0x4B, 0x47, 0xFF, 0x40, 0x43, 0x3F, 0xFF,
		0x39, 0x3C, 0x38, 0xFF, 0x32, 0x35, 0x31, 0xFF, 0x29, 0x2F, 0x2A, 0xFF, 0x22, 0x28, 0x23, 0xFF,
		0x1B, 0x21, 0x1C, 0xFF, 0x14, 0x1A, 0x15, 0xFF, 0x10, 0x13, 0x10, 0xFF, 0xE8, 0xEB, 0xE8, 0xFF,
		0xE4, 0xE4, 0xE4, 0xFF, 0xDD, 0xDD, 0xDD, 0xFF, 0xD4, 0xD7, 0xD4, 0xFF, 0xCD, 0xD0, 0xCD, 0xFF,
		0xC6, 0xC9, 0xC6, 0xFF, 0xBF, 0xC2, 0xBF, 0xFF, 0xB8, 0xBB, 0xB8, 0xFF, 0xB0, 0xB3, 0xB0, 0xFF,
		0xA9, 0xAC, 0xA9, 0xFF, 0xA3, 0xA6, 0xA3, 0xFF, 0x9C, 0x9F, 0x9C, 0xFF, 0x94, 0x97, 0x94, 0xFF,
		0x8E, 0x91, 0x8E, 0xFF, 0x87, 0x8A, 0x87, 0xFF, 0x80, 0x83, 0x80, 0xFF, 0x78, 0x7B, 0x78, 0xFF,
		0x71, 0x74, 0x71, 0xFF, 0x6A, 0x6D, 0x6A, 0xFF, 0x63, 0x66, 0x62, 0xFF, 0x5C, 0x5F, 0x5B, 0xFF,
		0x55, 0x58, 0x54, 0xFF, 0x4F, 0x52, 0x4E, 0xFF, 0x48, 0x4B, 0x47, 0xFF, 0x40, 0x43, 0x3F, 0xFF,
		0x39, 0x3C, 0x38, 0xFF, 0x32, 0x35, 0x31, 0xFF, 0x29, 0x2F, 0x2A, 0xFF, 0x22, 0x28, 0x23, 0xFF,
		0x1B, 0x21, 0x1C, 0xFF, 0x14, 0x1A, 0x15, 0xFF, 0x10, 0x13, 0x10, 0xFF, 0xE8, 0xEB, 0xE8, 0xFF,
		0xE4, 0xE4, 0xE4, 0xFF, 0xDD, 0xDD, 0xDD, 0xFF, 0xD4, 0xD7, 0xD4, 0xFF, 0xCD, 0xD0, 0xCD, 0xFF,
		0xC6, 0xC9, 0xC6, 0xFF, 0xBF, 0xC2, 0xBF, 0xFF, 0xB8, 0xBB, 0xB8, 0xFF, 0xB0, 0xB3, 0xB0, 0xFF,
		0xA9, 0xAC, 0xA9, 0xFF, 0xA3, 0xA6, 0xA3, 0xFF, 0x9C, 0x9F, 0x9C, 0xFF, 0x94, 0x97, 0x94, 0xFF,
		0x8E, 0x91, 0x8E, 0xFF, 0x87, 0x8A, 0x87, 0xFF, 0x80, 0x83, 0x80, 0xFF, 0x78, 0x7B, 0x78, 0xFF,
		0x71, 0x74, 0x71, 0xFF, 0x6A, 0x6D, 0x6A, 0xFF, 0x63, 0x66, 0x62, 0xFF, 0x5C, 0x5F, 0x5B, 0xFF,
		0x55, 0x58, 0x54, 0xFF, 0x4F, 0x52, 0x4E, 0xFF, 0x48, 0x4B, 0x47, 0xFF, 0x40, 0x43, 0x3F, 0xFF,
		0x39, 0x3C, 0x38, 0xFF, 0x32, 0x35, 0x31, 0xFF, 0x29, 0x2F, 0x2A, 0xFF, 0x22, 0x28, 0x23, 0xFF,
		0x1B, 0x21, 0x1C, 0xFF, 0x14, 0x1A, 0x15, 0xFF, 0x10, 0x13, 0x10, 0xFF, 0xE8, 0xEB, 0xE8, 0xFF,
		0xE4, 0xE4, 0xE4, 0xFF, 0xDD, 0xDD, 0xDD, 0xFF, 0xD4, 0xD7, 0xD4, 0xFF, 0xCD, 0xD0, 0xCD, 0xFF,
		0xC6, 0xC9, 0xC6, 0xFF, 0xBF, 0xC2, 0xBF, 0xFF, 0xB8, 0xBB, 0xB8, 0xFF, 0xB0, 0xB3, 0xB0, 0xFF,
		0xA9, 0xAC, 0xA9, 0xFF, 0xA3, 0xA6, 0xA3, 0xFF, 0x9C, 0x9F, 0x9C, 0xFF, 0x94, 0x97, 0x94, 0xFF,
		0x8E, 0x91, 0x8E, 0xFF, 0x87, 0x8A, 0x87, 0xFF, 0x80, 0x83, 0x80, 0xFF, 0x78, 0x7B, 0x78, 0xFF,
		0x71, 0x74, 0x71, 0xFF, 0x6A, 0x6D, 0x6A, 0xFF, 0x63, 0x66, 0x62, 0xFF, 0x5C, 0x5F, 0x5B, 0xFF,
		0x55, 0x58, 0x54, 0xFF, 0x4F, 0x52, 0x4E, 0xFF, 0x48, 0x4B, 0x47, 0xFF, 0x40, 0x43, 0x3F, 0xFF,
		0x39, 0x3C, 0x38, 0xFF, 0x32, 0x35, 0x31, 0xFF, 0x29, 0x2F, 0x2A, 0xFF, 0x22, 0x28, 0x23, 0xFF,
		0x1B, 0x21, 0x1C, 0xFF, 0x14, 0x1A, 0x15, 0xFF, 0x10, 0x13, 0x10, 0xFF, 0xE8, 0xEB, 0xE8, 0xFF,
		0x16, 0x16, 0x16, 0xFF, 0x1D, 0x1D, 0x1D, 0xFF, 0x24, 0x24, 0x24, 0xFF, 0x2B, 0x2B, 0x2B, 0xFF,
		0x32, 0x32, 0x32, 0xFF, 0x39, 0x39, 0x39, 0xFF, 0x40, 0x40, 0x40, 0xFF, 0x48, 0x48, 0x48, 0xFF,
		0x4F, 0x4F, 0x4F, 0xFF, 0x55, 0x55, 0x55, 0xFF, 0x5C, 0x5C, 0x5C, 0xFF, 0x63, 0x63, 0x63, 0xFF,
		0x6A, 0x6A, 0x6A, 0xFF, 0x71, 0x71, 0x71, 0xFF, 0x78, 0x78, 0x78, 0xFF, 0x80, 0x80, 0x80, 0xFF,
		0x87, 0x87, 0x87, 0xFF, 0x8E, 0x8E, 0x8E, 0xFF, 0x94, 0x94, 0x94, 0xFF, 0x9C, 0x9C, 0x9C, 0xFF,
		0xA3, 0xA0, 0xA3, 0xFF, 0xAA, 0xA7, 0xAA, 0xFF, 0xB1, 0xAE, 0xB1, 0xFF, 0xB9, 0xB6, 0xB9, 0xFF,
		0xC0, 0xBD, 0xC0, 0xFF, 0xC7, 0xC4, 0xC7, 0xFF, 0xCE, 0xCB, 0xCE, 0xFF, 0xD5, 0xD2, 0xD5, 0xFF,
		0xDC, 0xD9, 0xDC, 0xFF, 0xE3, 0xE0, 0xE3, 0xFF, 0xE8, 0xE8, 0xE8, 0xFF, 0x10, 0x10, 0x10, 0xFF,
		0x16, 0x16, 0x16, 0xFF, 0x1D, 0x1D, 0x1D, 0xFF, 0x24, 0x24, 0x24, 0xFF, 0x2B, 0x2B, 0x2B, 0xFF,
		0x32, 0x32, 0x32, 0xFF, 0x39, 0x39, 0x39, 0xFF, 0x40, 0x40, 0x40, 0xFF, 0x48, 0x48, 0x48, 0xFF,
		0x4F, 0x4F, 0x4F, 0xFF, 0x55, 0x55, 0x55, 0xFF, 0x5C, 0x5C, 0x5C, 0xFF, 0x63, 0x63, 0x63, 0xFF,
		0x6A, 0x6A, 0x6A, 0xFF, 0x71, 0x71, 0x71, 0xFF, 0x78, 0x78, 0x78, 0xFF, 0x80, 0x80, 0x80, 0xFF,
		0x87, 0x87, 0x87, 0xFF, 0x8E, 0x8E, 0x8E, 0xFF, 0x94, 0x94, 0x94, 0xFF, 0x9C, 0x9C, 0x9C, 0xFF,
		0xA3, 0xA0, 0xA3, 0xFF, 0xAA, 0xA7, 0xAA, 0xFF, 0xB1, 0xAE, 0xB1, 0xFF, 0xB9, 0xB6, 0xB9, 0xFF,
		0xC0, 0xBD, 0xC0, 0xFF, 0xC7, 0xC4, 0xC7, 0xFF, 0xCE, 0xCB, 0xCE, 0xFF, 0xD5, 0xD2, 0xD5, 0xFF,
		0xDC, 0xD9, 0xDC, 0xFF, 0xE3, 0xE0, 0xE3, 0xFF, 0xE8, 0xE8, 0xE8, 0xFF, 0x10, 0x10, 0x10, 0xFF,
		0x16, 0x16, 0x16, 0xFF, 0x1D, 0x1D, 0x1D, 0xFF, 0x24, 0x24, 0x24, 0xFF, 0x2B, 0x2B, 0x2B, 0xFF,
		0x32, 0x32, 0x32, 0xFF, 0x39, 0x39, 0x39, 0xFF, 0x40, 0x40, 0x40, 0xFF, 0x48, 0x48, 0x48, 0xFF,
		0x4F, 0x4F, 0x4F, 0xFF, 0x55, 0x55, 0x55, 0xFF, 0x5C, 0x5C, 0x5C, 0xFF, 0x63, 0x63, 0x63, 0xFF,
		0x6A, 0x6A, 0x6A, 0xFF, 0x71, 0x71, 0x71, 0xFF, 0x78, 0x78, 0x78, 0xFF, 0x80, 0x80, 0x80, 0xFF,
		0x87, 0x87, 0x87, 0xFF, 0x8E, 0x8E, 0x8E, 0xFF, 0x94, 0x94, 0x94, 0xFF, 0x9C, 0x9C, 0x9C, 0xFF,
		0xA3, 0xA0, 0xA3, 0xFF, 0xAA, 0xA7, 0xAA, 0xFF, 0xB1, 0xAE, 0xB1, 0xFF, 0xB9, 0xB6, 0xB9, 0xFF,
		0xC0, 0xBD, 0xC0, 0xFF, 0xC7, 0xC4, 0xC7, 0xFF, 0xCE, 0xCB, 0xCE, 0xFF, 0xD5, 0xD2, 0xD5, 0xFF,
		0xDC, 0xD9, 0xDC, 0xFF, 0xE3, 0xE0, 0xE3, 0xFF, 0xE8, 0xE8, 0xE8, 0xFF, 0x10, 0x10, 0x10, 0xFF,
		0x16, 0x16, 0x16, 0xFF, 0x1D, 0x1D, 0x1D, 0xFF, 0x24, 0x24, 0x24, 0xFF, 0x2B, 0x2B, 0x2B, 0xFF,
		0x32, 0x32, 0x32, 0xFF, 0x39, 0x39, 0x39, 0xFF, 0x40, 0x40, 0x40, 0xFF, 0x48, 0x48, 0x48, 0xFF,
		0x4F, 0x4F, 0x4F, 0xFF, 0x55, 0x55, 0x55, 0xFF, 0x5C, 0x5C, 0x5C, 0xFF, 0x63, 0x63, 0x63, 0xFF,
		0x6A, 0x6A, 0x6A, 0xFF, 0x71, 0x71, 0x71, 0xFF, 0x78, 0x78, 0x78, 0xFF, 0x80, 0x80, 0x80, 0xFF,
		0x87, 0x87, 0x87, 0xFF, 0x8E, 0x8E, 0x8E, 0xFF, 0x94, 0x94, 0x94, 0xFF, 0x9C, 0x9C, 0x9C, 0xFF,
		0xA3, 0xA0, 0xA3, 0xFF, 0xAA, 0xA7, 0xAA, 0xFF, 0xB1, 0xAE, 0xB1, 0xFF, 0xB9, 0xB6, 0xB9, 0xFF,
		0xC0, 0xBD, 0xC0, 0xFF, 0xC7, 0xC4, 0xC7, 0xFF, 0xCE, 0xCB, 0xCE, 0xFF, 0xD5, 0xD2, 0xD5, 0xFF,
		0xDC, 0xD9, 0xDC, 0xFF, 0xE3, 0xE0, 0xE3, 0xFF, 0xE8, 0xE8, 0xE8, 0xFF, 0x10, 0x10, 0x10, 0xFF,
		0x16, 0x16, 0x16, 0xFF, 0x1D, 0x1D, 0x1D, 0xFF, 0x24, 0x24, 0x24, 0xFF, 0x2B, 0x2B, 0x2B, 0xFF,
		0x32, 0x32, 0x32, 0xFF, 0x39, 0x39, 0x39, 0xFF, 0x40, 0x40, 0x40, 0xFF, 0x48, 0x48, 0x48, 0xFF,
		0x4F, 0x4F, 0x4F, 0xFF, 0x55, 0x55, 0x55, 0xFF, 0x5C, 0x5C, 0x5C, 0xFF, 0x63, 0x63, 0x63, 0xFF,
		0x6A, 0x6A, 0x6A, 0xFF, 0x71, 0x71, 0x71, 0xFF, 0x78, 0x78, 0x78, 0xFF, 0x80, 0x80, 0x80, 0xFF,
		0x87, 0x87, 0x87, 0xFF, 0x8E, 0x8E, 0x8E, 0xFF, 0x94, 0x94, 0x94, 0xFF, 0x9C, 0x9C, 0x9C, 0xFF,
		0xA3, 0xA0, 0xA3, 0xFF, 0xAA, 0xA7, 0xAA, 0xFF, 0xB1, 0xAE, 0xB1, 0xFF, 0xB9, 0xB6, 0xB9, 0xFF,
		0xC0, 0xBD, 0xC0, 0xFF, 0xC7, 0xC4, 0xC7, 0xFF, 0xCE, 0xCB, 0xCE, 0xFF, 0xD5, 0xD2, 0xD5, 0xFF,
		0xDC, 0xD9, 0xDC, 0xFF, 0xE3, 0xE0, 0xE3, 0xFF, 0xE8, 0xE8, 0xE8, 0xFF, 0x10, 0x10, 0x10, 0xFF,
		0x16, 0x16, 0x16, 0xFF, 0x1D, 0x1D, 0x1D, 0xFF, 0x24, 0x24, 0x24, 0xFF, 0x2B, 0x2B, 0x2B, 0xFF,
		0x32, 0x32, 0x32, 0xFF, 0x39, 0x39, 0x39, 0xFF, 0x40, 0x40, 0x40, 0xFF, 0x48, 0x48, 0x48, 0xFF,
		0x4F, 0x4F, 0x4F, 0xFF, 0x55, 0x55, 0x55, 0xFF, 0x5C, 0x5C, 0x5C, 0xFF, 0x63, 0x63, 0x63, 0xFF,
		0x6A, 0x6A, 0x6A, 0xFF, 0x71, 0x71, 0x71, 0xFF, 0x78, 0x78, 0x78, 0xFF, 0x80, 0x80, 0x80, 0xFF,
		0x87, 0x87, 0x87, 0xFF, 0x8E, 0x8E, 0x8E, 0xFF, 0x94, 0x94, 0x94, 0xFF, 0x9C, 0x9C, 0x9C, 0xFF,
		0xA3, 0xA0, 0xA3, 0xFF, 0xAA, 0xA7, 0xAA, 0xFF, 0xB1, 0xAE, 0xB1, 0xFF, 0xB9, 0xB6, 0xB9, 0xFF,
		0xC0, 0xBD, 0xC0, 0xFF, 0xC7, 0xC4, 0xC7, 0xFF, 0xCE, 0xCB, 0xCE, 0xFF, 0xD5, 0xD2, 0xD5, 0xFF,
		0xDC, 0xD9, 0xDC, 0xFF, 0xE3, 0xE0, 0xE3, 0xFF, 0xE8, 0xE8, 0xE8, 0xFF, 0x10, 0x10, 0x10, 0xFF,
		0x16, 0x16, 0x16, 0xFF, 0x1D, 0x1D, 0x1D, 0xFF, 0x24, 0x24, 0x24, 0xFF, 0x2B, 0x2B, 0x2B, 0xFF,
		0x32, 0x32, 0x32, 0xFF, 0x39, 0x39, 0x39, 0xFF, 0x40, 0x40, 0x40, 0xFF, 0x48, 0x48, 0x48, 0xFF,
		0x4F, 0x4F, 0x4F, 0xFF, 0x55, 0x55, 0x55, 0xFF, 0x5C, 0x5C, 0x5C, 0xFF, 0x63, 0x63, 0x63, 0xFF,
		0x6A, 0x6A, 0x6A, 0xFF, 0x71, 0x71, 0x71, 0xFF, 0x78, 0x78, 0x78, 0xFF, 0x80, 0x80, 0x80, 0xFF,
		0x87, 0x87, 0x87, 0xFF, 0x8E, 0x8E, 0x8E, 0xFF, 0x94, 0x94, 0x94, 0xFF, 0x9C, 0x9C, 0x9C, 0xFF,
		0xA3, 0xA0, 0xA3, 0xFF, 0xAA, 0xA7, 0xAA, 0xFF, 0xB1, 0xAE, 0xB1, 0xFF, 0xB9, 0xB6, 0xB9, 0xFF,
		0xC0, 0xBD, 0xC0, 0xFF, 0xC7, 0xC4, 0xC7, 0xFF, 0xCE, 0xCB, 0xCE, 0xFF, 0xD5, 0xD2, 0xD5, 0xFF,
		0xDC, 0xD9, 0xDC, 0xFF, 0xE3, 0xE0, 0xE3, 0xFF, 0xE8, 0xE8, 0xE8, 0xFF, 0x10, 0x10, 0x10, 0xFF,
		0x16, 0x16, 0x16, 0xFF, 0x1D, 0x1D, 0x1D, 0xFF, 0x24, 0x24, 0x24, 0xFF, 0x2B, 0x2B, 0x2B, 0xFF,
		0x32, 0x32, 0x32, 0xFF, 0x39, 0x39, 0x39, 0xFF, 0x40, 0x40, 0x40, 0xFF, 0x48, 0x48, 0x48, 0xFF,
		0x4F, 0x4F, 0x4F, 0xFF, 0x55, 0x55, 0x55, 0xFF, 0x5C, 0x5C, 0x5C, 0xFF, 0x63, 0x63, 0x63, 0xFF,
		0x6A, 0x6A, 0x6A, 0xFF, 0x71, 0x71, 0x71, 0xFF, 0x78, 0x78, 0x78, 0xFF, 0x80, 0x80, 0x80, 0xFF,
		0x87, 0x87, 0x87, 0xFF, 0x8E, 0x8E, 0x8E, 0xFF, 0x94, 0x94, 0x94, 0xFF, 0x9C, 0x9C, 0x9C, 0xFF,
		0xA3, 0xA0, 0xA3, 0xFF, 0xAA, 0xA7, 0xAA, 0xFF, 0xB1, 0xAE, 0xB1, 0xFF, 0xB9, 0xB6, 0xB9, 0xFF,
		0xC0, 0xBD, 0xC0, 0xFF, 0xC7, 0xC4, 0xC7, 0xFF, 0xCE, 0xCB, 0xCE, 0xFF, 0xD5, 0xD2, 0xD5, 0xFF,
		0xDC, 0xD9, 0xDC, 0xFF, 0xE3, 0xE0, 0xE3, 0xFF, 0xE8, 0xE8, 0xE8, 0xFF, 0x10, 0x10, 0x10, 0xFF,
		0x16, 0x16, 0x16, 0xFF, 0x1D, 0x1D, 0x1D, 0xFF, 0x24, 0x24, 0x24, 0xFF, 0x2B, 0x2B, 0x2B, 0xFF,
		0x32, 0x32, 0x32, 0xFF, 0x39, 0x39, 0x39, 0xFF, 0x40, 0x40, 0x40, 0xFF, 0x48, 0x48, 0x48, 0xFF,
		0x4F, 0x4F, 0x4F, 0xFF, 0x55, 0x55, 0x55, 0xFF, 0x5C, 0x5C, 0x5C, 0xFF, 0x63, 0x63, 0x63, 0xFF,
		0x6A, 0x6A, 0x6A, 0xFF, 0x71, 0x71, 0x71, 0xFF, 0x78, 0x78, 0x78, 0xFF, 0x80, 0x80, 0x80, 0xFF,
		0x87, 0x87, 0x87, 0xFF, 0x8E, 0x8E, 0x8E, 0xFF, 0x94, 0x94, 0x94, 0xFF, 0x9C, 0x9C, 0x9C, 0xFF,
		0xA3, 0xA0, 0xA3, 0xFF, 0xAA, 0xA7, 0xAA, 0xFF, 0xB1, 0xAE, 0xB1, 0xFF, 0xB9, 0xB6, 0xB9, 0xFF,
		0xC0, 0xBD, 0xC0, 0xFF, 0xC7, 0xC4, 0xC7, 0xFF, 0xCE, 0xCB, 0xCE, 0xFF, 0xD5, 0xD2, 0xD5, 0xFF,
		0xDC, 0xD9, 0xDC, 0xFF, 0xE3, 0xE0, 0xE3, 0xFF, 0xE8, 0xE8, 0xE8, 0xFF, 0x10, 0x10, 0x10, 0xFF,
		0x16, 0x16, 0x16, 0xFF, 0x1D, 0x1D, 0x1D, 0xFF, 0x24, 0x24, 0x24, 0xFF, 0x2B, 0x2B, 0x2B, 0xFF,
		0x32, 0x32, 0x32, 0xFF, 0x39, 0x39, 0x39, 0xFF, 0x40, 0x40, 0x40, 0xFF, 0x48, 0x48, 0x48, 0xFF,
		0x4F, 0x4F, 0x4F, 0xFF, 0x55, 0x55, 0x55, 0xFF, 0x5C, 0x5C, 0x5C, 0xFF, 0x63, 0x63, 0x63, 0xFF,
		0x6A, 0x6A, 0x6A, 0xFF, 0x71, 0x71, 0x71, 0xFF, 0x78, 0x78, 0x78, 0xFF, 0x80, 0x80, 0x80, 0xFF,
		0x87, 0x87, 0x87, 0xFF, 0x8E, 0x8E, 0x8E, 0xFF, 0x94, 0x94, 0x94, 0xFF, 0x9C, 0x9C, 0x9C, 0xFF,
		0xA3, 0xA0, 0xA3, 0xFF, 0xAA, 0xA7, 0xAA, 0xFF, 0xB1, 0xAE, 0xB1, 0xFF, 0xB9, 0xB6, 0xB9, 0xFF,
		0xC0, 0xBD, 0xC0, 0xFF, 0xC7, 0xC4, 0xC7, 0xFF, 0xCE, 0xCB, 0xCE, 0xFF, 0xD5, 0xD2, 0xD5, 0xFF,
		0xDC, 0xD9, 0xDC, 0xFF, 0xE3, 0xE0, 0xE3, 0xFF, 0xE8, 0xE8, 0xE8, 0xFF, 0x10, 0x10, 0x10, 0xFF,
		0x16, 0x16, 0x16, 0xFF, 0x1D, 0x1D, 0x1D, 0xFF, 0x24, 0x24, 0x24, 0xFF, 0x2B, 0x2B, 0x2B, 0xFF,
		0x32, 0x32, 0x32, 0xFF, 0x39, 0x39, 0x39, 0xFF, 0x40, 0x40, 0x40, 0xFF, 0x48, 0x48, 0x48, 0xFF,
		0x4F, 0x4F, 0x4F, 0xFF, 0x55, 0x55, 0x55, 0xFF, 0x5C, 0x5C, 0x5C, 0xFF, 0x63, 0x63, 0x63, 0xFF,
		0x6A, 0x6A, 0x6A, 0xFF, 0x71, 0x71, 0x71, 0xFF, 0x78, 0x78, 0x78, 0xFF, 0x80, 0x80, 0x80, 0xFF,
		0x87, 0x87, 0x87, 0xFF, 0x8E, 0x8E, 0x8E, 0xFF, 0x94, 0x94, 0x94, 0xFF, 0x9C, 0x9C, 0x9C, 0xFF,
		0xA3, 0xA0, 0xA3, 0xFF, 0xAA, 0xA7, 0xAA, 0xFF, 0xB1, 0xAE, 0xB1, 0xFF, 0xB9, 0xB6, 0xB9, 0xFF,
		0xC0, 0xBD, 0xC0, 0xFF, 0xC7, 0xC4, 0xC7, 0xFF, 0xCE, 0xCB, 0xCE, 0xFF, 0xD5, 0xD2, 0xD5, 0xFF,
		0xDC, 0xD9, 0xDC, 0xFF, 0xE3, 0xE0, 0xE3, 0xFF, 0xE8, 0xE8, 0xE8, 0xFF, 0x10, 0x10, 0x10, 0xFF,
		0x16, 0x16, 0x16, 0xFF, 0x1D, 0x1D, 0x1D, 0xFF, 0x24, 0x24, 0x24, 0xFF, 0x2B, 0x2B, 0x2B, 0xFF,
		0x32, 0x32, 0x32, 0xFF, 0x39, 0x39, 0x39, 0xFF, 0x40, 0x40, 0x40, 0xFF, 0x48, 0x48, 0x48, 0xFF,
		0x4F, 0x4F, 0x4F, 0xFF, 0x55, 0x55, 0x55, 0xFF, 0x5C, 0x5C, 0x5C, 0xFF, 0x63, 0x63, 0x63, 0xFF,
		0x6A, 0x6A, 0x6A, 0xFF, 0x71, 0x71, 0x71, 0xFF, 0x78, 0x78, 0x78, 0xFF, 0x80, 0x80, 0x80, 0xFF,
		0x87, 0x87, 0x87, 0xFF, 0x8E, 0x8E, 0x8E, 0xFF, 0x94, 0x94, 0x94, 0xFF, 0x9C, 0x9C, 0x9C, 0xFF,
		0xA3, 0xA0, 0xA3, 0xFF, 0xAA, 0xA7, 0xAA, 0xFF, 0xB1, 0xAE, 0xB1, 0xFF, 0xB9, 0xB6, 0xB9, 0xFF,
		0xC0, 0xBD, 0xC0, 0xFF, 0xC7, 0xC4, 0xC7, 0xFF, 0xCE, 0xCB, 0xCE, 0xFF, 0xD5, 0xD2, 0xD5, 0xFF,
		0xDC, 0xD9, 0xDC, 0xFF, 0xE3, 0xE0, 0xE3, 0xFF, 0xE8, 0xE8, 0xE8, 0xFF, 0x10, 0x10, 0x10, 0xFF,
		0x16, 0x16, 0x16, 0xFF, 0x1D, 0x1D, 0x1D, 0xFF, 0x24, 0x24, 0x24, 0xFF, 0x2B, 0x2B, 0x2B, 0xFF,
		0x32, 0x32, 0x32, 0xFF, 0x39, 0x39, 0x39, 0xFF, 0x40, 0x40, 0x40, 0xFF, 0x48, 0x48, 0x48, 0xFF,
		0x4F, 0x4F, 0x4F, 0xFF, 0x55, 0x55, 0x55, 0xFF, 0x5C, 0x5C, 0x5C, 0xFF, 0x63, 0x63, 0x63, 0xFF,
		0x6A, 0x6A, 0x6A, 0xFF, 0x71, 0x71, 0x71, 0xFF, 0x78, 0x78, 0x78, 0xFF, 0x80, 0x80, 0x80, 0xFF,
		0x87, 0x87, 0x87, 0xFF, 0x8E, 0x8E, 0x8E, 0xFF, 0x94, 0x94, 0x94, 0xFF, 0x9C, 0x9C, 0x9C, 0xFF,
		0xA3, 0xA0, 0xA3, 0xFF, 0xAA, 0xA7, 0xAA, 0xFF, 0xB1, 0xAE, 0xB1, 0xFF, 0xB9, 0xB6, 0xB9, 0xFF,
		0xC0, 0xBD, 0xC0, 0xFF, 0xC7, 0xC4, 0xC7, 0xFF, 0xCE, 0xCB, 0xCE, 0xFF, 0xD5, 0xD2, 0xD5, 0xFF,
		0xDC, 0xD9, 0xDC, 0xFF, 0xE3, 0xE0, 0xE3, 0xFF, 0xE8, 0xE8, 0xE8, 0xFF, 0x10, 0x10, 0x10, 0xFF,
		0x16, 0x16, 0x16, 0xFF, 0x1D, 0x1D, 0x1D, 0xFF, 0x24, 0x24, 0x24, 0xFF, 0x2B, 0x2B, 0x2B, 0xFF,
		0x32, 0x32, 0x32, 0xFF, 0x39, 0x39, 0x39, 0xFF, 0x40, 0x40, 0x40, 0xFF, 0x48, 0x48, 0x48, 0xFF,
		0x4F, 0x4F, 0x4F, 0xFF, 0x55, 0x55, 0x55, 0xFF, 0x5C, 0x5C, 0x5C, 0xFF, 0x63, 0x63, 0x63, 0xFF,
		0x6A, 0x6A, 0x6A, 0xFF, 0x71, 0x71, 0x71, 0xFF, 0x78, 0x78, 0x78, 0xFF, 0x80, 0x80, 0x80, 0xFF,
		0x87, 0x87, 0x87, 0xFF, 0x8E, 0x8E, 0x8E, 0xFF, 0x94, 0x94, 0x94, 0xFF, 0x9C, 0x9C, 0x9C, 0xFF,
		0xA3, 0xA0, 0xA3, 0xFF, 0xAA, 0xA7, 0xAA, 0xFF, 0xB1, 0xAE, 0xB1, 0xFF, 0xB9, 0xB6, 0xB9, 0xFF,
		0xC0, 0xBD, 0xC0, 0xFF, 0xC7, 0xC4, 0xC7, 0xFF, 0xCE, 0xCB, 0xCE, 0xFF, 0xD5, 0xD2, 0xD5, 0xFF,
		0xDC, 0xD9, 0xDC, 0xFF, 0xE3, 0xE0, 0xE3, 0xFF, 0xE8, 0xE8, 0xE8, 0xFF, 0x10, 0x10, 0x10, 0xFF,
		0x16, 0x16, 0x16, 0xFF, 0x1D, 0x1D, 0x1D, 0xFF, 0x24, 0x24, 0x24, 0xFF, 0x2B, 0x2B, 0x2B, 0xFF,
		0x32, 0x32, 0x32, 0xFF, 0x39, 0x39, 0x39, 0xFF, 0x40, 0x40, 0x40, 0xFF, 0x48, 0x48, 0x48, 0xFF,
		0x4F, 0x4F, 0x4F, 0xFF, 0x55, 0x55, 0x55, 0xFF, 0x5C, 0x5C, 0x5C, 0xFF, 0x63, 0x63, 0x63, 0xFF,
		0x6A, 0x6A, 0x6A, 0xFF, 0x71, 0x71, 0x71, 0xFF, 0x78, 0x78, 0x78, 0xFF, 0x80, 0x80, 0x80, 0xFF,
		0x87, 0x87, 0x87, 0xFF, 0x8E, 0x8E, 0x8E, 0xFF, 0x94, 0x94, 0x94, 0xFF, 0x9C, 0x9C, 0x9C, 0xFF,
		0xA3, 0xA0, 0xA3, 0xFF, 0xAA, 0xA7, 0xAA, 0xFF, 0xB1, 0xAE, 0xB1, 0xFF, 0xB9, 0xB6, 0xB9, 0xFF,
		0xC0, 0xBD, 0xC0, 0xFF, 0xC7, 0xC4, 0xC7, 0xFF, 0xCE, 0xCB, 0xCE, 0xFF, 0xD5, 0xD2, 0xD5, 0xFF,
		0xDC, 0xD9, 0xDC, 0xFF, 0xE3, 0xE0, 0xE3, 0xFF, 0xE8, 0xE8, 0xE8, 0xFF, 0x10, 0x10, 0x10, 0xFF,
		0x16, 0x16, 0x16, 0xFF, 0x1D, 0x1D, 0x1D, 0xFF, 0x24, 0x24, 0x24, 0xFF, 0x2B, 0x2B, 0x2B, 0xFF,
		0x32, 0x32, 0x32, 0xFF, 0x39, 0x39, 0x39, 0xFF, 0x40, 0x40, 0x40, 0xFF, 0x48, 0x48, 0x48, 0xFF,
		0x4F, 0x4F, 0x4F, 0xFF, 0x55, 0x55, 0x55, 0xFF, 0x5C, 0x5C, 0x5C, 0xFF, 0x63, 0x63, 0x63, 0xFF,
		0x6A, 0x6A, 0x6A, 0xFF, 0x71, 0x71, 0x71, 0xFF, 0x78, 0x78, 0x78, 0xFF, 0x80, 0x80, 0x80, 0xFF,
		0x87, 0x87, 0x87, 0xFF, 0x8E, 0x8E, 0x8E, 0xFF, 0x94, 0x94, 0x94, 0xFF, 0x9C, 0x9C, 0x9C, 0xFF,
		0xA3, 0xA0, 0xA3, 0xFF, 0xAA, 0xA7, 0xAA, 0xFF, 0xB1, 0xAE, 0xB1, 0xFF, 0xB9, 0xB6, 0xB9, 0xFF,
		0xC0, 0xBD, 0xC0, 0xFF, 0xC7, 0xC4, 0xC7, 0xFF, 0xCE, 0xCB, 0xCE, 0xFF, 0xD5, 0xD2, 0xD5, 0xFF,
		0xDC, 0xD9, 0xDC, 0xFF, 0xE3, 0xE0, 0xE3, 0xFF, 0xE8, 0xE8, 0xE8, 0xFF, 0x10, 0x10, 0x10, 0xFF,
		0x16, 0x16, 0x16, 0xFF, 0x1D, 0x1D, 0x1D, 0xFF, 0x24, 0x24, 0x24, 0xFF, 0x2B, 0x2B, 0x2B, 0xFF,
		0x32, 0x32, 0x32, 0xFF, 0x39, 0x39, 0x39, 0xFF, 0x40, 0x40, 0x40, 0xFF, 0x48, 0x48, 0x48, 0xFF,
		0x4F, 0x4F, 0x4F, 0xFF, 0x55, 0x55, 0x55, 0xFF, 0x5C, 0x5C, 0x5C, 0xFF, 0x63, 0x63, 0x63, 0xFF,
		0x6A, 0x6A, 0x6A, 0xFF, 0x71, 0x71, 0x71, 0xFF, 0x78, 0x78, 0x78, 0xFF, 0x80, 0x80, 0x80, 0xFF,
		0x87, 0x87, 0x87, 0xFF, 0x8E, 0x8E, 0x8E, 0xFF, 0x94, 0x94, 0x94, 0xFF, 0x9C, 0x9C, 0x9C, 0xFF,
		0xA3, 0xA0, 0xA3, 0xFF, 0xAA, 0xA7, 0xAA, 0xFF, 0xB1, 0xAE, 0xB1, 0xFF, 0xB9, 0xB6, 0xB9, 0xFF,
		0xC0, 0xBD, 0xC0, 0xFF, 0xC7, 0xC4, 0xC7, 0xFF, 0xCE, 0xCB, 0xCE, 0xFF, 0xD5, 0xD2, 0xD5, 0xFF,
		0xDC, 0xD9, 0xDC, 0xFF, 0xE3, 0xE0, 0xE3, 0xFF, 0xE8, 0xE8, 0xE8, 0xFF, 0x10, 0x10, 0x10, 0xFF,
		0x16, 0x16, 0x16, 0xFF, 0x1D, 0x1D, 0x1D, 0xFF, 0x24, 0x24, 0x24, 0xFF, 0x2B, 0x2B, 0x2B, 0xFF,
		0x32, 0x32, 0x32, 0xFF, 0x39, 0x39, 0x39, 0xFF, 0x40, 0x40, 0x40, 0xFF, 0x48, 0x48, 0x48, 0xFF,
		0x4F, 0x4F, 0x4F, 0xFF, 0x55, 0x55, 0x55, 0xFF, 0x5C, 0x5C, 0x5C, 0xFF, 0x63, 0x63, 0x63, 0xFF,
		0x6A, 0x6A, 0x6A, 0xFF, 0x71, 0x71, 0x71, 0xFF, 0x78, 0x78, 0x78, 0xFF, 0x80, 0x80, 0x80, 0xFF,
		0x87, 0x87, 0x87, 0xFF, 0x8E, 0x8E, 0x8E, 0xFF, 0x94, 0x94, 0x94, 0xFF, 0x9C, 0x9C, 0x9C, 0xFF,
		0xA3, 0xA0, 0xA3, 0xFF, 0xAA, 0xA7, 0xAA, 0xFF, 0xB1, 0xAE, 0xB1, 0xFF, 0xB9, 0xB6, 0xB9, 0xFF,
		0xC0, 0xBD, 0xC0, 0xFF, 0xC7, 0xC4, 0xC7, 0xFF, 0xCE, 0xCB, 0xCE, 0xFF, 0xD5, 0xD2, 0xD5, 0xFF,
		0xDC, 0xD9, 0xDC, 0xFF, 0xE3, 0xE0, 0xE3, 0xFF, 0xE8, 0xE8, 0xE8, 0xFF, 0x10, 0x10, 0x10, 0xFF,
		0x16, 0x16, 0x16, 0xFF, 0x1D, 0x1D, 0x1D, 0xFF, 0x24, 0x24, 0x24, 0xFF, 0x2B, 0x2B, 0x2B, 0xFF,
		0x32, 0x32, 0x32, 0xFF, 0x39, 0x39, 0x39, 0xFF, 0x40, 0x40, 0x40, 0xFF, 0x48, 0x48, 0x48, 0xFF,
		0x4F, 0x4F, 0x4F, 0xFF, 0x55, 0x55, 0x55, 0xFF, 0x5C, 0x5C, 0x5C, 0xFF, 0x63, 0x63, 0x63, 0xFF,
		0x6A, 0x6A, 0x6A, 0xFF, 0x71, 0x71, 0x71, 0xFF, 0x78, 0x78, 0x78, 0xFF, 0x80, 0x80, 0x80, 0xFF,
		0x87, 0x87, 0x87, 0xFF, 0x8E, 0x8E, 0x8E, 0xFF, 0x94, 0x94, 0x94, 0xFF, 0x9C, 0x9C, 0x9C, 0xFF,
		0xA3, 0xA0, 0xA3, 0xFF, 0xAA, 0xA7, 0xAA, 0xFF, 0xB1, 0xAE, 0xB1, 0xFF, 0xB9, 0xB6, 0xB9, 0xFF,
		0xC0, 0xBD, 0xC0, 0xFF, 0xC7, 0xC4, 0xC7, 0xFF, 0xCE, 0xCB, 0xCE, 0xFF, 0xD5, 0xD2, 0xD5, 0xFF,
		0xDC, 0xD9, 0xDC, 0xFF, 0xE3, 0xE0, 0xE3, 0xFF, 0xE8, 0xE8, 0xE8, 0xFF, 0x10, 0x10, 0x10, 0xFF,
		0x16, 0x16, 0x16, 0xFF, 0x1D, 0x1D, 0x1D, 0xFF, 0x24, 0x24, 0x24, 0xFF, 0x2B, 0x2B, 0x2B, 0xFF,
		0x32, 0x32, 0x32, 0xFF, 0x39, 0x39, 0x39, 0xFF, 0x40, 0x40, 0x40, 0xFF, 0x48, 0x48, 0x48, 0xFF,
		0x4F, 0x4F, 0x4F, 0xFF, 0x55, 0x55, 0x55, 0xFF, 0x5C, 0x5C, 0x5C, 0xFF, 0x63, 0x63, 0x63, 0xFF,
		0x6A, 0x6A, 0x6A, 0xFF, 0x71, 0x71, 0x71, 0xFF, 0x78, 0x78, 0x78, 0xFF, 0x80, 0x80, 0x80, 0xFF,
		0x87, 0x87, 0x87, 0xFF, 0x8E, 0x8E, 0x8E, 0xFF, 0x94, 0x94, 0x94, 0xFF, 0x9C, 0x9C, 0x9C, 0xFF,
		0xA3, 0xA0, 0xA3, 0xFF, 0xAA, 0xA7, 0xAA, 0xFF, 0xB1, 0xAE, 0xB1, 0xFF, 0xB9, 0xB6, 0xB9, 0xFF,
		0xC0, 0xBD, 0xC0, 0xFF, 0xC7, 0xC4, 0xC7, 0xFF, 0xCE, 0xCB, 0xCE, 0xFF, 0xD5, 0xD2, 0xD5, 0xFF,
		0xDC, 0xD9, 0xDC, 0xFF, 0xE3, 0xE0, 0xE3, 0xFF, 0xE8, 0xE8, 0xE8, 0xFF, 0x10, 0x10, 0x10, 0xFF,
		0x0E, 0xEA, 0xEA, 0xFF, 0x0E, 0xEA, 0xEA, 0xFF, 0x0E, 0xEA, 0xEA, 0xFF, 0x0E, 0xEA, 0xEA, 0xFF,
		0x0E, 0xEA, 0xEA, 0xFF, 0x0E, 0xEA, 0xEA, 0xFF, 0x0E, 0xEA, 0xEA, 0xFF, 0x0E, 0xEA, 0xEA, 0xFF,
		0x0E, 0xEA, 0xEA, 0xFF, 0x0E, 0xEA, 0xEA, 0xFF, 0x0E, 0xEA, 0xEA, 0xFF, 0x0E, 0xEA, 0xEA, 0xFF,
		0x0E, 0xEA, 0xEA, 0xFF, 0x0E, 0xEA, 0xEA, 0xFF, 0x0E, 0xEA, 0xEA, 0xFF, 0x0E, 0xEA, 0xEA, 0xFF,
		0x0E, 0xEA, 0xEA, 0xFF, 0x0E, 0xEA, 0xEA, 0xFF, 0x0E, 0xEA, 0xEA, 0xFF, 0x0E, 0xEA, 0xEA, 0xFF,
		0x0E, 0xEA, 0xEA, 0xFF, 0x0E, 0xEA, 0xEA, 0xFF, 0x0E, 0xEA, 0xEA, 0xFF, 0x0E, 0xEA, 0xEA, 0xFF,
		0x0E, 0xEA, 0xEA, 0xFF, 0x0E, 0xEA, 0xEA, 0xFF, 0x0E, 0xEA, 0xEA, 0xFF, 0x0E, 0xEA, 0xEA, 0xFF,
		0x0E, 0xEA, 0xEA, 0xFF, 0x0E, 0xEA, 0xEA, 0xFF, 0x0E, 0xEA, 0xEA, 0xFF, 0x0E, 0xEA, 0xEA, 0xFF,
		0x0E, 0xEA, 0xEA, 0xFF, 0x0E, 0xEA, 0xEA, 0xFF, 0x0E, 0xEA, 0xEA, 0xFF, 0x0E, 0xEA, 0xEA, 0xFF,
		0x0E, 0xEA, 0xEA, 0xFF, 0x0E, 0xEA, 0xEA, 0xFF, 0x0E, 0xEA, 0xEA, 0xFF, 0x0E, 0xEA, 0xEA, 0xFF,
		0x0E, 0xEA, 0xEA, 0xFF, 0x0E, 0xEA, 0xEA, 0xFF, 0x0E, 0xEA, 0xEA, 0xFF, 0x0E, 0xEA, 0xEA, 0xFF,
		0x0E, 0xEA, 0xEA, 0xFF, 0x0E, 0xEA, 0xEA, 0xFF, 0x0E, 0xEA, 0xEA, 0xFF, 0x0E, 0xEA, 0xEA, 0xFF,
		0x0E, 0xEA, 0xEA, 0xFF, 0x0E, 0xEA, 0xEA, 0xFF, 0x0E, 0xEA, 0xEA, 0xFF, 0x0E, 0xEA, 0xEA, 0xFF,
		0x0E, 0xEA, 0xEA, 0xFF, 0x0E, 0xEA, 0xEA, 0xFF, 0x0E, 0xEA, 0xEA, 0xFF, 0x0E, 0xEA, 0xEA, 0xFF,
		0x0E, 0xEA, 0xEA, 0xFF, 0x0E, 0xEA, 0xEA, 0xFF, 0x0E, 0xEA, 0xEA, 0xFF, 0x0E, 0xEA, 0xEA, 0xFF,
		0x0E, 0xEA, 0xEA, 0xFF, 0x0E, 0xEA, 0xEA, 0xFF, 0x0E, 0xEA, 0xEA, 0xFF, 0x0E, 0xEA, 0xEA, 0xFF,
		0x0E, 0xEA, 0xEA, 0xFF, 0x0E, 0xEA, 0xEA, 0xFF, 0x0E, 0xEA, 0xEA, 0xFF, 0x0E, 0xEA, 0xEA, 0xFF,
		0x0E, 0xEA, 0xEA, 0xFF, 0x0E, 0xEA, 0xEA, 0xFF, 0x0E, 0xEA, 0xEA, 0xFF, 0x0E, 0xEA, 0xEA, 0xFF,
		0x0E, 0xEA, 0xEA, 0xFF, 0x0E, 0xEA, 0xEA, 0xFF, 0x0E, 0xEA, 0xEA, 0xFF, 0x0E, 0xEA, 0xEA, 0xFF,
		0x0E, 0xEA, 0xEA, 0xFF, 0x0E, 0xEA, 0xEA, 0xFF, 0x0E, 0xEA, 0xEA, 0xFF, 0x0E, 0xEA, 0xEA, 0xFF,
		0x0E, 0xEA, 0xEA, 0xFF, 0x0E, 0xEA, 0xEA, 0xFF, 0x0E, 0xEA, 0xEA, 0xFF, 0x0E, 0xEA, 0xEA, 0xFF,
		0x0E, 0xEA, 0xEA, 0xFF, 0x0E, 0xEA, 0xEA, 0xFF, 0x0E, 0xEA, 0xEA, 0xFF, 0x0E, 0xEA, 0xEA, 0xFF,
		0x0E, 0xEA, 0xEA, 0xFF, 0x0E, 0xEA, 0xEA, 0xFF, 0x0E, 0xEA, 0xEA, 0xFF, 0x0E, 0xEA, 0xEA, 0xFF,
		0x0E, 0xEA, 0xEA, 0xFF, 0x0E, 0xEA, 0xEA, 0xFF, 0x0E, 0xEA, 0xEA, 0xFF, 0x0E, 0xEA, 0xEA, 0xFF,
		0x0E, 0xEA, 0xEA, 0xFF, 0x0E, 0xEA, 0xEA, 0xFF, 0x0E, 0xEA, 0xEA, 0xFF, 0x0E, 0xEA, 0xEA, 0xFF,
		0x0E, 0xEA, 0xEA, 0xFF, 0x0E, 0xEA, 0xEA, 0xFF, 0x0E, 0xEA, 0xEA, 0xFF, 0x0E, 0xEA, 0xEA, 0xFF,
		0x0E, 0xEA, 0xEA, 0xFF, 0x0E, 0xEA, 0xEA, 0xFF, 0x0E, 0xEA, 0xEA, 0xFF, 0x0E, 0xEA, 0xEA, 0xFF,
		0x0E, 0xEA, 0xEA, 0xFF, 0x0E, 0xEA, 0xEA, 0xFF, 0x0E, 0xEA, 0xEA, 0xFF, 0x0E, 0xEA, 0xEA, 0xFF,
		0x0E, 0xEA, 0xEA, 0xFF, 0x0E, 0xEA, 0xEA, 0xFF, 0x0E, 0xEA, 0xEA, 0xFF, 0x0E, 0xEA, 0xEA, 0xFF,
		0x0E, 0xEA, 0xEA, 0xFF, 0x0E, 0xEA, 0xEA, 0xFF, 0x0E, 0xEA, 0xEA, 0xFF, 0x0E, 0xEA, 0xEA, 0xFF,
		0x0E, 0xEA, 0xEA, 0xFF, 0x0E, 0xEA, 0xEA, 0xFF, 0x0E, 0xEA, 0xEA, 0xFF, 0x0E, 0xEA, 0xEA, 0xFF,
		0x0E, 0xEA, 0xEA, 0xFF, 0x0E, 0xEA, 0xEA, 0xFF, 0x0E, 0xEA, 0xEA, 0xFF, 0x0E, 0xEA, 0xEA, 0xFF,
		0x0E, 0xEA, 0xEA, 0xFF, 0x0E, 0xEA, 0xEA, 0xFF, 0x0E, 0xEA, 0xEA, 0xFF, 0x0E, 0xEA, 0xEA, 0xFF,
		0x0E, 0xEA, 0xEA, 0xFF, 0x0E, 0xEA, 0xEA, 0xFF, 0x0E, 0xEA, 0xEA, 0xFF, 0x0E, 0xEA, 0xEA, 0xFF,
		0x0E, 0xEA, 0xEA, 0xFF, 0x0E, 0xEA, 0xEA, 0xFF, 0x0E, 0xEA, 0xEA, 0xFF, 0x0E, 0xEA, 0xEA, 0xFF,
		0x0E, 0xEA, 0xEA, 0xFF, 0x0E, 0xEA, 0xEA, 0xFF, 0x0E, 0xEA, 0xEA, 0xFF, 0x0E, 0xEA, 0xEA, 0xFF,
		0x0E, 0xEA, 0xEA, 0xFF, 0x0E, 0xEA, 0xEA, 0xFF, 0x0E, 0xEA, 0xEA, 0xFF, 0x0E, 0xEA, 0xEA, 0xFF,
		0x0E, 0xEA, 0xEA, 0xFF, 0x0E, 0xEA, 0xEA, 0xFF, 0x0E, 0xEA, 0xEA, 0xFF, 0x0E, 0xEA, 0xEA, 0xFF,
		0x0E, 0xEA, 0xEA, 0xFF, 0x0E, 0xEA, 0xEA, 0xFF, 0x0E, 0xEA, 0xEA, 0xFF, 0x0E, 0xEA, 0xEA, 0xFF,
		0x0E, 0xEA, 0xEA, 0xFF, 0x0E, 0xEA, 0xEA, 0xFF, 0x0E, 0xEA, 0xEA, 0xFF, 0x0E, 0xEA, 0xEA, 0xFF,
		0x0E, 0xEA, 0xEA, 0xFF, 0x0E, 0xEA, 0xEA, 0xFF, 0x0E, 0xEA, 0xEA, 0xFF, 0x0E, 0xEA, 0xEA, 0xFF,
		0x0E, 0xEA, 0xEA, 0xFF, 0x0E, 0xEA, 0xEA, 0xFF, 0x0E, 0xEA, 0xEA, 0xFF, 0x0E, 0xEA, 0xEA, 0xFF,
		0x0E, 0xEA, 0xEA, 0xFF, 0x0E, 0xEA, 0xEA, 0xFF, 0x0E, 0xEA, 0xEA, 0xFF, 0x0E, 0xEA, 0xEA, 0xFF,
		0x0E, 0xEA, 0xEA, 0xFF, 0x0E, 0xEA, 0xEA, 0xFF, 0x0E, 0xEA, 0xEA, 0xFF, 0x0E, 0xEA, 0xEA, 0xFF,
		0x0E, 0xEA, 0xEA, 0xFF, 0x0E, 0xEA, 0xEA, 0xFF, 0x0E, 0xEA, 0xEA, 0xFF, 0x0E, 0xEA, 0xEA, 0xFF,
		0x0E, 0xEA, 0xEA, 0xFF, 0x0E, 0xEA, 0xEA, 0xFF, 0x0E, 0xEA, 0xEA, 0xFF, 0x0E, 0xEA, 0xEA, 0xFF,
		0x0E, 0xEA, 0xEA, 0xFF, 0x0E, 0xEA, 0xEA, 0xFF, 0x0E, 0xEA, 0xEA, 0xFF, 0x0E, 0xEA, 0xEA, 0xFF,
		0x0E, 0xEA, 0xEA, 0xFF, 0x0E, 0xEA, 0xEA, 0xFF, 0x0E, 0xEA, 0xEA, 0xFF, 0x0E, 0xEA, 0xEA, 0xFF,
		0x0E, 0xEA, 0xEA, 0xFF, 0x0E, 0xEA, 0xEA, 0xFF, 0x0E, 0xEA, 0xEA, 0xFF, 0x0E, 0xEA, 0xEA, 0xFF,
		0x0E, 0xEA, 0xEA, 0xFF, 0x0E, 0xEA, 0xEA, 0xFF, 0x0E, 0xEA, 0xEA, 0xFF, 0x0E, 0xEA, 0xEA, 0xFF,
		0x0E, 0xEA, 0xEA, 0xFF, 0x0E, 0xEA, 0xEA, 0xFF, 0x0E, 0xEA, 0xEA, 0xFF, 0x0E, 0xEA, 0xEA, 0xFF,
		0x0E, 0xEA, 0xEA, 0xFF, 0x0E, 0xEA, 0xEA, 0xFF, 0x0E, 0xEA, 0xEA, 0xFF, 0x0E, 0xEA, 0xEA, 0xFF,
		0x0E, 0xEA, 0xEA, 0xFF, 0x0E, 0xEA, 0xEA, 0xFF, 0x0E, 0xEA, 0xEA, 0xFF, 0x0E, 0xEA, 0xEA, 0xFF,
		0x0E, 0xEA, 0xEA, 0xFF, 0x0E, 0xEA, 0xEA, 0xFF, 0x0E, 0xEA, 0xEA, 0xFF, 0x0E, 0xEA, 0xEA, 0xFF,
		0x0E, 0xEA, 0xEA, 0xFF, 0x0E, 0xEA, 0xEA, 0xFF, 0x0E, 0xEA, 0xEA, 0xFF, 0x0E, 0xEA, 0xEA, 0xFF,
		0x0E, 0xEA, 0xEA, 0xFF, 0x0E, 0xEA, 0xEA, 0xFF, 0x0E, 0xEA, 0xEA, 0xFF, 0x0E, 0xEA, 0xEA, 0xFF,
		0x0E, 0xEA, 0xEA, 0xFF, 0x0E, 0xEA, 0xEA, 0xFF, 0x0E, 0xEA, 0xEA, 0xFF, 0x0E, 0xEA, 0xEA, 0xFF,
		0x0E, 0xEA, 0xEA, 0xFF, 0x0E, 0xEA, 0xEA, 0xFF, 0x0E, 0xEA, 0xEA, 0xFF, 0x0E, 0xEA, 0xEA, 0xFF,
		0x0E, 0xEA, 0xEA, 0xFF, 0x0E, 0xEA, 0xEA, 0xFF, 0x0E, 0xEA, 0xEA, 0xFF, 0x0E, 0xEA, 0xEA, 0xFF,
		0x0E, 0xEA, 0xEA, 0xFF, 0x0E, 0xEA, 0xEA, 0xFF, 0x0E, 0xEA, 0xEA, 0xFF, 0x0E, 0xEA, 0xEA, 0xFF,
		0x0E, 0xEA, 0xEA, 0xFF, 0x0E, 0xEA, 0xEA, 0xFF, 0x0E, 0xEA, 0xEA, 0xFF, 0x0E, 0xEA, 0xEA, 0xFF,
		0x0E, 0xEA, 0xEA, 0xFF, 0x0E, 0xEA, 0xEA, 0xFF, 0x0E, 0xEA, 0xEA, 0xFF, 0x0E, 0xEA, 0xEA, 0xFF,
		0x0E, 0xEA, 0xEA, 0xFF, 0x0E, 0xEA, 0xEA, 0xFF, 0x0E, 0xEA, 0xEA, 0xFF, 0x0E, 0xEA, 0xEA, 0xFF,
		0x0E, 0xEA, 0xEA, 0xFF, 0x0E, 0xEA, 0xEA, 0xFF, 0x0E, 0xEA, 0xEA, 0xFF, 0x0E, 0xEA, 0xEA, 0xFF,
};
