#include "venusa_ap.h"

const uint8_t buf_rgb888[] = {
0xea,0xea,0xea,0xea,0xea,0xea,0xea,0xea,0xea,0xea,0xea,0xea,0xea,0xea,0xea,0xea,
0xea,0xea,0xea,0xea,0xea,0xea,0xea,0xea,0xea,0xea,0xea,0xea,0xea,0xea,0xee,0x0e,
0x0f,0xee,0x0e,0x0f,0xee,0x0e,0x0f,0xee,0x0e,0x0f,0xee,0x0e,0x0f,0xee,0x0e,0x0f,
0xee,0x0e,0x0f,0xee,0x0e,0x0f,0xee,0x0e,0x0f,0xee,0x0e,0x0f,0x0c,0xec,0x0d,0x0c,
0xec,0x0d,0x0c,0xec,0x0d,0x0c,0xec,0x0d,0x0c,0xec,0x0d,0x0c,0xec,0x0d,0x0c,0xec,
0x0d,0x0c,0xec,0x0d,0x0c,0xec,0x0d,0x0c,0xec,0x0d,0x0d,0x0f,0xea,0x0d,0x0f,0xea,
0x0d,0x0f,0xea,0x0d,0x0f,0xea,0x0d,0x0f,0xea,0x0d,0x0f,0xea,0x0d,0x0f,0xea,0x0d,
0x0f,0xea,0x0d,0x0f,0xea,0x0d,0x0f,0xea,0xea,0xea,0xea,0xea,0xea,0xea,0xea,0xea,
0xea,0xea,0xea,0xea,0xea,0xea,0xea,0xea,0xea,0xea,0xea,0xea,0xea,0xea,0xea,0xea,
0xea,0xea,0xea,0xea,0xea,0xea,0x10,0x10,0x10,0x10,0x10,0x10,0x10,0x10,0x10,0x10,
0x10,0x10,0x10,0x10,0x10,0x10,0x10,0x10,0x10,0x10,0x10,0x10,0x10,0x10,0x10,0x10,
0x10,0x10,0x10,0x10,0xea,0xea,0x0e,0xea,0xea,0x0e,0xea,0xea,0x0e,0xea,0xea,0x0e,
0xea,0xea,0xea,0xea,0xea,0xea,0xea,0xea,0xea,0xea,0xea,0xea,0xea,0xea,0xea,0xea,
0xea,0xea,0xea,0xea,0xea,0xea,0xea,0xea,0xea,0xea,0xea,0xea,0xea,0xea,0xee,0x0e,
0x0f,0xee,0x0e,0x0f,0xee,0x0e,0x0f,0xee,0x0e,0x0f,0xee,0x0e,0x0f,0xee,0x0e,0x0f,
0xee,0x0e,0x0f,0xee,0x0e,0x0f,0xee,0x0e,0x0f,0xee,0x0e,0x0f,0x0c,0xec,0x0d,0x0c,
0xec,0x0d,0x0c,0xec,0x0d,0x0c,0xec,0x0d,0x0c,0xec,0x0d,0x0c,0xec,0x0d,0x0c,0xec,
0x0d,0x0c,0xec,0x0d,0x0c,0xec,0x0d,0x0c,0xec,0x0d,0x0d,0x0f,0xea,0x0d,0x0f,0xea,
0x0d,0x0f,0xea,0x0d,0x0f,0xea,0x0d,0x0f,0xea,0x0d,0x0f,0xea,0x0d,0x0f,0xea,0x0d,
0x0f,0xea,0x0d,0x0f,0xea,0x0d,0x0f,0xea,0xea,0xea,0xea,0xea,0xea,0xea,0xea,0xea,
0xea,0xea,0xea,0xea,0xea,0xea,0xea,0xea,0xea,0xea,0xea,0xea,0xea,0xea,0xea,0xea,
0xea,0xea,0xea,0xea,0xea,0xea,0x10,0x10,0x10,0x10,0x10,0x10,0x10,0x10,0x10,0x10,
0x10,0x10,0x10,0x10,0x10,0x10,0x10,0x10,0x10,0x10,0x10,0x10,0x10,0x10,0x10,0x10,
0x10,0x10,0x10,0x10,0xea,0xea,0x0e,0xea,0xea,0x0e,0xea,0xea,0x0e,0xea,0xea,0x0e,
0xea,0xea,0xea,0xea,0xea,0xea,0xea,0xea,0xea,0xea,0xea,0xea,0xea,0xea,0xea,0xea,
0xea,0xea,0xea,0xea,0xea,0xea,0xea,0xea,0xea,0xea,0xea,0xea,0xea,0xea,0xee,0x0e,
0x0f,0xee,0x0e,0x0f,0xee,0x0e,0x0f,0xee,0x0e,0x0f,0xee,0x0e,0x0f,0xee,0x0e,0x0f,
0xee,0x0e,0x0f,0xee,0x0e,0x0f,0xee,0x0e,0x0f,0xee,0x0e,0x0f,0x0c,0xec,0x0d,0x0c,
0xec,0x0d,0x0c,0xec,0x0d,0x0c,0xec,0x0d,0x0c,0xec,0x0d,0x0c,0xec,0x0d,0x0c,0xec,
0x0d,0x0c,0xec,0x0d,0x0c,0xec,0x0d,0x0c,0xec,0x0d,0x0d,0x0f,0xea,0x0d,0x0f,0xea,
0x0d,0x0f,0xea,0x0d,0x0f,0xea,0x0d,0x0f,0xea,0x0d,0x0f,0xea,0x0d,0x0f,0xea,0x0d,
0x0f,0xea,0x0d,0x0f,0xea,0x0d,0x0f,0xea,0xea,0xea,0xea,0xea,0xea,0xea,0xea,0xea,
0xea,0xea,0xea,0xea,0xea,0xea,0xea,0xea,0xea,0xea,0xea,0xea,0xea,0xea,0xea,0xea,
0xea,0xea,0xea,0xea,0xea,0xea,0x10,0x10,0x10,0x10,0x10,0x10,0x10,0x10,0x10,0x10,
0x10,0x10,0x10,0x10,0x10,0x10,0x10,0x10,0x10,0x10,0x10,0x10,0x10,0x10,0x10,0x10,
0x10,0x10,0x10,0x10,0xea,0xea,0x0e,0xea,0xea,0x0e,0xea,0xea,0x0e,0xea,0xea,0x0e,
0xea,0xea,0xea,0xea,0xea,0xea,0xea,0xea,0xea,0xea,0xea,0xea,0xea,0xea,0xea,0xea,
0xea,0xea,0xea,0xea,0xea,0xea,0xea,0xea,0xea,0xea,0xea,0xea,0xea,0xea,0xee,0x0e,
0x0f,0xee,0x0e,0x0f,0xee,0x0e,0x0f,0xee,0x0e,0x0f,0xee,0x0e,0x0f,0xee,0x0e,0x0f,
0xee,0x0e,0x0f,0xee,0x0e,0x0f,0xee,0x0e,0x0f,0xee,0x0e,0x0f,0x0c,0xec,0x0d,0x0c,
0xec,0x0d,0x0c,0xec,0x0d,0x0c,0xec,0x0d,0x0c,0xec,0x0d,0x0c,0xec,0x0d,0x0c,0xec,
0x0d,0x0c,0xec,0x0d,0x0c,0xec,0x0d,0x0c,0xec,0x0d,0x0d,0x0f,0xea,0x0d,0x0f,0xea,
0x0d,0x0f,0xea,0x0d,0x0f,0xea,0x0d,0x0f,0xea,0x0d,0x0f,0xea,0x0d,0x0f,0xea,0x0d,
0x0f,0xea,0x0d,0x0f,0xea,0x0d,0x0f,0xea,0xea,0xea,0xea,0xea,0xea,0xea,0xea,0xea,
0xea,0xea,0xea,0xea,0xea,0xea,0xea,0xea,0xea,0xea,0xea,0xea,0xea,0xea,0xea,0xea,
0xea,0xea,0xea,0xea,0xea,0xea,0x10,0x10,0x10,0x10,0x10,0x10,0x10,0x10,0x10,0x10,
0x10,0x10,0x10,0x10,0x10,0x10,0x10,0x10,0x10,0x10,0x10,0x10,0x10,0x10,0x10,0x10,
0x10,0x10,0x10,0x10,0xea,0xea,0x0e,0xea,0xea,0x0e,0xea,0xea,0x0e,0xea,0xea,0x0e,
0xea,0xea,0xea,0xea,0xea,0xea,0xea,0xea,0xea,0xea,0xea,0xea,0xea,0xea,0xea,0xea,
0xea,0xea,0xea,0xea,0xea,0xea,0xea,0xea,0xea,0xea,0xea,0xea,0xea,0xea,0xee,0x0e,
0x0f,0xee,0x0e,0x0f,0xee,0x0e,0x0f,0xee,0x0e,0x0f,0xee,0x0e,0x0f,0xee,0x0e,0x0f,
0xee,0x0e,0x0f,0xee,0x0e,0x0f,0xee,0x0e,0x0f,0xee,0x0e,0x0f,0x0c,0xec,0x0d,0x0c,
0xec,0x0d,0x0c,0xec,0x0d,0x0c,0xec,0x0d,0x0c,0xec,0x0d,0x0c,0xec,0x0d,0x0c,0xec,
0x0d,0x0c,0xec,0x0d,0x0c,0xec,0x0d,0x0c,0xec,0x0d,0x0d,0x0f,0xea,0x0d,0x0f,0xea,
0x0d,0x0f,0xea,0x0d,0x0f,0xea,0x0d,0x0f,0xea,0x0d,0x0f,0xea,0x0d,0x0f,0xea,0x0d,
0x0f,0xea,0x0d,0x0f,0xea,0x0d,0x0f,0xea,0xea,0xea,0xea,0xea,0xea,0xea,0xea,0xea,
0xea,0xea,0xea,0xea,0xea,0xea,0xea,0xea,0xea,0xea,0xea,0xea,0xea,0xea,0xea,0xea,
0xea,0xea,0xea,0xea,0xea,0xea,0x10,0x10,0x10,0x10,0x10,0x10,0x10,0x10,0x10,0x10,
0x10,0x10,0x10,0x10,0x10,0x10,0x10,0x10,0x10,0x10,0x10,0x10,0x10,0x10,0x10,0x10,
0x10,0x10,0x10,0x10,0xea,0xea,0x0e,0xea,0xea,0x0e,0xea,0xea,0x0e,0xea,0xea,0x0e,
0xea,0xea,0xea,0xea,0xea,0xea,0xea,0xea,0xea,0xea,0xea,0xea,0xea,0xea,0xea,0xea,
0xea,0xea,0xea,0xea,0xea,0xea,0xea,0xea,0xea,0xea,0xea,0xea,0xea,0xea,0xee,0x0e,
0x0f,0xee,0x0e,0x0f,0xee,0x0e,0x0f,0xee,0x0e,0x0f,0xee,0x0e,0x0f,0xee,0x0e,0x0f,
0xee,0x0e,0x0f,0xee,0x0e,0x0f,0xee,0x0e,0x0f,0xee,0x0e,0x0f,0x0c,0xec,0x0d,0x0c,
0xec,0x0d,0x0c,0xec,0x0d,0x0c,0xec,0x0d,0x0c,0xec,0x0d,0x0c,0xec,0x0d,0x0c,0xec,
0x0d,0x0c,0xec,0x0d,0x0c,0xec,0x0d,0x0c,0xec,0x0d,0x0d,0x0f,0xea,0x0d,0x0f,0xea,
0x0d,0x0f,0xea,0x0d,0x0f,0xea,0x0d,0x0f,0xea,0x0d,0x0f,0xea,0x0d,0x0f,0xea,0x0d,
0x0f,0xea,0x0d,0x0f,0xea,0x0d,0x0f,0xea,0xea,0xea,0xea,0xea,0xea,0xea,0xea,0xea,
0xea,0xea,0xea,0xea,0xea,0xea,0xea,0xea,0xea,0xea,0xea,0xea,0xea,0xea,0xea,0xea,
0xea,0xea,0xea,0xea,0xea,0xea,0x10,0x10,0x10,0x10,0x10,0x10,0x10,0x10,0x10,0x10,
0x10,0x10,0x10,0x10,0x10,0x10,0x10,0x10,0x10,0x10,0x10,0x10,0x10,0x10,0x10,0x10,
0x10,0x10,0x10,0x10,0xea,0xea,0x0e,0xea,0xea,0x0e,0xea,0xea,0x0e,0xea,0xea,0x0e,
0xea,0xea,0xea,0xea,0xea,0xea,0xea,0xea,0xea,0xea,0xea,0xea,0xea,0xea,0xea,0xea,
0xea,0xea,0xea,0xea,0xea,0xea,0xea,0xea,0xea,0xea,0xea,0xea,0xea,0xea,0xee,0x0e,
0x0f,0xee,0x0e,0x0f,0xee,0x0e,0x0f,0xee,0x0e,0x0f,0xee,0x0e,0x0f,0xee,0x0e,0x0f,
0xee,0x0e,0x0f,0xee,0x0e,0x0f,0xee,0x0e,0x0f,0xee,0x0e,0x0f,0x0c,0xec,0x0d,0x0c,
0xec,0x0d,0x0c,0xec,0x0d,0x0c,0xec,0x0d,0x0c,0xec,0x0d,0x0c,0xec,0x0d,0x0c,0xec,
0x0d,0x0c,0xec,0x0d,0x0c,0xec,0x0d,0x0c,0xec,0x0d,0x0d,0x0f,0xea,0x0d,0x0f,0xea,
0x0d,0x0f,0xea,0x0d,0x0f,0xea,0x0d,0x0f,0xea,0x0d,0x0f,0xea,0x0d,0x0f,0xea,0x0d,
0x0f,0xea,0x0d,0x0f,0xea,0x0d,0x0f,0xea,0xea,0xea,0xea,0xea,0xea,0xea,0xea,0xea,
0xea,0xea,0xea,0xea,0xea,0xea,0xea,0xea,0xea,0xea,0xea,0xea,0xea,0xea,0xea,0xea,
0xea,0xea,0xea,0xea,0xea,0xea,0x10,0x10,0x10,0x10,0x10,0x10,0x10,0x10,0x10,0x10,
0x10,0x10,0x10,0x10,0x10,0x10,0x10,0x10,0x10,0x10,0x10,0x10,0x10,0x10,0x10,0x10,
0x10,0x10,0x10,0x10,0xea,0xea,0x0e,0xea,0xea,0x0e,0xea,0xea,0x0e,0xea,0xea,0x0e,
0xea,0xea,0xea,0xea,0xea,0xea,0xea,0xea,0xea,0xea,0xea,0xea,0xea,0xea,0xea,0xea,
0xea,0xea,0xea,0xea,0xea,0xea,0xea,0xea,0xea,0xea,0xea,0xea,0xea,0xea,0xee,0x0e,
0x0f,0xee,0x0e,0x0f,0xee,0x0e,0x0f,0xee,0x0e,0x0f,0xee,0x0e,0x0f,0xee,0x0e,0x0f,
0xee,0x0e,0x0f,0xee,0x0e,0x0f,0xee,0x0e,0x0f,0xee,0x0e,0x0f,0x0c,0xec,0x0d,0x0c,
0xec,0x0d,0x0c,0xec,0x0d,0x0c,0xec,0x0d,0x0c,0xec,0x0d,0x0c,0xec,0x0d,0x0c,0xec,
0x0d,0x0c,0xec,0x0d,0x0c,0xec,0x0d,0x0c,0xec,0x0d,0x0d,0x0f,0xea,0x0d,0x0f,0xea,
0x0d,0x0f,0xea,0x0d,0x0f,0xea,0x0d,0x0f,0xea,0x0d,0x0f,0xea,0x0d,0x0f,0xea,0x0d,
0x0f,0xea,0x0d,0x0f,0xea,0x0d,0x0f,0xea,0xea,0xea,0xea,0xea,0xea,0xea,0xea,0xea,
0xea,0xea,0xea,0xea,0xea,0xea,0xea,0xea,0xea,0xea,0xea,0xea,0xea,0xea,0xea,0xea,
0xea,0xea,0xea,0xea,0xea,0xea,0x10,0x10,0x10,0x10,0x10,0x10,0x10,0x10,0x10,0x10,
0x10,0x10,0x10,0x10,0x10,0x10,0x10,0x10,0x10,0x10,0x10,0x10,0x10,0x10,0x10,0x10,
0x10,0x10,0x10,0x10,0xea,0xea,0x0e,0xea,0xea,0x0e,0xea,0xea,0x0e,0xea,0xea,0x0e,
0xea,0xea,0xea,0xea,0xea,0xea,0xea,0xea,0xea,0xea,0xea,0xea,0xea,0xea,0xea,0xea,
0xea,0xea,0xea,0xea,0xea,0xea,0xea,0xea,0xea,0xea,0xea,0xea,0xea,0xea,0xee,0x0e,
0x0f,0xee,0x0e,0x0f,0xee,0x0e,0x0f,0xee,0x0e,0x0f,0xee,0x0e,0x0f,0xee,0x0e,0x0f,
0xee,0x0e,0x0f,0xee,0x0e,0x0f,0xee,0x0e,0x0f,0xee,0x0e,0x0f,0x0c,0xec,0x0d,0x0c,
0xec,0x0d,0x0c,0xec,0x0d,0x0c,0xec,0x0d,0x0c,0xec,0x0d,0x0c,0xec,0x0d,0x0c,0xec,
0x0d,0x0c,0xec,0x0d,0x0c,0xec,0x0d,0x0c,0xec,0x0d,0x0d,0x0f,0xea,0x0d,0x0f,0xea,
0x0d,0x0f,0xea,0x0d,0x0f,0xea,0x0d,0x0f,0xea,0x0d,0x0f,0xea,0x0d,0x0f,0xea,0x0d,
0x0f,0xea,0x0d,0x0f,0xea,0x0d,0x0f,0xea,0xea,0xea,0xea,0xea,0xea,0xea,0xea,0xea,
0xea,0xea,0xea,0xea,0xea,0xea,0xea,0xea,0xea,0xea,0xea,0xea,0xea,0xea,0xea,0xea,
0xea,0xea,0xea,0xea,0xea,0xea,0x10,0x10,0x10,0x10,0x10,0x10,0x10,0x10,0x10,0x10,
0x10,0x10,0x10,0x10,0x10,0x10,0x10,0x10,0x10,0x10,0x10,0x10,0x10,0x10,0x10,0x10,
0x10,0x10,0x10,0x10,0xea,0xea,0x0e,0xea,0xea,0x0e,0xea,0xea,0x0e,0xea,0xea,0x0e,
0xea,0xea,0xea,0xea,0xea,0xea,0xea,0xea,0xea,0xea,0xea,0xea,0xea,0xea,0xea,0xea,
0xea,0xea,0xea,0xea,0xea,0xea,0xea,0xea,0xea,0xea,0xea,0xea,0xea,0xea,0xee,0x0e,
0x0f,0xee,0x0e,0x0f,0xee,0x0e,0x0f,0xee,0x0e,0x0f,0xee,0x0e,0x0f,0xee,0x0e,0x0f,
0xee,0x0e,0x0f,0xee,0x0e,0x0f,0xee,0x0e,0x0f,0xee,0x0e,0x0f,0x0c,0xec,0x0d,0x0c,
0xec,0x0d,0x0c,0xec,0x0d,0x0c,0xec,0x0d,0x0c,0xec,0x0d,0x0c,0xec,0x0d,0x0c,0xec,
0x0d,0x0c,0xec,0x0d,0x0c,0xec,0x0d,0x0c,0xec,0x0d,0x0d,0x0f,0xea,0x0d,0x0f,0xea,
0x0d,0x0f,0xea,0x0d,0x0f,0xea,0x0d,0x0f,0xea,0x0d,0x0f,0xea,0x0d,0x0f,0xea,0x0d,
0x0f,0xea,0x0d,0x0f,0xea,0x0d,0x0f,0xea,0xea,0xea,0xea,0xea,0xea,0xea,0xea,0xea,
0xea,0xea,0xea,0xea,0xea,0xea,0xea,0xea,0xea,0xea,0xea,0xea,0xea,0xea,0xea,0xea,
0xea,0xea,0xea,0xea,0xea,0xea,0x10,0x10,0x10,0x10,0x10,0x10,0x10,0x10,0x10,0x10,
0x10,0x10,0x10,0x10,0x10,0x10,0x10,0x10,0x10,0x10,0x10,0x10,0x10,0x10,0x10,0x10,
0x10,0x10,0x10,0x10,0xea,0xea,0x0e,0xea,0xea,0x0e,0xea,0xea,0x0e,0xea,0xea,0x0e,
0xee,0x0e,0x0f,0xee,0x0e,0x0f,0xee,0x0e,0x0f,0xee,0x0e,0x0f,0xee,0x0e,0x0f,0xee,
0x0e,0x0f,0xee,0x0e,0x0f,0xee,0x0e,0x0f,0xee,0x0e,0x0f,0xee,0x0e,0x0f,0xee,0x0e,
0x0f,0xee,0x0e,0x0f,0xee,0x0e,0x0f,0xee,0x0e,0x0f,0xee,0x0e,0x0f,0xee,0x0e,0x0f,
0xee,0x0e,0x0f,0xee,0x0e,0x0f,0xee,0x0e,0x0f,0xee,0x0e,0x0f,0xee,0x0e,0x0f,0xee,
0x0e,0x0f,0xee,0x0e,0x0f,0xee,0x0e,0x0f,0xee,0x0e,0x0f,0xee,0x0e,0x0f,0xee,0x0e,
0x0f,0xee,0x0e,0x0f,0xee,0x0e,0x0f,0xee,0x0e,0x0f,0xee,0x0e,0x0f,0xee,0x0e,0x0f,
0xee,0x0e,0x0f,0xee,0x0e,0x0f,0xee,0x0e,0x0f,0xee,0x0e,0x0f,0xee,0x0e,0x0f,0xee,
0x0e,0x0f,0xee,0x0e,0x0f,0xee,0x0e,0x0f,0xee,0x0e,0x0f,0xee,0x0e,0x0f,0xee,0x0e,
0x0f,0xee,0x0e,0x0f,0xee,0x0e,0x0f,0xee,0x0e,0x0f,0xee,0x0e,0x0f,0xee,0x0e,0x0f,
0xee,0x0e,0x0f,0xee,0x0e,0x0f,0xee,0x0e,0x0f,0xee,0x0e,0x0f,0xee,0x0e,0x0f,0xee,
0x0e,0x0f,0xee,0x0e,0x0f,0xee,0x0e,0x0f,0xee,0x0e,0x0f,0xee,0x0e,0x0f,0xee,0x0e,
0x0f,0xee,0x0e,0x0f,0xee,0x0e,0x0f,0xee,0x0e,0x0f,0xee,0x0e,0x0f,0xee,0x0e,0x0f,
0xee,0x0e,0x0f,0xee,0x0e,0x0f,0xee,0x0e,0x0f,0xee,0x0e,0x0f,0xee,0x0e,0x0f,0xee,
0x0e,0x0f,0xee,0x0e,0x0f,0xee,0x0e,0x0f,0xee,0x0e,0x0f,0xee,0x0e,0x0f,0xee,0x0e,
0x0f,0xee,0x0e,0x0f,0xee,0x0e,0x0f,0xee,0x0e,0x0f,0xee,0x0e,0x0f,0xee,0x0e,0x0f,
0xee,0x0e,0x0f,0xee,0x0e,0x0f,0xee,0x0e,0x0f,0xee,0x0e,0x0f,0xee,0x0e,0x0f,0xee,
0x0e,0x0f,0xee,0x0e,0x0f,0xee,0x0e,0x0f,0xee,0x0e,0x0f,0xee,0x0e,0x0f,0xee,0x0e,
0x0f,0xee,0x0e,0x0f,0xee,0x0e,0x0f,0xee,0x0e,0x0f,0xee,0x0e,0x0f,0xee,0x0e,0x0f,
0xee,0x0e,0x0f,0xee,0x0e,0x0f,0xee,0x0e,0x0f,0xee,0x0e,0x0f,0xee,0x0e,0x0f,0xee,
0x0e,0x0f,0xee,0x0e,0x0f,0xee,0x0e,0x0f,0xee,0x0e,0x0f,0xee,0x0e,0x0f,0xee,0x0e,
0x0f,0xee,0x0e,0x0f,0xee,0x0e,0x0f,0xee,0x0e,0x0f,0xee,0x0e,0x0f,0xee,0x0e,0x0f,
0xee,0x0e,0x0f,0xee,0x0e,0x0f,0xee,0x0e,0x0f,0xee,0x0e,0x0f,0xee,0x0e,0x0f,0xee,
0x0e,0x0f,0xee,0x0e,0x0f,0xee,0x0e,0x0f,0xee,0x0e,0x0f,0xee,0x0e,0x0f,0xee,0x0e,
0x0f,0xee,0x0e,0x0f,0xee,0x0e,0x0f,0xee,0x0e,0x0f,0xee,0x0e,0x0f,0xee,0x0e,0x0f,
0xee,0x0e,0x0f,0xee,0x0e,0x0f,0xee,0x0e,0x0f,0xee,0x0e,0x0f,0xee,0x0e,0x0f,0xee,
0x0e,0x0f,0xee,0x0e,0x0f,0xee,0x0e,0x0f,0xee,0x0e,0x0f,0xee,0x0e,0x0f,0xee,0x0e,
0x0f,0xee,0x0e,0x0f,0xee,0x0e,0x0f,0xee,0x0e,0x0f,0xee,0x0e,0x0f,0xee,0x0e,0x0f,
0xee,0x0e,0x0f,0xee,0x0e,0x0f,0xee,0x0e,0x0f,0xee,0x0e,0x0f,0xee,0x0e,0x0f,0xee,
0x0e,0x0f,0xee,0x0e,0x0f,0xee,0x0e,0x0f,0xee,0x0e,0x0f,0xee,0x0e,0x0f,0xee,0x0e,
0x0f,0xee,0x0e,0x0f,0xee,0x0e,0x0f,0xee,0x0e,0x0f,0xee,0x0e,0x0f,0xee,0x0e,0x0f,
0xee,0x0e,0x0f,0xee,0x0e,0x0f,0xee,0x0e,0x0f,0xee,0x0e,0x0f,0xee,0x0e,0x0f,0xee,
0x0e,0x0f,0xee,0x0e,0x0f,0xee,0x0e,0x0f,0xee,0x0e,0x0f,0xee,0x0e,0x0f,0xee,0x0e,
0x0f,0xee,0x0e,0x0f,0xee,0x0e,0x0f,0xee,0x0e,0x0f,0xee,0x0e,0x0f,0xee,0x0e,0x0f,
0xee,0x0e,0x0f,0xee,0x0e,0x0f,0xee,0x0e,0x0f,0xee,0x0e,0x0f,0xee,0x0e,0x0f,0xee,
0x0e,0x0f,0xee,0x0e,0x0f,0xee,0x0e,0x0f,0xee,0x0e,0x0f,0xee,0x0e,0x0f,0xee,0x0e,
0x0f,0xee,0x0e,0x0f,0xee,0x0e,0x0f,0xee,0x0e,0x0f,0xee,0x0e,0x0f,0xee,0x0e,0x0f,
0xee,0x0e,0x0f,0xee,0x0e,0x0f,0xee,0x0e,0x0f,0xee,0x0e,0x0f,0xee,0x0e,0x0f,0xee,
0x0e,0x0f,0xee,0x0e,0x0f,0xee,0x0e,0x0f,0xee,0x0e,0x0f,0xee,0x0e,0x0f,0xee,0x0e,
0x0f,0xee,0x0e,0x0f,0xee,0x0e,0x0f,0xee,0x0e,0x0f,0xee,0x0e,0x0f,0xee,0x0e,0x0f,
0xee,0x0e,0x0f,0xee,0x0e,0x0f,0xee,0x0e,0x0f,0xee,0x0e,0x0f,0xee,0x0e,0x0f,0xee,
0x0e,0x0f,0xee,0x0e,0x0f,0xee,0x0e,0x0f,0xee,0x0e,0x0f,0xee,0x0e,0x0f,0xee,0x0e,
0x0f,0xee,0x0e,0x0f,0xee,0x0e,0x0f,0xee,0x0e,0x0f,0xee,0x0e,0x0f,0xee,0x0e,0x0f,
0xee,0x0e,0x0f,0xee,0x0e,0x0f,0xee,0x0e,0x0f,0xee,0x0e,0x0f,0xee,0x0e,0x0f,0xee,
0x0e,0x0f,0xee,0x0e,0x0f,0xee,0x0e,0x0f,0xee,0x0e,0x0f,0xee,0x0e,0x0f,0xee,0x0e,
0x0f,0xee,0x0e,0x0f,0xee,0x0e,0x0f,0xee,0x0e,0x0f,0xee,0x0e,0x0f,0xee,0x0e,0x0f,
0xee,0x0e,0x0f,0xee,0x0e,0x0f,0xee,0x0e,0x0f,0xee,0x0e,0x0f,0xee,0x0e,0x0f,0xee,
0x0e,0x0f,0xee,0x0e,0x0f,0xee,0x0e,0x0f,0xee,0x0e,0x0f,0xee,0x0e,0x0f,0xee,0x0e,
0x0f,0xee,0x0e,0x0f,0xee,0x0e,0x0f,0xee,0x0e,0x0f,0xee,0x0e,0x0f,0xee,0x0e,0x0f,
0xee,0x0e,0x0f,0xee,0x0e,0x0f,0xee,0x0e,0x0f,0xee,0x0e,0x0f,0xee,0x0e,0x0f,0xee,
0x0e,0x0f,0xee,0x0e,0x0f,0xee,0x0e,0x0f,0xee,0x0e,0x0f,0xee,0x0e,0x0f,0xee,0x0e,
0x0f,0xee,0x0e,0x0f,0xee,0x0e,0x0f,0xee,0x0e,0x0f,0xee,0x0e,0x0f,0xee,0x0e,0x0f,
0xee,0x0e,0x0f,0xee,0x0e,0x0f,0xee,0x0e,0x0f,0xee,0x0e,0x0f,0xee,0x0e,0x0f,0xee,
0x0e,0x0f,0xee,0x0e,0x0f,0xee,0x0e,0x0f,0xee,0x0e,0x0f,0xee,0x0e,0x0f,0xee,0x0e,
0x0f,0xee,0x0e,0x0f,0xee,0x0e,0x0f,0xee,0x0e,0x0f,0xee,0x0e,0x0f,0xee,0x0e,0x0f,
0xee,0x0e,0x0f,0xee,0x0e,0x0f,0xee,0x0e,0x0f,0xee,0x0e,0x0f,0xee,0x0e,0x0f,0xee,
0x0e,0x0f,0xee,0x0e,0x0f,0xee,0x0e,0x0f,0xee,0x0e,0x0f,0xee,0x0e,0x0f,0xee,0x0e,
0x0f,0xee,0x0e,0x0f,0xee,0x0e,0x0f,0xee,0x0e,0x0f,0xee,0x0e,0x0f,0xee,0x0e,0x0f,
0xee,0x0e,0x0f,0xee,0x0e,0x0f,0xee,0x0e,0x0f,0xee,0x0e,0x0f,0xee,0x0e,0x0f,0xee,
0x0e,0x0f,0xee,0x0e,0x0f,0xee,0x0e,0x0f,0xee,0x0e,0x0f,0xee,0x0e,0x0f,0xee,0x0e,
0x0f,0xee,0x0e,0x0f,0xee,0x0e,0x0f,0xee,0x0e,0x0f,0xee,0x0e,0x0f,0xee,0x0e,0x0f,
0xee,0x0e,0x0f,0xee,0x0e,0x0f,0xee,0x0e,0x0f,0xee,0x0e,0x0f,0xee,0x0e,0x0f,0xee,
0x0e,0x0f,0xee,0x0e,0x0f,0xee,0x0e,0x0f,0xee,0x0e,0x0f,0xee,0x0e,0x0f,0xee,0x0e,
0x0f,0xee,0x0e,0x0f,0xee,0x0e,0x0f,0xee,0x0e,0x0f,0xee,0x0e,0x0f,0xee,0x0e,0x0f,
0xee,0x0e,0x0f,0xee,0x0e,0x0f,0xee,0x0e,0x0f,0xee,0x0e,0x0f,0xee,0x0e,0x0f,0xee,
0x0e,0x0f,0xee,0x0e,0x0f,0xee,0x0e,0x0f,0xee,0x0e,0x0f,0xee,0x0e,0x0f,0xee,0x0e,
0x0f,0xee,0x0e,0x0f,0xee,0x0e,0x0f,0xee,0x0e,0x0f,0xee,0x0e,0x0f,0xee,0x0e,0x0f,
0xee,0x0e,0x0f,0xee,0x0e,0x0f,0xee,0x0e,0x0f,0xee,0x0e,0x0f,0xee,0x0e,0x0f,0xee,
0x0e,0x0f,0xee,0x0e,0x0f,0xee,0x0e,0x0f,0xee,0x0e,0x0f,0xee,0x0e,0x0f,0xee,0x0e,
0x0f,0xee,0x0e,0x0f,0xee,0x0e,0x0f,0xee,0x0e,0x0f,0xee,0x0e,0x0f,0xee,0x0e,0x0f,
0xee,0x0e,0x0f,0xee,0x0e,0x0f,0xee,0x0e,0x0f,0xee,0x0e,0x0f,0xee,0x0e,0x0f,0xee,
0x0e,0x0f,0xee,0x0e,0x0f,0xee,0x0e,0x0f,0xee,0x0e,0x0f,0xee,0x0e,0x0f,0xee,0x0e,
0x0f,0xee,0x0e,0x0f,0xee,0x0e,0x0f,0xee,0x0e,0x0f,0xee,0x0e,0x0f,0xee,0x0e,0x0f,
0xee,0x0e,0x0f,0xee,0x0e,0x0f,0xee,0x0e,0x0f,0xee,0x0e,0x0f,0xee,0x0e,0x0f,0xee,
0x0e,0x0f,0xee,0x0e,0x0f,0xee,0x0e,0x0f,0xee,0x0e,0x0f,0xee,0x0e,0x0f,0xee,0x0e,
0x0f,0xee,0x0e,0x0f,0xee,0x0e,0x0f,0xee,0x0e,0x0f,0xee,0x0e,0x0f,0xee,0x0e,0x0f,
0xee,0x0e,0x0f,0xee,0x0e,0x0f,0xee,0x0e,0x0f,0xee,0x0e,0x0f,0xee,0x0e,0x0f,0xee,
0x0e,0x0f,0xee,0x0e,0x0f,0xee,0x0e,0x0f,0xee,0x0e,0x0f,0xee,0x0e,0x0f,0xee,0x0e,
0x0f,0xee,0x0e,0x0f,0xee,0x0e,0x0f,0xee,0x0e,0x0f,0xee,0x0e,0x0f,0xee,0x0e,0x0f,
0xee,0x0e,0x0f,0xee,0x0e,0x0f,0xee,0x0e,0x0f,0xee,0x0e,0x0f,0xee,0x0e,0x0f,0xee,
0x0e,0x0f,0xee,0x0e,0x0f,0xee,0x0e,0x0f,0xee,0x0e,0x0f,0xee,0x0e,0x0f,0xee,0x0e,
0x0f,0xee,0x0e,0x0f,0xee,0x0e,0x0f,0xee,0x0e,0x0f,0xee,0x0e,0x0f,0xee,0x0e,0x0f,
0xee,0x0e,0x0f,0xee,0x0e,0x0f,0xee,0x0e,0x0f,0xee,0x0e,0x0f,0xee,0x0e,0x0f,0xee,
0x0e,0x0f,0xee,0x0e,0x0f,0xee,0x0e,0x0f,0xee,0x0e,0x0f,0xee,0x0e,0x0f,0xee,0x0e,
0x0f,0xee,0x0e,0x0f,0xee,0x0e,0x0f,0xee,0x0e,0x0f,0xee,0x0e,0x0f,0xee,0x0e,0x0f,
0xee,0x0e,0x0f,0xee,0x0e,0x0f,0xee,0x0e,0x0f,0xee,0x0e,0x0f,0xee,0x0e,0x0f,0xee,
0x0e,0x0f,0xee,0x0e,0x0f,0xee,0x0e,0x0f,0xee,0x0e,0x0f,0xee,0x0e,0x0f,0xee,0x0e,
0x0f,0xee,0x0e,0x0f,0xee,0x0e,0x0f,0xee,0x0e,0x0f,0xee,0x0e,0x0f,0xee,0x0e,0x0f,
0xee,0x0e,0x0f,0xee,0x0e,0x0f,0xee,0x0e,0x0f,0xee,0x0e,0x0f,0xee,0x0e,0x0f,0xee,
0x0e,0x0f,0xee,0x0e,0x0f,0xee,0x0e,0x0f,0xee,0x0e,0x0f,0xee,0x0e,0x0f,0xee,0x0e,
0x0f,0xee,0x0e,0x0f,0xee,0x0e,0x0f,0xee,0x0e,0x0f,0xee,0x0e,0x0f,0xee,0x0e,0x0f,
0xee,0x0e,0x0f,0xee,0x0e,0x0f,0xee,0x0e,0x0f,0xee,0x0e,0x0f,0xee,0x0e,0x0f,0xee,
0x0e,0x0f,0xee,0x0e,0x0f,0xee,0x0e,0x0f,0xee,0x0e,0x0f,0xee,0x0e,0x0f,0xee,0x0e,
0x0f,0xee,0x0e,0x0f,0xee,0x0e,0x0f,0xee,0x0e,0x0f,0xee,0x0e,0x0f,0xee,0x0e,0x0f,
0xee,0x0e,0x0f,0xee,0x0e,0x0f,0xee,0x0e,0x0f,0xee,0x0e,0x0f,0xee,0x0e,0x0f,0xee,
0x0e,0x0f,0xee,0x0e,0x0f,0xee,0x0e,0x0f,0xee,0x0e,0x0f,0xee,0x0e,0x0f,0xee,0x0e,
0x0f,0xee,0x0e,0x0f,0xee,0x0e,0x0f,0xee,0x0e,0x0f,0xee,0x0e,0x0f,0xee,0x0e,0x0f,
0xee,0x0e,0x0f,0xee,0x0e,0x0f,0xee,0x0e,0x0f,0xee,0x0e,0x0f,0xee,0x0e,0x0f,0xee,
0x0e,0x0f,0xee,0x0e,0x0f,0xee,0x0e,0x0f,0xee,0x0e,0x0f,0xee,0x0e,0x0f,0xee,0x0e,
0x0f,0xee,0x0e,0x0f,0xee,0x0e,0x0f,0xee,0x0e,0x0f,0xee,0x0e,0x0f,0xee,0x0e,0x0f,
0xee,0x0e,0x0f,0xee,0x0e,0x0f,0xee,0x0e,0x0f,0xee,0x0e,0x0f,0xee,0x0e,0x0f,0xee,
0x0e,0x0f,0xee,0x0e,0x0f,0xee,0x0e,0x0f,0xee,0x0e,0x0f,0xee,0x0e,0x0f,0xee,0x0e,
0x0f,0xee,0x0e,0x0f,0xee,0x0e,0x0f,0xee,0x0e,0x0f,0xee,0x0e,0x0f,0xee,0x0e,0x0f,
0xee,0x0e,0x0f,0xee,0x0e,0x0f,0xee,0x0e,0x0f,0xee,0x0e,0x0f,0xee,0x0e,0x0f,0xee,
0x0e,0x0f,0xee,0x0e,0x0f,0xee,0x0e,0x0f,0xee,0x0e,0x0f,0xee,0x0e,0x0f,0xee,0x0e,
0x0f,0xee,0x0e,0x0f,0xee,0x0e,0x0f,0xee,0x0e,0x0f,0xee,0x0e,0x0f,0xee,0x0e,0x0f,
0xee,0x0e,0x0f,0xee,0x0e,0x0f,0xee,0x0e,0x0f,0xee,0x0e,0x0f,0xee,0x0e,0x0f,0xee,
0x0e,0x0f,0xee,0x0e,0x0f,0xee,0x0e,0x0f,0xee,0x0e,0x0f,0xee,0x0e,0x0f,0xee,0x0e,
0x0f,0xee,0x0e,0x0f,0xee,0x0e,0x0f,0xee,0x0e,0x0f,0xee,0x0e,0x0f,0xee,0x0e,0x0f,
0xee,0x0e,0x0f,0xee,0x0e,0x0f,0xee,0x0e,0x0f,0xee,0x0e,0x0f,0xee,0x0e,0x0f,0xee,
0x0e,0x0f,0xee,0x0e,0x0f,0xee,0x0e,0x0f,0xee,0x0e,0x0f,0xee,0x0e,0x0f,0xee,0x0e,
0x0f,0xee,0x0e,0x0f,0xee,0x0e,0x0f,0xee,0x0e,0x0f,0xee,0x0e,0x0f,0xee,0x0e,0x0f,
0xee,0x0e,0x0f,0xee,0x0e,0x0f,0xee,0x0e,0x0f,0xee,0x0e,0x0f,0xee,0x0e,0x0f,0xee,
0x0e,0x0f,0xee,0x0e,0x0f,0xee,0x0e,0x0f,0xee,0x0e,0x0f,0xee,0x0e,0x0f,0xee,0x0e,
0x0f,0xee,0x0e,0x0f,0xee,0x0e,0x0f,0xee,0x0e,0x0f,0xee,0x0e,0x0f,0xee,0x0e,0x0f,
0xee,0x0e,0x0f,0xee,0x0e,0x0f,0xee,0x0e,0x0f,0xee,0x0e,0x0f,0xee,0x0e,0x0f,0xee,
0x0e,0x0f,0xee,0x0e,0x0f,0xee,0x0e,0x0f,0xee,0x0e,0x0f,0xee,0x0e,0x0f,0xee,0x0e,
0x0f,0xee,0x0e,0x0f,0xee,0x0e,0x0f,0xee,0x0e,0x0f,0xee,0x0e,0x0f,0xee,0x0e,0x0f,
0xee,0x0e,0x0f,0xee,0x0e,0x0f,0xee,0x0e,0x0f,0xee,0x0e,0x0f,0xee,0x0e,0x0f,0xee,
0x0e,0x0f,0xee,0x0e,0x0f,0xee,0x0e,0x0f,0xee,0x0e,0x0f,0xee,0x0e,0x0f,0xee,0x0e,
0x0f,0xee,0x0e,0x0f,0xee,0x0e,0x0f,0xee,0x0e,0x0f,0xee,0x0e,0x0f,0xee,0x0e,0x0f,
0x0c,0xec,0x0d,0x0c,0xec,0x0d,0x0c,0xec,0x0d,0x0c,0xec,0x0d,0x0c,0xec,0x0d,0x0c,
0xec,0x0d,0x0c,0xec,0x0d,0x0c,0xec,0x0d,0x0c,0xec,0x0d,0x0c,0xec,0x0d,0x0c,0xec,
0x0d,0x0c,0xec,0x0d,0x0c,0xec,0x0d,0x0c,0xec,0x0d,0x0c,0xec,0x0d,0x0c,0xec,0x0d,
0x0c,0xec,0x0d,0x0c,0xec,0x0d,0x0c,0xec,0x0d,0x0c,0xec,0x0d,0x0c,0xec,0x0d,0x0c,
0xec,0x0d,0x0c,0xec,0x0d,0x0c,0xec,0x0d,0x0c,0xec,0x0d,0x0c,0xec,0x0d,0x0c,0xec,
0x0d,0x0c,0xec,0x0d,0x0c,0xec,0x0d,0x0c,0xec,0x0d,0x0c,0xec,0x0d,0x0c,0xec,0x0d,
0x0c,0xec,0x0d,0x0c,0xec,0x0d,0x0c,0xec,0x0d,0x0c,0xec,0x0d,0x0c,0xec,0x0d,0x0c,
0xec,0x0d,0x0c,0xec,0x0d,0x0c,0xec,0x0d,0x0c,0xec,0x0d,0x0c,0xec,0x0d,0x0c,0xec,
0x0d,0x0c,0xec,0x0d,0x0c,0xec,0x0d,0x0c,0xec,0x0d,0x0c,0xec,0x0d,0x0c,0xec,0x0d,
0x0c,0xec,0x0d,0x0c,0xec,0x0d,0x0c,0xec,0x0d,0x0c,0xec,0x0d,0x0c,0xec,0x0d,0x0c,
0xec,0x0d,0x0c,0xec,0x0d,0x0c,0xec,0x0d,0x0c,0xec,0x0d,0x0c,0xec,0x0d,0x0c,0xec,
0x0d,0x0c,0xec,0x0d,0x0c,0xec,0x0d,0x0c,0xec,0x0d,0x0c,0xec,0x0d,0x0c,0xec,0x0d,
0x0c,0xec,0x0d,0x0c,0xec,0x0d,0x0c,0xec,0x0d,0x0c,0xec,0x0d,0x0c,0xec,0x0d,0x0c,
0xec,0x0d,0x0c,0xec,0x0d,0x0c,0xec,0x0d,0x0c,0xec,0x0d,0x0c,0xec,0x0d,0x0c,0xec,
0x0d,0x0c,0xec,0x0d,0x0c,0xec,0x0d,0x0c,0xec,0x0d,0x0c,0xec,0x0d,0x0c,0xec,0x0d,
0x0c,0xec,0x0d,0x0c,0xec,0x0d,0x0c,0xec,0x0d,0x0c,0xec,0x0d,0x0c,0xec,0x0d,0x0c,
0xec,0x0d,0x0c,0xec,0x0d,0x0c,0xec,0x0d,0x0c,0xec,0x0d,0x0c,0xec,0x0d,0x0c,0xec,
0x0d,0x0c,0xec,0x0d,0x0c,0xec,0x0d,0x0c,0xec,0x0d,0x0c,0xec,0x0d,0x0c,0xec,0x0d,
0x0c,0xec,0x0d,0x0c,0xec,0x0d,0x0c,0xec,0x0d,0x0c,0xec,0x0d,0x0c,0xec,0x0d,0x0c,
0xec,0x0d,0x0c,0xec,0x0d,0x0c,0xec,0x0d,0x0c,0xec,0x0d,0x0c,0xec,0x0d,0x0c,0xec,
0x0d,0x0c,0xec,0x0d,0x0c,0xec,0x0d,0x0c,0xec,0x0d,0x0c,0xec,0x0d,0x0c,0xec,0x0d,
0x0c,0xec,0x0d,0x0c,0xec,0x0d,0x0c,0xec,0x0d,0x0c,0xec,0x0d,0x0c,0xec,0x0d,0x0c,
0xec,0x0d,0x0c,0xec,0x0d,0x0c,0xec,0x0d,0x0c,0xec,0x0d,0x0c,0xec,0x0d,0x0c,0xec,
0x0d,0x0c,0xec,0x0d,0x0c,0xec,0x0d,0x0c,0xec,0x0d,0x0c,0xec,0x0d,0x0c,0xec,0x0d,
0x0c,0xec,0x0d,0x0c,0xec,0x0d,0x0c,0xec,0x0d,0x0c,0xec,0x0d,0x0c,0xec,0x0d,0x0c,
0xec,0x0d,0x0c,0xec,0x0d,0x0c,0xec,0x0d,0x0c,0xec,0x0d,0x0c,0xec,0x0d,0x0c,0xec,
0x0d,0x0c,0xec,0x0d,0x0c,0xec,0x0d,0x0c,0xec,0x0d,0x0c,0xec,0x0d,0x0c,0xec,0x0d,
0x0c,0xec,0x0d,0x0c,0xec,0x0d,0x0c,0xec,0x0d,0x0c,0xec,0x0d,0x0c,0xec,0x0d,0x0c,
0xec,0x0d,0x0c,0xec,0x0d,0x0c,0xec,0x0d,0x0c,0xec,0x0d,0x0c,0xec,0x0d,0x0c,0xec,
0x0d,0x0c,0xec,0x0d,0x0c,0xec,0x0d,0x0c,0xec,0x0d,0x0c,0xec,0x0d,0x0c,0xec,0x0d,
0x0c,0xec,0x0d,0x0c,0xec,0x0d,0x0c,0xec,0x0d,0x0c,0xec,0x0d,0x0c,0xec,0x0d,0x0c,
0xec,0x0d,0x0c,0xec,0x0d,0x0c,0xec,0x0d,0x0c,0xec,0x0d,0x0c,0xec,0x0d,0x0c,0xec,
0x0d,0x0c,0xec,0x0d,0x0c,0xec,0x0d,0x0c,0xec,0x0d,0x0c,0xec,0x0d,0x0c,0xec,0x0d,
0x0c,0xec,0x0d,0x0c,0xec,0x0d,0x0c,0xec,0x0d,0x0c,0xec,0x0d,0x0c,0xec,0x0d,0x0c,
0xec,0x0d,0x0c,0xec,0x0d,0x0c,0xec,0x0d,0x0c,0xec,0x0d,0x0c,0xec,0x0d,0x0c,0xec,
0x0d,0x0c,0xec,0x0d,0x0c,0xec,0x0d,0x0c,0xec,0x0d,0x0c,0xec,0x0d,0x0c,0xec,0x0d,
0x0c,0xec,0x0d,0x0c,0xec,0x0d,0x0c,0xec,0x0d,0x0c,0xec,0x0d,0x0c,0xec,0x0d,0x0c,
0xec,0x0d,0x0c,0xec,0x0d,0x0c,0xec,0x0d,0x0c,0xec,0x0d,0x0c,0xec,0x0d,0x0c,0xec,
0x0d,0x0c,0xec,0x0d,0x0c,0xec,0x0d,0x0c,0xec,0x0d,0x0c,0xec,0x0d,0x0c,0xec,0x0d,
0x0c,0xec,0x0d,0x0c,0xec,0x0d,0x0c,0xec,0x0d,0x0c,0xec,0x0d,0x0c,0xec,0x0d,0x0c,
0xec,0x0d,0x0c,0xec,0x0d,0x0c,0xec,0x0d,0x0c,0xec,0x0d,0x0c,0xec,0x0d,0x0c,0xec,
0x0d,0x0c,0xec,0x0d,0x0c,0xec,0x0d,0x0c,0xec,0x0d,0x0c,0xec,0x0d,0x0c,0xec,0x0d,
0x0c,0xec,0x0d,0x0c,0xec,0x0d,0x0c,0xec,0x0d,0x0c,0xec,0x0d,0x0c,0xec,0x0d,0x0c,
0xec,0x0d,0x0c,0xec,0x0d,0x0c,0xec,0x0d,0x0c,0xec,0x0d,0x0c,0xec,0x0d,0x0c,0xec,
0x0d,0x0c,0xec,0x0d,0x0c,0xec,0x0d,0x0c,0xec,0x0d,0x0c,0xec,0x0d,0x0c,0xec,0x0d,
0x0c,0xec,0x0d,0x0c,0xec,0x0d,0x0c,0xec,0x0d,0x0c,0xec,0x0d,0x0c,0xec,0x0d,0x0c,
0xec,0x0d,0x0c,0xec,0x0d,0x0c,0xec,0x0d,0x0c,0xec,0x0d,0x0c,0xec,0x0d,0x0c,0xec,
0x0d,0x0c,0xec,0x0d,0x0c,0xec,0x0d,0x0c,0xec,0x0d,0x0c,0xec,0x0d,0x0c,0xec,0x0d,
0x0c,0xec,0x0d,0x0c,0xec,0x0d,0x0c,0xec,0x0d,0x0c,0xec,0x0d,0x0c,0xec,0x0d,0x0c,
0xec,0x0d,0x0c,0xec,0x0d,0x0c,0xec,0x0d,0x0c,0xec,0x0d,0x0c,0xec,0x0d,0x0c,0xec,
0x0d,0x0c,0xec,0x0d,0x0c,0xec,0x0d,0x0c,0xec,0x0d,0x0c,0xec,0x0d,0x0c,0xec,0x0d,
0x0c,0xec,0x0d,0x0c,0xec,0x0d,0x0c,0xec,0x0d,0x0c,0xec,0x0d,0x0c,0xec,0x0d,0x0c,
0xec,0x0d,0x0c,0xec,0x0d,0x0c,0xec,0x0d,0x0c,0xec,0x0d,0x0c,0xec,0x0d,0x0c,0xec,
0x0d,0x0c,0xec,0x0d,0x0c,0xec,0x0d,0x0c,0xec,0x0d,0x0c,0xec,0x0d,0x0c,0xec,0x0d,
0x0c,0xec,0x0d,0x0c,0xec,0x0d,0x0c,0xec,0x0d,0x0c,0xec,0x0d,0x0c,0xec,0x0d,0x0c,
0xec,0x0d,0x0c,0xec,0x0d,0x0c,0xec,0x0d,0x0c,0xec,0x0d,0x0c,0xec,0x0d,0x0c,0xec,
0x0d,0x0c,0xec,0x0d,0x0c,0xec,0x0d,0x0c,0xec,0x0d,0x0c,0xec,0x0d,0x0c,0xec,0x0d,
0x0c,0xec,0x0d,0x0c,0xec,0x0d,0x0c,0xec,0x0d,0x0c,0xec,0x0d,0x0c,0xec,0x0d,0x0c,
0xec,0x0d,0x0c,0xec,0x0d,0x0c,0xec,0x0d,0x0c,0xec,0x0d,0x0c,0xec,0x0d,0x0c,0xec,
0x0d,0x0c,0xec,0x0d,0x0c,0xec,0x0d,0x0c,0xec,0x0d,0x0c,0xec,0x0d,0x0c,0xec,0x0d,
0x0c,0xec,0x0d,0x0c,0xec,0x0d,0x0c,0xec,0x0d,0x0c,0xec,0x0d,0x0c,0xec,0x0d,0x0c,
0xec,0x0d,0x0c,0xec,0x0d,0x0c,0xec,0x0d,0x0c,0xec,0x0d,0x0c,0xec,0x0d,0x0c,0xec,
0x0d,0x0c,0xec,0x0d,0x0c,0xec,0x0d,0x0c,0xec,0x0d,0x0c,0xec,0x0d,0x0c,0xec,0x0d,
0x0c,0xec,0x0d,0x0c,0xec,0x0d,0x0c,0xec,0x0d,0x0c,0xec,0x0d,0x0c,0xec,0x0d,0x0c,
0xec,0x0d,0x0c,0xec,0x0d,0x0c,0xec,0x0d,0x0c,0xec,0x0d,0x0c,0xec,0x0d,0x0c,0xec,
0x0d,0x0c,0xec,0x0d,0x0c,0xec,0x0d,0x0c,0xec,0x0d,0x0c,0xec,0x0d,0x0c,0xec,0x0d,
0x0c,0xec,0x0d,0x0c,0xec,0x0d,0x0c,0xec,0x0d,0x0c,0xec,0x0d,0x0c,0xec,0x0d,0x0c,
0xec,0x0d,0x0c,0xec,0x0d,0x0c,0xec,0x0d,0x0c,0xec,0x0d,0x0c,0xec,0x0d,0x0c,0xec,
0x0d,0x0c,0xec,0x0d,0x0c,0xec,0x0d,0x0c,0xec,0x0d,0x0c,0xec,0x0d,0x0c,0xec,0x0d,
0x0c,0xec,0x0d,0x0c,0xec,0x0d,0x0c,0xec,0x0d,0x0c,0xec,0x0d,0x0c,0xec,0x0d,0x0c,
0xec,0x0d,0x0c,0xec,0x0d,0x0c,0xec,0x0d,0x0c,0xec,0x0d,0x0c,0xec,0x0d,0x0c,0xec,
0x0d,0x0c,0xec,0x0d,0x0c,0xec,0x0d,0x0c,0xec,0x0d,0x0c,0xec,0x0d,0x0c,0xec,0x0d,
0x0c,0xec,0x0d,0x0c,0xec,0x0d,0x0c,0xec,0x0d,0x0c,0xec,0x0d,0x0c,0xec,0x0d,0x0c,
0xec,0x0d,0x0c,0xec,0x0d,0x0c,0xec,0x0d,0x0c,0xec,0x0d,0x0c,0xec,0x0d,0x0c,0xec,
0x0d,0x0c,0xec,0x0d,0x0c,0xec,0x0d,0x0c,0xec,0x0d,0x0c,0xec,0x0d,0x0c,0xec,0x0d,
0x0c,0xec,0x0d,0x0c,0xec,0x0d,0x0c,0xec,0x0d,0x0c,0xec,0x0d,0x0c,0xec,0x0d,0x0c,
0xec,0x0d,0x0c,0xec,0x0d,0x0c,0xec,0x0d,0x0c,0xec,0x0d,0x0c,0xec,0x0d,0x0c,0xec,
0x0d,0x0c,0xec,0x0d,0x0c,0xec,0x0d,0x0c,0xec,0x0d,0x0c,0xec,0x0d,0x0c,0xec,0x0d,
0x0c,0xec,0x0d,0x0c,0xec,0x0d,0x0c,0xec,0x0d,0x0c,0xec,0x0d,0x0c,0xec,0x0d,0x0c,
0xec,0x0d,0x0c,0xec,0x0d,0x0c,0xec,0x0d,0x0c,0xec,0x0d,0x0c,0xec,0x0d,0x0c,0xec,
0x0d,0x0c,0xec,0x0d,0x0c,0xec,0x0d,0x0c,0xec,0x0d,0x0c,0xec,0x0d,0x0c,0xec,0x0d,
0x0c,0xec,0x0d,0x0c,0xec,0x0d,0x0c,0xec,0x0d,0x0c,0xec,0x0d,0x0c,0xec,0x0d,0x0c,
0xec,0x0d,0x0c,0xec,0x0d,0x0c,0xec,0x0d,0x0c,0xec,0x0d,0x0c,0xec,0x0d,0x0c,0xec,
0x0d,0x0c,0xec,0x0d,0x0c,0xec,0x0d,0x0c,0xec,0x0d,0x0c,0xec,0x0d,0x0c,0xec,0x0d,
0x0c,0xec,0x0d,0x0c,0xec,0x0d,0x0c,0xec,0x0d,0x0c,0xec,0x0d,0x0c,0xec,0x0d,0x0c,
0xec,0x0d,0x0c,0xec,0x0d,0x0c,0xec,0x0d,0x0c,0xec,0x0d,0x0c,0xec,0x0d,0x0c,0xec,
0x0d,0x0c,0xec,0x0d,0x0c,0xec,0x0d,0x0c,0xec,0x0d,0x0c,0xec,0x0d,0x0c,0xec,0x0d,
0x0c,0xec,0x0d,0x0c,0xec,0x0d,0x0c,0xec,0x0d,0x0c,0xec,0x0d,0x0c,0xec,0x0d,0x0c,
0xec,0x0d,0x0c,0xec,0x0d,0x0c,0xec,0x0d,0x0c,0xec,0x0d,0x0c,0xec,0x0d,0x0c,0xec,
0x0d,0x0c,0xec,0x0d,0x0c,0xec,0x0d,0x0c,0xec,0x0d,0x0c,0xec,0x0d,0x0c,0xec,0x0d,
0x0c,0xec,0x0d,0x0c,0xec,0x0d,0x0c,0xec,0x0d,0x0c,0xec,0x0d,0x0c,0xec,0x0d,0x0c,
0xec,0x0d,0x0c,0xec,0x0d,0x0c,0xec,0x0d,0x0c,0xec,0x0d,0x0c,0xec,0x0d,0x0c,0xec,
0x0d,0x0c,0xec,0x0d,0x0c,0xec,0x0d,0x0c,0xec,0x0d,0x0c,0xec,0x0d,0x0c,0xec,0x0d,
0x0c,0xec,0x0d,0x0c,0xec,0x0d,0x0c,0xec,0x0d,0x0c,0xec,0x0d,0x0c,0xec,0x0d,0x0c,
0xec,0x0d,0x0c,0xec,0x0d,0x0c,0xec,0x0d,0x0c,0xec,0x0d,0x0c,0xec,0x0d,0x0c,0xec,
0x0d,0x0c,0xec,0x0d,0x0c,0xec,0x0d,0x0c,0xec,0x0d,0x0c,0xec,0x0d,0x0c,0xec,0x0d,
0x0c,0xec,0x0d,0x0c,0xec,0x0d,0x0c,0xec,0x0d,0x0c,0xec,0x0d,0x0c,0xec,0x0d,0x0c,
0xec,0x0d,0x0c,0xec,0x0d,0x0c,0xec,0x0d,0x0c,0xec,0x0d,0x0c,0xec,0x0d,0x0c,0xec,
0x0d,0x0c,0xec,0x0d,0x0c,0xec,0x0d,0x0c,0xec,0x0d,0x0c,0xec,0x0d,0x0c,0xec,0x0d,
0x0c,0xec,0x0d,0x0c,0xec,0x0d,0x0c,0xec,0x0d,0x0c,0xec,0x0d,0x0c,0xec,0x0d,0x0c,
0xec,0x0d,0x0c,0xec,0x0d,0x0c,0xec,0x0d,0x0c,0xec,0x0d,0x0c,0xec,0x0d,0x0c,0xec,
0x0d,0x0c,0xec,0x0d,0x0c,0xec,0x0d,0x0c,0xec,0x0d,0x0c,0xec,0x0d,0x0c,0xec,0x0d,
0x0c,0xec,0x0d,0x0c,0xec,0x0d,0x0c,0xec,0x0d,0x0c,0xec,0x0d,0x0c,0xec,0x0d,0x0c,
0xec,0x0d,0x0c,0xec,0x0d,0x0c,0xec,0x0d,0x0c,0xec,0x0d,0x0c,0xec,0x0d,0x0c,0xec,
0x0d,0x0c,0xec,0x0d,0x0c,0xec,0x0d,0x0c,0xec,0x0d,0x0c,0xec,0x0d,0x0c,0xec,0x0d,
0x0c,0xec,0x0d,0x0c,0xec,0x0d,0x0c,0xec,0x0d,0x0c,0xec,0x0d,0x0c,0xec,0x0d,0x0c,
0xec,0x0d,0x0c,0xec,0x0d,0x0c,0xec,0x0d,0x0c,0xec,0x0d,0x0c,0xec,0x0d,0x0c,0xec,
0x0d,0x0c,0xec,0x0d,0x0c,0xec,0x0d,0x0c,0xec,0x0d,0x0c,0xec,0x0d,0x0c,0xec,0x0d,
0x0c,0xec,0x0d,0x0c,0xec,0x0d,0x0c,0xec,0x0d,0x0c,0xec,0x0d,0x0c,0xec,0x0d,0x0c,
0xec,0x0d,0x0c,0xec,0x0d,0x0c,0xec,0x0d,0x0c,0xec,0x0d,0x0c,0xec,0x0d,0x0c,0xec,
0x0d,0x0c,0xec,0x0d,0x0c,0xec,0x0d,0x0c,0xec,0x0d,0x0c,0xec,0x0d,0x0c,0xec,0x0d,
0x0c,0xec,0x0d,0x0c,0xec,0x0d,0x0c,0xec,0x0d,0x0c,0xec,0x0d,0x0c,0xec,0x0d,0x0c,
0xec,0x0d,0x0c,0xec,0x0d,0x0c,0xec,0x0d,0x0c,0xec,0x0d,0x0c,0xec,0x0d,0x0c,0xec,
0x0d,0x0c,0xec,0x0d,0x0c,0xec,0x0d,0x0c,0xec,0x0d,0x0c,0xec,0x0d,0x0c,0xec,0x0d,
0x0c,0xec,0x0d,0x0c,0xec,0x0d,0x0c,0xec,0x0d,0x0c,0xec,0x0d,0x0c,0xec,0x0d,0x0c,
0xec,0x0d,0x0c,0xec,0x0d,0x0c,0xec,0x0d,0x0c,0xec,0x0d,0x0c,0xec,0x0d,0x0c,0xec,
0x0d,0x0c,0xec,0x0d,0x0c,0xec,0x0d,0x0c,0xec,0x0d,0x0c,0xec,0x0d,0x0c,0xec,0x0d,
0x0c,0xec,0x0d,0x0c,0xec,0x0d,0x0c,0xec,0x0d,0x0c,0xec,0x0d,0x0c,0xec,0x0d,0x0c,
0xec,0x0d,0x0c,0xec,0x0d,0x0c,0xec,0x0d,0x0c,0xec,0x0d,0x0c,0xec,0x0d,0x0c,0xec,
0x0d,0x0c,0xec,0x0d,0x0c,0xec,0x0d,0x0c,0xec,0x0d,0x0c,0xec,0x0d,0x0c,0xec,0x0d,
0x0d,0x0f,0xea,0x0d,0x0f,0xea,0x0d,0x0f,0xea,0x0d,0x0f,0xea,0x0d,0x0f,0xea,0x0d,
0x0f,0xea,0x0d,0x0f,0xea,0x0d,0x0f,0xea,0x0d,0x0f,0xea,0x0d,0x0f,0xea,0x0d,0x0f,
0xea,0x0d,0x0f,0xea,0x0d,0x0f,0xea,0x0d,0x0f,0xea,0x0d,0x0f,0xea,0x0d,0x0f,0xea,
0x0d,0x0f,0xea,0x0d,0x0f,0xea,0x0d,0x0f,0xea,0x0d,0x0f,0xea,0x0d,0x0f,0xea,0x0d,
0x0f,0xea,0x0d,0x0f,0xea,0x0d,0x0f,0xea,0x0d,0x0f,0xea,0x0d,0x0f,0xea,0x0d,0x0f,
0xea,0x0d,0x0f,0xea,0x0d,0x0f,0xea,0x0d,0x0f,0xea,0x0d,0x0f,0xea,0x0d,0x0f,0xea,
0x0d,0x0f,0xea,0x0d,0x0f,0xea,0x0d,0x0f,0xea,0x0d,0x0f,0xea,0x0d,0x0f,0xea,0x0d,
0x0f,0xea,0x0d,0x0f,0xea,0x0d,0x0f,0xea,0x0d,0x0f,0xea,0x0d,0x0f,0xea,0x0d,0x0f,
0xea,0x0d,0x0f,0xea,0x0d,0x0f,0xea,0x0d,0x0f,0xea,0x0d,0x0f,0xea,0x0d,0x0f,0xea,
0x0d,0x0f,0xea,0x0d,0x0f,0xea,0x0d,0x0f,0xea,0x0d,0x0f,0xea,0x0d,0x0f,0xea,0x0d,
0x0f,0xea,0x0d,0x0f,0xea,0x0d,0x0f,0xea,0x0d,0x0f,0xea,0x0d,0x0f,0xea,0x0d,0x0f,
0xea,0x0d,0x0f,0xea,0x0d,0x0f,0xea,0x0d,0x0f,0xea,0x0d,0x0f,0xea,0x0d,0x0f,0xea,
0x0d,0x0f,0xea,0x0d,0x0f,0xea,0x0d,0x0f,0xea,0x0d,0x0f,0xea,0x0d,0x0f,0xea,0x0d,
0x0f,0xea,0x0d,0x0f,0xea,0x0d,0x0f,0xea,0x0d,0x0f,0xea,0x0d,0x0f,0xea,0x0d,0x0f,
0xea,0x0d,0x0f,0xea,0x0d,0x0f,0xea,0x0d,0x0f,0xea,0x0d,0x0f,0xea,0x0d,0x0f,0xea,
0x0d,0x0f,0xea,0x0d,0x0f,0xea,0x0d,0x0f,0xea,0x0d,0x0f,0xea,0x0d,0x0f,0xea,0x0d,
0x0f,0xea,0x0d,0x0f,0xea,0x0d,0x0f,0xea,0x0d,0x0f,0xea,0x0d,0x0f,0xea,0x0d,0x0f,
0xea,0x0d,0x0f,0xea,0x0d,0x0f,0xea,0x0d,0x0f,0xea,0x0d,0x0f,0xea,0x0d,0x0f,0xea,
0x0d,0x0f,0xea,0x0d,0x0f,0xea,0x0d,0x0f,0xea,0x0d,0x0f,0xea,0x0d,0x0f,0xea,0x0d,
0x0f,0xea,0x0d,0x0f,0xea,0x0d,0x0f,0xea,0x0d,0x0f,0xea,0x0d,0x0f,0xea,0x0d,0x0f,
0xea,0x0d,0x0f,0xea,0x0d,0x0f,0xea,0x0d,0x0f,0xea,0x0d,0x0f,0xea,0x0d,0x0f,0xea,
0x0d,0x0f,0xea,0x0d,0x0f,0xea,0x0d,0x0f,0xea,0x0d,0x0f,0xea,0x0d,0x0f,0xea,0x0d,
0x0f,0xea,0x0d,0x0f,0xea,0x0d,0x0f,0xea,0x0d,0x0f,0xea,0x0d,0x0f,0xea,0x0d,0x0f,
0xea,0x0d,0x0f,0xea,0x0d,0x0f,0xea,0x0d,0x0f,0xea,0x0d,0x0f,0xea,0x0d,0x0f,0xea,
0x0d,0x0f,0xea,0x0d,0x0f,0xea,0x0d,0x0f,0xea,0x0d,0x0f,0xea,0x0d,0x0f,0xea,0x0d,
0x0f,0xea,0x0d,0x0f,0xea,0x0d,0x0f,0xea,0x0d,0x0f,0xea,0x0d,0x0f,0xea,0x0d,0x0f,
0xea,0x0d,0x0f,0xea,0x0d,0x0f,0xea,0x0d,0x0f,0xea,0x0d,0x0f,0xea,0x0d,0x0f,0xea,
0x0d,0x0f,0xea,0x0d,0x0f,0xea,0x0d,0x0f,0xea,0x0d,0x0f,0xea,0x0d,0x0f,0xea,0x0d,
0x0f,0xea,0x0d,0x0f,0xea,0x0d,0x0f,0xea,0x0d,0x0f,0xea,0x0d,0x0f,0xea,0x0d,0x0f,
0xea,0x0d,0x0f,0xea,0x0d,0x0f,0xea,0x0d,0x0f,0xea,0x0d,0x0f,0xea,0x0d,0x0f,0xea,
0x0d,0x0f,0xea,0x0d,0x0f,0xea,0x0d,0x0f,0xea,0x0d,0x0f,0xea,0x0d,0x0f,0xea,0x0d,
0x0f,0xea,0x0d,0x0f,0xea,0x0d,0x0f,0xea,0x0d,0x0f,0xea,0x0d,0x0f,0xea,0x0d,0x0f,
0xea,0x0d,0x0f,0xea,0x0d,0x0f,0xea,0x0d,0x0f,0xea,0x0d,0x0f,0xea,0x0d,0x0f,0xea,
0x0d,0x0f,0xea,0x0d,0x0f,0xea,0x0d,0x0f,0xea,0x0d,0x0f,0xea,0x0d,0x0f,0xea,0x0d,
0x0f,0xea,0x0d,0x0f,0xea,0x0d,0x0f,0xea,0x0d,0x0f,0xea,0x0d,0x0f,0xea,0x0d,0x0f,
0xea,0x0d,0x0f,0xea,0x0d,0x0f,0xea,0x0d,0x0f,0xea,0x0d,0x0f,0xea,0x0d,0x0f,0xea,
0x0d,0x0f,0xea,0x0d,0x0f,0xea,0x0d,0x0f,0xea,0x0d,0x0f,0xea,0x0d,0x0f,0xea,0x0d,
0x0f,0xea,0x0d,0x0f,0xea,0x0d,0x0f,0xea,0x0d,0x0f,0xea,0x0d,0x0f,0xea,0x0d,0x0f,
0xea,0x0d,0x0f,0xea,0x0d,0x0f,0xea,0x0d,0x0f,0xea,0x0d,0x0f,0xea,0x0d,0x0f,0xea,
0x0d,0x0f,0xea,0x0d,0x0f,0xea,0x0d,0x0f,0xea,0x0d,0x0f,0xea,0x0d,0x0f,0xea,0x0d,
0x0f,0xea,0x0d,0x0f,0xea,0x0d,0x0f,0xea,0x0d,0x0f,0xea,0x0d,0x0f,0xea,0x0d,0x0f,
0xea,0x0d,0x0f,0xea,0x0d,0x0f,0xea,0x0d,0x0f,0xea,0x0d,0x0f,0xea,0x0d,0x0f,0xea,
0x0d,0x0f,0xea,0x0d,0x0f,0xea,0x0d,0x0f,0xea,0x0d,0x0f,0xea,0x0d,0x0f,0xea,0x0d,
0x0f,0xea,0x0d,0x0f,0xea,0x0d,0x0f,0xea,0x0d,0x0f,0xea,0x0d,0x0f,0xea,0x0d,0x0f,
0xea,0x0d,0x0f,0xea,0x0d,0x0f,0xea,0x0d,0x0f,0xea,0x0d,0x0f,0xea,0x0d,0x0f,0xea,
0x0d,0x0f,0xea,0x0d,0x0f,0xea,0x0d,0x0f,0xea,0x0d,0x0f,0xea,0x0d,0x0f,0xea,0x0d,
0x0f,0xea,0x0d,0x0f,0xea,0x0d,0x0f,0xea,0x0d,0x0f,0xea,0x0d,0x0f,0xea,0x0d,0x0f,
0xea,0x0d,0x0f,0xea,0x0d,0x0f,0xea,0x0d,0x0f,0xea,0x0d,0x0f,0xea,0x0d,0x0f,0xea,
0x0d,0x0f,0xea,0x0d,0x0f,0xea,0x0d,0x0f,0xea,0x0d,0x0f,0xea,0x0d,0x0f,0xea,0x0d,
0x0f,0xea,0x0d,0x0f,0xea,0x0d,0x0f,0xea,0x0d,0x0f,0xea,0x0d,0x0f,0xea,0x0d,0x0f,
0xea,0x0d,0x0f,0xea,0x0d,0x0f,0xea,0x0d,0x0f,0xea,0x0d,0x0f,0xea,0x0d,0x0f,0xea,
0x0d,0x0f,0xea,0x0d,0x0f,0xea,0x0d,0x0f,0xea,0x0d,0x0f,0xea,0x0d,0x0f,0xea,0x0d,
0x0f,0xea,0x0d,0x0f,0xea,0x0d,0x0f,0xea,0x0d,0x0f,0xea,0x0d,0x0f,0xea,0x0d,0x0f,
0xea,0x0d,0x0f,0xea,0x0d,0x0f,0xea,0x0d,0x0f,0xea,0x0d,0x0f,0xea,0x0d,0x0f,0xea,
0x0d,0x0f,0xea,0x0d,0x0f,0xea,0x0d,0x0f,0xea,0x0d,0x0f,0xea,0x0d,0x0f,0xea,0x0d,
0x0f,0xea,0x0d,0x0f,0xea,0x0d,0x0f,0xea,0x0d,0x0f,0xea,0x0d,0x0f,0xea,0x0d,0x0f,
0xea,0x0d,0x0f,0xea,0x0d,0x0f,0xea,0x0d,0x0f,0xea,0x0d,0x0f,0xea,0x0d,0x0f,0xea,
0x0d,0x0f,0xea,0x0d,0x0f,0xea,0x0d,0x0f,0xea,0x0d,0x0f,0xea,0x0d,0x0f,0xea,0x0d,
0x0f,0xea,0x0d,0x0f,0xea,0x0d,0x0f,0xea,0x0d,0x0f,0xea,0x0d,0x0f,0xea,0x0d,0x0f,
0xea,0x0d,0x0f,0xea,0x0d,0x0f,0xea,0x0d,0x0f,0xea,0x0d,0x0f,0xea,0x0d,0x0f,0xea,
0x0d,0x0f,0xea,0x0d,0x0f,0xea,0x0d,0x0f,0xea,0x0d,0x0f,0xea,0x0d,0x0f,0xea,0x0d,
0x0f,0xea,0x0d,0x0f,0xea,0x0d,0x0f,0xea,0x0d,0x0f,0xea,0x0d,0x0f,0xea,0x0d,0x0f,
0xea,0x0d,0x0f,0xea,0x0d,0x0f,0xea,0x0d,0x0f,0xea,0x0d,0x0f,0xea,0x0d,0x0f,0xea,
0x0d,0x0f,0xea,0x0d,0x0f,0xea,0x0d,0x0f,0xea,0x0d,0x0f,0xea,0x0d,0x0f,0xea,0x0d,
0x0f,0xea,0x0d,0x0f,0xea,0x0d,0x0f,0xea,0x0d,0x0f,0xea,0x0d,0x0f,0xea,0x0d,0x0f,
0xea,0x0d,0x0f,0xea,0x0d,0x0f,0xea,0x0d,0x0f,0xea,0x0d,0x0f,0xea,0x0d,0x0f,0xea,
0x0d,0x0f,0xea,0x0d,0x0f,0xea,0x0d,0x0f,0xea,0x0d,0x0f,0xea,0x0d,0x0f,0xea,0x0d,
0x0f,0xea,0x0d,0x0f,0xea,0x0d,0x0f,0xea,0x0d,0x0f,0xea,0x0d,0x0f,0xea,0x0d,0x0f,
0xea,0x0d,0x0f,0xea,0x0d,0x0f,0xea,0x0d,0x0f,0xea,0x0d,0x0f,0xea,0x0d,0x0f,0xea,
0x0d,0x0f,0xea,0x0d,0x0f,0xea,0x0d,0x0f,0xea,0x0d,0x0f,0xea,0x0d,0x0f,0xea,0x0d,
0x0f,0xea,0x0d,0x0f,0xea,0x0d,0x0f,0xea,0x0d,0x0f,0xea,0x0d,0x0f,0xea,0x0d,0x0f,
0xea,0x0d,0x0f,0xea,0x0d,0x0f,0xea,0x0d,0x0f,0xea,0x0d,0x0f,0xea,0x0d,0x0f,0xea,
0x0d,0x0f,0xea,0x0d,0x0f,0xea,0x0d,0x0f,0xea,0x0d,0x0f,0xea,0x0d,0x0f,0xea,0x0d,
0x0f,0xea,0x0d,0x0f,0xea,0x0d,0x0f,0xea,0x0d,0x0f,0xea,0x0d,0x0f,0xea,0x0d,0x0f,
0xea,0x0d,0x0f,0xea,0x0d,0x0f,0xea,0x0d,0x0f,0xea,0x0d,0x0f,0xea,0x0d,0x0f,0xea,
0x0d,0x0f,0xea,0x0d,0x0f,0xea,0x0d,0x0f,0xea,0x0d,0x0f,0xea,0x0d,0x0f,0xea,0x0d,
0x0f,0xea,0x0d,0x0f,0xea,0x0d,0x0f,0xea,0x0d,0x0f,0xea,0x0d,0x0f,0xea,0x0d,0x0f,
0xea,0x0d,0x0f,0xea,0x0d,0x0f,0xea,0x0d,0x0f,0xea,0x0d,0x0f,0xea,0x0d,0x0f,0xea,
0x0d,0x0f,0xea,0x0d,0x0f,0xea,0x0d,0x0f,0xea,0x0d,0x0f,0xea,0x0d,0x0f,0xea,0x0d,
0x0f,0xea,0x0d,0x0f,0xea,0x0d,0x0f,0xea,0x0d,0x0f,0xea,0x0d,0x0f,0xea,0x0d,0x0f,
0xea,0x0d,0x0f,0xea,0x0d,0x0f,0xea,0x0d,0x0f,0xea,0x0d,0x0f,0xea,0x0d,0x0f,0xea,
0x0d,0x0f,0xea,0x0d,0x0f,0xea,0x0d,0x0f,0xea,0x0d,0x0f,0xea,0x0d,0x0f,0xea,0x0d,
0x0f,0xea,0x0d,0x0f,0xea,0x0d,0x0f,0xea,0x0d,0x0f,0xea,0x0d,0x0f,0xea,0x0d,0x0f,
0xea,0x0d,0x0f,0xea,0x0d,0x0f,0xea,0x0d,0x0f,0xea,0x0d,0x0f,0xea,0x0d,0x0f,0xea,
0x0d,0x0f,0xea,0x0d,0x0f,0xea,0x0d,0x0f,0xea,0x0d,0x0f,0xea,0x0d,0x0f,0xea,0x0d,
0x0f,0xea,0x0d,0x0f,0xea,0x0d,0x0f,0xea,0x0d,0x0f,0xea,0x0d,0x0f,0xea,0x0d,0x0f,
0xea,0x0d,0x0f,0xea,0x0d,0x0f,0xea,0x0d,0x0f,0xea,0x0d,0x0f,0xea,0x0d,0x0f,0xea,
0x0d,0x0f,0xea,0x0d,0x0f,0xea,0x0d,0x0f,0xea,0x0d,0x0f,0xea,0x0d,0x0f,0xea,0x0d,
0x0f,0xea,0x0d,0x0f,0xea,0x0d,0x0f,0xea,0x0d,0x0f,0xea,0x0d,0x0f,0xea,0x0d,0x0f,
0xea,0x0d,0x0f,0xea,0x0d,0x0f,0xea,0x0d,0x0f,0xea,0x0d,0x0f,0xea,0x0d,0x0f,0xea,
0x0d,0x0f,0xea,0x0d,0x0f,0xea,0x0d,0x0f,0xea,0x0d,0x0f,0xea,0x0d,0x0f,0xea,0x0d,
0x0f,0xea,0x0d,0x0f,0xea,0x0d,0x0f,0xea,0x0d,0x0f,0xea,0x0d,0x0f,0xea,0x0d,0x0f,
0xea,0x0d,0x0f,0xea,0x0d,0x0f,0xea,0x0d,0x0f,0xea,0x0d,0x0f,0xea,0x0d,0x0f,0xea,
0x0d,0x0f,0xea,0x0d,0x0f,0xea,0x0d,0x0f,0xea,0x0d,0x0f,0xea,0x0d,0x0f,0xea,0x0d,
0x0f,0xea,0x0d,0x0f,0xea,0x0d,0x0f,0xea,0x0d,0x0f,0xea,0x0d,0x0f,0xea,0x0d,0x0f,
0xea,0x0d,0x0f,0xea,0x0d,0x0f,0xea,0x0d,0x0f,0xea,0x0d,0x0f,0xea,0x0d,0x0f,0xea,
0x0d,0x0f,0xea,0x0d,0x0f,0xea,0x0d,0x0f,0xea,0x0d,0x0f,0xea,0x0d,0x0f,0xea,0x0d,
0x0f,0xea,0x0d,0x0f,0xea,0x0d,0x0f,0xea,0x0d,0x0f,0xea,0x0d,0x0f,0xea,0x0d,0x0f,
0xea,0x0d,0x0f,0xea,0x0d,0x0f,0xea,0x0d,0x0f,0xea,0x0d,0x0f,0xea,0x0d,0x0f,0xea,
0x0d,0x0f,0xea,0x0d,0x0f,0xea,0x0d,0x0f,0xea,0x0d,0x0f,0xea,0x0d,0x0f,0xea,0x0d,
0x0f,0xea,0x0d,0x0f,0xea,0x0d,0x0f,0xea,0x0d,0x0f,0xea,0x0d,0x0f,0xea,0x0d,0x0f,
0xea,0x0d,0x0f,0xea,0x0d,0x0f,0xea,0x0d,0x0f,0xea,0x0d,0x0f,0xea,0x0d,0x0f,0xea,
0x0d,0x0f,0xea,0x0d,0x0f,0xea,0x0d,0x0f,0xea,0x0d,0x0f,0xea,0x0d,0x0f,0xea,0x0d,
0x0f,0xea,0x0d,0x0f,0xea,0x0d,0x0f,0xea,0x0d,0x0f,0xea,0x0d,0x0f,0xea,0x0d,0x0f,
0xea,0x0d,0x0f,0xea,0x0d,0x0f,0xea,0x0d,0x0f,0xea,0x0d,0x0f,0xea,0x0d,0x0f,0xea,
0x0d,0x0f,0xea,0x0d,0x0f,0xea,0x0d,0x0f,0xea,0x0d,0x0f,0xea,0x0d,0x0f,0xea,0x0d,
0x0f,0xea,0x0d,0x0f,0xea,0x0d,0x0f,0xea,0x0d,0x0f,0xea,0x0d,0x0f,0xea,0x0d,0x0f,
0xea,0x0d,0x0f,0xea,0x0d,0x0f,0xea,0x0d,0x0f,0xea,0x0d,0x0f,0xea,0x0d,0x0f,0xea,
0x0d,0x0f,0xea,0x0d,0x0f,0xea,0x0d,0x0f,0xea,0x0d,0x0f,0xea,0x0d,0x0f,0xea,0x0d,
0x0f,0xea,0x0d,0x0f,0xea,0x0d,0x0f,0xea,0x0d,0x0f,0xea,0x0d,0x0f,0xea,0x0d,0x0f,
0xea,0x0d,0x0f,0xea,0x0d,0x0f,0xea,0x0d,0x0f,0xea,0x0d,0x0f,0xea,0x0d,0x0f,0xea,
0x0d,0x0f,0xea,0x0d,0x0f,0xea,0x0d,0x0f,0xea,0x0d,0x0f,0xea,0x0d,0x0f,0xea,0x0d,
0x0f,0xea,0x0d,0x0f,0xea,0x0d,0x0f,0xea,0x0d,0x0f,0xea,0x0d,0x0f,0xea,0x0d,0x0f,
0xea,0x0d,0x0f,0xea,0x0d,0x0f,0xea,0x0d,0x0f,0xea,0x0d,0x0f,0xea,0x0d,0x0f,0xea,
0x0d,0x0f,0xea,0x0d,0x0f,0xea,0x0d,0x0f,0xea,0x0d,0x0f,0xea,0x0d,0x0f,0xea,0x0d,
0x0f,0xea,0x0d,0x0f,0xea,0x0d,0x0f,0xea,0x0d,0x0f,0xea,0x0d,0x0f,0xea,0x0d,0x0f,
0xea,0x0d,0x0f,0xea,0x0d,0x0f,0xea,0x0d,0x0f,0xea,0x0d,0x0f,0xea,0x0d,0x0f,0xea,
0x0d,0x0f,0xea,0x0d,0x0f,0xea,0x0d,0x0f,0xea,0x0d,0x0f,0xea,0x0d,0x0f,0xea,0x0d,
0x0f,0xea,0x0d,0x0f,0xea,0x0d,0x0f,0xea,0x0d,0x0f,0xea,0x0d,0x0f,0xea,0x0d,0x0f,
0xea,0x0d,0x0f,0xea,0x0d,0x0f,0xea,0x0d,0x0f,0xea,0x0d,0x0f,0xea,0x0d,0x0f,0xea,
0xe4,0xe4,0xe4,0xdd,0xdd,0xdd,0xd4,0xd7,0xd4,0xcd,0xd0,0xcd,0xc6,0xc9,0xc6,0xbf,
0xc2,0xbf,0xb8,0xbb,0xb8,0xb0,0xb3,0xb0,0xa9,0xac,0xa9,0xa3,0xa6,0xa3,0x9c,0x9f,
0x9c,0x94,0x97,0x94,0x8e,0x91,0x8e,0x87,0x8a,0x87,0x80,0x83,0x80,0x78,0x7b,0x78,
0x71,0x74,0x71,0x6a,0x6d,0x6a,0x62,0x66,0x63,0x5b,0x5f,0x5c,0x54,0x58,0x55,0x4e,
0x52,0x4f,0x47,0x4b,0x48,0x3f,0x43,0x40,0x38,0x3c,0x39,0x31,0x35,0x32,0x2a,0x2f,
0x29,0x23,0x28,0x22,0x1c,0x21,0x1b,0x15,0x1a,0x14,0x10,0x13,0x10,0xe8,0xeb,0xe8,
0xe4,0xe4,0xe4,0xdd,0xdd,0xdd,0xd4,0xd7,0xd4,0xcd,0xd0,0xcd,0xc6,0xc9,0xc6,0xbf,
0xc2,0xbf,0xb8,0xbb,0xb8,0xb0,0xb3,0xb0,0xa9,0xac,0xa9,0xa3,0xa6,0xa3,0x9c,0x9f,
0x9c,0x94,0x97,0x94,0x8e,0x91,0x8e,0x87,0x8a,0x87,0x80,0x83,0x80,0x78,0x7b,0x78,
0x71,0x74,0x71,0x6a,0x6d,0x6a,0x62,0x66,0x63,0x5b,0x5f,0x5c,0x54,0x58,0x55,0x4e,
0x52,0x4f,0x47,0x4b,0x48,0x3f,0x43,0x40,0x38,0x3c,0x39,0x31,0x35,0x32,0x2a,0x2f,
0x29,0x23,0x28,0x22,0x1c,0x21,0x1b,0x15,0x1a,0x14,0x10,0x13,0x10,0xe8,0xeb,0xe8,
0xe4,0xe4,0xe4,0xdd,0xdd,0xdd,0xd4,0xd7,0xd4,0xcd,0xd0,0xcd,0xc6,0xc9,0xc6,0xbf,
0xc2,0xbf,0xb8,0xbb,0xb8,0xb0,0xb3,0xb0,0xa9,0xac,0xa9,0xa3,0xa6,0xa3,0x9c,0x9f,
0x9c,0x94,0x97,0x94,0x8e,0x91,0x8e,0x87,0x8a,0x87,0x80,0x83,0x80,0x78,0x7b,0x78,
0x71,0x74,0x71,0x6a,0x6d,0x6a,0x62,0x66,0x63,0x5b,0x5f,0x5c,0x54,0x58,0x55,0x4e,
0x52,0x4f,0x47,0x4b,0x48,0x3f,0x43,0x40,0x38,0x3c,0x39,0x31,0x35,0x32,0x2a,0x2f,
0x29,0x23,0x28,0x22,0x1c,0x21,0x1b,0x15,0x1a,0x14,0x10,0x13,0x10,0xe8,0xeb,0xe8,
0xe4,0xe4,0xe4,0xdd,0xdd,0xdd,0xd4,0xd7,0xd4,0xcd,0xd0,0xcd,0xc6,0xc9,0xc6,0xbf,
0xc2,0xbf,0xb8,0xbb,0xb8,0xb0,0xb3,0xb0,0xa9,0xac,0xa9,0xa3,0xa6,0xa3,0x9c,0x9f,
0x9c,0x94,0x97,0x94,0x8e,0x91,0x8e,0x87,0x8a,0x87,0x80,0x83,0x80,0x78,0x7b,0x78,
0x71,0x74,0x71,0x6a,0x6d,0x6a,0x62,0x66,0x63,0x5b,0x5f,0x5c,0x54,0x58,0x55,0x4e,
0x52,0x4f,0x47,0x4b,0x48,0x3f,0x43,0x40,0x38,0x3c,0x39,0x31,0x35,0x32,0x2a,0x2f,
0x29,0x23,0x28,0x22,0x1c,0x21,0x1b,0x15,0x1a,0x14,0x10,0x13,0x10,0xe8,0xeb,0xe8,
0xe4,0xe4,0xe4,0xdd,0xdd,0xdd,0xd4,0xd7,0xd4,0xcd,0xd0,0xcd,0xc6,0xc9,0xc6,0xbf,
0xc2,0xbf,0xb8,0xbb,0xb8,0xb0,0xb3,0xb0,0xa9,0xac,0xa9,0xa3,0xa6,0xa3,0x9c,0x9f,
0x9c,0x94,0x97,0x94,0x8e,0x91,0x8e,0x87,0x8a,0x87,0x80,0x83,0x80,0x78,0x7b,0x78,
0x71,0x74,0x71,0x6a,0x6d,0x6a,0x62,0x66,0x63,0x5b,0x5f,0x5c,0x54,0x58,0x55,0x4e,
0x52,0x4f,0x47,0x4b,0x48,0x3f,0x43,0x40,0x38,0x3c,0x39,0x31,0x35,0x32,0x2a,0x2f,
0x29,0x23,0x28,0x22,0x1c,0x21,0x1b,0x15,0x1a,0x14,0x10,0x13,0x10,0xe8,0xeb,0xe8,
0xe4,0xe4,0xe4,0xdd,0xdd,0xdd,0xd4,0xd7,0xd4,0xcd,0xd0,0xcd,0xc6,0xc9,0xc6,0xbf,
0xc2,0xbf,0xb8,0xbb,0xb8,0xb0,0xb3,0xb0,0xa9,0xac,0xa9,0xa3,0xa6,0xa3,0x9c,0x9f,
0x9c,0x94,0x97,0x94,0x8e,0x91,0x8e,0x87,0x8a,0x87,0x80,0x83,0x80,0x78,0x7b,0x78,
0x71,0x74,0x71,0x6a,0x6d,0x6a,0x62,0x66,0x63,0x5b,0x5f,0x5c,0x54,0x58,0x55,0x4e,
0x52,0x4f,0x47,0x4b,0x48,0x3f,0x43,0x40,0x38,0x3c,0x39,0x31,0x35,0x32,0x2a,0x2f,
0x29,0x23,0x28,0x22,0x1c,0x21,0x1b,0x15,0x1a,0x14,0x10,0x13,0x10,0xe8,0xeb,0xe8,
0xe4,0xe4,0xe4,0xdd,0xdd,0xdd,0xd4,0xd7,0xd4,0xcd,0xd0,0xcd,0xc6,0xc9,0xc6,0xbf,
0xc2,0xbf,0xb8,0xbb,0xb8,0xb0,0xb3,0xb0,0xa9,0xac,0xa9,0xa3,0xa6,0xa3,0x9c,0x9f,
0x9c,0x94,0x97,0x94,0x8e,0x91,0x8e,0x87,0x8a,0x87,0x80,0x83,0x80,0x78,0x7b,0x78,
0x71,0x74,0x71,0x6a,0x6d,0x6a,0x62,0x66,0x63,0x5b,0x5f,0x5c,0x54,0x58,0x55,0x4e,
0x52,0x4f,0x47,0x4b,0x48,0x3f,0x43,0x40,0x38,0x3c,0x39,0x31,0x35,0x32,0x2a,0x2f,
0x29,0x23,0x28,0x22,0x1c,0x21,0x1b,0x15,0x1a,0x14,0x10,0x13,0x10,0xe8,0xeb,0xe8,
0xe4,0xe4,0xe4,0xdd,0xdd,0xdd,0xd4,0xd7,0xd4,0xcd,0xd0,0xcd,0xc6,0xc9,0xc6,0xbf,
0xc2,0xbf,0xb8,0xbb,0xb8,0xb0,0xb3,0xb0,0xa9,0xac,0xa9,0xa3,0xa6,0xa3,0x9c,0x9f,
0x9c,0x94,0x97,0x94,0x8e,0x91,0x8e,0x87,0x8a,0x87,0x80,0x83,0x80,0x78,0x7b,0x78,
0x71,0x74,0x71,0x6a,0x6d,0x6a,0x62,0x66,0x63,0x5b,0x5f,0x5c,0x54,0x58,0x55,0x4e,
0x52,0x4f,0x47,0x4b,0x48,0x3f,0x43,0x40,0x38,0x3c,0x39,0x31,0x35,0x32,0x2a,0x2f,
0x29,0x23,0x28,0x22,0x1c,0x21,0x1b,0x15,0x1a,0x14,0x10,0x13,0x10,0xe8,0xeb,0xe8,
0xe4,0xe4,0xe4,0xdd,0xdd,0xdd,0xd4,0xd7,0xd4,0xcd,0xd0,0xcd,0xc6,0xc9,0xc6,0xbf,
0xc2,0xbf,0xb8,0xbb,0xb8,0xb0,0xb3,0xb0,0xa9,0xac,0xa9,0xa3,0xa6,0xa3,0x9c,0x9f,
0x9c,0x94,0x97,0x94,0x8e,0x91,0x8e,0x87,0x8a,0x87,0x80,0x83,0x80,0x78,0x7b,0x78,
0x71,0x74,0x71,0x6a,0x6d,0x6a,0x62,0x66,0x63,0x5b,0x5f,0x5c,0x54,0x58,0x55,0x4e,
0x52,0x4f,0x47,0x4b,0x48,0x3f,0x43,0x40,0x38,0x3c,0x39,0x31,0x35,0x32,0x2a,0x2f,
0x29,0x23,0x28,0x22,0x1c,0x21,0x1b,0x15,0x1a,0x14,0x10,0x13,0x10,0xe8,0xeb,0xe8,
0xe4,0xe4,0xe4,0xdd,0xdd,0xdd,0xd4,0xd7,0xd4,0xcd,0xd0,0xcd,0xc6,0xc9,0xc6,0xbf,
0xc2,0xbf,0xb8,0xbb,0xb8,0xb0,0xb3,0xb0,0xa9,0xac,0xa9,0xa3,0xa6,0xa3,0x9c,0x9f,
0x9c,0x94,0x97,0x94,0x8e,0x91,0x8e,0x87,0x8a,0x87,0x80,0x83,0x80,0x78,0x7b,0x78,
0x71,0x74,0x71,0x6a,0x6d,0x6a,0x62,0x66,0x63,0x5b,0x5f,0x5c,0x54,0x58,0x55,0x4e,
0x52,0x4f,0x47,0x4b,0x48,0x3f,0x43,0x40,0x38,0x3c,0x39,0x31,0x35,0x32,0x2a,0x2f,
0x29,0x23,0x28,0x22,0x1c,0x21,0x1b,0x15,0x1a,0x14,0x10,0x13,0x10,0xe8,0xeb,0xe8,
0xe4,0xe4,0xe4,0xdd,0xdd,0xdd,0xd4,0xd7,0xd4,0xcd,0xd0,0xcd,0xc6,0xc9,0xc6,0xbf,
0xc2,0xbf,0xb8,0xbb,0xb8,0xb0,0xb3,0xb0,0xa9,0xac,0xa9,0xa3,0xa6,0xa3,0x9c,0x9f,
0x9c,0x94,0x97,0x94,0x8e,0x91,0x8e,0x87,0x8a,0x87,0x80,0x83,0x80,0x78,0x7b,0x78,
0x71,0x74,0x71,0x6a,0x6d,0x6a,0x62,0x66,0x63,0x5b,0x5f,0x5c,0x54,0x58,0x55,0x4e,
0x52,0x4f,0x47,0x4b,0x48,0x3f,0x43,0x40,0x38,0x3c,0x39,0x31,0x35,0x32,0x2a,0x2f,
0x29,0x23,0x28,0x22,0x1c,0x21,0x1b,0x15,0x1a,0x14,0x10,0x13,0x10,0xe8,0xeb,0xe8,
0xe4,0xe4,0xe4,0xdd,0xdd,0xdd,0xd4,0xd7,0xd4,0xcd,0xd0,0xcd,0xc6,0xc9,0xc6,0xbf,
0xc2,0xbf,0xb8,0xbb,0xb8,0xb0,0xb3,0xb0,0xa9,0xac,0xa9,0xa3,0xa6,0xa3,0x9c,0x9f,
0x9c,0x94,0x97,0x94,0x8e,0x91,0x8e,0x87,0x8a,0x87,0x80,0x83,0x80,0x78,0x7b,0x78,
0x71,0x74,0x71,0x6a,0x6d,0x6a,0x62,0x66,0x63,0x5b,0x5f,0x5c,0x54,0x58,0x55,0x4e,
0x52,0x4f,0x47,0x4b,0x48,0x3f,0x43,0x40,0x38,0x3c,0x39,0x31,0x35,0x32,0x2a,0x2f,
0x29,0x23,0x28,0x22,0x1c,0x21,0x1b,0x15,0x1a,0x14,0x10,0x13,0x10,0xe8,0xeb,0xe8,
0xe4,0xe4,0xe4,0xdd,0xdd,0xdd,0xd4,0xd7,0xd4,0xcd,0xd0,0xcd,0xc6,0xc9,0xc6,0xbf,
0xc2,0xbf,0xb8,0xbb,0xb8,0xb0,0xb3,0xb0,0xa9,0xac,0xa9,0xa3,0xa6,0xa3,0x9c,0x9f,
0x9c,0x94,0x97,0x94,0x8e,0x91,0x8e,0x87,0x8a,0x87,0x80,0x83,0x80,0x78,0x7b,0x78,
0x71,0x74,0x71,0x6a,0x6d,0x6a,0x62,0x66,0x63,0x5b,0x5f,0x5c,0x54,0x58,0x55,0x4e,
0x52,0x4f,0x47,0x4b,0x48,0x3f,0x43,0x40,0x38,0x3c,0x39,0x31,0x35,0x32,0x2a,0x2f,
0x29,0x23,0x28,0x22,0x1c,0x21,0x1b,0x15,0x1a,0x14,0x10,0x13,0x10,0xe8,0xeb,0xe8,
0xe4,0xe4,0xe4,0xdd,0xdd,0xdd,0xd4,0xd7,0xd4,0xcd,0xd0,0xcd,0xc6,0xc9,0xc6,0xbf,
0xc2,0xbf,0xb8,0xbb,0xb8,0xb0,0xb3,0xb0,0xa9,0xac,0xa9,0xa3,0xa6,0xa3,0x9c,0x9f,
0x9c,0x94,0x97,0x94,0x8e,0x91,0x8e,0x87,0x8a,0x87,0x80,0x83,0x80,0x78,0x7b,0x78,
0x71,0x74,0x71,0x6a,0x6d,0x6a,0x62,0x66,0x63,0x5b,0x5f,0x5c,0x54,0x58,0x55,0x4e,
0x52,0x4f,0x47,0x4b,0x48,0x3f,0x43,0x40,0x38,0x3c,0x39,0x31,0x35,0x32,0x2a,0x2f,
0x29,0x23,0x28,0x22,0x1c,0x21,0x1b,0x15,0x1a,0x14,0x10,0x13,0x10,0xe8,0xeb,0xe8,
0xe4,0xe4,0xe4,0xdd,0xdd,0xdd,0xd4,0xd7,0xd4,0xcd,0xd0,0xcd,0xc6,0xc9,0xc6,0xbf,
0xc2,0xbf,0xb8,0xbb,0xb8,0xb0,0xb3,0xb0,0xa9,0xac,0xa9,0xa3,0xa6,0xa3,0x9c,0x9f,
0x9c,0x94,0x97,0x94,0x8e,0x91,0x8e,0x87,0x8a,0x87,0x80,0x83,0x80,0x78,0x7b,0x78,
0x71,0x74,0x71,0x6a,0x6d,0x6a,0x62,0x66,0x63,0x5b,0x5f,0x5c,0x54,0x58,0x55,0x4e,
0x52,0x4f,0x47,0x4b,0x48,0x3f,0x43,0x40,0x38,0x3c,0x39,0x31,0x35,0x32,0x2a,0x2f,
0x29,0x23,0x28,0x22,0x1c,0x21,0x1b,0x15,0x1a,0x14,0x10,0x13,0x10,0xe8,0xeb,0xe8,
0xe4,0xe4,0xe4,0xdd,0xdd,0xdd,0xd4,0xd7,0xd4,0xcd,0xd0,0xcd,0xc6,0xc9,0xc6,0xbf,
0xc2,0xbf,0xb8,0xbb,0xb8,0xb0,0xb3,0xb0,0xa9,0xac,0xa9,0xa3,0xa6,0xa3,0x9c,0x9f,
0x9c,0x94,0x97,0x94,0x8e,0x91,0x8e,0x87,0x8a,0x87,0x80,0x83,0x80,0x78,0x7b,0x78,
0x71,0x74,0x71,0x6a,0x6d,0x6a,0x62,0x66,0x63,0x5b,0x5f,0x5c,0x54,0x58,0x55,0x4e,
0x52,0x4f,0x47,0x4b,0x48,0x3f,0x43,0x40,0x38,0x3c,0x39,0x31,0x35,0x32,0x2a,0x2f,
0x29,0x23,0x28,0x22,0x1c,0x21,0x1b,0x15,0x1a,0x14,0x10,0x13,0x10,0xe8,0xeb,0xe8,
0xe4,0xe4,0xe4,0xdd,0xdd,0xdd,0xd4,0xd7,0xd4,0xcd,0xd0,0xcd,0xc6,0xc9,0xc6,0xbf,
0xc2,0xbf,0xb8,0xbb,0xb8,0xb0,0xb3,0xb0,0xa9,0xac,0xa9,0xa3,0xa6,0xa3,0x9c,0x9f,
0x9c,0x94,0x97,0x94,0x8e,0x91,0x8e,0x87,0x8a,0x87,0x80,0x83,0x80,0x78,0x7b,0x78,
0x71,0x74,0x71,0x6a,0x6d,0x6a,0x62,0x66,0x63,0x5b,0x5f,0x5c,0x54,0x58,0x55,0x4e,
0x52,0x4f,0x47,0x4b,0x48,0x3f,0x43,0x40,0x38,0x3c,0x39,0x31,0x35,0x32,0x2a,0x2f,
0x29,0x23,0x28,0x22,0x1c,0x21,0x1b,0x15,0x1a,0x14,0x10,0x13,0x10,0xe8,0xeb,0xe8,
0xe4,0xe4,0xe4,0xdd,0xdd,0xdd,0xd4,0xd7,0xd4,0xcd,0xd0,0xcd,0xc6,0xc9,0xc6,0xbf,
0xc2,0xbf,0xb8,0xbb,0xb8,0xb0,0xb3,0xb0,0xa9,0xac,0xa9,0xa3,0xa6,0xa3,0x9c,0x9f,
0x9c,0x94,0x97,0x94,0x8e,0x91,0x8e,0x87,0x8a,0x87,0x80,0x83,0x80,0x78,0x7b,0x78,
0x71,0x74,0x71,0x6a,0x6d,0x6a,0x62,0x66,0x63,0x5b,0x5f,0x5c,0x54,0x58,0x55,0x4e,
0x52,0x4f,0x47,0x4b,0x48,0x3f,0x43,0x40,0x38,0x3c,0x39,0x31,0x35,0x32,0x2a,0x2f,
0x29,0x23,0x28,0x22,0x1c,0x21,0x1b,0x15,0x1a,0x14,0x10,0x13,0x10,0xe8,0xeb,0xe8,
0xe4,0xe4,0xe4,0xdd,0xdd,0xdd,0xd4,0xd7,0xd4,0xcd,0xd0,0xcd,0xc6,0xc9,0xc6,0xbf,
0xc2,0xbf,0xb8,0xbb,0xb8,0xb0,0xb3,0xb0,0xa9,0xac,0xa9,0xa3,0xa6,0xa3,0x9c,0x9f,
0x9c,0x94,0x97,0x94,0x8e,0x91,0x8e,0x87,0x8a,0x87,0x80,0x83,0x80,0x78,0x7b,0x78,
0x71,0x74,0x71,0x6a,0x6d,0x6a,0x62,0x66,0x63,0x5b,0x5f,0x5c,0x54,0x58,0x55,0x4e,
0x52,0x4f,0x47,0x4b,0x48,0x3f,0x43,0x40,0x38,0x3c,0x39,0x31,0x35,0x32,0x2a,0x2f,
0x29,0x23,0x28,0x22,0x1c,0x21,0x1b,0x15,0x1a,0x14,0x10,0x13,0x10,0xe8,0xeb,0xe8,
0xe4,0xe4,0xe4,0xdd,0xdd,0xdd,0xd4,0xd7,0xd4,0xcd,0xd0,0xcd,0xc6,0xc9,0xc6,0xbf,
0xc2,0xbf,0xb8,0xbb,0xb8,0xb0,0xb3,0xb0,0xa9,0xac,0xa9,0xa3,0xa6,0xa3,0x9c,0x9f,
0x9c,0x94,0x97,0x94,0x8e,0x91,0x8e,0x87,0x8a,0x87,0x80,0x83,0x80,0x78,0x7b,0x78,
0x71,0x74,0x71,0x6a,0x6d,0x6a,0x62,0x66,0x63,0x5b,0x5f,0x5c,0x54,0x58,0x55,0x4e,
0x52,0x4f,0x47,0x4b,0x48,0x3f,0x43,0x40,0x38,0x3c,0x39,0x31,0x35,0x32,0x2a,0x2f,
0x29,0x23,0x28,0x22,0x1c,0x21,0x1b,0x15,0x1a,0x14,0x10,0x13,0x10,0xe8,0xeb,0xe8,
0x16,0x16,0x16,0x1d,0x1d,0x1d,0x24,0x24,0x24,0x2b,0x2b,0x2b,0x32,0x32,0x32,0x39,
0x39,0x39,0x40,0x40,0x40,0x48,0x48,0x48,0x4f,0x4f,0x4f,0x55,0x55,0x55,0x5c,0x5c,
0x5c,0x63,0x63,0x63,0x6a,0x6a,0x6a,0x71,0x71,0x71,0x78,0x78,0x78,0x80,0x80,0x80,
0x87,0x87,0x87,0x8e,0x8e,0x8e,0x94,0x94,0x94,0x9c,0x9c,0x9c,0xa3,0xa0,0xa3,0xaa,
0xa7,0xaa,0xb1,0xae,0xb1,0xb9,0xb6,0xb9,0xc0,0xbd,0xc0,0xc7,0xc4,0xc7,0xce,0xcb,
0xce,0xd5,0xd2,0xd5,0xdc,0xd9,0xdc,0xe3,0xe0,0xe3,0xe8,0xe8,0xe8,0x10,0x10,0x10,
0x16,0x16,0x16,0x1d,0x1d,0x1d,0x24,0x24,0x24,0x2b,0x2b,0x2b,0x32,0x32,0x32,0x39,
0x39,0x39,0x40,0x40,0x40,0x48,0x48,0x48,0x4f,0x4f,0x4f,0x55,0x55,0x55,0x5c,0x5c,
0x5c,0x63,0x63,0x63,0x6a,0x6a,0x6a,0x71,0x71,0x71,0x78,0x78,0x78,0x80,0x80,0x80,
0x87,0x87,0x87,0x8e,0x8e,0x8e,0x94,0x94,0x94,0x9c,0x9c,0x9c,0xa3,0xa0,0xa3,0xaa,
0xa7,0xaa,0xb1,0xae,0xb1,0xb9,0xb6,0xb9,0xc0,0xbd,0xc0,0xc7,0xc4,0xc7,0xce,0xcb,
0xce,0xd5,0xd2,0xd5,0xdc,0xd9,0xdc,0xe3,0xe0,0xe3,0xe8,0xe8,0xe8,0x10,0x10,0x10,
0x16,0x16,0x16,0x1d,0x1d,0x1d,0x24,0x24,0x24,0x2b,0x2b,0x2b,0x32,0x32,0x32,0x39,
0x39,0x39,0x40,0x40,0x40,0x48,0x48,0x48,0x4f,0x4f,0x4f,0x55,0x55,0x55,0x5c,0x5c,
0x5c,0x63,0x63,0x63,0x6a,0x6a,0x6a,0x71,0x71,0x71,0x78,0x78,0x78,0x80,0x80,0x80,
0x87,0x87,0x87,0x8e,0x8e,0x8e,0x94,0x94,0x94,0x9c,0x9c,0x9c,0xa3,0xa0,0xa3,0xaa,
0xa7,0xaa,0xb1,0xae,0xb1,0xb9,0xb6,0xb9,0xc0,0xbd,0xc0,0xc7,0xc4,0xc7,0xce,0xcb,
0xce,0xd5,0xd2,0xd5,0xdc,0xd9,0xdc,0xe3,0xe0,0xe3,0xe8,0xe8,0xe8,0x10,0x10,0x10,
0x16,0x16,0x16,0x1d,0x1d,0x1d,0x24,0x24,0x24,0x2b,0x2b,0x2b,0x32,0x32,0x32,0x39,
0x39,0x39,0x40,0x40,0x40,0x48,0x48,0x48,0x4f,0x4f,0x4f,0x55,0x55,0x55,0x5c,0x5c,
0x5c,0x63,0x63,0x63,0x6a,0x6a,0x6a,0x71,0x71,0x71,0x78,0x78,0x78,0x80,0x80,0x80,
0x87,0x87,0x87,0x8e,0x8e,0x8e,0x94,0x94,0x94,0x9c,0x9c,0x9c,0xa3,0xa0,0xa3,0xaa,
0xa7,0xaa,0xb1,0xae,0xb1,0xb9,0xb6,0xb9,0xc0,0xbd,0xc0,0xc7,0xc4,0xc7,0xce,0xcb,
0xce,0xd5,0xd2,0xd5,0xdc,0xd9,0xdc,0xe3,0xe0,0xe3,0xe8,0xe8,0xe8,0x10,0x10,0x10,
0x16,0x16,0x16,0x1d,0x1d,0x1d,0x24,0x24,0x24,0x2b,0x2b,0x2b,0x32,0x32,0x32,0x39,
0x39,0x39,0x40,0x40,0x40,0x48,0x48,0x48,0x4f,0x4f,0x4f,0x55,0x55,0x55,0x5c,0x5c,
0x5c,0x63,0x63,0x63,0x6a,0x6a,0x6a,0x71,0x71,0x71,0x78,0x78,0x78,0x80,0x80,0x80,
0x87,0x87,0x87,0x8e,0x8e,0x8e,0x94,0x94,0x94,0x9c,0x9c,0x9c,0xa3,0xa0,0xa3,0xaa,
0xa7,0xaa,0xb1,0xae,0xb1,0xb9,0xb6,0xb9,0xc0,0xbd,0xc0,0xc7,0xc4,0xc7,0xce,0xcb,
0xce,0xd5,0xd2,0xd5,0xdc,0xd9,0xdc,0xe3,0xe0,0xe3,0xe8,0xe8,0xe8,0x10,0x10,0x10,
0x16,0x16,0x16,0x1d,0x1d,0x1d,0x24,0x24,0x24,0x2b,0x2b,0x2b,0x32,0x32,0x32,0x39,
0x39,0x39,0x40,0x40,0x40,0x48,0x48,0x48,0x4f,0x4f,0x4f,0x55,0x55,0x55,0x5c,0x5c,
0x5c,0x63,0x63,0x63,0x6a,0x6a,0x6a,0x71,0x71,0x71,0x78,0x78,0x78,0x80,0x80,0x80,
0x87,0x87,0x87,0x8e,0x8e,0x8e,0x94,0x94,0x94,0x9c,0x9c,0x9c,0xa3,0xa0,0xa3,0xaa,
0xa7,0xaa,0xb1,0xae,0xb1,0xb9,0xb6,0xb9,0xc0,0xbd,0xc0,0xc7,0xc4,0xc7,0xce,0xcb,
0xce,0xd5,0xd2,0xd5,0xdc,0xd9,0xdc,0xe3,0xe0,0xe3,0xe8,0xe8,0xe8,0x10,0x10,0x10,
0x16,0x16,0x16,0x1d,0x1d,0x1d,0x24,0x24,0x24,0x2b,0x2b,0x2b,0x32,0x32,0x32,0x39,
0x39,0x39,0x40,0x40,0x40,0x48,0x48,0x48,0x4f,0x4f,0x4f,0x55,0x55,0x55,0x5c,0x5c,
0x5c,0x63,0x63,0x63,0x6a,0x6a,0x6a,0x71,0x71,0x71,0x78,0x78,0x78,0x80,0x80,0x80,
0x87,0x87,0x87,0x8e,0x8e,0x8e,0x94,0x94,0x94,0x9c,0x9c,0x9c,0xa3,0xa0,0xa3,0xaa,
0xa7,0xaa,0xb1,0xae,0xb1,0xb9,0xb6,0xb9,0xc0,0xbd,0xc0,0xc7,0xc4,0xc7,0xce,0xcb,
0xce,0xd5,0xd2,0xd5,0xdc,0xd9,0xdc,0xe3,0xe0,0xe3,0xe8,0xe8,0xe8,0x10,0x10,0x10,
0x16,0x16,0x16,0x1d,0x1d,0x1d,0x24,0x24,0x24,0x2b,0x2b,0x2b,0x32,0x32,0x32,0x39,
0x39,0x39,0x40,0x40,0x40,0x48,0x48,0x48,0x4f,0x4f,0x4f,0x55,0x55,0x55,0x5c,0x5c,
0x5c,0x63,0x63,0x63,0x6a,0x6a,0x6a,0x71,0x71,0x71,0x78,0x78,0x78,0x80,0x80,0x80,
0x87,0x87,0x87,0x8e,0x8e,0x8e,0x94,0x94,0x94,0x9c,0x9c,0x9c,0xa3,0xa0,0xa3,0xaa,
0xa7,0xaa,0xb1,0xae,0xb1,0xb9,0xb6,0xb9,0xc0,0xbd,0xc0,0xc7,0xc4,0xc7,0xce,0xcb,
0xce,0xd5,0xd2,0xd5,0xdc,0xd9,0xdc,0xe3,0xe0,0xe3,0xe8,0xe8,0xe8,0x10,0x10,0x10,
0x16,0x16,0x16,0x1d,0x1d,0x1d,0x24,0x24,0x24,0x2b,0x2b,0x2b,0x32,0x32,0x32,0x39,
0x39,0x39,0x40,0x40,0x40,0x48,0x48,0x48,0x4f,0x4f,0x4f,0x55,0x55,0x55,0x5c,0x5c,
0x5c,0x63,0x63,0x63,0x6a,0x6a,0x6a,0x71,0x71,0x71,0x78,0x78,0x78,0x80,0x80,0x80,
0x87,0x87,0x87,0x8e,0x8e,0x8e,0x94,0x94,0x94,0x9c,0x9c,0x9c,0xa3,0xa0,0xa3,0xaa,
0xa7,0xaa,0xb1,0xae,0xb1,0xb9,0xb6,0xb9,0xc0,0xbd,0xc0,0xc7,0xc4,0xc7,0xce,0xcb,
0xce,0xd5,0xd2,0xd5,0xdc,0xd9,0xdc,0xe3,0xe0,0xe3,0xe8,0xe8,0xe8,0x10,0x10,0x10,
0x16,0x16,0x16,0x1d,0x1d,0x1d,0x24,0x24,0x24,0x2b,0x2b,0x2b,0x32,0x32,0x32,0x39,
0x39,0x39,0x40,0x40,0x40,0x48,0x48,0x48,0x4f,0x4f,0x4f,0x55,0x55,0x55,0x5c,0x5c,
0x5c,0x63,0x63,0x63,0x6a,0x6a,0x6a,0x71,0x71,0x71,0x78,0x78,0x78,0x80,0x80,0x80,
0x87,0x87,0x87,0x8e,0x8e,0x8e,0x94,0x94,0x94,0x9c,0x9c,0x9c,0xa3,0xa0,0xa3,0xaa,
0xa7,0xaa,0xb1,0xae,0xb1,0xb9,0xb6,0xb9,0xc0,0xbd,0xc0,0xc7,0xc4,0xc7,0xce,0xcb,
0xce,0xd5,0xd2,0xd5,0xdc,0xd9,0xdc,0xe3,0xe0,0xe3,0xe8,0xe8,0xe8,0x10,0x10,0x10,
0x16,0x16,0x16,0x1d,0x1d,0x1d,0x24,0x24,0x24,0x2b,0x2b,0x2b,0x32,0x32,0x32,0x39,
0x39,0x39,0x40,0x40,0x40,0x48,0x48,0x48,0x4f,0x4f,0x4f,0x55,0x55,0x55,0x5c,0x5c,
0x5c,0x63,0x63,0x63,0x6a,0x6a,0x6a,0x71,0x71,0x71,0x78,0x78,0x78,0x80,0x80,0x80,
0x87,0x87,0x87,0x8e,0x8e,0x8e,0x94,0x94,0x94,0x9c,0x9c,0x9c,0xa3,0xa0,0xa3,0xaa,
0xa7,0xaa,0xb1,0xae,0xb1,0xb9,0xb6,0xb9,0xc0,0xbd,0xc0,0xc7,0xc4,0xc7,0xce,0xcb,
0xce,0xd5,0xd2,0xd5,0xdc,0xd9,0xdc,0xe3,0xe0,0xe3,0xe8,0xe8,0xe8,0x10,0x10,0x10,
0x16,0x16,0x16,0x1d,0x1d,0x1d,0x24,0x24,0x24,0x2b,0x2b,0x2b,0x32,0x32,0x32,0x39,
0x39,0x39,0x40,0x40,0x40,0x48,0x48,0x48,0x4f,0x4f,0x4f,0x55,0x55,0x55,0x5c,0x5c,
0x5c,0x63,0x63,0x63,0x6a,0x6a,0x6a,0x71,0x71,0x71,0x78,0x78,0x78,0x80,0x80,0x80,
0x87,0x87,0x87,0x8e,0x8e,0x8e,0x94,0x94,0x94,0x9c,0x9c,0x9c,0xa3,0xa0,0xa3,0xaa,
0xa7,0xaa,0xb1,0xae,0xb1,0xb9,0xb6,0xb9,0xc0,0xbd,0xc0,0xc7,0xc4,0xc7,0xce,0xcb,
0xce,0xd5,0xd2,0xd5,0xdc,0xd9,0xdc,0xe3,0xe0,0xe3,0xe8,0xe8,0xe8,0x10,0x10,0x10,
0x16,0x16,0x16,0x1d,0x1d,0x1d,0x24,0x24,0x24,0x2b,0x2b,0x2b,0x32,0x32,0x32,0x39,
0x39,0x39,0x40,0x40,0x40,0x48,0x48,0x48,0x4f,0x4f,0x4f,0x55,0x55,0x55,0x5c,0x5c,
0x5c,0x63,0x63,0x63,0x6a,0x6a,0x6a,0x71,0x71,0x71,0x78,0x78,0x78,0x80,0x80,0x80,
0x87,0x87,0x87,0x8e,0x8e,0x8e,0x94,0x94,0x94,0x9c,0x9c,0x9c,0xa3,0xa0,0xa3,0xaa,
0xa7,0xaa,0xb1,0xae,0xb1,0xb9,0xb6,0xb9,0xc0,0xbd,0xc0,0xc7,0xc4,0xc7,0xce,0xcb,
0xce,0xd5,0xd2,0xd5,0xdc,0xd9,0xdc,0xe3,0xe0,0xe3,0xe8,0xe8,0xe8,0x10,0x10,0x10,
0x16,0x16,0x16,0x1d,0x1d,0x1d,0x24,0x24,0x24,0x2b,0x2b,0x2b,0x32,0x32,0x32,0x39,
0x39,0x39,0x40,0x40,0x40,0x48,0x48,0x48,0x4f,0x4f,0x4f,0x55,0x55,0x55,0x5c,0x5c,
0x5c,0x63,0x63,0x63,0x6a,0x6a,0x6a,0x71,0x71,0x71,0x78,0x78,0x78,0x80,0x80,0x80,
0x87,0x87,0x87,0x8e,0x8e,0x8e,0x94,0x94,0x94,0x9c,0x9c,0x9c,0xa3,0xa0,0xa3,0xaa,
0xa7,0xaa,0xb1,0xae,0xb1,0xb9,0xb6,0xb9,0xc0,0xbd,0xc0,0xc7,0xc4,0xc7,0xce,0xcb,
0xce,0xd5,0xd2,0xd5,0xdc,0xd9,0xdc,0xe3,0xe0,0xe3,0xe8,0xe8,0xe8,0x10,0x10,0x10,
0x16,0x16,0x16,0x1d,0x1d,0x1d,0x24,0x24,0x24,0x2b,0x2b,0x2b,0x32,0x32,0x32,0x39,
0x39,0x39,0x40,0x40,0x40,0x48,0x48,0x48,0x4f,0x4f,0x4f,0x55,0x55,0x55,0x5c,0x5c,
0x5c,0x63,0x63,0x63,0x6a,0x6a,0x6a,0x71,0x71,0x71,0x78,0x78,0x78,0x80,0x80,0x80,
0x87,0x87,0x87,0x8e,0x8e,0x8e,0x94,0x94,0x94,0x9c,0x9c,0x9c,0xa3,0xa0,0xa3,0xaa,
0xa7,0xaa,0xb1,0xae,0xb1,0xb9,0xb6,0xb9,0xc0,0xbd,0xc0,0xc7,0xc4,0xc7,0xce,0xcb,
0xce,0xd5,0xd2,0xd5,0xdc,0xd9,0xdc,0xe3,0xe0,0xe3,0xe8,0xe8,0xe8,0x10,0x10,0x10,
0x16,0x16,0x16,0x1d,0x1d,0x1d,0x24,0x24,0x24,0x2b,0x2b,0x2b,0x32,0x32,0x32,0x39,
0x39,0x39,0x40,0x40,0x40,0x48,0x48,0x48,0x4f,0x4f,0x4f,0x55,0x55,0x55,0x5c,0x5c,
0x5c,0x63,0x63,0x63,0x6a,0x6a,0x6a,0x71,0x71,0x71,0x78,0x78,0x78,0x80,0x80,0x80,
0x87,0x87,0x87,0x8e,0x8e,0x8e,0x94,0x94,0x94,0x9c,0x9c,0x9c,0xa3,0xa0,0xa3,0xaa,
0xa7,0xaa,0xb1,0xae,0xb1,0xb9,0xb6,0xb9,0xc0,0xbd,0xc0,0xc7,0xc4,0xc7,0xce,0xcb,
0xce,0xd5,0xd2,0xd5,0xdc,0xd9,0xdc,0xe3,0xe0,0xe3,0xe8,0xe8,0xe8,0x10,0x10,0x10,
0x16,0x16,0x16,0x1d,0x1d,0x1d,0x24,0x24,0x24,0x2b,0x2b,0x2b,0x32,0x32,0x32,0x39,
0x39,0x39,0x40,0x40,0x40,0x48,0x48,0x48,0x4f,0x4f,0x4f,0x55,0x55,0x55,0x5c,0x5c,
0x5c,0x63,0x63,0x63,0x6a,0x6a,0x6a,0x71,0x71,0x71,0x78,0x78,0x78,0x80,0x80,0x80,
0x87,0x87,0x87,0x8e,0x8e,0x8e,0x94,0x94,0x94,0x9c,0x9c,0x9c,0xa3,0xa0,0xa3,0xaa,
0xa7,0xaa,0xb1,0xae,0xb1,0xb9,0xb6,0xb9,0xc0,0xbd,0xc0,0xc7,0xc4,0xc7,0xce,0xcb,
0xce,0xd5,0xd2,0xd5,0xdc,0xd9,0xdc,0xe3,0xe0,0xe3,0xe8,0xe8,0xe8,0x10,0x10,0x10,
0x16,0x16,0x16,0x1d,0x1d,0x1d,0x24,0x24,0x24,0x2b,0x2b,0x2b,0x32,0x32,0x32,0x39,
0x39,0x39,0x40,0x40,0x40,0x48,0x48,0x48,0x4f,0x4f,0x4f,0x55,0x55,0x55,0x5c,0x5c,
0x5c,0x63,0x63,0x63,0x6a,0x6a,0x6a,0x71,0x71,0x71,0x78,0x78,0x78,0x80,0x80,0x80,
0x87,0x87,0x87,0x8e,0x8e,0x8e,0x94,0x94,0x94,0x9c,0x9c,0x9c,0xa3,0xa0,0xa3,0xaa,
0xa7,0xaa,0xb1,0xae,0xb1,0xb9,0xb6,0xb9,0xc0,0xbd,0xc0,0xc7,0xc4,0xc7,0xce,0xcb,
0xce,0xd5,0xd2,0xd5,0xdc,0xd9,0xdc,0xe3,0xe0,0xe3,0xe8,0xe8,0xe8,0x10,0x10,0x10,
0x16,0x16,0x16,0x1d,0x1d,0x1d,0x24,0x24,0x24,0x2b,0x2b,0x2b,0x32,0x32,0x32,0x39,
0x39,0x39,0x40,0x40,0x40,0x48,0x48,0x48,0x4f,0x4f,0x4f,0x55,0x55,0x55,0x5c,0x5c,
0x5c,0x63,0x63,0x63,0x6a,0x6a,0x6a,0x71,0x71,0x71,0x78,0x78,0x78,0x80,0x80,0x80,
0x87,0x87,0x87,0x8e,0x8e,0x8e,0x94,0x94,0x94,0x9c,0x9c,0x9c,0xa3,0xa0,0xa3,0xaa,
0xa7,0xaa,0xb1,0xae,0xb1,0xb9,0xb6,0xb9,0xc0,0xbd,0xc0,0xc7,0xc4,0xc7,0xce,0xcb,
0xce,0xd5,0xd2,0xd5,0xdc,0xd9,0xdc,0xe3,0xe0,0xe3,0xe8,0xe8,0xe8,0x10,0x10,0x10,
0x16,0x16,0x16,0x1d,0x1d,0x1d,0x24,0x24,0x24,0x2b,0x2b,0x2b,0x32,0x32,0x32,0x39,
0x39,0x39,0x40,0x40,0x40,0x48,0x48,0x48,0x4f,0x4f,0x4f,0x55,0x55,0x55,0x5c,0x5c,
0x5c,0x63,0x63,0x63,0x6a,0x6a,0x6a,0x71,0x71,0x71,0x78,0x78,0x78,0x80,0x80,0x80,
0x87,0x87,0x87,0x8e,0x8e,0x8e,0x94,0x94,0x94,0x9c,0x9c,0x9c,0xa3,0xa0,0xa3,0xaa,
0xa7,0xaa,0xb1,0xae,0xb1,0xb9,0xb6,0xb9,0xc0,0xbd,0xc0,0xc7,0xc4,0xc7,0xce,0xcb,
0xce,0xd5,0xd2,0xd5,0xdc,0xd9,0xdc,0xe3,0xe0,0xe3,0xe8,0xe8,0xe8,0x10,0x10,0x10,
0xea,0xea,0x0e,0xea,0xea,0x0e,0xea,0xea,0x0e,0xea,0xea,0x0e,0xea,0xea,0x0e,0xea,
0xea,0x0e,0xea,0xea,0x0e,0xea,0xea,0x0e,0xea,0xea,0x0e,0xea,0xea,0x0e,0xea,0xea,
0x0e,0xea,0xea,0x0e,0xea,0xea,0x0e,0xea,0xea,0x0e,0xea,0xea,0x0e,0xea,0xea,0x0e,
0xea,0xea,0x0e,0xea,0xea,0x0e,0xea,0xea,0x0e,0xea,0xea,0x0e,0xea,0xea,0x0e,0xea,
0xea,0x0e,0xea,0xea,0x0e,0xea,0xea,0x0e,0xea,0xea,0x0e,0xea,0xea,0x0e,0xea,0xea,
0x0e,0xea,0xea,0x0e,0xea,0xea,0x0e,0xea,0xea,0x0e,0xea,0xea,0x0e,0xea,0xea,0x0e,
0xea,0xea,0x0e,0xea,0xea,0x0e,0xea,0xea,0x0e,0xea,0xea,0x0e,0xea,0xea,0x0e,0xea,
0xea,0x0e,0xea,0xea,0x0e,0xea,0xea,0x0e,0xea,0xea,0x0e,0xea,0xea,0x0e,0xea,0xea,
0x0e,0xea,0xea,0x0e,0xea,0xea,0x0e,0xea,0xea,0x0e,0xea,0xea,0x0e,0xea,0xea,0x0e,
0xea,0xea,0x0e,0xea,0xea,0x0e,0xea,0xea,0x0e,0xea,0xea,0x0e,0xea,0xea,0x0e,0xea,
0xea,0x0e,0xea,0xea,0x0e,0xea,0xea,0x0e,0xea,0xea,0x0e,0xea,0xea,0x0e,0xea,0xea,
0x0e,0xea,0xea,0x0e,0xea,0xea,0x0e,0xea,0xea,0x0e,0xea,0xea,0x0e,0xea,0xea,0x0e,
0xea,0xea,0x0e,0xea,0xea,0x0e,0xea,0xea,0x0e,0xea,0xea,0x0e,0xea,0xea,0x0e,0xea,
0xea,0x0e,0xea,0xea,0x0e,0xea,0xea,0x0e,0xea,0xea,0x0e,0xea,0xea,0x0e,0xea,0xea,
0x0e,0xea,0xea,0x0e,0xea,0xea,0x0e,0xea,0xea,0x0e,0xea,0xea,0x0e,0xea,0xea,0x0e,
0xea,0xea,0x0e,0xea,0xea,0x0e,0xea,0xea,0x0e,0xea,0xea,0x0e,0xea,0xea,0x0e,0xea,
0xea,0x0e,0xea,0xea,0x0e,0xea,0xea,0x0e,0xea,0xea,0x0e,0xea,0xea,0x0e,0xea,0xea,
0x0e,0xea,0xea,0x0e,0xea,0xea,0x0e,0xea,0xea,0x0e,0xea,0xea,0x0e,0xea,0xea,0x0e,
0xea,0xea,0x0e,0xea,0xea,0x0e,0xea,0xea,0x0e,0xea,0xea,0x0e,0xea,0xea,0x0e,0xea,
0xea,0x0e,0xea,0xea,0x0e,0xea,0xea,0x0e,0xea,0xea,0x0e,0xea,0xea,0x0e,0xea,0xea,
0x0e,0xea,0xea,0x0e,0xea,0xea,0x0e,0xea,0xea,0x0e,0xea,0xea,0x0e,0xea,0xea,0x0e,
0xea,0xea,0x0e,0xea,0xea,0x0e,0xea,0xea,0x0e,0xea,0xea,0x0e,0xea,0xea,0x0e,0xea,
0xea,0x0e,0xea,0xea,0x0e,0xea,0xea,0x0e,0xea,0xea,0x0e,0xea,0xea,0x0e,0xea,0xea,
0x0e,0xea,0xea,0x0e,0xea,0xea,0x0e,0xea,0xea,0x0e,0xea,0xea,0x0e,0xea,0xea,0x0e,
0xea,0xea,0x0e,0xea,0xea,0x0e,0xea,0xea,0x0e,0xea,0xea,0x0e,0xea,0xea,0x0e,0xea,
0xea,0x0e,0xea,0xea,0x0e,0xea,0xea,0x0e,0xea,0xea,0x0e,0xea,0xea,0x0e,0xea,0xea,
0x0e,0xea,0xea,0x0e,0xea,0xea,0x0e,0xea,0xea,0x0e,0xea,0xea,0x0e,0xea,0xea,0x0e,
0xea,0xea,0x0e,0xea,0xea,0x0e,0xea,0xea,0x0e,0xea,0xea,0x0e,0xea,0xea,0x0e,0xea,
0xea,0x0e,0xea,0xea,0x0e,0xea,0xea,0x0e,0xea,0xea,0x0e,0xea,0xea,0x0e,0xea,0xea,
0x0e,0xea,0xea,0x0e,0xea,0xea,0x0e,0xea,0xea,0x0e,0xea,0xea,0x0e,0xea,0xea,0x0e,
0xea,0xea,0x0e,0xea,0xea,0x0e,0xea,0xea,0x0e,0xea,0xea,0x0e,0xea,0xea,0x0e,0xea,
0xea,0x0e,0xea,0xea,0x0e,0xea,0xea,0x0e,0xea,0xea,0x0e,0xea,0xea,0x0e,0xea,0xea,
0x0e,0xea,0xea,0x0e,0xea,0xea,0x0e,0xea,0xea,0x0e,0xea,0xea,0x0e,0xea,0xea,0x0e,
0xea,0xea,0x0e,0xea,0xea,0x0e,0xea,0xea,0x0e,0xea,0xea,0x0e,0xea,0xea,0x0e,0xea,
0xea,0x0e,0xea,0xea,0x0e,0xea,0xea,0x0e,0xea,0xea,0x0e,0xea,0xea,0x0e,0xea,0xea,
0x0e,0xea,0xea,0x0e,0xea,0xea,0x0e,0xea,0xea,0x0e,0xea,0xea,0x0e,0xea,0xea,0x0e,
0xea,0xea,0x0e,0xea,0xea,0x0e,0xea,0xea,0x0e,0xea,0xea,0x0e,0xea,0xea,0x0e,0xea,
0xea,0x0e,0xea,0xea,0x0e,0xea,0xea,0x0e,0xea,0xea,0x0e,0xea,0xea,0x0e,0xea,0xea,
0x0e,0xea,0xea,0x0e,0xea,0xea,0x0e,0xea,0xea,0x0e,0xea,0xea,0x0e,0xea,0xea,0x0e,
0xea,0xea,0x0e,0xea,0xea,0x0e,0xea,0xea,0x0e,0xea,0xea,0x0e,0xea,0xea,0x0e,0xea,
0xea,0x0e,0xea,0xea,0x0e,0xea,0xea,0x0e,0xea,0xea,0x0e,0xea,0xea,0x0e,0xea,0xea,
0x0e,0xea,0xea,0x0e,0xea,0xea,0x0e,0xea,0xea,0x0e,0xea,0xea,0x0e,0xea,0xea,0x0e,
0xea,0xea,0x0e,0xea,0xea,0x0e,0xea,0xea,0x0e,0xea,0xea,0x0e,0xea,0xea,0x0e,0xea,
0xea,0x0e,0xea,0xea,0x0e,0xea,0xea,0x0e,0xea,0xea,0x0e,0xea,0xea,0x0e,0xea,0xea,
0x0e,0xea,0xea,0x0e,0xea,0xea,0x0e,0xea,0xea,0x0e,0xea,0xea,0x0e,0xea,0xea,0x0e,
0xea,0xea,0x0e,0xea,0xea,0x0e,0xea,0xea,0x0e,0xea,0xea,0x0e,0xea,0xea,0x0e,0xea,
0xea,0x0e,0xea,0xea,0x0e,0xea,0xea,0x0e,0xea,0xea,0x0e,0xea,0xea,0x0e,0xea,0xea,
0x0e,0xea,0xea,0x0e,0xea,0xea,0x0e,0xea,0xea,0x0e,0xea,0xea,0x0e,0xea,0xea,0x0e,
};

const uint8_t buf_bgr888[] = {
0xea,0xea,0xea,0xea,0xea,0xea,0xea,0xea,0xea,0xea,0xea,0xea,0xea,0xea,0xea,0xea,
0xea,0xea,0xea,0xea,0xea,0xea,0xea,0xea,0xea,0xea,0xea,0xea,0xea,0xea,0x0f,0x0e,
0xee,0x0f,0x0e,0xee,0x0f,0x0e,0xee,0x0f,0x0e,0xee,0x0f,0x0e,0xee,0x0f,0x0e,0xee,
0x0f,0x0e,0xee,0x0f,0x0e,0xee,0x0f,0x0e,0xee,0x0f,0x0e,0xee,0x0d,0xec,0x0c,0x0d,
0xec,0x0c,0x0d,0xec,0x0c,0x0d,0xec,0x0c,0x0d,0xec,0x0c,0x0d,0xec,0x0c,0x0d,0xec,
0x0c,0x0d,0xec,0x0c,0x0d,0xec,0x0c,0x0d,0xec,0x0c,0xea,0x0f,0x0d,0xea,0x0f,0x0d,
0xea,0x0f,0x0d,0xea,0x0f,0x0d,0xea,0x0f,0x0d,0xea,0x0f,0x0d,0xea,0x0f,0x0d,0xea,
0x0f,0x0d,0xea,0x0f,0x0d,0xea,0x0f,0x0d,0xea,0xea,0xea,0xea,0xea,0xea,0xea,0xea,
0xea,0xea,0xea,0xea,0xea,0xea,0xea,0xea,0xea,0xea,0xea,0xea,0xea,0xea,0xea,0xea,
0xea,0xea,0xea,0xea,0xea,0xea,0x10,0x10,0x10,0x10,0x10,0x10,0x10,0x10,0x10,0x10,
0x10,0x10,0x10,0x10,0x10,0x10,0x10,0x10,0x10,0x10,0x10,0x10,0x10,0x10,0x10,0x10,
0x10,0x10,0x10,0x10,0x0e,0xea,0xea,0x0e,0xea,0xea,0x0e,0xea,0xea,0x0e,0xea,0xea,
0xea,0xea,0xea,0xea,0xea,0xea,0xea,0xea,0xea,0xea,0xea,0xea,0xea,0xea,0xea,0xea,
0xea,0xea,0xea,0xea,0xea,0xea,0xea,0xea,0xea,0xea,0xea,0xea,0xea,0xea,0x0f,0x0e,
0xee,0x0f,0x0e,0xee,0x0f,0x0e,0xee,0x0f,0x0e,0xee,0x0f,0x0e,0xee,0x0f,0x0e,0xee,
0x0f,0x0e,0xee,0x0f,0x0e,0xee,0x0f,0x0e,0xee,0x0f,0x0e,0xee,0x0d,0xec,0x0c,0x0d,
0xec,0x0c,0x0d,0xec,0x0c,0x0d,0xec,0x0c,0x0d,0xec,0x0c,0x0d,0xec,0x0c,0x0d,0xec,
0x0c,0x0d,0xec,0x0c,0x0d,0xec,0x0c,0x0d,0xec,0x0c,0xea,0x0f,0x0d,0xea,0x0f,0x0d,
0xea,0x0f,0x0d,0xea,0x0f,0x0d,0xea,0x0f,0x0d,0xea,0x0f,0x0d,0xea,0x0f,0x0d,0xea,
0x0f,0x0d,0xea,0x0f,0x0d,0xea,0x0f,0x0d,0xea,0xea,0xea,0xea,0xea,0xea,0xea,0xea,
0xea,0xea,0xea,0xea,0xea,0xea,0xea,0xea,0xea,0xea,0xea,0xea,0xea,0xea,0xea,0xea,
0xea,0xea,0xea,0xea,0xea,0xea,0x10,0x10,0x10,0x10,0x10,0x10,0x10,0x10,0x10,0x10,
0x10,0x10,0x10,0x10,0x10,0x10,0x10,0x10,0x10,0x10,0x10,0x10,0x10,0x10,0x10,0x10,
0x10,0x10,0x10,0x10,0x0e,0xea,0xea,0x0e,0xea,0xea,0x0e,0xea,0xea,0x0e,0xea,0xea,
0xea,0xea,0xea,0xea,0xea,0xea,0xea,0xea,0xea,0xea,0xea,0xea,0xea,0xea,0xea,0xea,
0xea,0xea,0xea,0xea,0xea,0xea,0xea,0xea,0xea,0xea,0xea,0xea,0xea,0xea,0x0f,0x0e,
0xee,0x0f,0x0e,0xee,0x0f,0x0e,0xee,0x0f,0x0e,0xee,0x0f,0x0e,0xee,0x0f,0x0e,0xee,
0x0f,0x0e,0xee,0x0f,0x0e,0xee,0x0f,0x0e,0xee,0x0f,0x0e,0xee,0x0d,0xec,0x0c,0x0d,
0xec,0x0c,0x0d,0xec,0x0c,0x0d,0xec,0x0c,0x0d,0xec,0x0c,0x0d,0xec,0x0c,0x0d,0xec,
0x0c,0x0d,0xec,0x0c,0x0d,0xec,0x0c,0x0d,0xec,0x0c,0xea,0x0f,0x0d,0xea,0x0f,0x0d,
0xea,0x0f,0x0d,0xea,0x0f,0x0d,0xea,0x0f,0x0d,0xea,0x0f,0x0d,0xea,0x0f,0x0d,0xea,
0x0f,0x0d,0xea,0x0f,0x0d,0xea,0x0f,0x0d,0xea,0xea,0xea,0xea,0xea,0xea,0xea,0xea,
0xea,0xea,0xea,0xea,0xea,0xea,0xea,0xea,0xea,0xea,0xea,0xea,0xea,0xea,0xea,0xea,
0xea,0xea,0xea,0xea,0xea,0xea,0x10,0x10,0x10,0x10,0x10,0x10,0x10,0x10,0x10,0x10,
0x10,0x10,0x10,0x10,0x10,0x10,0x10,0x10,0x10,0x10,0x10,0x10,0x10,0x10,0x10,0x10,
0x10,0x10,0x10,0x10,0x0e,0xea,0xea,0x0e,0xea,0xea,0x0e,0xea,0xea,0x0e,0xea,0xea,
0xea,0xea,0xea,0xea,0xea,0xea,0xea,0xea,0xea,0xea,0xea,0xea,0xea,0xea,0xea,0xea,
0xea,0xea,0xea,0xea,0xea,0xea,0xea,0xea,0xea,0xea,0xea,0xea,0xea,0xea,0x0f,0x0e,
0xee,0x0f,0x0e,0xee,0x0f,0x0e,0xee,0x0f,0x0e,0xee,0x0f,0x0e,0xee,0x0f,0x0e,0xee,
0x0f,0x0e,0xee,0x0f,0x0e,0xee,0x0f,0x0e,0xee,0x0f,0x0e,0xee,0x0d,0xec,0x0c,0x0d,
0xec,0x0c,0x0d,0xec,0x0c,0x0d,0xec,0x0c,0x0d,0xec,0x0c,0x0d,0xec,0x0c,0x0d,0xec,
0x0c,0x0d,0xec,0x0c,0x0d,0xec,0x0c,0x0d,0xec,0x0c,0xea,0x0f,0x0d,0xea,0x0f,0x0d,
0xea,0x0f,0x0d,0xea,0x0f,0x0d,0xea,0x0f,0x0d,0xea,0x0f,0x0d,0xea,0x0f,0x0d,0xea,
0x0f,0x0d,0xea,0x0f,0x0d,0xea,0x0f,0x0d,0xea,0xea,0xea,0xea,0xea,0xea,0xea,0xea,
0xea,0xea,0xea,0xea,0xea,0xea,0xea,0xea,0xea,0xea,0xea,0xea,0xea,0xea,0xea,0xea,
0xea,0xea,0xea,0xea,0xea,0xea,0x10,0x10,0x10,0x10,0x10,0x10,0x10,0x10,0x10,0x10,
0x10,0x10,0x10,0x10,0x10,0x10,0x10,0x10,0x10,0x10,0x10,0x10,0x10,0x10,0x10,0x10,
0x10,0x10,0x10,0x10,0x0e,0xea,0xea,0x0e,0xea,0xea,0x0e,0xea,0xea,0x0e,0xea,0xea,
0xea,0xea,0xea,0xea,0xea,0xea,0xea,0xea,0xea,0xea,0xea,0xea,0xea,0xea,0xea,0xea,
0xea,0xea,0xea,0xea,0xea,0xea,0xea,0xea,0xea,0xea,0xea,0xea,0xea,0xea,0x0f,0x0e,
0xee,0x0f,0x0e,0xee,0x0f,0x0e,0xee,0x0f,0x0e,0xee,0x0f,0x0e,0xee,0x0f,0x0e,0xee,
0x0f,0x0e,0xee,0x0f,0x0e,0xee,0x0f,0x0e,0xee,0x0f,0x0e,0xee,0x0d,0xec,0x0c,0x0d,
0xec,0x0c,0x0d,0xec,0x0c,0x0d,0xec,0x0c,0x0d,0xec,0x0c,0x0d,0xec,0x0c,0x0d,0xec,
0x0c,0x0d,0xec,0x0c,0x0d,0xec,0x0c,0x0d,0xec,0x0c,0xea,0x0f,0x0d,0xea,0x0f,0x0d,
0xea,0x0f,0x0d,0xea,0x0f,0x0d,0xea,0x0f,0x0d,0xea,0x0f,0x0d,0xea,0x0f,0x0d,0xea,
0x0f,0x0d,0xea,0x0f,0x0d,0xea,0x0f,0x0d,0xea,0xea,0xea,0xea,0xea,0xea,0xea,0xea,
0xea,0xea,0xea,0xea,0xea,0xea,0xea,0xea,0xea,0xea,0xea,0xea,0xea,0xea,0xea,0xea,
0xea,0xea,0xea,0xea,0xea,0xea,0x10,0x10,0x10,0x10,0x10,0x10,0x10,0x10,0x10,0x10,
0x10,0x10,0x10,0x10,0x10,0x10,0x10,0x10,0x10,0x10,0x10,0x10,0x10,0x10,0x10,0x10,
0x10,0x10,0x10,0x10,0x0e,0xea,0xea,0x0e,0xea,0xea,0x0e,0xea,0xea,0x0e,0xea,0xea,
0xea,0xea,0xea,0xea,0xea,0xea,0xea,0xea,0xea,0xea,0xea,0xea,0xea,0xea,0xea,0xea,
0xea,0xea,0xea,0xea,0xea,0xea,0xea,0xea,0xea,0xea,0xea,0xea,0xea,0xea,0x0f,0x0e,
0xee,0x0f,0x0e,0xee,0x0f,0x0e,0xee,0x0f,0x0e,0xee,0x0f,0x0e,0xee,0x0f,0x0e,0xee,
0x0f,0x0e,0xee,0x0f,0x0e,0xee,0x0f,0x0e,0xee,0x0f,0x0e,0xee,0x0d,0xec,0x0c,0x0d,
0xec,0x0c,0x0d,0xec,0x0c,0x0d,0xec,0x0c,0x0d,0xec,0x0c,0x0d,0xec,0x0c,0x0d,0xec,
0x0c,0x0d,0xec,0x0c,0x0d,0xec,0x0c,0x0d,0xec,0x0c,0xea,0x0f,0x0d,0xea,0x0f,0x0d,
0xea,0x0f,0x0d,0xea,0x0f,0x0d,0xea,0x0f,0x0d,0xea,0x0f,0x0d,0xea,0x0f,0x0d,0xea,
0x0f,0x0d,0xea,0x0f,0x0d,0xea,0x0f,0x0d,0xea,0xea,0xea,0xea,0xea,0xea,0xea,0xea,
0xea,0xea,0xea,0xea,0xea,0xea,0xea,0xea,0xea,0xea,0xea,0xea,0xea,0xea,0xea,0xea,
0xea,0xea,0xea,0xea,0xea,0xea,0x10,0x10,0x10,0x10,0x10,0x10,0x10,0x10,0x10,0x10,
0x10,0x10,0x10,0x10,0x10,0x10,0x10,0x10,0x10,0x10,0x10,0x10,0x10,0x10,0x10,0x10,
0x10,0x10,0x10,0x10,0x0e,0xea,0xea,0x0e,0xea,0xea,0x0e,0xea,0xea,0x0e,0xea,0xea,
0xea,0xea,0xea,0xea,0xea,0xea,0xea,0xea,0xea,0xea,0xea,0xea,0xea,0xea,0xea,0xea,
0xea,0xea,0xea,0xea,0xea,0xea,0xea,0xea,0xea,0xea,0xea,0xea,0xea,0xea,0x0f,0x0e,
0xee,0x0f,0x0e,0xee,0x0f,0x0e,0xee,0x0f,0x0e,0xee,0x0f,0x0e,0xee,0x0f,0x0e,0xee,
0x0f,0x0e,0xee,0x0f,0x0e,0xee,0x0f,0x0e,0xee,0x0f,0x0e,0xee,0x0d,0xec,0x0c,0x0d,
0xec,0x0c,0x0d,0xec,0x0c,0x0d,0xec,0x0c,0x0d,0xec,0x0c,0x0d,0xec,0x0c,0x0d,0xec,
0x0c,0x0d,0xec,0x0c,0x0d,0xec,0x0c,0x0d,0xec,0x0c,0xea,0x0f,0x0d,0xea,0x0f,0x0d,
0xea,0x0f,0x0d,0xea,0x0f,0x0d,0xea,0x0f,0x0d,0xea,0x0f,0x0d,0xea,0x0f,0x0d,0xea,
0x0f,0x0d,0xea,0x0f,0x0d,0xea,0x0f,0x0d,0xea,0xea,0xea,0xea,0xea,0xea,0xea,0xea,
0xea,0xea,0xea,0xea,0xea,0xea,0xea,0xea,0xea,0xea,0xea,0xea,0xea,0xea,0xea,0xea,
0xea,0xea,0xea,0xea,0xea,0xea,0x10,0x10,0x10,0x10,0x10,0x10,0x10,0x10,0x10,0x10,
0x10,0x10,0x10,0x10,0x10,0x10,0x10,0x10,0x10,0x10,0x10,0x10,0x10,0x10,0x10,0x10,
0x10,0x10,0x10,0x10,0x0e,0xea,0xea,0x0e,0xea,0xea,0x0e,0xea,0xea,0x0e,0xea,0xea,
0xea,0xea,0xea,0xea,0xea,0xea,0xea,0xea,0xea,0xea,0xea,0xea,0xea,0xea,0xea,0xea,
0xea,0xea,0xea,0xea,0xea,0xea,0xea,0xea,0xea,0xea,0xea,0xea,0xea,0xea,0x0f,0x0e,
0xee,0x0f,0x0e,0xee,0x0f,0x0e,0xee,0x0f,0x0e,0xee,0x0f,0x0e,0xee,0x0f,0x0e,0xee,
0x0f,0x0e,0xee,0x0f,0x0e,0xee,0x0f,0x0e,0xee,0x0f,0x0e,0xee,0x0d,0xec,0x0c,0x0d,
0xec,0x0c,0x0d,0xec,0x0c,0x0d,0xec,0x0c,0x0d,0xec,0x0c,0x0d,0xec,0x0c,0x0d,0xec,
0x0c,0x0d,0xec,0x0c,0x0d,0xec,0x0c,0x0d,0xec,0x0c,0xea,0x0f,0x0d,0xea,0x0f,0x0d,
0xea,0x0f,0x0d,0xea,0x0f,0x0d,0xea,0x0f,0x0d,0xea,0x0f,0x0d,0xea,0x0f,0x0d,0xea,
0x0f,0x0d,0xea,0x0f,0x0d,0xea,0x0f,0x0d,0xea,0xea,0xea,0xea,0xea,0xea,0xea,0xea,
0xea,0xea,0xea,0xea,0xea,0xea,0xea,0xea,0xea,0xea,0xea,0xea,0xea,0xea,0xea,0xea,
0xea,0xea,0xea,0xea,0xea,0xea,0x10,0x10,0x10,0x10,0x10,0x10,0x10,0x10,0x10,0x10,
0x10,0x10,0x10,0x10,0x10,0x10,0x10,0x10,0x10,0x10,0x10,0x10,0x10,0x10,0x10,0x10,
0x10,0x10,0x10,0x10,0x0e,0xea,0xea,0x0e,0xea,0xea,0x0e,0xea,0xea,0x0e,0xea,0xea,
0xea,0xea,0xea,0xea,0xea,0xea,0xea,0xea,0xea,0xea,0xea,0xea,0xea,0xea,0xea,0xea,
0xea,0xea,0xea,0xea,0xea,0xea,0xea,0xea,0xea,0xea,0xea,0xea,0xea,0xea,0x0f,0x0e,
0xee,0x0f,0x0e,0xee,0x0f,0x0e,0xee,0x0f,0x0e,0xee,0x0f,0x0e,0xee,0x0f,0x0e,0xee,
0x0f,0x0e,0xee,0x0f,0x0e,0xee,0x0f,0x0e,0xee,0x0f,0x0e,0xee,0x0d,0xec,0x0c,0x0d,
0xec,0x0c,0x0d,0xec,0x0c,0x0d,0xec,0x0c,0x0d,0xec,0x0c,0x0d,0xec,0x0c,0x0d,0xec,
0x0c,0x0d,0xec,0x0c,0x0d,0xec,0x0c,0x0d,0xec,0x0c,0xea,0x0f,0x0d,0xea,0x0f,0x0d,
0xea,0x0f,0x0d,0xea,0x0f,0x0d,0xea,0x0f,0x0d,0xea,0x0f,0x0d,0xea,0x0f,0x0d,0xea,
0x0f,0x0d,0xea,0x0f,0x0d,0xea,0x0f,0x0d,0xea,0xea,0xea,0xea,0xea,0xea,0xea,0xea,
0xea,0xea,0xea,0xea,0xea,0xea,0xea,0xea,0xea,0xea,0xea,0xea,0xea,0xea,0xea,0xea,
0xea,0xea,0xea,0xea,0xea,0xea,0x10,0x10,0x10,0x10,0x10,0x10,0x10,0x10,0x10,0x10,
0x10,0x10,0x10,0x10,0x10,0x10,0x10,0x10,0x10,0x10,0x10,0x10,0x10,0x10,0x10,0x10,
0x10,0x10,0x10,0x10,0x0e,0xea,0xea,0x0e,0xea,0xea,0x0e,0xea,0xea,0x0e,0xea,0xea,
0xea,0xea,0xea,0xea,0xea,0xea,0xea,0xea,0xea,0xea,0xea,0xea,0xea,0xea,0xea,0xea,
0xea,0xea,0xea,0xea,0xea,0xea,0xea,0xea,0xea,0xea,0xea,0xea,0xea,0xea,0x0f,0x0e,
0xee,0x0f,0x0e,0xee,0x0f,0x0e,0xee,0x0f,0x0e,0xee,0x0f,0x0e,0xee,0x0f,0x0e,0xee,
0x0f,0x0e,0xee,0x0f,0x0e,0xee,0x0f,0x0e,0xee,0x0f,0x0e,0xee,0x0d,0xec,0x0c,0x0d,
0xec,0x0c,0x0d,0xec,0x0c,0x0d,0xec,0x0c,0x0d,0xec,0x0c,0x0d,0xec,0x0c,0x0d,0xec,
0x0c,0x0d,0xec,0x0c,0x0d,0xec,0x0c,0x0d,0xec,0x0c,0xea,0x0f,0x0d,0xea,0x0f,0x0d,
0xea,0x0f,0x0d,0xea,0x0f,0x0d,0xea,0x0f,0x0d,0xea,0x0f,0x0d,0xea,0x0f,0x0d,0xea,
0x0f,0x0d,0xea,0x0f,0x0d,0xea,0x0f,0x0d,0xea,0xea,0xea,0xea,0xea,0xea,0xea,0xea,
0xea,0xea,0xea,0xea,0xea,0xea,0xea,0xea,0xea,0xea,0xea,0xea,0xea,0xea,0xea,0xea,
0xea,0xea,0xea,0xea,0xea,0xea,0x10,0x10,0x10,0x10,0x10,0x10,0x10,0x10,0x10,0x10,
0x10,0x10,0x10,0x10,0x10,0x10,0x10,0x10,0x10,0x10,0x10,0x10,0x10,0x10,0x10,0x10,
0x10,0x10,0x10,0x10,0x0e,0xea,0xea,0x0e,0xea,0xea,0x0e,0xea,0xea,0x0e,0xea,0xea,
0x0f,0x0e,0xee,0x0f,0x0e,0xee,0x0f,0x0e,0xee,0x0f,0x0e,0xee,0x0f,0x0e,0xee,0x0f,
0x0e,0xee,0x0f,0x0e,0xee,0x0f,0x0e,0xee,0x0f,0x0e,0xee,0x0f,0x0e,0xee,0x0f,0x0e,
0xee,0x0f,0x0e,0xee,0x0f,0x0e,0xee,0x0f,0x0e,0xee,0x0f,0x0e,0xee,0x0f,0x0e,0xee,
0x0f,0x0e,0xee,0x0f,0x0e,0xee,0x0f,0x0e,0xee,0x0f,0x0e,0xee,0x0f,0x0e,0xee,0x0f,
0x0e,0xee,0x0f,0x0e,0xee,0x0f,0x0e,0xee,0x0f,0x0e,0xee,0x0f,0x0e,0xee,0x0f,0x0e,
0xee,0x0f,0x0e,0xee,0x0f,0x0e,0xee,0x0f,0x0e,0xee,0x0f,0x0e,0xee,0x0f,0x0e,0xee,
0x0f,0x0e,0xee,0x0f,0x0e,0xee,0x0f,0x0e,0xee,0x0f,0x0e,0xee,0x0f,0x0e,0xee,0x0f,
0x0e,0xee,0x0f,0x0e,0xee,0x0f,0x0e,0xee,0x0f,0x0e,0xee,0x0f,0x0e,0xee,0x0f,0x0e,
0xee,0x0f,0x0e,0xee,0x0f,0x0e,0xee,0x0f,0x0e,0xee,0x0f,0x0e,0xee,0x0f,0x0e,0xee,
0x0f,0x0e,0xee,0x0f,0x0e,0xee,0x0f,0x0e,0xee,0x0f,0x0e,0xee,0x0f,0x0e,0xee,0x0f,
0x0e,0xee,0x0f,0x0e,0xee,0x0f,0x0e,0xee,0x0f,0x0e,0xee,0x0f,0x0e,0xee,0x0f,0x0e,
0xee,0x0f,0x0e,0xee,0x0f,0x0e,0xee,0x0f,0x0e,0xee,0x0f,0x0e,0xee,0x0f,0x0e,0xee,
0x0f,0x0e,0xee,0x0f,0x0e,0xee,0x0f,0x0e,0xee,0x0f,0x0e,0xee,0x0f,0x0e,0xee,0x0f,
0x0e,0xee,0x0f,0x0e,0xee,0x0f,0x0e,0xee,0x0f,0x0e,0xee,0x0f,0x0e,0xee,0x0f,0x0e,
0xee,0x0f,0x0e,0xee,0x0f,0x0e,0xee,0x0f,0x0e,0xee,0x0f,0x0e,0xee,0x0f,0x0e,0xee,
0x0f,0x0e,0xee,0x0f,0x0e,0xee,0x0f,0x0e,0xee,0x0f,0x0e,0xee,0x0f,0x0e,0xee,0x0f,
0x0e,0xee,0x0f,0x0e,0xee,0x0f,0x0e,0xee,0x0f,0x0e,0xee,0x0f,0x0e,0xee,0x0f,0x0e,
0xee,0x0f,0x0e,0xee,0x0f,0x0e,0xee,0x0f,0x0e,0xee,0x0f,0x0e,0xee,0x0f,0x0e,0xee,
0x0f,0x0e,0xee,0x0f,0x0e,0xee,0x0f,0x0e,0xee,0x0f,0x0e,0xee,0x0f,0x0e,0xee,0x0f,
0x0e,0xee,0x0f,0x0e,0xee,0x0f,0x0e,0xee,0x0f,0x0e,0xee,0x0f,0x0e,0xee,0x0f,0x0e,
0xee,0x0f,0x0e,0xee,0x0f,0x0e,0xee,0x0f,0x0e,0xee,0x0f,0x0e,0xee,0x0f,0x0e,0xee,
0x0f,0x0e,0xee,0x0f,0x0e,0xee,0x0f,0x0e,0xee,0x0f,0x0e,0xee,0x0f,0x0e,0xee,0x0f,
0x0e,0xee,0x0f,0x0e,0xee,0x0f,0x0e,0xee,0x0f,0x0e,0xee,0x0f,0x0e,0xee,0x0f,0x0e,
0xee,0x0f,0x0e,0xee,0x0f,0x0e,0xee,0x0f,0x0e,0xee,0x0f,0x0e,0xee,0x0f,0x0e,0xee,
0x0f,0x0e,0xee,0x0f,0x0e,0xee,0x0f,0x0e,0xee,0x0f,0x0e,0xee,0x0f,0x0e,0xee,0x0f,
0x0e,0xee,0x0f,0x0e,0xee,0x0f,0x0e,0xee,0x0f,0x0e,0xee,0x0f,0x0e,0xee,0x0f,0x0e,
0xee,0x0f,0x0e,0xee,0x0f,0x0e,0xee,0x0f,0x0e,0xee,0x0f,0x0e,0xee,0x0f,0x0e,0xee,
0x0f,0x0e,0xee,0x0f,0x0e,0xee,0x0f,0x0e,0xee,0x0f,0x0e,0xee,0x0f,0x0e,0xee,0x0f,
0x0e,0xee,0x0f,0x0e,0xee,0x0f,0x0e,0xee,0x0f,0x0e,0xee,0x0f,0x0e,0xee,0x0f,0x0e,
0xee,0x0f,0x0e,0xee,0x0f,0x0e,0xee,0x0f,0x0e,0xee,0x0f,0x0e,0xee,0x0f,0x0e,0xee,
0x0f,0x0e,0xee,0x0f,0x0e,0xee,0x0f,0x0e,0xee,0x0f,0x0e,0xee,0x0f,0x0e,0xee,0x0f,
0x0e,0xee,0x0f,0x0e,0xee,0x0f,0x0e,0xee,0x0f,0x0e,0xee,0x0f,0x0e,0xee,0x0f,0x0e,
0xee,0x0f,0x0e,0xee,0x0f,0x0e,0xee,0x0f,0x0e,0xee,0x0f,0x0e,0xee,0x0f,0x0e,0xee,
0x0f,0x0e,0xee,0x0f,0x0e,0xee,0x0f,0x0e,0xee,0x0f,0x0e,0xee,0x0f,0x0e,0xee,0x0f,
0x0e,0xee,0x0f,0x0e,0xee,0x0f,0x0e,0xee,0x0f,0x0e,0xee,0x0f,0x0e,0xee,0x0f,0x0e,
0xee,0x0f,0x0e,0xee,0x0f,0x0e,0xee,0x0f,0x0e,0xee,0x0f,0x0e,0xee,0x0f,0x0e,0xee,
0x0f,0x0e,0xee,0x0f,0x0e,0xee,0x0f,0x0e,0xee,0x0f,0x0e,0xee,0x0f,0x0e,0xee,0x0f,
0x0e,0xee,0x0f,0x0e,0xee,0x0f,0x0e,0xee,0x0f,0x0e,0xee,0x0f,0x0e,0xee,0x0f,0x0e,
0xee,0x0f,0x0e,0xee,0x0f,0x0e,0xee,0x0f,0x0e,0xee,0x0f,0x0e,0xee,0x0f,0x0e,0xee,
0x0f,0x0e,0xee,0x0f,0x0e,0xee,0x0f,0x0e,0xee,0x0f,0x0e,0xee,0x0f,0x0e,0xee,0x0f,
0x0e,0xee,0x0f,0x0e,0xee,0x0f,0x0e,0xee,0x0f,0x0e,0xee,0x0f,0x0e,0xee,0x0f,0x0e,
0xee,0x0f,0x0e,0xee,0x0f,0x0e,0xee,0x0f,0x0e,0xee,0x0f,0x0e,0xee,0x0f,0x0e,0xee,
0x0f,0x0e,0xee,0x0f,0x0e,0xee,0x0f,0x0e,0xee,0x0f,0x0e,0xee,0x0f,0x0e,0xee,0x0f,
0x0e,0xee,0x0f,0x0e,0xee,0x0f,0x0e,0xee,0x0f,0x0e,0xee,0x0f,0x0e,0xee,0x0f,0x0e,
0xee,0x0f,0x0e,0xee,0x0f,0x0e,0xee,0x0f,0x0e,0xee,0x0f,0x0e,0xee,0x0f,0x0e,0xee,
0x0f,0x0e,0xee,0x0f,0x0e,0xee,0x0f,0x0e,0xee,0x0f,0x0e,0xee,0x0f,0x0e,0xee,0x0f,
0x0e,0xee,0x0f,0x0e,0xee,0x0f,0x0e,0xee,0x0f,0x0e,0xee,0x0f,0x0e,0xee,0x0f,0x0e,
0xee,0x0f,0x0e,0xee,0x0f,0x0e,0xee,0x0f,0x0e,0xee,0x0f,0x0e,0xee,0x0f,0x0e,0xee,
0x0f,0x0e,0xee,0x0f,0x0e,0xee,0x0f,0x0e,0xee,0x0f,0x0e,0xee,0x0f,0x0e,0xee,0x0f,
0x0e,0xee,0x0f,0x0e,0xee,0x0f,0x0e,0xee,0x0f,0x0e,0xee,0x0f,0x0e,0xee,0x0f,0x0e,
0xee,0x0f,0x0e,0xee,0x0f,0x0e,0xee,0x0f,0x0e,0xee,0x0f,0x0e,0xee,0x0f,0x0e,0xee,
0x0f,0x0e,0xee,0x0f,0x0e,0xee,0x0f,0x0e,0xee,0x0f,0x0e,0xee,0x0f,0x0e,0xee,0x0f,
0x0e,0xee,0x0f,0x0e,0xee,0x0f,0x0e,0xee,0x0f,0x0e,0xee,0x0f,0x0e,0xee,0x0f,0x0e,
0xee,0x0f,0x0e,0xee,0x0f,0x0e,0xee,0x0f,0x0e,0xee,0x0f,0x0e,0xee,0x0f,0x0e,0xee,
0x0f,0x0e,0xee,0x0f,0x0e,0xee,0x0f,0x0e,0xee,0x0f,0x0e,0xee,0x0f,0x0e,0xee,0x0f,
0x0e,0xee,0x0f,0x0e,0xee,0x0f,0x0e,0xee,0x0f,0x0e,0xee,0x0f,0x0e,0xee,0x0f,0x0e,
0xee,0x0f,0x0e,0xee,0x0f,0x0e,0xee,0x0f,0x0e,0xee,0x0f,0x0e,0xee,0x0f,0x0e,0xee,
0x0f,0x0e,0xee,0x0f,0x0e,0xee,0x0f,0x0e,0xee,0x0f,0x0e,0xee,0x0f,0x0e,0xee,0x0f,
0x0e,0xee,0x0f,0x0e,0xee,0x0f,0x0e,0xee,0x0f,0x0e,0xee,0x0f,0x0e,0xee,0x0f,0x0e,
0xee,0x0f,0x0e,0xee,0x0f,0x0e,0xee,0x0f,0x0e,0xee,0x0f,0x0e,0xee,0x0f,0x0e,0xee,
0x0f,0x0e,0xee,0x0f,0x0e,0xee,0x0f,0x0e,0xee,0x0f,0x0e,0xee,0x0f,0x0e,0xee,0x0f,
0x0e,0xee,0x0f,0x0e,0xee,0x0f,0x0e,0xee,0x0f,0x0e,0xee,0x0f,0x0e,0xee,0x0f,0x0e,
0xee,0x0f,0x0e,0xee,0x0f,0x0e,0xee,0x0f,0x0e,0xee,0x0f,0x0e,0xee,0x0f,0x0e,0xee,
0x0f,0x0e,0xee,0x0f,0x0e,0xee,0x0f,0x0e,0xee,0x0f,0x0e,0xee,0x0f,0x0e,0xee,0x0f,
0x0e,0xee,0x0f,0x0e,0xee,0x0f,0x0e,0xee,0x0f,0x0e,0xee,0x0f,0x0e,0xee,0x0f,0x0e,
0xee,0x0f,0x0e,0xee,0x0f,0x0e,0xee,0x0f,0x0e,0xee,0x0f,0x0e,0xee,0x0f,0x0e,0xee,
0x0f,0x0e,0xee,0x0f,0x0e,0xee,0x0f,0x0e,0xee,0x0f,0x0e,0xee,0x0f,0x0e,0xee,0x0f,
0x0e,0xee,0x0f,0x0e,0xee,0x0f,0x0e,0xee,0x0f,0x0e,0xee,0x0f,0x0e,0xee,0x0f,0x0e,
0xee,0x0f,0x0e,0xee,0x0f,0x0e,0xee,0x0f,0x0e,0xee,0x0f,0x0e,0xee,0x0f,0x0e,0xee,
0x0f,0x0e,0xee,0x0f,0x0e,0xee,0x0f,0x0e,0xee,0x0f,0x0e,0xee,0x0f,0x0e,0xee,0x0f,
0x0e,0xee,0x0f,0x0e,0xee,0x0f,0x0e,0xee,0x0f,0x0e,0xee,0x0f,0x0e,0xee,0x0f,0x0e,
0xee,0x0f,0x0e,0xee,0x0f,0x0e,0xee,0x0f,0x0e,0xee,0x0f,0x0e,0xee,0x0f,0x0e,0xee,
0x0f,0x0e,0xee,0x0f,0x0e,0xee,0x0f,0x0e,0xee,0x0f,0x0e,0xee,0x0f,0x0e,0xee,0x0f,
0x0e,0xee,0x0f,0x0e,0xee,0x0f,0x0e,0xee,0x0f,0x0e,0xee,0x0f,0x0e,0xee,0x0f,0x0e,
0xee,0x0f,0x0e,0xee,0x0f,0x0e,0xee,0x0f,0x0e,0xee,0x0f,0x0e,0xee,0x0f,0x0e,0xee,
0x0f,0x0e,0xee,0x0f,0x0e,0xee,0x0f,0x0e,0xee,0x0f,0x0e,0xee,0x0f,0x0e,0xee,0x0f,
0x0e,0xee,0x0f,0x0e,0xee,0x0f,0x0e,0xee,0x0f,0x0e,0xee,0x0f,0x0e,0xee,0x0f,0x0e,
0xee,0x0f,0x0e,0xee,0x0f,0x0e,0xee,0x0f,0x0e,0xee,0x0f,0x0e,0xee,0x0f,0x0e,0xee,
0x0f,0x0e,0xee,0x0f,0x0e,0xee,0x0f,0x0e,0xee,0x0f,0x0e,0xee,0x0f,0x0e,0xee,0x0f,
0x0e,0xee,0x0f,0x0e,0xee,0x0f,0x0e,0xee,0x0f,0x0e,0xee,0x0f,0x0e,0xee,0x0f,0x0e,
0xee,0x0f,0x0e,0xee,0x0f,0x0e,0xee,0x0f,0x0e,0xee,0x0f,0x0e,0xee,0x0f,0x0e,0xee,
0x0f,0x0e,0xee,0x0f,0x0e,0xee,0x0f,0x0e,0xee,0x0f,0x0e,0xee,0x0f,0x0e,0xee,0x0f,
0x0e,0xee,0x0f,0x0e,0xee,0x0f,0x0e,0xee,0x0f,0x0e,0xee,0x0f,0x0e,0xee,0x0f,0x0e,
0xee,0x0f,0x0e,0xee,0x0f,0x0e,0xee,0x0f,0x0e,0xee,0x0f,0x0e,0xee,0x0f,0x0e,0xee,
0x0f,0x0e,0xee,0x0f,0x0e,0xee,0x0f,0x0e,0xee,0x0f,0x0e,0xee,0x0f,0x0e,0xee,0x0f,
0x0e,0xee,0x0f,0x0e,0xee,0x0f,0x0e,0xee,0x0f,0x0e,0xee,0x0f,0x0e,0xee,0x0f,0x0e,
0xee,0x0f,0x0e,0xee,0x0f,0x0e,0xee,0x0f,0x0e,0xee,0x0f,0x0e,0xee,0x0f,0x0e,0xee,
0x0f,0x0e,0xee,0x0f,0x0e,0xee,0x0f,0x0e,0xee,0x0f,0x0e,0xee,0x0f,0x0e,0xee,0x0f,
0x0e,0xee,0x0f,0x0e,0xee,0x0f,0x0e,0xee,0x0f,0x0e,0xee,0x0f,0x0e,0xee,0x0f,0x0e,
0xee,0x0f,0x0e,0xee,0x0f,0x0e,0xee,0x0f,0x0e,0xee,0x0f,0x0e,0xee,0x0f,0x0e,0xee,
0x0f,0x0e,0xee,0x0f,0x0e,0xee,0x0f,0x0e,0xee,0x0f,0x0e,0xee,0x0f,0x0e,0xee,0x0f,
0x0e,0xee,0x0f,0x0e,0xee,0x0f,0x0e,0xee,0x0f,0x0e,0xee,0x0f,0x0e,0xee,0x0f,0x0e,
0xee,0x0f,0x0e,0xee,0x0f,0x0e,0xee,0x0f,0x0e,0xee,0x0f,0x0e,0xee,0x0f,0x0e,0xee,
0x0f,0x0e,0xee,0x0f,0x0e,0xee,0x0f,0x0e,0xee,0x0f,0x0e,0xee,0x0f,0x0e,0xee,0x0f,
0x0e,0xee,0x0f,0x0e,0xee,0x0f,0x0e,0xee,0x0f,0x0e,0xee,0x0f,0x0e,0xee,0x0f,0x0e,
0xee,0x0f,0x0e,0xee,0x0f,0x0e,0xee,0x0f,0x0e,0xee,0x0f,0x0e,0xee,0x0f,0x0e,0xee,
0x0f,0x0e,0xee,0x0f,0x0e,0xee,0x0f,0x0e,0xee,0x0f,0x0e,0xee,0x0f,0x0e,0xee,0x0f,
0x0e,0xee,0x0f,0x0e,0xee,0x0f,0x0e,0xee,0x0f,0x0e,0xee,0x0f,0x0e,0xee,0x0f,0x0e,
0xee,0x0f,0x0e,0xee,0x0f,0x0e,0xee,0x0f,0x0e,0xee,0x0f,0x0e,0xee,0x0f,0x0e,0xee,
0x0f,0x0e,0xee,0x0f,0x0e,0xee,0x0f,0x0e,0xee,0x0f,0x0e,0xee,0x0f,0x0e,0xee,0x0f,
0x0e,0xee,0x0f,0x0e,0xee,0x0f,0x0e,0xee,0x0f,0x0e,0xee,0x0f,0x0e,0xee,0x0f,0x0e,
0xee,0x0f,0x0e,0xee,0x0f,0x0e,0xee,0x0f,0x0e,0xee,0x0f,0x0e,0xee,0x0f,0x0e,0xee,
0x0f,0x0e,0xee,0x0f,0x0e,0xee,0x0f,0x0e,0xee,0x0f,0x0e,0xee,0x0f,0x0e,0xee,0x0f,
0x0e,0xee,0x0f,0x0e,0xee,0x0f,0x0e,0xee,0x0f,0x0e,0xee,0x0f,0x0e,0xee,0x0f,0x0e,
0xee,0x0f,0x0e,0xee,0x0f,0x0e,0xee,0x0f,0x0e,0xee,0x0f,0x0e,0xee,0x0f,0x0e,0xee,
0x0f,0x0e,0xee,0x0f,0x0e,0xee,0x0f,0x0e,0xee,0x0f,0x0e,0xee,0x0f,0x0e,0xee,0x0f,
0x0e,0xee,0x0f,0x0e,0xee,0x0f,0x0e,0xee,0x0f,0x0e,0xee,0x0f,0x0e,0xee,0x0f,0x0e,
0xee,0x0f,0x0e,0xee,0x0f,0x0e,0xee,0x0f,0x0e,0xee,0x0f,0x0e,0xee,0x0f,0x0e,0xee,
0x0f,0x0e,0xee,0x0f,0x0e,0xee,0x0f,0x0e,0xee,0x0f,0x0e,0xee,0x0f,0x0e,0xee,0x0f,
0x0e,0xee,0x0f,0x0e,0xee,0x0f,0x0e,0xee,0x0f,0x0e,0xee,0x0f,0x0e,0xee,0x0f,0x0e,
0xee,0x0f,0x0e,0xee,0x0f,0x0e,0xee,0x0f,0x0e,0xee,0x0f,0x0e,0xee,0x0f,0x0e,0xee,
0x0f,0x0e,0xee,0x0f,0x0e,0xee,0x0f,0x0e,0xee,0x0f,0x0e,0xee,0x0f,0x0e,0xee,0x0f,
0x0e,0xee,0x0f,0x0e,0xee,0x0f,0x0e,0xee,0x0f,0x0e,0xee,0x0f,0x0e,0xee,0x0f,0x0e,
0xee,0x0f,0x0e,0xee,0x0f,0x0e,0xee,0x0f,0x0e,0xee,0x0f,0x0e,0xee,0x0f,0x0e,0xee,
0x0f,0x0e,0xee,0x0f,0x0e,0xee,0x0f,0x0e,0xee,0x0f,0x0e,0xee,0x0f,0x0e,0xee,0x0f,
0x0e,0xee,0x0f,0x0e,0xee,0x0f,0x0e,0xee,0x0f,0x0e,0xee,0x0f,0x0e,0xee,0x0f,0x0e,
0xee,0x0f,0x0e,0xee,0x0f,0x0e,0xee,0x0f,0x0e,0xee,0x0f,0x0e,0xee,0x0f,0x0e,0xee,
0x0f,0x0e,0xee,0x0f,0x0e,0xee,0x0f,0x0e,0xee,0x0f,0x0e,0xee,0x0f,0x0e,0xee,0x0f,
0x0e,0xee,0x0f,0x0e,0xee,0x0f,0x0e,0xee,0x0f,0x0e,0xee,0x0f,0x0e,0xee,0x0f,0x0e,
0xee,0x0f,0x0e,0xee,0x0f,0x0e,0xee,0x0f,0x0e,0xee,0x0f,0x0e,0xee,0x0f,0x0e,0xee,
0x0d,0xec,0x0c,0x0d,0xec,0x0c,0x0d,0xec,0x0c,0x0d,0xec,0x0c,0x0d,0xec,0x0c,0x0d,
0xec,0x0c,0x0d,0xec,0x0c,0x0d,0xec,0x0c,0x0d,0xec,0x0c,0x0d,0xec,0x0c,0x0d,0xec,
0x0c,0x0d,0xec,0x0c,0x0d,0xec,0x0c,0x0d,0xec,0x0c,0x0d,0xec,0x0c,0x0d,0xec,0x0c,
0x0d,0xec,0x0c,0x0d,0xec,0x0c,0x0d,0xec,0x0c,0x0d,0xec,0x0c,0x0d,0xec,0x0c,0x0d,
0xec,0x0c,0x0d,0xec,0x0c,0x0d,0xec,0x0c,0x0d,0xec,0x0c,0x0d,0xec,0x0c,0x0d,0xec,
0x0c,0x0d,0xec,0x0c,0x0d,0xec,0x0c,0x0d,0xec,0x0c,0x0d,0xec,0x0c,0x0d,0xec,0x0c,
0x0d,0xec,0x0c,0x0d,0xec,0x0c,0x0d,0xec,0x0c,0x0d,0xec,0x0c,0x0d,0xec,0x0c,0x0d,
0xec,0x0c,0x0d,0xec,0x0c,0x0d,0xec,0x0c,0x0d,0xec,0x0c,0x0d,0xec,0x0c,0x0d,0xec,
0x0c,0x0d,0xec,0x0c,0x0d,0xec,0x0c,0x0d,0xec,0x0c,0x0d,0xec,0x0c,0x0d,0xec,0x0c,
0x0d,0xec,0x0c,0x0d,0xec,0x0c,0x0d,0xec,0x0c,0x0d,0xec,0x0c,0x0d,0xec,0x0c,0x0d,
0xec,0x0c,0x0d,0xec,0x0c,0x0d,0xec,0x0c,0x0d,0xec,0x0c,0x0d,0xec,0x0c,0x0d,0xec,
0x0c,0x0d,0xec,0x0c,0x0d,0xec,0x0c,0x0d,0xec,0x0c,0x0d,0xec,0x0c,0x0d,0xec,0x0c,
0x0d,0xec,0x0c,0x0d,0xec,0x0c,0x0d,0xec,0x0c,0x0d,0xec,0x0c,0x0d,0xec,0x0c,0x0d,
0xec,0x0c,0x0d,0xec,0x0c,0x0d,0xec,0x0c,0x0d,0xec,0x0c,0x0d,0xec,0x0c,0x0d,0xec,
0x0c,0x0d,0xec,0x0c,0x0d,0xec,0x0c,0x0d,0xec,0x0c,0x0d,0xec,0x0c,0x0d,0xec,0x0c,
0x0d,0xec,0x0c,0x0d,0xec,0x0c,0x0d,0xec,0x0c,0x0d,0xec,0x0c,0x0d,0xec,0x0c,0x0d,
0xec,0x0c,0x0d,0xec,0x0c,0x0d,0xec,0x0c,0x0d,0xec,0x0c,0x0d,0xec,0x0c,0x0d,0xec,
0x0c,0x0d,0xec,0x0c,0x0d,0xec,0x0c,0x0d,0xec,0x0c,0x0d,0xec,0x0c,0x0d,0xec,0x0c,
0x0d,0xec,0x0c,0x0d,0xec,0x0c,0x0d,0xec,0x0c,0x0d,0xec,0x0c,0x0d,0xec,0x0c,0x0d,
0xec,0x0c,0x0d,0xec,0x0c,0x0d,0xec,0x0c,0x0d,0xec,0x0c,0x0d,0xec,0x0c,0x0d,0xec,
0x0c,0x0d,0xec,0x0c,0x0d,0xec,0x0c,0x0d,0xec,0x0c,0x0d,0xec,0x0c,0x0d,0xec,0x0c,
0x0d,0xec,0x0c,0x0d,0xec,0x0c,0x0d,0xec,0x0c,0x0d,0xec,0x0c,0x0d,0xec,0x0c,0x0d,
0xec,0x0c,0x0d,0xec,0x0c,0x0d,0xec,0x0c,0x0d,0xec,0x0c,0x0d,0xec,0x0c,0x0d,0xec,
0x0c,0x0d,0xec,0x0c,0x0d,0xec,0x0c,0x0d,0xec,0x0c,0x0d,0xec,0x0c,0x0d,0xec,0x0c,
0x0d,0xec,0x0c,0x0d,0xec,0x0c,0x0d,0xec,0x0c,0x0d,0xec,0x0c,0x0d,0xec,0x0c,0x0d,
0xec,0x0c,0x0d,0xec,0x0c,0x0d,0xec,0x0c,0x0d,0xec,0x0c,0x0d,0xec,0x0c,0x0d,0xec,
0x0c,0x0d,0xec,0x0c,0x0d,0xec,0x0c,0x0d,0xec,0x0c,0x0d,0xec,0x0c,0x0d,0xec,0x0c,
0x0d,0xec,0x0c,0x0d,0xec,0x0c,0x0d,0xec,0x0c,0x0d,0xec,0x0c,0x0d,0xec,0x0c,0x0d,
0xec,0x0c,0x0d,0xec,0x0c,0x0d,0xec,0x0c,0x0d,0xec,0x0c,0x0d,0xec,0x0c,0x0d,0xec,
0x0c,0x0d,0xec,0x0c,0x0d,0xec,0x0c,0x0d,0xec,0x0c,0x0d,0xec,0x0c,0x0d,0xec,0x0c,
0x0d,0xec,0x0c,0x0d,0xec,0x0c,0x0d,0xec,0x0c,0x0d,0xec,0x0c,0x0d,0xec,0x0c,0x0d,
0xec,0x0c,0x0d,0xec,0x0c,0x0d,0xec,0x0c,0x0d,0xec,0x0c,0x0d,0xec,0x0c,0x0d,0xec,
0x0c,0x0d,0xec,0x0c,0x0d,0xec,0x0c,0x0d,0xec,0x0c,0x0d,0xec,0x0c,0x0d,0xec,0x0c,
0x0d,0xec,0x0c,0x0d,0xec,0x0c,0x0d,0xec,0x0c,0x0d,0xec,0x0c,0x0d,0xec,0x0c,0x0d,
0xec,0x0c,0x0d,0xec,0x0c,0x0d,0xec,0x0c,0x0d,0xec,0x0c,0x0d,0xec,0x0c,0x0d,0xec,
0x0c,0x0d,0xec,0x0c,0x0d,0xec,0x0c,0x0d,0xec,0x0c,0x0d,0xec,0x0c,0x0d,0xec,0x0c,
0x0d,0xec,0x0c,0x0d,0xec,0x0c,0x0d,0xec,0x0c,0x0d,0xec,0x0c,0x0d,0xec,0x0c,0x0d,
0xec,0x0c,0x0d,0xec,0x0c,0x0d,0xec,0x0c,0x0d,0xec,0x0c,0x0d,0xec,0x0c,0x0d,0xec,
0x0c,0x0d,0xec,0x0c,0x0d,0xec,0x0c,0x0d,0xec,0x0c,0x0d,0xec,0x0c,0x0d,0xec,0x0c,
0x0d,0xec,0x0c,0x0d,0xec,0x0c,0x0d,0xec,0x0c,0x0d,0xec,0x0c,0x0d,0xec,0x0c,0x0d,
0xec,0x0c,0x0d,0xec,0x0c,0x0d,0xec,0x0c,0x0d,0xec,0x0c,0x0d,0xec,0x0c,0x0d,0xec,
0x0c,0x0d,0xec,0x0c,0x0d,0xec,0x0c,0x0d,0xec,0x0c,0x0d,0xec,0x0c,0x0d,0xec,0x0c,
0x0d,0xec,0x0c,0x0d,0xec,0x0c,0x0d,0xec,0x0c,0x0d,0xec,0x0c,0x0d,0xec,0x0c,0x0d,
0xec,0x0c,0x0d,0xec,0x0c,0x0d,0xec,0x0c,0x0d,0xec,0x0c,0x0d,0xec,0x0c,0x0d,0xec,
0x0c,0x0d,0xec,0x0c,0x0d,0xec,0x0c,0x0d,0xec,0x0c,0x0d,0xec,0x0c,0x0d,0xec,0x0c,
0x0d,0xec,0x0c,0x0d,0xec,0x0c,0x0d,0xec,0x0c,0x0d,0xec,0x0c,0x0d,0xec,0x0c,0x0d,
0xec,0x0c,0x0d,0xec,0x0c,0x0d,0xec,0x0c,0x0d,0xec,0x0c,0x0d,0xec,0x0c,0x0d,0xec,
0x0c,0x0d,0xec,0x0c,0x0d,0xec,0x0c,0x0d,0xec,0x0c,0x0d,0xec,0x0c,0x0d,0xec,0x0c,
0x0d,0xec,0x0c,0x0d,0xec,0x0c,0x0d,0xec,0x0c,0x0d,0xec,0x0c,0x0d,0xec,0x0c,0x0d,
0xec,0x0c,0x0d,0xec,0x0c,0x0d,0xec,0x0c,0x0d,0xec,0x0c,0x0d,0xec,0x0c,0x0d,0xec,
0x0c,0x0d,0xec,0x0c,0x0d,0xec,0x0c,0x0d,0xec,0x0c,0x0d,0xec,0x0c,0x0d,0xec,0x0c,
0x0d,0xec,0x0c,0x0d,0xec,0x0c,0x0d,0xec,0x0c,0x0d,0xec,0x0c,0x0d,0xec,0x0c,0x0d,
0xec,0x0c,0x0d,0xec,0x0c,0x0d,0xec,0x0c,0x0d,0xec,0x0c,0x0d,0xec,0x0c,0x0d,0xec,
0x0c,0x0d,0xec,0x0c,0x0d,0xec,0x0c,0x0d,0xec,0x0c,0x0d,0xec,0x0c,0x0d,0xec,0x0c,
0x0d,0xec,0x0c,0x0d,0xec,0x0c,0x0d,0xec,0x0c,0x0d,0xec,0x0c,0x0d,0xec,0x0c,0x0d,
0xec,0x0c,0x0d,0xec,0x0c,0x0d,0xec,0x0c,0x0d,0xec,0x0c,0x0d,0xec,0x0c,0x0d,0xec,
0x0c,0x0d,0xec,0x0c,0x0d,0xec,0x0c,0x0d,0xec,0x0c,0x0d,0xec,0x0c,0x0d,0xec,0x0c,
0x0d,0xec,0x0c,0x0d,0xec,0x0c,0x0d,0xec,0x0c,0x0d,0xec,0x0c,0x0d,0xec,0x0c,0x0d,
0xec,0x0c,0x0d,0xec,0x0c,0x0d,0xec,0x0c,0x0d,0xec,0x0c,0x0d,0xec,0x0c,0x0d,0xec,
0x0c,0x0d,0xec,0x0c,0x0d,0xec,0x0c,0x0d,0xec,0x0c,0x0d,0xec,0x0c,0x0d,0xec,0x0c,
0x0d,0xec,0x0c,0x0d,0xec,0x0c,0x0d,0xec,0x0c,0x0d,0xec,0x0c,0x0d,0xec,0x0c,0x0d,
0xec,0x0c,0x0d,0xec,0x0c,0x0d,0xec,0x0c,0x0d,0xec,0x0c,0x0d,0xec,0x0c,0x0d,0xec,
0x0c,0x0d,0xec,0x0c,0x0d,0xec,0x0c,0x0d,0xec,0x0c,0x0d,0xec,0x0c,0x0d,0xec,0x0c,
0x0d,0xec,0x0c,0x0d,0xec,0x0c,0x0d,0xec,0x0c,0x0d,0xec,0x0c,0x0d,0xec,0x0c,0x0d,
0xec,0x0c,0x0d,0xec,0x0c,0x0d,0xec,0x0c,0x0d,0xec,0x0c,0x0d,0xec,0x0c,0x0d,0xec,
0x0c,0x0d,0xec,0x0c,0x0d,0xec,0x0c,0x0d,0xec,0x0c,0x0d,0xec,0x0c,0x0d,0xec,0x0c,
0x0d,0xec,0x0c,0x0d,0xec,0x0c,0x0d,0xec,0x0c,0x0d,0xec,0x0c,0x0d,0xec,0x0c,0x0d,
0xec,0x0c,0x0d,0xec,0x0c,0x0d,0xec,0x0c,0x0d,0xec,0x0c,0x0d,0xec,0x0c,0x0d,0xec,
0x0c,0x0d,0xec,0x0c,0x0d,0xec,0x0c,0x0d,0xec,0x0c,0x0d,0xec,0x0c,0x0d,0xec,0x0c,
0x0d,0xec,0x0c,0x0d,0xec,0x0c,0x0d,0xec,0x0c,0x0d,0xec,0x0c,0x0d,0xec,0x0c,0x0d,
0xec,0x0c,0x0d,0xec,0x0c,0x0d,0xec,0x0c,0x0d,0xec,0x0c,0x0d,0xec,0x0c,0x0d,0xec,
0x0c,0x0d,0xec,0x0c,0x0d,0xec,0x0c,0x0d,0xec,0x0c,0x0d,0xec,0x0c,0x0d,0xec,0x0c,
0x0d,0xec,0x0c,0x0d,0xec,0x0c,0x0d,0xec,0x0c,0x0d,0xec,0x0c,0x0d,0xec,0x0c,0x0d,
0xec,0x0c,0x0d,0xec,0x0c,0x0d,0xec,0x0c,0x0d,0xec,0x0c,0x0d,0xec,0x0c,0x0d,0xec,
0x0c,0x0d,0xec,0x0c,0x0d,0xec,0x0c,0x0d,0xec,0x0c,0x0d,0xec,0x0c,0x0d,0xec,0x0c,
0x0d,0xec,0x0c,0x0d,0xec,0x0c,0x0d,0xec,0x0c,0x0d,0xec,0x0c,0x0d,0xec,0x0c,0x0d,
0xec,0x0c,0x0d,0xec,0x0c,0x0d,0xec,0x0c,0x0d,0xec,0x0c,0x0d,0xec,0x0c,0x0d,0xec,
0x0c,0x0d,0xec,0x0c,0x0d,0xec,0x0c,0x0d,0xec,0x0c,0x0d,0xec,0x0c,0x0d,0xec,0x0c,
0x0d,0xec,0x0c,0x0d,0xec,0x0c,0x0d,0xec,0x0c,0x0d,0xec,0x0c,0x0d,0xec,0x0c,0x0d,
0xec,0x0c,0x0d,0xec,0x0c,0x0d,0xec,0x0c,0x0d,0xec,0x0c,0x0d,0xec,0x0c,0x0d,0xec,
0x0c,0x0d,0xec,0x0c,0x0d,0xec,0x0c,0x0d,0xec,0x0c,0x0d,0xec,0x0c,0x0d,0xec,0x0c,
0x0d,0xec,0x0c,0x0d,0xec,0x0c,0x0d,0xec,0x0c,0x0d,0xec,0x0c,0x0d,0xec,0x0c,0x0d,
0xec,0x0c,0x0d,0xec,0x0c,0x0d,0xec,0x0c,0x0d,0xec,0x0c,0x0d,0xec,0x0c,0x0d,0xec,
0x0c,0x0d,0xec,0x0c,0x0d,0xec,0x0c,0x0d,0xec,0x0c,0x0d,0xec,0x0c,0x0d,0xec,0x0c,
0x0d,0xec,0x0c,0x0d,0xec,0x0c,0x0d,0xec,0x0c,0x0d,0xec,0x0c,0x0d,0xec,0x0c,0x0d,
0xec,0x0c,0x0d,0xec,0x0c,0x0d,0xec,0x0c,0x0d,0xec,0x0c,0x0d,0xec,0x0c,0x0d,0xec,
0x0c,0x0d,0xec,0x0c,0x0d,0xec,0x0c,0x0d,0xec,0x0c,0x0d,0xec,0x0c,0x0d,0xec,0x0c,
0x0d,0xec,0x0c,0x0d,0xec,0x0c,0x0d,0xec,0x0c,0x0d,0xec,0x0c,0x0d,0xec,0x0c,0x0d,
0xec,0x0c,0x0d,0xec,0x0c,0x0d,0xec,0x0c,0x0d,0xec,0x0c,0x0d,0xec,0x0c,0x0d,0xec,
0x0c,0x0d,0xec,0x0c,0x0d,0xec,0x0c,0x0d,0xec,0x0c,0x0d,0xec,0x0c,0x0d,0xec,0x0c,
0x0d,0xec,0x0c,0x0d,0xec,0x0c,0x0d,0xec,0x0c,0x0d,0xec,0x0c,0x0d,0xec,0x0c,0x0d,
0xec,0x0c,0x0d,0xec,0x0c,0x0d,0xec,0x0c,0x0d,0xec,0x0c,0x0d,0xec,0x0c,0x0d,0xec,
0x0c,0x0d,0xec,0x0c,0x0d,0xec,0x0c,0x0d,0xec,0x0c,0x0d,0xec,0x0c,0x0d,0xec,0x0c,
0x0d,0xec,0x0c,0x0d,0xec,0x0c,0x0d,0xec,0x0c,0x0d,0xec,0x0c,0x0d,0xec,0x0c,0x0d,
0xec,0x0c,0x0d,0xec,0x0c,0x0d,0xec,0x0c,0x0d,0xec,0x0c,0x0d,0xec,0x0c,0x0d,0xec,
0x0c,0x0d,0xec,0x0c,0x0d,0xec,0x0c,0x0d,0xec,0x0c,0x0d,0xec,0x0c,0x0d,0xec,0x0c,
0x0d,0xec,0x0c,0x0d,0xec,0x0c,0x0d,0xec,0x0c,0x0d,0xec,0x0c,0x0d,0xec,0x0c,0x0d,
0xec,0x0c,0x0d,0xec,0x0c,0x0d,0xec,0x0c,0x0d,0xec,0x0c,0x0d,0xec,0x0c,0x0d,0xec,
0x0c,0x0d,0xec,0x0c,0x0d,0xec,0x0c,0x0d,0xec,0x0c,0x0d,0xec,0x0c,0x0d,0xec,0x0c,
0x0d,0xec,0x0c,0x0d,0xec,0x0c,0x0d,0xec,0x0c,0x0d,0xec,0x0c,0x0d,0xec,0x0c,0x0d,
0xec,0x0c,0x0d,0xec,0x0c,0x0d,0xec,0x0c,0x0d,0xec,0x0c,0x0d,0xec,0x0c,0x0d,0xec,
0x0c,0x0d,0xec,0x0c,0x0d,0xec,0x0c,0x0d,0xec,0x0c,0x0d,0xec,0x0c,0x0d,0xec,0x0c,
0x0d,0xec,0x0c,0x0d,0xec,0x0c,0x0d,0xec,0x0c,0x0d,0xec,0x0c,0x0d,0xec,0x0c,0x0d,
0xec,0x0c,0x0d,0xec,0x0c,0x0d,0xec,0x0c,0x0d,0xec,0x0c,0x0d,0xec,0x0c,0x0d,0xec,
0x0c,0x0d,0xec,0x0c,0x0d,0xec,0x0c,0x0d,0xec,0x0c,0x0d,0xec,0x0c,0x0d,0xec,0x0c,
0x0d,0xec,0x0c,0x0d,0xec,0x0c,0x0d,0xec,0x0c,0x0d,0xec,0x0c,0x0d,0xec,0x0c,0x0d,
0xec,0x0c,0x0d,0xec,0x0c,0x0d,0xec,0x0c,0x0d,0xec,0x0c,0x0d,0xec,0x0c,0x0d,0xec,
0x0c,0x0d,0xec,0x0c,0x0d,0xec,0x0c,0x0d,0xec,0x0c,0x0d,0xec,0x0c,0x0d,0xec,0x0c,
0x0d,0xec,0x0c,0x0d,0xec,0x0c,0x0d,0xec,0x0c,0x0d,0xec,0x0c,0x0d,0xec,0x0c,0x0d,
0xec,0x0c,0x0d,0xec,0x0c,0x0d,0xec,0x0c,0x0d,0xec,0x0c,0x0d,0xec,0x0c,0x0d,0xec,
0x0c,0x0d,0xec,0x0c,0x0d,0xec,0x0c,0x0d,0xec,0x0c,0x0d,0xec,0x0c,0x0d,0xec,0x0c,
0x0d,0xec,0x0c,0x0d,0xec,0x0c,0x0d,0xec,0x0c,0x0d,0xec,0x0c,0x0d,0xec,0x0c,0x0d,
0xec,0x0c,0x0d,0xec,0x0c,0x0d,0xec,0x0c,0x0d,0xec,0x0c,0x0d,0xec,0x0c,0x0d,0xec,
0x0c,0x0d,0xec,0x0c,0x0d,0xec,0x0c,0x0d,0xec,0x0c,0x0d,0xec,0x0c,0x0d,0xec,0x0c,
0x0d,0xec,0x0c,0x0d,0xec,0x0c,0x0d,0xec,0x0c,0x0d,0xec,0x0c,0x0d,0xec,0x0c,0x0d,
0xec,0x0c,0x0d,0xec,0x0c,0x0d,0xec,0x0c,0x0d,0xec,0x0c,0x0d,0xec,0x0c,0x0d,0xec,
0x0c,0x0d,0xec,0x0c,0x0d,0xec,0x0c,0x0d,0xec,0x0c,0x0d,0xec,0x0c,0x0d,0xec,0x0c,
0x0d,0xec,0x0c,0x0d,0xec,0x0c,0x0d,0xec,0x0c,0x0d,0xec,0x0c,0x0d,0xec,0x0c,0x0d,
0xec,0x0c,0x0d,0xec,0x0c,0x0d,0xec,0x0c,0x0d,0xec,0x0c,0x0d,0xec,0x0c,0x0d,0xec,
0x0c,0x0d,0xec,0x0c,0x0d,0xec,0x0c,0x0d,0xec,0x0c,0x0d,0xec,0x0c,0x0d,0xec,0x0c,
0xea,0x0f,0x0d,0xea,0x0f,0x0d,0xea,0x0f,0x0d,0xea,0x0f,0x0d,0xea,0x0f,0x0d,0xea,
0x0f,0x0d,0xea,0x0f,0x0d,0xea,0x0f,0x0d,0xea,0x0f,0x0d,0xea,0x0f,0x0d,0xea,0x0f,
0x0d,0xea,0x0f,0x0d,0xea,0x0f,0x0d,0xea,0x0f,0x0d,0xea,0x0f,0x0d,0xea,0x0f,0x0d,
0xea,0x0f,0x0d,0xea,0x0f,0x0d,0xea,0x0f,0x0d,0xea,0x0f,0x0d,0xea,0x0f,0x0d,0xea,
0x0f,0x0d,0xea,0x0f,0x0d,0xea,0x0f,0x0d,0xea,0x0f,0x0d,0xea,0x0f,0x0d,0xea,0x0f,
0x0d,0xea,0x0f,0x0d,0xea,0x0f,0x0d,0xea,0x0f,0x0d,0xea,0x0f,0x0d,0xea,0x0f,0x0d,
0xea,0x0f,0x0d,0xea,0x0f,0x0d,0xea,0x0f,0x0d,0xea,0x0f,0x0d,0xea,0x0f,0x0d,0xea,
0x0f,0x0d,0xea,0x0f,0x0d,0xea,0x0f,0x0d,0xea,0x0f,0x0d,0xea,0x0f,0x0d,0xea,0x0f,
0x0d,0xea,0x0f,0x0d,0xea,0x0f,0x0d,0xea,0x0f,0x0d,0xea,0x0f,0x0d,0xea,0x0f,0x0d,
0xea,0x0f,0x0d,0xea,0x0f,0x0d,0xea,0x0f,0x0d,0xea,0x0f,0x0d,0xea,0x0f,0x0d,0xea,
0x0f,0x0d,0xea,0x0f,0x0d,0xea,0x0f,0x0d,0xea,0x0f,0x0d,0xea,0x0f,0x0d,0xea,0x0f,
0x0d,0xea,0x0f,0x0d,0xea,0x0f,0x0d,0xea,0x0f,0x0d,0xea,0x0f,0x0d,0xea,0x0f,0x0d,
0xea,0x0f,0x0d,0xea,0x0f,0x0d,0xea,0x0f,0x0d,0xea,0x0f,0x0d,0xea,0x0f,0x0d,0xea,
0x0f,0x0d,0xea,0x0f,0x0d,0xea,0x0f,0x0d,0xea,0x0f,0x0d,0xea,0x0f,0x0d,0xea,0x0f,
0x0d,0xea,0x0f,0x0d,0xea,0x0f,0x0d,0xea,0x0f,0x0d,0xea,0x0f,0x0d,0xea,0x0f,0x0d,
0xea,0x0f,0x0d,0xea,0x0f,0x0d,0xea,0x0f,0x0d,0xea,0x0f,0x0d,0xea,0x0f,0x0d,0xea,
0x0f,0x0d,0xea,0x0f,0x0d,0xea,0x0f,0x0d,0xea,0x0f,0x0d,0xea,0x0f,0x0d,0xea,0x0f,
0x0d,0xea,0x0f,0x0d,0xea,0x0f,0x0d,0xea,0x0f,0x0d,0xea,0x0f,0x0d,0xea,0x0f,0x0d,
0xea,0x0f,0x0d,0xea,0x0f,0x0d,0xea,0x0f,0x0d,0xea,0x0f,0x0d,0xea,0x0f,0x0d,0xea,
0x0f,0x0d,0xea,0x0f,0x0d,0xea,0x0f,0x0d,0xea,0x0f,0x0d,0xea,0x0f,0x0d,0xea,0x0f,
0x0d,0xea,0x0f,0x0d,0xea,0x0f,0x0d,0xea,0x0f,0x0d,0xea,0x0f,0x0d,0xea,0x0f,0x0d,
0xea,0x0f,0x0d,0xea,0x0f,0x0d,0xea,0x0f,0x0d,0xea,0x0f,0x0d,0xea,0x0f,0x0d,0xea,
0x0f,0x0d,0xea,0x0f,0x0d,0xea,0x0f,0x0d,0xea,0x0f,0x0d,0xea,0x0f,0x0d,0xea,0x0f,
0x0d,0xea,0x0f,0x0d,0xea,0x0f,0x0d,0xea,0x0f,0x0d,0xea,0x0f,0x0d,0xea,0x0f,0x0d,
0xea,0x0f,0x0d,0xea,0x0f,0x0d,0xea,0x0f,0x0d,0xea,0x0f,0x0d,0xea,0x0f,0x0d,0xea,
0x0f,0x0d,0xea,0x0f,0x0d,0xea,0x0f,0x0d,0xea,0x0f,0x0d,0xea,0x0f,0x0d,0xea,0x0f,
0x0d,0xea,0x0f,0x0d,0xea,0x0f,0x0d,0xea,0x0f,0x0d,0xea,0x0f,0x0d,0xea,0x0f,0x0d,
0xea,0x0f,0x0d,0xea,0x0f,0x0d,0xea,0x0f,0x0d,0xea,0x0f,0x0d,0xea,0x0f,0x0d,0xea,
0x0f,0x0d,0xea,0x0f,0x0d,0xea,0x0f,0x0d,0xea,0x0f,0x0d,0xea,0x0f,0x0d,0xea,0x0f,
0x0d,0xea,0x0f,0x0d,0xea,0x0f,0x0d,0xea,0x0f,0x0d,0xea,0x0f,0x0d,0xea,0x0f,0x0d,
0xea,0x0f,0x0d,0xea,0x0f,0x0d,0xea,0x0f,0x0d,0xea,0x0f,0x0d,0xea,0x0f,0x0d,0xea,
0x0f,0x0d,0xea,0x0f,0x0d,0xea,0x0f,0x0d,0xea,0x0f,0x0d,0xea,0x0f,0x0d,0xea,0x0f,
0x0d,0xea,0x0f,0x0d,0xea,0x0f,0x0d,0xea,0x0f,0x0d,0xea,0x0f,0x0d,0xea,0x0f,0x0d,
0xea,0x0f,0x0d,0xea,0x0f,0x0d,0xea,0x0f,0x0d,0xea,0x0f,0x0d,0xea,0x0f,0x0d,0xea,
0x0f,0x0d,0xea,0x0f,0x0d,0xea,0x0f,0x0d,0xea,0x0f,0x0d,0xea,0x0f,0x0d,0xea,0x0f,
0x0d,0xea,0x0f,0x0d,0xea,0x0f,0x0d,0xea,0x0f,0x0d,0xea,0x0f,0x0d,0xea,0x0f,0x0d,
0xea,0x0f,0x0d,0xea,0x0f,0x0d,0xea,0x0f,0x0d,0xea,0x0f,0x0d,0xea,0x0f,0x0d,0xea,
0x0f,0x0d,0xea,0x0f,0x0d,0xea,0x0f,0x0d,0xea,0x0f,0x0d,0xea,0x0f,0x0d,0xea,0x0f,
0x0d,0xea,0x0f,0x0d,0xea,0x0f,0x0d,0xea,0x0f,0x0d,0xea,0x0f,0x0d,0xea,0x0f,0x0d,
0xea,0x0f,0x0d,0xea,0x0f,0x0d,0xea,0x0f,0x0d,0xea,0x0f,0x0d,0xea,0x0f,0x0d,0xea,
0x0f,0x0d,0xea,0x0f,0x0d,0xea,0x0f,0x0d,0xea,0x0f,0x0d,0xea,0x0f,0x0d,0xea,0x0f,
0x0d,0xea,0x0f,0x0d,0xea,0x0f,0x0d,0xea,0x0f,0x0d,0xea,0x0f,0x0d,0xea,0x0f,0x0d,
0xea,0x0f,0x0d,0xea,0x0f,0x0d,0xea,0x0f,0x0d,0xea,0x0f,0x0d,0xea,0x0f,0x0d,0xea,
0x0f,0x0d,0xea,0x0f,0x0d,0xea,0x0f,0x0d,0xea,0x0f,0x0d,0xea,0x0f,0x0d,0xea,0x0f,
0x0d,0xea,0x0f,0x0d,0xea,0x0f,0x0d,0xea,0x0f,0x0d,0xea,0x0f,0x0d,0xea,0x0f,0x0d,
0xea,0x0f,0x0d,0xea,0x0f,0x0d,0xea,0x0f,0x0d,0xea,0x0f,0x0d,0xea,0x0f,0x0d,0xea,
0x0f,0x0d,0xea,0x0f,0x0d,0xea,0x0f,0x0d,0xea,0x0f,0x0d,0xea,0x0f,0x0d,0xea,0x0f,
0x0d,0xea,0x0f,0x0d,0xea,0x0f,0x0d,0xea,0x0f,0x0d,0xea,0x0f,0x0d,0xea,0x0f,0x0d,
0xea,0x0f,0x0d,0xea,0x0f,0x0d,0xea,0x0f,0x0d,0xea,0x0f,0x0d,0xea,0x0f,0x0d,0xea,
0x0f,0x0d,0xea,0x0f,0x0d,0xea,0x0f,0x0d,0xea,0x0f,0x0d,0xea,0x0f,0x0d,0xea,0x0f,
0x0d,0xea,0x0f,0x0d,0xea,0x0f,0x0d,0xea,0x0f,0x0d,0xea,0x0f,0x0d,0xea,0x0f,0x0d,
0xea,0x0f,0x0d,0xea,0x0f,0x0d,0xea,0x0f,0x0d,0xea,0x0f,0x0d,0xea,0x0f,0x0d,0xea,
0x0f,0x0d,0xea,0x0f,0x0d,0xea,0x0f,0x0d,0xea,0x0f,0x0d,0xea,0x0f,0x0d,0xea,0x0f,
0x0d,0xea,0x0f,0x0d,0xea,0x0f,0x0d,0xea,0x0f,0x0d,0xea,0x0f,0x0d,0xea,0x0f,0x0d,
0xea,0x0f,0x0d,0xea,0x0f,0x0d,0xea,0x0f,0x0d,0xea,0x0f,0x0d,0xea,0x0f,0x0d,0xea,
0x0f,0x0d,0xea,0x0f,0x0d,0xea,0x0f,0x0d,0xea,0x0f,0x0d,0xea,0x0f,0x0d,0xea,0x0f,
0x0d,0xea,0x0f,0x0d,0xea,0x0f,0x0d,0xea,0x0f,0x0d,0xea,0x0f,0x0d,0xea,0x0f,0x0d,
0xea,0x0f,0x0d,0xea,0x0f,0x0d,0xea,0x0f,0x0d,0xea,0x0f,0x0d,0xea,0x0f,0x0d,0xea,
0x0f,0x0d,0xea,0x0f,0x0d,0xea,0x0f,0x0d,0xea,0x0f,0x0d,0xea,0x0f,0x0d,0xea,0x0f,
0x0d,0xea,0x0f,0x0d,0xea,0x0f,0x0d,0xea,0x0f,0x0d,0xea,0x0f,0x0d,0xea,0x0f,0x0d,
0xea,0x0f,0x0d,0xea,0x0f,0x0d,0xea,0x0f,0x0d,0xea,0x0f,0x0d,0xea,0x0f,0x0d,0xea,
0x0f,0x0d,0xea,0x0f,0x0d,0xea,0x0f,0x0d,0xea,0x0f,0x0d,0xea,0x0f,0x0d,0xea,0x0f,
0x0d,0xea,0x0f,0x0d,0xea,0x0f,0x0d,0xea,0x0f,0x0d,0xea,0x0f,0x0d,0xea,0x0f,0x0d,
0xea,0x0f,0x0d,0xea,0x0f,0x0d,0xea,0x0f,0x0d,0xea,0x0f,0x0d,0xea,0x0f,0x0d,0xea,
0x0f,0x0d,0xea,0x0f,0x0d,0xea,0x0f,0x0d,0xea,0x0f,0x0d,0xea,0x0f,0x0d,0xea,0x0f,
0x0d,0xea,0x0f,0x0d,0xea,0x0f,0x0d,0xea,0x0f,0x0d,0xea,0x0f,0x0d,0xea,0x0f,0x0d,
0xea,0x0f,0x0d,0xea,0x0f,0x0d,0xea,0x0f,0x0d,0xea,0x0f,0x0d,0xea,0x0f,0x0d,0xea,
0x0f,0x0d,0xea,0x0f,0x0d,0xea,0x0f,0x0d,0xea,0x0f,0x0d,0xea,0x0f,0x0d,0xea,0x0f,
0x0d,0xea,0x0f,0x0d,0xea,0x0f,0x0d,0xea,0x0f,0x0d,0xea,0x0f,0x0d,0xea,0x0f,0x0d,
0xea,0x0f,0x0d,0xea,0x0f,0x0d,0xea,0x0f,0x0d,0xea,0x0f,0x0d,0xea,0x0f,0x0d,0xea,
0x0f,0x0d,0xea,0x0f,0x0d,0xea,0x0f,0x0d,0xea,0x0f,0x0d,0xea,0x0f,0x0d,0xea,0x0f,
0x0d,0xea,0x0f,0x0d,0xea,0x0f,0x0d,0xea,0x0f,0x0d,0xea,0x0f,0x0d,0xea,0x0f,0x0d,
0xea,0x0f,0x0d,0xea,0x0f,0x0d,0xea,0x0f,0x0d,0xea,0x0f,0x0d,0xea,0x0f,0x0d,0xea,
0x0f,0x0d,0xea,0x0f,0x0d,0xea,0x0f,0x0d,0xea,0x0f,0x0d,0xea,0x0f,0x0d,0xea,0x0f,
0x0d,0xea,0x0f,0x0d,0xea,0x0f,0x0d,0xea,0x0f,0x0d,0xea,0x0f,0x0d,0xea,0x0f,0x0d,
0xea,0x0f,0x0d,0xea,0x0f,0x0d,0xea,0x0f,0x0d,0xea,0x0f,0x0d,0xea,0x0f,0x0d,0xea,
0x0f,0x0d,0xea,0x0f,0x0d,0xea,0x0f,0x0d,0xea,0x0f,0x0d,0xea,0x0f,0x0d,0xea,0x0f,
0x0d,0xea,0x0f,0x0d,0xea,0x0f,0x0d,0xea,0x0f,0x0d,0xea,0x0f,0x0d,0xea,0x0f,0x0d,
0xea,0x0f,0x0d,0xea,0x0f,0x0d,0xea,0x0f,0x0d,0xea,0x0f,0x0d,0xea,0x0f,0x0d,0xea,
0x0f,0x0d,0xea,0x0f,0x0d,0xea,0x0f,0x0d,0xea,0x0f,0x0d,0xea,0x0f,0x0d,0xea,0x0f,
0x0d,0xea,0x0f,0x0d,0xea,0x0f,0x0d,0xea,0x0f,0x0d,0xea,0x0f,0x0d,0xea,0x0f,0x0d,
0xea,0x0f,0x0d,0xea,0x0f,0x0d,0xea,0x0f,0x0d,0xea,0x0f,0x0d,0xea,0x0f,0x0d,0xea,
0x0f,0x0d,0xea,0x0f,0x0d,0xea,0x0f,0x0d,0xea,0x0f,0x0d,0xea,0x0f,0x0d,0xea,0x0f,
0x0d,0xea,0x0f,0x0d,0xea,0x0f,0x0d,0xea,0x0f,0x0d,0xea,0x0f,0x0d,0xea,0x0f,0x0d,
0xea,0x0f,0x0d,0xea,0x0f,0x0d,0xea,0x0f,0x0d,0xea,0x0f,0x0d,0xea,0x0f,0x0d,0xea,
0x0f,0x0d,0xea,0x0f,0x0d,0xea,0x0f,0x0d,0xea,0x0f,0x0d,0xea,0x0f,0x0d,0xea,0x0f,
0x0d,0xea,0x0f,0x0d,0xea,0x0f,0x0d,0xea,0x0f,0x0d,0xea,0x0f,0x0d,0xea,0x0f,0x0d,
0xea,0x0f,0x0d,0xea,0x0f,0x0d,0xea,0x0f,0x0d,0xea,0x0f,0x0d,0xea,0x0f,0x0d,0xea,
0x0f,0x0d,0xea,0x0f,0x0d,0xea,0x0f,0x0d,0xea,0x0f,0x0d,0xea,0x0f,0x0d,0xea,0x0f,
0x0d,0xea,0x0f,0x0d,0xea,0x0f,0x0d,0xea,0x0f,0x0d,0xea,0x0f,0x0d,0xea,0x0f,0x0d,
0xea,0x0f,0x0d,0xea,0x0f,0x0d,0xea,0x0f,0x0d,0xea,0x0f,0x0d,0xea,0x0f,0x0d,0xea,
0x0f,0x0d,0xea,0x0f,0x0d,0xea,0x0f,0x0d,0xea,0x0f,0x0d,0xea,0x0f,0x0d,0xea,0x0f,
0x0d,0xea,0x0f,0x0d,0xea,0x0f,0x0d,0xea,0x0f,0x0d,0xea,0x0f,0x0d,0xea,0x0f,0x0d,
0xea,0x0f,0x0d,0xea,0x0f,0x0d,0xea,0x0f,0x0d,0xea,0x0f,0x0d,0xea,0x0f,0x0d,0xea,
0x0f,0x0d,0xea,0x0f,0x0d,0xea,0x0f,0x0d,0xea,0x0f,0x0d,0xea,0x0f,0x0d,0xea,0x0f,
0x0d,0xea,0x0f,0x0d,0xea,0x0f,0x0d,0xea,0x0f,0x0d,0xea,0x0f,0x0d,0xea,0x0f,0x0d,
0xea,0x0f,0x0d,0xea,0x0f,0x0d,0xea,0x0f,0x0d,0xea,0x0f,0x0d,0xea,0x0f,0x0d,0xea,
0x0f,0x0d,0xea,0x0f,0x0d,0xea,0x0f,0x0d,0xea,0x0f,0x0d,0xea,0x0f,0x0d,0xea,0x0f,
0x0d,0xea,0x0f,0x0d,0xea,0x0f,0x0d,0xea,0x0f,0x0d,0xea,0x0f,0x0d,0xea,0x0f,0x0d,
0xea,0x0f,0x0d,0xea,0x0f,0x0d,0xea,0x0f,0x0d,0xea,0x0f,0x0d,0xea,0x0f,0x0d,0xea,
0x0f,0x0d,0xea,0x0f,0x0d,0xea,0x0f,0x0d,0xea,0x0f,0x0d,0xea,0x0f,0x0d,0xea,0x0f,
0x0d,0xea,0x0f,0x0d,0xea,0x0f,0x0d,0xea,0x0f,0x0d,0xea,0x0f,0x0d,0xea,0x0f,0x0d,
0xea,0x0f,0x0d,0xea,0x0f,0x0d,0xea,0x0f,0x0d,0xea,0x0f,0x0d,0xea,0x0f,0x0d,0xea,
0x0f,0x0d,0xea,0x0f,0x0d,0xea,0x0f,0x0d,0xea,0x0f,0x0d,0xea,0x0f,0x0d,0xea,0x0f,
0x0d,0xea,0x0f,0x0d,0xea,0x0f,0x0d,0xea,0x0f,0x0d,0xea,0x0f,0x0d,0xea,0x0f,0x0d,
0xea,0x0f,0x0d,0xea,0x0f,0x0d,0xea,0x0f,0x0d,0xea,0x0f,0x0d,0xea,0x0f,0x0d,0xea,
0x0f,0x0d,0xea,0x0f,0x0d,0xea,0x0f,0x0d,0xea,0x0f,0x0d,0xea,0x0f,0x0d,0xea,0x0f,
0x0d,0xea,0x0f,0x0d,0xea,0x0f,0x0d,0xea,0x0f,0x0d,0xea,0x0f,0x0d,0xea,0x0f,0x0d,
0xea,0x0f,0x0d,0xea,0x0f,0x0d,0xea,0x0f,0x0d,0xea,0x0f,0x0d,0xea,0x0f,0x0d,0xea,
0x0f,0x0d,0xea,0x0f,0x0d,0xea,0x0f,0x0d,0xea,0x0f,0x0d,0xea,0x0f,0x0d,0xea,0x0f,
0x0d,0xea,0x0f,0x0d,0xea,0x0f,0x0d,0xea,0x0f,0x0d,0xea,0x0f,0x0d,0xea,0x0f,0x0d,
0xea,0x0f,0x0d,0xea,0x0f,0x0d,0xea,0x0f,0x0d,0xea,0x0f,0x0d,0xea,0x0f,0x0d,0xea,
0x0f,0x0d,0xea,0x0f,0x0d,0xea,0x0f,0x0d,0xea,0x0f,0x0d,0xea,0x0f,0x0d,0xea,0x0f,
0x0d,0xea,0x0f,0x0d,0xea,0x0f,0x0d,0xea,0x0f,0x0d,0xea,0x0f,0x0d,0xea,0x0f,0x0d,
0xea,0x0f,0x0d,0xea,0x0f,0x0d,0xea,0x0f,0x0d,0xea,0x0f,0x0d,0xea,0x0f,0x0d,0xea,
0x0f,0x0d,0xea,0x0f,0x0d,0xea,0x0f,0x0d,0xea,0x0f,0x0d,0xea,0x0f,0x0d,0xea,0x0f,
0x0d,0xea,0x0f,0x0d,0xea,0x0f,0x0d,0xea,0x0f,0x0d,0xea,0x0f,0x0d,0xea,0x0f,0x0d,
0xea,0x0f,0x0d,0xea,0x0f,0x0d,0xea,0x0f,0x0d,0xea,0x0f,0x0d,0xea,0x0f,0x0d,0xea,
0x0f,0x0d,0xea,0x0f,0x0d,0xea,0x0f,0x0d,0xea,0x0f,0x0d,0xea,0x0f,0x0d,0xea,0x0f,
0x0d,0xea,0x0f,0x0d,0xea,0x0f,0x0d,0xea,0x0f,0x0d,0xea,0x0f,0x0d,0xea,0x0f,0x0d,
0xe4,0xe4,0xe4,0xdd,0xdd,0xdd,0xd4,0xd7,0xd4,0xcd,0xd0,0xcd,0xc6,0xc9,0xc6,0xbf,
0xc2,0xbf,0xb8,0xbb,0xb8,0xb0,0xb3,0xb0,0xa9,0xac,0xa9,0xa3,0xa6,0xa3,0x9c,0x9f,
0x9c,0x94,0x97,0x94,0x8e,0x91,0x8e,0x87,0x8a,0x87,0x80,0x83,0x80,0x78,0x7b,0x78,
0x71,0x74,0x71,0x6a,0x6d,0x6a,0x63,0x66,0x62,0x5c,0x5f,0x5b,0x55,0x58,0x54,0x4f,
0x52,0x4e,0x48,0x4b,0x47,0x40,0x43,0x3f,0x39,0x3c,0x38,0x32,0x35,0x31,0x29,0x2f,
0x2a,0x22,0x28,0x23,0x1b,0x21,0x1c,0x14,0x1a,0x15,0x10,0x13,0x10,0xe8,0xeb,0xe8,
0xe4,0xe4,0xe4,0xdd,0xdd,0xdd,0xd4,0xd7,0xd4,0xcd,0xd0,0xcd,0xc6,0xc9,0xc6,0xbf,
0xc2,0xbf,0xb8,0xbb,0xb8,0xb0,0xb3,0xb0,0xa9,0xac,0xa9,0xa3,0xa6,0xa3,0x9c,0x9f,
0x9c,0x94,0x97,0x94,0x8e,0x91,0x8e,0x87,0x8a,0x87,0x80,0x83,0x80,0x78,0x7b,0x78,
0x71,0x74,0x71,0x6a,0x6d,0x6a,0x63,0x66,0x62,0x5c,0x5f,0x5b,0x55,0x58,0x54,0x4f,
0x52,0x4e,0x48,0x4b,0x47,0x40,0x43,0x3f,0x39,0x3c,0x38,0x32,0x35,0x31,0x29,0x2f,
0x2a,0x22,0x28,0x23,0x1b,0x21,0x1c,0x14,0x1a,0x15,0x10,0x13,0x10,0xe8,0xeb,0xe8,
0xe4,0xe4,0xe4,0xdd,0xdd,0xdd,0xd4,0xd7,0xd4,0xcd,0xd0,0xcd,0xc6,0xc9,0xc6,0xbf,
0xc2,0xbf,0xb8,0xbb,0xb8,0xb0,0xb3,0xb0,0xa9,0xac,0xa9,0xa3,0xa6,0xa3,0x9c,0x9f,
0x9c,0x94,0x97,0x94,0x8e,0x91,0x8e,0x87,0x8a,0x87,0x80,0x83,0x80,0x78,0x7b,0x78,
0x71,0x74,0x71,0x6a,0x6d,0x6a,0x63,0x66,0x62,0x5c,0x5f,0x5b,0x55,0x58,0x54,0x4f,
0x52,0x4e,0x48,0x4b,0x47,0x40,0x43,0x3f,0x39,0x3c,0x38,0x32,0x35,0x31,0x29,0x2f,
0x2a,0x22,0x28,0x23,0x1b,0x21,0x1c,0x14,0x1a,0x15,0x10,0x13,0x10,0xe8,0xeb,0xe8,
0xe4,0xe4,0xe4,0xdd,0xdd,0xdd,0xd4,0xd7,0xd4,0xcd,0xd0,0xcd,0xc6,0xc9,0xc6,0xbf,
0xc2,0xbf,0xb8,0xbb,0xb8,0xb0,0xb3,0xb0,0xa9,0xac,0xa9,0xa3,0xa6,0xa3,0x9c,0x9f,
0x9c,0x94,0x97,0x94,0x8e,0x91,0x8e,0x87,0x8a,0x87,0x80,0x83,0x80,0x78,0x7b,0x78,
0x71,0x74,0x71,0x6a,0x6d,0x6a,0x63,0x66,0x62,0x5c,0x5f,0x5b,0x55,0x58,0x54,0x4f,
0x52,0x4e,0x48,0x4b,0x47,0x40,0x43,0x3f,0x39,0x3c,0x38,0x32,0x35,0x31,0x29,0x2f,
0x2a,0x22,0x28,0x23,0x1b,0x21,0x1c,0x14,0x1a,0x15,0x10,0x13,0x10,0xe8,0xeb,0xe8,
0xe4,0xe4,0xe4,0xdd,0xdd,0xdd,0xd4,0xd7,0xd4,0xcd,0xd0,0xcd,0xc6,0xc9,0xc6,0xbf,
0xc2,0xbf,0xb8,0xbb,0xb8,0xb0,0xb3,0xb0,0xa9,0xac,0xa9,0xa3,0xa6,0xa3,0x9c,0x9f,
0x9c,0x94,0x97,0x94,0x8e,0x91,0x8e,0x87,0x8a,0x87,0x80,0x83,0x80,0x78,0x7b,0x78,
0x71,0x74,0x71,0x6a,0x6d,0x6a,0x63,0x66,0x62,0x5c,0x5f,0x5b,0x55,0x58,0x54,0x4f,
0x52,0x4e,0x48,0x4b,0x47,0x40,0x43,0x3f,0x39,0x3c,0x38,0x32,0x35,0x31,0x29,0x2f,
0x2a,0x22,0x28,0x23,0x1b,0x21,0x1c,0x14,0x1a,0x15,0x10,0x13,0x10,0xe8,0xeb,0xe8,
0xe4,0xe4,0xe4,0xdd,0xdd,0xdd,0xd4,0xd7,0xd4,0xcd,0xd0,0xcd,0xc6,0xc9,0xc6,0xbf,
0xc2,0xbf,0xb8,0xbb,0xb8,0xb0,0xb3,0xb0,0xa9,0xac,0xa9,0xa3,0xa6,0xa3,0x9c,0x9f,
0x9c,0x94,0x97,0x94,0x8e,0x91,0x8e,0x87,0x8a,0x87,0x80,0x83,0x80,0x78,0x7b,0x78,
0x71,0x74,0x71,0x6a,0x6d,0x6a,0x63,0x66,0x62,0x5c,0x5f,0x5b,0x55,0x58,0x54,0x4f,
0x52,0x4e,0x48,0x4b,0x47,0x40,0x43,0x3f,0x39,0x3c,0x38,0x32,0x35,0x31,0x29,0x2f,
0x2a,0x22,0x28,0x23,0x1b,0x21,0x1c,0x14,0x1a,0x15,0x10,0x13,0x10,0xe8,0xeb,0xe8,
0xe4,0xe4,0xe4,0xdd,0xdd,0xdd,0xd4,0xd7,0xd4,0xcd,0xd0,0xcd,0xc6,0xc9,0xc6,0xbf,
0xc2,0xbf,0xb8,0xbb,0xb8,0xb0,0xb3,0xb0,0xa9,0xac,0xa9,0xa3,0xa6,0xa3,0x9c,0x9f,
0x9c,0x94,0x97,0x94,0x8e,0x91,0x8e,0x87,0x8a,0x87,0x80,0x83,0x80,0x78,0x7b,0x78,
0x71,0x74,0x71,0x6a,0x6d,0x6a,0x63,0x66,0x62,0x5c,0x5f,0x5b,0x55,0x58,0x54,0x4f,
0x52,0x4e,0x48,0x4b,0x47,0x40,0x43,0x3f,0x39,0x3c,0x38,0x32,0x35,0x31,0x29,0x2f,
0x2a,0x22,0x28,0x23,0x1b,0x21,0x1c,0x14,0x1a,0x15,0x10,0x13,0x10,0xe8,0xeb,0xe8,
0xe4,0xe4,0xe4,0xdd,0xdd,0xdd,0xd4,0xd7,0xd4,0xcd,0xd0,0xcd,0xc6,0xc9,0xc6,0xbf,
0xc2,0xbf,0xb8,0xbb,0xb8,0xb0,0xb3,0xb0,0xa9,0xac,0xa9,0xa3,0xa6,0xa3,0x9c,0x9f,
0x9c,0x94,0x97,0x94,0x8e,0x91,0x8e,0x87,0x8a,0x87,0x80,0x83,0x80,0x78,0x7b,0x78,
0x71,0x74,0x71,0x6a,0x6d,0x6a,0x63,0x66,0x62,0x5c,0x5f,0x5b,0x55,0x58,0x54,0x4f,
0x52,0x4e,0x48,0x4b,0x47,0x40,0x43,0x3f,0x39,0x3c,0x38,0x32,0x35,0x31,0x29,0x2f,
0x2a,0x22,0x28,0x23,0x1b,0x21,0x1c,0x14,0x1a,0x15,0x10,0x13,0x10,0xe8,0xeb,0xe8,
0xe4,0xe4,0xe4,0xdd,0xdd,0xdd,0xd4,0xd7,0xd4,0xcd,0xd0,0xcd,0xc6,0xc9,0xc6,0xbf,
0xc2,0xbf,0xb8,0xbb,0xb8,0xb0,0xb3,0xb0,0xa9,0xac,0xa9,0xa3,0xa6,0xa3,0x9c,0x9f,
0x9c,0x94,0x97,0x94,0x8e,0x91,0x8e,0x87,0x8a,0x87,0x80,0x83,0x80,0x78,0x7b,0x78,
0x71,0x74,0x71,0x6a,0x6d,0x6a,0x63,0x66,0x62,0x5c,0x5f,0x5b,0x55,0x58,0x54,0x4f,
0x52,0x4e,0x48,0x4b,0x47,0x40,0x43,0x3f,0x39,0x3c,0x38,0x32,0x35,0x31,0x29,0x2f,
0x2a,0x22,0x28,0x23,0x1b,0x21,0x1c,0x14,0x1a,0x15,0x10,0x13,0x10,0xe8,0xeb,0xe8,
0xe4,0xe4,0xe4,0xdd,0xdd,0xdd,0xd4,0xd7,0xd4,0xcd,0xd0,0xcd,0xc6,0xc9,0xc6,0xbf,
0xc2,0xbf,0xb8,0xbb,0xb8,0xb0,0xb3,0xb0,0xa9,0xac,0xa9,0xa3,0xa6,0xa3,0x9c,0x9f,
0x9c,0x94,0x97,0x94,0x8e,0x91,0x8e,0x87,0x8a,0x87,0x80,0x83,0x80,0x78,0x7b,0x78,
0x71,0x74,0x71,0x6a,0x6d,0x6a,0x63,0x66,0x62,0x5c,0x5f,0x5b,0x55,0x58,0x54,0x4f,
0x52,0x4e,0x48,0x4b,0x47,0x40,0x43,0x3f,0x39,0x3c,0x38,0x32,0x35,0x31,0x29,0x2f,
0x2a,0x22,0x28,0x23,0x1b,0x21,0x1c,0x14,0x1a,0x15,0x10,0x13,0x10,0xe8,0xeb,0xe8,
0xe4,0xe4,0xe4,0xdd,0xdd,0xdd,0xd4,0xd7,0xd4,0xcd,0xd0,0xcd,0xc6,0xc9,0xc6,0xbf,
0xc2,0xbf,0xb8,0xbb,0xb8,0xb0,0xb3,0xb0,0xa9,0xac,0xa9,0xa3,0xa6,0xa3,0x9c,0x9f,
0x9c,0x94,0x97,0x94,0x8e,0x91,0x8e,0x87,0x8a,0x87,0x80,0x83,0x80,0x78,0x7b,0x78,
0x71,0x74,0x71,0x6a,0x6d,0x6a,0x63,0x66,0x62,0x5c,0x5f,0x5b,0x55,0x58,0x54,0x4f,
0x52,0x4e,0x48,0x4b,0x47,0x40,0x43,0x3f,0x39,0x3c,0x38,0x32,0x35,0x31,0x29,0x2f,
0x2a,0x22,0x28,0x23,0x1b,0x21,0x1c,0x14,0x1a,0x15,0x10,0x13,0x10,0xe8,0xeb,0xe8,
0xe4,0xe4,0xe4,0xdd,0xdd,0xdd,0xd4,0xd7,0xd4,0xcd,0xd0,0xcd,0xc6,0xc9,0xc6,0xbf,
0xc2,0xbf,0xb8,0xbb,0xb8,0xb0,0xb3,0xb0,0xa9,0xac,0xa9,0xa3,0xa6,0xa3,0x9c,0x9f,
0x9c,0x94,0x97,0x94,0x8e,0x91,0x8e,0x87,0x8a,0x87,0x80,0x83,0x80,0x78,0x7b,0x78,
0x71,0x74,0x71,0x6a,0x6d,0x6a,0x63,0x66,0x62,0x5c,0x5f,0x5b,0x55,0x58,0x54,0x4f,
0x52,0x4e,0x48,0x4b,0x47,0x40,0x43,0x3f,0x39,0x3c,0x38,0x32,0x35,0x31,0x29,0x2f,
0x2a,0x22,0x28,0x23,0x1b,0x21,0x1c,0x14,0x1a,0x15,0x10,0x13,0x10,0xe8,0xeb,0xe8,
0xe4,0xe4,0xe4,0xdd,0xdd,0xdd,0xd4,0xd7,0xd4,0xcd,0xd0,0xcd,0xc6,0xc9,0xc6,0xbf,
0xc2,0xbf,0xb8,0xbb,0xb8,0xb0,0xb3,0xb0,0xa9,0xac,0xa9,0xa3,0xa6,0xa3,0x9c,0x9f,
0x9c,0x94,0x97,0x94,0x8e,0x91,0x8e,0x87,0x8a,0x87,0x80,0x83,0x80,0x78,0x7b,0x78,
0x71,0x74,0x71,0x6a,0x6d,0x6a,0x63,0x66,0x62,0x5c,0x5f,0x5b,0x55,0x58,0x54,0x4f,
0x52,0x4e,0x48,0x4b,0x47,0x40,0x43,0x3f,0x39,0x3c,0x38,0x32,0x35,0x31,0x29,0x2f,
0x2a,0x22,0x28,0x23,0x1b,0x21,0x1c,0x14,0x1a,0x15,0x10,0x13,0x10,0xe8,0xeb,0xe8,
0xe4,0xe4,0xe4,0xdd,0xdd,0xdd,0xd4,0xd7,0xd4,0xcd,0xd0,0xcd,0xc6,0xc9,0xc6,0xbf,
0xc2,0xbf,0xb8,0xbb,0xb8,0xb0,0xb3,0xb0,0xa9,0xac,0xa9,0xa3,0xa6,0xa3,0x9c,0x9f,
0x9c,0x94,0x97,0x94,0x8e,0x91,0x8e,0x87,0x8a,0x87,0x80,0x83,0x80,0x78,0x7b,0x78,
0x71,0x74,0x71,0x6a,0x6d,0x6a,0x63,0x66,0x62,0x5c,0x5f,0x5b,0x55,0x58,0x54,0x4f,
0x52,0x4e,0x48,0x4b,0x47,0x40,0x43,0x3f,0x39,0x3c,0x38,0x32,0x35,0x31,0x29,0x2f,
0x2a,0x22,0x28,0x23,0x1b,0x21,0x1c,0x14,0x1a,0x15,0x10,0x13,0x10,0xe8,0xeb,0xe8,
0xe4,0xe4,0xe4,0xdd,0xdd,0xdd,0xd4,0xd7,0xd4,0xcd,0xd0,0xcd,0xc6,0xc9,0xc6,0xbf,
0xc2,0xbf,0xb8,0xbb,0xb8,0xb0,0xb3,0xb0,0xa9,0xac,0xa9,0xa3,0xa6,0xa3,0x9c,0x9f,
0x9c,0x94,0x97,0x94,0x8e,0x91,0x8e,0x87,0x8a,0x87,0x80,0x83,0x80,0x78,0x7b,0x78,
0x71,0x74,0x71,0x6a,0x6d,0x6a,0x63,0x66,0x62,0x5c,0x5f,0x5b,0x55,0x58,0x54,0x4f,
0x52,0x4e,0x48,0x4b,0x47,0x40,0x43,0x3f,0x39,0x3c,0x38,0x32,0x35,0x31,0x29,0x2f,
0x2a,0x22,0x28,0x23,0x1b,0x21,0x1c,0x14,0x1a,0x15,0x10,0x13,0x10,0xe8,0xeb,0xe8,
0xe4,0xe4,0xe4,0xdd,0xdd,0xdd,0xd4,0xd7,0xd4,0xcd,0xd0,0xcd,0xc6,0xc9,0xc6,0xbf,
0xc2,0xbf,0xb8,0xbb,0xb8,0xb0,0xb3,0xb0,0xa9,0xac,0xa9,0xa3,0xa6,0xa3,0x9c,0x9f,
0x9c,0x94,0x97,0x94,0x8e,0x91,0x8e,0x87,0x8a,0x87,0x80,0x83,0x80,0x78,0x7b,0x78,
0x71,0x74,0x71,0x6a,0x6d,0x6a,0x63,0x66,0x62,0x5c,0x5f,0x5b,0x55,0x58,0x54,0x4f,
0x52,0x4e,0x48,0x4b,0x47,0x40,0x43,0x3f,0x39,0x3c,0x38,0x32,0x35,0x31,0x29,0x2f,
0x2a,0x22,0x28,0x23,0x1b,0x21,0x1c,0x14,0x1a,0x15,0x10,0x13,0x10,0xe8,0xeb,0xe8,
0xe4,0xe4,0xe4,0xdd,0xdd,0xdd,0xd4,0xd7,0xd4,0xcd,0xd0,0xcd,0xc6,0xc9,0xc6,0xbf,
0xc2,0xbf,0xb8,0xbb,0xb8,0xb0,0xb3,0xb0,0xa9,0xac,0xa9,0xa3,0xa6,0xa3,0x9c,0x9f,
0x9c,0x94,0x97,0x94,0x8e,0x91,0x8e,0x87,0x8a,0x87,0x80,0x83,0x80,0x78,0x7b,0x78,
0x71,0x74,0x71,0x6a,0x6d,0x6a,0x63,0x66,0x62,0x5c,0x5f,0x5b,0x55,0x58,0x54,0x4f,
0x52,0x4e,0x48,0x4b,0x47,0x40,0x43,0x3f,0x39,0x3c,0x38,0x32,0x35,0x31,0x29,0x2f,
0x2a,0x22,0x28,0x23,0x1b,0x21,0x1c,0x14,0x1a,0x15,0x10,0x13,0x10,0xe8,0xeb,0xe8,
0xe4,0xe4,0xe4,0xdd,0xdd,0xdd,0xd4,0xd7,0xd4,0xcd,0xd0,0xcd,0xc6,0xc9,0xc6,0xbf,
0xc2,0xbf,0xb8,0xbb,0xb8,0xb0,0xb3,0xb0,0xa9,0xac,0xa9,0xa3,0xa6,0xa3,0x9c,0x9f,
0x9c,0x94,0x97,0x94,0x8e,0x91,0x8e,0x87,0x8a,0x87,0x80,0x83,0x80,0x78,0x7b,0x78,
0x71,0x74,0x71,0x6a,0x6d,0x6a,0x63,0x66,0x62,0x5c,0x5f,0x5b,0x55,0x58,0x54,0x4f,
0x52,0x4e,0x48,0x4b,0x47,0x40,0x43,0x3f,0x39,0x3c,0x38,0x32,0x35,0x31,0x29,0x2f,
0x2a,0x22,0x28,0x23,0x1b,0x21,0x1c,0x14,0x1a,0x15,0x10,0x13,0x10,0xe8,0xeb,0xe8,
0xe4,0xe4,0xe4,0xdd,0xdd,0xdd,0xd4,0xd7,0xd4,0xcd,0xd0,0xcd,0xc6,0xc9,0xc6,0xbf,
0xc2,0xbf,0xb8,0xbb,0xb8,0xb0,0xb3,0xb0,0xa9,0xac,0xa9,0xa3,0xa6,0xa3,0x9c,0x9f,
0x9c,0x94,0x97,0x94,0x8e,0x91,0x8e,0x87,0x8a,0x87,0x80,0x83,0x80,0x78,0x7b,0x78,
0x71,0x74,0x71,0x6a,0x6d,0x6a,0x63,0x66,0x62,0x5c,0x5f,0x5b,0x55,0x58,0x54,0x4f,
0x52,0x4e,0x48,0x4b,0x47,0x40,0x43,0x3f,0x39,0x3c,0x38,0x32,0x35,0x31,0x29,0x2f,
0x2a,0x22,0x28,0x23,0x1b,0x21,0x1c,0x14,0x1a,0x15,0x10,0x13,0x10,0xe8,0xeb,0xe8,
0xe4,0xe4,0xe4,0xdd,0xdd,0xdd,0xd4,0xd7,0xd4,0xcd,0xd0,0xcd,0xc6,0xc9,0xc6,0xbf,
0xc2,0xbf,0xb8,0xbb,0xb8,0xb0,0xb3,0xb0,0xa9,0xac,0xa9,0xa3,0xa6,0xa3,0x9c,0x9f,
0x9c,0x94,0x97,0x94,0x8e,0x91,0x8e,0x87,0x8a,0x87,0x80,0x83,0x80,0x78,0x7b,0x78,
0x71,0x74,0x71,0x6a,0x6d,0x6a,0x63,0x66,0x62,0x5c,0x5f,0x5b,0x55,0x58,0x54,0x4f,
0x52,0x4e,0x48,0x4b,0x47,0x40,0x43,0x3f,0x39,0x3c,0x38,0x32,0x35,0x31,0x29,0x2f,
0x2a,0x22,0x28,0x23,0x1b,0x21,0x1c,0x14,0x1a,0x15,0x10,0x13,0x10,0xe8,0xeb,0xe8,
0x16,0x16,0x16,0x1d,0x1d,0x1d,0x24,0x24,0x24,0x2b,0x2b,0x2b,0x32,0x32,0x32,0x39,
0x39,0x39,0x40,0x40,0x40,0x48,0x48,0x48,0x4f,0x4f,0x4f,0x55,0x55,0x55,0x5c,0x5c,
0x5c,0x63,0x63,0x63,0x6a,0x6a,0x6a,0x71,0x71,0x71,0x78,0x78,0x78,0x80,0x80,0x80,
0x87,0x87,0x87,0x8e,0x8e,0x8e,0x94,0x94,0x94,0x9c,0x9c,0x9c,0xa3,0xa0,0xa3,0xaa,
0xa7,0xaa,0xb1,0xae,0xb1,0xb9,0xb6,0xb9,0xc0,0xbd,0xc0,0xc7,0xc4,0xc7,0xce,0xcb,
0xce,0xd5,0xd2,0xd5,0xdc,0xd9,0xdc,0xe3,0xe0,0xe3,0xe8,0xe8,0xe8,0x10,0x10,0x10,
0x16,0x16,0x16,0x1d,0x1d,0x1d,0x24,0x24,0x24,0x2b,0x2b,0x2b,0x32,0x32,0x32,0x39,
0x39,0x39,0x40,0x40,0x40,0x48,0x48,0x48,0x4f,0x4f,0x4f,0x55,0x55,0x55,0x5c,0x5c,
0x5c,0x63,0x63,0x63,0x6a,0x6a,0x6a,0x71,0x71,0x71,0x78,0x78,0x78,0x80,0x80,0x80,
0x87,0x87,0x87,0x8e,0x8e,0x8e,0x94,0x94,0x94,0x9c,0x9c,0x9c,0xa3,0xa0,0xa3,0xaa,
0xa7,0xaa,0xb1,0xae,0xb1,0xb9,0xb6,0xb9,0xc0,0xbd,0xc0,0xc7,0xc4,0xc7,0xce,0xcb,
0xce,0xd5,0xd2,0xd5,0xdc,0xd9,0xdc,0xe3,0xe0,0xe3,0xe8,0xe8,0xe8,0x10,0x10,0x10,
0x16,0x16,0x16,0x1d,0x1d,0x1d,0x24,0x24,0x24,0x2b,0x2b,0x2b,0x32,0x32,0x32,0x39,
0x39,0x39,0x40,0x40,0x40,0x48,0x48,0x48,0x4f,0x4f,0x4f,0x55,0x55,0x55,0x5c,0x5c,
0x5c,0x63,0x63,0x63,0x6a,0x6a,0x6a,0x71,0x71,0x71,0x78,0x78,0x78,0x80,0x80,0x80,
0x87,0x87,0x87,0x8e,0x8e,0x8e,0x94,0x94,0x94,0x9c,0x9c,0x9c,0xa3,0xa0,0xa3,0xaa,
0xa7,0xaa,0xb1,0xae,0xb1,0xb9,0xb6,0xb9,0xc0,0xbd,0xc0,0xc7,0xc4,0xc7,0xce,0xcb,
0xce,0xd5,0xd2,0xd5,0xdc,0xd9,0xdc,0xe3,0xe0,0xe3,0xe8,0xe8,0xe8,0x10,0x10,0x10,
0x16,0x16,0x16,0x1d,0x1d,0x1d,0x24,0x24,0x24,0x2b,0x2b,0x2b,0x32,0x32,0x32,0x39,
0x39,0x39,0x40,0x40,0x40,0x48,0x48,0x48,0x4f,0x4f,0x4f,0x55,0x55,0x55,0x5c,0x5c,
0x5c,0x63,0x63,0x63,0x6a,0x6a,0x6a,0x71,0x71,0x71,0x78,0x78,0x78,0x80,0x80,0x80,
0x87,0x87,0x87,0x8e,0x8e,0x8e,0x94,0x94,0x94,0x9c,0x9c,0x9c,0xa3,0xa0,0xa3,0xaa,
0xa7,0xaa,0xb1,0xae,0xb1,0xb9,0xb6,0xb9,0xc0,0xbd,0xc0,0xc7,0xc4,0xc7,0xce,0xcb,
0xce,0xd5,0xd2,0xd5,0xdc,0xd9,0xdc,0xe3,0xe0,0xe3,0xe8,0xe8,0xe8,0x10,0x10,0x10,
0x16,0x16,0x16,0x1d,0x1d,0x1d,0x24,0x24,0x24,0x2b,0x2b,0x2b,0x32,0x32,0x32,0x39,
0x39,0x39,0x40,0x40,0x40,0x48,0x48,0x48,0x4f,0x4f,0x4f,0x55,0x55,0x55,0x5c,0x5c,
0x5c,0x63,0x63,0x63,0x6a,0x6a,0x6a,0x71,0x71,0x71,0x78,0x78,0x78,0x80,0x80,0x80,
0x87,0x87,0x87,0x8e,0x8e,0x8e,0x94,0x94,0x94,0x9c,0x9c,0x9c,0xa3,0xa0,0xa3,0xaa,
0xa7,0xaa,0xb1,0xae,0xb1,0xb9,0xb6,0xb9,0xc0,0xbd,0xc0,0xc7,0xc4,0xc7,0xce,0xcb,
0xce,0xd5,0xd2,0xd5,0xdc,0xd9,0xdc,0xe3,0xe0,0xe3,0xe8,0xe8,0xe8,0x10,0x10,0x10,
0x16,0x16,0x16,0x1d,0x1d,0x1d,0x24,0x24,0x24,0x2b,0x2b,0x2b,0x32,0x32,0x32,0x39,
0x39,0x39,0x40,0x40,0x40,0x48,0x48,0x48,0x4f,0x4f,0x4f,0x55,0x55,0x55,0x5c,0x5c,
0x5c,0x63,0x63,0x63,0x6a,0x6a,0x6a,0x71,0x71,0x71,0x78,0x78,0x78,0x80,0x80,0x80,
0x87,0x87,0x87,0x8e,0x8e,0x8e,0x94,0x94,0x94,0x9c,0x9c,0x9c,0xa3,0xa0,0xa3,0xaa,
0xa7,0xaa,0xb1,0xae,0xb1,0xb9,0xb6,0xb9,0xc0,0xbd,0xc0,0xc7,0xc4,0xc7,0xce,0xcb,
0xce,0xd5,0xd2,0xd5,0xdc,0xd9,0xdc,0xe3,0xe0,0xe3,0xe8,0xe8,0xe8,0x10,0x10,0x10,
0x16,0x16,0x16,0x1d,0x1d,0x1d,0x24,0x24,0x24,0x2b,0x2b,0x2b,0x32,0x32,0x32,0x39,
0x39,0x39,0x40,0x40,0x40,0x48,0x48,0x48,0x4f,0x4f,0x4f,0x55,0x55,0x55,0x5c,0x5c,
0x5c,0x63,0x63,0x63,0x6a,0x6a,0x6a,0x71,0x71,0x71,0x78,0x78,0x78,0x80,0x80,0x80,
0x87,0x87,0x87,0x8e,0x8e,0x8e,0x94,0x94,0x94,0x9c,0x9c,0x9c,0xa3,0xa0,0xa3,0xaa,
0xa7,0xaa,0xb1,0xae,0xb1,0xb9,0xb6,0xb9,0xc0,0xbd,0xc0,0xc7,0xc4,0xc7,0xce,0xcb,
0xce,0xd5,0xd2,0xd5,0xdc,0xd9,0xdc,0xe3,0xe0,0xe3,0xe8,0xe8,0xe8,0x10,0x10,0x10,
0x16,0x16,0x16,0x1d,0x1d,0x1d,0x24,0x24,0x24,0x2b,0x2b,0x2b,0x32,0x32,0x32,0x39,
0x39,0x39,0x40,0x40,0x40,0x48,0x48,0x48,0x4f,0x4f,0x4f,0x55,0x55,0x55,0x5c,0x5c,
0x5c,0x63,0x63,0x63,0x6a,0x6a,0x6a,0x71,0x71,0x71,0x78,0x78,0x78,0x80,0x80,0x80,
0x87,0x87,0x87,0x8e,0x8e,0x8e,0x94,0x94,0x94,0x9c,0x9c,0x9c,0xa3,0xa0,0xa3,0xaa,
0xa7,0xaa,0xb1,0xae,0xb1,0xb9,0xb6,0xb9,0xc0,0xbd,0xc0,0xc7,0xc4,0xc7,0xce,0xcb,
0xce,0xd5,0xd2,0xd5,0xdc,0xd9,0xdc,0xe3,0xe0,0xe3,0xe8,0xe8,0xe8,0x10,0x10,0x10,
0x16,0x16,0x16,0x1d,0x1d,0x1d,0x24,0x24,0x24,0x2b,0x2b,0x2b,0x32,0x32,0x32,0x39,
0x39,0x39,0x40,0x40,0x40,0x48,0x48,0x48,0x4f,0x4f,0x4f,0x55,0x55,0x55,0x5c,0x5c,
0x5c,0x63,0x63,0x63,0x6a,0x6a,0x6a,0x71,0x71,0x71,0x78,0x78,0x78,0x80,0x80,0x80,
0x87,0x87,0x87,0x8e,0x8e,0x8e,0x94,0x94,0x94,0x9c,0x9c,0x9c,0xa3,0xa0,0xa3,0xaa,
0xa7,0xaa,0xb1,0xae,0xb1,0xb9,0xb6,0xb9,0xc0,0xbd,0xc0,0xc7,0xc4,0xc7,0xce,0xcb,
0xce,0xd5,0xd2,0xd5,0xdc,0xd9,0xdc,0xe3,0xe0,0xe3,0xe8,0xe8,0xe8,0x10,0x10,0x10,
0x16,0x16,0x16,0x1d,0x1d,0x1d,0x24,0x24,0x24,0x2b,0x2b,0x2b,0x32,0x32,0x32,0x39,
0x39,0x39,0x40,0x40,0x40,0x48,0x48,0x48,0x4f,0x4f,0x4f,0x55,0x55,0x55,0x5c,0x5c,
0x5c,0x63,0x63,0x63,0x6a,0x6a,0x6a,0x71,0x71,0x71,0x78,0x78,0x78,0x80,0x80,0x80,
0x87,0x87,0x87,0x8e,0x8e,0x8e,0x94,0x94,0x94,0x9c,0x9c,0x9c,0xa3,0xa0,0xa3,0xaa,
0xa7,0xaa,0xb1,0xae,0xb1,0xb9,0xb6,0xb9,0xc0,0xbd,0xc0,0xc7,0xc4,0xc7,0xce,0xcb,
0xce,0xd5,0xd2,0xd5,0xdc,0xd9,0xdc,0xe3,0xe0,0xe3,0xe8,0xe8,0xe8,0x10,0x10,0x10,
0x16,0x16,0x16,0x1d,0x1d,0x1d,0x24,0x24,0x24,0x2b,0x2b,0x2b,0x32,0x32,0x32,0x39,
0x39,0x39,0x40,0x40,0x40,0x48,0x48,0x48,0x4f,0x4f,0x4f,0x55,0x55,0x55,0x5c,0x5c,
0x5c,0x63,0x63,0x63,0x6a,0x6a,0x6a,0x71,0x71,0x71,0x78,0x78,0x78,0x80,0x80,0x80,
0x87,0x87,0x87,0x8e,0x8e,0x8e,0x94,0x94,0x94,0x9c,0x9c,0x9c,0xa3,0xa0,0xa3,0xaa,
0xa7,0xaa,0xb1,0xae,0xb1,0xb9,0xb6,0xb9,0xc0,0xbd,0xc0,0xc7,0xc4,0xc7,0xce,0xcb,
0xce,0xd5,0xd2,0xd5,0xdc,0xd9,0xdc,0xe3,0xe0,0xe3,0xe8,0xe8,0xe8,0x10,0x10,0x10,
0x16,0x16,0x16,0x1d,0x1d,0x1d,0x24,0x24,0x24,0x2b,0x2b,0x2b,0x32,0x32,0x32,0x39,
0x39,0x39,0x40,0x40,0x40,0x48,0x48,0x48,0x4f,0x4f,0x4f,0x55,0x55,0x55,0x5c,0x5c,
0x5c,0x63,0x63,0x63,0x6a,0x6a,0x6a,0x71,0x71,0x71,0x78,0x78,0x78,0x80,0x80,0x80,
0x87,0x87,0x87,0x8e,0x8e,0x8e,0x94,0x94,0x94,0x9c,0x9c,0x9c,0xa3,0xa0,0xa3,0xaa,
0xa7,0xaa,0xb1,0xae,0xb1,0xb9,0xb6,0xb9,0xc0,0xbd,0xc0,0xc7,0xc4,0xc7,0xce,0xcb,
0xce,0xd5,0xd2,0xd5,0xdc,0xd9,0xdc,0xe3,0xe0,0xe3,0xe8,0xe8,0xe8,0x10,0x10,0x10,
0x16,0x16,0x16,0x1d,0x1d,0x1d,0x24,0x24,0x24,0x2b,0x2b,0x2b,0x32,0x32,0x32,0x39,
0x39,0x39,0x40,0x40,0x40,0x48,0x48,0x48,0x4f,0x4f,0x4f,0x55,0x55,0x55,0x5c,0x5c,
0x5c,0x63,0x63,0x63,0x6a,0x6a,0x6a,0x71,0x71,0x71,0x78,0x78,0x78,0x80,0x80,0x80,
0x87,0x87,0x87,0x8e,0x8e,0x8e,0x94,0x94,0x94,0x9c,0x9c,0x9c,0xa3,0xa0,0xa3,0xaa,
0xa7,0xaa,0xb1,0xae,0xb1,0xb9,0xb6,0xb9,0xc0,0xbd,0xc0,0xc7,0xc4,0xc7,0xce,0xcb,
0xce,0xd5,0xd2,0xd5,0xdc,0xd9,0xdc,0xe3,0xe0,0xe3,0xe8,0xe8,0xe8,0x10,0x10,0x10,
0x16,0x16,0x16,0x1d,0x1d,0x1d,0x24,0x24,0x24,0x2b,0x2b,0x2b,0x32,0x32,0x32,0x39,
0x39,0x39,0x40,0x40,0x40,0x48,0x48,0x48,0x4f,0x4f,0x4f,0x55,0x55,0x55,0x5c,0x5c,
0x5c,0x63,0x63,0x63,0x6a,0x6a,0x6a,0x71,0x71,0x71,0x78,0x78,0x78,0x80,0x80,0x80,
0x87,0x87,0x87,0x8e,0x8e,0x8e,0x94,0x94,0x94,0x9c,0x9c,0x9c,0xa3,0xa0,0xa3,0xaa,
0xa7,0xaa,0xb1,0xae,0xb1,0xb9,0xb6,0xb9,0xc0,0xbd,0xc0,0xc7,0xc4,0xc7,0xce,0xcb,
0xce,0xd5,0xd2,0xd5,0xdc,0xd9,0xdc,0xe3,0xe0,0xe3,0xe8,0xe8,0xe8,0x10,0x10,0x10,
0x16,0x16,0x16,0x1d,0x1d,0x1d,0x24,0x24,0x24,0x2b,0x2b,0x2b,0x32,0x32,0x32,0x39,
0x39,0x39,0x40,0x40,0x40,0x48,0x48,0x48,0x4f,0x4f,0x4f,0x55,0x55,0x55,0x5c,0x5c,
0x5c,0x63,0x63,0x63,0x6a,0x6a,0x6a,0x71,0x71,0x71,0x78,0x78,0x78,0x80,0x80,0x80,
0x87,0x87,0x87,0x8e,0x8e,0x8e,0x94,0x94,0x94,0x9c,0x9c,0x9c,0xa3,0xa0,0xa3,0xaa,
0xa7,0xaa,0xb1,0xae,0xb1,0xb9,0xb6,0xb9,0xc0,0xbd,0xc0,0xc7,0xc4,0xc7,0xce,0xcb,
0xce,0xd5,0xd2,0xd5,0xdc,0xd9,0xdc,0xe3,0xe0,0xe3,0xe8,0xe8,0xe8,0x10,0x10,0x10,
0x16,0x16,0x16,0x1d,0x1d,0x1d,0x24,0x24,0x24,0x2b,0x2b,0x2b,0x32,0x32,0x32,0x39,
0x39,0x39,0x40,0x40,0x40,0x48,0x48,0x48,0x4f,0x4f,0x4f,0x55,0x55,0x55,0x5c,0x5c,
0x5c,0x63,0x63,0x63,0x6a,0x6a,0x6a,0x71,0x71,0x71,0x78,0x78,0x78,0x80,0x80,0x80,
0x87,0x87,0x87,0x8e,0x8e,0x8e,0x94,0x94,0x94,0x9c,0x9c,0x9c,0xa3,0xa0,0xa3,0xaa,
0xa7,0xaa,0xb1,0xae,0xb1,0xb9,0xb6,0xb9,0xc0,0xbd,0xc0,0xc7,0xc4,0xc7,0xce,0xcb,
0xce,0xd5,0xd2,0xd5,0xdc,0xd9,0xdc,0xe3,0xe0,0xe3,0xe8,0xe8,0xe8,0x10,0x10,0x10,
0x16,0x16,0x16,0x1d,0x1d,0x1d,0x24,0x24,0x24,0x2b,0x2b,0x2b,0x32,0x32,0x32,0x39,
0x39,0x39,0x40,0x40,0x40,0x48,0x48,0x48,0x4f,0x4f,0x4f,0x55,0x55,0x55,0x5c,0x5c,
0x5c,0x63,0x63,0x63,0x6a,0x6a,0x6a,0x71,0x71,0x71,0x78,0x78,0x78,0x80,0x80,0x80,
0x87,0x87,0x87,0x8e,0x8e,0x8e,0x94,0x94,0x94,0x9c,0x9c,0x9c,0xa3,0xa0,0xa3,0xaa,
0xa7,0xaa,0xb1,0xae,0xb1,0xb9,0xb6,0xb9,0xc0,0xbd,0xc0,0xc7,0xc4,0xc7,0xce,0xcb,
0xce,0xd5,0xd2,0xd5,0xdc,0xd9,0xdc,0xe3,0xe0,0xe3,0xe8,0xe8,0xe8,0x10,0x10,0x10,
0x16,0x16,0x16,0x1d,0x1d,0x1d,0x24,0x24,0x24,0x2b,0x2b,0x2b,0x32,0x32,0x32,0x39,
0x39,0x39,0x40,0x40,0x40,0x48,0x48,0x48,0x4f,0x4f,0x4f,0x55,0x55,0x55,0x5c,0x5c,
0x5c,0x63,0x63,0x63,0x6a,0x6a,0x6a,0x71,0x71,0x71,0x78,0x78,0x78,0x80,0x80,0x80,
0x87,0x87,0x87,0x8e,0x8e,0x8e,0x94,0x94,0x94,0x9c,0x9c,0x9c,0xa3,0xa0,0xa3,0xaa,
0xa7,0xaa,0xb1,0xae,0xb1,0xb9,0xb6,0xb9,0xc0,0xbd,0xc0,0xc7,0xc4,0xc7,0xce,0xcb,
0xce,0xd5,0xd2,0xd5,0xdc,0xd9,0xdc,0xe3,0xe0,0xe3,0xe8,0xe8,0xe8,0x10,0x10,0x10,
0x16,0x16,0x16,0x1d,0x1d,0x1d,0x24,0x24,0x24,0x2b,0x2b,0x2b,0x32,0x32,0x32,0x39,
0x39,0x39,0x40,0x40,0x40,0x48,0x48,0x48,0x4f,0x4f,0x4f,0x55,0x55,0x55,0x5c,0x5c,
0x5c,0x63,0x63,0x63,0x6a,0x6a,0x6a,0x71,0x71,0x71,0x78,0x78,0x78,0x80,0x80,0x80,
0x87,0x87,0x87,0x8e,0x8e,0x8e,0x94,0x94,0x94,0x9c,0x9c,0x9c,0xa3,0xa0,0xa3,0xaa,
0xa7,0xaa,0xb1,0xae,0xb1,0xb9,0xb6,0xb9,0xc0,0xbd,0xc0,0xc7,0xc4,0xc7,0xce,0xcb,
0xce,0xd5,0xd2,0xd5,0xdc,0xd9,0xdc,0xe3,0xe0,0xe3,0xe8,0xe8,0xe8,0x10,0x10,0x10,
0x16,0x16,0x16,0x1d,0x1d,0x1d,0x24,0x24,0x24,0x2b,0x2b,0x2b,0x32,0x32,0x32,0x39,
0x39,0x39,0x40,0x40,0x40,0x48,0x48,0x48,0x4f,0x4f,0x4f,0x55,0x55,0x55,0x5c,0x5c,
0x5c,0x63,0x63,0x63,0x6a,0x6a,0x6a,0x71,0x71,0x71,0x78,0x78,0x78,0x80,0x80,0x80,
0x87,0x87,0x87,0x8e,0x8e,0x8e,0x94,0x94,0x94,0x9c,0x9c,0x9c,0xa3,0xa0,0xa3,0xaa,
0xa7,0xaa,0xb1,0xae,0xb1,0xb9,0xb6,0xb9,0xc0,0xbd,0xc0,0xc7,0xc4,0xc7,0xce,0xcb,
0xce,0xd5,0xd2,0xd5,0xdc,0xd9,0xdc,0xe3,0xe0,0xe3,0xe8,0xe8,0xe8,0x10,0x10,0x10,
0x0e,0xea,0xea,0x0e,0xea,0xea,0x0e,0xea,0xea,0x0e,0xea,0xea,0x0e,0xea,0xea,0x0e,
0xea,0xea,0x0e,0xea,0xea,0x0e,0xea,0xea,0x0e,0xea,0xea,0x0e,0xea,0xea,0x0e,0xea,
0xea,0x0e,0xea,0xea,0x0e,0xea,0xea,0x0e,0xea,0xea,0x0e,0xea,0xea,0x0e,0xea,0xea,
0x0e,0xea,0xea,0x0e,0xea,0xea,0x0e,0xea,0xea,0x0e,0xea,0xea,0x0e,0xea,0xea,0x0e,
0xea,0xea,0x0e,0xea,0xea,0x0e,0xea,0xea,0x0e,0xea,0xea,0x0e,0xea,0xea,0x0e,0xea,
0xea,0x0e,0xea,0xea,0x0e,0xea,0xea,0x0e,0xea,0xea,0x0e,0xea,0xea,0x0e,0xea,0xea,
0x0e,0xea,0xea,0x0e,0xea,0xea,0x0e,0xea,0xea,0x0e,0xea,0xea,0x0e,0xea,0xea,0x0e,
0xea,0xea,0x0e,0xea,0xea,0x0e,0xea,0xea,0x0e,0xea,0xea,0x0e,0xea,0xea,0x0e,0xea,
0xea,0x0e,0xea,0xea,0x0e,0xea,0xea,0x0e,0xea,0xea,0x0e,0xea,0xea,0x0e,0xea,0xea,
0x0e,0xea,0xea,0x0e,0xea,0xea,0x0e,0xea,0xea,0x0e,0xea,0xea,0x0e,0xea,0xea,0x0e,
0xea,0xea,0x0e,0xea,0xea,0x0e,0xea,0xea,0x0e,0xea,0xea,0x0e,0xea,0xea,0x0e,0xea,
0xea,0x0e,0xea,0xea,0x0e,0xea,0xea,0x0e,0xea,0xea,0x0e,0xea,0xea,0x0e,0xea,0xea,
0x0e,0xea,0xea,0x0e,0xea,0xea,0x0e,0xea,0xea,0x0e,0xea,0xea,0x0e,0xea,0xea,0x0e,
0xea,0xea,0x0e,0xea,0xea,0x0e,0xea,0xea,0x0e,0xea,0xea,0x0e,0xea,0xea,0x0e,0xea,
0xea,0x0e,0xea,0xea,0x0e,0xea,0xea,0x0e,0xea,0xea,0x0e,0xea,0xea,0x0e,0xea,0xea,
0x0e,0xea,0xea,0x0e,0xea,0xea,0x0e,0xea,0xea,0x0e,0xea,0xea,0x0e,0xea,0xea,0x0e,
0xea,0xea,0x0e,0xea,0xea,0x0e,0xea,0xea,0x0e,0xea,0xea,0x0e,0xea,0xea,0x0e,0xea,
0xea,0x0e,0xea,0xea,0x0e,0xea,0xea,0x0e,0xea,0xea,0x0e,0xea,0xea,0x0e,0xea,0xea,
0x0e,0xea,0xea,0x0e,0xea,0xea,0x0e,0xea,0xea,0x0e,0xea,0xea,0x0e,0xea,0xea,0x0e,
0xea,0xea,0x0e,0xea,0xea,0x0e,0xea,0xea,0x0e,0xea,0xea,0x0e,0xea,0xea,0x0e,0xea,
0xea,0x0e,0xea,0xea,0x0e,0xea,0xea,0x0e,0xea,0xea,0x0e,0xea,0xea,0x0e,0xea,0xea,
0x0e,0xea,0xea,0x0e,0xea,0xea,0x0e,0xea,0xea,0x0e,0xea,0xea,0x0e,0xea,0xea,0x0e,
0xea,0xea,0x0e,0xea,0xea,0x0e,0xea,0xea,0x0e,0xea,0xea,0x0e,0xea,0xea,0x0e,0xea,
0xea,0x0e,0xea,0xea,0x0e,0xea,0xea,0x0e,0xea,0xea,0x0e,0xea,0xea,0x0e,0xea,0xea,
0x0e,0xea,0xea,0x0e,0xea,0xea,0x0e,0xea,0xea,0x0e,0xea,0xea,0x0e,0xea,0xea,0x0e,
0xea,0xea,0x0e,0xea,0xea,0x0e,0xea,0xea,0x0e,0xea,0xea,0x0e,0xea,0xea,0x0e,0xea,
0xea,0x0e,0xea,0xea,0x0e,0xea,0xea,0x0e,0xea,0xea,0x0e,0xea,0xea,0x0e,0xea,0xea,
0x0e,0xea,0xea,0x0e,0xea,0xea,0x0e,0xea,0xea,0x0e,0xea,0xea,0x0e,0xea,0xea,0x0e,
0xea,0xea,0x0e,0xea,0xea,0x0e,0xea,0xea,0x0e,0xea,0xea,0x0e,0xea,0xea,0x0e,0xea,
0xea,0x0e,0xea,0xea,0x0e,0xea,0xea,0x0e,0xea,0xea,0x0e,0xea,0xea,0x0e,0xea,0xea,
0x0e,0xea,0xea,0x0e,0xea,0xea,0x0e,0xea,0xea,0x0e,0xea,0xea,0x0e,0xea,0xea,0x0e,
0xea,0xea,0x0e,0xea,0xea,0x0e,0xea,0xea,0x0e,0xea,0xea,0x0e,0xea,0xea,0x0e,0xea,
0xea,0x0e,0xea,0xea,0x0e,0xea,0xea,0x0e,0xea,0xea,0x0e,0xea,0xea,0x0e,0xea,0xea,
0x0e,0xea,0xea,0x0e,0xea,0xea,0x0e,0xea,0xea,0x0e,0xea,0xea,0x0e,0xea,0xea,0x0e,
0xea,0xea,0x0e,0xea,0xea,0x0e,0xea,0xea,0x0e,0xea,0xea,0x0e,0xea,0xea,0x0e,0xea,
0xea,0x0e,0xea,0xea,0x0e,0xea,0xea,0x0e,0xea,0xea,0x0e,0xea,0xea,0x0e,0xea,0xea,
0x0e,0xea,0xea,0x0e,0xea,0xea,0x0e,0xea,0xea,0x0e,0xea,0xea,0x0e,0xea,0xea,0x0e,
0xea,0xea,0x0e,0xea,0xea,0x0e,0xea,0xea,0x0e,0xea,0xea,0x0e,0xea,0xea,0x0e,0xea,
0xea,0x0e,0xea,0xea,0x0e,0xea,0xea,0x0e,0xea,0xea,0x0e,0xea,0xea,0x0e,0xea,0xea,
0x0e,0xea,0xea,0x0e,0xea,0xea,0x0e,0xea,0xea,0x0e,0xea,0xea,0x0e,0xea,0xea,0x0e,
0xea,0xea,0x0e,0xea,0xea,0x0e,0xea,0xea,0x0e,0xea,0xea,0x0e,0xea,0xea,0x0e,0xea,
0xea,0x0e,0xea,0xea,0x0e,0xea,0xea,0x0e,0xea,0xea,0x0e,0xea,0xea,0x0e,0xea,0xea,
0x0e,0xea,0xea,0x0e,0xea,0xea,0x0e,0xea,0xea,0x0e,0xea,0xea,0x0e,0xea,0xea,0x0e,
0xea,0xea,0x0e,0xea,0xea,0x0e,0xea,0xea,0x0e,0xea,0xea,0x0e,0xea,0xea,0x0e,0xea,
0xea,0x0e,0xea,0xea,0x0e,0xea,0xea,0x0e,0xea,0xea,0x0e,0xea,0xea,0x0e,0xea,0xea,
0x0e,0xea,0xea,0x0e,0xea,0xea,0x0e,0xea,0xea,0x0e,0xea,0xea,0x0e,0xea,0xea,0x0e,
0xea,0xea,0x0e,0xea,0xea,0x0e,0xea,0xea,0x0e,0xea,0xea,0x0e,0xea,0xea,0x0e,0xea,
0xea,0x0e,0xea,0xea,0x0e,0xea,0xea,0x0e,0xea,0xea,0x0e,0xea,0xea,0x0e,0xea,0xea,
};

